building_id,site_id,building_name,building_type,year_built,floor_area_sqm,num_floors,condition_rating,last_assessed_date
1,1,Science Block,CLASSROOM,1997,379,1,FAIR,2024-03-25
2,1,Administration Building,ADMIN,1956,444,2,POOR,2023-07-15
3,1,Sports Amenities,TOILET_BLOCK,1987,146,1,FAIR,2022-06-19
4,2,Junior Block,CLASSROOM,1982,387,1,FAIR,2024-05-17
5,2,Administration Building,ADMIN,2012,670,1,POOR,2023-02-10
6,2,Staff Facilities,TOILET_BLOCK,1975,100,1,POOR,2024-10-13
7,2,Changing Rooms,SPORTS_PAVILION,2006,619,1,FAIR,2020-12-16
8,2,Sports Hall,GYM,1953,459,1,FAIR,2024-07-18
9,2,Sports Store,STORAGE,1976,97,1,GOOD,2024-06-17
10,3,Senior Block,CLASSROOM,2018,377,1,FAIR,2024-02-07
11,3,Administration Building,ADMIN,1972,625,2,POOR,2024-02-24
12,3,Senior Toilets,TOILET_BLOCK,2015,266,1,FAIR,2023-02-20
13,3,Equipment Store,STORAGE,2010,35,1,GOOD,2023-12-05
14,3,Performing Arts Centre,HALL,2006,548,1,POOR,2023-06-23
15,3,Sports Pavilion,SPORTS_PAVILION,1983,429,1,GOOD,2022-10-20
16,3,School Library,LIBRARY,1958,379,2,FAIR,2024-03-19
17,3,Wood Workshop,WORKSHOP,1955,623,2,FAIR,2023-02-16
18,3,Main Gymnasium,GYM,1990,646,1,GOOD,2021-09-17
19,4,Block C,CLASSROOM,1970,356,2,GOOD,2024-03-16
20,4,Staff Block,ADMIN,1954,691,1,GOOD,2022-02-20
21,4,Staff Facilities,TOILET_BLOCK,1959,467,1,POOR,2024-11-27
22,4,Sports Pavilion,SPORTS_PAVILION,1979,354,1,POOR,2021-08-01
23,5,Arts Block,CLASSROOM,1986,753,1,FAIR,2022-06-11
24,5,Main Office,ADMIN,1962,335,1,FAIR,2021-06-26
25,5,Staff Facilities,TOILET_BLOCK,1976,769,1,GOOD,2020-06-06
26,5,Sports Hall,GYM,2020,324,2,FAIR,2022-04-03
27,5,Cricket Pavilion,SPORTS_PAVILION,2005,776,1,POOR,2021-04-15
28,5,Performing Arts Centre,HALL,2007,387,2,GOOD,2021-05-05
29,5,Metal Workshop,WORKSHOP,2015,145,1,GOOD,2023-07-22
30,5,Grounds Shed,STORAGE,2009,66,1,GOOD,2022-04-13
31,6,Science Block,CLASSROOM,1998,374,1,FAIR,2023-02-03
32,6,Administration Building,ADMIN,1997,521,1,FAIR,2023-11-17
33,6,Junior Toilets,TOILET_BLOCK,1963,420,1,GOOD,2023-04-04
34,6,Equipment Store,STORAGE,1999,28,1,FAIR,2023-11-29
35,6,Main Gymnasium,GYM,1971,743,2,GOOD,2022-11-11
36,7,Science Block,CLASSROOM,1954,112,1,FAIR,2022-05-25
37,7,Main Office,ADMIN,2018,170,2,FAIR,2023-12-24
38,7,Senior Toilets,TOILET_BLOCK,2019,298,1,FAIR,2024-03-09
39,7,Sports Hall,GYM,1970,66,1,POOR,2024-01-27
40,7,Learning Centre,LIBRARY,1960,276,2,GOOD,2023-04-13
41,7,Wood Workshop,WORKSHOP,1958,260,1,FAIR,2023-04-01
42,7,Changing Rooms,SPORTS_PAVILION,2006,290,1,POOR,2020-07-12
43,8,Technology Block,CLASSROOM,2020,287,1,GOOD,2024-09-11
44,8,Main Office,ADMIN,1987,729,1,POOR,2020-11-21
45,8,Junior Toilets,TOILET_BLOCK,1988,83,1,FAIR,2024-10-10
46,8,Changing Rooms,SPORTS_PAVILION,1961,718,1,FAIR,2024-03-02
47,8,Maintenance Shed,STORAGE,1966,91,1,FAIR,2022-04-25
48,8,Main Gymnasium,GYM,1951,629,1,GOOD,2023-04-05
49,8,Performing Arts Centre,HALL,1956,602,2,GOOD,2020-01-10
50,8,Food Technology,WORKSHOP,2019,230,1,POOR,2020-08-08
51,9,Block D,CLASSROOM,2022,633,1,FAIR,2024-10-15
52,9,Main Office,ADMIN,1960,750,1,GOOD,2021-05-17
53,9,Junior Toilets,TOILET_BLOCK,1951,558,1,GOOD,2021-06-17
54,9,School Hall,HALL,2017,570,2,GOOD,2022-11-12
55,9,Food Technology,WORKSHOP,2008,68,2,FAIR,2024-01-26
56,9,Main Gymnasium,GYM,1981,142,2,GOOD,2024-07-27
57,9,Changing Rooms,SPORTS_PAVILION,1971,149,1,FAIR,2022-05-29
58,9,School Library,LIBRARY,2019,440,1,POOR,2022-06-17
59,10,Junior Block,CLASSROOM,1990,161,2,GOOD,2023-07-25
60,10,Administration Building,ADMIN,2004,364,1,FAIR,2024-10-05
61,10,Junior Toilets,TOILET_BLOCK,2018,603,1,FAIR,2023-12-18
62,11,Technology Block,CLASSROOM,1951,547,1,POOR,2021-03-26
63,11,Staff Block,ADMIN,1983,224,1,FAIR,2022-08-13
64,11,Sports Amenities,TOILET_BLOCK,2013,615,1,FAIR,2022-12-21
65,11,Equipment Store,STORAGE,1977,94,1,FAIR,2022-02-05
66,12,Technology Block,CLASSROOM,2020,128,2,FAIR,2020-04-29
67,12,Main Office,ADMIN,1960,194,2,GOOD,2024-07-20
68,12,Junior Toilets,TOILET_BLOCK,2016,740,1,GOOD,2020-10-07
69,12,Assembly Hall,HALL,1992,165,1,GOOD,2020-07-26
70,12,Changing Rooms,SPORTS_PAVILION,1954,196,1,GOOD,2020-11-10
71,12,Metal Workshop,WORKSHOP,1993,436,2,GOOD,2024-01-30
72,12,School Library,LIBRARY,2021,428,2,POOR,2024-04-24
73,12,Sports Hall,GYM,1953,419,1,GOOD,2021-02-14
74,13,Block B,CLASSROOM,1956,675,1,POOR,2020-04-03
75,13,Staff Block,ADMIN,1957,677,2,POOR,2021-03-07
76,13,Sports Amenities,TOILET_BLOCK,1973,651,1,POOR,2023-02-04
77,13,Sports Store,STORAGE,1994,82,1,GOOD,2024-01-26
78,13,Wood Workshop,WORKSHOP,1973,435,2,FAIR,2024-03-23
79,13,Performing Arts Centre,HALL,1978,564,2,GOOD,2020-04-20
80,13,School Library,LIBRARY,1981,408,1,GOOD,2022-01-20
81,13,Sports Pavilion,SPORTS_PAVILION,1976,428,1,GOOD,2021-10-21
82,13,Sports Hall,GYM,1977,187,2,GOOD,2023-11-27
83,14,Block E,CLASSROOM,1997,201,2,FAIR,2023-10-11
84,14,Main Office,ADMIN,1955,266,1,GOOD,2023-08-15
85,14,Staff Facilities,TOILET_BLOCK,2000,427,1,GOOD,2024-03-29
86,14,Resource Centre,LIBRARY,1994,527,1,FAIR,2022-11-11
87,14,Technology Workshop,WORKSHOP,1988,751,2,CRITICAL,2020-09-04
88,14,Equipment Store,STORAGE,2008,52,1,POOR,2022-12-04
89,14,Changing Rooms,SPORTS_PAVILION,2008,748,1,GOOD,2024-08-29
90,14,Performing Arts Centre,HALL,1993,87,1,FAIR,2020-10-28
91,15,Arts Block,CLASSROOM,2008,438,1,FAIR,2020-09-07
92,15,Staff Block,ADMIN,2011,139,2,GOOD,2020-07-29
93,15,Senior Toilets,TOILET_BLOCK,1998,596,1,POOR,2022-01-23
94,15,Main Gymnasium,GYM,1998,597,1,POOR,2024-01-10
95,15,Performing Arts Centre,HALL,1996,252,2,GOOD,2021-10-17
96,15,School Library,LIBRARY,1961,770,1,POOR,2022-09-26
97,15,Sports Pavilion,SPORTS_PAVILION,2003,337,1,FAIR,2020-11-12
98,15,Wood Workshop,WORKSHOP,2019,752,1,FAIR,2023-11-05
99,16,Technology Block,CLASSROOM,2014,527,1,FAIR,2020-08-07
100,16,Administration Building,ADMIN,2000,458,1,FAIR,2023-07-24
101,16,Sports Amenities,TOILET_BLOCK,1981,271,1,FAIR,2021-07-21
102,16,Metal Workshop,WORKSHOP,1950,276,2,POOR,2024-07-11
103,16,Sports Hall,GYM,1958,343,2,POOR,2023-05-17
104,16,School Library,LIBRARY,2006,677,1,CRITICAL,2020-07-10
105,16,Equipment Store,STORAGE,1998,30,1,GOOD,2023-03-16
106,16,Changing Rooms,SPORTS_PAVILION,2015,697,1,GOOD,2020-02-22
107,17,Block A,CLASSROOM,1950,167,1,FAIR,2024-10-30
108,17,Staff Block,ADMIN,2020,228,1,GOOD,2024-03-08
109,17,Staff Facilities,TOILET_BLOCK,2008,776,1,POOR,2024-07-28
110,17,Changing Rooms,SPORTS_PAVILION,2000,664,1,GOOD,2024-02-17
111,17,School Hall,HALL,1964,135,1,FAIR,2022-08-29
112,17,Wood Workshop,WORKSHOP,1990,522,1,GOOD,2024-03-12
113,17,Resource Centre,LIBRARY,2003,89,1,GOOD,2020-06-28
114,17,Sports Store,STORAGE,1988,98,1,FAIR,2022-07-05
115,17,Main Gymnasium,GYM,1955,512,1,POOR,2020-03-17
116,17,Block E,CLASSROOM,2001,358,1,GOOD,2023-10-18
117,18,Block D,CLASSROOM,2021,493,1,POOR,2021-04-03
118,18,Main Office,ADMIN,2013,479,1,POOR,2020-09-18
119,18,Staff Facilities,TOILET_BLOCK,1971,363,1,FAIR,2022-11-06
120,19,Junior Block,CLASSROOM,2000,353,2,GOOD,2022-05-03
121,19,Staff Block,ADMIN,1959,760,1,GOOD,2023-01-11
122,19,Senior Toilets,TOILET_BLOCK,2007,508,1,FAIR,2024-10-14
123,19,Grounds Shed,STORAGE,1961,52,1,GOOD,2024-09-04
124,19,Sports Pavilion,SPORTS_PAVILION,1993,287,1,GOOD,2021-06-21
125,19,School Hall,HALL,1984,405,1,FAIR,2021-02-10
126,20,Block D,CLASSROOM,1990,197,1,FAIR,2022-08-05
127,20,Main Office,ADMIN,2020,434,2,POOR,2023-08-19
128,20,Junior Toilets,TOILET_BLOCK,2017,687,1,FAIR,2022-06-25
129,20,School Library,LIBRARY,2008,234,1,POOR,2021-11-22
130,20,Grounds Shed,STORAGE,1953,29,1,GOOD,2024-04-12
131,20,Fitness Centre,GYM,2009,91,1,GOOD,2021-05-20
132,20,School Hall,HALL,1962,598,1,FAIR,2024-06-13
133,20,Cricket Pavilion,SPORTS_PAVILION,1981,670,1,POOR,2022-01-17
134,20,Metal Workshop,WORKSHOP,2001,165,1,GOOD,2022-12-17
135,21,Block B,CLASSROOM,2001,614,1,FAIR,2021-08-23
136,21,Administration Building,ADMIN,1999,206,2,GOOD,2022-08-03
137,21,Staff Facilities,TOILET_BLOCK,1962,363,1,CRITICAL,2024-02-14
138,21,Changing Rooms,SPORTS_PAVILION,1990,200,1,CRITICAL,2024-02-19
139,21,Sports Store,STORAGE,1960,60,1,GOOD,2022-03-17
140,21,Main Gymnasium,GYM,1955,676,2,FAIR,2022-05-13
141,21,Learning Centre,LIBRARY,2017,163,1,POOR,2020-11-21
142,21,Food Technology,WORKSHOP,1953,524,1,GOOD,2020-12-15
143,21,School Hall,HALL,2022,489,2,GOOD,2022-06-06
144,21,Block C,CLASSROOM,1967,680,2,FAIR,2022-09-28
145,22,Senior Block,CLASSROOM,2007,622,2,GOOD,2020-04-14
146,22,Staff Block,ADMIN,1989,710,1,POOR,2021-08-18
147,22,Senior Toilets,TOILET_BLOCK,1988,626,1,POOR,2021-10-27
148,22,School Hall,HALL,1981,732,1,POOR,2022-11-22
149,23,Block B,CLASSROOM,1951,348,2,FAIR,2024-07-09
150,23,Main Office,ADMIN,1962,56,1,GOOD,2021-04-11
151,23,Junior Toilets,TOILET_BLOCK,1994,745,1,FAIR,2022-01-26
152,23,School Library,LIBRARY,1960,498,2,GOOD,2020-01-14
153,23,Assembly Hall,HALL,2001,444,2,CRITICAL,2023-12-15
154,23,Sports Pavilion,SPORTS_PAVILION,2014,408,1,POOR,2023-03-17
155,24,Science Block,CLASSROOM,2009,380,2,FAIR,2022-09-22
156,24,Main Office,ADMIN,2020,130,2,GOOD,2024-01-18
157,24,Staff Facilities,TOILET_BLOCK,2020,612,1,GOOD,2020-01-09
158,24,School Library,LIBRARY,1971,80,2,FAIR,2023-10-31
159,24,Changing Rooms,SPORTS_PAVILION,2021,694,1,CRITICAL,2022-04-16
160,24,Main Gymnasium,GYM,1980,105,2,GOOD,2021-02-03
161,24,Wood Workshop,WORKSHOP,1989,651,1,POOR,2024-07-22
162,24,Assembly Hall,HALL,1952,91,1,GOOD,2021-10-26
163,24,Equipment Store,STORAGE,2018,74,1,FAIR,2023-03-28
164,24,Science Block,CLASSROOM,1950,699,2,POOR,2023-08-23
165,24,Block D,CLASSROOM,1953,730,1,FAIR,2021-02-24
166,24,Technology Block,CLASSROOM,1982,53,2,FAIR,2022-07-15
167,25,Junior Block,CLASSROOM,1975,634,2,GOOD,2023-07-01
168,25,Main Office,ADMIN,1982,347,1,POOR,2021-05-09
169,25,Sports Amenities,TOILET_BLOCK,1963,559,1,GOOD,2020-06-01
170,25,Grounds Shed,STORAGE,2002,53,1,CRITICAL,2023-12-24
171,25,School Hall,HALL,1971,631,1,GOOD,2020-08-02
172,25,Sports Hall,GYM,1963,798,2,FAIR,2023-06-15
173,25,School Library,LIBRARY,1978,421,2,FAIR,2021-09-11
174,25,Cricket Pavilion,SPORTS_PAVILION,1957,324,1,GOOD,2021-09-23
175,25,Technology Workshop,WORKSHOP,1990,63,1,FAIR,2022-03-26
176,25,Technology Block,CLASSROOM,1975,387,1,CRITICAL,2024-09-28
177,26,Arts Block,CLASSROOM,1972,447,2,FAIR,2023-08-29
178,26,Main Office,ADMIN,1997,68,1,GOOD,2021-06-23
179,26,Senior Toilets,TOILET_BLOCK,1962,166,1,POOR,2020-01-03
180,26,Assembly Hall,HALL,1954,471,1,POOR,2023-11-26
181,26,Wood Workshop,WORKSHOP,1982,695,1,CRITICAL,2022-11-26
182,26,Sports Store,STORAGE,1968,85,1,POOR,2021-04-25
183,26,Fitness Centre,GYM,1984,188,1,GOOD,2022-10-08
184,26,Learning Centre,LIBRARY,1997,289,2,FAIR,2024-08-09
185,26,Sports Pavilion,SPORTS_PAVILION,1960,76,1,CRITICAL,2023-08-23
186,26,Block B,CLASSROOM,1971,80,1,GOOD,2021-03-18
187,26,Arts Block,CLASSROOM,1983,247,2,GOOD,2020-03-26
188,27,Arts Block,CLASSROOM,1972,417,1,FAIR,2020-09-29
189,27,Administration Building,ADMIN,1971,134,1,GOOD,2024-04-01
190,27,Junior Toilets,TOILET_BLOCK,1987,256,1,GOOD,2022-05-31
191,27,Sports Hall,GYM,1981,463,2,POOR,2022-08-11
192,27,Cricket Pavilion,SPORTS_PAVILION,1966,291,1,GOOD,2024-07-03
193,27,School Hall,HALL,2013,562,1,GOOD,2021-02-14
194,27,Equipment Store,STORAGE,2017,58,1,FAIR,2020-03-28
195,27,Resource Centre,LIBRARY,2001,193,1,GOOD,2021-07-28
196,28,Science Block,CLASSROOM,1995,406,1,FAIR,2021-02-19
197,28,Main Office,ADMIN,2000,687,1,POOR,2020-01-09
198,28,Staff Facilities,TOILET_BLOCK,1995,393,1,POOR,2020-10-19
199,28,Performing Arts Centre,HALL,2012,268,1,POOR,2022-09-29
200,28,Metal Workshop,WORKSHOP,2020,502,2,GOOD,2024-11-07
201,28,Changing Rooms,SPORTS_PAVILION,2009,161,1,POOR,2021-07-27
202,28,Equipment Store,STORAGE,1993,43,1,FAIR,2021-01-24
203,28,Sports Hall,GYM,1973,667,1,GOOD,2023-08-17
204,29,Block D,CLASSROOM,1959,717,1,GOOD,2022-12-04
205,29,Staff Block,ADMIN,1960,552,2,GOOD,2023-11-30
206,29,Staff Facilities,TOILET_BLOCK,1958,793,1,GOOD,2024-07-21
207,29,Technology Workshop,WORKSHOP,1990,794,2,GOOD,2022-11-18
208,29,Learning Centre,LIBRARY,2015,118,2,FAIR,2020-10-24
209,29,Sports Hall,GYM,1963,254,2,FAIR,2020-03-31
210,29,Assembly Hall,HALL,1971,307,2,POOR,2020-12-07
211,29,Cricket Pavilion,SPORTS_PAVILION,1953,496,1,GOOD,2024-03-05
212,29,Maintenance Shed,STORAGE,2011,40,1,FAIR,2020-11-29
213,30,Arts Block,CLASSROOM,1960,364,2,GOOD,2022-07-15
214,30,Administration Building,ADMIN,2008,318,2,FAIR,2024-08-18
215,30,Junior Toilets,TOILET_BLOCK,2006,717,1,GOOD,2020-10-15
216,30,Changing Rooms,SPORTS_PAVILION,1984,162,1,CRITICAL,2021-04-22
217,30,School Library,LIBRARY,1999,199,2,POOR,2024-03-26
218,30,Main Gymnasium,GYM,1965,306,1,FAIR,2023-03-05
219,30,Performing Arts Centre,HALL,1997,334,1,FAIR,2022-07-19
220,30,Wood Workshop,WORKSHOP,2003,450,2,FAIR,2022-03-10
221,30,Equipment Store,STORAGE,2006,92,1,POOR,2024-03-30
222,30,Science Block,CLASSROOM,1986,124,1,FAIR,2021-01-02
223,31,Science Block,CLASSROOM,2017,715,2,GOOD,2021-12-11
224,31,Main Office,ADMIN,1994,478,2,FAIR,2020-01-19
225,31,Staff Facilities,TOILET_BLOCK,1992,751,1,FAIR,2020-05-01
226,31,School Library,LIBRARY,1974,332,1,GOOD,2021-12-10
227,31,Main Gymnasium,GYM,1961,280,2,GOOD,2020-02-12
228,31,Changing Rooms,SPORTS_PAVILION,2003,232,1,GOOD,2022-05-01
229,32,Block E,CLASSROOM,1983,244,1,FAIR,2020-03-22
230,32,Administration Building,ADMIN,2020,233,2,FAIR,2024-05-09
231,32,Junior Toilets,TOILET_BLOCK,1967,239,1,GOOD,2021-07-16
232,32,Food Technology,WORKSHOP,1972,707,2,CRITICAL,2024-06-10
233,32,School Hall,HALL,2021,316,2,GOOD,2022-01-08
234,32,Cricket Pavilion,SPORTS_PAVILION,2018,278,1,FAIR,2022-02-04
235,32,Main Gymnasium,GYM,2009,684,2,FAIR,2023-01-15
236,32,Sports Store,STORAGE,1962,26,1,GOOD,2021-03-31
237,32,School Library,LIBRARY,2012,331,2,FAIR,2023-08-24
238,32,Block C,CLASSROOM,2011,328,2,POOR,2021-12-29
239,32,Block A,CLASSROOM,2006,82,1,POOR,2022-01-05
240,35,Senior Block,CLASSROOM,1980,96,1,GOOD,2024-05-01
241,35,Staff Block,ADMIN,1959,688,2,GOOD,2024-04-23
242,35,Staff Facilities,TOILET_BLOCK,1988,589,1,GOOD,2021-03-23
243,35,Grounds Shed,STORAGE,1961,22,1,POOR,2024-08-19
244,35,Cricket Pavilion,SPORTS_PAVILION,2006,296,1,FAIR,2022-07-20
245,35,Metal Workshop,WORKSHOP,1988,344,2,FAIR,2021-10-12
246,35,Main Gymnasium,GYM,1976,144,1,FAIR,2024-09-10
247,35,Performing Arts Centre,HALL,2019,160,1,FAIR,2024-09-23
248,36,Senior Block,CLASSROOM,1955,398,2,FAIR,2021-12-21
249,36,Main Office,ADMIN,1963,679,2,POOR,2024-01-10
250,36,Staff Facilities,TOILET_BLOCK,1977,401,1,GOOD,2024-01-31
251,36,Resource Centre,LIBRARY,1999,306,2,GOOD,2020-03-31
252,36,Assembly Hall,HALL,2007,543,2,POOR,2023-02-21
253,36,Maintenance Shed,STORAGE,2010,36,1,POOR,2022-08-13
254,36,Metal Workshop,WORKSHOP,1970,529,2,CRITICAL,2020-01-05
255,36,Cricket Pavilion,SPORTS_PAVILION,1970,708,1,FAIR,2020-04-21
256,36,Fitness Centre,GYM,1959,375,1,FAIR,2022-06-13
257,37,Junior Block,CLASSROOM,1955,404,2,GOOD,2024-09-06
258,37,Main Office,ADMIN,1962,118,2,POOR,2022-11-16
259,37,Junior Toilets,TOILET_BLOCK,2022,387,1,POOR,2023-09-05
260,37,Performing Arts Centre,HALL,1970,793,1,FAIR,2022-08-14
261,37,Cricket Pavilion,SPORTS_PAVILION,1972,320,1,GOOD,2024-09-01
262,37,Fitness Centre,GYM,2003,345,1,FAIR,2020-09-26
263,37,Resource Centre,LIBRARY,1993,431,2,FAIR,2024-06-20
264,37,Technology Workshop,WORKSHOP,1997,352,1,FAIR,2022-04-15
265,37,Grounds Shed,STORAGE,1968,30,1,GOOD,2021-08-07
266,38,Science Block,CLASSROOM,2018,695,2,FAIR,2021-03-20
267,38,Administration Building,ADMIN,1959,703,1,GOOD,2021-05-19
268,38,Senior Toilets,TOILET_BLOCK,1970,556,1,POOR,2023-08-27
269,38,Technology Workshop,WORKSHOP,2020,456,2,CRITICAL,2023-06-16
270,38,Sports Pavilion,SPORTS_PAVILION,1994,609,1,FAIR,2021-04-04
271,38,Assembly Hall,HALL,1973,588,2,GOOD,2022-03-03
272,38,Resource Centre,LIBRARY,1989,67,2,POOR,2021-12-21
273,38,Maintenance Shed,STORAGE,1994,49,1,POOR,2022-03-10
274,38,Fitness Centre,GYM,2012,296,1,FAIR,2023-06-22
275,38,Block E,CLASSROOM,1982,524,2,GOOD,2021-08-24
276,38,Block E,CLASSROOM,2016,765,2,POOR,2024-08-11
277,39,Block C,CLASSROOM,1994,533,2,GOOD,2021-06-04
278,39,Main Office,ADMIN,1992,321,1,GOOD,2023-03-29
279,39,Sports Amenities,TOILET_BLOCK,1971,695,1,GOOD,2021-10-20
280,39,Assembly Hall,HALL,1952,302,1,POOR,2023-12-06
281,39,Cricket Pavilion,SPORTS_PAVILION,1960,574,1,GOOD,2023-10-25
282,39,Technology Workshop,WORKSHOP,1978,387,2,GOOD,2024-08-29
283,39,School Library,LIBRARY,1951,367,1,POOR,2023-01-20
284,39,Main Gymnasium,GYM,2021,524,1,GOOD,2022-11-25
285,39,Maintenance Shed,STORAGE,1968,41,1,POOR,2021-02-06
286,39,Senior Block,CLASSROOM,1983,133,2,GOOD,2024-02-07
287,39,Block B,CLASSROOM,1980,429,2,FAIR,2021-06-15
288,39,Senior Block,CLASSROOM,2008,539,1,CRITICAL,2024-11-20
289,40,Block E,CLASSROOM,1962,368,1,FAIR,2020-04-02
290,40,Staff Block,ADMIN,1975,292,2,POOR,2024-06-18
291,40,Sports Amenities,TOILET_BLOCK,2018,362,1,GOOD,2021-02-27
292,40,Fitness Centre,GYM,2002,651,1,POOR,2022-06-03
293,40,Metal Workshop,WORKSHOP,1960,477,2,GOOD,2021-08-09
294,40,Cricket Pavilion,SPORTS_PAVILION,1972,450,1,GOOD,2022-07-07
295,40,Equipment Store,STORAGE,1966,20,1,FAIR,2024-03-11
296,40,Resource Centre,LIBRARY,1957,76,1,POOR,2023-03-20
297,41,Block A,CLASSROOM,1956,367,1,FAIR,2022-11-23
298,41,Administration Building,ADMIN,1973,614,1,POOR,2022-06-26
299,41,Staff Facilities,TOILET_BLOCK,1983,281,1,GOOD,2021-10-24
300,41,Wood Workshop,WORKSHOP,1965,536,2,GOOD,2023-09-29
301,41,Main Gymnasium,GYM,1974,182,1,POOR,2020-11-11
302,41,Cricket Pavilion,SPORTS_PAVILION,1979,574,1,GOOD,2024-11-17
303,41,Performing Arts Centre,HALL,1997,184,1,GOOD,2020-11-26
304,41,Maintenance Shed,STORAGE,2019,98,1,POOR,2022-03-29
305,41,School Library,LIBRARY,1995,215,1,GOOD,2023-03-26
306,42,Junior Block,CLASSROOM,1953,748,2,FAIR,2023-01-19
307,42,Administration Building,ADMIN,1971,363,1,POOR,2023-09-26
308,42,Senior Toilets,TOILET_BLOCK,1990,168,1,GOOD,2021-11-24
309,42,Technology Workshop,WORKSHOP,1988,171,1,FAIR,2023-02-24
310,42,Fitness Centre,GYM,2011,99,1,GOOD,2020-01-02
311,42,Sports Pavilion,SPORTS_PAVILION,2015,630,1,GOOD,2023-03-09
312,42,Resource Centre,LIBRARY,2014,121,1,FAIR,2024-02-21
313,42,Maintenance Shed,STORAGE,1984,24,1,GOOD,2022-05-03
314,42,School Hall,HALL,1983,196,1,GOOD,2023-05-08
315,43,Block B,CLASSROOM,1973,307,1,GOOD,2022-08-03
316,43,Main Office,ADMIN,1974,248,2,GOOD,2023-01-03
317,43,Sports Amenities,TOILET_BLOCK,2014,74,1,GOOD,2024-07-31
318,43,Performing Arts Centre,HALL,1957,88,1,FAIR,2022-01-03
319,43,School Library,LIBRARY,1964,689,2,POOR,2023-09-19
320,43,Changing Rooms,SPORTS_PAVILION,1988,157,1,GOOD,2024-11-29
321,43,Equipment Store,STORAGE,1979,24,1,POOR,2021-08-06
322,43,Main Gymnasium,GYM,1992,736,2,GOOD,2023-12-13
323,43,Food Technology,WORKSHOP,1973,423,2,CRITICAL,2022-06-07
324,43,Arts Block,CLASSROOM,1977,653,1,FAIR,2022-04-26
325,43,Block B,CLASSROOM,1997,290,1,GOOD,2020-12-13
326,43,Science Block,CLASSROOM,2013,73,2,GOOD,2023-04-15
327,44,Block D,CLASSROOM,1969,388,2,FAIR,2022-10-19
328,44,Administration Building,ADMIN,1998,312,2,GOOD,2024-10-12
329,44,Senior Toilets,TOILET_BLOCK,1955,333,1,GOOD,2021-07-04
330,44,School Library,LIBRARY,1986,592,2,GOOD,2021-12-01
331,44,Fitness Centre,GYM,1991,618,2,GOOD,2022-08-05
332,44,Performing Arts Centre,HALL,2020,745,1,FAIR,2022-12-11
333,44,Food Technology,WORKSHOP,1953,542,2,GOOD,2020-07-06
334,44,Maintenance Shed,STORAGE,2017,66,1,GOOD,2023-01-14
335,44,Cricket Pavilion,SPORTS_PAVILION,2018,560,1,FAIR,2020-05-29
336,44,Block A,CLASSROOM,1974,607,1,FAIR,2024-03-13
337,45,Technology Block,CLASSROOM,1991,93,1,GOOD,2022-02-21
338,45,Staff Block,ADMIN,1960,422,1,CRITICAL,2022-08-23
339,45,Junior Toilets,TOILET_BLOCK,2020,643,1,GOOD,2024-03-20
340,45,Fitness Centre,GYM,1993,771,2,GOOD,2020-07-30
341,45,Equipment Store,STORAGE,1978,84,1,FAIR,2021-03-16
342,45,School Hall,HALL,1996,786,2,FAIR,2022-12-28
343,45,Food Technology,WORKSHOP,1977,145,1,GOOD,2024-05-05
344,45,Resource Centre,LIBRARY,1966,678,1,GOOD,2021-05-26
345,45,Changing Rooms,SPORTS_PAVILION,2013,99,1,FAIR,2020-02-13
346,46,Block B,CLASSROOM,1952,485,1,FAIR,2024-08-03
347,46,Administration Building,ADMIN,1982,154,2,GOOD,2020-12-05
348,46,Junior Toilets,TOILET_BLOCK,1957,434,1,FAIR,2024-09-01
349,46,Equipment Store,STORAGE,2009,53,1,GOOD,2024-10-19
350,46,School Hall,HALL,1997,793,2,FAIR,2021-10-09
351,46,Learning Centre,LIBRARY,1959,373,1,FAIR,2020-03-05
352,46,Sports Hall,GYM,2022,408,2,GOOD,2021-01-01
353,46,Changing Rooms,SPORTS_PAVILION,1989,276,1,POOR,2021-11-30
354,46,Technology Workshop,WORKSHOP,1972,751,2,GOOD,2024-02-16
355,46,Block C,CLASSROOM,1954,53,2,GOOD,2023-07-23
356,47,Arts Block,CLASSROOM,1971,282,2,GOOD,2020-12-06
357,47,Administration Building,ADMIN,2020,199,1,POOR,2020-08-17
358,47,Staff Facilities,TOILET_BLOCK,1989,672,1,CRITICAL,2023-01-19
359,47,Maintenance Shed,STORAGE,1976,95,1,GOOD,2024-07-19
360,47,Fitness Centre,GYM,1971,459,1,POOR,2022-09-05
361,47,Cricket Pavilion,SPORTS_PAVILION,2020,378,1,FAIR,2023-06-22
362,47,Learning Centre,LIBRARY,1983,696,1,GOOD,2020-12-16
363,47,Metal Workshop,WORKSHOP,1958,117,2,POOR,2020-05-19
364,47,Performing Arts Centre,HALL,1982,195,2,FAIR,2020-06-05
365,47,Block A,CLASSROOM,1973,168,2,CRITICAL,2021-01-05
366,48,Block D,CLASSROOM,1961,749,1,GOOD,2020-09-24
367,48,Main Office,ADMIN,1976,734,1,FAIR,2022-08-24
368,48,Sports Amenities,TOILET_BLOCK,1964,430,1,FAIR,2023-12-12
369,48,School Hall,HALL,2013,518,2,GOOD,2020-07-20
370,48,School Library,LIBRARY,1984,219,1,POOR,2022-02-27
371,48,Food Technology,WORKSHOP,1977,294,2,FAIR,2022-01-31
372,48,Main Gymnasium,GYM,1995,290,1,FAIR,2023-03-21
373,48,Equipment Store,STORAGE,1981,84,1,FAIR,2021-02-15
374,48,Changing Rooms,SPORTS_PAVILION,1962,586,1,GOOD,2024-08-13
375,48,Technology Block,CLASSROOM,1957,491,1,FAIR,2020-02-26
376,48,Junior Block,CLASSROOM,2018,377,1,FAIR,2024-11-25
377,49,Senior Block,CLASSROOM,1953,498,2,FAIR,2022-06-08
378,49,Staff Block,ADMIN,1970,406,2,POOR,2020-04-18
379,49,Staff Facilities,TOILET_BLOCK,1997,610,1,FAIR,2023-11-08
380,49,Sports Pavilion,SPORTS_PAVILION,1996,194,1,FAIR,2024-03-21
381,49,School Library,LIBRARY,1975,376,2,FAIR,2024-07-31
382,49,Food Technology,WORKSHOP,2001,328,2,POOR,2022-02-04
383,49,Sports Hall,GYM,1986,84,2,FAIR,2022-08-16
384,49,Assembly Hall,HALL,1993,608,1,GOOD,2020-08-24
385,49,Grounds Shed,STORAGE,1995,29,1,POOR,2023-09-07
386,49,Science Block,CLASSROOM,1969,472,1,CRITICAL,2023-12-15
387,50,Block B,CLASSROOM,2001,677,1,GOOD,2023-11-18
388,50,Main Office,ADMIN,2008,160,1,GOOD,2021-05-07
389,50,Senior Toilets,TOILET_BLOCK,1959,580,1,FAIR,2022-09-17
390,50,Equipment Store,STORAGE,1955,53,1,POOR,2022-05-16
391,50,School Hall,HALL,2004,131,2,FAIR,2022-03-01
392,50,Changing Rooms,SPORTS_PAVILION,1970,230,1,GOOD,2020-11-23
393,50,Main Gymnasium,GYM,1966,400,1,GOOD,2021-12-06
394,50,Resource Centre,LIBRARY,2004,181,1,GOOD,2021-10-19
395,51,Technology Block,CLASSROOM,1976,725,1,POOR,2020-04-16
396,51,Staff Block,ADMIN,1976,423,2,POOR,2023-03-03
397,51,Staff Facilities,TOILET_BLOCK,2022,403,1,POOR,2023-01-09
398,51,Fitness Centre,GYM,2016,428,2,FAIR,2023-09-30
399,51,Assembly Hall,HALL,2001,61,2,FAIR,2022-05-08
400,52,Block E,CLASSROOM,1991,622,2,POOR,2024-11-16
401,52,Administration Building,ADMIN,2002,218,1,POOR,2023-11-28
402,52,Sports Amenities,TOILET_BLOCK,2022,550,1,POOR,2024-04-20
403,52,Assembly Hall,HALL,1972,146,1,GOOD,2024-01-19
404,53,Block B,CLASSROOM,2004,93,2,FAIR,2024-09-04
405,53,Administration Building,ADMIN,2010,52,2,GOOD,2023-08-24
406,53,Junior Toilets,TOILET_BLOCK,1966,658,1,GOOD,2024-07-16
407,53,Maintenance Shed,STORAGE,2006,31,1,FAIR,2024-12-03
408,53,Performing Arts Centre,HALL,1980,226,2,CRITICAL,2021-05-12
409,53,Sports Hall,GYM,1969,54,1,FAIR,2023-06-13
410,53,School Library,LIBRARY,2006,631,2,GOOD,2023-10-21
411,53,Changing Rooms,SPORTS_PAVILION,2010,680,1,GOOD,2021-01-18
412,53,Wood Workshop,WORKSHOP,1991,322,2,GOOD,2021-01-10
413,53,Block C,CLASSROOM,2015,439,2,GOOD,2023-12-28
414,53,Block B,CLASSROOM,1978,303,2,GOOD,2021-03-01
415,54,Science Block,CLASSROOM,2000,150,2,FAIR,2023-03-20
416,54,Main Office,ADMIN,1967,742,1,FAIR,2021-03-18
417,54,Junior Toilets,TOILET_BLOCK,2005,777,1,FAIR,2020-06-25
418,54,Main Gymnasium,GYM,1964,180,1,FAIR,2021-03-04
419,54,Assembly Hall,HALL,1964,647,1,POOR,2024-06-21
420,54,Sports Store,STORAGE,1969,68,1,GOOD,2021-05-08
421,54,Cricket Pavilion,SPORTS_PAVILION,1959,67,1,FAIR,2024-08-25
422,54,Food Technology,WORKSHOP,1966,352,2,GOOD,2021-04-05
423,57,Senior Block,CLASSROOM,2012,236,2,GOOD,2022-07-30
424,57,Administration Building,ADMIN,2012,700,2,FAIR,2021-07-04
425,57,Staff Facilities,TOILET_BLOCK,2005,501,1,POOR,2020-08-18
426,57,Assembly Hall,HALL,2018,129,2,FAIR,2020-04-12
427,57,Food Technology,WORKSHOP,1963,445,2,POOR,2023-09-02
428,57,Cricket Pavilion,SPORTS_PAVILION,2004,515,1,GOOD,2021-06-02
429,57,Fitness Centre,GYM,1967,281,2,FAIR,2022-06-28
430,57,Sports Store,STORAGE,2012,51,1,POOR,2024-09-25
431,58,Science Block,CLASSROOM,1983,770,1,POOR,2023-07-23
432,58,Administration Building,ADMIN,2021,344,1,FAIR,2023-04-01
433,58,Senior Toilets,TOILET_BLOCK,1955,789,1,GOOD,2022-12-11
434,58,Sports Pavilion,SPORTS_PAVILION,1994,706,1,GOOD,2022-07-18
435,58,Fitness Centre,GYM,1993,337,2,POOR,2024-10-29
436,58,Food Technology,WORKSHOP,1971,237,2,GOOD,2021-02-27
437,58,School Hall,HALL,1971,543,2,GOOD,2024-02-02
438,58,Learning Centre,LIBRARY,1966,738,2,FAIR,2022-12-25
439,58,Grounds Shed,STORAGE,1984,24,1,GOOD,2024-01-12
440,58,Technology Block,CLASSROOM,2004,73,2,POOR,2021-12-14
441,58,Technology Block,CLASSROOM,1953,319,2,GOOD,2022-08-02
442,59,Block C,CLASSROOM,2008,223,1,CRITICAL,2020-02-18
443,59,Main Office,ADMIN,2001,130,2,FAIR,2024-07-28
444,59,Staff Facilities,TOILET_BLOCK,1957,407,1,FAIR,2020-04-20
445,59,Sports Hall,GYM,1972,201,1,POOR,2024-05-17
446,59,Technology Workshop,WORKSHOP,1975,778,2,GOOD,2021-04-18
447,59,Changing Rooms,SPORTS_PAVILION,1962,727,1,POOR,2024-01-26
448,59,Grounds Shed,STORAGE,2010,33,1,GOOD,2020-08-27
449,59,Assembly Hall,HALL,1963,140,1,CRITICAL,2020-05-08
450,59,School Library,LIBRARY,1955,72,1,POOR,2023-08-15
451,59,Junior Block,CLASSROOM,1956,630,1,POOR,2023-02-09
452,59,Block D,CLASSROOM,1996,379,2,FAIR,2022-01-16
453,59,Block E,CLASSROOM,2001,309,1,GOOD,2022-04-21
454,60,Block C,CLASSROOM,2008,681,2,FAIR,2021-08-17
455,60,Main Office,ADMIN,2012,711,1,POOR,2021-01-06
456,60,Senior Toilets,TOILET_BLOCK,2004,212,1,FAIR,2023-03-16
457,60,Resource Centre,LIBRARY,1958,271,2,GOOD,2022-10-20
458,60,Metal Workshop,WORKSHOP,1990,263,2,FAIR,2020-10-06
459,60,Sports Store,STORAGE,2017,30,1,FAIR,2023-01-16
460,61,Block C,CLASSROOM,1974,380,2,GOOD,2023-08-30
461,61,Staff Block,ADMIN,2010,397,2,POOR,2024-09-25
462,61,Senior Toilets,TOILET_BLOCK,1989,424,1,FAIR,2023-07-22
463,61,Changing Rooms,SPORTS_PAVILION,2017,418,1,FAIR,2023-03-01
464,61,Sports Store,STORAGE,2022,79,1,GOOD,2022-01-07
465,61,Wood Workshop,WORKSHOP,1998,411,2,FAIR,2024-07-17
466,61,Learning Centre,LIBRARY,1984,776,2,FAIR,2022-11-26
467,61,Main Gymnasium,GYM,1981,212,1,GOOD,2020-06-20
468,61,School Hall,HALL,1981,324,2,FAIR,2023-07-01
469,61,Block A,CLASSROOM,1965,477,2,POOR,2020-10-04
470,61,Arts Block,CLASSROOM,1962,351,2,GOOD,2021-12-12
471,62,Science Block,CLASSROOM,1985,687,1,GOOD,2024-12-02
472,62,Staff Block,ADMIN,1970,312,1,GOOD,2023-02-23
473,62,Staff Facilities,TOILET_BLOCK,2004,795,1,CRITICAL,2020-07-15
474,62,Sports Hall,GYM,1974,529,2,POOR,2024-03-27
475,62,Grounds Shed,STORAGE,1964,50,1,POOR,2022-08-09
476,62,Assembly Hall,HALL,1972,754,1,CRITICAL,2022-03-19
477,62,Food Technology,WORKSHOP,2017,729,2,GOOD,2023-12-08
478,62,Cricket Pavilion,SPORTS_PAVILION,1973,527,1,FAIR,2022-09-12
479,62,School Library,LIBRARY,1986,481,2,FAIR,2023-05-06
480,62,Science Block,CLASSROOM,2008,300,1,GOOD,2021-08-18
481,62,Block E,CLASSROOM,1963,449,2,FAIR,2020-04-11
482,63,Block B,CLASSROOM,1951,782,1,GOOD,2021-04-04
483,63,Main Office,ADMIN,2015,256,2,GOOD,2020-04-26
484,63,Sports Amenities,TOILET_BLOCK,1992,653,1,POOR,2020-02-09
485,63,Main Gymnasium,GYM,1961,439,2,FAIR,2023-04-29
486,63,Grounds Shed,STORAGE,1977,25,1,POOR,2023-02-02
487,64,Block C,CLASSROOM,2009,544,1,FAIR,2023-07-28
488,64,Staff Block,ADMIN,2019,703,1,GOOD,2024-07-15
489,64,Senior Toilets,TOILET_BLOCK,2006,319,1,GOOD,2023-08-13
490,64,Equipment Store,STORAGE,1957,48,1,FAIR,2021-10-08
491,64,Main Gymnasium,GYM,1973,379,2,FAIR,2023-03-05
492,64,Wood Workshop,WORKSHOP,2006,441,2,FAIR,2020-03-23
493,64,Assembly Hall,HALL,2013,406,2,GOOD,2022-12-22
494,64,School Library,LIBRARY,1953,698,1,FAIR,2020-10-19
495,64,Sports Pavilion,SPORTS_PAVILION,1956,182,1,POOR,2022-10-18
496,64,Arts Block,CLASSROOM,1981,201,2,GOOD,2024-07-31
497,64,Block D,CLASSROOM,2017,438,2,GOOD,2024-04-20
498,64,Science Block,CLASSROOM,2002,777,1,CRITICAL,2024-06-18
499,65,Block E,CLASSROOM,1996,478,2,FAIR,2020-10-03
500,65,Staff Block,ADMIN,1955,577,2,POOR,2022-07-31
501,65,Senior Toilets,TOILET_BLOCK,2002,432,1,GOOD,2024-07-28
502,65,Changing Rooms,SPORTS_PAVILION,1959,599,1,GOOD,2024-10-11
503,65,Assembly Hall,HALL,1977,214,2,POOR,2022-04-15
504,65,Sports Store,STORAGE,2003,27,1,POOR,2021-01-22
505,65,Sports Hall,GYM,1977,199,2,GOOD,2022-11-27
506,65,Learning Centre,LIBRARY,1984,745,1,FAIR,2021-04-09
507,66,Block E,CLASSROOM,1984,615,2,GOOD,2022-07-09
508,66,Main Office,ADMIN,1951,684,2,POOR,2022-07-25
509,66,Junior Toilets,TOILET_BLOCK,1982,650,1,FAIR,2024-09-11
510,66,Assembly Hall,HALL,1958,314,2,FAIR,2021-05-24
511,66,Main Gymnasium,GYM,1969,164,1,GOOD,2023-05-22
512,66,Learning Centre,LIBRARY,1970,391,1,FAIR,2023-05-27
513,66,Sports Pavilion,SPORTS_PAVILION,1989,441,1,GOOD,2022-02-05
514,66,Technology Workshop,WORKSHOP,2000,510,1,FAIR,2021-11-03
515,66,Maintenance Shed,STORAGE,1957,53,1,GOOD,2020-01-25
516,66,Block D,CLASSROOM,1983,292,1,POOR,2020-01-11
517,66,Block D,CLASSROOM,2011,447,1,GOOD,2022-12-04
518,67,Block D,CLASSROOM,1951,784,2,POOR,2024-06-15
519,67,Administration Building,ADMIN,2006,640,2,POOR,2023-02-12
520,67,Sports Amenities,TOILET_BLOCK,2021,602,1,FAIR,2020-03-17
521,67,Food Technology,WORKSHOP,1989,452,1,GOOD,2020-06-14
522,67,Resource Centre,LIBRARY,1963,62,1,POOR,2022-03-25
523,67,School Hall,HALL,1973,52,1,CRITICAL,2021-06-07
524,67,Sports Pavilion,SPORTS_PAVILION,1951,148,1,GOOD,2023-07-30
525,67,Fitness Centre,GYM,2021,249,2,GOOD,2022-06-26
526,67,Sports Store,STORAGE,1980,20,1,FAIR,2024-08-01
527,67,Arts Block,CLASSROOM,2020,780,1,FAIR,2023-07-30
528,67,Technology Block,CLASSROOM,1961,386,1,POOR,2021-05-18
529,68,Block E,CLASSROOM,1978,472,1,FAIR,2022-04-12
530,68,Administration Building,ADMIN,1987,556,1,GOOD,2021-04-19
531,68,Senior Toilets,TOILET_BLOCK,1975,277,1,FAIR,2023-07-14
532,68,Sports Pavilion,SPORTS_PAVILION,1976,125,1,FAIR,2024-03-14
533,68,Metal Workshop,WORKSHOP,1965,81,2,GOOD,2023-08-27
534,68,Equipment Store,STORAGE,1991,59,1,GOOD,2024-09-10
535,68,Assembly Hall,HALL,1999,610,1,POOR,2020-08-23
536,68,Fitness Centre,GYM,2018,219,2,FAIR,2022-01-18
537,68,Resource Centre,LIBRARY,2000,794,1,GOOD,2021-09-06
538,68,Block B,CLASSROOM,1987,669,2,GOOD,2022-03-19
539,68,Senior Block,CLASSROOM,1975,60,1,GOOD,2024-07-27
540,69,Block C,CLASSROOM,1964,734,1,GOOD,2024-10-30
541,69,Main Office,ADMIN,1974,295,1,GOOD,2020-06-10
542,69,Junior Toilets,TOILET_BLOCK,1964,268,1,CRITICAL,2023-09-23
543,69,Grounds Shed,STORAGE,2017,23,1,FAIR,2022-06-26
544,69,Changing Rooms,SPORTS_PAVILION,1972,74,1,POOR,2023-10-25
545,69,Fitness Centre,GYM,2011,409,2,FAIR,2020-08-07
546,69,Food Technology,WORKSHOP,2002,654,2,POOR,2021-07-09
547,69,Learning Centre,LIBRARY,1956,745,2,POOR,2020-03-06
548,69,Assembly Hall,HALL,1970,542,1,POOR,2020-03-02
549,70,Technology Block,CLASSROOM,1953,544,1,GOOD,2024-10-14
550,70,Main Office,ADMIN,2012,368,1,GOOD,2024-05-01
551,70,Sports Amenities,TOILET_BLOCK,2015,737,1,GOOD,2022-02-05
552,70,Changing Rooms,SPORTS_PAVILION,1986,88,1,GOOD,2022-01-21
553,70,Learning Centre,LIBRARY,1986,87,1,GOOD,2022-12-31
554,70,Sports Store,STORAGE,1990,53,1,POOR,2024-10-03
555,70,Metal Workshop,WORKSHOP,1998,777,1,CRITICAL,2023-11-13
556,70,Sports Hall,GYM,2011,174,1,FAIR,2022-10-02
557,70,Assembly Hall,HALL,1966,663,1,GOOD,2022-11-17
558,70,Block B,CLASSROOM,2017,755,1,FAIR,2021-11-20
559,70,Science Block,CLASSROOM,1968,94,1,POOR,2022-12-12
560,74,Arts Block,CLASSROOM,1969,721,1,GOOD,2020-11-30
561,74,Administration Building,ADMIN,1992,300,2,FAIR,2022-04-27
562,74,Junior Toilets,TOILET_BLOCK,2002,128,1,CRITICAL,2023-10-07
563,74,Grounds Shed,STORAGE,1972,89,1,FAIR,2023-10-19
564,74,Changing Rooms,SPORTS_PAVILION,2017,115,1,GOOD,2022-11-18
565,74,Resource Centre,LIBRARY,1997,760,1,GOOD,2021-07-20
566,74,Performing Arts Centre,HALL,1983,603,1,GOOD,2022-09-18
567,74,Fitness Centre,GYM,2012,239,1,GOOD,2023-06-23
568,75,Technology Block,CLASSROOM,2004,351,2,GOOD,2024-03-10
569,75,Administration Building,ADMIN,2018,326,2,GOOD,2022-08-24
570,75,Sports Amenities,TOILET_BLOCK,1954,401,1,GOOD,2021-10-25
571,75,School Hall,HALL,1978,191,1,GOOD,2021-07-07
572,75,Sports Store,STORAGE,1974,51,1,GOOD,2023-06-01
573,75,Sports Hall,GYM,2022,628,1,FAIR,2021-11-12
574,75,School Library,LIBRARY,2020,274,2,POOR,2024-06-29
575,75,Changing Rooms,SPORTS_PAVILION,1975,94,1,FAIR,2024-11-17
576,75,Wood Workshop,WORKSHOP,1989,790,2,GOOD,2022-04-05
577,75,Block E,CLASSROOM,1991,72,1,POOR,2020-02-23
578,77,Technology Block,CLASSROOM,1988,701,1,FAIR,2020-03-06
579,77,Staff Block,ADMIN,1965,166,2,FAIR,2022-05-29
580,77,Senior Toilets,TOILET_BLOCK,1951,191,1,GOOD,2023-06-22
581,77,Fitness Centre,GYM,1972,203,2,POOR,2020-06-17
582,77,Changing Rooms,SPORTS_PAVILION,2005,112,1,GOOD,2020-12-25
583,77,School Library,LIBRARY,2020,173,2,FAIR,2021-01-21
584,77,Assembly Hall,HALL,1994,274,2,FAIR,2020-03-12
585,77,Sports Store,STORAGE,1953,91,1,FAIR,2020-01-09
586,77,Food Technology,WORKSHOP,2019,284,2,FAIR,2021-03-08
587,77,Block E,CLASSROOM,2013,377,1,FAIR,2021-08-07
588,78,Block A,CLASSROOM,1963,621,1,GOOD,2021-05-09
589,78,Administration Building,ADMIN,1957,623,2,POOR,2022-06-12
590,78,Sports Amenities,TOILET_BLOCK,1952,764,1,FAIR,2020-04-30
591,78,Resource Centre,LIBRARY,1955,269,1,CRITICAL,2021-08-19
592,78,Assembly Hall,HALL,1958,198,1,FAIR,2022-10-29
593,78,Fitness Centre,GYM,1992,166,1,POOR,2021-07-06
594,78,Cricket Pavilion,SPORTS_PAVILION,2003,371,1,FAIR,2021-01-13
595,78,Maintenance Shed,STORAGE,2010,49,1,FAIR,2023-03-22
596,78,Technology Workshop,WORKSHOP,1973,177,2,FAIR,2020-05-04
597,78,Arts Block,CLASSROOM,1971,55,2,GOOD,2024-11-17
598,79,Block C,CLASSROOM,1984,461,2,POOR,2022-02-06
599,79,Staff Block,ADMIN,1985,71,2,CRITICAL,2021-12-22
600,79,Junior Toilets,TOILET_BLOCK,1991,673,1,GOOD,2021-06-06
601,79,Metal Workshop,WORKSHOP,1957,714,1,FAIR,2023-04-12
602,79,Performing Arts Centre,HALL,1969,670,1,GOOD,2021-09-21
603,79,Learning Centre,LIBRARY,1969,396,1,GOOD,2021-08-11
604,79,Changing Rooms,SPORTS_PAVILION,1968,698,1,GOOD,2021-10-19
605,79,Maintenance Shed,STORAGE,2013,36,1,GOOD,2022-12-19
606,79,Sports Hall,GYM,2000,775,2,GOOD,2022-02-25
607,79,Block B,CLASSROOM,1991,56,1,POOR,2020-03-26
608,79,Block B,CLASSROOM,2022,252,1,FAIR,2020-07-10
609,79,Block A,CLASSROOM,2012,494,1,GOOD,2023-09-22
610,80,Block D,CLASSROOM,1990,508,2,POOR,2023-05-30
611,80,Staff Block,ADMIN,1984,719,1,GOOD,2023-12-21
612,80,Staff Facilities,TOILET_BLOCK,1990,609,1,GOOD,2021-06-19
613,80,School Hall,HALL,2018,454,2,CRITICAL,2022-06-17
614,80,Metal Workshop,WORKSHOP,1964,453,2,GOOD,2022-05-26
615,80,Sports Hall,GYM,1967,782,2,GOOD,2024-03-11
616,80,Maintenance Shed,STORAGE,2005,29,1,GOOD,2023-09-14
617,80,Resource Centre,LIBRARY,2011,122,1,FAIR,2024-06-08
618,80,Cricket Pavilion,SPORTS_PAVILION,1955,91,1,FAIR,2023-05-30
619,80,Block C,CLASSROOM,2005,94,2,FAIR,2024-05-01
620,81,Block E,CLASSROOM,1999,617,1,GOOD,2024-11-30
621,81,Administration Building,ADMIN,1964,568,2,FAIR,2024-02-17
622,81,Staff Facilities,TOILET_BLOCK,1954,86,1,FAIR,2024-03-10
623,81,Wood Workshop,WORKSHOP,2005,488,1,FAIR,2023-03-29
624,81,School Library,LIBRARY,1996,264,2,FAIR,2024-08-31
625,81,Sports Store,STORAGE,1951,68,1,GOOD,2020-07-07
626,81,Assembly Hall,HALL,2011,445,2,FAIR,2024-04-20
627,81,Main Gymnasium,GYM,1956,349,2,GOOD,2020-01-27
628,81,Changing Rooms,SPORTS_PAVILION,2015,670,1,FAIR,2024-09-25
629,81,Junior Block,CLASSROOM,1971,303,2,POOR,2022-03-14
630,82,Block D,CLASSROOM,1974,87,2,GOOD,2020-09-14
631,82,Administration Building,ADMIN,1977,739,2,FAIR,2024-11-09
632,82,Junior Toilets,TOILET_BLOCK,2018,129,1,GOOD,2020-03-07
633,82,Food Technology,WORKSHOP,2012,337,2,POOR,2023-10-22
634,82,School Hall,HALL,1958,742,2,CRITICAL,2020-12-02
635,83,Block C,CLASSROOM,2004,664,2,GOOD,2022-06-16
636,83,Main Office,ADMIN,1999,629,2,POOR,2023-07-13
637,83,Senior Toilets,TOILET_BLOCK,2011,89,1,POOR,2023-04-01
638,83,Fitness Centre,GYM,1954,449,2,FAIR,2023-03-02
639,83,Resource Centre,LIBRARY,1980,704,1,GOOD,2023-06-17
640,83,Equipment Store,STORAGE,1973,86,1,GOOD,2020-02-07
641,83,Assembly Hall,HALL,2016,461,2,GOOD,2021-01-22
642,83,Metal Workshop,WORKSHOP,1991,656,1,FAIR,2021-06-09
643,83,Changing Rooms,SPORTS_PAVILION,1981,163,1,POOR,2020-03-30
644,83,Arts Block,CLASSROOM,2019,671,1,FAIR,2023-02-10
645,84,Block B,CLASSROOM,1977,297,1,FAIR,2021-07-23
646,84,Main Office,ADMIN,1950,377,2,GOOD,2021-09-03
647,84,Junior Toilets,TOILET_BLOCK,1988,715,1,CRITICAL,2021-11-06
648,84,School Hall,HALL,1962,511,1,GOOD,2022-09-17
649,84,Sports Pavilion,SPORTS_PAVILION,1967,424,1,FAIR,2023-09-26
650,84,Resource Centre,LIBRARY,1973,263,2,GOOD,2023-05-31
651,84,Technology Workshop,WORKSHOP,1969,241,1,GOOD,2024-01-08
652,84,Sports Store,STORAGE,1994,74,1,FAIR,2021-03-22
653,84,Sports Hall,GYM,1999,502,1,GOOD,2021-12-13
654,84,Science Block,CLASSROOM,1957,393,2,CRITICAL,2021-11-10
655,84,Block A,CLASSROOM,1998,468,2,POOR,2023-09-13
656,85,Block D,CLASSROOM,1951,265,2,GOOD,2023-07-23
657,85,Administration Building,ADMIN,1975,52,2,GOOD,2022-03-12
658,85,Junior Toilets,TOILET_BLOCK,1962,200,1,FAIR,2022-03-22
659,85,Resource Centre,LIBRARY,2006,527,2,FAIR,2024-04-02
660,85,Assembly Hall,HALL,2009,271,2,GOOD,2024-07-01
661,85,Sports Hall,GYM,1979,752,2,CRITICAL,2022-02-24
662,85,Metal Workshop,WORKSHOP,2011,550,2,POOR,2022-04-02
663,85,Sports Pavilion,SPORTS_PAVILION,1952,126,1,FAIR,2020-09-16
664,85,Maintenance Shed,STORAGE,1966,82,1,GOOD,2023-04-13
665,86,Block C,CLASSROOM,1964,332,2,POOR,2024-07-03
666,86,Staff Block,ADMIN,1975,708,2,GOOD,2024-09-23
667,86,Staff Facilities,TOILET_BLOCK,2018,725,1,FAIR,2022-10-25
668,86,Changing Rooms,SPORTS_PAVILION,1990,309,1,GOOD,2021-09-08
669,86,Performing Arts Centre,HALL,1967,795,1,FAIR,2024-02-08
670,86,Maintenance Shed,STORAGE,1989,70,1,FAIR,2020-11-28
671,86,Sports Hall,GYM,1967,398,2,POOR,2021-01-11
672,86,Metal Workshop,WORKSHOP,1964,584,2,POOR,2024-11-20
673,86,Learning Centre,LIBRARY,1970,697,1,POOR,2021-06-07
674,87,Block C,CLASSROOM,2009,345,2,FAIR,2024-06-27
675,87,Staff Block,ADMIN,1965,345,1,GOOD,2022-10-14
676,87,Sports Amenities,TOILET_BLOCK,1966,286,1,GOOD,2024-02-22
677,87,Changing Rooms,SPORTS_PAVILION,1978,474,1,FAIR,2021-03-18
678,87,Wood Workshop,WORKSHOP,2008,343,2,GOOD,2023-08-23
679,87,School Hall,HALL,1978,400,1,FAIR,2023-01-10
680,87,Main Gymnasium,GYM,1979,423,1,FAIR,2021-02-11
681,87,Sports Store,STORAGE,1958,57,1,POOR,2023-06-04
682,87,Resource Centre,LIBRARY,1954,306,2,POOR,2023-12-12
683,88,Block B,CLASSROOM,1968,414,2,POOR,2021-11-30
684,88,Main Office,ADMIN,1954,706,1,POOR,2024-11-11
685,88,Junior Toilets,TOILET_BLOCK,1962,650,1,GOOD,2024-01-15
686,88,Performing Arts Centre,HALL,1978,751,2,FAIR,2023-04-26
687,88,Sports Pavilion,SPORTS_PAVILION,1951,340,1,POOR,2022-10-04
688,88,Fitness Centre,GYM,1951,401,2,GOOD,2024-05-25
689,88,Learning Centre,LIBRARY,1962,468,2,CRITICAL,2020-05-12
690,88,Technology Workshop,WORKSHOP,1971,237,2,POOR,2020-09-08
691,88,Maintenance Shed,STORAGE,1966,46,1,CRITICAL,2022-06-24
692,89,Block E,CLASSROOM,1962,240,2,POOR,2021-07-08
693,89,Administration Building,ADMIN,1961,345,2,GOOD,2024-05-26
694,89,Staff Facilities,TOILET_BLOCK,1971,198,1,GOOD,2022-09-26
695,89,Sports Hall,GYM,1969,495,1,GOOD,2020-04-12
696,89,School Hall,HALL,1968,580,1,GOOD,2022-11-01
697,89,Metal Workshop,WORKSHOP,2011,450,1,POOR,2024-03-29
698,89,Learning Centre,LIBRARY,1984,637,1,GOOD,2021-01-06
699,89,Maintenance Shed,STORAGE,1986,99,1,GOOD,2020-02-29
700,89,Cricket Pavilion,SPORTS_PAVILION,2002,449,1,GOOD,2024-02-16
701,89,Junior Block,CLASSROOM,2014,354,2,POOR,2022-07-04
702,90,Block D,CLASSROOM,1951,104,2,FAIR,2024-08-27
703,90,Administration Building,ADMIN,1999,91,2,CRITICAL,2021-05-26
704,90,Junior Toilets,TOILET_BLOCK,1971,649,1,POOR,2020-10-04
705,90,Assembly Hall,HALL,1966,615,2,FAIR,2021-09-30
706,90,Sports Hall,GYM,1987,126,1,GOOD,2022-05-06
707,90,School Library,LIBRARY,2007,127,1,GOOD,2023-02-22
708,90,Grounds Shed,STORAGE,1965,80,1,FAIR,2023-05-30
709,90,Changing Rooms,SPORTS_PAVILION,1989,483,1,GOOD,2024-08-09
710,90,Wood Workshop,WORKSHOP,2011,582,1,FAIR,2021-02-07
711,90,Arts Block,CLASSROOM,2008,684,1,FAIR,2022-11-09
712,90,Technology Block,CLASSROOM,1975,450,2,POOR,2021-08-29
713,91,Block D,CLASSROOM,1991,598,2,GOOD,2020-11-26
714,91,Administration Building,ADMIN,1953,200,2,FAIR,2022-01-23
715,91,Junior Toilets,TOILET_BLOCK,1982,71,1,FAIR,2022-07-27
716,91,School Library,LIBRARY,2005,497,1,POOR,2022-02-21
717,91,Performing Arts Centre,HALL,1971,556,2,GOOD,2024-04-30
718,91,Maintenance Shed,STORAGE,2021,98,1,FAIR,2020-04-12
719,91,Sports Hall,GYM,1967,214,2,FAIR,2024-01-02
720,91,Cricket Pavilion,SPORTS_PAVILION,1966,695,1,FAIR,2022-03-23
721,91,Technology Workshop,WORKSHOP,2010,618,2,FAIR,2024-09-11
722,91,Senior Block,CLASSROOM,1986,252,2,GOOD,2021-10-31
723,91,Block B,CLASSROOM,2007,335,1,FAIR,2023-09-27
724,91,Block C,CLASSROOM,2005,207,1,GOOD,2022-11-24
725,93,Block E,CLASSROOM,1972,661,1,POOR,2021-07-31
726,93,Administration Building,ADMIN,2018,397,2,FAIR,2020-12-25
727,93,Staff Facilities,TOILET_BLOCK,1950,393,1,FAIR,2023-05-16
728,93,Sports Store,STORAGE,1965,45,1,GOOD,2022-01-16
729,93,Sports Hall,GYM,2010,142,2,FAIR,2022-01-08
730,93,Cricket Pavilion,SPORTS_PAVILION,2017,218,1,FAIR,2020-03-06
731,93,Food Technology,WORKSHOP,1983,62,1,GOOD,2024-07-17
732,94,Block B,CLASSROOM,1961,196,1,FAIR,2021-07-10
733,94,Administration Building,ADMIN,1984,461,1,GOOD,2021-02-03
734,94,Senior Toilets,TOILET_BLOCK,2018,348,1,GOOD,2020-07-13
735,94,School Library,LIBRARY,1960,712,2,FAIR,2023-03-07
736,94,Sports Pavilion,SPORTS_PAVILION,1989,790,1,GOOD,2021-12-06
737,94,Maintenance Shed,STORAGE,1979,36,1,FAIR,2022-10-09
738,94,Sports Hall,GYM,1959,337,1,GOOD,2024-08-03
739,94,Metal Workshop,WORKSHOP,2022,411,1,FAIR,2021-06-22
740,95,Junior Block,CLASSROOM,1961,555,1,GOOD,2022-04-01
741,95,Staff Block,ADMIN,1967,241,2,GOOD,2021-05-15
742,95,Staff Facilities,TOILET_BLOCK,2006,799,1,GOOD,2024-04-21
743,95,School Library,LIBRARY,1958,555,2,FAIR,2020-04-17
744,95,Main Gymnasium,GYM,1999,358,2,GOOD,2021-09-08
745,95,Sports Store,STORAGE,1987,67,1,GOOD,2024-07-01
746,95,School Hall,HALL,2002,711,2,FAIR,2023-04-15
747,95,Changing Rooms,SPORTS_PAVILION,1973,583,1,GOOD,2020-06-03
748,95,Wood Workshop,WORKSHOP,1950,166,2,GOOD,2020-08-23
749,95,Technology Block,CLASSROOM,2022,176,2,FAIR,2021-05-25
750,95,Block B,CLASSROOM,1973,453,2,CRITICAL,2023-03-15
751,95,Technology Block,CLASSROOM,2017,165,1,GOOD,2023-10-30
752,96,Senior Block,CLASSROOM,2016,159,2,CRITICAL,2024-06-28
753,96,Administration Building,ADMIN,2004,494,1,FAIR,2021-04-07
754,96,Senior Toilets,TOILET_BLOCK,1973,678,1,FAIR,2021-05-25
755,96,Resource Centre,LIBRARY,1963,241,1,FAIR,2021-04-01
756,96,Technology Workshop,WORKSHOP,1969,747,2,POOR,2022-06-29
757,96,Cricket Pavilion,SPORTS_PAVILION,1997,560,1,FAIR,2023-07-02
758,96,School Hall,HALL,2013,180,2,GOOD,2023-08-31
759,96,Main Gymnasium,GYM,2002,504,1,GOOD,2020-04-29
760,96,Grounds Shed,STORAGE,1954,97,1,GOOD,2022-09-14
761,96,Block C,CLASSROOM,1994,503,2,POOR,2020-09-09
762,97,Arts Block,CLASSROOM,2004,123,2,FAIR,2024-02-01
763,97,Main Office,ADMIN,1967,260,2,GOOD,2021-12-14
764,97,Sports Amenities,TOILET_BLOCK,1997,492,1,GOOD,2021-08-20
765,97,School Library,LIBRARY,2005,613,1,POOR,2021-06-11
766,97,Metal Workshop,WORKSHOP,2005,386,2,GOOD,2024-04-26
767,97,Fitness Centre,GYM,2006,761,1,GOOD,2020-06-13
768,97,Sports Pavilion,SPORTS_PAVILION,1967,348,1,FAIR,2021-12-08
769,97,Sports Store,STORAGE,1984,29,1,GOOD,2022-10-24
770,97,School Hall,HALL,1960,342,1,POOR,2020-01-09
771,99,Arts Block,CLASSROOM,1959,579,2,GOOD,2023-01-17
772,99,Administration Building,ADMIN,1963,482,2,GOOD,2021-02-28
773,99,Sports Amenities,TOILET_BLOCK,1999,623,1,FAIR,2021-12-01
774,99,Performing Arts Centre,HALL,1965,781,1,FAIR,2022-04-09
775,99,Changing Rooms,SPORTS_PAVILION,2017,641,1,POOR,2021-03-23
776,99,Metal Workshop,WORKSHOP,1957,668,2,POOR,2022-12-29
777,99,Sports Store,STORAGE,2013,59,1,FAIR,2020-12-22
778,99,School Library,LIBRARY,2011,211,2,FAIR,2021-04-30
779,99,Fitness Centre,GYM,1982,154,1,POOR,2021-07-29
780,99,Block D,CLASSROOM,1955,384,2,GOOD,2022-01-07
781,99,Block B,CLASSROOM,2003,99,1,GOOD,2022-08-14
782,100,Senior Block,CLASSROOM,1956,506,2,GOOD,2021-04-26
783,100,Administration Building,ADMIN,1958,237,2,POOR,2024-01-14
784,100,Sports Amenities,TOILET_BLOCK,1989,287,1,GOOD,2022-04-16
785,100,School Hall,HALL,2004,460,2,POOR,2024-07-12
786,100,Equipment Store,STORAGE,2016,34,1,CRITICAL,2024-03-10
787,100,School Library,LIBRARY,1983,726,1,GOOD,2021-08-01
788,100,Metal Workshop,WORKSHOP,1995,243,1,CRITICAL,2020-11-01
789,100,Main Gymnasium,GYM,1964,90,2,POOR,2021-06-07
790,100,Sports Pavilion,SPORTS_PAVILION,1954,557,1,GOOD,2023-07-02
791,100,Senior Block,CLASSROOM,1982,190,1,GOOD,2024-08-14
792,100,Senior Block,CLASSROOM,1968,331,2,FAIR,2020-01-09
793,101,Block B,CLASSROOM,2017,299,2,FAIR,2021-08-19
794,101,Administration Building,ADMIN,1963,562,1,FAIR,2021-03-31
795,101,Junior Toilets,TOILET_BLOCK,1995,566,1,POOR,2020-08-12
796,101,Metal Workshop,WORKSHOP,1967,725,2,GOOD,2020-06-25
797,101,Main Gymnasium,GYM,2002,429,2,POOR,2022-10-09
798,101,Assembly Hall,HALL,1955,632,1,GOOD,2021-11-08
799,101,Learning Centre,LIBRARY,1962,399,2,GOOD,2021-05-03
800,101,Changing Rooms,SPORTS_PAVILION,1979,529,1,FAIR,2020-05-01
801,101,Sports Store,STORAGE,1960,88,1,GOOD,2021-08-29
802,101,Block A,CLASSROOM,1962,498,1,GOOD,2021-09-28
803,102,Science Block,CLASSROOM,2021,140,2,GOOD,2020-04-08
804,102,Staff Block,ADMIN,1955,500,1,GOOD,2023-05-28
805,102,Junior Toilets,TOILET_BLOCK,1963,455,1,FAIR,2020-05-17
806,102,School Library,LIBRARY,2022,543,2,FAIR,2022-10-03
807,102,Maintenance Shed,STORAGE,1984,74,1,GOOD,2020-08-18
808,102,Performing Arts Centre,HALL,2003,323,2,FAIR,2020-01-08
809,102,Wood Workshop,WORKSHOP,2018,619,1,FAIR,2024-01-26
810,102,Main Gymnasium,GYM,1951,93,2,FAIR,2020-05-24
811,102,Cricket Pavilion,SPORTS_PAVILION,2013,158,1,GOOD,2020-09-14
812,103,Block C,CLASSROOM,1990,484,1,GOOD,2022-10-20
813,103,Staff Block,ADMIN,1989,621,1,POOR,2024-07-18
814,103,Staff Facilities,TOILET_BLOCK,1997,443,1,FAIR,2024-07-28
815,103,Equipment Store,STORAGE,1950,38,1,GOOD,2020-04-22
816,103,Changing Rooms,SPORTS_PAVILION,1956,520,1,FAIR,2021-09-25
817,103,Resource Centre,LIBRARY,2007,781,2,GOOD,2024-03-14
818,103,Fitness Centre,GYM,1968,316,2,GOOD,2020-01-24
819,103,Technology Workshop,WORKSHOP,1974,676,1,POOR,2020-03-01
820,103,Performing Arts Centre,HALL,1971,571,1,POOR,2020-09-07
821,104,Block B,CLASSROOM,1959,438,1,GOOD,2020-06-28
822,104,Administration Building,ADMIN,1959,386,2,GOOD,2021-03-12
823,104,Senior Toilets,TOILET_BLOCK,2002,291,1,POOR,2024-08-30
824,104,Sports Store,STORAGE,2002,93,1,GOOD,2020-08-25
825,104,Main Gymnasium,GYM,2014,467,1,POOR,2021-09-13
826,104,Learning Centre,LIBRARY,2014,276,1,CRITICAL,2022-07-10
827,104,Wood Workshop,WORKSHOP,1980,253,2,GOOD,2022-05-30
828,104,Assembly Hall,HALL,2008,115,1,GOOD,2021-05-07
829,105,Block D,CLASSROOM,1954,221,1,POOR,2020-12-05
830,105,Main Office,ADMIN,2019,293,1,CRITICAL,2021-07-16
831,105,Staff Facilities,TOILET_BLOCK,1962,531,1,FAIR,2022-10-20
832,105,Changing Rooms,SPORTS_PAVILION,1990,664,1,FAIR,2022-01-19
833,105,School Hall,HALL,1960,292,2,FAIR,2020-07-08
834,105,Metal Workshop,WORKSHOP,1952,75,1,GOOD,2020-10-15
835,105,Main Gymnasium,GYM,2011,529,1,FAIR,2023-02-05
836,105,School Library,LIBRARY,1956,149,1,GOOD,2023-01-21
837,105,Sports Store,STORAGE,2003,66,1,FAIR,2021-03-04
838,105,Block E,CLASSROOM,1950,774,1,FAIR,2023-09-23
839,106,Block A,CLASSROOM,2002,301,1,GOOD,2021-01-05
840,106,Administration Building,ADMIN,1984,499,1,POOR,2020-05-08
841,106,Sports Amenities,TOILET_BLOCK,2018,448,1,FAIR,2022-09-09
842,106,Sports Pavilion,SPORTS_PAVILION,1971,414,1,FAIR,2020-04-25
843,106,Food Technology,WORKSHOP,1957,122,1,GOOD,2021-08-11
844,106,Main Gymnasium,GYM,2020,375,2,POOR,2023-06-27
845,106,Sports Store,STORAGE,1994,36,1,FAIR,2024-03-04
846,106,School Library,LIBRARY,2011,715,2,GOOD,2020-05-01
847,106,Performing Arts Centre,HALL,1985,256,2,GOOD,2020-02-17
848,106,Block E,CLASSROOM,1976,190,1,FAIR,2022-10-09
849,106,Technology Block,CLASSROOM,2008,269,2,GOOD,2022-07-26
850,106,Science Block,CLASSROOM,2009,330,1,GOOD,2023-06-11
851,108,Block D,CLASSROOM,1978,717,1,GOOD,2024-05-29
852,108,Administration Building,ADMIN,1951,296,1,GOOD,2022-06-10
853,108,Staff Facilities,TOILET_BLOCK,1990,751,1,FAIR,2022-05-15
854,108,Cricket Pavilion,SPORTS_PAVILION,1998,696,1,GOOD,2021-07-26
855,108,Grounds Shed,STORAGE,1992,89,1,GOOD,2022-12-09
856,108,Performing Arts Centre,HALL,1974,489,2,FAIR,2021-12-17
857,108,School Library,LIBRARY,1977,380,1,GOOD,2024-05-25
858,109,Arts Block,CLASSROOM,1988,391,1,GOOD,2024-09-13
859,109,Administration Building,ADMIN,2013,411,2,FAIR,2022-07-20
860,109,Junior Toilets,TOILET_BLOCK,1991,563,1,FAIR,2024-08-16
861,109,Food Technology,WORKSHOP,1988,379,1,GOOD,2021-04-28
862,109,Learning Centre,LIBRARY,2001,230,2,GOOD,2021-03-20
863,109,Changing Rooms,SPORTS_PAVILION,2013,745,1,GOOD,2023-08-06
864,109,Main Gymnasium,GYM,1955,568,1,GOOD,2023-03-12
865,109,Sports Store,STORAGE,2010,55,1,POOR,2022-07-31
866,110,Block B,CLASSROOM,2007,544,2,FAIR,2020-08-29
867,110,Main Office,ADMIN,1953,404,1,GOOD,2022-02-22
868,110,Staff Facilities,TOILET_BLOCK,1954,640,1,GOOD,2020-04-26
869,110,Resource Centre,LIBRARY,1970,695,1,FAIR,2021-09-08
870,110,Equipment Store,STORAGE,1979,47,1,FAIR,2020-10-04
871,110,Wood Workshop,WORKSHOP,1956,704,2,POOR,2022-02-09
872,110,Changing Rooms,SPORTS_PAVILION,2003,471,1,FAIR,2024-06-10
873,110,Performing Arts Centre,HALL,1982,235,2,FAIR,2020-05-16
874,111,Block B,CLASSROOM,1953,80,2,POOR,2021-10-17
875,111,Administration Building,ADMIN,1974,65,2,POOR,2021-04-18
876,111,Senior Toilets,TOILET_BLOCK,2018,666,1,FAIR,2024-01-02
877,111,Learning Centre,LIBRARY,1996,50,1,CRITICAL,2020-03-04
878,111,School Hall,HALL,2007,271,2,POOR,2020-02-25
879,111,Main Gymnasium,GYM,1955,643,1,POOR,2022-03-23
880,111,Sports Pavilion,SPORTS_PAVILION,1950,339,1,POOR,2021-06-02
881,111,Technology Workshop,WORKSHOP,2007,102,2,GOOD,2022-05-19
882,112,Junior Block,CLASSROOM,2000,374,2,POOR,2024-01-28
883,112,Administration Building,ADMIN,2018,270,2,FAIR,2021-09-04
884,112,Staff Facilities,TOILET_BLOCK,1955,678,1,FAIR,2022-09-12
885,112,Sports Store,STORAGE,1964,79,1,FAIR,2021-07-04
886,112,Fitness Centre,GYM,2007,206,2,FAIR,2022-06-16
887,112,Resource Centre,LIBRARY,1950,767,2,FAIR,2021-10-26
888,112,Cricket Pavilion,SPORTS_PAVILION,1991,662,1,FAIR,2023-09-08
889,112,Food Technology,WORKSHOP,1974,344,1,FAIR,2024-03-17
890,112,Performing Arts Centre,HALL,1991,338,1,FAIR,2024-10-09
891,113,Block E,CLASSROOM,1970,439,2,FAIR,2020-08-11
892,113,Staff Block,ADMIN,1967,778,1,POOR,2024-07-12
893,113,Sports Amenities,TOILET_BLOCK,1994,686,1,FAIR,2020-11-05
894,113,Fitness Centre,GYM,2005,445,2,POOR,2024-02-24
895,113,Cricket Pavilion,SPORTS_PAVILION,1993,335,1,FAIR,2024-11-19
896,113,Metal Workshop,WORKSHOP,1999,131,2,POOR,2020-10-03
897,113,Performing Arts Centre,HALL,1985,413,1,GOOD,2020-02-16
898,114,Block B,CLASSROOM,1966,277,1,FAIR,2024-05-18
899,114,Main Office,ADMIN,2014,385,1,GOOD,2023-03-21
900,114,Senior Toilets,TOILET_BLOCK,1980,410,1,CRITICAL,2020-10-17
901,114,Cricket Pavilion,SPORTS_PAVILION,1967,688,1,POOR,2023-03-10
902,114,Learning Centre,LIBRARY,1970,308,1,GOOD,2022-07-23
903,114,Assembly Hall,HALL,2008,754,1,POOR,2022-07-09
904,114,Sports Hall,GYM,1981,435,2,FAIR,2023-07-03
905,114,Technology Workshop,WORKSHOP,2016,716,1,CRITICAL,2021-07-31
906,114,Maintenance Shed,STORAGE,2007,88,1,FAIR,2022-10-14
907,114,Technology Block,CLASSROOM,1966,280,1,GOOD,2023-10-03
908,115,Science Block,CLASSROOM,2004,166,1,POOR,2023-01-31
909,115,Staff Block,ADMIN,1995,351,2,POOR,2023-07-24
910,115,Sports Amenities,TOILET_BLOCK,2008,794,1,FAIR,2021-12-03
911,115,Sports Store,STORAGE,2006,51,1,POOR,2021-06-10
912,115,Cricket Pavilion,SPORTS_PAVILION,1973,222,1,GOOD,2023-12-21
913,115,Assembly Hall,HALL,1953,406,2,POOR,2023-08-29
914,115,Fitness Centre,GYM,1972,763,1,GOOD,2022-02-27
915,115,School Library,LIBRARY,1959,53,2,GOOD,2022-03-03
916,115,Food Technology,WORKSHOP,2006,53,2,GOOD,2020-09-14
917,116,Senior Block,CLASSROOM,1951,717,2,FAIR,2022-12-20
918,116,Main Office,ADMIN,1976,314,1,GOOD,2021-05-26
919,116,Sports Amenities,TOILET_BLOCK,1986,516,1,GOOD,2023-08-04
920,116,School Hall,HALL,1960,676,1,FAIR,2023-04-18
921,116,Fitness Centre,GYM,2014,205,2,FAIR,2020-09-14
922,116,School Library,LIBRARY,1964,129,2,FAIR,2024-10-03
923,116,Maintenance Shed,STORAGE,1980,57,1,GOOD,2022-11-26
924,117,Block B,CLASSROOM,2009,543,1,GOOD,2023-04-24
925,117,Staff Block,ADMIN,1970,312,1,GOOD,2021-12-01
926,117,Senior Toilets,TOILET_BLOCK,2012,622,1,GOOD,2021-06-19
927,117,Changing Rooms,SPORTS_PAVILION,1972,455,1,GOOD,2020-12-31
928,117,Resource Centre,LIBRARY,1956,426,1,FAIR,2023-04-29
929,117,Fitness Centre,GYM,1989,92,1,POOR,2021-01-17
930,117,Grounds Shed,STORAGE,2014,39,1,GOOD,2023-05-08
931,117,Assembly Hall,HALL,1980,304,1,GOOD,2024-10-11
932,117,Metal Workshop,WORKSHOP,1957,481,2,FAIR,2021-10-09
933,117,Science Block,CLASSROOM,1971,77,1,POOR,2023-11-12
934,118,Block B,CLASSROOM,2022,369,2,GOOD,2022-05-26
935,118,Staff Block,ADMIN,1956,495,1,CRITICAL,2022-12-26
936,118,Staff Facilities,TOILET_BLOCK,1975,336,1,GOOD,2021-03-03
937,118,School Hall,HALL,1995,119,2,POOR,2022-09-03
938,118,Changing Rooms,SPORTS_PAVILION,1980,262,1,GOOD,2021-06-22
939,118,Metal Workshop,WORKSHOP,1951,78,1,POOR,2020-06-06
940,118,Main Gymnasium,GYM,1980,480,2,GOOD,2023-05-16
941,118,Equipment Store,STORAGE,1961,72,1,FAIR,2021-08-19
942,118,Resource Centre,LIBRARY,1982,711,2,POOR,2020-11-26
943,118,Science Block,CLASSROOM,2019,794,2,POOR,2023-09-19
944,118,Technology Block,CLASSROOM,2010,335,2,POOR,2023-12-29
945,119,Science Block,CLASSROOM,2009,633,2,CRITICAL,2022-12-30
946,119,Administration Building,ADMIN,1991,582,1,POOR,2023-09-24
947,119,Junior Toilets,TOILET_BLOCK,2016,386,1,FAIR,2022-10-29
948,119,Performing Arts Centre,HALL,1962,597,2,GOOD,2022-05-05
949,119,Resource Centre,LIBRARY,2020,646,2,GOOD,2022-03-05
950,119,Metal Workshop,WORKSHOP,1963,70,2,FAIR,2020-01-27
951,119,Cricket Pavilion,SPORTS_PAVILION,1958,587,1,GOOD,2024-03-29
952,119,Fitness Centre,GYM,2005,282,2,GOOD,2020-12-26
953,120,Block C,CLASSROOM,1970,59,2,GOOD,2020-09-29
954,120,Staff Block,ADMIN,1984,295,1,GOOD,2020-06-08
955,120,Sports Amenities,TOILET_BLOCK,1954,369,1,FAIR,2023-11-23
956,120,Equipment Store,STORAGE,1974,37,1,FAIR,2023-04-06
957,120,Sports Hall,GYM,2018,327,2,FAIR,2023-04-05
958,120,Changing Rooms,SPORTS_PAVILION,1984,644,1,FAIR,2022-06-18
959,120,Resource Centre,LIBRARY,1995,108,2,CRITICAL,2023-09-26
960,120,School Hall,HALL,1956,418,2,POOR,2022-01-23
961,120,Technology Workshop,WORKSHOP,1976,443,2,CRITICAL,2024-07-28
962,120,Junior Block,CLASSROOM,1959,744,1,FAIR,2020-01-25
963,120,Block C,CLASSROOM,2000,293,1,GOOD,2020-02-11
964,121,Block C,CLASSROOM,1959,61,1,GOOD,2021-01-06
965,121,Main Office,ADMIN,1963,254,1,GOOD,2022-03-26
966,121,Staff Facilities,TOILET_BLOCK,2007,522,1,POOR,2021-04-05
967,121,Food Technology,WORKSHOP,2018,475,2,FAIR,2020-09-04
968,121,School Library,LIBRARY,1954,589,1,GOOD,2024-11-18
969,121,Sports Hall,GYM,1955,259,1,POOR,2023-05-19
970,121,Sports Store,STORAGE,2006,53,1,FAIR,2023-02-03
971,121,School Hall,HALL,1952,461,2,FAIR,2021-05-29
972,122,Block E,CLASSROOM,1991,402,1,FAIR,2021-06-06
973,122,Staff Block,ADMIN,2000,789,1,POOR,2022-02-24
974,122,Senior Toilets,TOILET_BLOCK,1976,561,1,FAIR,2022-07-14
975,122,Sports Hall,GYM,1955,506,1,FAIR,2024-09-22
976,122,School Hall,HALL,2003,528,2,GOOD,2020-05-11
977,122,Grounds Shed,STORAGE,1988,53,1,GOOD,2024-08-15
978,122,Learning Centre,LIBRARY,2011,343,1,GOOD,2022-12-22
979,122,Sports Pavilion,SPORTS_PAVILION,2008,158,1,FAIR,2022-02-26
980,122,Metal Workshop,WORKSHOP,1955,61,1,GOOD,2024-05-16
981,123,Senior Block,CLASSROOM,1998,400,1,GOOD,2021-10-29
982,123,Administration Building,ADMIN,1958,662,1,CRITICAL,2023-03-01
983,123,Senior Toilets,TOILET_BLOCK,1965,51,1,CRITICAL,2020-09-15
984,123,Equipment Store,STORAGE,2009,53,1,FAIR,2022-07-30
985,123,Food Technology,WORKSHOP,1984,584,2,CRITICAL,2022-04-14
986,123,Main Gymnasium,GYM,1952,483,2,POOR,2024-02-03
987,123,Performing Arts Centre,HALL,1980,241,2,FAIR,2020-09-13
988,123,Sports Pavilion,SPORTS_PAVILION,1987,584,1,POOR,2022-07-30
989,123,Resource Centre,LIBRARY,1995,606,1,FAIR,2024-04-18
990,123,Block B,CLASSROOM,1989,194,1,POOR,2020-09-15
991,123,Science Block,CLASSROOM,2001,226,2,GOOD,2022-06-29
992,124,Block E,CLASSROOM,2009,699,1,GOOD,2021-11-26
993,124,Administration Building,ADMIN,1972,353,2,FAIR,2021-11-27
994,124,Staff Facilities,TOILET_BLOCK,2006,372,1,GOOD,2024-04-05
995,124,Performing Arts Centre,HALL,1962,309,1,GOOD,2024-07-19
996,124,School Library,LIBRARY,1990,236,2,POOR,2020-06-27
997,124,Main Gymnasium,GYM,1956,732,2,FAIR,2022-08-14
998,124,Equipment Store,STORAGE,1987,76,1,FAIR,2020-03-05
999,124,Cricket Pavilion,SPORTS_PAVILION,1969,386,1,FAIR,2021-09-08
1000,124,Metal Workshop,WORKSHOP,1986,648,1,GOOD,2024-07-27
1001,124,Block B,CLASSROOM,2009,193,1,GOOD,2022-12-30
1002,124,Block C,CLASSROOM,2014,291,1,GOOD,2024-04-09
1003,125,Block A,CLASSROOM,1953,495,1,POOR,2024-11-15
1004,125,Staff Block,ADMIN,1957,93,1,GOOD,2022-08-09
1005,125,Junior Toilets,TOILET_BLOCK,1959,571,1,GOOD,2024-08-04
1006,125,Sports Hall,GYM,1974,117,1,GOOD,2022-06-15
1007,125,School Library,LIBRARY,1981,102,1,CRITICAL,2022-10-28
1008,125,Assembly Hall,HALL,2022,441,2,GOOD,2020-12-20
1009,125,Sports Store,STORAGE,1964,92,1,GOOD,2020-04-08
1010,125,Wood Workshop,WORKSHOP,1986,775,2,GOOD,2022-12-08
1011,125,Sports Pavilion,SPORTS_PAVILION,1953,485,1,GOOD,2020-01-17
1012,125,Block D,CLASSROOM,1965,103,1,FAIR,2021-01-31
1013,125,Block A,CLASSROOM,2022,403,2,CRITICAL,2022-09-03
1014,126,Block E,CLASSROOM,2002,304,1,FAIR,2020-11-20
1015,126,Administration Building,ADMIN,1976,758,2,GOOD,2021-06-26
1016,126,Staff Facilities,TOILET_BLOCK,1991,188,1,FAIR,2023-12-06
1017,126,Equipment Store,STORAGE,1979,32,1,FAIR,2021-05-30
1018,126,Metal Workshop,WORKSHOP,2022,179,1,GOOD,2024-07-31
1019,126,School Hall,HALL,1991,239,2,GOOD,2024-01-02
1020,126,Sports Hall,GYM,2020,115,1,GOOD,2023-07-22
1021,126,Changing Rooms,SPORTS_PAVILION,1964,362,1,POOR,2021-07-20
1022,126,Resource Centre,LIBRARY,2008,240,2,FAIR,2023-06-09
1023,126,Senior Block,CLASSROOM,1993,410,2,FAIR,2024-06-17
1024,127,Junior Block,CLASSROOM,2009,143,1,GOOD,2021-12-07
1025,127,Staff Block,ADMIN,2011,449,1,POOR,2024-05-30
1026,127,Senior Toilets,TOILET_BLOCK,1987,615,1,GOOD,2023-04-25
1027,127,Resource Centre,LIBRARY,2004,410,2,GOOD,2021-04-12
1028,127,Grounds Shed,STORAGE,1969,46,1,FAIR,2021-10-22
1029,129,Block B,CLASSROOM,1971,283,2,GOOD,2022-02-02
1030,129,Staff Block,ADMIN,1985,775,2,GOOD,2023-06-20
1031,129,Senior Toilets,TOILET_BLOCK,1992,206,1,POOR,2020-08-01
1032,129,Learning Centre,LIBRARY,1970,602,2,POOR,2024-05-07
1033,129,Main Gymnasium,GYM,2006,344,1,FAIR,2023-03-10
1034,129,Food Technology,WORKSHOP,1962,122,1,FAIR,2022-02-26
1035,129,Sports Store,STORAGE,1981,65,1,GOOD,2024-08-04
1036,129,Sports Pavilion,SPORTS_PAVILION,1962,327,1,GOOD,2021-06-12
1037,129,Performing Arts Centre,HALL,1957,282,1,POOR,2022-08-30
1038,129,Block C,CLASSROOM,1989,66,2,GOOD,2023-04-24
1039,130,Block C,CLASSROOM,1973,210,2,FAIR,2021-08-24
1040,130,Staff Block,ADMIN,1987,728,1,FAIR,2021-06-15
1041,130,Senior Toilets,TOILET_BLOCK,1990,403,1,POOR,2021-07-04
1042,130,Sports Store,STORAGE,1956,96,1,FAIR,2023-07-05
1043,130,Wood Workshop,WORKSHOP,2016,417,2,GOOD,2023-01-17
1044,130,Fitness Centre,GYM,2015,628,2,POOR,2022-06-19
1045,130,Assembly Hall,HALL,1969,700,2,POOR,2024-09-28
1046,130,Cricket Pavilion,SPORTS_PAVILION,1988,412,1,CRITICAL,2022-09-14
1047,131,Block E,CLASSROOM,1990,648,2,FAIR,2024-06-23
1048,131,Staff Block,ADMIN,1995,87,1,FAIR,2020-09-14
1049,131,Staff Facilities,TOILET_BLOCK,1975,65,1,FAIR,2020-05-21
1050,131,Performing Arts Centre,HALL,2005,581,1,GOOD,2023-12-03
1051,131,School Library,LIBRARY,1988,646,1,GOOD,2022-07-09
1052,131,Grounds Shed,STORAGE,1981,40,1,GOOD,2020-06-26
1053,131,Fitness Centre,GYM,2007,376,1,GOOD,2022-01-18
1054,131,Metal Workshop,WORKSHOP,1989,297,1,FAIR,2023-07-15
1055,131,Sports Pavilion,SPORTS_PAVILION,1953,54,1,POOR,2020-03-07
1056,131,Block A,CLASSROOM,1999,388,1,FAIR,2021-01-08
1057,131,Senior Block,CLASSROOM,1970,444,2,GOOD,2020-10-21
1058,132,Arts Block,CLASSROOM,1964,580,1,GOOD,2024-11-27
1059,132,Staff Block,ADMIN,2007,146,2,FAIR,2022-09-29
1060,132,Sports Amenities,TOILET_BLOCK,2018,540,1,POOR,2020-11-26
1061,132,Wood Workshop,WORKSHOP,2006,145,2,FAIR,2023-06-12
1062,132,Sports Hall,GYM,2017,776,2,GOOD,2024-07-04
1063,132,Equipment Store,STORAGE,1962,25,1,FAIR,2021-02-28
1064,132,Cricket Pavilion,SPORTS_PAVILION,1980,592,1,FAIR,2022-12-28
1065,132,Resource Centre,LIBRARY,2015,259,2,GOOD,2022-07-23
1066,132,Assembly Hall,HALL,2014,554,1,GOOD,2023-05-13
1067,132,Block C,CLASSROOM,1955,654,2,FAIR,2020-07-09
1068,132,Block A,CLASSROOM,2004,736,2,GOOD,2023-05-10
1069,133,Science Block,CLASSROOM,2001,229,1,FAIR,2021-04-14
1070,133,Administration Building,ADMIN,1990,475,1,FAIR,2020-11-29
1071,133,Senior Toilets,TOILET_BLOCK,1955,193,1,FAIR,2024-10-22
1072,133,School Hall,HALL,1963,280,1,GOOD,2022-06-17
1073,133,Cricket Pavilion,SPORTS_PAVILION,2010,213,1,POOR,2023-07-07
1074,134,Senior Block,CLASSROOM,1952,401,2,POOR,2023-06-27
1075,134,Administration Building,ADMIN,1990,178,1,POOR,2021-11-22
1076,134,Senior Toilets,TOILET_BLOCK,1989,519,1,POOR,2023-03-25
1077,134,Maintenance Shed,STORAGE,2010,30,1,FAIR,2022-05-07
1078,134,Wood Workshop,WORKSHOP,2002,365,1,POOR,2021-07-14
1079,134,Assembly Hall,HALL,2021,196,2,GOOD,2023-12-11
1080,134,Main Gymnasium,GYM,1960,164,1,FAIR,2020-01-29
1081,135,Arts Block,CLASSROOM,2003,715,1,POOR,2021-05-24
1082,135,Staff Block,ADMIN,2000,579,2,FAIR,2022-06-14
1083,135,Sports Amenities,TOILET_BLOCK,1990,644,1,POOR,2022-07-01
1084,135,Resource Centre,LIBRARY,1984,408,1,POOR,2023-12-23
1085,135,Main Gymnasium,GYM,1965,707,1,FAIR,2024-08-17
1086,135,Maintenance Shed,STORAGE,2015,43,1,FAIR,2024-10-07
1087,135,Technology Workshop,WORKSHOP,2021,316,1,GOOD,2023-01-12
1088,135,Cricket Pavilion,SPORTS_PAVILION,2015,750,1,POOR,2020-10-08
1089,135,Performing Arts Centre,HALL,1965,484,2,FAIR,2020-12-20
1090,135,Block A,CLASSROOM,1968,98,1,FAIR,2020-05-14
1091,135,Junior Block,CLASSROOM,2009,358,1,FAIR,2020-11-10
1092,135,Junior Block,CLASSROOM,2022,449,1,FAIR,2023-05-23
1093,136,Block B,CLASSROOM,1975,629,2,FAIR,2020-02-16
1094,136,Main Office,ADMIN,2014,648,1,POOR,2021-04-10
1095,136,Senior Toilets,TOILET_BLOCK,1950,383,1,POOR,2023-01-20
1096,136,Resource Centre,LIBRARY,2007,65,2,GOOD,2022-11-27
1097,136,Performing Arts Centre,HALL,2016,463,1,GOOD,2023-01-18
1098,136,Food Technology,WORKSHOP,1964,717,2,GOOD,2020-02-02
1099,136,Changing Rooms,SPORTS_PAVILION,1977,680,1,POOR,2024-08-21
1100,136,Main Gymnasium,GYM,1997,754,1,FAIR,2020-05-01
1101,136,Equipment Store,STORAGE,2011,74,1,GOOD,2020-05-06
1102,138,Block A,CLASSROOM,1967,452,2,POOR,2024-11-21
1103,138,Staff Block,ADMIN,1983,707,2,POOR,2022-07-24
1104,138,Staff Facilities,TOILET_BLOCK,1963,799,1,FAIR,2020-05-03
1105,138,School Hall,HALL,1953,419,2,FAIR,2024-03-25
1106,138,Resource Centre,LIBRARY,1987,285,2,FAIR,2022-05-25
1107,138,Wood Workshop,WORKSHOP,1967,616,2,FAIR,2024-05-24
1108,138,Maintenance Shed,STORAGE,2022,79,1,GOOD,2021-11-26
1109,138,Sports Hall,GYM,2006,491,1,FAIR,2020-09-20
1110,138,Cricket Pavilion,SPORTS_PAVILION,1970,709,1,FAIR,2020-08-01
1111,138,Block A,CLASSROOM,1962,755,2,GOOD,2022-02-05
1112,138,Science Block,CLASSROOM,2003,196,2,GOOD,2024-06-01
1113,138,Arts Block,CLASSROOM,1988,632,1,GOOD,2021-01-25
1114,139,Junior Block,CLASSROOM,1989,200,1,FAIR,2023-09-30
1115,139,Administration Building,ADMIN,1997,86,1,FAIR,2023-01-07
1116,139,Junior Toilets,TOILET_BLOCK,1982,617,1,GOOD,2024-03-05
1117,139,Food Technology,WORKSHOP,1999,648,2,GOOD,2023-09-05
1118,139,Sports Pavilion,SPORTS_PAVILION,1969,629,1,FAIR,2022-04-23
1119,139,Sports Store,STORAGE,2017,58,1,POOR,2021-11-07
1120,139,Fitness Centre,GYM,1961,419,1,GOOD,2023-07-09
1121,139,Performing Arts Centre,HALL,1966,162,2,POOR,2021-04-07
1122,139,Resource Centre,LIBRARY,1989,753,1,GOOD,2023-05-04
1123,139,Junior Block,CLASSROOM,1970,278,2,FAIR,2020-11-20
1124,140,Block C,CLASSROOM,1952,771,1,POOR,2023-12-12
1125,140,Staff Block,ADMIN,1957,329,2,FAIR,2022-11-02
1126,140,Sports Amenities,TOILET_BLOCK,2010,337,1,GOOD,2021-03-01
1127,140,Learning Centre,LIBRARY,1972,392,1,GOOD,2020-10-03
1128,140,Changing Rooms,SPORTS_PAVILION,1999,733,1,GOOD,2024-06-16
1129,140,Grounds Shed,STORAGE,1999,50,1,FAIR,2021-05-27
1130,140,School Hall,HALL,2003,65,1,CRITICAL,2024-02-25
1131,140,Sports Hall,GYM,1997,724,2,FAIR,2021-02-28
1132,140,Metal Workshop,WORKSHOP,1999,161,2,GOOD,2022-11-17
1133,141,Technology Block,CLASSROOM,1961,495,1,FAIR,2024-12-03
1134,141,Staff Block,ADMIN,2015,226,1,GOOD,2024-06-18
1135,141,Junior Toilets,TOILET_BLOCK,1997,107,1,FAIR,2020-03-13
1136,141,Technology Workshop,WORKSHOP,1997,326,2,GOOD,2023-03-09
1137,141,Maintenance Shed,STORAGE,1980,97,1,FAIR,2024-05-10
1138,141,Sports Pavilion,SPORTS_PAVILION,2013,642,1,GOOD,2021-12-18
1139,141,Fitness Centre,GYM,1994,260,1,GOOD,2023-10-28
1140,141,Resource Centre,LIBRARY,1971,624,2,FAIR,2024-04-10
1141,141,Performing Arts Centre,HALL,1965,797,2,GOOD,2020-07-11
1142,141,Block A,CLASSROOM,1976,797,1,FAIR,2021-01-29
1143,141,Technology Block,CLASSROOM,1956,627,1,FAIR,2020-02-03
1144,142,Block D,CLASSROOM,2005,143,1,FAIR,2023-11-01
1145,142,Main Office,ADMIN,2012,708,2,GOOD,2020-08-07
1146,142,Junior Toilets,TOILET_BLOCK,1971,534,1,GOOD,2022-02-15
1147,142,Sports Hall,GYM,2005,785,1,GOOD,2022-09-05
1148,142,Sports Pavilion,SPORTS_PAVILION,2019,630,1,POOR,2022-01-09
1149,142,Sports Store,STORAGE,1952,64,1,FAIR,2024-10-06
1150,142,Wood Workshop,WORKSHOP,2011,225,2,POOR,2022-09-18
1151,142,Learning Centre,LIBRARY,1973,508,2,FAIR,2022-06-22
1152,142,School Hall,HALL,1958,117,1,POOR,2023-04-14
1153,142,Science Block,CLASSROOM,1960,125,1,GOOD,2020-12-03
1154,142,Block A,CLASSROOM,1980,792,2,GOOD,2022-06-07
1155,143,Block E,CLASSROOM,1999,226,1,FAIR,2021-09-12
1156,143,Administration Building,ADMIN,1961,609,2,FAIR,2023-10-17
1157,143,Senior Toilets,TOILET_BLOCK,1951,325,1,CRITICAL,2023-06-20
1158,143,Maintenance Shed,STORAGE,1967,20,1,POOR,2021-05-08
1159,143,Assembly Hall,HALL,1961,472,2,POOR,2021-01-16
1160,143,Cricket Pavilion,SPORTS_PAVILION,1996,465,1,FAIR,2022-06-21
1161,143,School Library,LIBRARY,1956,707,2,GOOD,2020-10-19
1162,143,Metal Workshop,WORKSHOP,2011,681,1,POOR,2024-07-08
1163,143,Main Gymnasium,GYM,2010,416,2,FAIR,2020-05-15
1164,143,Senior Block,CLASSROOM,2007,759,2,CRITICAL,2023-04-29
1165,144,Block C,CLASSROOM,2013,422,2,GOOD,2023-08-06
1166,144,Main Office,ADMIN,1965,149,2,FAIR,2021-01-22
1167,144,Junior Toilets,TOILET_BLOCK,2016,298,1,GOOD,2022-03-28
1168,144,Wood Workshop,WORKSHOP,1974,742,2,FAIR,2024-11-10
1169,144,Learning Centre,LIBRARY,2001,609,1,POOR,2024-05-29
1170,144,Equipment Store,STORAGE,2002,28,1,CRITICAL,2020-10-02
1171,144,Performing Arts Centre,HALL,1981,277,1,FAIR,2023-04-30
1172,144,Fitness Centre,GYM,1973,463,1,GOOD,2022-05-07
1173,144,Sports Pavilion,SPORTS_PAVILION,1990,384,1,FAIR,2021-05-24
1174,144,Block C,CLASSROOM,1997,753,2,POOR,2023-02-23
1175,144,Junior Block,CLASSROOM,1957,525,2,POOR,2024-04-14
1176,145,Block E,CLASSROOM,1964,183,1,GOOD,2020-09-29
1177,145,Main Office,ADMIN,1995,294,2,FAIR,2021-05-03
1178,145,Sports Amenities,TOILET_BLOCK,1953,689,1,FAIR,2021-09-04
1179,146,Block A,CLASSROOM,1975,254,2,POOR,2024-11-25
1180,146,Administration Building,ADMIN,1965,613,1,FAIR,2020-12-27
1181,146,Sports Amenities,TOILET_BLOCK,1990,651,1,GOOD,2023-05-10
1182,146,Assembly Hall,HALL,1998,362,2,POOR,2024-04-15
1183,146,Technology Workshop,WORKSHOP,1957,795,2,GOOD,2021-06-04
1184,146,Sports Store,STORAGE,2009,93,1,FAIR,2020-10-20
1185,146,School Library,LIBRARY,1981,484,1,POOR,2022-01-05
1186,146,Fitness Centre,GYM,1974,343,2,GOOD,2023-05-18
1187,148,Technology Block,CLASSROOM,1970,77,2,GOOD,2020-03-09
1188,148,Administration Building,ADMIN,1979,149,2,POOR,2020-05-19
1189,148,Staff Facilities,TOILET_BLOCK,2018,754,1,POOR,2020-03-24
1190,148,School Hall,HALL,2003,630,2,GOOD,2020-02-13
1191,148,School Library,LIBRARY,1970,389,1,FAIR,2024-03-21
1192,151,Senior Block,CLASSROOM,1980,350,1,FAIR,2022-05-11
1193,151,Staff Block,ADMIN,2006,408,2,FAIR,2023-10-06
1194,151,Senior Toilets,TOILET_BLOCK,2014,330,1,GOOD,2024-02-25
1195,151,Metal Workshop,WORKSHOP,2009,114,2,GOOD,2022-02-09
1196,151,Main Gymnasium,GYM,1975,402,2,GOOD,2021-04-17
1197,151,School Hall,HALL,1981,725,1,GOOD,2022-10-17
1198,151,Changing Rooms,SPORTS_PAVILION,1975,365,1,FAIR,2022-11-28
1199,151,Grounds Shed,STORAGE,1960,53,1,FAIR,2022-03-15
1200,152,Block A,CLASSROOM,1994,630,1,GOOD,2021-12-26
1201,152,Staff Block,ADMIN,1959,307,2,POOR,2021-03-02
1202,152,Senior Toilets,TOILET_BLOCK,2004,616,1,GOOD,2023-05-12
1203,152,Sports Pavilion,SPORTS_PAVILION,1959,269,1,GOOD,2023-02-23
1204,152,Main Gymnasium,GYM,1966,391,2,GOOD,2022-09-19
1205,152,Technology Workshop,WORKSHOP,1966,77,2,FAIR,2022-03-08
1206,152,School Hall,HALL,2013,738,1,GOOD,2021-03-23
1207,152,Learning Centre,LIBRARY,1952,323,1,POOR,2022-05-18
1208,152,Equipment Store,STORAGE,1989,57,1,CRITICAL,2022-01-17
1209,152,Block E,CLASSROOM,1954,736,2,FAIR,2024-04-01
1210,152,Junior Block,CLASSROOM,1985,741,2,FAIR,2022-07-02
1211,153,Block C,CLASSROOM,1979,536,1,FAIR,2024-09-05
1212,153,Administration Building,ADMIN,2007,106,1,GOOD,2022-02-14
1213,153,Sports Amenities,TOILET_BLOCK,1970,628,1,GOOD,2023-03-25
1214,153,Sports Pavilion,SPORTS_PAVILION,2022,742,1,FAIR,2024-07-07
1215,153,Sports Hall,GYM,2020,762,2,GOOD,2023-07-04
1216,153,Wood Workshop,WORKSHOP,1975,152,1,FAIR,2023-05-17
1217,153,Performing Arts Centre,HALL,1951,615,1,CRITICAL,2022-06-22
1218,153,School Library,LIBRARY,1967,186,2,FAIR,2020-12-03
1219,153,Sports Store,STORAGE,2011,64,1,FAIR,2023-09-26
1220,153,Block B,CLASSROOM,1965,374,1,FAIR,2022-04-30
1221,153,Technology Block,CLASSROOM,2020,597,1,FAIR,2022-01-05
1222,154,Senior Block,CLASSROOM,1981,71,1,GOOD,2023-07-22
1223,154,Main Office,ADMIN,2022,455,2,FAIR,2022-09-21
1224,154,Senior Toilets,TOILET_BLOCK,1970,404,1,FAIR,2023-04-11
1225,154,Performing Arts Centre,HALL,1980,271,1,GOOD,2024-10-18
1226,154,Sports Hall,GYM,2011,640,2,FAIR,2024-06-24
1227,154,Cricket Pavilion,SPORTS_PAVILION,1971,80,1,FAIR,2023-05-13
1228,154,Equipment Store,STORAGE,1974,74,1,GOOD,2024-01-27
1229,154,Metal Workshop,WORKSHOP,1950,663,1,GOOD,2020-01-28
1230,154,Resource Centre,LIBRARY,1982,368,2,FAIR,2021-05-09
1231,154,Block C,CLASSROOM,1978,54,1,GOOD,2020-08-01
1232,157,Block A,CLASSROOM,2008,289,1,GOOD,2020-08-21
1233,157,Staff Block,ADMIN,1987,397,2,GOOD,2023-02-08
1234,157,Staff Facilities,TOILET_BLOCK,1970,655,1,POOR,2022-06-28
1235,157,Main Gymnasium,GYM,1969,752,2,FAIR,2024-06-26
1236,157,Technology Workshop,WORKSHOP,1993,270,1,FAIR,2021-03-04
1237,157,Maintenance Shed,STORAGE,1996,47,1,GOOD,2022-02-19
1238,157,Learning Centre,LIBRARY,2000,232,2,FAIR,2021-06-09
1239,158,Junior Block,CLASSROOM,2005,501,1,POOR,2021-09-04
1240,158,Administration Building,ADMIN,2011,672,1,FAIR,2024-02-26
1241,158,Senior Toilets,TOILET_BLOCK,1996,799,1,GOOD,2024-11-19
1242,158,Cricket Pavilion,SPORTS_PAVILION,1984,381,1,GOOD,2023-05-07
1243,158,Fitness Centre,GYM,1964,410,1,FAIR,2021-02-01
1244,158,Wood Workshop,WORKSHOP,2014,585,2,FAIR,2023-02-12
1245,158,School Library,LIBRARY,2015,184,2,FAIR,2024-04-30
1246,158,Maintenance Shed,STORAGE,1991,47,1,GOOD,2024-05-01
1247,158,Assembly Hall,HALL,1999,391,1,GOOD,2021-01-29
1248,158,Block E,CLASSROOM,1952,340,2,GOOD,2024-08-21
1249,159,Senior Block,CLASSROOM,1992,740,1,GOOD,2022-01-04
1250,159,Main Office,ADMIN,1961,596,1,POOR,2023-04-04
1251,159,Senior Toilets,TOILET_BLOCK,1963,306,1,GOOD,2023-03-27
1252,159,Grounds Shed,STORAGE,1973,77,1,GOOD,2022-08-10
1253,159,Performing Arts Centre,HALL,2013,522,2,GOOD,2023-11-18
1254,160,Science Block,CLASSROOM,2021,523,2,POOR,2020-12-04
1255,160,Main Office,ADMIN,1953,233,2,CRITICAL,2024-08-07
1256,160,Staff Facilities,TOILET_BLOCK,1990,650,1,FAIR,2022-05-03
1257,160,Food Technology,WORKSHOP,2008,541,2,GOOD,2023-05-29
1258,160,Assembly Hall,HALL,2004,513,1,CRITICAL,2023-01-31
1259,160,Main Gymnasium,GYM,2018,227,1,GOOD,2024-03-25
1260,161,Block D,CLASSROOM,1999,585,1,GOOD,2020-10-12
1261,161,Administration Building,ADMIN,1985,478,1,GOOD,2021-09-09
1262,161,Junior Toilets,TOILET_BLOCK,1950,327,1,GOOD,2022-11-11
1263,162,Senior Block,CLASSROOM,1995,480,2,GOOD,2020-10-30
1264,162,Administration Building,ADMIN,2000,704,2,FAIR,2022-11-13
1265,162,Junior Toilets,TOILET_BLOCK,1983,434,1,POOR,2021-01-09
1266,164,Block D,CLASSROOM,2008,170,1,GOOD,2021-07-06
1267,164,Main Office,ADMIN,1996,465,1,POOR,2021-03-28
1268,164,Junior Toilets,TOILET_BLOCK,1983,55,1,POOR,2021-04-26
1269,164,Fitness Centre,GYM,1985,316,2,GOOD,2022-12-07
1270,164,Food Technology,WORKSHOP,1962,769,1,GOOD,2022-10-14
1271,164,Sports Pavilion,SPORTS_PAVILION,1974,213,1,FAIR,2021-04-15
1272,166,Science Block,CLASSROOM,2009,352,1,FAIR,2021-02-26
1273,166,Administration Building,ADMIN,1964,775,2,GOOD,2020-04-25
1274,166,Senior Toilets,TOILET_BLOCK,2012,429,1,FAIR,2022-06-01
1275,166,Sports Hall,GYM,2020,378,2,POOR,2024-07-13
1276,166,Learning Centre,LIBRARY,2014,400,2,FAIR,2021-08-10
1277,166,Sports Pavilion,SPORTS_PAVILION,2007,376,1,GOOD,2023-08-07
1278,166,Sports Store,STORAGE,1987,22,1,GOOD,2024-03-10
1279,166,Food Technology,WORKSHOP,1954,84,2,FAIR,2022-08-02
1280,166,Assembly Hall,HALL,1964,325,2,GOOD,2022-10-08
1281,166,Technology Block,CLASSROOM,2019,622,1,GOOD,2021-03-09
1282,166,Block B,CLASSROOM,1973,466,1,GOOD,2020-09-28
1283,167,Block E,CLASSROOM,1985,468,2,POOR,2020-08-04
1284,167,Main Office,ADMIN,1970,92,2,FAIR,2024-10-28
1285,167,Staff Facilities,TOILET_BLOCK,1987,91,1,GOOD,2023-07-28
1286,167,School Library,LIBRARY,2016,276,1,POOR,2020-09-17
1287,167,Cricket Pavilion,SPORTS_PAVILION,1987,786,1,GOOD,2023-01-27
1288,167,School Hall,HALL,1970,230,2,GOOD,2022-01-13
1289,167,Grounds Shed,STORAGE,1966,56,1,FAIR,2022-12-11
1290,167,Food Technology,WORKSHOP,1994,217,1,GOOD,2022-05-28
1291,167,Main Gymnasium,GYM,1975,735,2,GOOD,2022-01-15
1292,167,Junior Block,CLASSROOM,1981,362,1,POOR,2020-04-02
1293,167,Block A,CLASSROOM,1980,438,2,FAIR,2023-09-10
1294,167,Arts Block,CLASSROOM,2010,267,2,POOR,2022-01-12
1295,169,Senior Block,CLASSROOM,1994,670,2,FAIR,2024-03-31
1296,169,Staff Block,ADMIN,1971,556,1,FAIR,2023-08-30
1297,169,Sports Amenities,TOILET_BLOCK,1965,387,1,GOOD,2024-01-20
1298,169,Grounds Shed,STORAGE,1992,60,1,POOR,2021-09-20
1299,169,School Library,LIBRARY,1980,509,2,POOR,2023-09-18
1300,169,Cricket Pavilion,SPORTS_PAVILION,1958,68,1,FAIR,2024-07-25
1301,169,Food Technology,WORKSHOP,2005,761,1,FAIR,2023-06-07
1302,169,Sports Hall,GYM,1990,280,1,FAIR,2022-02-15
1303,170,Arts Block,CLASSROOM,1963,274,2,GOOD,2020-11-11
1304,170,Administration Building,ADMIN,1984,319,2,FAIR,2022-08-03
1305,170,Junior Toilets,TOILET_BLOCK,1967,79,1,GOOD,2021-09-05
1306,170,Food Technology,WORKSHOP,2002,516,1,GOOD,2022-10-10
1307,170,Performing Arts Centre,HALL,2017,244,1,POOR,2020-05-19
1308,170,Fitness Centre,GYM,2006,412,2,GOOD,2024-05-28
1309,170,Cricket Pavilion,SPORTS_PAVILION,1998,159,1,FAIR,2020-06-07
1310,170,Learning Centre,LIBRARY,1965,126,1,GOOD,2022-01-26
1311,171,Block B,CLASSROOM,2013,361,2,FAIR,2023-03-13
1312,171,Main Office,ADMIN,1976,273,2,GOOD,2024-05-06
1313,171,Senior Toilets,TOILET_BLOCK,1996,587,1,FAIR,2023-06-28
1314,171,Fitness Centre,GYM,2018,85,2,GOOD,2020-11-09
1315,171,Assembly Hall,HALL,1964,502,1,FAIR,2024-10-14
1316,171,Sports Pavilion,SPORTS_PAVILION,1982,543,1,GOOD,2022-11-25
1317,171,Technology Workshop,WORKSHOP,1967,555,1,POOR,2020-04-07
1318,171,Grounds Shed,STORAGE,1951,78,1,POOR,2022-08-12
1319,171,School Library,LIBRARY,1991,608,2,FAIR,2023-08-31
1320,172,Science Block,CLASSROOM,2004,206,2,GOOD,2023-06-02
1321,172,Administration Building,ADMIN,2010,177,1,GOOD,2022-04-06
1322,172,Staff Facilities,TOILET_BLOCK,1951,787,1,POOR,2020-04-03
1323,172,Equipment Store,STORAGE,1955,79,1,FAIR,2020-05-11
1324,172,Fitness Centre,GYM,1967,155,2,POOR,2021-07-29
1325,172,School Hall,HALL,1992,386,1,GOOD,2021-11-06
1326,172,Metal Workshop,WORKSHOP,1971,102,1,GOOD,2021-09-12
1327,172,Sports Pavilion,SPORTS_PAVILION,2013,124,1,GOOD,2022-02-10
1328,173,Technology Block,CLASSROOM,1951,736,1,FAIR,2021-12-31
1329,173,Staff Block,ADMIN,2002,495,2,GOOD,2021-12-13
1330,173,Junior Toilets,TOILET_BLOCK,2001,378,1,FAIR,2021-05-07
1331,173,Equipment Store,STORAGE,2021,43,1,GOOD,2024-06-12
1332,173,Assembly Hall,HALL,2022,395,2,FAIR,2023-03-21
1333,173,Metal Workshop,WORKSHOP,1964,462,1,POOR,2020-06-15
1334,173,Sports Pavilion,SPORTS_PAVILION,1997,96,1,GOOD,2020-03-11
1335,173,Resource Centre,LIBRARY,1982,613,2,FAIR,2024-04-25
1336,173,Sports Hall,GYM,1980,669,1,GOOD,2024-11-17
1337,173,Senior Block,CLASSROOM,1974,488,1,POOR,2020-10-05
1338,174,Block E,CLASSROOM,2019,542,2,POOR,2024-03-13
1339,174,Staff Block,ADMIN,1980,336,2,FAIR,2023-09-23
1340,174,Sports Amenities,TOILET_BLOCK,2002,606,1,FAIR,2020-11-16
1341,174,Resource Centre,LIBRARY,2019,295,1,CRITICAL,2020-11-19
1342,174,Metal Workshop,WORKSHOP,2019,199,2,POOR,2020-07-21
1343,174,School Hall,HALL,1990,692,1,FAIR,2023-08-24
1344,174,Main Gymnasium,GYM,1996,386,2,FAIR,2024-04-01
1345,174,Maintenance Shed,STORAGE,2005,99,1,CRITICAL,2022-11-16
1346,174,Sports Pavilion,SPORTS_PAVILION,1967,287,1,GOOD,2021-04-17
1347,174,Science Block,CLASSROOM,1990,105,2,FAIR,2022-08-09
1348,174,Block D,CLASSROOM,1961,59,1,CRITICAL,2023-02-12
1349,175,Block C,CLASSROOM,1996,570,1,GOOD,2022-08-30
1350,175,Administration Building,ADMIN,1955,738,1,GOOD,2022-01-02
1351,175,Senior Toilets,TOILET_BLOCK,1956,645,1,POOR,2023-02-15
1352,175,Grounds Shed,STORAGE,1953,47,1,GOOD,2020-09-18
1353,175,Resource Centre,LIBRARY,1993,239,2,FAIR,2020-09-20
1354,175,Sports Hall,GYM,1992,624,1,GOOD,2023-08-29
1355,175,Metal Workshop,WORKSHOP,1961,353,1,POOR,2021-08-20
1356,175,Changing Rooms,SPORTS_PAVILION,2002,549,1,POOR,2021-03-01
1357,175,Assembly Hall,HALL,2013,304,2,POOR,2020-03-17
1358,175,Science Block,CLASSROOM,1992,686,1,GOOD,2023-06-11
1359,176,Senior Block,CLASSROOM,2005,202,1,POOR,2024-07-01
1360,176,Main Office,ADMIN,1998,519,2,POOR,2021-06-16
1361,176,Sports Amenities,TOILET_BLOCK,1995,496,1,FAIR,2023-03-18
1362,176,Grounds Shed,STORAGE,1970,85,1,FAIR,2020-02-26
1363,176,Technology Workshop,WORKSHOP,2011,156,2,POOR,2024-06-08
1364,177,Block E,CLASSROOM,2022,667,1,FAIR,2020-05-02
1365,177,Main Office,ADMIN,1988,561,1,FAIR,2021-04-05
1366,177,Junior Toilets,TOILET_BLOCK,1965,489,1,GOOD,2024-02-01
1367,177,Performing Arts Centre,HALL,2000,726,2,GOOD,2021-05-04
1368,177,School Library,LIBRARY,1954,634,2,GOOD,2020-06-03
1369,177,Metal Workshop,WORKSHOP,1983,266,2,FAIR,2022-02-27
1370,177,Sports Pavilion,SPORTS_PAVILION,2010,783,1,FAIR,2020-08-02
1371,177,Grounds Shed,STORAGE,1995,52,1,GOOD,2021-06-23
1372,177,Main Gymnasium,GYM,1977,565,1,FAIR,2020-03-14
1373,177,Block C,CLASSROOM,1964,518,1,GOOD,2020-08-06
1374,179,Block C,CLASSROOM,1958,631,2,GOOD,2021-08-19
1375,179,Staff Block,ADMIN,2003,274,1,GOOD,2020-08-17
1376,179,Sports Amenities,TOILET_BLOCK,1983,160,1,GOOD,2024-11-04
1377,179,Grounds Shed,STORAGE,2022,59,1,POOR,2020-02-20
1378,179,Assembly Hall,HALL,2017,749,1,CRITICAL,2023-03-08
1379,179,School Library,LIBRARY,2009,534,2,FAIR,2020-02-14
1380,179,Sports Pavilion,SPORTS_PAVILION,1950,382,1,FAIR,2021-07-24
1381,179,Metal Workshop,WORKSHOP,1976,598,1,POOR,2020-06-14
1382,179,Sports Hall,GYM,1964,84,2,GOOD,2020-05-13
1383,179,Block B,CLASSROOM,1977,658,1,FAIR,2024-01-13
1384,180,Arts Block,CLASSROOM,1984,252,1,GOOD,2024-01-27
1385,180,Staff Block,ADMIN,1989,547,1,GOOD,2020-03-11
1386,180,Staff Facilities,TOILET_BLOCK,1987,610,1,GOOD,2024-09-19
1387,181,Senior Block,CLASSROOM,2000,523,1,GOOD,2023-09-14
1388,181,Staff Block,ADMIN,1971,91,1,POOR,2023-12-28
1389,181,Senior Toilets,TOILET_BLOCK,1960,750,1,GOOD,2022-07-22
1390,181,Sports Pavilion,SPORTS_PAVILION,1996,534,1,POOR,2020-04-23
1391,181,Fitness Centre,GYM,1965,734,2,GOOD,2024-07-16
1392,181,School Library,LIBRARY,1957,388,2,CRITICAL,2022-10-28
1393,181,Performing Arts Centre,HALL,1951,116,1,GOOD,2024-08-07
1394,181,Grounds Shed,STORAGE,1952,90,1,POOR,2023-10-26
1395,183,Technology Block,CLASSROOM,1967,678,1,POOR,2021-09-30
1396,183,Administration Building,ADMIN,2016,773,1,GOOD,2021-07-05
1397,183,Staff Facilities,TOILET_BLOCK,1968,686,1,FAIR,2020-11-04
1398,183,Wood Workshop,WORKSHOP,1958,399,2,POOR,2022-08-11
1399,183,Sports Hall,GYM,1952,176,1,POOR,2021-12-21
1400,183,School Library,LIBRARY,1993,390,1,FAIR,2020-06-06
1401,183,School Hall,HALL,2003,295,1,CRITICAL,2020-07-17
1402,183,Sports Store,STORAGE,1962,58,1,GOOD,2020-12-12
1403,185,Senior Block,CLASSROOM,1982,264,1,FAIR,2022-03-23
1404,185,Staff Block,ADMIN,1953,261,2,GOOD,2024-07-05
1405,185,Junior Toilets,TOILET_BLOCK,1964,148,1,POOR,2024-09-14
1406,185,Wood Workshop,WORKSHOP,1975,406,2,FAIR,2024-02-16
1407,187,Block C,CLASSROOM,1994,409,1,GOOD,2020-06-14
1408,187,Staff Block,ADMIN,1998,462,1,FAIR,2022-12-13
1409,187,Junior Toilets,TOILET_BLOCK,1990,483,1,CRITICAL,2021-06-06
1410,187,Sports Store,STORAGE,1995,81,1,FAIR,2023-04-22
1411,187,Resource Centre,LIBRARY,1971,779,1,GOOD,2023-01-16
1412,187,Assembly Hall,HALL,1966,546,1,GOOD,2024-05-01
1413,188,Block D,CLASSROOM,1995,125,1,POOR,2020-11-10
1414,188,Staff Block,ADMIN,1968,512,2,GOOD,2023-08-18
1415,188,Junior Toilets,TOILET_BLOCK,1991,709,1,GOOD,2024-01-03
1416,188,Technology Workshop,WORKSHOP,2000,425,1,GOOD,2024-04-01
1417,188,School Library,LIBRARY,1959,130,2,FAIR,2021-02-19
1418,188,Changing Rooms,SPORTS_PAVILION,2002,614,1,FAIR,2022-09-06
1419,188,Sports Hall,GYM,1993,293,2,FAIR,2023-07-14
1420,189,Senior Block,CLASSROOM,2007,257,2,GOOD,2024-06-30
1421,189,Main Office,ADMIN,1967,525,2,FAIR,2024-07-05
1422,189,Junior Toilets,TOILET_BLOCK,1991,426,1,FAIR,2022-05-04
1423,189,Grounds Shed,STORAGE,1954,43,1,POOR,2024-06-03
1424,189,Sports Hall,GYM,1990,372,2,GOOD,2022-05-06
1425,189,Learning Centre,LIBRARY,1990,371,1,GOOD,2023-06-30
1426,189,Sports Pavilion,SPORTS_PAVILION,2001,638,1,FAIR,2021-05-31
1427,189,School Hall,HALL,1995,703,1,FAIR,2020-05-31
1428,189,Food Technology,WORKSHOP,2020,504,2,FAIR,2020-05-03
1429,189,Block C,CLASSROOM,1972,458,2,FAIR,2024-07-25
1430,190,Senior Block,CLASSROOM,2006,110,1,GOOD,2021-03-04
1431,190,Main Office,ADMIN,2002,184,2,GOOD,2022-01-27
1432,190,Sports Amenities,TOILET_BLOCK,1958,364,1,GOOD,2023-04-18
1433,190,Technology Workshop,WORKSHOP,2001,417,1,FAIR,2020-10-30
1434,190,Grounds Shed,STORAGE,1959,83,1,POOR,2020-04-04
1435,191,Technology Block,CLASSROOM,1955,793,1,GOOD,2024-11-07
1436,191,Staff Block,ADMIN,1959,383,2,GOOD,2022-11-29
1437,191,Senior Toilets,TOILET_BLOCK,1971,770,1,POOR,2020-12-31
1438,191,Maintenance Shed,STORAGE,2008,32,1,FAIR,2020-08-27
1439,191,Wood Workshop,WORKSHOP,1980,442,1,FAIR,2020-08-14
1440,191,School Library,LIBRARY,1953,207,2,GOOD,2023-06-06
1441,192,Technology Block,CLASSROOM,1999,321,2,FAIR,2022-09-15
1442,192,Main Office,ADMIN,2015,485,1,FAIR,2021-05-31
1443,192,Sports Amenities,TOILET_BLOCK,1978,327,1,POOR,2022-08-01
1444,192,School Hall,HALL,2013,179,2,FAIR,2022-11-17
1445,192,Resource Centre,LIBRARY,1951,618,1,GOOD,2024-09-30
1446,192,Food Technology,WORKSHOP,1957,719,1,GOOD,2022-09-09
1447,192,Equipment Store,STORAGE,1989,63,1,FAIR,2024-03-20
1448,195,Arts Block,CLASSROOM,1998,690,2,POOR,2020-04-06
1449,195,Administration Building,ADMIN,1957,675,1,POOR,2023-04-12
1450,195,Staff Facilities,TOILET_BLOCK,1956,360,1,POOR,2022-03-15
1451,195,Changing Rooms,SPORTS_PAVILION,2006,93,1,FAIR,2022-09-04
1452,195,Resource Centre,LIBRARY,2014,462,1,FAIR,2024-11-04
1453,196,Block E,CLASSROOM,1964,436,2,CRITICAL,2020-08-21
1454,196,Administration Building,ADMIN,2021,125,2,GOOD,2023-10-06
1455,196,Senior Toilets,TOILET_BLOCK,1955,554,1,POOR,2024-05-18
1456,196,Fitness Centre,GYM,2014,627,2,GOOD,2022-01-12
1457,197,Block B,CLASSROOM,1985,764,2,FAIR,2023-01-07
1458,197,Administration Building,ADMIN,2016,176,1,FAIR,2020-02-23
1459,197,Staff Facilities,TOILET_BLOCK,2013,640,1,POOR,2021-10-13
1460,197,Sports Store,STORAGE,1986,25,1,GOOD,2024-08-09
1461,197,Resource Centre,LIBRARY,1979,776,1,GOOD,2024-10-07
1462,197,Food Technology,WORKSHOP,1977,269,2,POOR,2020-12-17
1463,197,Assembly Hall,HALL,1973,507,1,FAIR,2020-09-14
1464,197,Sports Hall,GYM,1967,63,1,GOOD,2021-03-20
1465,197,Changing Rooms,SPORTS_PAVILION,1975,608,1,POOR,2024-01-19
1466,197,Block E,CLASSROOM,1999,359,2,FAIR,2021-10-07
1467,197,Senior Block,CLASSROOM,1975,674,2,POOR,2020-10-10
1468,197,Technology Block,CLASSROOM,2011,232,2,GOOD,2022-08-06
1469,198,Technology Block,CLASSROOM,2022,187,1,POOR,2022-07-22
1470,198,Administration Building,ADMIN,1956,603,2,POOR,2024-05-01
1471,198,Sports Amenities,TOILET_BLOCK,2009,799,1,POOR,2022-04-13
1472,198,School Library,LIBRARY,2000,304,1,GOOD,2024-06-03
1473,198,Changing Rooms,SPORTS_PAVILION,1957,519,1,FAIR,2022-12-26
1474,198,Fitness Centre,GYM,1987,544,2,FAIR,2021-12-14
1475,198,Maintenance Shed,STORAGE,1994,74,1,FAIR,2023-09-30
1476,198,Wood Workshop,WORKSHOP,1987,304,2,FAIR,2023-10-21
1477,198,Performing Arts Centre,HALL,1976,96,1,FAIR,2023-09-20
1478,199,Junior Block,CLASSROOM,2002,418,2,POOR,2021-03-23
1479,199,Administration Building,ADMIN,1980,201,1,FAIR,2021-09-23
1480,199,Staff Facilities,TOILET_BLOCK,2000,277,1,FAIR,2024-03-01
1481,199,Main Gymnasium,GYM,1962,390,1,GOOD,2022-05-02
1482,199,Wood Workshop,WORKSHOP,2003,236,1,POOR,2022-08-03
1483,200,Arts Block,CLASSROOM,2013,715,2,FAIR,2020-05-15
1484,200,Administration Building,ADMIN,1969,332,2,GOOD,2021-08-22
1485,200,Staff Facilities,TOILET_BLOCK,1991,162,1,POOR,2022-04-12
1486,200,Sports Store,STORAGE,2018,90,1,GOOD,2021-01-30
1487,200,Fitness Centre,GYM,2007,560,2,POOR,2020-06-29
1488,200,School Library,LIBRARY,2020,238,1,POOR,2020-03-19
1489,200,Changing Rooms,SPORTS_PAVILION,1992,545,1,FAIR,2022-07-13
1490,200,Food Technology,WORKSHOP,1968,402,2,GOOD,2021-06-01
1491,200,School Hall,HALL,2000,600,2,GOOD,2023-04-26
1492,201,Block B,CLASSROOM,1994,527,2,GOOD,2021-06-04
1493,201,Main Office,ADMIN,1961,107,1,FAIR,2022-09-09
1494,201,Staff Facilities,TOILET_BLOCK,1982,182,1,FAIR,2024-11-03
1495,201,Assembly Hall,HALL,1964,283,1,POOR,2021-02-06
1496,201,Sports Store,STORAGE,2020,48,1,GOOD,2022-06-05
1497,201,Metal Workshop,WORKSHOP,1969,409,1,POOR,2024-09-25
1498,202,Senior Block,CLASSROOM,2006,273,1,POOR,2022-03-16
1499,202,Main Office,ADMIN,2020,95,1,GOOD,2024-02-08
1500,202,Staff Facilities,TOILET_BLOCK,1960,636,1,FAIR,2023-12-07
1501,202,Main Gymnasium,GYM,2014,469,2,FAIR,2022-11-10
1502,202,Assembly Hall,HALL,2005,150,2,GOOD,2024-09-26
1503,202,Sports Store,STORAGE,1988,64,1,GOOD,2021-05-05
1504,202,Learning Centre,LIBRARY,1993,534,2,POOR,2023-12-03
1505,202,Food Technology,WORKSHOP,1967,269,2,GOOD,2022-04-18
1506,203,Technology Block,CLASSROOM,1996,708,1,CRITICAL,2020-03-23
1507,203,Main Office,ADMIN,1968,690,1,GOOD,2020-06-19
1508,203,Senior Toilets,TOILET_BLOCK,1966,464,1,GOOD,2022-10-18
1509,203,Grounds Shed,STORAGE,1996,72,1,POOR,2021-02-14
1510,203,Changing Rooms,SPORTS_PAVILION,1995,495,1,GOOD,2021-11-06
1511,203,Performing Arts Centre,HALL,2015,77,1,GOOD,2021-04-20
1512,203,Learning Centre,LIBRARY,1998,448,1,FAIR,2024-06-23
1513,203,Metal Workshop,WORKSHOP,1967,391,2,GOOD,2022-04-04
1514,204,Technology Block,CLASSROOM,1951,109,1,FAIR,2020-10-11
1515,204,Administration Building,ADMIN,2020,570,1,POOR,2021-03-09
1516,204,Junior Toilets,TOILET_BLOCK,1970,311,1,POOR,2023-01-22
1517,204,Metal Workshop,WORKSHOP,1978,341,1,FAIR,2022-05-06
1518,204,Maintenance Shed,STORAGE,1963,97,1,GOOD,2023-05-06
1519,204,Performing Arts Centre,HALL,1976,308,2,FAIR,2020-10-15
1520,204,Resource Centre,LIBRARY,1986,151,2,POOR,2023-01-06
1521,204,Sports Pavilion,SPORTS_PAVILION,1995,550,1,GOOD,2022-10-24
1522,204,Main Gymnasium,GYM,1979,333,2,FAIR,2024-09-06
1523,204,Senior Block,CLASSROOM,1957,411,2,CRITICAL,2022-04-19
1524,205,Block D,CLASSROOM,2009,430,1,GOOD,2022-12-07
1525,205,Main Office,ADMIN,1990,167,2,FAIR,2020-04-19
1526,205,Staff Facilities,TOILET_BLOCK,1997,786,1,POOR,2024-03-17
1527,205,Assembly Hall,HALL,2012,339,2,FAIR,2024-07-14
1528,205,School Library,LIBRARY,1962,519,2,GOOD,2020-08-04
1529,205,Changing Rooms,SPORTS_PAVILION,1961,384,1,FAIR,2024-01-21
1530,205,Sports Store,STORAGE,2019,57,1,POOR,2024-10-28
1531,205,Fitness Centre,GYM,1959,532,2,POOR,2020-07-08
1532,206,Block B,CLASSROOM,1991,742,1,GOOD,2020-11-08
1533,206,Administration Building,ADMIN,1983,244,1,GOOD,2024-07-05
1534,206,Sports Amenities,TOILET_BLOCK,1976,707,1,POOR,2020-11-07
1535,206,Metal Workshop,WORKSHOP,2004,215,2,FAIR,2022-02-05
1536,206,Fitness Centre,GYM,1950,613,2,CRITICAL,2023-11-09
1537,208,Block E,CLASSROOM,1960,458,1,GOOD,2024-03-08
1538,208,Administration Building,ADMIN,1952,323,1,GOOD,2023-04-01
1539,208,Staff Facilities,TOILET_BLOCK,1967,656,1,POOR,2023-08-25
1540,208,Sports Pavilion,SPORTS_PAVILION,2014,352,1,GOOD,2024-07-21
1541,208,School Hall,HALL,2010,299,2,FAIR,2024-04-15
1542,208,Food Technology,WORKSHOP,1966,67,1,GOOD,2021-08-23
1543,208,Maintenance Shed,STORAGE,1955,24,1,GOOD,2020-02-20
1544,208,School Library,LIBRARY,1957,658,1,FAIR,2022-07-31
1545,208,Sports Hall,GYM,1976,716,1,POOR,2020-05-03
1546,208,Block B,CLASSROOM,1962,74,1,GOOD,2022-10-27
1547,209,Senior Block,CLASSROOM,1954,88,1,FAIR,2020-08-26
1548,209,Main Office,ADMIN,1962,779,2,GOOD,2021-11-05
1549,209,Junior Toilets,TOILET_BLOCK,1989,67,1,GOOD,2023-02-23
1550,209,School Hall,HALL,1990,609,1,POOR,2021-04-30
1551,209,Changing Rooms,SPORTS_PAVILION,2002,372,1,CRITICAL,2021-03-02
1552,209,Maintenance Shed,STORAGE,1950,30,1,GOOD,2024-08-13
1553,209,Wood Workshop,WORKSHOP,1995,113,2,GOOD,2021-11-19
1554,209,School Library,LIBRARY,2019,468,1,POOR,2022-04-30
1555,209,Sports Hall,GYM,1998,148,2,GOOD,2024-04-02
1556,209,Block C,CLASSROOM,1954,425,1,FAIR,2020-11-13
1557,209,Block D,CLASSROOM,2022,99,1,GOOD,2021-07-26
1558,209,Arts Block,CLASSROOM,1950,761,2,GOOD,2020-07-04
1559,210,Arts Block,CLASSROOM,1997,192,2,FAIR,2020-11-25
1560,210,Staff Block,ADMIN,1963,614,1,GOOD,2022-04-15
1561,210,Staff Facilities,TOILET_BLOCK,1969,509,1,FAIR,2021-12-15
1562,210,Food Technology,WORKSHOP,2003,294,2,FAIR,2024-07-11
1563,210,Fitness Centre,GYM,2008,266,2,GOOD,2024-08-09
1564,210,Assembly Hall,HALL,2011,366,1,FAIR,2020-06-23
1565,210,Sports Store,STORAGE,1953,41,1,POOR,2020-01-08
1566,210,Cricket Pavilion,SPORTS_PAVILION,2000,54,1,GOOD,2022-10-08
1567,210,School Library,LIBRARY,1991,259,2,FAIR,2023-02-24
1568,211,Block D,CLASSROOM,1981,471,1,FAIR,2023-11-11
1569,211,Main Office,ADMIN,1966,792,2,GOOD,2023-06-26
1570,211,Sports Amenities,TOILET_BLOCK,1977,794,1,GOOD,2022-02-14
1571,211,Changing Rooms,SPORTS_PAVILION,1988,340,1,FAIR,2023-12-31
1572,211,Resource Centre,LIBRARY,1964,116,2,FAIR,2020-08-21
1573,211,Grounds Shed,STORAGE,2001,69,1,FAIR,2020-03-27
1574,211,Performing Arts Centre,HALL,1965,152,2,FAIR,2020-12-16
1575,212,Arts Block,CLASSROOM,1953,429,1,FAIR,2022-06-15
1576,212,Main Office,ADMIN,1963,266,1,FAIR,2021-11-28
1577,212,Senior Toilets,TOILET_BLOCK,1955,267,1,GOOD,2020-09-20
1578,212,Performing Arts Centre,HALL,1987,74,1,GOOD,2023-09-11
1579,212,Sports Pavilion,SPORTS_PAVILION,1993,727,1,GOOD,2021-03-21
1580,212,Learning Centre,LIBRARY,1988,310,2,GOOD,2022-08-29
1581,212,Sports Hall,GYM,1979,383,2,FAIR,2021-01-23
1582,212,Equipment Store,STORAGE,1960,65,1,GOOD,2022-07-06
1583,214,Block E,CLASSROOM,2020,663,2,GOOD,2021-02-10
1584,214,Administration Building,ADMIN,1955,516,1,FAIR,2020-06-02
1585,214,Sports Amenities,TOILET_BLOCK,1986,474,1,FAIR,2020-02-10
1586,214,Main Gymnasium,GYM,1981,77,1,GOOD,2023-11-26
1587,214,Sports Pavilion,SPORTS_PAVILION,1956,241,1,CRITICAL,2024-08-14
1588,214,Grounds Shed,STORAGE,1994,39,1,POOR,2021-11-12
1589,214,Assembly Hall,HALL,1964,397,1,GOOD,2021-06-15
1590,214,Resource Centre,LIBRARY,1992,739,2,GOOD,2023-03-17
1591,215,Science Block,CLASSROOM,1983,327,2,GOOD,2020-10-09
1592,215,Staff Block,ADMIN,1984,78,1,FAIR,2020-02-20
1593,215,Junior Toilets,TOILET_BLOCK,1966,512,1,GOOD,2022-12-04
1594,215,School Library,LIBRARY,1952,345,2,GOOD,2023-03-29
1595,215,Wood Workshop,WORKSHOP,1963,612,1,POOR,2020-04-16
1596,215,Sports Store,STORAGE,1969,80,1,GOOD,2021-12-02
1597,215,Changing Rooms,SPORTS_PAVILION,2011,196,1,FAIR,2022-10-06
1598,215,Main Gymnasium,GYM,2020,251,1,POOR,2022-06-19
1599,215,Performing Arts Centre,HALL,2015,746,2,CRITICAL,2024-06-22
1600,215,Senior Block,CLASSROOM,1959,134,2,POOR,2024-08-09
1601,215,Senior Block,CLASSROOM,2005,259,1,GOOD,2024-10-03
1602,215,Arts Block,CLASSROOM,1986,682,2,GOOD,2021-09-01
1603,216,Block B,CLASSROOM,1973,684,1,GOOD,2024-09-09
1604,216,Administration Building,ADMIN,2000,57,2,FAIR,2021-09-22
1605,216,Staff Facilities,TOILET_BLOCK,2014,416,1,FAIR,2024-11-07
1606,216,Assembly Hall,HALL,1967,333,2,GOOD,2024-04-06
1607,216,Wood Workshop,WORKSHOP,1993,331,1,POOR,2023-09-07
1608,216,Sports Store,STORAGE,1969,52,1,GOOD,2022-03-21
1609,216,Learning Centre,LIBRARY,1955,768,1,FAIR,2022-07-05
1610,216,Fitness Centre,GYM,2004,700,1,FAIR,2022-10-07
1611,216,Sports Pavilion,SPORTS_PAVILION,1983,163,1,FAIR,2022-08-06
1612,216,Technology Block,CLASSROOM,2022,729,1,FAIR,2024-05-04
1613,216,Block E,CLASSROOM,1970,707,2,CRITICAL,2022-01-25
1614,217,Block E,CLASSROOM,2007,255,2,GOOD,2022-06-18
1615,217,Main Office,ADMIN,2018,126,2,FAIR,2022-10-15
1616,217,Senior Toilets,TOILET_BLOCK,1959,529,1,FAIR,2022-02-16
1617,217,Assembly Hall,HALL,2018,701,2,FAIR,2021-10-08
1618,217,School Library,LIBRARY,1965,337,2,FAIR,2022-04-03
1619,217,Fitness Centre,GYM,1970,88,1,FAIR,2024-10-17
1620,217,Changing Rooms,SPORTS_PAVILION,1970,531,1,GOOD,2021-01-03
1621,217,Wood Workshop,WORKSHOP,2013,239,1,FAIR,2022-07-12
1622,217,Sports Store,STORAGE,1960,89,1,FAIR,2022-02-16
1623,217,Science Block,CLASSROOM,1994,179,1,GOOD,2024-04-28
1624,217,Block B,CLASSROOM,1959,739,2,GOOD,2022-01-23
1625,218,Block B,CLASSROOM,1959,332,2,POOR,2022-04-08
1626,218,Staff Block,ADMIN,1983,166,1,POOR,2022-09-29
1627,218,Sports Amenities,TOILET_BLOCK,1961,286,1,GOOD,2021-01-08
1628,218,Assembly Hall,HALL,1988,163,1,FAIR,2023-02-18
1629,218,Food Technology,WORKSHOP,1958,206,1,GOOD,2023-03-14
1630,219,Arts Block,CLASSROOM,1987,450,2,FAIR,2020-10-10
1631,219,Administration Building,ADMIN,1964,139,2,FAIR,2020-07-31
1632,219,Senior Toilets,TOILET_BLOCK,1995,445,1,FAIR,2022-01-14
1633,219,Maintenance Shed,STORAGE,1968,26,1,GOOD,2021-05-25
1634,219,Main Gymnasium,GYM,1966,346,1,GOOD,2022-04-20
1635,219,Resource Centre,LIBRARY,1980,494,1,GOOD,2022-12-04
1636,220,Block C,CLASSROOM,1991,610,1,POOR,2023-02-03
1637,220,Staff Block,ADMIN,2008,659,2,GOOD,2021-02-10
1638,220,Junior Toilets,TOILET_BLOCK,2000,432,1,FAIR,2022-04-23
1639,220,Sports Hall,GYM,2005,134,1,GOOD,2024-07-20
1640,220,School Hall,HALL,1982,255,1,FAIR,2023-04-16
1641,220,Resource Centre,LIBRARY,1984,123,2,FAIR,2020-06-13
1642,220,Sports Store,STORAGE,2017,37,1,FAIR,2021-08-20
1643,220,Wood Workshop,WORKSHOP,2001,249,1,POOR,2022-09-27
1644,221,Technology Block,CLASSROOM,2008,351,1,CRITICAL,2022-12-28
1645,221,Staff Block,ADMIN,1991,481,1,GOOD,2024-06-16
1646,221,Sports Amenities,TOILET_BLOCK,1968,367,1,GOOD,2022-01-30
1647,221,Sports Hall,GYM,2000,618,1,POOR,2022-04-17
1648,221,Changing Rooms,SPORTS_PAVILION,2003,53,1,POOR,2024-10-19
1649,221,Maintenance Shed,STORAGE,1968,21,1,GOOD,2023-04-01
1650,222,Arts Block,CLASSROOM,1976,245,2,POOR,2023-04-11
1651,222,Main Office,ADMIN,1961,293,2,GOOD,2023-03-27
1652,222,Senior Toilets,TOILET_BLOCK,1968,404,1,GOOD,2021-02-25
1653,223,Block A,CLASSROOM,2015,757,1,FAIR,2020-03-24
1654,223,Staff Block,ADMIN,1992,620,2,GOOD,2023-11-05
1655,223,Junior Toilets,TOILET_BLOCK,1965,614,1,GOOD,2020-01-25
1656,223,Sports Hall,GYM,1996,598,2,GOOD,2023-03-18
1657,223,Learning Centre,LIBRARY,1972,98,2,FAIR,2021-10-04
1658,223,Equipment Store,STORAGE,2015,37,1,GOOD,2020-09-15
1659,223,Changing Rooms,SPORTS_PAVILION,1963,277,1,GOOD,2020-01-24
1660,223,School Hall,HALL,1966,112,1,CRITICAL,2021-05-08
1661,223,Metal Workshop,WORKSHOP,2001,626,1,FAIR,2022-07-02
1662,223,Block B,CLASSROOM,1983,142,2,FAIR,2022-11-22
1663,224,Block C,CLASSROOM,1955,684,2,FAIR,2020-03-04
1664,224,Administration Building,ADMIN,2002,759,1,POOR,2021-10-03
1665,224,Junior Toilets,TOILET_BLOCK,1956,679,1,GOOD,2023-12-16
1666,224,Cricket Pavilion,SPORTS_PAVILION,1960,335,1,POOR,2023-06-13
1667,224,Main Gymnasium,GYM,1992,706,2,FAIR,2021-02-17
1668,224,Metal Workshop,WORKSHOP,1975,131,1,POOR,2022-12-12
1669,224,Grounds Shed,STORAGE,2017,75,1,FAIR,2023-10-05
1670,224,Learning Centre,LIBRARY,1995,512,2,FAIR,2024-06-05
1671,225,Senior Block,CLASSROOM,1976,374,1,FAIR,2023-01-29
1672,225,Staff Block,ADMIN,2005,360,2,CRITICAL,2021-09-25
1673,225,Sports Amenities,TOILET_BLOCK,2019,501,1,FAIR,2021-03-07
1674,225,Assembly Hall,HALL,1975,409,2,GOOD,2021-04-08
1675,225,Cricket Pavilion,SPORTS_PAVILION,2020,687,1,FAIR,2024-04-03
1676,226,Arts Block,CLASSROOM,2006,311,2,GOOD,2021-03-15
1677,226,Main Office,ADMIN,1956,111,1,GOOD,2024-03-03
1678,226,Junior Toilets,TOILET_BLOCK,2022,253,1,GOOD,2024-01-23
1679,226,Wood Workshop,WORKSHOP,1955,129,2,GOOD,2024-04-07
1680,226,Sports Pavilion,SPORTS_PAVILION,1957,278,1,FAIR,2020-01-19
1681,226,Sports Hall,GYM,1968,368,2,GOOD,2020-11-23
1682,226,Performing Arts Centre,HALL,2002,144,1,POOR,2022-01-11
1683,227,Senior Block,CLASSROOM,1950,200,2,FAIR,2022-07-28
1684,227,Main Office,ADMIN,1977,201,1,FAIR,2023-06-13
1685,227,Staff Facilities,TOILET_BLOCK,1954,519,1,FAIR,2024-05-04
1686,227,Equipment Store,STORAGE,2007,56,1,GOOD,2021-04-18
1687,227,Changing Rooms,SPORTS_PAVILION,2001,294,1,GOOD,2023-11-29
1688,227,Wood Workshop,WORKSHOP,1951,581,2,GOOD,2023-09-10
1689,227,Sports Hall,GYM,2003,521,1,GOOD,2020-06-28
1690,227,School Library,LIBRARY,1951,753,2,GOOD,2023-08-28
1691,227,School Hall,HALL,1992,791,2,FAIR,2023-04-20
1692,227,Block C,CLASSROOM,1988,738,1,FAIR,2023-11-14
1693,227,Arts Block,CLASSROOM,1989,641,1,GOOD,2022-02-02
1694,228,Arts Block,CLASSROOM,1984,106,1,POOR,2020-01-20
1695,228,Main Office,ADMIN,1967,290,2,FAIR,2022-07-07
1696,228,Staff Facilities,TOILET_BLOCK,1999,82,1,FAIR,2020-09-03
1697,228,Fitness Centre,GYM,2015,536,1,FAIR,2022-11-22
1698,228,Sports Store,STORAGE,1960,91,1,FAIR,2020-03-11
1699,228,Food Technology,WORKSHOP,1989,217,1,POOR,2021-09-27
1700,228,Performing Arts Centre,HALL,2014,315,2,FAIR,2022-11-26
1701,228,Learning Centre,LIBRARY,2006,94,1,POOR,2024-05-25
1702,228,Sports Pavilion,SPORTS_PAVILION,1983,68,1,GOOD,2021-05-17
1703,228,Block E,CLASSROOM,1958,422,2,FAIR,2024-07-04
1704,228,Block C,CLASSROOM,1971,517,1,GOOD,2024-10-28
1705,229,Block B,CLASSROOM,1961,513,2,GOOD,2020-05-23
1706,229,Main Office,ADMIN,1952,520,1,FAIR,2024-02-19
1707,229,Senior Toilets,TOILET_BLOCK,2011,443,1,FAIR,2023-01-30
1708,229,Food Technology,WORKSHOP,1978,66,1,FAIR,2020-05-07
1709,229,Main Gymnasium,GYM,1973,367,1,GOOD,2021-12-02
1710,229,School Library,LIBRARY,1970,157,2,FAIR,2023-04-12
1711,229,Maintenance Shed,STORAGE,1989,63,1,POOR,2021-01-14
1712,229,Changing Rooms,SPORTS_PAVILION,1983,123,1,CRITICAL,2020-09-10
1713,229,Assembly Hall,HALL,2016,497,1,GOOD,2023-11-27
1714,230,Block D,CLASSROOM,1994,115,2,FAIR,2020-07-21
1715,230,Staff Block,ADMIN,1963,62,1,POOR,2021-05-02
1716,230,Staff Facilities,TOILET_BLOCK,2016,410,1,GOOD,2022-02-28
1717,230,Learning Centre,LIBRARY,2008,269,2,FAIR,2024-06-03
1718,230,Assembly Hall,HALL,2020,82,1,POOR,2022-11-29
1719,230,Changing Rooms,SPORTS_PAVILION,1999,544,1,FAIR,2021-07-25
1720,230,Technology Workshop,WORKSHOP,2010,319,1,POOR,2021-04-27
1721,230,Sports Hall,GYM,1952,311,1,FAIR,2022-11-15
1722,230,Maintenance Shed,STORAGE,2021,24,1,GOOD,2022-07-18
1723,231,Block D,CLASSROOM,1992,512,1,FAIR,2020-04-19
1724,231,Administration Building,ADMIN,1986,121,1,FAIR,2023-07-08
1725,231,Sports Amenities,TOILET_BLOCK,1967,684,1,GOOD,2023-11-18
1726,231,Assembly Hall,HALL,1955,585,2,FAIR,2022-11-13
1727,231,School Library,LIBRARY,1990,430,2,GOOD,2020-07-25
1728,231,Sports Hall,GYM,2019,168,1,FAIR,2022-01-03
1729,231,Cricket Pavilion,SPORTS_PAVILION,1985,684,1,POOR,2021-11-14
1730,231,Metal Workshop,WORKSHOP,2006,622,2,CRITICAL,2023-05-10
1731,232,Science Block,CLASSROOM,2005,175,2,GOOD,2021-05-29
1732,232,Administration Building,ADMIN,1957,595,2,GOOD,2023-10-19
1733,232,Staff Facilities,TOILET_BLOCK,1992,192,1,GOOD,2020-02-15
1734,232,Changing Rooms,SPORTS_PAVILION,1976,543,1,POOR,2021-07-31
1735,233,Senior Block,CLASSROOM,1956,608,2,FAIR,2022-06-08
1736,233,Administration Building,ADMIN,1968,644,2,FAIR,2024-07-05
1737,233,Junior Toilets,TOILET_BLOCK,1969,91,1,FAIR,2021-09-18
1738,233,Maintenance Shed,STORAGE,2015,91,1,FAIR,2022-07-06
1739,233,Performing Arts Centre,HALL,1956,592,1,FAIR,2021-09-02
1740,233,Resource Centre,LIBRARY,1955,501,1,FAIR,2022-11-12
1741,233,Main Gymnasium,GYM,1978,765,1,GOOD,2024-11-27
1742,233,Sports Pavilion,SPORTS_PAVILION,2001,398,1,GOOD,2022-01-03
1743,233,Technology Workshop,WORKSHOP,1974,646,1,GOOD,2022-12-14
1744,233,Block C,CLASSROOM,1966,134,1,POOR,2021-01-26
1745,234,Block D,CLASSROOM,1970,438,2,FAIR,2020-03-19
1746,234,Staff Block,ADMIN,1991,443,2,FAIR,2021-07-29
1747,234,Senior Toilets,TOILET_BLOCK,1959,312,1,GOOD,2022-01-25
1748,234,Sports Hall,GYM,2018,69,2,FAIR,2021-08-13
1749,234,Resource Centre,LIBRARY,1957,775,1,FAIR,2022-05-17
1750,234,Grounds Shed,STORAGE,1956,84,1,POOR,2023-08-07
1751,235,Block E,CLASSROOM,1973,781,1,GOOD,2021-02-04
1752,235,Administration Building,ADMIN,1957,142,2,GOOD,2024-07-25
1753,235,Sports Amenities,TOILET_BLOCK,1993,440,1,GOOD,2024-09-01
1754,235,Food Technology,WORKSHOP,1988,587,2,GOOD,2020-05-09
1755,235,Learning Centre,LIBRARY,1997,662,1,POOR,2023-09-03
1756,235,Changing Rooms,SPORTS_PAVILION,2022,545,1,FAIR,2021-10-28
1757,235,Assembly Hall,HALL,1994,479,2,FAIR,2020-05-08
1758,235,Sports Store,STORAGE,2009,90,1,GOOD,2020-03-24
1759,236,Junior Block,CLASSROOM,1990,300,1,GOOD,2020-10-31
1760,236,Main Office,ADMIN,2016,131,1,CRITICAL,2023-06-15
1761,236,Junior Toilets,TOILET_BLOCK,1980,592,1,FAIR,2021-05-02
1762,236,Performing Arts Centre,HALL,2000,532,1,POOR,2023-06-26
1763,236,Changing Rooms,SPORTS_PAVILION,1991,534,1,GOOD,2020-05-02
1764,236,School Library,LIBRARY,2001,754,1,FAIR,2021-06-08
1765,236,Wood Workshop,WORKSHOP,2020,336,2,FAIR,2023-10-25
1766,236,Fitness Centre,GYM,2002,782,2,POOR,2024-11-05
1767,236,Sports Store,STORAGE,2001,97,1,GOOD,2024-05-10
1768,236,Senior Block,CLASSROOM,1981,587,1,GOOD,2022-05-08
1769,236,Arts Block,CLASSROOM,1990,155,1,POOR,2021-06-08
1770,237,Junior Block,CLASSROOM,2012,179,2,FAIR,2022-12-11
1771,237,Staff Block,ADMIN,2006,718,1,GOOD,2024-02-28
1772,237,Sports Amenities,TOILET_BLOCK,1971,470,1,GOOD,2023-06-23
1773,237,Maintenance Shed,STORAGE,2013,35,1,POOR,2020-01-06
1774,237,Resource Centre,LIBRARY,1995,776,1,GOOD,2024-10-04
1775,237,Sports Pavilion,SPORTS_PAVILION,2005,797,1,FAIR,2021-07-24
1776,237,Main Gymnasium,GYM,1993,651,1,GOOD,2022-10-23
1777,237,Technology Workshop,WORKSHOP,2018,145,1,POOR,2021-04-08
1778,237,Assembly Hall,HALL,1987,630,2,POOR,2024-04-10
1779,240,Block A,CLASSROOM,2015,436,2,FAIR,2020-01-06
1780,240,Staff Block,ADMIN,2004,390,2,GOOD,2023-12-31
1781,240,Senior Toilets,TOILET_BLOCK,1950,479,1,GOOD,2022-08-08
1782,240,Food Technology,WORKSHOP,2021,492,1,FAIR,2023-09-09
1783,240,School Library,LIBRARY,2010,775,2,GOOD,2021-11-17
1784,240,Sports Pavilion,SPORTS_PAVILION,1951,76,1,CRITICAL,2022-09-23
1785,240,Sports Store,STORAGE,2021,84,1,FAIR,2021-08-30
1786,241,Technology Block,CLASSROOM,1950,501,1,GOOD,2022-03-31
1787,241,Administration Building,ADMIN,1988,174,2,GOOD,2023-01-31
1788,241,Sports Amenities,TOILET_BLOCK,2003,246,1,POOR,2024-05-15
1789,241,Cricket Pavilion,SPORTS_PAVILION,1998,64,1,GOOD,2020-12-21
1790,241,Metal Workshop,WORKSHOP,1966,124,2,CRITICAL,2020-10-04
1791,241,Grounds Shed,STORAGE,1973,46,1,FAIR,2022-05-23
1792,241,Assembly Hall,HALL,2021,784,1,GOOD,2021-02-02
1793,241,Resource Centre,LIBRARY,1981,79,1,GOOD,2021-07-23
1794,241,Fitness Centre,GYM,2015,155,2,FAIR,2022-11-17
1795,241,Block E,CLASSROOM,1962,700,1,GOOD,2020-09-15
1796,242,Technology Block,CLASSROOM,2002,441,2,FAIR,2020-01-28
1797,242,Staff Block,ADMIN,1956,549,2,GOOD,2021-01-25
1798,242,Senior Toilets,TOILET_BLOCK,1988,237,1,FAIR,2023-12-04
1799,242,Performing Arts Centre,HALL,1966,389,2,GOOD,2021-05-26
1800,242,Resource Centre,LIBRARY,2005,656,1,POOR,2024-02-19
1801,243,Block B,CLASSROOM,2021,296,1,FAIR,2022-05-13
1802,243,Main Office,ADMIN,2011,421,2,FAIR,2020-03-04
1803,243,Senior Toilets,TOILET_BLOCK,1995,409,1,GOOD,2020-05-21
1804,243,Assembly Hall,HALL,2007,57,2,GOOD,2021-09-03
1805,243,Maintenance Shed,STORAGE,1991,88,1,GOOD,2020-04-22
1806,243,Sports Pavilion,SPORTS_PAVILION,1953,765,1,FAIR,2023-02-28
1807,243,Technology Workshop,WORKSHOP,1974,379,1,CRITICAL,2022-10-11
1808,243,Sports Hall,GYM,2001,559,1,POOR,2022-08-14
1809,244,Senior Block,CLASSROOM,2005,349,2,CRITICAL,2020-01-13
1810,244,Main Office,ADMIN,2013,213,1,CRITICAL,2024-04-27
1811,244,Senior Toilets,TOILET_BLOCK,2008,394,1,POOR,2022-02-21
1812,244,Metal Workshop,WORKSHOP,2021,387,1,GOOD,2023-04-13
1813,244,Performing Arts Centre,HALL,1980,69,1,FAIR,2022-10-16
1814,244,Cricket Pavilion,SPORTS_PAVILION,1985,224,1,FAIR,2023-12-16
1815,244,School Library,LIBRARY,1993,366,1,POOR,2023-07-07
1816,245,Block D,CLASSROOM,1975,622,1,FAIR,2023-08-03
1817,245,Administration Building,ADMIN,1990,110,2,CRITICAL,2024-02-19
1818,245,Staff Facilities,TOILET_BLOCK,2016,656,1,FAIR,2021-11-10
1819,245,Fitness Centre,GYM,2013,765,1,GOOD,2020-12-13
1820,245,Changing Rooms,SPORTS_PAVILION,1992,313,1,FAIR,2022-03-19
1821,245,Metal Workshop,WORKSHOP,2008,65,2,FAIR,2021-09-05
1822,246,Block C,CLASSROOM,1989,172,2,FAIR,2024-02-14
1823,246,Main Office,ADMIN,1960,54,1,CRITICAL,2020-07-26
1824,246,Sports Amenities,TOILET_BLOCK,2017,490,1,GOOD,2021-08-08
1825,246,Food Technology,WORKSHOP,1981,338,2,GOOD,2021-02-13
1826,246,Assembly Hall,HALL,1952,352,2,GOOD,2021-04-14
1827,246,School Library,LIBRARY,1961,472,2,FAIR,2022-05-07
1828,246,Main Gymnasium,GYM,2000,465,1,POOR,2022-06-05
1829,247,Block D,CLASSROOM,1975,709,1,CRITICAL,2024-04-24
1830,247,Main Office,ADMIN,2022,351,2,GOOD,2022-09-05
1831,247,Sports Amenities,TOILET_BLOCK,1962,316,1,FAIR,2023-01-27
1832,247,Changing Rooms,SPORTS_PAVILION,2007,756,1,FAIR,2023-03-31
1833,247,Sports Hall,GYM,2009,701,1,FAIR,2024-06-03
1834,247,Performing Arts Centre,HALL,2017,256,1,GOOD,2020-12-18
1835,247,Grounds Shed,STORAGE,1964,32,1,GOOD,2022-07-31
1836,247,Wood Workshop,WORKSHOP,1998,579,1,GOOD,2021-03-02
1837,247,School Library,LIBRARY,2012,193,2,GOOD,2024-11-14
1838,248,Block D,CLASSROOM,1988,519,2,POOR,2022-05-17
1839,248,Staff Block,ADMIN,1991,127,1,FAIR,2023-04-20
1840,248,Sports Amenities,TOILET_BLOCK,1952,399,1,CRITICAL,2020-09-13
1841,248,Fitness Centre,GYM,1950,197,2,FAIR,2023-11-17
1842,248,Sports Pavilion,SPORTS_PAVILION,1989,433,1,POOR,2022-07-14
1843,248,School Hall,HALL,1994,551,2,GOOD,2021-07-22
1844,248,Metal Workshop,WORKSHOP,1978,731,2,GOOD,2023-07-05
1845,248,Maintenance Shed,STORAGE,2014,59,1,FAIR,2024-01-28
1846,249,Senior Block,CLASSROOM,1976,249,2,POOR,2021-09-13
1847,249,Administration Building,ADMIN,2015,229,2,POOR,2023-07-01
1848,249,Junior Toilets,TOILET_BLOCK,1978,317,1,FAIR,2023-03-28
1849,249,School Hall,HALL,2004,170,2,GOOD,2023-07-26
1850,249,Main Gymnasium,GYM,2006,149,1,POOR,2024-08-05
1851,249,Metal Workshop,WORKSHOP,2008,754,1,FAIR,2024-04-06
1852,249,Equipment Store,STORAGE,1963,49,1,GOOD,2020-08-21
1853,249,Resource Centre,LIBRARY,2008,158,2,CRITICAL,2023-03-09
1854,249,Sports Pavilion,SPORTS_PAVILION,2000,74,1,POOR,2020-05-22
1855,250,Technology Block,CLASSROOM,1983,72,1,POOR,2023-10-21
1856,250,Administration Building,ADMIN,1962,345,1,GOOD,2021-11-27
1857,250,Junior Toilets,TOILET_BLOCK,1979,591,1,GOOD,2023-01-17
1858,250,School Hall,HALL,1962,675,2,CRITICAL,2020-02-12
1859,250,Sports Pavilion,SPORTS_PAVILION,1998,295,1,GOOD,2023-08-02
1860,250,School Library,LIBRARY,1985,344,2,FAIR,2024-08-01
1861,250,Wood Workshop,WORKSHOP,1975,174,2,FAIR,2020-09-11
1862,250,Grounds Shed,STORAGE,1996,54,1,GOOD,2020-05-27
1863,250,Fitness Centre,GYM,1981,320,1,GOOD,2023-03-30
1864,251,Block E,CLASSROOM,1970,523,2,GOOD,2021-10-08
1865,251,Administration Building,ADMIN,2003,452,1,FAIR,2021-09-03
1866,251,Staff Facilities,TOILET_BLOCK,1969,289,1,GOOD,2020-08-22
1867,251,Learning Centre,LIBRARY,1961,480,2,FAIR,2020-07-29
1868,251,Grounds Shed,STORAGE,2015,50,1,FAIR,2021-04-25
1869,251,Technology Workshop,WORKSHOP,1951,257,1,FAIR,2023-03-26
1870,251,Performing Arts Centre,HALL,2006,585,2,POOR,2022-01-27
1871,251,Cricket Pavilion,SPORTS_PAVILION,1960,118,1,GOOD,2024-02-12
1872,251,Fitness Centre,GYM,1982,735,2,GOOD,2024-07-23
1873,251,Block A,CLASSROOM,2011,704,2,POOR,2021-06-20
1874,251,Junior Block,CLASSROOM,1998,159,1,CRITICAL,2020-05-22
1875,251,Block E,CLASSROOM,1981,355,1,GOOD,2023-01-14
1876,252,Block B,CLASSROOM,1984,75,1,GOOD,2021-02-07
1877,252,Administration Building,ADMIN,1951,149,1,FAIR,2024-05-16
1878,252,Sports Amenities,TOILET_BLOCK,2019,723,1,GOOD,2023-03-14
1879,252,Cricket Pavilion,SPORTS_PAVILION,1994,799,1,POOR,2024-08-10
1880,252,School Hall,HALL,1975,241,1,FAIR,2021-08-01
1881,252,Equipment Store,STORAGE,1989,84,1,CRITICAL,2020-01-25
1882,252,Wood Workshop,WORKSHOP,1992,729,2,GOOD,2023-12-30
1883,252,Resource Centre,LIBRARY,1971,602,2,FAIR,2020-06-20
1884,252,Sports Hall,GYM,1998,329,2,GOOD,2020-07-26
1885,253,Block E,CLASSROOM,1961,611,1,CRITICAL,2020-12-02
1886,253,Main Office,ADMIN,1961,282,2,POOR,2024-08-06
1887,253,Sports Amenities,TOILET_BLOCK,1991,535,1,FAIR,2023-02-23
1888,253,School Library,LIBRARY,2014,57,1,GOOD,2022-02-20
1889,253,Grounds Shed,STORAGE,1976,27,1,POOR,2021-02-06
1890,253,Metal Workshop,WORKSHOP,2014,600,2,FAIR,2023-08-13
1891,253,Cricket Pavilion,SPORTS_PAVILION,2002,86,1,FAIR,2023-09-24
1892,253,School Hall,HALL,1976,327,2,FAIR,2022-04-30
1893,253,Sports Hall,GYM,1967,528,1,FAIR,2020-07-04
1894,253,Senior Block,CLASSROOM,2003,766,1,FAIR,2022-08-27
1895,253,Senior Block,CLASSROOM,2008,687,1,FAIR,2022-09-05
1896,253,Block E,CLASSROOM,1962,479,2,POOR,2020-03-10
1897,254,Block D,CLASSROOM,1962,791,2,GOOD,2024-01-08
1898,254,Main Office,ADMIN,1977,340,1,FAIR,2022-07-27
1899,254,Senior Toilets,TOILET_BLOCK,1970,316,1,POOR,2022-02-03
1900,254,Learning Centre,LIBRARY,1986,247,2,FAIR,2020-10-30
1901,254,Maintenance Shed,STORAGE,1977,43,1,POOR,2021-12-14
1902,254,Assembly Hall,HALL,2011,64,1,GOOD,2020-10-16
1903,254,Technology Workshop,WORKSHOP,2019,384,2,POOR,2020-06-10
1904,254,Cricket Pavilion,SPORTS_PAVILION,1951,724,1,FAIR,2024-07-27
1905,254,Main Gymnasium,GYM,2002,426,2,GOOD,2023-04-06
1906,254,Block A,CLASSROOM,1986,477,2,GOOD,2021-10-22
1907,255,Junior Block,CLASSROOM,1959,502,2,GOOD,2022-09-08
1908,255,Staff Block,ADMIN,2000,408,2,FAIR,2020-03-26
1909,255,Sports Amenities,TOILET_BLOCK,1984,554,1,GOOD,2023-01-24
1910,255,Main Gymnasium,GYM,2014,94,2,FAIR,2021-09-25
1911,255,Resource Centre,LIBRARY,1962,269,1,GOOD,2022-10-26
1912,255,Performing Arts Centre,HALL,2000,628,2,GOOD,2021-11-20
1913,255,Sports Store,STORAGE,1958,81,1,GOOD,2020-06-05
1914,255,Wood Workshop,WORKSHOP,1953,243,1,CRITICAL,2023-01-10
1915,255,Sports Pavilion,SPORTS_PAVILION,1974,666,1,GOOD,2020-12-28
1916,255,Block C,CLASSROOM,1983,759,2,FAIR,2021-11-21
1917,256,Junior Block,CLASSROOM,1969,90,1,GOOD,2020-07-21
1918,256,Administration Building,ADMIN,2014,476,2,GOOD,2023-02-12
1919,256,Junior Toilets,TOILET_BLOCK,1996,562,1,POOR,2020-02-13
1920,256,Assembly Hall,HALL,1989,291,2,POOR,2024-03-17
1921,256,Food Technology,WORKSHOP,2016,105,1,GOOD,2020-04-05
1922,256,Sports Pavilion,SPORTS_PAVILION,1956,271,1,POOR,2024-08-13
1923,257,Senior Block,CLASSROOM,1955,211,1,GOOD,2024-07-23
1924,257,Staff Block,ADMIN,1989,727,2,GOOD,2020-02-20
1925,257,Sports Amenities,TOILET_BLOCK,1976,155,1,POOR,2021-04-10
1926,257,Sports Hall,GYM,1961,725,2,FAIR,2024-10-01
1927,257,Grounds Shed,STORAGE,1951,31,1,CRITICAL,2023-08-24
1928,257,School Hall,HALL,1973,379,1,POOR,2021-10-30
1929,257,Resource Centre,LIBRARY,2009,66,2,FAIR,2024-08-30
1930,257,Changing Rooms,SPORTS_PAVILION,1998,274,1,FAIR,2022-07-14
1931,258,Block A,CLASSROOM,1987,363,2,POOR,2020-01-30
1932,258,Staff Block,ADMIN,2000,633,1,GOOD,2020-04-27
1933,258,Sports Amenities,TOILET_BLOCK,2015,370,1,FAIR,2023-10-15
1934,258,Assembly Hall,HALL,1998,336,1,FAIR,2024-04-22
1935,258,Resource Centre,LIBRARY,1974,270,2,FAIR,2023-05-17
1936,258,Fitness Centre,GYM,2011,461,1,FAIR,2022-03-29
1937,259,Arts Block,CLASSROOM,1953,335,2,FAIR,2022-10-23
1938,259,Staff Block,ADMIN,2018,715,2,GOOD,2022-11-04
1939,259,Staff Facilities,TOILET_BLOCK,1950,573,1,POOR,2022-06-13
1940,259,School Hall,HALL,1991,415,1,GOOD,2023-07-25
1941,259,Fitness Centre,GYM,1953,295,2,FAIR,2023-06-22
1942,259,Technology Workshop,WORKSHOP,1968,401,1,GOOD,2024-10-26
1943,259,Cricket Pavilion,SPORTS_PAVILION,2020,575,1,POOR,2024-02-25
1944,259,School Library,LIBRARY,1980,446,2,GOOD,2020-03-14
1945,260,Block B,CLASSROOM,2022,728,2,POOR,2022-05-04
1946,260,Administration Building,ADMIN,1994,388,2,GOOD,2023-10-20
1947,260,Senior Toilets,TOILET_BLOCK,1996,527,1,CRITICAL,2022-07-10
1948,260,Grounds Shed,STORAGE,1962,83,1,FAIR,2024-08-10
1949,260,School Hall,HALL,1984,89,2,GOOD,2022-10-05
1950,260,Food Technology,WORKSHOP,1965,733,2,CRITICAL,2024-10-17
1951,260,Sports Pavilion,SPORTS_PAVILION,1998,472,1,POOR,2022-03-24
1952,260,Fitness Centre,GYM,1951,570,2,FAIR,2021-08-26
1953,260,Resource Centre,LIBRARY,1998,330,1,GOOD,2021-10-25
1954,261,Block D,CLASSROOM,1998,672,1,FAIR,2020-07-19
1955,261,Staff Block,ADMIN,1961,82,2,FAIR,2024-07-22
1956,261,Staff Facilities,TOILET_BLOCK,1952,370,1,FAIR,2020-12-16
1957,261,Technology Workshop,WORKSHOP,1998,397,2,FAIR,2021-11-02
1958,261,Cricket Pavilion,SPORTS_PAVILION,1981,328,1,FAIR,2023-11-03
1959,261,Grounds Shed,STORAGE,1967,36,1,GOOD,2021-05-07
1960,261,Main Gymnasium,GYM,1989,217,2,POOR,2022-04-02
1961,261,Learning Centre,LIBRARY,1981,197,2,GOOD,2024-04-03
1962,262,Block D,CLASSROOM,1961,637,2,FAIR,2020-09-26
1963,262,Main Office,ADMIN,1995,230,1,GOOD,2024-01-21
1964,262,Staff Facilities,TOILET_BLOCK,2003,51,1,GOOD,2022-03-03
1965,262,Assembly Hall,HALL,1982,457,2,FAIR,2022-11-27
1966,262,Food Technology,WORKSHOP,1997,733,1,FAIR,2023-11-17
1967,262,Equipment Store,STORAGE,1989,88,1,GOOD,2023-03-06
1968,262,Learning Centre,LIBRARY,2009,383,2,GOOD,2020-12-16
1969,262,Fitness Centre,GYM,1993,686,2,POOR,2022-02-03
1970,262,Sports Pavilion,SPORTS_PAVILION,1958,447,1,GOOD,2020-02-20
1971,262,Block E,CLASSROOM,1991,679,1,POOR,2023-09-09
1972,263,Technology Block,CLASSROOM,2003,142,1,CRITICAL,2024-08-22
1973,263,Staff Block,ADMIN,1982,89,1,GOOD,2020-06-15
1974,263,Staff Facilities,TOILET_BLOCK,2019,280,1,FAIR,2023-05-16
1975,263,Sports Pavilion,SPORTS_PAVILION,1964,370,1,GOOD,2024-04-21
1976,263,School Hall,HALL,2001,108,2,GOOD,2022-01-19
1977,263,Learning Centre,LIBRARY,2016,217,1,CRITICAL,2021-11-13
1978,265,Technology Block,CLASSROOM,1962,652,1,FAIR,2020-10-09
1979,265,Staff Block,ADMIN,1954,232,2,GOOD,2024-04-25
1980,265,Junior Toilets,TOILET_BLOCK,1969,775,1,POOR,2020-12-17
1981,265,Food Technology,WORKSHOP,1975,572,1,GOOD,2023-09-08
1982,265,Fitness Centre,GYM,1988,635,2,POOR,2021-09-02
1983,265,Performing Arts Centre,HALL,1952,643,1,FAIR,2023-05-22
1984,265,Sports Store,STORAGE,1994,40,1,FAIR,2022-09-08
1985,265,School Library,LIBRARY,1950,465,1,CRITICAL,2023-04-01
1986,265,Changing Rooms,SPORTS_PAVILION,1983,581,1,FAIR,2023-03-12
1987,265,Arts Block,CLASSROOM,1973,374,1,CRITICAL,2022-12-31
1988,266,Arts Block,CLASSROOM,2007,380,1,POOR,2022-11-04
1989,266,Administration Building,ADMIN,1961,775,1,GOOD,2023-05-19
1990,266,Senior Toilets,TOILET_BLOCK,2000,300,1,GOOD,2022-12-22
1991,268,Science Block,CLASSROOM,1955,392,2,GOOD,2020-01-06
1992,268,Administration Building,ADMIN,1958,430,2,GOOD,2021-05-30
1993,268,Junior Toilets,TOILET_BLOCK,2001,242,1,POOR,2022-09-11
1994,268,Equipment Store,STORAGE,1992,92,1,GOOD,2022-05-20
1995,268,Fitness Centre,GYM,2007,285,1,GOOD,2023-08-26
1996,268,Performing Arts Centre,HALL,1953,605,2,GOOD,2023-01-08
1997,268,Wood Workshop,WORKSHOP,1959,722,1,FAIR,2023-09-10
1998,268,Sports Pavilion,SPORTS_PAVILION,1972,62,1,GOOD,2024-02-25
1999,268,Learning Centre,LIBRARY,2000,570,2,GOOD,2020-03-01
2000,269,Block A,CLASSROOM,2020,449,2,GOOD,2022-03-29
2001,269,Administration Building,ADMIN,1957,297,2,GOOD,2023-06-29
2002,269,Staff Facilities,TOILET_BLOCK,1976,644,1,GOOD,2021-06-20
2003,269,Assembly Hall,HALL,2001,403,2,FAIR,2022-04-05
2004,269,Food Technology,WORKSHOP,1980,127,2,GOOD,2020-09-26
2005,269,Resource Centre,LIBRARY,1997,398,2,GOOD,2023-10-11
2006,269,Maintenance Shed,STORAGE,2012,44,1,GOOD,2023-06-18
2007,269,Sports Hall,GYM,2008,758,1,CRITICAL,2023-04-07
2008,269,Sports Pavilion,SPORTS_PAVILION,1963,334,1,POOR,2023-01-18
2009,269,Block A,CLASSROOM,1987,169,1,CRITICAL,2020-10-03
2010,269,Block B,CLASSROOM,2000,358,1,POOR,2024-04-21
2011,269,Science Block,CLASSROOM,2021,589,2,GOOD,2024-01-09
2012,272,Technology Block,CLASSROOM,1955,195,1,FAIR,2020-11-28
2013,272,Administration Building,ADMIN,1950,212,2,GOOD,2020-05-11
2014,272,Staff Facilities,TOILET_BLOCK,2007,102,1,GOOD,2021-04-09
2015,272,Sports Hall,GYM,1953,279,1,GOOD,2021-01-21
2016,272,School Library,LIBRARY,1965,115,2,GOOD,2023-08-04
2017,272,Sports Pavilion,SPORTS_PAVILION,1955,565,1,FAIR,2022-07-01
2018,272,Wood Workshop,WORKSHOP,1959,238,2,FAIR,2024-08-05
2019,272,Maintenance Shed,STORAGE,1970,55,1,FAIR,2024-06-15
2020,272,Performing Arts Centre,HALL,1994,262,2,GOOD,2022-12-19
2021,272,Technology Block,CLASSROOM,2009,558,1,GOOD,2021-10-09
2022,272,Block E,CLASSROOM,1957,289,2,GOOD,2021-05-30
2023,273,Technology Block,CLASSROOM,2009,115,1,FAIR,2020-03-18
2024,273,Administration Building,ADMIN,1960,418,2,GOOD,2021-03-22
2025,273,Sports Amenities,TOILET_BLOCK,1999,724,1,POOR,2022-07-08
2026,273,Maintenance Shed,STORAGE,1980,92,1,FAIR,2023-05-19
2027,273,Learning Centre,LIBRARY,1960,722,1,CRITICAL,2024-07-26
2028,273,School Hall,HALL,2006,616,1,POOR,2023-04-05
2029,273,Food Technology,WORKSHOP,2011,549,1,FAIR,2024-03-23
2030,273,Changing Rooms,SPORTS_PAVILION,2018,250,1,POOR,2020-06-18
2031,273,Sports Hall,GYM,1954,139,1,GOOD,2022-06-08
2032,274,Block A,CLASSROOM,2008,631,1,FAIR,2023-06-18
2033,274,Administration Building,ADMIN,2009,353,2,FAIR,2021-07-12
2034,274,Sports Amenities,TOILET_BLOCK,1990,589,1,FAIR,2020-06-30
2035,274,Learning Centre,LIBRARY,1966,51,2,POOR,2021-03-09
2036,274,Equipment Store,STORAGE,2001,43,1,FAIR,2021-08-18
2037,274,School Hall,HALL,1964,484,1,POOR,2020-06-30
2038,274,Sports Pavilion,SPORTS_PAVILION,1982,233,1,FAIR,2023-07-18
2039,274,Sports Hall,GYM,2015,597,1,FAIR,2024-09-27
2040,274,Technology Workshop,WORKSHOP,1993,568,1,FAIR,2023-12-13
2041,274,Block D,CLASSROOM,1983,50,2,FAIR,2024-04-07
2042,275,Technology Block,CLASSROOM,2014,393,1,GOOD,2024-08-03
2043,275,Staff Block,ADMIN,2002,225,2,FAIR,2022-06-07
2044,275,Staff Facilities,TOILET_BLOCK,2015,344,1,POOR,2024-09-10
2045,275,Performing Arts Centre,HALL,2004,577,2,FAIR,2024-08-11
2046,275,Cricket Pavilion,SPORTS_PAVILION,1992,346,1,FAIR,2021-07-02
2047,275,Learning Centre,LIBRARY,2014,123,2,GOOD,2020-11-29
2048,275,Sports Hall,GYM,1995,616,1,GOOD,2024-08-17
2049,275,Technology Workshop,WORKSHOP,1959,383,1,GOOD,2021-04-17
2050,276,Block E,CLASSROOM,2004,56,2,CRITICAL,2021-03-12
2051,276,Main Office,ADMIN,2022,502,1,FAIR,2021-07-13
2052,276,Junior Toilets,TOILET_BLOCK,1997,483,1,GOOD,2022-08-27
2053,276,Fitness Centre,GYM,2015,754,1,FAIR,2020-11-07
2054,276,Technology Workshop,WORKSHOP,1957,157,1,GOOD,2020-07-08
2055,276,Assembly Hall,HALL,2013,792,1,POOR,2020-03-21
2056,276,Grounds Shed,STORAGE,1955,86,1,FAIR,2022-08-10
2057,276,Cricket Pavilion,SPORTS_PAVILION,2018,640,1,GOOD,2020-12-24
2058,276,Learning Centre,LIBRARY,2004,77,2,FAIR,2022-06-17
2059,276,Block A,CLASSROOM,2005,244,2,FAIR,2024-02-20
2060,276,Block D,CLASSROOM,1993,467,1,GOOD,2024-06-21
2061,277,Block D,CLASSROOM,1974,594,1,FAIR,2021-11-08
2062,277,Staff Block,ADMIN,2001,713,1,POOR,2020-03-14
2063,277,Senior Toilets,TOILET_BLOCK,1980,364,1,FAIR,2021-01-18
2064,277,Sports Store,STORAGE,2021,55,1,FAIR,2024-07-22
2065,277,Fitness Centre,GYM,1951,650,1,GOOD,2024-01-23
2066,277,Technology Workshop,WORKSHOP,1980,277,2,GOOD,2022-02-25
2067,277,Performing Arts Centre,HALL,1972,292,1,GOOD,2021-05-23
2068,277,Learning Centre,LIBRARY,1970,560,1,FAIR,2023-02-26
2069,277,Sports Pavilion,SPORTS_PAVILION,2017,241,1,GOOD,2020-09-05
2070,277,Technology Block,CLASSROOM,2015,119,2,FAIR,2022-07-12
2071,277,Senior Block,CLASSROOM,1991,439,2,FAIR,2021-07-23
2072,278,Junior Block,CLASSROOM,1964,224,1,GOOD,2021-02-04
2073,278,Main Office,ADMIN,1999,641,2,CRITICAL,2024-06-07
2074,278,Junior Toilets,TOILET_BLOCK,1961,344,1,CRITICAL,2023-06-18
2075,278,Wood Workshop,WORKSHOP,1967,494,1,GOOD,2022-08-29
2076,278,Fitness Centre,GYM,2015,563,2,FAIR,2023-09-08
2077,278,School Hall,HALL,1970,343,2,POOR,2021-04-03
2078,278,Maintenance Shed,STORAGE,1987,37,1,GOOD,2020-03-02
2079,278,Cricket Pavilion,SPORTS_PAVILION,2017,777,1,FAIR,2021-11-04
2080,278,Learning Centre,LIBRARY,1995,362,2,FAIR,2024-11-04
2081,278,Technology Block,CLASSROOM,1953,135,2,POOR,2024-07-22
2082,278,Block B,CLASSROOM,1987,594,2,GOOD,2022-04-02
2083,278,Block E,CLASSROOM,2018,202,1,CRITICAL,2020-02-09
2084,279,Block D,CLASSROOM,2011,528,1,FAIR,2024-09-25
2085,279,Administration Building,ADMIN,2021,616,2,FAIR,2021-02-21
2086,279,Junior Toilets,TOILET_BLOCK,1955,97,1,POOR,2020-10-22
2087,279,Sports Store,STORAGE,1959,53,1,POOR,2024-09-03
2088,279,Main Gymnasium,GYM,2019,637,1,POOR,2021-08-13
2089,279,Technology Workshop,WORKSHOP,1969,359,1,FAIR,2020-10-08
2090,279,Assembly Hall,HALL,1951,762,1,GOOD,2023-03-25
2091,279,Learning Centre,LIBRARY,1965,509,2,FAIR,2024-07-06
2092,280,Technology Block,CLASSROOM,1954,74,2,CRITICAL,2021-05-29
2093,280,Main Office,ADMIN,1952,757,1,GOOD,2020-10-28
2094,280,Sports Amenities,TOILET_BLOCK,1955,424,1,GOOD,2021-12-05
2095,280,Sports Hall,GYM,1978,147,1,FAIR,2022-12-30
2096,280,Performing Arts Centre,HALL,1955,565,2,POOR,2020-12-26
2097,280,Sports Store,STORAGE,1968,73,1,FAIR,2023-09-29
2098,280,Learning Centre,LIBRARY,1976,83,1,POOR,2022-01-24
2099,280,Food Technology,WORKSHOP,2017,549,2,POOR,2024-10-02
2100,281,Science Block,CLASSROOM,2003,721,1,GOOD,2024-03-06
2101,281,Main Office,ADMIN,2012,610,2,GOOD,2024-07-24
2102,281,Staff Facilities,TOILET_BLOCK,1984,98,1,GOOD,2022-12-03
2103,281,Technology Workshop,WORKSHOP,1986,484,1,GOOD,2020-09-18
2104,281,Grounds Shed,STORAGE,1978,93,1,GOOD,2023-08-15
2105,281,Main Gymnasium,GYM,2021,607,2,FAIR,2024-09-04
2106,281,Resource Centre,LIBRARY,1950,389,2,FAIR,2024-04-02
2107,281,Performing Arts Centre,HALL,1953,258,2,GOOD,2020-01-05
2108,281,Changing Rooms,SPORTS_PAVILION,2001,160,1,GOOD,2021-12-08
2109,281,Junior Block,CLASSROOM,1983,620,2,GOOD,2022-03-27
2110,281,Senior Block,CLASSROOM,1980,550,2,CRITICAL,2021-10-29
2111,281,Technology Block,CLASSROOM,2015,274,1,GOOD,2020-11-01
2112,282,Arts Block,CLASSROOM,1964,430,2,POOR,2020-06-16
2113,282,Staff Block,ADMIN,2004,279,2,GOOD,2022-02-10
2114,282,Junior Toilets,TOILET_BLOCK,1989,748,1,POOR,2020-04-24
2115,283,Science Block,CLASSROOM,1965,690,2,FAIR,2023-03-23
2116,283,Staff Block,ADMIN,2006,406,1,FAIR,2020-12-11
2117,283,Sports Amenities,TOILET_BLOCK,1955,577,1,GOOD,2022-11-18
2118,283,Cricket Pavilion,SPORTS_PAVILION,2000,273,1,GOOD,2024-01-30
2119,284,Block B,CLASSROOM,1965,474,1,GOOD,2023-04-24
2120,284,Main Office,ADMIN,2010,207,2,FAIR,2023-08-30
2121,284,Junior Toilets,TOILET_BLOCK,1963,67,1,GOOD,2023-06-26
2122,284,Performing Arts Centre,HALL,1979,711,2,GOOD,2023-12-24
2123,284,Sports Pavilion,SPORTS_PAVILION,1988,531,1,FAIR,2023-12-04
2124,286,Block E,CLASSROOM,1977,335,2,CRITICAL,2024-04-07
2125,286,Administration Building,ADMIN,1972,617,2,GOOD,2021-08-24
2126,286,Senior Toilets,TOILET_BLOCK,1980,361,1,GOOD,2022-09-14
2127,286,Resource Centre,LIBRARY,1979,241,2,FAIR,2021-02-02
2128,286,Changing Rooms,SPORTS_PAVILION,1964,677,1,FAIR,2021-11-30
2129,286,Metal Workshop,WORKSHOP,1998,422,1,GOOD,2022-10-16
2130,286,Performing Arts Centre,HALL,1972,496,1,GOOD,2020-08-29
2131,286,Fitness Centre,GYM,1972,487,2,FAIR,2022-02-11
2132,286,Equipment Store,STORAGE,1998,29,1,FAIR,2022-02-21
2133,286,Block A,CLASSROOM,2001,363,1,FAIR,2023-04-14
2134,286,Junior Block,CLASSROOM,2002,617,2,POOR,2024-11-03
2135,287,Technology Block,CLASSROOM,2000,749,2,GOOD,2024-01-25
2136,287,Administration Building,ADMIN,2002,698,2,FAIR,2024-09-09
2137,287,Staff Facilities,TOILET_BLOCK,1960,425,1,FAIR,2023-02-18
2138,287,Assembly Hall,HALL,1971,116,1,POOR,2024-01-29
2139,287,Food Technology,WORKSHOP,2012,184,1,GOOD,2021-02-19
2140,287,School Library,LIBRARY,1951,682,2,CRITICAL,2023-03-26
2141,288,Junior Block,CLASSROOM,1962,55,1,POOR,2020-02-15
2142,288,Main Office,ADMIN,1997,691,2,POOR,2021-05-20
2143,288,Senior Toilets,TOILET_BLOCK,1979,648,1,POOR,2020-12-01
2144,288,Equipment Store,STORAGE,2002,81,1,GOOD,2020-01-17
2145,288,Cricket Pavilion,SPORTS_PAVILION,1984,359,1,POOR,2023-10-27
2146,288,Assembly Hall,HALL,1959,375,2,GOOD,2023-05-09
2147,288,Main Gymnasium,GYM,2007,789,2,GOOD,2024-10-07
2148,288,Technology Workshop,WORKSHOP,1969,780,2,GOOD,2020-12-22
2149,289,Junior Block,CLASSROOM,1998,316,2,FAIR,2022-11-06
2150,289,Main Office,ADMIN,1951,342,1,FAIR,2022-06-24
2151,289,Sports Amenities,TOILET_BLOCK,1976,279,1,POOR,2022-03-17
2152,289,Resource Centre,LIBRARY,1980,644,1,GOOD,2021-11-29
2153,289,Technology Workshop,WORKSHOP,1987,645,1,GOOD,2022-03-19
2154,289,Changing Rooms,SPORTS_PAVILION,2009,128,1,GOOD,2020-02-04
2155,289,Sports Hall,GYM,2010,640,2,POOR,2023-06-04
2156,289,Performing Arts Centre,HALL,1987,756,2,POOR,2020-04-24
2157,289,Equipment Store,STORAGE,2001,47,1,POOR,2021-01-07
2158,290,Technology Block,CLASSROOM,1994,521,2,GOOD,2020-09-15
2159,290,Staff Block,ADMIN,1953,467,1,GOOD,2020-01-11
2160,290,Sports Amenities,TOILET_BLOCK,2006,645,1,FAIR,2020-10-18
2161,290,School Hall,HALL,1999,306,1,FAIR,2022-12-17
2162,290,Main Gymnasium,GYM,1967,759,2,GOOD,2024-03-28
2163,291,Junior Block,CLASSROOM,2006,425,1,GOOD,2024-09-24
2164,291,Administration Building,ADMIN,1991,515,2,GOOD,2024-12-03
2165,291,Staff Facilities,TOILET_BLOCK,1951,129,1,FAIR,2021-03-14
2166,292,Block A,CLASSROOM,2010,77,2,FAIR,2024-09-08
2167,292,Staff Block,ADMIN,2003,248,2,GOOD,2023-03-01
2168,292,Sports Amenities,TOILET_BLOCK,1964,780,1,FAIR,2024-08-05
2169,292,Sports Pavilion,SPORTS_PAVILION,1966,659,1,POOR,2020-07-19
2170,292,Performing Arts Centre,HALL,1958,158,1,GOOD,2022-10-26
2171,292,Equipment Store,STORAGE,1970,45,1,CRITICAL,2024-03-01
2172,293,Senior Block,CLASSROOM,1976,537,1,FAIR,2023-12-09
2173,293,Administration Building,ADMIN,2007,651,1,FAIR,2024-04-21
2174,293,Staff Facilities,TOILET_BLOCK,1984,274,1,POOR,2024-06-02
2175,293,Main Gymnasium,GYM,1981,232,2,GOOD,2024-04-09
2176,293,Learning Centre,LIBRARY,1980,394,1,POOR,2024-07-08
2177,293,Sports Pavilion,SPORTS_PAVILION,2010,570,1,POOR,2021-09-22
2178,293,School Hall,HALL,2002,757,2,FAIR,2023-12-15
2179,293,Grounds Shed,STORAGE,2019,36,1,GOOD,2022-08-02
2180,293,Wood Workshop,WORKSHOP,1968,260,2,GOOD,2022-03-29
2181,294,Block B,CLASSROOM,1967,378,2,FAIR,2022-05-25
2182,294,Administration Building,ADMIN,1988,487,1,POOR,2021-10-04
2183,294,Senior Toilets,TOILET_BLOCK,1966,107,1,POOR,2024-11-04
2184,294,Sports Store,STORAGE,2010,71,1,FAIR,2020-04-20
2185,294,Sports Pavilion,SPORTS_PAVILION,2013,452,1,GOOD,2020-12-28
2186,294,School Library,LIBRARY,1976,790,1,FAIR,2023-04-06
2187,294,Food Technology,WORKSHOP,1966,75,2,GOOD,2024-04-11
2188,294,Assembly Hall,HALL,1968,165,1,FAIR,2023-08-05
2189,294,Fitness Centre,GYM,1955,515,1,FAIR,2023-09-29
2190,294,Junior Block,CLASSROOM,1978,564,2,FAIR,2020-11-16
2191,295,Block A,CLASSROOM,2012,276,2,FAIR,2024-06-18
2192,295,Staff Block,ADMIN,2013,226,2,FAIR,2021-11-13
2193,295,Junior Toilets,TOILET_BLOCK,2017,527,1,GOOD,2020-05-08
2194,295,Sports Hall,GYM,1997,245,2,FAIR,2021-12-07
2195,295,School Library,LIBRARY,1951,147,1,CRITICAL,2021-01-27
2196,295,Cricket Pavilion,SPORTS_PAVILION,1963,289,1,GOOD,2024-10-10
2197,295,School Hall,HALL,1996,563,1,FAIR,2021-03-21
2198,295,Equipment Store,STORAGE,1997,44,1,POOR,2021-08-03
2199,296,Block A,CLASSROOM,1991,681,1,GOOD,2021-11-13
2200,296,Administration Building,ADMIN,2017,794,1,GOOD,2024-07-20
2201,296,Senior Toilets,TOILET_BLOCK,1997,366,1,FAIR,2022-04-02
2202,296,Assembly Hall,HALL,1993,232,2,GOOD,2020-03-08
2203,296,Grounds Shed,STORAGE,1994,98,1,GOOD,2021-10-24
2204,296,Technology Workshop,WORKSHOP,1984,596,1,FAIR,2023-10-31
2205,296,Fitness Centre,GYM,2006,552,2,GOOD,2021-11-17
2206,296,Sports Pavilion,SPORTS_PAVILION,1995,632,1,POOR,2022-03-19
2207,296,School Library,LIBRARY,2003,145,1,GOOD,2023-11-06
2208,296,Block B,CLASSROOM,1952,117,2,FAIR,2022-10-23
2209,296,Block D,CLASSROOM,1964,58,2,POOR,2020-03-04
2210,297,Block C,CLASSROOM,1960,399,1,GOOD,2021-02-20
2211,297,Administration Building,ADMIN,1980,257,1,GOOD,2022-09-16
2212,297,Staff Facilities,TOILET_BLOCK,1975,306,1,FAIR,2022-05-10
2213,297,School Hall,HALL,1959,473,1,GOOD,2020-11-11
2214,298,Block A,CLASSROOM,1976,196,2,FAIR,2020-04-11
2215,298,Staff Block,ADMIN,1952,395,2,FAIR,2024-02-18
2216,298,Staff Facilities,TOILET_BLOCK,1971,613,1,FAIR,2022-03-05
2217,298,Food Technology,WORKSHOP,2013,792,2,GOOD,2021-10-08
2218,298,Changing Rooms,SPORTS_PAVILION,1976,132,1,FAIR,2021-02-06
2219,298,Learning Centre,LIBRARY,1977,608,1,POOR,2020-05-15
2220,298,Assembly Hall,HALL,2005,453,2,POOR,2021-08-26
2221,298,Fitness Centre,GYM,1996,353,1,FAIR,2023-04-16
2222,298,Equipment Store,STORAGE,2003,77,1,FAIR,2023-08-09
2223,299,Senior Block,CLASSROOM,2006,692,1,FAIR,2023-11-02
2224,299,Main Office,ADMIN,2002,391,1,POOR,2021-01-07
2225,299,Sports Amenities,TOILET_BLOCK,1973,152,1,GOOD,2020-12-31
2226,299,Grounds Shed,STORAGE,1985,33,1,GOOD,2021-01-27
2227,300,Arts Block,CLASSROOM,1993,60,1,GOOD,2020-10-01
2228,300,Main Office,ADMIN,2011,348,2,POOR,2022-01-28
2229,300,Sports Amenities,TOILET_BLOCK,2021,125,1,GOOD,2022-10-14
2230,301,Block B,CLASSROOM,1986,386,1,POOR,2023-12-07
2231,301,Administration Building,ADMIN,1967,272,2,GOOD,2022-10-24
2232,301,Sports Amenities,TOILET_BLOCK,1959,239,1,FAIR,2020-09-02
2233,301,Cricket Pavilion,SPORTS_PAVILION,1967,512,1,FAIR,2022-02-04
2234,301,Assembly Hall,HALL,2012,664,2,POOR,2024-05-12
2235,301,Main Gymnasium,GYM,1974,466,2,FAIR,2021-11-08
2236,301,Sports Store,STORAGE,1984,58,1,FAIR,2021-08-16
2237,301,Technology Workshop,WORKSHOP,1971,356,1,GOOD,2020-11-15
2238,303,Block C,CLASSROOM,2016,745,2,POOR,2021-11-21
2239,303,Staff Block,ADMIN,1975,489,1,POOR,2024-09-28
2240,303,Senior Toilets,TOILET_BLOCK,1972,441,1,POOR,2024-04-03
2241,303,Cricket Pavilion,SPORTS_PAVILION,2006,599,1,GOOD,2024-06-01
2242,303,Equipment Store,STORAGE,1979,80,1,FAIR,2023-02-26
2243,303,Fitness Centre,GYM,2014,489,2,FAIR,2022-07-28
2244,303,Food Technology,WORKSHOP,1986,183,2,GOOD,2024-09-06
2245,303,School Hall,HALL,1990,461,1,FAIR,2024-03-08
2246,303,Learning Centre,LIBRARY,1975,111,2,FAIR,2023-03-12
2247,303,Arts Block,CLASSROOM,1962,479,2,GOOD,2021-12-13
2248,303,Block B,CLASSROOM,1975,160,2,POOR,2022-12-14
2249,304,Junior Block,CLASSROOM,1999,657,1,POOR,2022-11-30
2250,304,Administration Building,ADMIN,2021,255,1,GOOD,2021-04-04
2251,304,Junior Toilets,TOILET_BLOCK,2003,498,1,FAIR,2022-12-23
2252,305,Arts Block,CLASSROOM,1968,290,1,GOOD,2023-11-24
2253,305,Main Office,ADMIN,2020,689,1,GOOD,2022-12-08
2254,305,Staff Facilities,TOILET_BLOCK,1984,348,1,FAIR,2020-06-11
2255,305,Sports Pavilion,SPORTS_PAVILION,1979,423,1,FAIR,2023-03-13
2256,305,School Library,LIBRARY,2013,263,1,POOR,2021-11-27
2257,306,Technology Block,CLASSROOM,1972,783,2,FAIR,2022-12-21
2258,306,Administration Building,ADMIN,1975,418,1,POOR,2023-07-23
2259,306,Sports Amenities,TOILET_BLOCK,1996,139,1,FAIR,2020-02-14
2260,307,Block C,CLASSROOM,1993,671,2,GOOD,2021-06-12
2261,307,Staff Block,ADMIN,1955,579,2,GOOD,2023-09-15
2262,307,Junior Toilets,TOILET_BLOCK,1978,442,1,GOOD,2020-08-03
2263,307,Sports Store,STORAGE,1972,96,1,GOOD,2021-07-28
2264,307,Main Gymnasium,GYM,1963,364,2,POOR,2023-06-08
2265,308,Block A,CLASSROOM,2009,701,1,GOOD,2024-03-10
2266,308,Main Office,ADMIN,1969,425,1,FAIR,2023-01-22
2267,308,Sports Amenities,TOILET_BLOCK,1981,777,1,FAIR,2021-04-20
2268,308,Changing Rooms,SPORTS_PAVILION,1966,197,1,FAIR,2024-04-10
2269,308,Grounds Shed,STORAGE,1979,73,1,GOOD,2023-09-07
2270,308,School Library,LIBRARY,1975,561,1,FAIR,2021-03-28
2271,309,Block D,CLASSROOM,2001,312,2,GOOD,2023-01-03
2272,309,Administration Building,ADMIN,1960,448,2,POOR,2022-04-24
2273,309,Sports Amenities,TOILET_BLOCK,2018,213,1,GOOD,2022-12-02
2274,309,Metal Workshop,WORKSHOP,1971,750,2,GOOD,2020-09-05
2275,309,Cricket Pavilion,SPORTS_PAVILION,1955,248,1,POOR,2023-10-09
2276,310,Block E,CLASSROOM,1982,168,1,FAIR,2021-06-15
2277,310,Main Office,ADMIN,1974,182,2,FAIR,2023-07-24
2278,310,Senior Toilets,TOILET_BLOCK,1965,554,1,FAIR,2022-10-16
2279,310,Assembly Hall,HALL,1996,513,1,GOOD,2021-03-14
2280,310,Grounds Shed,STORAGE,2001,58,1,GOOD,2022-09-30
2281,310,Main Gymnasium,GYM,1962,754,2,GOOD,2023-07-22
2282,311,Technology Block,CLASSROOM,2012,342,2,GOOD,2024-01-29
2283,311,Administration Building,ADMIN,1971,620,1,GOOD,2020-12-11
2284,311,Sports Amenities,TOILET_BLOCK,2002,587,1,FAIR,2023-11-03
2285,311,Sports Pavilion,SPORTS_PAVILION,2012,477,1,FAIR,2024-08-24
2286,311,Food Technology,WORKSHOP,1986,497,2,GOOD,2023-09-09
2287,312,Science Block,CLASSROOM,1976,80,1,POOR,2020-08-06
2288,312,Staff Block,ADMIN,1971,398,1,FAIR,2024-10-17
2289,312,Staff Facilities,TOILET_BLOCK,2013,157,1,FAIR,2021-03-18
2290,312,School Hall,HALL,1952,546,1,FAIR,2024-01-07
2291,312,School Library,LIBRARY,2013,460,2,GOOD,2023-06-06
2292,312,Changing Rooms,SPORTS_PAVILION,1982,686,1,POOR,2023-05-16
2293,312,Technology Workshop,WORKSHOP,1971,212,2,POOR,2021-02-03
2294,312,Sports Store,STORAGE,1956,51,1,FAIR,2024-04-19
2295,312,Fitness Centre,GYM,1987,277,1,POOR,2024-11-22
2296,312,Block E,CLASSROOM,1985,669,2,FAIR,2021-01-19
2297,312,Science Block,CLASSROOM,1952,670,2,GOOD,2020-02-11
2298,314,Junior Block,CLASSROOM,2015,296,2,GOOD,2021-06-14
2299,314,Administration Building,ADMIN,2016,133,1,GOOD,2020-09-07
2300,314,Staff Facilities,TOILET_BLOCK,1994,61,1,GOOD,2021-07-07
2301,314,School Hall,HALL,1969,116,1,CRITICAL,2023-04-05
2302,314,Sports Pavilion,SPORTS_PAVILION,1984,116,1,FAIR,2020-02-07
2303,314,Food Technology,WORKSHOP,1987,640,1,POOR,2024-02-14
2304,314,Learning Centre,LIBRARY,1996,202,2,GOOD,2022-03-02
2305,314,Maintenance Shed,STORAGE,2017,88,1,POOR,2022-06-04
2306,314,Sports Hall,GYM,1963,640,1,FAIR,2020-12-17
2307,315,Senior Block,CLASSROOM,1998,147,2,FAIR,2022-10-16
2308,315,Administration Building,ADMIN,1975,663,1,GOOD,2023-05-23
2309,315,Sports Amenities,TOILET_BLOCK,1974,645,1,GOOD,2022-04-20
2310,315,Maintenance Shed,STORAGE,1958,91,1,GOOD,2021-01-08
2311,315,Technology Workshop,WORKSHOP,1956,460,1,POOR,2020-02-18
2312,315,Sports Pavilion,SPORTS_PAVILION,2003,368,1,FAIR,2020-03-03
2313,315,School Hall,HALL,1978,148,2,GOOD,2021-02-04
2314,315,Resource Centre,LIBRARY,1993,664,1,GOOD,2020-12-25
2315,315,Sports Hall,GYM,1969,777,1,FAIR,2021-07-19
2316,316,Block E,CLASSROOM,1972,658,2,CRITICAL,2021-11-17
2317,316,Administration Building,ADMIN,1976,603,1,FAIR,2020-04-25
2318,316,Senior Toilets,TOILET_BLOCK,1979,684,1,GOOD,2020-09-11
2319,316,Sports Store,STORAGE,2022,69,1,POOR,2022-12-17
2320,316,Sports Hall,GYM,1967,770,2,GOOD,2024-04-18
2321,316,Assembly Hall,HALL,2012,404,2,GOOD,2021-09-30
2322,316,Wood Workshop,WORKSHOP,1978,261,1,GOOD,2023-03-15
2323,316,Cricket Pavilion,SPORTS_PAVILION,2003,71,1,FAIR,2022-01-25
2324,317,Block E,CLASSROOM,2009,518,2,GOOD,2021-07-22
2325,317,Main Office,ADMIN,1981,73,2,GOOD,2020-04-04
2326,317,Staff Facilities,TOILET_BLOCK,1989,87,1,FAIR,2022-04-12
2327,317,Main Gymnasium,GYM,1969,388,1,GOOD,2021-10-23
2328,317,Assembly Hall,HALL,1975,336,1,FAIR,2020-12-12
2329,318,Block E,CLASSROOM,1953,294,2,FAIR,2024-04-07
2330,318,Staff Block,ADMIN,1992,342,1,GOOD,2024-08-13
2331,318,Staff Facilities,TOILET_BLOCK,1981,143,1,GOOD,2023-07-22
2332,318,School Library,LIBRARY,1970,178,1,GOOD,2023-05-03
2333,318,Cricket Pavilion,SPORTS_PAVILION,1961,351,1,CRITICAL,2024-06-12
2334,318,Technology Workshop,WORKSHOP,1985,84,1,POOR,2021-08-28
2335,318,Equipment Store,STORAGE,1983,54,1,GOOD,2023-01-08
2336,318,Sports Hall,GYM,2003,787,1,CRITICAL,2023-09-18
2337,318,School Hall,HALL,2004,633,2,POOR,2022-05-07
2338,318,Senior Block,CLASSROOM,1994,398,1,FAIR,2021-06-10
2339,318,Senior Block,CLASSROOM,1968,579,1,GOOD,2021-12-12
2340,319,Block E,CLASSROOM,1972,314,1,POOR,2020-02-22
2341,319,Staff Block,ADMIN,1995,746,1,GOOD,2021-03-01
2342,319,Staff Facilities,TOILET_BLOCK,1950,759,1,GOOD,2023-06-17
2343,319,Technology Workshop,WORKSHOP,1981,131,1,FAIR,2020-01-12
2344,319,Maintenance Shed,STORAGE,2021,97,1,POOR,2024-11-22
2345,319,Resource Centre,LIBRARY,1961,152,2,GOOD,2020-05-14
2346,319,Sports Hall,GYM,1950,565,1,POOR,2020-03-29
2347,319,Changing Rooms,SPORTS_PAVILION,2022,60,1,POOR,2023-10-27
2348,319,Assembly Hall,HALL,1978,746,1,POOR,2023-12-07
2349,319,Junior Block,CLASSROOM,2005,732,2,GOOD,2020-07-27
2350,320,Arts Block,CLASSROOM,1950,271,2,GOOD,2022-06-07
2351,320,Staff Block,ADMIN,1968,772,1,FAIR,2022-05-09
2352,320,Senior Toilets,TOILET_BLOCK,2019,323,1,FAIR,2020-11-02
2353,320,Changing Rooms,SPORTS_PAVILION,1966,231,1,GOOD,2022-11-14
2354,320,Sports Store,STORAGE,2015,82,1,POOR,2020-12-16
2355,320,School Library,LIBRARY,1976,454,1,GOOD,2024-06-08
2356,321,Block B,CLASSROOM,2002,212,1,POOR,2022-05-31
2357,321,Staff Block,ADMIN,1972,704,1,POOR,2020-04-25
2358,321,Sports Amenities,TOILET_BLOCK,2017,126,1,FAIR,2023-01-23
2359,321,School Library,LIBRARY,1953,552,2,GOOD,2021-12-28
2360,321,Cricket Pavilion,SPORTS_PAVILION,2021,744,1,POOR,2021-02-15
2361,321,Performing Arts Centre,HALL,1982,407,1,FAIR,2020-11-15
2362,321,Main Gymnasium,GYM,1957,503,2,FAIR,2024-09-24
2363,321,Metal Workshop,WORKSHOP,1963,109,2,POOR,2021-12-30
2364,321,Maintenance Shed,STORAGE,2001,26,1,GOOD,2020-05-28
2365,321,Junior Block,CLASSROOM,1978,623,1,POOR,2020-08-23
2366,321,Senior Block,CLASSROOM,1987,121,1,GOOD,2023-11-19
2367,324,Arts Block,CLASSROOM,1990,306,2,GOOD,2023-03-02
2368,324,Staff Block,ADMIN,1990,128,1,FAIR,2023-10-25
2369,324,Junior Toilets,TOILET_BLOCK,1965,755,1,POOR,2023-12-26
2370,324,Sports Hall,GYM,2019,632,1,FAIR,2020-06-20
2371,324,Technology Workshop,WORKSHOP,1970,375,1,FAIR,2024-10-15
2372,324,Sports Pavilion,SPORTS_PAVILION,2004,447,1,FAIR,2024-09-21
2373,324,Assembly Hall,HALL,1987,88,2,FAIR,2022-12-18
2374,324,Grounds Shed,STORAGE,1953,98,1,FAIR,2021-11-12
2375,325,Block B,CLASSROOM,1953,684,1,POOR,2021-09-25
2376,325,Administration Building,ADMIN,2002,522,1,GOOD,2022-11-04
2377,325,Senior Toilets,TOILET_BLOCK,2010,782,1,GOOD,2023-06-11
2378,325,Technology Workshop,WORKSHOP,2006,371,2,GOOD,2023-05-12
2379,325,Changing Rooms,SPORTS_PAVILION,1967,564,1,GOOD,2023-11-05
2380,325,Resource Centre,LIBRARY,1954,536,2,GOOD,2022-12-26
2381,325,Fitness Centre,GYM,1970,165,1,FAIR,2022-10-14
2382,325,School Hall,HALL,1952,622,1,FAIR,2021-04-17
2383,325,Grounds Shed,STORAGE,2009,94,1,POOR,2023-10-09
2384,326,Junior Block,CLASSROOM,2022,66,1,GOOD,2020-08-21
2385,326,Administration Building,ADMIN,2012,398,1,FAIR,2022-01-23
2386,326,Senior Toilets,TOILET_BLOCK,2017,77,1,FAIR,2022-05-10
2387,326,Changing Rooms,SPORTS_PAVILION,2014,302,1,GOOD,2024-01-11
2388,326,Food Technology,WORKSHOP,1950,314,2,POOR,2021-03-28
2389,326,Learning Centre,LIBRARY,1959,208,1,FAIR,2023-08-27
2390,326,School Hall,HALL,1991,705,2,POOR,2024-09-16
2391,326,Sports Store,STORAGE,1963,73,1,FAIR,2022-02-10
2392,326,Sports Hall,GYM,1997,397,2,FAIR,2023-07-01
2393,327,Block A,CLASSROOM,1968,508,2,POOR,2023-11-01
2394,327,Main Office,ADMIN,2008,351,1,FAIR,2023-08-19
2395,327,Senior Toilets,TOILET_BLOCK,2021,99,1,GOOD,2020-04-09
2396,327,Sports Hall,GYM,1991,353,1,FAIR,2024-09-08
2397,327,Maintenance Shed,STORAGE,1989,31,1,FAIR,2021-03-20
2398,327,Resource Centre,LIBRARY,1976,675,1,GOOD,2022-06-12
2399,327,Performing Arts Centre,HALL,1992,535,1,POOR,2020-12-11
2400,327,Wood Workshop,WORKSHOP,2015,259,2,FAIR,2023-09-19
2401,327,Sports Pavilion,SPORTS_PAVILION,1962,183,1,POOR,2022-10-10
2402,327,Junior Block,CLASSROOM,2001,347,1,FAIR,2021-12-16
2403,327,Block C,CLASSROOM,1960,457,2,GOOD,2022-08-05
2404,328,Block A,CLASSROOM,1960,493,1,GOOD,2023-10-23
2405,328,Main Office,ADMIN,1977,780,1,GOOD,2024-04-28
2406,328,Junior Toilets,TOILET_BLOCK,1969,189,1,CRITICAL,2020-10-10
2407,328,Cricket Pavilion,SPORTS_PAVILION,1967,796,1,FAIR,2020-12-28
2408,328,Fitness Centre,GYM,1990,495,1,FAIR,2024-11-11
2409,328,Assembly Hall,HALL,1961,64,2,GOOD,2020-05-28
2410,328,School Library,LIBRARY,2021,590,2,POOR,2023-02-21
2411,328,Grounds Shed,STORAGE,2021,77,1,CRITICAL,2022-09-15
2412,328,Metal Workshop,WORKSHOP,2019,799,1,FAIR,2023-02-23
2413,329,Block A,CLASSROOM,1987,150,2,POOR,2022-12-20
2414,329,Main Office,ADMIN,1981,760,1,FAIR,2024-05-11
2415,329,Staff Facilities,TOILET_BLOCK,1955,161,1,GOOD,2020-10-16
2416,329,Learning Centre,LIBRARY,1957,625,2,GOOD,2022-03-11
2417,329,Changing Rooms,SPORTS_PAVILION,2003,527,1,FAIR,2021-01-26
2418,330,Block A,CLASSROOM,1961,493,1,GOOD,2022-02-24
2419,330,Administration Building,ADMIN,2008,399,1,POOR,2024-01-24
2420,330,Sports Amenities,TOILET_BLOCK,1979,320,1,GOOD,2024-07-13
2421,330,Equipment Store,STORAGE,2012,93,1,FAIR,2024-03-20
2422,330,Assembly Hall,HALL,2009,433,2,FAIR,2020-06-03
2423,330,School Library,LIBRARY,1987,77,1,POOR,2020-07-13
2424,330,Main Gymnasium,GYM,1978,456,1,CRITICAL,2023-02-24
2425,330,Cricket Pavilion,SPORTS_PAVILION,1986,111,1,GOOD,2024-07-09
2426,330,Metal Workshop,WORKSHOP,2012,271,1,FAIR,2021-01-14
2427,331,Block A,CLASSROOM,1970,269,2,FAIR,2022-02-22
2428,331,Main Office,ADMIN,1987,160,2,GOOD,2024-07-12
2429,331,Junior Toilets,TOILET_BLOCK,1995,72,1,GOOD,2020-07-04
2430,331,School Library,LIBRARY,1951,579,1,FAIR,2020-11-02
2431,331,Sports Hall,GYM,1985,555,2,GOOD,2023-04-30
2432,331,Sports Store,STORAGE,1954,56,1,FAIR,2023-01-30
2433,331,Performing Arts Centre,HALL,1990,384,1,POOR,2021-07-31
2434,331,Technology Workshop,WORKSHOP,1950,524,2,FAIR,2020-08-04
2435,333,Block E,CLASSROOM,1958,507,1,FAIR,2021-02-04
2436,333,Administration Building,ADMIN,2020,218,2,POOR,2024-01-24
2437,333,Senior Toilets,TOILET_BLOCK,2012,59,1,FAIR,2021-08-09
2438,333,Resource Centre,LIBRARY,2006,798,1,FAIR,2022-04-01
2439,333,Technology Workshop,WORKSHOP,1957,734,1,FAIR,2023-02-21
2440,333,Cricket Pavilion,SPORTS_PAVILION,1985,222,1,GOOD,2020-11-22
2441,333,Sports Store,STORAGE,2003,63,1,FAIR,2022-08-31
2442,333,Performing Arts Centre,HALL,1964,224,2,GOOD,2024-01-30
2443,333,Main Gymnasium,GYM,1991,757,1,FAIR,2022-07-01
2444,334,Block C,CLASSROOM,1953,164,1,GOOD,2023-05-31
2445,334,Administration Building,ADMIN,1960,496,2,GOOD,2023-07-28
2446,334,Staff Facilities,TOILET_BLOCK,2003,343,1,FAIR,2024-09-05
2447,334,Performing Arts Centre,HALL,2007,161,2,GOOD,2020-01-27
2448,334,Sports Hall,GYM,1969,761,1,POOR,2023-04-05
2449,334,Changing Rooms,SPORTS_PAVILION,2020,566,1,GOOD,2021-02-20
2450,334,Grounds Shed,STORAGE,1997,45,1,FAIR,2020-02-13
2451,334,Wood Workshop,WORKSHOP,2009,525,2,GOOD,2024-01-31
2452,334,Resource Centre,LIBRARY,1963,159,2,GOOD,2024-05-29
2453,334,Technology Block,CLASSROOM,2013,625,1,FAIR,2020-02-22
2454,335,Senior Block,CLASSROOM,1951,692,1,FAIR,2024-01-15
2455,335,Main Office,ADMIN,1953,580,2,GOOD,2023-02-18
2456,335,Senior Toilets,TOILET_BLOCK,1976,619,1,GOOD,2022-01-03
2457,335,Resource Centre,LIBRARY,1988,107,2,CRITICAL,2023-08-26
2458,335,Performing Arts Centre,HALL,2022,333,2,POOR,2022-09-11
2459,335,Main Gymnasium,GYM,1966,774,2,FAIR,2024-07-28
2460,335,Technology Workshop,WORKSHOP,1979,467,1,FAIR,2021-03-22
2461,335,Sports Store,STORAGE,1983,52,1,FAIR,2022-09-02
2462,335,Sports Pavilion,SPORTS_PAVILION,1969,70,1,CRITICAL,2024-06-15
2463,335,Block C,CLASSROOM,1993,155,2,POOR,2020-01-10
2464,336,Senior Block,CLASSROOM,1954,727,2,GOOD,2024-03-07
2465,336,Main Office,ADMIN,1967,368,1,GOOD,2020-10-02
2466,336,Senior Toilets,TOILET_BLOCK,1954,507,1,CRITICAL,2020-07-26
2467,336,School Library,LIBRARY,1970,425,1,GOOD,2022-02-01
2468,336,Maintenance Shed,STORAGE,1992,93,1,POOR,2022-02-16
2469,336,Wood Workshop,WORKSHOP,1992,659,2,POOR,2021-12-28
2470,336,Sports Pavilion,SPORTS_PAVILION,2008,558,1,FAIR,2020-01-04
2471,336,Assembly Hall,HALL,1969,528,1,POOR,2020-06-05
2472,336,Main Gymnasium,GYM,1954,597,2,FAIR,2024-11-13
2473,336,Block A,CLASSROOM,1977,280,2,POOR,2020-04-24
2474,336,Block C,CLASSROOM,1970,238,1,POOR,2022-12-28
2475,337,Senior Block,CLASSROOM,1951,377,1,FAIR,2021-05-11
2476,337,Main Office,ADMIN,1971,432,1,FAIR,2021-11-21
2477,337,Sports Amenities,TOILET_BLOCK,1996,609,1,POOR,2023-12-17
2478,337,Cricket Pavilion,SPORTS_PAVILION,1998,787,1,POOR,2024-05-28
2479,337,Learning Centre,LIBRARY,1959,229,2,POOR,2021-11-22
2480,337,Metal Workshop,WORKSHOP,2008,65,2,FAIR,2022-12-23
2481,337,Maintenance Shed,STORAGE,2004,24,1,GOOD,2022-08-02
2482,337,Fitness Centre,GYM,1967,429,2,GOOD,2020-02-07
2483,337,Performing Arts Centre,HALL,2017,268,2,FAIR,2022-03-25
2484,337,Arts Block,CLASSROOM,1968,770,2,FAIR,2021-12-22
2485,337,Block A,CLASSROOM,2013,330,2,FAIR,2023-09-01
2486,338,Block D,CLASSROOM,2009,354,1,FAIR,2021-10-29
2487,338,Main Office,ADMIN,2002,217,1,FAIR,2022-07-19
2488,338,Senior Toilets,TOILET_BLOCK,1965,498,1,GOOD,2021-11-07
2489,338,Wood Workshop,WORKSHOP,2015,514,1,GOOD,2021-06-05
2490,338,Cricket Pavilion,SPORTS_PAVILION,2011,83,1,GOOD,2021-01-16
2491,338,Learning Centre,LIBRARY,2008,63,1,GOOD,2021-05-31
2492,338,Equipment Store,STORAGE,1979,46,1,FAIR,2020-03-28
2493,338,Main Gymnasium,GYM,2000,92,2,GOOD,2020-12-19
2494,338,Performing Arts Centre,HALL,1986,567,1,FAIR,2020-04-11
2495,339,Block D,CLASSROOM,1962,199,1,GOOD,2022-12-09
2496,339,Main Office,ADMIN,1956,713,2,POOR,2024-01-15
2497,339,Staff Facilities,TOILET_BLOCK,1988,572,1,GOOD,2022-03-18
2498,339,Learning Centre,LIBRARY,1953,685,2,FAIR,2024-02-22
2499,339,Sports Pavilion,SPORTS_PAVILION,2000,436,1,POOR,2020-12-12
2500,339,Main Gymnasium,GYM,2000,582,2,POOR,2023-07-03
2501,339,School Hall,HALL,1950,484,1,FAIR,2020-05-13
2502,339,Food Technology,WORKSHOP,1987,773,1,GOOD,2022-12-06
2503,339,Maintenance Shed,STORAGE,1963,99,1,GOOD,2023-02-24
2504,340,Block E,CLASSROOM,2000,505,1,GOOD,2022-04-30
2505,340,Administration Building,ADMIN,1988,121,2,FAIR,2023-04-01
2506,340,Senior Toilets,TOILET_BLOCK,1987,175,1,GOOD,2022-06-19
2507,340,Sports Pavilion,SPORTS_PAVILION,1986,270,1,POOR,2020-04-17
2508,340,Sports Store,STORAGE,1954,95,1,GOOD,2022-02-01
2509,340,Metal Workshop,WORKSHOP,2007,298,1,POOR,2024-01-03
2510,340,Main Gymnasium,GYM,2017,665,1,GOOD,2023-03-27
2511,340,Resource Centre,LIBRARY,1964,316,1,POOR,2023-04-27
2512,340,Performing Arts Centre,HALL,1988,181,1,GOOD,2021-09-28
2513,340,Senior Block,CLASSROOM,1958,766,2,GOOD,2021-09-30
2514,341,Junior Block,CLASSROOM,2004,427,1,POOR,2020-01-20
2515,341,Main Office,ADMIN,1989,750,2,FAIR,2024-09-26
2516,341,Sports Amenities,TOILET_BLOCK,1980,569,1,POOR,2020-06-17
2517,341,Assembly Hall,HALL,1975,201,2,FAIR,2023-07-06
2518,341,Learning Centre,LIBRARY,1993,52,2,FAIR,2024-12-04
2519,341,Changing Rooms,SPORTS_PAVILION,1986,289,1,POOR,2021-10-24
2520,341,Main Gymnasium,GYM,1992,525,2,GOOD,2024-05-21
2521,341,Food Technology,WORKSHOP,1973,393,1,FAIR,2021-06-10
2522,341,Grounds Shed,STORAGE,1975,28,1,POOR,2022-06-04
2523,343,Science Block,CLASSROOM,1952,124,1,CRITICAL,2023-08-07
2524,343,Main Office,ADMIN,2001,75,1,FAIR,2023-11-30
2525,343,Sports Amenities,TOILET_BLOCK,1955,648,1,FAIR,2023-05-10
2526,343,Technology Workshop,WORKSHOP,1964,234,2,GOOD,2020-08-25
2527,343,Cricket Pavilion,SPORTS_PAVILION,1950,254,1,POOR,2021-11-13
2528,344,Block E,CLASSROOM,1972,199,1,POOR,2023-03-19
2529,344,Administration Building,ADMIN,1951,523,1,GOOD,2022-09-14
2530,344,Staff Facilities,TOILET_BLOCK,2022,300,1,FAIR,2024-01-05
2531,344,Metal Workshop,WORKSHOP,1999,514,1,FAIR,2021-01-15
2532,344,School Library,LIBRARY,1954,384,1,FAIR,2021-08-26
2533,344,Changing Rooms,SPORTS_PAVILION,1982,467,1,CRITICAL,2020-09-14
2534,344,Sports Store,STORAGE,1951,65,1,GOOD,2020-01-19
2535,346,Junior Block,CLASSROOM,1974,546,2,GOOD,2022-07-16
2536,346,Staff Block,ADMIN,1975,680,1,GOOD,2020-07-08
2537,346,Senior Toilets,TOILET_BLOCK,1970,566,1,CRITICAL,2020-01-22
2538,346,Grounds Shed,STORAGE,1993,99,1,CRITICAL,2022-12-29
2539,346,Learning Centre,LIBRARY,2010,431,2,GOOD,2022-10-01
2540,346,Sports Hall,GYM,1978,268,1,GOOD,2021-09-16
2541,346,School Hall,HALL,1960,339,1,FAIR,2020-02-08
2542,346,Metal Workshop,WORKSHOP,2003,174,1,FAIR,2021-11-03
2543,346,Cricket Pavilion,SPORTS_PAVILION,2002,210,1,GOOD,2023-07-04
2544,346,Block E,CLASSROOM,1952,576,1,GOOD,2021-10-18
2545,346,Block D,CLASSROOM,1966,784,1,GOOD,2020-11-21
2546,347,Arts Block,CLASSROOM,1996,465,2,GOOD,2022-08-11
2547,347,Staff Block,ADMIN,1999,177,2,GOOD,2021-05-27
2548,347,Junior Toilets,TOILET_BLOCK,2022,491,1,GOOD,2021-01-21
2549,347,Equipment Store,STORAGE,2017,34,1,POOR,2020-10-18
2550,347,Technology Workshop,WORKSHOP,1997,450,2,POOR,2024-05-04
2551,347,Performing Arts Centre,HALL,2015,132,2,POOR,2024-12-04
2552,347,Learning Centre,LIBRARY,2015,754,2,FAIR,2021-07-24
2553,347,Sports Pavilion,SPORTS_PAVILION,2020,61,1,FAIR,2021-09-02
2554,347,Sports Hall,GYM,1976,544,1,FAIR,2021-08-20
2555,347,Science Block,CLASSROOM,1996,296,1,CRITICAL,2020-03-05
2556,348,Block B,CLASSROOM,1998,60,2,FAIR,2021-11-29
2557,348,Main Office,ADMIN,2020,647,2,FAIR,2024-09-09
2558,348,Sports Amenities,TOILET_BLOCK,1983,102,1,FAIR,2023-03-01
2559,348,Fitness Centre,GYM,1956,347,1,GOOD,2024-09-24
2560,348,Metal Workshop,WORKSHOP,1957,532,2,POOR,2022-02-18
2561,348,Assembly Hall,HALL,1977,650,2,FAIR,2020-10-31
2562,348,School Library,LIBRARY,1990,472,1,FAIR,2023-01-12
2563,348,Changing Rooms,SPORTS_PAVILION,1977,436,1,GOOD,2023-03-21
2564,348,Equipment Store,STORAGE,1954,96,1,FAIR,2022-07-14
2565,348,Technology Block,CLASSROOM,1989,572,2,GOOD,2024-02-02
2566,348,Block B,CLASSROOM,1986,544,2,GOOD,2020-11-08
2567,349,Arts Block,CLASSROOM,1960,344,1,CRITICAL,2023-10-05
2568,349,Staff Block,ADMIN,1980,752,2,FAIR,2023-12-22
2569,349,Junior Toilets,TOILET_BLOCK,1970,626,1,POOR,2021-08-11
2570,349,Sports Hall,GYM,2012,263,1,GOOD,2022-02-26
2571,349,Assembly Hall,HALL,2009,294,1,GOOD,2024-03-29
2572,349,School Library,LIBRARY,1981,536,2,FAIR,2021-06-04
2573,349,Sports Pavilion,SPORTS_PAVILION,1982,284,1,GOOD,2022-07-29
2574,349,Equipment Store,STORAGE,1973,27,1,GOOD,2021-11-10
2575,350,Block C,CLASSROOM,1972,268,1,CRITICAL,2023-04-17
2576,350,Administration Building,ADMIN,1970,337,2,GOOD,2024-05-02
2577,350,Senior Toilets,TOILET_BLOCK,1985,528,1,FAIR,2024-02-29
2578,351,Block D,CLASSROOM,2010,563,1,GOOD,2023-04-22
2579,351,Main Office,ADMIN,1965,740,2,GOOD,2020-01-16
2580,351,Senior Toilets,TOILET_BLOCK,1980,592,1,FAIR,2023-05-01
2581,351,Performing Arts Centre,HALL,2015,269,1,GOOD,2022-03-08
2582,351,Sports Pavilion,SPORTS_PAVILION,1956,305,1,FAIR,2020-05-22
2583,351,Fitness Centre,GYM,1980,288,2,GOOD,2023-09-02
2584,351,Technology Workshop,WORKSHOP,1990,316,1,FAIR,2020-01-02
2585,351,School Library,LIBRARY,2007,765,2,POOR,2024-06-19
2586,351,Maintenance Shed,STORAGE,2015,31,1,FAIR,2020-09-21
2587,352,Junior Block,CLASSROOM,2003,405,1,FAIR,2022-11-30
2588,352,Staff Block,ADMIN,1972,507,2,GOOD,2021-01-17
2589,352,Senior Toilets,TOILET_BLOCK,1953,609,1,FAIR,2020-06-08
2590,352,Maintenance Shed,STORAGE,1975,47,1,GOOD,2021-03-13
2591,352,Main Gymnasium,GYM,2019,559,1,GOOD,2020-11-20
2592,352,Metal Workshop,WORKSHOP,2007,50,1,GOOD,2024-07-15
2593,352,School Hall,HALL,1999,797,2,POOR,2023-11-05
2594,352,Sports Pavilion,SPORTS_PAVILION,2015,627,1,FAIR,2022-07-02
2595,352,Learning Centre,LIBRARY,1996,576,1,FAIR,2022-10-20
2596,352,Block E,CLASSROOM,1965,793,1,GOOD,2023-09-25
2597,352,Block A,CLASSROOM,1985,363,2,FAIR,2020-01-05
2598,353,Science Block,CLASSROOM,1970,471,1,GOOD,2023-06-02
2599,353,Administration Building,ADMIN,1954,83,2,POOR,2021-04-08
2600,353,Staff Facilities,TOILET_BLOCK,1994,547,1,FAIR,2023-09-04
2601,354,Block B,CLASSROOM,1976,398,2,POOR,2022-01-31
2602,354,Main Office,ADMIN,2002,256,2,GOOD,2023-11-07
2603,354,Staff Facilities,TOILET_BLOCK,2009,103,1,GOOD,2020-11-14
2604,354,Performing Arts Centre,HALL,1979,797,1,GOOD,2021-03-21
2605,354,Cricket Pavilion,SPORTS_PAVILION,2005,303,1,GOOD,2022-10-09
2606,354,Resource Centre,LIBRARY,2021,85,2,GOOD,2021-12-01
2607,354,Sports Store,STORAGE,2017,23,1,CRITICAL,2023-11-23
2608,357,Technology Block,CLASSROOM,1968,358,1,POOR,2021-11-07
2609,357,Main Office,ADMIN,2011,133,2,GOOD,2020-02-10
2610,357,Junior Toilets,TOILET_BLOCK,2011,275,1,FAIR,2020-07-06
2611,357,Metal Workshop,WORKSHOP,1966,268,2,GOOD,2023-11-23
2612,357,Changing Rooms,SPORTS_PAVILION,2000,227,1,FAIR,2024-03-13
2613,357,Assembly Hall,HALL,1975,379,1,GOOD,2020-10-05
2614,357,Resource Centre,LIBRARY,1959,401,1,CRITICAL,2020-03-24
2615,358,Block D,CLASSROOM,2014,192,2,FAIR,2022-08-09
2616,358,Administration Building,ADMIN,1963,278,1,POOR,2023-09-19
2617,358,Sports Amenities,TOILET_BLOCK,1975,662,1,FAIR,2020-04-20
2618,358,Learning Centre,LIBRARY,2003,693,1,FAIR,2024-04-12
2619,358,Food Technology,WORKSHOP,2009,233,1,FAIR,2022-10-28
2620,358,Fitness Centre,GYM,1990,316,2,FAIR,2020-08-31
2621,358,School Hall,HALL,1981,142,1,GOOD,2023-06-19
2622,358,Cricket Pavilion,SPORTS_PAVILION,1951,375,1,FAIR,2022-05-29
2623,358,Sports Store,STORAGE,2022,39,1,POOR,2023-07-06
2624,358,Block D,CLASSROOM,1975,151,2,CRITICAL,2020-11-16
2625,358,Block E,CLASSROOM,2015,655,2,GOOD,2022-08-04
2626,359,Block D,CLASSROOM,1963,716,2,POOR,2021-11-29
2627,359,Staff Block,ADMIN,1990,503,1,GOOD,2023-03-18
2628,359,Sports Amenities,TOILET_BLOCK,1988,503,1,POOR,2020-03-09
2629,359,Main Gymnasium,GYM,1969,587,1,CRITICAL,2023-10-21
2630,359,Changing Rooms,SPORTS_PAVILION,1951,791,1,GOOD,2024-09-10
2631,359,Performing Arts Centre,HALL,2011,401,2,FAIR,2023-04-14
2632,359,Learning Centre,LIBRARY,1972,671,1,FAIR,2021-04-20
2633,359,Grounds Shed,STORAGE,1990,88,1,FAIR,2023-08-29
2634,360,Junior Block,CLASSROOM,1989,689,1,FAIR,2022-08-10
2635,360,Administration Building,ADMIN,2005,214,2,FAIR,2023-11-26
2636,360,Junior Toilets,TOILET_BLOCK,1986,93,1,GOOD,2024-11-12
2637,360,Resource Centre,LIBRARY,1951,461,1,GOOD,2021-06-13
2638,360,Changing Rooms,SPORTS_PAVILION,2015,631,1,FAIR,2021-10-30
2639,360,Assembly Hall,HALL,2019,441,2,FAIR,2020-01-27
2640,360,Grounds Shed,STORAGE,1994,84,1,POOR,2020-02-09
2641,360,Metal Workshop,WORKSHOP,2005,99,1,FAIR,2024-03-21
2642,360,Sports Hall,GYM,2001,157,2,FAIR,2020-12-13
2643,360,Technology Block,CLASSROOM,2018,499,2,FAIR,2023-04-29
2644,361,Science Block,CLASSROOM,2008,483,2,GOOD,2023-02-24
2645,361,Main Office,ADMIN,2020,488,1,GOOD,2021-01-12
2646,361,Junior Toilets,TOILET_BLOCK,2007,420,1,FAIR,2023-04-24
2647,361,Learning Centre,LIBRARY,1969,615,2,GOOD,2020-10-20
2648,361,Main Gymnasium,GYM,1999,438,1,CRITICAL,2021-07-11
2649,361,Changing Rooms,SPORTS_PAVILION,1984,552,1,GOOD,2020-05-30
2650,361,Metal Workshop,WORKSHOP,2002,777,1,GOOD,2020-03-31
2651,362,Block E,CLASSROOM,1958,504,2,FAIR,2024-06-26
2652,362,Main Office,ADMIN,1971,52,2,GOOD,2023-02-01
2653,362,Junior Toilets,TOILET_BLOCK,1986,618,1,CRITICAL,2021-06-19
2654,362,Cricket Pavilion,SPORTS_PAVILION,1966,226,1,POOR,2024-07-01
2655,362,Performing Arts Centre,HALL,1980,91,1,GOOD,2020-01-05
2656,362,Resource Centre,LIBRARY,1972,514,2,GOOD,2022-09-07
2657,363,Block C,CLASSROOM,1953,738,1,FAIR,2023-05-24
2658,363,Staff Block,ADMIN,1973,642,1,GOOD,2020-12-21
2659,363,Staff Facilities,TOILET_BLOCK,2006,686,1,GOOD,2022-08-06
2660,363,Changing Rooms,SPORTS_PAVILION,1978,623,1,CRITICAL,2023-01-31
2661,363,Sports Store,STORAGE,1998,30,1,FAIR,2020-01-30
2662,365,Block E,CLASSROOM,2000,241,2,FAIR,2021-02-28
2663,365,Administration Building,ADMIN,2006,551,2,GOOD,2024-06-05
2664,365,Junior Toilets,TOILET_BLOCK,1985,412,1,FAIR,2023-09-07
2665,365,Cricket Pavilion,SPORTS_PAVILION,2015,722,1,CRITICAL,2021-04-16
2666,365,Main Gymnasium,GYM,1979,646,2,GOOD,2023-03-08
2667,365,Maintenance Shed,STORAGE,1996,30,1,GOOD,2020-08-19
2668,365,Assembly Hall,HALL,2022,230,2,GOOD,2023-06-07
2669,366,Science Block,CLASSROOM,2013,291,1,FAIR,2023-12-16
2670,366,Main Office,ADMIN,1993,628,1,GOOD,2021-10-20
2671,366,Sports Amenities,TOILET_BLOCK,1962,640,1,POOR,2023-01-14
2672,366,Learning Centre,LIBRARY,2005,309,2,GOOD,2021-10-02
2673,366,Technology Workshop,WORKSHOP,1989,636,1,POOR,2022-09-15
2674,366,Equipment Store,STORAGE,1961,27,1,POOR,2022-01-03
2675,368,Junior Block,CLASSROOM,1983,764,1,FAIR,2024-06-19
2676,368,Administration Building,ADMIN,1951,598,1,POOR,2021-08-10
2677,368,Senior Toilets,TOILET_BLOCK,2002,771,1,FAIR,2020-07-17
2678,368,Main Gymnasium,GYM,2000,431,1,GOOD,2023-06-06
2679,368,Changing Rooms,SPORTS_PAVILION,1975,348,1,GOOD,2023-07-14
2680,368,Food Technology,WORKSHOP,1975,177,2,POOR,2020-05-06
2681,369,Arts Block,CLASSROOM,2006,557,1,POOR,2021-06-10
2682,369,Main Office,ADMIN,1954,345,1,FAIR,2022-09-28
2683,369,Staff Facilities,TOILET_BLOCK,2017,197,1,POOR,2021-01-20
2684,369,Cricket Pavilion,SPORTS_PAVILION,1952,170,1,POOR,2023-10-16
2685,369,Assembly Hall,HALL,1978,466,1,POOR,2020-09-15
2686,369,Food Technology,WORKSHOP,1982,302,2,POOR,2022-07-22
2687,369,Resource Centre,LIBRARY,1964,558,2,FAIR,2024-02-19
2688,370,Science Block,CLASSROOM,2010,752,1,POOR,2022-04-12
2689,370,Main Office,ADMIN,1987,435,2,FAIR,2022-01-31
2690,370,Staff Facilities,TOILET_BLOCK,2009,466,1,POOR,2023-05-04
2691,371,Block A,CLASSROOM,1969,603,1,POOR,2024-04-20
2692,371,Main Office,ADMIN,1979,431,2,FAIR,2022-04-24
2693,371,Senior Toilets,TOILET_BLOCK,1999,157,1,CRITICAL,2022-12-31
2694,371,School Hall,HALL,1960,769,2,GOOD,2020-12-03
2695,372,Block E,CLASSROOM,1955,103,1,FAIR,2024-06-04
2696,372,Main Office,ADMIN,2005,297,2,POOR,2024-02-05
2697,372,Senior Toilets,TOILET_BLOCK,1998,138,1,GOOD,2024-09-13
2698,372,Food Technology,WORKSHOP,2007,761,2,GOOD,2023-10-14
2699,372,Changing Rooms,SPORTS_PAVILION,1964,188,1,GOOD,2024-05-02
2700,372,School Hall,HALL,1992,84,1,GOOD,2020-11-21
2701,372,Resource Centre,LIBRARY,1984,769,1,FAIR,2023-10-31
2702,372,Fitness Centre,GYM,1982,496,2,FAIR,2024-11-11
2703,372,Grounds Shed,STORAGE,1962,74,1,GOOD,2023-08-04
2704,372,Block A,CLASSROOM,1973,691,2,GOOD,2022-12-29
2705,372,Arts Block,CLASSROOM,1971,639,2,FAIR,2020-03-17
2706,373,Senior Block,CLASSROOM,1992,675,2,CRITICAL,2023-11-16
2707,373,Main Office,ADMIN,1996,191,1,FAIR,2022-07-09
2708,373,Sports Amenities,TOILET_BLOCK,1973,249,1,GOOD,2022-07-10
2709,373,Resource Centre,LIBRARY,1974,383,1,GOOD,2024-01-09
2710,373,Sports Hall,GYM,1974,698,1,FAIR,2020-08-31
2711,373,Food Technology,WORKSHOP,2002,392,1,GOOD,2022-05-10
2712,373,School Hall,HALL,2001,464,2,POOR,2022-02-04
2713,373,Equipment Store,STORAGE,2019,69,1,GOOD,2024-05-05
2714,373,Cricket Pavilion,SPORTS_PAVILION,1958,184,1,GOOD,2023-12-05
2715,373,Block B,CLASSROOM,1999,646,2,POOR,2021-06-11
2716,373,Block E,CLASSROOM,2019,191,2,FAIR,2020-01-02
2717,374,Technology Block,CLASSROOM,2019,573,2,POOR,2022-08-13
2718,374,Staff Block,ADMIN,2013,576,1,CRITICAL,2023-08-13
2719,374,Sports Amenities,TOILET_BLOCK,1992,432,1,GOOD,2023-06-26
2720,374,Main Gymnasium,GYM,1955,632,2,FAIR,2020-07-19
2721,374,Equipment Store,STORAGE,1994,51,1,POOR,2024-04-30
2722,374,School Library,LIBRARY,2005,636,1,GOOD,2021-09-03
2723,374,Wood Workshop,WORKSHOP,2002,185,1,CRITICAL,2022-10-07
2724,374,Changing Rooms,SPORTS_PAVILION,1990,493,1,FAIR,2023-03-08
2725,374,Assembly Hall,HALL,2010,696,1,FAIR,2024-01-11
2726,374,Block B,CLASSROOM,1974,511,2,FAIR,2021-06-16
2727,374,Senior Block,CLASSROOM,2005,52,1,FAIR,2020-01-07
2728,375,Block E,CLASSROOM,1970,582,1,GOOD,2022-03-04
2729,375,Staff Block,ADMIN,1998,798,1,FAIR,2023-07-19
2730,375,Senior Toilets,TOILET_BLOCK,2006,143,1,FAIR,2024-06-01
2731,376,Technology Block,CLASSROOM,1978,71,2,GOOD,2023-02-07
2732,376,Staff Block,ADMIN,2017,642,2,POOR,2020-02-19
2733,376,Sports Amenities,TOILET_BLOCK,2006,789,1,FAIR,2022-07-18
2734,376,Assembly Hall,HALL,2010,632,1,GOOD,2020-03-18
2735,376,Main Gymnasium,GYM,1967,248,2,GOOD,2023-05-10
2736,376,Changing Rooms,SPORTS_PAVILION,1997,436,1,POOR,2022-04-18
2737,376,Sports Store,STORAGE,1985,73,1,POOR,2024-07-31
2738,376,Learning Centre,LIBRARY,1963,775,2,GOOD,2024-07-06
2739,376,Food Technology,WORKSHOP,1953,526,1,GOOD,2021-06-13
2740,376,Junior Block,CLASSROOM,1981,486,2,POOR,2021-02-04
2741,377,Science Block,CLASSROOM,2014,126,1,FAIR,2021-01-04
2742,377,Main Office,ADMIN,2012,398,2,GOOD,2023-01-24
2743,377,Sports Amenities,TOILET_BLOCK,1968,748,1,POOR,2024-11-15
2744,377,Performing Arts Centre,HALL,2003,101,1,GOOD,2024-02-13
2745,377,Equipment Store,STORAGE,1950,95,1,POOR,2024-09-24
2746,377,Sports Hall,GYM,2017,776,1,FAIR,2020-09-20
2747,377,Changing Rooms,SPORTS_PAVILION,1963,195,1,POOR,2021-07-05
2748,377,Metal Workshop,WORKSHOP,2013,91,1,GOOD,2020-05-28
2749,378,Block C,CLASSROOM,1996,751,2,FAIR,2021-11-30
2750,378,Staff Block,ADMIN,1972,78,2,GOOD,2023-02-01
2751,378,Junior Toilets,TOILET_BLOCK,1996,608,1,FAIR,2020-08-04
2752,378,Assembly Hall,HALL,2001,316,2,GOOD,2024-09-19
2753,378,Equipment Store,STORAGE,1963,66,1,GOOD,2022-02-13
2754,378,Cricket Pavilion,SPORTS_PAVILION,1997,512,1,FAIR,2023-05-28
2755,378,Resource Centre,LIBRARY,1994,749,1,POOR,2022-04-08
2756,378,Main Gymnasium,GYM,1960,284,1,GOOD,2023-05-16
2757,378,Technology Workshop,WORKSHOP,1955,759,1,FAIR,2024-04-14
2758,378,Block B,CLASSROOM,2018,593,1,FAIR,2023-10-27
2759,380,Block C,CLASSROOM,1994,729,2,GOOD,2023-06-25
2760,380,Staff Block,ADMIN,2008,382,2,FAIR,2021-03-11
2761,380,Senior Toilets,TOILET_BLOCK,1959,504,1,FAIR,2022-07-20
2762,380,Resource Centre,LIBRARY,1966,254,1,FAIR,2023-02-09
2763,380,Maintenance Shed,STORAGE,1999,30,1,GOOD,2022-06-06
2764,381,Junior Block,CLASSROOM,2002,250,1,GOOD,2020-02-29
2765,381,Administration Building,ADMIN,2000,630,2,FAIR,2024-06-06
2766,381,Junior Toilets,TOILET_BLOCK,1996,663,1,GOOD,2023-01-22
2767,381,Maintenance Shed,STORAGE,1967,65,1,GOOD,2023-10-12
2768,381,Learning Centre,LIBRARY,1964,301,1,GOOD,2023-11-04
2769,381,Technology Workshop,WORKSHOP,2012,709,2,POOR,2021-11-03
2770,382,Block C,CLASSROOM,1951,231,2,FAIR,2024-04-15
2771,382,Administration Building,ADMIN,1999,635,2,GOOD,2021-07-11
2772,382,Sports Amenities,TOILET_BLOCK,1982,67,1,GOOD,2024-07-28
2773,382,Technology Workshop,WORKSHOP,1989,284,2,FAIR,2021-12-26
2774,382,Maintenance Shed,STORAGE,1967,37,1,FAIR,2020-04-29
2775,382,School Hall,HALL,1951,642,2,POOR,2021-04-18
2776,382,Resource Centre,LIBRARY,1979,496,1,FAIR,2023-03-28
2777,382,Fitness Centre,GYM,2018,139,2,FAIR,2022-12-16
2778,382,Sports Pavilion,SPORTS_PAVILION,2007,652,1,GOOD,2021-03-19
2779,382,Junior Block,CLASSROOM,2011,539,1,GOOD,2023-07-14
2780,382,Science Block,CLASSROOM,1971,514,1,FAIR,2023-01-27
2781,382,Arts Block,CLASSROOM,1971,721,2,GOOD,2021-10-09
2782,383,Senior Block,CLASSROOM,1995,752,1,POOR,2020-07-03
2783,383,Main Office,ADMIN,1969,746,2,FAIR,2022-05-03
2784,383,Senior Toilets,TOILET_BLOCK,2018,265,1,CRITICAL,2024-09-23
2785,383,School Hall,HALL,2009,417,1,GOOD,2020-03-08
2786,383,Grounds Shed,STORAGE,2022,95,1,GOOD,2022-07-25
2787,383,Fitness Centre,GYM,1950,742,2,POOR,2024-10-12
2788,383,Wood Workshop,WORKSHOP,1990,184,1,CRITICAL,2021-09-03
2789,383,School Library,LIBRARY,2019,190,2,FAIR,2024-09-29
2790,383,Changing Rooms,SPORTS_PAVILION,1989,572,1,FAIR,2020-08-25
2791,383,Junior Block,CLASSROOM,2018,668,2,FAIR,2020-02-06
2792,383,Junior Block,CLASSROOM,1968,714,2,FAIR,2024-07-01
2793,384,Block A,CLASSROOM,1974,714,1,GOOD,2023-07-18
2794,384,Administration Building,ADMIN,1976,583,2,GOOD,2021-02-02
2795,384,Senior Toilets,TOILET_BLOCK,2022,278,1,POOR,2021-04-12
2796,384,Sports Hall,GYM,1994,635,2,FAIR,2022-08-17
2797,384,Assembly Hall,HALL,1980,685,1,GOOD,2024-01-30
2798,384,Technology Workshop,WORKSHOP,2005,50,2,POOR,2020-11-24
2799,384,Maintenance Shed,STORAGE,1991,23,1,POOR,2021-02-02
2800,384,Resource Centre,LIBRARY,2008,606,1,POOR,2020-08-03
2801,384,Sports Pavilion,SPORTS_PAVILION,1997,635,1,POOR,2021-09-01
2802,384,Senior Block,CLASSROOM,1991,479,2,FAIR,2023-11-08
2803,386,Senior Block,CLASSROOM,1992,373,1,CRITICAL,2024-08-09
2804,386,Staff Block,ADMIN,2006,465,1,FAIR,2022-07-28
2805,386,Junior Toilets,TOILET_BLOCK,2020,669,1,FAIR,2020-08-10
2806,386,Changing Rooms,SPORTS_PAVILION,1966,333,1,GOOD,2023-02-16
2807,386,Performing Arts Centre,HALL,2012,448,1,POOR,2024-04-02
2808,386,Sports Hall,GYM,1987,377,1,FAIR,2021-12-26
2809,386,Resource Centre,LIBRARY,1984,773,1,FAIR,2021-08-13
2810,386,Equipment Store,STORAGE,1970,92,1,POOR,2023-01-04
2811,386,Food Technology,WORKSHOP,2014,548,1,GOOD,2023-06-23
2812,387,Science Block,CLASSROOM,1961,211,1,POOR,2021-04-06
2813,387,Main Office,ADMIN,1955,85,1,FAIR,2020-07-31
2814,387,Junior Toilets,TOILET_BLOCK,1990,260,1,GOOD,2020-04-02
2815,387,School Hall,HALL,1974,723,2,FAIR,2022-02-15
2816,387,Sports Hall,GYM,1978,617,2,GOOD,2020-08-05
2817,387,Food Technology,WORKSHOP,1980,295,2,GOOD,2024-09-17
2818,387,Maintenance Shed,STORAGE,1956,87,1,GOOD,2022-07-25
2819,387,Resource Centre,LIBRARY,2004,196,2,FAIR,2023-06-18
2820,387,Cricket Pavilion,SPORTS_PAVILION,1996,581,1,GOOD,2024-05-07
2821,390,Junior Block,CLASSROOM,1987,700,1,FAIR,2022-11-26
2822,390,Staff Block,ADMIN,1967,761,2,GOOD,2022-05-11
2823,390,Junior Toilets,TOILET_BLOCK,2017,662,1,GOOD,2023-06-08
2824,390,Fitness Centre,GYM,1988,167,2,POOR,2022-02-17
2825,390,Sports Store,STORAGE,1956,91,1,FAIR,2023-04-15
2826,391,Block D,CLASSROOM,1956,339,2,GOOD,2022-07-24
2827,391,Staff Block,ADMIN,1981,265,2,FAIR,2022-01-29
2828,391,Junior Toilets,TOILET_BLOCK,2019,322,1,FAIR,2024-10-05
2829,391,Sports Store,STORAGE,1996,92,1,FAIR,2021-07-31
2830,391,Resource Centre,LIBRARY,2012,107,1,GOOD,2024-09-14
2831,391,Technology Workshop,WORKSHOP,1975,53,1,GOOD,2024-10-10
2832,391,Changing Rooms,SPORTS_PAVILION,2018,230,1,GOOD,2022-10-02
2833,391,Main Gymnasium,GYM,1967,781,1,POOR,2023-11-06
2834,392,Block D,CLASSROOM,1957,269,1,GOOD,2023-07-14
2835,392,Staff Block,ADMIN,1960,364,2,GOOD,2023-07-23
2836,392,Junior Toilets,TOILET_BLOCK,1966,131,1,FAIR,2023-03-15
2837,392,Cricket Pavilion,SPORTS_PAVILION,1975,159,1,GOOD,2023-08-25
2838,392,Maintenance Shed,STORAGE,2009,36,1,GOOD,2024-02-27
2839,392,Performing Arts Centre,HALL,1965,707,2,GOOD,2020-11-28
2840,392,Food Technology,WORKSHOP,1963,187,2,GOOD,2023-12-25
2841,393,Block E,CLASSROOM,2007,548,1,FAIR,2024-07-16
2842,393,Staff Block,ADMIN,2015,767,2,FAIR,2022-11-10
2843,393,Sports Amenities,TOILET_BLOCK,1981,673,1,POOR,2023-06-16
2844,393,Performing Arts Centre,HALL,1993,195,1,GOOD,2022-05-20
2845,393,Sports Store,STORAGE,1966,89,1,GOOD,2021-07-30
2846,393,Metal Workshop,WORKSHOP,1966,755,1,GOOD,2022-06-22
2847,393,Sports Pavilion,SPORTS_PAVILION,1975,57,1,GOOD,2022-01-04
2848,393,Resource Centre,LIBRARY,1998,282,2,FAIR,2020-10-04
2849,394,Block A,CLASSROOM,1968,180,1,GOOD,2020-10-25
2850,394,Staff Block,ADMIN,2003,213,1,FAIR,2024-05-13
2851,394,Junior Toilets,TOILET_BLOCK,1976,138,1,GOOD,2020-01-08
2852,394,Sports Hall,GYM,2021,534,2,GOOD,2024-01-01
2853,395,Block A,CLASSROOM,1972,166,2,POOR,2020-06-13
2854,395,Staff Block,ADMIN,1977,399,2,POOR,2022-08-01
2855,395,Senior Toilets,TOILET_BLOCK,1977,536,1,GOOD,2023-10-15
2856,395,Grounds Shed,STORAGE,1960,27,1,GOOD,2020-07-06
2857,395,Assembly Hall,HALL,2010,588,1,FAIR,2023-04-28
2858,395,Cricket Pavilion,SPORTS_PAVILION,1954,284,1,GOOD,2024-11-24
2859,397,Science Block,CLASSROOM,1997,152,1,GOOD,2023-11-27
2860,397,Main Office,ADMIN,1986,312,2,POOR,2020-10-02
2861,397,Senior Toilets,TOILET_BLOCK,2018,227,1,FAIR,2022-07-27
2862,397,Metal Workshop,WORKSHOP,2017,446,2,POOR,2022-04-12
2863,397,Main Gymnasium,GYM,1967,636,1,FAIR,2023-12-10
2864,397,School Library,LIBRARY,2006,222,2,FAIR,2021-09-28
2865,397,Assembly Hall,HALL,1969,587,2,POOR,2022-04-22
2866,397,Sports Pavilion,SPORTS_PAVILION,1954,265,1,GOOD,2021-10-08
2867,398,Technology Block,CLASSROOM,1990,533,2,GOOD,2021-12-16
2868,398,Administration Building,ADMIN,1973,289,2,CRITICAL,2021-07-29
2869,398,Junior Toilets,TOILET_BLOCK,1964,310,1,GOOD,2020-04-22
2870,399,Block E,CLASSROOM,1986,558,1,POOR,2023-10-11
2871,399,Administration Building,ADMIN,1975,771,2,FAIR,2024-08-03
2872,399,Junior Toilets,TOILET_BLOCK,1966,270,1,GOOD,2024-02-11
2873,399,Maintenance Shed,STORAGE,1961,73,1,FAIR,2022-09-19
2874,399,School Hall,HALL,2012,793,2,POOR,2024-10-29
2875,399,Fitness Centre,GYM,1971,531,1,CRITICAL,2022-06-19
2876,399,Wood Workshop,WORKSHOP,2020,656,2,POOR,2021-03-28
2877,399,Learning Centre,LIBRARY,1985,244,2,GOOD,2024-04-24
2878,399,Cricket Pavilion,SPORTS_PAVILION,1966,778,1,FAIR,2021-12-27
2879,399,Arts Block,CLASSROOM,1990,383,1,GOOD,2024-08-07
2880,399,Block C,CLASSROOM,1960,311,1,FAIR,2020-01-26
2881,400,Block B,CLASSROOM,1963,305,1,GOOD,2023-05-30
2882,400,Main Office,ADMIN,2010,730,2,FAIR,2024-07-26
2883,400,Sports Amenities,TOILET_BLOCK,1996,359,1,FAIR,2020-10-26
2884,400,Main Gymnasium,GYM,1991,76,1,FAIR,2021-03-16
2885,400,School Hall,HALL,1987,795,1,FAIR,2021-05-08
2886,400,School Library,LIBRARY,1953,294,1,FAIR,2020-12-18
2887,400,Food Technology,WORKSHOP,1987,99,2,GOOD,2022-10-20
2888,400,Sports Pavilion,SPORTS_PAVILION,1972,775,1,GOOD,2022-11-23
2889,401,Science Block,CLASSROOM,1961,681,2,POOR,2021-08-15
2890,401,Administration Building,ADMIN,2007,130,2,FAIR,2024-01-25
2891,401,Staff Facilities,TOILET_BLOCK,2014,148,1,FAIR,2021-07-05
2892,401,Fitness Centre,GYM,2017,416,1,POOR,2022-04-09
2893,401,School Hall,HALL,1991,659,1,FAIR,2020-11-03
2894,401,Food Technology,WORKSHOP,1959,253,2,GOOD,2024-01-10
2895,402,Block B,CLASSROOM,2015,144,1,FAIR,2020-04-12
2896,402,Administration Building,ADMIN,1973,536,1,FAIR,2020-12-12
2897,402,Senior Toilets,TOILET_BLOCK,1988,294,1,GOOD,2021-08-23
2898,404,Science Block,CLASSROOM,2001,664,1,POOR,2022-08-01
2899,404,Staff Block,ADMIN,2016,678,1,GOOD,2023-07-13
2900,404,Senior Toilets,TOILET_BLOCK,2021,768,1,FAIR,2023-11-16
2901,404,Changing Rooms,SPORTS_PAVILION,1962,274,1,FAIR,2020-11-06
2902,404,Fitness Centre,GYM,1980,352,2,GOOD,2021-07-25
2903,404,Sports Store,STORAGE,1955,35,1,GOOD,2020-12-23
2904,404,Technology Workshop,WORKSHOP,1954,664,1,POOR,2022-09-26
2905,404,School Library,LIBRARY,2004,530,2,FAIR,2023-10-21
2906,404,Performing Arts Centre,HALL,1977,756,2,GOOD,2023-07-23
2907,405,Block C,CLASSROOM,1955,582,2,GOOD,2020-11-08
2908,405,Administration Building,ADMIN,1985,590,1,FAIR,2024-03-05
2909,405,Staff Facilities,TOILET_BLOCK,1989,408,1,GOOD,2021-08-29
2910,405,Main Gymnasium,GYM,2005,711,2,GOOD,2020-04-14
2911,405,Grounds Shed,STORAGE,1992,41,1,GOOD,2022-01-11
2912,405,Cricket Pavilion,SPORTS_PAVILION,1986,69,1,POOR,2024-03-22
2913,405,School Library,LIBRARY,1981,567,1,POOR,2022-09-04
2914,405,Wood Workshop,WORKSHOP,2020,634,1,GOOD,2023-01-25
2915,405,Performing Arts Centre,HALL,1975,65,2,GOOD,2021-02-05
2916,405,Block A,CLASSROOM,2015,554,1,FAIR,2023-05-09
2917,408,Block D,CLASSROOM,1964,661,1,GOOD,2023-09-24
2918,408,Staff Block,ADMIN,1974,655,1,GOOD,2021-04-06
2919,408,Junior Toilets,TOILET_BLOCK,1977,68,1,GOOD,2024-10-15
2920,408,Resource Centre,LIBRARY,2000,648,2,FAIR,2024-03-02
2921,408,Grounds Shed,STORAGE,1995,50,1,FAIR,2020-08-11
2922,408,Wood Workshop,WORKSHOP,1970,628,2,CRITICAL,2024-11-20
2923,408,Performing Arts Centre,HALL,1984,224,1,GOOD,2023-08-18
2924,408,Fitness Centre,GYM,1951,632,1,GOOD,2021-12-21
2925,408,Changing Rooms,SPORTS_PAVILION,2011,322,1,GOOD,2022-04-28
2926,408,Arts Block,CLASSROOM,1970,450,1,FAIR,2021-12-09
2927,409,Block D,CLASSROOM,1972,415,1,POOR,2020-01-07
2928,409,Main Office,ADMIN,1972,669,1,CRITICAL,2024-07-21
2929,409,Staff Facilities,TOILET_BLOCK,1962,142,1,GOOD,2023-05-11
2930,409,Learning Centre,LIBRARY,1986,789,2,GOOD,2022-02-14
2931,409,Wood Workshop,WORKSHOP,1991,121,1,GOOD,2024-10-23
2932,409,Maintenance Shed,STORAGE,1996,21,1,POOR,2020-02-10
2933,409,Performing Arts Centre,HALL,2011,106,1,POOR,2023-07-26
2934,418,Science Block,CLASSROOM,1953,129,1,FAIR,2021-03-11
2935,418,Main Office,ADMIN,1961,537,2,POOR,2024-07-03
2936,418,Sports Amenities,TOILET_BLOCK,1997,87,1,FAIR,2023-07-06
2937,418,Performing Arts Centre,HALL,1996,322,2,FAIR,2023-06-06
2938,418,Sports Store,STORAGE,1975,51,1,FAIR,2021-05-12
2939,418,Sports Pavilion,SPORTS_PAVILION,1959,76,1,FAIR,2024-03-28
2940,418,Resource Centre,LIBRARY,1958,753,2,FAIR,2023-06-25
2941,419,Arts Block,CLASSROOM,1993,273,2,FAIR,2020-07-25
2942,419,Main Office,ADMIN,1981,192,1,FAIR,2020-10-03
2943,419,Staff Facilities,TOILET_BLOCK,1983,585,1,FAIR,2023-08-12
2944,419,Changing Rooms,SPORTS_PAVILION,1993,216,1,CRITICAL,2024-02-07
2945,419,Resource Centre,LIBRARY,1973,195,2,POOR,2024-02-06
2946,421,Block A,CLASSROOM,1998,464,2,FAIR,2024-10-01
2947,421,Staff Block,ADMIN,2021,299,2,POOR,2021-11-19
2948,421,Junior Toilets,TOILET_BLOCK,2020,505,1,GOOD,2023-10-29
2949,421,Food Technology,WORKSHOP,1958,656,1,FAIR,2021-03-01
2950,421,Assembly Hall,HALL,1973,725,2,FAIR,2023-04-22
2951,422,Block D,CLASSROOM,1984,611,2,GOOD,2020-10-16
2952,422,Staff Block,ADMIN,2021,145,2,CRITICAL,2021-04-17
2953,422,Staff Facilities,TOILET_BLOCK,1963,641,1,FAIR,2020-07-01
2954,422,Cricket Pavilion,SPORTS_PAVILION,1978,647,1,GOOD,2020-06-14
2955,422,Learning Centre,LIBRARY,1955,260,2,GOOD,2024-02-11
2956,424,Junior Block,CLASSROOM,1967,721,2,GOOD,2023-03-25
2957,424,Main Office,ADMIN,2018,555,1,GOOD,2024-01-20
2958,424,Senior Toilets,TOILET_BLOCK,1965,756,1,GOOD,2024-10-27
2959,424,Learning Centre,LIBRARY,1998,498,2,FAIR,2021-01-14
2960,424,Equipment Store,STORAGE,2006,31,1,FAIR,2023-08-17
2961,424,Sports Hall,GYM,1961,630,1,POOR,2023-07-01
2962,424,Cricket Pavilion,SPORTS_PAVILION,2020,332,1,GOOD,2023-08-03
2963,424,Assembly Hall,HALL,1979,194,2,FAIR,2021-01-03
2964,428,Science Block,CLASSROOM,1988,761,2,FAIR,2023-10-24
2965,428,Administration Building,ADMIN,1964,499,2,FAIR,2021-08-25
2966,428,Staff Facilities,TOILET_BLOCK,1960,346,1,POOR,2024-11-24
2967,428,Main Gymnasium,GYM,1980,88,1,GOOD,2020-10-30
2968,428,Sports Store,STORAGE,2005,72,1,FAIR,2023-02-16
2969,428,Food Technology,WORKSHOP,1973,392,2,FAIR,2023-04-20
2970,428,Assembly Hall,HALL,1996,142,1,POOR,2022-05-07
2971,428,School Library,LIBRARY,1986,211,1,POOR,2021-06-17
2972,429,Block E,CLASSROOM,1951,700,2,POOR,2024-09-28
2973,429,Main Office,ADMIN,2011,772,1,GOOD,2021-07-02
2974,429,Staff Facilities,TOILET_BLOCK,1980,542,1,GOOD,2020-03-20
2975,429,Sports Store,STORAGE,1963,35,1,GOOD,2020-12-07
2976,429,Assembly Hall,HALL,1988,684,2,FAIR,2023-08-10
2977,429,Sports Pavilion,SPORTS_PAVILION,2009,276,1,GOOD,2024-01-03
2978,432,Junior Block,CLASSROOM,1955,312,1,FAIR,2020-06-05
2979,432,Main Office,ADMIN,2015,90,2,GOOD,2020-06-20
2980,432,Staff Facilities,TOILET_BLOCK,2011,688,1,GOOD,2024-04-14
2981,432,Metal Workshop,WORKSHOP,2002,176,2,CRITICAL,2020-03-30
2982,432,Equipment Store,STORAGE,1952,63,1,FAIR,2021-03-11
2983,432,School Library,LIBRARY,1980,85,2,FAIR,2020-04-03
2984,432,Performing Arts Centre,HALL,2000,406,2,GOOD,2022-06-17
2985,432,Changing Rooms,SPORTS_PAVILION,2009,332,1,CRITICAL,2022-10-14
2986,432,Main Gymnasium,GYM,1966,677,2,POOR,2024-06-23
2987,432,Block B,CLASSROOM,2009,711,1,FAIR,2020-05-03
2988,432,Junior Block,CLASSROOM,1974,368,2,GOOD,2024-11-22
2989,435,Arts Block,CLASSROOM,1971,168,1,GOOD,2023-01-26
2990,435,Staff Block,ADMIN,1950,694,1,FAIR,2020-07-25
2991,435,Sports Amenities,TOILET_BLOCK,1991,362,1,FAIR,2023-04-18
2992,435,School Hall,HALL,2020,276,1,GOOD,2021-01-18
2993,435,Learning Centre,LIBRARY,2003,372,2,GOOD,2022-05-02
2994,436,Junior Block,CLASSROOM,1954,381,2,POOR,2023-04-18
2995,436,Administration Building,ADMIN,1995,217,2,FAIR,2021-11-09
2996,436,Senior Toilets,TOILET_BLOCK,1974,708,1,GOOD,2023-03-14
2997,436,Sports Hall,GYM,1951,713,1,GOOD,2023-07-18
2998,436,Sports Pavilion,SPORTS_PAVILION,1951,761,1,GOOD,2020-02-29
2999,439,Junior Block,CLASSROOM,1950,574,1,GOOD,2023-02-23
3000,439,Administration Building,ADMIN,1996,526,1,POOR,2020-09-29
3001,439,Junior Toilets,TOILET_BLOCK,1983,587,1,FAIR,2024-09-24
3002,439,Sports Pavilion,SPORTS_PAVILION,2011,181,1,FAIR,2024-10-21
3003,440,Block E,CLASSROOM,2010,577,2,FAIR,2023-08-25
3004,440,Administration Building,ADMIN,1999,581,2,FAIR,2023-07-03
3005,440,Junior Toilets,TOILET_BLOCK,2007,682,1,CRITICAL,2024-03-24
3006,440,Sports Pavilion,SPORTS_PAVILION,2014,749,1,CRITICAL,2020-01-09
3007,440,Grounds Shed,STORAGE,2018,77,1,FAIR,2021-01-21
3008,440,Technology Workshop,WORKSHOP,2016,85,2,POOR,2022-03-27
3009,440,School Library,LIBRARY,1973,230,2,FAIR,2020-05-09
3010,440,Performing Arts Centre,HALL,2001,264,2,GOOD,2022-04-26
3011,440,Fitness Centre,GYM,1968,519,1,GOOD,2024-08-24
3012,440,Block C,CLASSROOM,2014,485,1,GOOD,2022-03-05
3013,440,Senior Block,CLASSROOM,2012,712,2,POOR,2020-06-07
3014,441,Block E,CLASSROOM,1988,411,2,FAIR,2023-10-16
3015,441,Administration Building,ADMIN,1962,326,1,GOOD,2021-08-10
3016,441,Senior Toilets,TOILET_BLOCK,1965,325,1,POOR,2020-12-05
3017,441,Main Gymnasium,GYM,1984,289,2,FAIR,2021-02-05
3018,441,Metal Workshop,WORKSHOP,1995,649,2,CRITICAL,2024-11-02
3019,441,Resource Centre,LIBRARY,1951,678,2,GOOD,2023-12-20
3020,441,Performing Arts Centre,HALL,1992,673,1,POOR,2024-02-09
3021,441,Equipment Store,STORAGE,2013,37,1,GOOD,2021-02-06
3022,441,Sports Pavilion,SPORTS_PAVILION,1989,566,1,GOOD,2023-01-16
3023,441,Junior Block,CLASSROOM,1987,332,2,GOOD,2023-11-27
3024,441,Block B,CLASSROOM,1953,581,2,FAIR,2023-12-26
3025,443,Technology Block,CLASSROOM,1957,204,2,GOOD,2021-04-09
3026,443,Main Office,ADMIN,1959,165,1,POOR,2022-12-13
3027,443,Sports Amenities,TOILET_BLOCK,1952,566,1,GOOD,2020-10-21
3028,443,Fitness Centre,GYM,1968,720,1,CRITICAL,2022-07-08
3029,443,Assembly Hall,HALL,2001,367,1,GOOD,2022-04-02
3030,443,Changing Rooms,SPORTS_PAVILION,1970,393,1,FAIR,2023-07-10
3031,443,Maintenance Shed,STORAGE,2009,22,1,FAIR,2021-12-30
3032,443,School Library,LIBRARY,2015,181,2,POOR,2020-12-25
3033,451,Block E,CLASSROOM,1997,606,2,FAIR,2023-06-11
3034,451,Staff Block,ADMIN,2004,713,1,GOOD,2023-12-06
3035,451,Senior Toilets,TOILET_BLOCK,1983,610,1,FAIR,2020-05-22
3036,451,Fitness Centre,GYM,1979,641,1,GOOD,2022-12-08
3037,451,Learning Centre,LIBRARY,1996,677,2,FAIR,2020-11-10
3038,451,Changing Rooms,SPORTS_PAVILION,2013,799,1,GOOD,2023-09-26
3039,451,Performing Arts Centre,HALL,1965,454,2,GOOD,2022-03-29
3040,451,Metal Workshop,WORKSHOP,1967,275,1,FAIR,2021-11-10
3041,451,Equipment Store,STORAGE,2008,54,1,FAIR,2022-06-30
3042,452,Senior Block,CLASSROOM,1991,617,1,POOR,2020-08-18
3043,452,Main Office,ADMIN,1965,83,1,GOOD,2020-02-11
3044,452,Sports Amenities,TOILET_BLOCK,2006,234,1,GOOD,2022-01-05
3045,452,Equipment Store,STORAGE,2019,77,1,GOOD,2024-04-20
3046,452,Learning Centre,LIBRARY,1964,299,2,GOOD,2023-10-26
3047,452,Sports Pavilion,SPORTS_PAVILION,2018,86,1,GOOD,2021-08-01
3048,452,Food Technology,WORKSHOP,1967,184,1,FAIR,2023-11-25
3049,452,Assembly Hall,HALL,1996,714,2,GOOD,2022-07-19
3050,452,Sports Hall,GYM,1982,84,1,GOOD,2022-09-24
3051,452,Block D,CLASSROOM,1971,131,2,POOR,2020-12-05
3052,453,Senior Block,CLASSROOM,1968,425,2,GOOD,2020-10-30
3053,453,Administration Building,ADMIN,1977,653,2,FAIR,2020-04-17
3054,453,Senior Toilets,TOILET_BLOCK,2009,332,1,FAIR,2023-01-15
3055,453,Wood Workshop,WORKSHOP,1975,718,1,CRITICAL,2022-05-21
3056,453,Equipment Store,STORAGE,1980,40,1,GOOD,2021-12-19
3057,454,Block E,CLASSROOM,1998,766,1,POOR,2020-04-05
3058,454,Main Office,ADMIN,1954,425,1,GOOD,2021-07-25
3059,454,Sports Amenities,TOILET_BLOCK,1953,735,1,FAIR,2024-08-07
3060,454,Equipment Store,STORAGE,2021,42,1,FAIR,2022-12-18
3061,454,Main Gymnasium,GYM,2007,65,2,FAIR,2023-03-27
3062,456,Block B,CLASSROOM,1980,519,1,GOOD,2023-10-18
3063,456,Main Office,ADMIN,1973,661,2,FAIR,2021-06-13
3064,456,Staff Facilities,TOILET_BLOCK,2001,591,1,FAIR,2021-09-04
3065,456,Assembly Hall,HALL,2000,652,2,GOOD,2024-07-19
3066,456,Wood Workshop,WORKSHOP,1958,113,2,FAIR,2023-09-07
3067,456,Grounds Shed,STORAGE,1994,63,1,FAIR,2021-11-15
3068,456,Sports Hall,GYM,1993,155,1,FAIR,2020-06-09
3069,460,Block C,CLASSROOM,1976,624,2,GOOD,2022-05-25
3070,460,Main Office,ADMIN,1954,137,1,FAIR,2023-08-20
3071,460,Senior Toilets,TOILET_BLOCK,2007,136,1,FAIR,2021-08-08
3072,460,Sports Store,STORAGE,1962,73,1,GOOD,2024-10-02
3073,460,Changing Rooms,SPORTS_PAVILION,1997,739,1,GOOD,2023-06-23
3074,462,Technology Block,CLASSROOM,1953,63,2,CRITICAL,2022-12-04
3075,462,Main Office,ADMIN,1969,792,1,GOOD,2020-08-15
3076,462,Senior Toilets,TOILET_BLOCK,2015,252,1,GOOD,2024-04-27
3077,462,Assembly Hall,HALL,1999,693,2,POOR,2020-09-11
3078,463,Block B,CLASSROOM,1958,104,2,FAIR,2023-01-11
3079,463,Staff Block,ADMIN,1967,504,1,GOOD,2021-09-25
3080,463,Senior Toilets,TOILET_BLOCK,1964,342,1,GOOD,2023-03-27
3081,463,Equipment Store,STORAGE,1960,89,1,FAIR,2023-08-24
3082,465,Arts Block,CLASSROOM,1980,717,1,FAIR,2020-12-09
3083,465,Main Office,ADMIN,2021,533,1,GOOD,2023-06-10
3084,465,Senior Toilets,TOILET_BLOCK,1972,52,1,FAIR,2020-02-01
3085,466,Block B,CLASSROOM,2020,523,2,GOOD,2021-07-06
3086,466,Administration Building,ADMIN,2002,587,1,GOOD,2023-01-11
3087,466,Senior Toilets,TOILET_BLOCK,1989,586,1,GOOD,2023-06-24
3088,466,Performing Arts Centre,HALL,1982,798,1,GOOD,2024-01-14
3089,466,Equipment Store,STORAGE,1998,89,1,POOR,2020-05-29
3090,471,Junior Block,CLASSROOM,1955,182,1,POOR,2021-08-12
3091,471,Administration Building,ADMIN,2013,182,2,FAIR,2022-01-20
3092,471,Sports Amenities,TOILET_BLOCK,1950,669,1,POOR,2022-01-27
3093,472,Block E,CLASSROOM,2002,629,2,FAIR,2020-12-20
3094,472,Main Office,ADMIN,1952,385,2,POOR,2022-03-16
3095,472,Staff Facilities,TOILET_BLOCK,1996,579,1,GOOD,2021-06-15
3096,472,Performing Arts Centre,HALL,1952,586,2,CRITICAL,2020-08-03
3097,472,Cricket Pavilion,SPORTS_PAVILION,1951,62,1,GOOD,2023-02-05
3098,472,Food Technology,WORKSHOP,2002,222,1,GOOD,2020-07-23
3099,472,Learning Centre,LIBRARY,2009,795,2,FAIR,2021-05-12
3100,472,Equipment Store,STORAGE,1987,81,1,GOOD,2024-02-24
3101,472,Main Gymnasium,GYM,1990,188,2,GOOD,2022-01-02
3102,476,Block C,CLASSROOM,1972,130,2,POOR,2020-01-12
3103,476,Main Office,ADMIN,1990,517,2,GOOD,2021-12-03
3104,476,Senior Toilets,TOILET_BLOCK,1962,155,1,GOOD,2020-09-22
3105,476,Sports Pavilion,SPORTS_PAVILION,1997,266,1,GOOD,2020-09-02
3106,476,Sports Store,STORAGE,1977,52,1,GOOD,2021-03-24
3107,476,Sports Hall,GYM,1960,560,1,FAIR,2023-02-14
3108,478,Senior Block,CLASSROOM,1952,358,1,GOOD,2021-08-12
3109,478,Main Office,ADMIN,1960,585,2,GOOD,2020-04-22
3110,478,Staff Facilities,TOILET_BLOCK,2017,698,1,FAIR,2020-10-20
3111,478,Equipment Store,STORAGE,2005,54,1,GOOD,2021-07-17
3112,478,Resource Centre,LIBRARY,2009,568,1,FAIR,2023-07-22
3113,478,Main Gymnasium,GYM,2001,95,2,GOOD,2022-06-29
3114,478,Cricket Pavilion,SPORTS_PAVILION,1984,59,1,FAIR,2021-10-14
3115,478,Performing Arts Centre,HALL,1997,507,1,POOR,2022-06-19
3116,478,Wood Workshop,WORKSHOP,1962,558,1,POOR,2023-12-14
3117,478,Arts Block,CLASSROOM,1975,562,2,CRITICAL,2021-03-18
3118,478,Block B,CLASSROOM,2005,385,2,GOOD,2020-06-21
3119,481,Junior Block,CLASSROOM,2000,403,2,FAIR,2022-08-01
3120,481,Administration Building,ADMIN,2013,144,2,GOOD,2023-09-30
3121,481,Junior Toilets,TOILET_BLOCK,1953,363,1,FAIR,2024-06-16
3122,481,Resource Centre,LIBRARY,1950,640,1,POOR,2023-05-19
3123,481,School Hall,HALL,1994,401,2,GOOD,2022-04-05
3124,481,Sports Pavilion,SPORTS_PAVILION,2002,702,1,FAIR,2020-07-04
3125,481,Wood Workshop,WORKSHOP,1962,293,1,GOOD,2023-08-05
3126,482,Arts Block,CLASSROOM,1999,548,1,FAIR,2022-08-14
3127,482,Staff Block,ADMIN,1952,694,2,CRITICAL,2022-10-18
3128,482,Senior Toilets,TOILET_BLOCK,1994,521,1,GOOD,2021-06-08
3129,482,Wood Workshop,WORKSHOP,1960,628,1,GOOD,2024-08-18
3130,482,Sports Pavilion,SPORTS_PAVILION,2000,116,1,GOOD,2023-07-13
3131,482,Maintenance Shed,STORAGE,1995,33,1,POOR,2023-03-25
3132,482,School Hall,HALL,2022,745,1,GOOD,2022-03-21
3133,482,School Library,LIBRARY,1989,165,2,POOR,2022-03-28
3134,482,Sports Hall,GYM,1982,586,2,GOOD,2024-11-20
3135,482,Block D,CLASSROOM,1950,675,2,GOOD,2023-03-25
3136,482,Block D,CLASSROOM,2016,693,1,GOOD,2020-01-20
3137,484,Science Block,CLASSROOM,1988,79,1,POOR,2022-07-03
3138,484,Main Office,ADMIN,1977,360,1,GOOD,2020-07-05
3139,484,Sports Amenities,TOILET_BLOCK,1978,797,1,FAIR,2020-11-21
3140,484,Maintenance Shed,STORAGE,1960,60,1,FAIR,2021-02-06
3141,484,School Hall,HALL,1969,266,2,FAIR,2020-10-04
3142,484,Metal Workshop,WORKSHOP,1957,115,1,GOOD,2022-05-31
3143,485,Senior Block,CLASSROOM,2014,484,2,FAIR,2024-08-29
3144,485,Administration Building,ADMIN,1982,166,2,GOOD,2024-07-17
3145,485,Staff Facilities,TOILET_BLOCK,2013,675,1,FAIR,2022-06-24
3146,485,Fitness Centre,GYM,1995,341,1,FAIR,2022-04-29
3147,485,Resource Centre,LIBRARY,1950,228,2,CRITICAL,2024-07-16
3148,485,Equipment Store,STORAGE,1953,44,1,GOOD,2022-08-14
3149,485,Food Technology,WORKSHOP,1995,503,2,POOR,2021-10-01
3150,485,Performing Arts Centre,HALL,2007,210,1,GOOD,2022-09-03
3151,485,Cricket Pavilion,SPORTS_PAVILION,2015,615,1,GOOD,2020-12-10
3152,485,Block E,CLASSROOM,1950,536,1,GOOD,2020-11-26
3153,485,Block A,CLASSROOM,1990,700,1,GOOD,2023-11-04
3154,487,Science Block,CLASSROOM,1951,366,1,GOOD,2023-10-27
3155,487,Administration Building,ADMIN,1991,426,1,GOOD,2021-03-27
3156,487,Staff Facilities,TOILET_BLOCK,2003,613,1,POOR,2022-12-01
3157,488,Block E,CLASSROOM,1955,193,1,GOOD,2022-09-07
3158,488,Main Office,ADMIN,2015,120,2,FAIR,2022-12-01
3159,488,Junior Toilets,TOILET_BLOCK,2007,298,1,GOOD,2023-03-16
3160,488,Performing Arts Centre,HALL,2018,708,2,FAIR,2024-10-04
3161,488,School Library,LIBRARY,2019,536,2,FAIR,2022-12-01
3162,488,Cricket Pavilion,SPORTS_PAVILION,2007,596,1,POOR,2024-07-05
3163,491,Block B,CLASSROOM,2017,271,1,FAIR,2021-06-19
3164,491,Administration Building,ADMIN,1950,785,1,GOOD,2024-06-02
3165,491,Staff Facilities,TOILET_BLOCK,1966,716,1,CRITICAL,2022-12-15
3166,491,Grounds Shed,STORAGE,1954,40,1,POOR,2020-06-29
3167,491,Assembly Hall,HALL,1959,780,2,FAIR,2023-07-10
3168,491,Food Technology,WORKSHOP,1957,645,1,FAIR,2024-05-17
3169,491,Learning Centre,LIBRARY,2007,681,1,FAIR,2023-03-02
3170,491,Changing Rooms,SPORTS_PAVILION,1966,139,1,GOOD,2022-05-14
3171,494,Block E,CLASSROOM,1981,258,1,FAIR,2024-02-14
3172,494,Main Office,ADMIN,2001,584,2,POOR,2020-10-12
3173,494,Junior Toilets,TOILET_BLOCK,2019,351,1,POOR,2022-12-19
3174,494,Assembly Hall,HALL,1956,656,2,GOOD,2021-09-26
3175,494,Food Technology,WORKSHOP,1955,527,2,POOR,2021-09-10
3176,494,Grounds Shed,STORAGE,1969,29,1,GOOD,2023-09-24
3177,495,Senior Block,CLASSROOM,1977,540,1,CRITICAL,2022-10-20
3178,495,Main Office,ADMIN,1984,407,2,FAIR,2024-01-19
3179,495,Junior Toilets,TOILET_BLOCK,2005,657,1,FAIR,2024-06-07
3180,495,Sports Store,STORAGE,2011,34,1,FAIR,2024-04-11
3181,495,Performing Arts Centre,HALL,2011,211,1,GOOD,2020-01-01
3182,495,Sports Pavilion,SPORTS_PAVILION,1985,728,1,FAIR,2024-01-18
3183,495,Main Gymnasium,GYM,2017,96,1,GOOD,2024-10-25
3184,495,Technology Workshop,WORKSHOP,1992,213,2,GOOD,2023-08-17
3185,495,School Library,LIBRARY,1967,354,2,FAIR,2021-09-17
3186,496,Senior Block,CLASSROOM,2001,769,2,POOR,2021-03-21
3187,496,Staff Block,ADMIN,2018,53,2,GOOD,2021-01-05
3188,496,Junior Toilets,TOILET_BLOCK,2001,411,1,FAIR,2022-07-05
3189,497,Junior Block,CLASSROOM,1986,753,2,FAIR,2021-03-07
3190,497,Administration Building,ADMIN,1961,105,2,GOOD,2023-08-27
3191,497,Staff Facilities,TOILET_BLOCK,2002,172,1,GOOD,2022-10-24
3192,497,Sports Pavilion,SPORTS_PAVILION,1965,331,1,FAIR,2023-05-03
3193,497,Assembly Hall,HALL,1989,765,1,FAIR,2021-06-07
3194,497,Technology Workshop,WORKSHOP,2012,268,2,GOOD,2020-11-04
3195,497,Learning Centre,LIBRARY,1952,112,2,FAIR,2022-09-09
3196,497,Sports Hall,GYM,2005,384,2,GOOD,2021-12-27
3197,498,Block E,CLASSROOM,2018,747,1,GOOD,2021-07-29
3198,498,Administration Building,ADMIN,2000,504,1,GOOD,2021-04-05
3199,498,Senior Toilets,TOILET_BLOCK,1974,716,1,POOR,2023-09-05
3200,498,Learning Centre,LIBRARY,1975,447,1,FAIR,2023-11-08
3201,498,Metal Workshop,WORKSHOP,1978,792,2,FAIR,2022-04-14
3202,498,Fitness Centre,GYM,2016,761,2,GOOD,2023-07-14
3203,498,Sports Store,STORAGE,1981,52,1,FAIR,2020-10-05
3204,498,Performing Arts Centre,HALL,1975,258,1,GOOD,2022-04-24
3205,506,Block B,CLASSROOM,1956,502,1,FAIR,2023-09-13
3206,506,Administration Building,ADMIN,1974,360,1,FAIR,2021-12-27
3207,506,Staff Facilities,TOILET_BLOCK,2008,627,1,FAIR,2024-06-15
3208,514,Block D,CLASSROOM,2013,524,2,CRITICAL,2023-09-07
3209,514,Staff Block,ADMIN,1980,471,2,GOOD,2021-07-17
3210,514,Staff Facilities,TOILET_BLOCK,2019,733,1,POOR,2023-11-21
3211,514,School Library,LIBRARY,1950,203,2,FAIR,2023-09-20
3212,514,Grounds Shed,STORAGE,2016,32,1,POOR,2021-07-18
3213,518,Arts Block,CLASSROOM,1964,773,1,FAIR,2024-01-25
3214,518,Administration Building,ADMIN,2020,645,1,FAIR,2022-09-29
3215,518,Senior Toilets,TOILET_BLOCK,1970,436,1,FAIR,2024-11-05
3216,518,Maintenance Shed,STORAGE,2006,52,1,FAIR,2023-10-15
3217,522,Arts Block,CLASSROOM,2003,487,1,GOOD,2022-07-25
3218,522,Staff Block,ADMIN,1970,156,2,GOOD,2023-03-13
3219,522,Staff Facilities,TOILET_BLOCK,2007,764,1,FAIR,2021-02-18
3220,525,Junior Block,CLASSROOM,1998,568,1,POOR,2023-07-23
3221,525,Main Office,ADMIN,1951,417,2,FAIR,2022-10-21
3222,525,Staff Facilities,TOILET_BLOCK,1973,503,1,FAIR,2021-05-21
3223,527,Block E,CLASSROOM,1964,150,2,GOOD,2023-10-01
3224,527,Main Office,ADMIN,1998,135,1,FAIR,2020-11-02
3225,527,Junior Toilets,TOILET_BLOCK,1958,597,1,POOR,2021-12-12
3226,527,Equipment Store,STORAGE,1964,96,1,GOOD,2023-03-23
3227,527,Sports Hall,GYM,1958,576,1,FAIR,2020-12-24
3228,527,Assembly Hall,HALL,1954,495,2,FAIR,2021-09-11
3229,527,Food Technology,WORKSHOP,2007,255,2,GOOD,2024-07-20
3230,528,Senior Block,CLASSROOM,2022,280,1,GOOD,2020-11-23
3231,528,Administration Building,ADMIN,1997,668,1,FAIR,2023-04-16
3232,528,Sports Amenities,TOILET_BLOCK,2014,286,1,GOOD,2024-09-27
3233,530,Senior Block,CLASSROOM,2004,61,1,GOOD,2023-09-05
3234,530,Main Office,ADMIN,1965,275,2,POOR,2022-11-01
3235,530,Junior Toilets,TOILET_BLOCK,1971,569,1,POOR,2022-07-11
3236,530,Cricket Pavilion,SPORTS_PAVILION,2000,300,1,POOR,2023-09-14
3237,530,Fitness Centre,GYM,1989,98,2,FAIR,2021-03-23
3238,531,Block D,CLASSROOM,1967,240,1,GOOD,2023-04-08
3239,531,Staff Block,ADMIN,1997,352,2,GOOD,2023-12-26
3240,531,Senior Toilets,TOILET_BLOCK,1952,441,1,FAIR,2021-07-09
3241,531,School Hall,HALL,1993,224,2,GOOD,2021-06-15
3242,531,Wood Workshop,WORKSHOP,1951,654,2,GOOD,2024-08-09
3243,531,School Library,LIBRARY,1979,703,1,FAIR,2023-04-09
3244,531,Changing Rooms,SPORTS_PAVILION,1997,289,1,GOOD,2024-08-09
3245,531,Sports Hall,GYM,1967,531,2,POOR,2024-07-07
3246,531,Maintenance Shed,STORAGE,1998,45,1,POOR,2022-01-12
3247,531,Block D,CLASSROOM,2003,586,2,GOOD,2024-05-07
3248,531,Block B,CLASSROOM,1965,520,2,POOR,2024-01-04
3249,532,Block B,CLASSROOM,1959,484,2,GOOD,2022-06-16
3250,532,Staff Block,ADMIN,1956,648,1,GOOD,2021-02-24
3251,532,Staff Facilities,TOILET_BLOCK,1977,510,1,POOR,2021-12-30
3252,532,Sports Pavilion,SPORTS_PAVILION,1991,654,1,FAIR,2022-02-09
3253,532,Maintenance Shed,STORAGE,1983,64,1,GOOD,2020-08-18
3254,532,School Hall,HALL,1973,266,2,GOOD,2022-09-30
3255,532,Learning Centre,LIBRARY,1960,252,1,GOOD,2023-06-05
3256,532,Metal Workshop,WORKSHOP,1984,627,1,GOOD,2021-09-08
3257,533,Junior Block,CLASSROOM,1986,794,2,GOOD,2022-06-01
3258,533,Staff Block,ADMIN,2012,634,2,GOOD,2023-11-01
3259,533,Junior Toilets,TOILET_BLOCK,1997,615,1,FAIR,2020-09-23
3260,533,Changing Rooms,SPORTS_PAVILION,1950,709,1,FAIR,2020-12-14
3261,533,Wood Workshop,WORKSHOP,2013,54,1,FAIR,2021-04-14
3262,533,School Hall,HALL,1969,749,1,GOOD,2023-03-25
3263,533,Learning Centre,LIBRARY,1960,454,2,GOOD,2021-06-16
3264,533,Fitness Centre,GYM,1966,740,2,GOOD,2024-09-03
3265,536,Technology Block,CLASSROOM,2019,627,2,GOOD,2024-07-14
3266,536,Main Office,ADMIN,1975,194,2,GOOD,2021-05-14
3267,536,Staff Facilities,TOILET_BLOCK,1996,443,1,POOR,2023-03-28
3268,536,School Hall,HALL,2013,765,1,FAIR,2022-07-15
3269,536,Equipment Store,STORAGE,1984,49,1,FAIR,2020-09-08
3270,536,Main Gymnasium,GYM,1970,167,2,GOOD,2021-05-03
3271,536,Metal Workshop,WORKSHOP,2018,532,1,FAIR,2021-02-27
3272,536,Resource Centre,LIBRARY,2018,474,1,POOR,2022-01-10
3273,536,Changing Rooms,SPORTS_PAVILION,1966,432,1,FAIR,2020-11-19
3274,536,Junior Block,CLASSROOM,1981,377,2,GOOD,2023-08-26
3275,539,Science Block,CLASSROOM,1962,778,2,GOOD,2020-09-19
3276,539,Staff Block,ADMIN,2018,248,2,GOOD,2021-02-18
3277,539,Junior Toilets,TOILET_BLOCK,2011,639,1,FAIR,2021-01-04
3278,539,Sports Store,STORAGE,2015,90,1,GOOD,2020-12-09
3279,544,Block E,CLASSROOM,1962,451,2,GOOD,2023-08-20
3280,544,Administration Building,ADMIN,2021,631,1,GOOD,2021-10-14
3281,544,Sports Amenities,TOILET_BLOCK,2008,203,1,FAIR,2020-11-19
3282,544,Changing Rooms,SPORTS_PAVILION,1972,411,1,FAIR,2020-07-06
3283,544,Main Gymnasium,GYM,1973,396,2,POOR,2020-04-21
3284,544,Maintenance Shed,STORAGE,1953,45,1,GOOD,2024-11-15
3285,544,Performing Arts Centre,HALL,1991,389,2,POOR,2023-06-27
3286,544,School Library,LIBRARY,1970,63,1,FAIR,2024-03-19
3287,545,Block C,CLASSROOM,1957,488,1,GOOD,2023-11-23
3288,545,Administration Building,ADMIN,1967,60,2,POOR,2022-10-14
3289,545,Sports Amenities,TOILET_BLOCK,2007,160,1,POOR,2021-04-29
3290,545,Performing Arts Centre,HALL,1995,576,1,GOOD,2021-07-17
3291,546,Arts Block,CLASSROOM,1999,164,1,FAIR,2024-08-08
3292,546,Main Office,ADMIN,2011,721,1,FAIR,2024-10-03
3293,546,Staff Facilities,TOILET_BLOCK,1958,743,1,GOOD,2020-12-08
3294,546,School Library,LIBRARY,2002,761,1,FAIR,2020-06-25
3295,546,School Hall,HALL,1954,777,1,FAIR,2022-07-13
3296,546,Sports Pavilion,SPORTS_PAVILION,1979,479,1,FAIR,2023-05-05
3297,548,Block D,CLASSROOM,1968,557,1,FAIR,2022-03-13
3298,548,Administration Building,ADMIN,2010,252,2,FAIR,2022-03-17
3299,548,Senior Toilets,TOILET_BLOCK,2006,436,1,GOOD,2022-02-28
3300,548,Fitness Centre,GYM,2020,341,1,GOOD,2020-08-20
3301,548,Performing Arts Centre,HALL,1989,216,2,GOOD,2020-08-04
3302,548,Metal Workshop,WORKSHOP,1977,354,2,POOR,2024-10-07
3303,548,Equipment Store,STORAGE,1960,92,1,POOR,2023-01-09
3304,548,Cricket Pavilion,SPORTS_PAVILION,2006,712,1,FAIR,2022-05-29
3305,548,Resource Centre,LIBRARY,1992,270,1,GOOD,2023-06-11
3306,548,Block D,CLASSROOM,2001,96,1,POOR,2021-12-12
3307,548,Junior Block,CLASSROOM,2011,651,1,GOOD,2024-04-17
3308,549,Block B,CLASSROOM,1955,243,2,FAIR,2024-11-27
3309,549,Main Office,ADMIN,1974,569,1,GOOD,2024-06-28
3310,549,Junior Toilets,TOILET_BLOCK,1995,603,1,FAIR,2021-01-27
3311,549,Changing Rooms,SPORTS_PAVILION,1980,390,1,GOOD,2021-12-02
3312,549,School Library,LIBRARY,2008,367,1,POOR,2021-02-25
3313,549,Sports Hall,GYM,1980,679,2,GOOD,2022-09-07
3314,549,Assembly Hall,HALL,2001,739,2,FAIR,2024-09-19
3315,550,Junior Block,CLASSROOM,1986,488,1,POOR,2022-02-04
3316,550,Main Office,ADMIN,1979,666,1,FAIR,2024-05-13
3317,550,Sports Amenities,TOILET_BLOCK,1973,245,1,GOOD,2023-09-15
3318,550,Cricket Pavilion,SPORTS_PAVILION,2013,567,1,FAIR,2023-02-21
3319,551,Technology Block,CLASSROOM,1994,499,1,GOOD,2023-05-16
3320,551,Administration Building,ADMIN,1987,325,1,GOOD,2022-05-01
3321,551,Sports Amenities,TOILET_BLOCK,1975,352,1,GOOD,2020-01-12
3322,551,Resource Centre,LIBRARY,1958,747,1,GOOD,2024-01-15
3323,551,Sports Store,STORAGE,2011,94,1,FAIR,2024-02-18
3324,551,Main Gymnasium,GYM,1997,792,1,FAIR,2024-10-22
3325,552,Senior Block,CLASSROOM,2021,309,1,GOOD,2021-06-22
3326,552,Staff Block,ADMIN,1964,158,1,GOOD,2021-11-20
3327,552,Senior Toilets,TOILET_BLOCK,1967,650,1,FAIR,2020-02-16
3328,552,Performing Arts Centre,HALL,1979,102,2,GOOD,2024-07-18
3329,552,Fitness Centre,GYM,1968,493,2,GOOD,2024-09-26
3330,552,Equipment Store,STORAGE,1950,20,1,POOR,2023-11-07
3331,552,Cricket Pavilion,SPORTS_PAVILION,1954,177,1,FAIR,2023-01-30
3332,552,Food Technology,WORKSHOP,1960,604,2,GOOD,2021-02-12
3333,552,School Library,LIBRARY,2001,700,1,POOR,2022-06-04
3334,553,Block A,CLASSROOM,1985,196,2,GOOD,2020-04-28
3335,553,Administration Building,ADMIN,2005,696,1,GOOD,2024-01-30
3336,553,Senior Toilets,TOILET_BLOCK,2000,731,1,POOR,2022-06-05
3337,553,Sports Store,STORAGE,1978,56,1,GOOD,2022-08-22
3338,553,Learning Centre,LIBRARY,1962,448,2,GOOD,2024-10-26
3339,553,Main Gymnasium,GYM,2005,175,2,FAIR,2022-01-10
3340,553,Technology Workshop,WORKSHOP,1976,426,2,POOR,2022-05-17
3341,553,Sports Pavilion,SPORTS_PAVILION,1974,650,1,GOOD,2023-09-12
3342,553,School Hall,HALL,1975,123,2,GOOD,2020-04-04
3343,553,Junior Block,CLASSROOM,1957,419,2,FAIR,2020-08-02
3344,553,Arts Block,CLASSROOM,1977,453,2,GOOD,2023-02-05
3345,553,Block E,CLASSROOM,1989,181,1,POOR,2024-01-22
3346,555,Senior Block,CLASSROOM,2012,528,1,GOOD,2022-10-09
3347,555,Main Office,ADMIN,1997,398,2,GOOD,2024-09-08
3348,555,Staff Facilities,TOILET_BLOCK,1963,137,1,POOR,2020-03-29
3349,555,Equipment Store,STORAGE,1977,36,1,GOOD,2023-03-03
3350,555,Resource Centre,LIBRARY,1972,575,2,GOOD,2020-01-13
3351,557,Block B,CLASSROOM,2001,432,1,FAIR,2021-03-22
3352,557,Main Office,ADMIN,2006,382,1,FAIR,2021-05-27
3353,557,Sports Amenities,TOILET_BLOCK,1979,661,1,FAIR,2022-03-26
3354,557,Sports Pavilion,SPORTS_PAVILION,1984,715,1,GOOD,2020-04-14
3355,557,Equipment Store,STORAGE,2000,36,1,POOR,2020-08-25
3356,557,Technology Workshop,WORKSHOP,1955,263,1,GOOD,2023-02-06
3357,557,School Hall,HALL,1972,110,1,GOOD,2023-11-19
3358,558,Block A,CLASSROOM,1986,752,1,GOOD,2024-11-01
3359,558,Staff Block,ADMIN,1997,397,1,GOOD,2024-07-29
3360,558,Staff Facilities,TOILET_BLOCK,1963,131,1,GOOD,2022-12-08
3361,558,School Hall,HALL,1963,619,1,GOOD,2023-08-10
3362,558,Maintenance Shed,STORAGE,2008,42,1,CRITICAL,2023-08-06
3363,558,Main Gymnasium,GYM,1952,315,2,FAIR,2021-11-05
3364,558,Changing Rooms,SPORTS_PAVILION,2013,403,1,GOOD,2024-02-11
3365,558,School Library,LIBRARY,1979,782,2,GOOD,2022-08-09
3366,559,Block C,CLASSROOM,2009,359,1,GOOD,2022-01-26
3367,559,Main Office,ADMIN,2015,63,2,POOR,2020-04-20
3368,559,Staff Facilities,TOILET_BLOCK,2008,313,1,FAIR,2023-03-30
3369,559,Grounds Shed,STORAGE,1962,86,1,GOOD,2024-05-13
3370,563,Senior Block,CLASSROOM,1966,210,2,GOOD,2022-11-14
3371,563,Staff Block,ADMIN,1996,701,2,GOOD,2020-06-14
3372,563,Staff Facilities,TOILET_BLOCK,2005,392,1,FAIR,2023-08-24
3373,563,Fitness Centre,GYM,1983,539,1,GOOD,2023-09-10
3374,563,Resource Centre,LIBRARY,1958,333,2,GOOD,2021-11-21
3375,563,Equipment Store,STORAGE,1995,30,1,GOOD,2024-10-08
3376,563,Performing Arts Centre,HALL,1955,167,2,POOR,2021-06-21
3377,563,Cricket Pavilion,SPORTS_PAVILION,2020,89,1,POOR,2021-02-15
3378,563,Wood Workshop,WORKSHOP,1960,236,2,GOOD,2022-06-21
3379,563,Block E,CLASSROOM,1950,235,2,GOOD,2023-06-21
3380,563,Block D,CLASSROOM,1983,390,2,GOOD,2023-04-25
3381,564,Junior Block,CLASSROOM,2013,524,2,FAIR,2022-02-19
3382,564,Staff Block,ADMIN,2007,577,1,FAIR,2023-03-23
3383,564,Sports Amenities,TOILET_BLOCK,1999,216,1,FAIR,2024-04-08
3384,564,Food Technology,WORKSHOP,1994,447,2,GOOD,2024-10-24
3385,564,Sports Hall,GYM,1991,271,1,GOOD,2022-03-20
3386,564,Maintenance Shed,STORAGE,1971,39,1,CRITICAL,2023-04-09
3387,564,Sports Pavilion,SPORTS_PAVILION,1963,727,1,CRITICAL,2024-09-10
3388,564,School Hall,HALL,2013,799,2,FAIR,2023-10-13
3389,564,Learning Centre,LIBRARY,1997,250,1,GOOD,2024-08-07
3390,564,Block C,CLASSROOM,2008,376,1,FAIR,2021-02-14
3391,564,Block E,CLASSROOM,1998,651,2,POOR,2024-05-31
3392,565,Block B,CLASSROOM,1991,288,2,FAIR,2022-10-29
3393,565,Main Office,ADMIN,1950,496,2,GOOD,2020-01-15
3394,565,Senior Toilets,TOILET_BLOCK,2006,291,1,GOOD,2022-02-08
3395,565,Changing Rooms,SPORTS_PAVILION,1994,80,1,GOOD,2024-04-17
3396,565,Equipment Store,STORAGE,1955,82,1,CRITICAL,2021-01-30
3397,565,School Hall,HALL,1959,492,1,GOOD,2024-06-22
3398,565,Food Technology,WORKSHOP,1954,649,2,GOOD,2024-05-05
3399,565,Sports Hall,GYM,1980,392,1,FAIR,2021-07-27
3400,565,Learning Centre,LIBRARY,1977,789,1,POOR,2020-02-10
3401,565,Science Block,CLASSROOM,1965,80,2,GOOD,2020-07-27
3402,565,Block B,CLASSROOM,1954,681,1,GOOD,2024-07-04
3403,565,Technology Block,CLASSROOM,1995,671,1,FAIR,2023-11-10
3404,566,Technology Block,CLASSROOM,2014,604,2,FAIR,2020-08-28
3405,566,Staff Block,ADMIN,1963,467,1,GOOD,2021-01-18
3406,566,Senior Toilets,TOILET_BLOCK,1980,352,1,GOOD,2020-06-14
3407,566,Food Technology,WORKSHOP,1951,91,1,CRITICAL,2022-08-03
3408,566,Learning Centre,LIBRARY,2011,230,2,GOOD,2021-12-27
3409,567,Block A,CLASSROOM,2014,433,2,FAIR,2020-03-06
3410,567,Main Office,ADMIN,2018,538,2,GOOD,2024-11-28
3411,567,Staff Facilities,TOILET_BLOCK,1963,644,1,POOR,2020-11-07
3412,567,Metal Workshop,WORKSHOP,1975,388,2,GOOD,2021-02-02
3413,567,Cricket Pavilion,SPORTS_PAVILION,1998,248,1,GOOD,2022-02-15
3414,570,Technology Block,CLASSROOM,1957,124,1,POOR,2020-02-24
3415,570,Administration Building,ADMIN,1985,343,1,GOOD,2023-01-02
3416,570,Junior Toilets,TOILET_BLOCK,1966,188,1,GOOD,2022-04-19
3417,570,Cricket Pavilion,SPORTS_PAVILION,1999,401,1,FAIR,2020-05-15
3418,570,Learning Centre,LIBRARY,1962,292,2,GOOD,2021-12-05
3419,570,Assembly Hall,HALL,2017,652,1,FAIR,2021-02-27
3420,570,Fitness Centre,GYM,1969,529,1,GOOD,2020-06-21
3421,570,Food Technology,WORKSHOP,2019,347,2,FAIR,2021-03-14
3422,570,Sports Store,STORAGE,1978,83,1,CRITICAL,2023-11-23
3423,570,Block B,CLASSROOM,1988,367,1,GOOD,2020-02-24
3424,570,Arts Block,CLASSROOM,1960,412,1,CRITICAL,2020-11-16
3425,570,Block E,CLASSROOM,2020,670,1,GOOD,2022-06-21
3426,571,Block B,CLASSROOM,1960,633,1,GOOD,2020-07-07
3427,571,Administration Building,ADMIN,2010,138,1,GOOD,2020-03-22
3428,571,Sports Amenities,TOILET_BLOCK,2018,144,1,POOR,2022-01-16
3429,571,Technology Workshop,WORKSHOP,1959,360,2,GOOD,2023-02-11
3430,571,Assembly Hall,HALL,1989,291,1,FAIR,2022-05-03
3431,571,Main Gymnasium,GYM,1955,647,2,FAIR,2022-11-16
3432,571,Cricket Pavilion,SPORTS_PAVILION,1953,156,1,FAIR,2022-06-18
3433,571,Sports Store,STORAGE,1969,42,1,GOOD,2023-05-04
3434,571,Resource Centre,LIBRARY,1965,140,2,GOOD,2024-03-10
3435,571,Block C,CLASSROOM,1999,538,2,GOOD,2023-08-04
3436,571,Arts Block,CLASSROOM,1959,240,1,FAIR,2020-04-05
3437,572,Block D,CLASSROOM,1975,461,1,GOOD,2024-07-27
3438,572,Administration Building,ADMIN,2013,345,2,GOOD,2024-04-19
3439,572,Sports Amenities,TOILET_BLOCK,1960,127,1,CRITICAL,2022-07-29
3440,572,Food Technology,WORKSHOP,1963,179,2,POOR,2024-10-07
3441,572,Learning Centre,LIBRARY,1968,514,2,GOOD,2022-02-17
3442,572,Sports Pavilion,SPORTS_PAVILION,1981,393,1,FAIR,2020-06-20
3443,577,Block B,CLASSROOM,1959,347,2,GOOD,2021-05-26
3444,577,Staff Block,ADMIN,1981,326,2,POOR,2021-10-25
3445,577,Senior Toilets,TOILET_BLOCK,1987,548,1,POOR,2020-12-27
3446,577,Grounds Shed,STORAGE,1974,67,1,FAIR,2020-07-03
3447,577,Performing Arts Centre,HALL,1991,483,2,POOR,2020-02-13
3448,577,Wood Workshop,WORKSHOP,1989,217,2,GOOD,2021-04-15
3449,577,Sports Hall,GYM,2003,428,1,FAIR,2024-04-01
3450,577,Learning Centre,LIBRARY,1957,639,1,GOOD,2020-05-14
3451,577,Changing Rooms,SPORTS_PAVILION,2016,129,1,FAIR,2022-10-27
3452,577,Block B,CLASSROOM,2004,104,2,GOOD,2024-05-13
3453,577,Arts Block,CLASSROOM,1957,131,2,GOOD,2024-10-25
3454,577,Block B,CLASSROOM,1969,564,1,POOR,2020-09-15
3455,579,Block A,CLASSROOM,1972,775,2,GOOD,2024-07-27
3456,579,Main Office,ADMIN,1988,174,2,POOR,2021-04-10
3457,579,Staff Facilities,TOILET_BLOCK,1957,66,1,GOOD,2021-05-12
3458,579,Performing Arts Centre,HALL,1986,332,1,FAIR,2023-04-18
3459,579,Sports Pavilion,SPORTS_PAVILION,1980,127,1,GOOD,2020-09-15
3460,579,Food Technology,WORKSHOP,2013,134,1,GOOD,2021-11-05
3461,579,Fitness Centre,GYM,1963,560,1,POOR,2022-08-31
3462,579,Maintenance Shed,STORAGE,1980,23,1,POOR,2024-11-08
3463,579,Learning Centre,LIBRARY,1970,180,1,GOOD,2024-09-06
3464,579,Senior Block,CLASSROOM,1966,529,2,CRITICAL,2022-07-29
3465,579,Block E,CLASSROOM,1984,212,2,FAIR,2020-12-27
3466,584,Block E,CLASSROOM,2022,293,1,GOOD,2024-01-23
3467,584,Main Office,ADMIN,1995,777,2,GOOD,2024-10-07
3468,584,Senior Toilets,TOILET_BLOCK,1964,217,1,GOOD,2023-11-05
3469,584,Sports Pavilion,SPORTS_PAVILION,1993,58,1,CRITICAL,2024-07-19
3470,584,School Hall,HALL,1993,274,2,FAIR,2024-07-13
3471,584,School Library,LIBRARY,1994,269,2,POOR,2020-11-23
3472,584,Main Gymnasium,GYM,2009,111,1,GOOD,2024-11-23
3473,584,Maintenance Shed,STORAGE,2001,46,1,FAIR,2023-01-04
3474,584,Food Technology,WORKSHOP,2007,244,2,GOOD,2021-06-19
3475,584,Senior Block,CLASSROOM,2014,587,2,POOR,2021-07-04
3476,585,Block E,CLASSROOM,1965,83,1,GOOD,2021-06-27
3477,585,Staff Block,ADMIN,1987,155,1,FAIR,2020-08-23
3478,585,Junior Toilets,TOILET_BLOCK,1979,385,1,GOOD,2020-09-24
3479,585,Cricket Pavilion,SPORTS_PAVILION,2008,737,1,POOR,2023-01-26
3480,585,Performing Arts Centre,HALL,1957,797,1,POOR,2022-06-07
3481,585,Main Gymnasium,GYM,1951,176,1,GOOD,2021-11-18
3482,585,Wood Workshop,WORKSHOP,1963,492,2,FAIR,2024-09-29
3483,585,Sports Store,STORAGE,1979,29,1,FAIR,2020-04-12
3484,585,Learning Centre,LIBRARY,2020,748,1,POOR,2022-01-12
3485,585,Junior Block,CLASSROOM,1972,622,2,POOR,2021-11-10
3486,586,Junior Block,CLASSROOM,2013,796,2,GOOD,2022-06-01
3487,586,Administration Building,ADMIN,1989,670,1,GOOD,2021-01-12
3488,586,Junior Toilets,TOILET_BLOCK,1959,70,1,FAIR,2020-10-09
3489,586,School Library,LIBRARY,2021,176,2,GOOD,2022-07-11
3490,586,Grounds Shed,STORAGE,1978,30,1,GOOD,2021-07-21
3491,586,Wood Workshop,WORKSHOP,2000,156,1,GOOD,2024-10-26
3492,586,Main Gymnasium,GYM,1959,298,1,GOOD,2020-10-15
3493,586,School Hall,HALL,1967,122,1,POOR,2021-04-20
3494,586,Cricket Pavilion,SPORTS_PAVILION,1992,121,1,FAIR,2023-11-25
3495,586,Block B,CLASSROOM,1951,629,1,FAIR,2020-04-20
3496,586,Arts Block,CLASSROOM,2018,454,1,GOOD,2024-02-17
3497,588,Block B,CLASSROOM,1996,740,1,FAIR,2020-09-14
3498,588,Administration Building,ADMIN,1996,443,1,FAIR,2021-03-03
3499,588,Staff Facilities,TOILET_BLOCK,2004,124,1,CRITICAL,2024-03-06
3500,588,Performing Arts Centre,HALL,1983,639,2,GOOD,2020-05-30
3501,588,Changing Rooms,SPORTS_PAVILION,2007,511,1,FAIR,2021-12-08
3502,588,Metal Workshop,WORKSHOP,1995,618,1,POOR,2024-02-09
3503,588,Resource Centre,LIBRARY,1987,331,1,POOR,2020-02-18
3504,589,Junior Block,CLASSROOM,1996,498,2,FAIR,2023-02-07
3505,589,Staff Block,ADMIN,1990,630,2,POOR,2023-05-20
3506,589,Senior Toilets,TOILET_BLOCK,2006,176,1,FAIR,2024-05-17
3507,589,Sports Pavilion,SPORTS_PAVILION,1988,442,1,POOR,2023-11-14
3508,593,Block A,CLASSROOM,1980,521,1,FAIR,2024-08-23
3509,593,Administration Building,ADMIN,1979,284,1,FAIR,2023-03-26
3510,593,Junior Toilets,TOILET_BLOCK,1998,129,1,GOOD,2021-11-10
3511,593,Resource Centre,LIBRARY,1975,726,2,GOOD,2021-07-25
3512,593,Wood Workshop,WORKSHOP,2009,442,2,GOOD,2024-04-26
3513,593,Equipment Store,STORAGE,1981,66,1,GOOD,2024-02-26
3514,593,Main Gymnasium,GYM,1993,224,1,CRITICAL,2022-07-11
3515,593,Changing Rooms,SPORTS_PAVILION,1987,57,1,POOR,2022-07-09
3516,594,Block C,CLASSROOM,1968,161,1,FAIR,2023-02-05
3517,594,Main Office,ADMIN,2012,558,1,FAIR,2021-06-02
3518,594,Junior Toilets,TOILET_BLOCK,1993,527,1,GOOD,2023-10-14
3519,594,Metal Workshop,WORKSHOP,1996,179,1,GOOD,2022-12-26
3520,594,Changing Rooms,SPORTS_PAVILION,2006,314,1,FAIR,2020-07-25
3521,595,Block E,CLASSROOM,1956,578,2,FAIR,2021-10-13
3522,595,Staff Block,ADMIN,2008,437,2,FAIR,2024-10-06
3523,595,Senior Toilets,TOILET_BLOCK,2011,704,1,POOR,2021-04-17
3524,595,Cricket Pavilion,SPORTS_PAVILION,2022,77,1,GOOD,2024-06-26
3525,595,Technology Workshop,WORKSHOP,2011,139,1,FAIR,2020-08-17
3526,595,Grounds Shed,STORAGE,1998,72,1,FAIR,2020-05-23
3527,595,Main Gymnasium,GYM,2020,223,2,FAIR,2020-03-17
3528,595,Resource Centre,LIBRARY,2011,313,2,POOR,2024-09-22
3529,595,Performing Arts Centre,HALL,2003,328,1,FAIR,2022-06-29
3530,595,Technology Block,CLASSROOM,1958,725,2,FAIR,2020-01-01
3531,595,Senior Block,CLASSROOM,1987,609,1,POOR,2020-08-02
3532,600,Block D,CLASSROOM,1967,673,1,FAIR,2022-12-21
3533,600,Administration Building,ADMIN,2003,321,2,FAIR,2020-11-30
3534,600,Junior Toilets,TOILET_BLOCK,2016,769,1,FAIR,2021-07-23
3535,600,School Library,LIBRARY,2012,126,1,POOR,2020-09-16
3536,600,School Hall,HALL,2010,380,1,GOOD,2020-10-10
3537,601,Block D,CLASSROOM,2010,565,1,POOR,2020-12-30
3538,601,Main Office,ADMIN,1978,368,1,POOR,2024-05-29
3539,601,Senior Toilets,TOILET_BLOCK,1988,129,1,GOOD,2021-05-13
3540,601,Food Technology,WORKSHOP,1969,171,2,GOOD,2020-12-23
3541,603,Block A,CLASSROOM,1991,475,2,POOR,2021-09-20
3542,603,Staff Block,ADMIN,2015,165,2,POOR,2024-07-12
3543,603,Senior Toilets,TOILET_BLOCK,2014,521,1,GOOD,2022-05-12
3544,603,Assembly Hall,HALL,2005,401,1,GOOD,2023-12-23
3545,603,Sports Pavilion,SPORTS_PAVILION,1984,469,1,GOOD,2020-05-11
3546,603,Fitness Centre,GYM,1990,535,2,GOOD,2022-07-04
3547,603,Equipment Store,STORAGE,2018,90,1,FAIR,2022-01-11
3548,604,Block D,CLASSROOM,1999,349,1,POOR,2021-10-22
3549,604,Administration Building,ADMIN,2018,799,1,GOOD,2023-02-04
3550,604,Senior Toilets,TOILET_BLOCK,1991,462,1,CRITICAL,2021-08-19
3551,604,Sports Store,STORAGE,2005,54,1,FAIR,2022-07-01
3552,604,Performing Arts Centre,HALL,2022,633,2,FAIR,2024-09-16
3553,605,Block D,CLASSROOM,1963,579,1,POOR,2022-11-24
3554,605,Staff Block,ADMIN,1990,87,2,FAIR,2022-10-13
3555,605,Sports Amenities,TOILET_BLOCK,1982,361,1,POOR,2022-05-28
3556,605,Metal Workshop,WORKSHOP,1993,569,2,POOR,2024-05-26
3557,607,Junior Block,CLASSROOM,2001,438,1,GOOD,2022-02-06
3558,607,Staff Block,ADMIN,2007,656,2,POOR,2020-02-11
3559,607,Sports Amenities,TOILET_BLOCK,1982,211,1,POOR,2024-06-17
3560,607,Performing Arts Centre,HALL,2015,440,2,CRITICAL,2021-10-10
3561,608,Block D,CLASSROOM,2017,496,1,POOR,2021-11-03
3562,608,Main Office,ADMIN,1994,680,2,FAIR,2024-09-20
3563,608,Senior Toilets,TOILET_BLOCK,2000,102,1,POOR,2021-02-12
3564,608,Performing Arts Centre,HALL,2009,129,1,GOOD,2021-04-09
3565,608,Sports Pavilion,SPORTS_PAVILION,2014,177,1,POOR,2020-10-11
3566,608,School Library,LIBRARY,1983,757,2,POOR,2024-10-15
3567,608,Fitness Centre,GYM,1993,165,1,POOR,2021-07-17
3568,612,Block D,CLASSROOM,1984,94,1,POOR,2024-12-02
3569,612,Main Office,ADMIN,1966,128,2,GOOD,2020-02-10
3570,612,Staff Facilities,TOILET_BLOCK,2011,322,1,GOOD,2023-08-12
3571,612,School Library,LIBRARY,1994,256,2,GOOD,2022-03-29
3572,612,Sports Pavilion,SPORTS_PAVILION,1984,252,1,FAIR,2022-11-05
3573,614,Technology Block,CLASSROOM,1980,704,2,CRITICAL,2024-10-28
3574,614,Main Office,ADMIN,1996,175,2,FAIR,2022-12-05
3575,614,Sports Amenities,TOILET_BLOCK,2003,766,1,POOR,2022-10-27
3576,614,Grounds Shed,STORAGE,2016,50,1,GOOD,2022-05-18
3577,614,Learning Centre,LIBRARY,1968,665,2,GOOD,2023-06-16
3578,614,Assembly Hall,HALL,2001,719,1,FAIR,2024-11-12
3579,615,Senior Block,CLASSROOM,1967,229,2,FAIR,2022-05-09
3580,615,Main Office,ADMIN,2000,550,2,GOOD,2020-11-01
3581,615,Sports Amenities,TOILET_BLOCK,1977,283,1,FAIR,2022-07-10
3582,615,Resource Centre,LIBRARY,2004,592,2,POOR,2024-04-02
3583,615,School Hall,HALL,1970,50,2,POOR,2023-11-18
3584,615,Sports Pavilion,SPORTS_PAVILION,1960,85,1,GOOD,2021-11-13
3585,615,Food Technology,WORKSHOP,1985,763,2,GOOD,2024-02-06
3586,615,Main Gymnasium,GYM,1954,793,2,GOOD,2021-03-09
3587,615,Equipment Store,STORAGE,2016,28,1,GOOD,2024-07-31
3588,616,Block D,CLASSROOM,2005,477,1,FAIR,2021-06-04
3589,616,Main Office,ADMIN,1976,770,1,FAIR,2023-09-23
3590,616,Staff Facilities,TOILET_BLOCK,2004,396,1,FAIR,2023-07-18
3591,618,Block D,CLASSROOM,2002,371,1,FAIR,2022-11-08
3592,618,Administration Building,ADMIN,1957,567,1,GOOD,2024-03-17
3593,618,Staff Facilities,TOILET_BLOCK,1979,299,1,GOOD,2020-04-13
3594,618,Equipment Store,STORAGE,1975,59,1,GOOD,2021-07-17
3595,618,Sports Pavilion,SPORTS_PAVILION,1971,480,1,POOR,2024-11-21
3596,618,Wood Workshop,WORKSHOP,1990,73,2,POOR,2021-11-16
3597,618,Assembly Hall,HALL,1969,630,2,FAIR,2024-10-06
3598,618,Main Gymnasium,GYM,1985,231,1,CRITICAL,2024-06-19
3599,620,Block D,CLASSROOM,1961,572,2,FAIR,2024-10-10
3600,620,Main Office,ADMIN,1986,389,1,FAIR,2020-06-15
3601,620,Junior Toilets,TOILET_BLOCK,1988,693,1,GOOD,2024-02-21
3602,620,Resource Centre,LIBRARY,1972,254,2,GOOD,2022-05-06
3603,620,Assembly Hall,HALL,1979,309,2,FAIR,2022-06-05
3604,620,Fitness Centre,GYM,2010,299,1,POOR,2022-11-18
3605,620,Sports Pavilion,SPORTS_PAVILION,1971,304,1,CRITICAL,2024-04-06
3606,622,Technology Block,CLASSROOM,1989,477,1,FAIR,2023-07-23
3607,622,Main Office,ADMIN,1993,403,2,GOOD,2024-03-11
3608,622,Sports Amenities,TOILET_BLOCK,1975,429,1,GOOD,2024-08-27
3609,624,Science Block,CLASSROOM,1979,476,2,GOOD,2024-02-16
3610,624,Administration Building,ADMIN,2016,635,2,POOR,2022-10-06
3611,624,Senior Toilets,TOILET_BLOCK,1982,384,1,POOR,2024-07-09
3612,624,Main Gymnasium,GYM,2018,352,2,FAIR,2023-11-05
3613,625,Senior Block,CLASSROOM,1997,685,2,GOOD,2023-06-17
3614,625,Main Office,ADMIN,1976,729,2,POOR,2021-03-11
3615,625,Staff Facilities,TOILET_BLOCK,2006,633,1,POOR,2020-10-20
3616,625,School Library,LIBRARY,2012,512,2,GOOD,2022-09-29
3617,625,Metal Workshop,WORKSHOP,1985,684,2,POOR,2024-05-24
3618,625,School Hall,HALL,1983,110,1,POOR,2022-05-27
3619,625,Sports Pavilion,SPORTS_PAVILION,1991,659,1,POOR,2021-07-27
3620,628,Block C,CLASSROOM,1973,200,1,FAIR,2024-07-08
3621,628,Staff Block,ADMIN,1972,93,1,FAIR,2023-11-26
3622,628,Senior Toilets,TOILET_BLOCK,2015,431,1,POOR,2024-06-08
3623,628,Sports Hall,GYM,1963,225,1,POOR,2021-01-17
3624,630,Block B,CLASSROOM,2014,196,1,POOR,2020-09-06
3625,630,Staff Block,ADMIN,1958,86,2,POOR,2021-02-05
3626,630,Staff Facilities,TOILET_BLOCK,1987,791,1,GOOD,2020-06-04
3627,630,School Hall,HALL,1973,269,1,POOR,2020-07-21
3628,630,Learning Centre,LIBRARY,2012,601,2,FAIR,2020-01-25
3629,630,Wood Workshop,WORKSHOP,1973,239,2,CRITICAL,2020-03-07
3630,630,Sports Pavilion,SPORTS_PAVILION,1994,779,1,GOOD,2023-09-09
3631,631,Senior Block,CLASSROOM,1965,342,2,GOOD,2021-05-29
3632,631,Administration Building,ADMIN,1984,384,2,FAIR,2024-08-27
3633,631,Senior Toilets,TOILET_BLOCK,1996,766,1,GOOD,2020-01-18
3634,631,Technology Workshop,WORKSHOP,1954,494,2,GOOD,2023-06-12
3635,631,School Library,LIBRARY,1973,507,2,FAIR,2022-11-17
3636,631,Grounds Shed,STORAGE,1950,23,1,FAIR,2022-03-20
3637,632,Block C,CLASSROOM,2021,581,2,POOR,2020-01-28
3638,632,Staff Block,ADMIN,2019,656,1,FAIR,2023-05-31
3639,632,Senior Toilets,TOILET_BLOCK,2002,681,1,FAIR,2021-05-17
3640,633,Block C,CLASSROOM,2002,107,1,FAIR,2023-05-31
3641,633,Staff Block,ADMIN,2010,227,2,FAIR,2020-12-27
3642,633,Staff Facilities,TOILET_BLOCK,1999,735,1,POOR,2022-10-02
3643,633,Performing Arts Centre,HALL,1957,796,1,FAIR,2021-12-27
3644,639,Arts Block,CLASSROOM,1996,551,1,FAIR,2020-12-08
3645,639,Administration Building,ADMIN,2000,608,1,FAIR,2023-06-10
3646,639,Sports Amenities,TOILET_BLOCK,1961,352,1,GOOD,2022-09-29
3647,639,Sports Pavilion,SPORTS_PAVILION,1974,202,1,POOR,2021-11-01
3648,639,Metal Workshop,WORKSHOP,1980,341,2,POOR,2022-01-23
3649,641,Technology Block,CLASSROOM,1984,152,1,GOOD,2021-10-18
3650,641,Administration Building,ADMIN,1990,424,2,FAIR,2021-08-27
3651,641,Staff Facilities,TOILET_BLOCK,1992,258,1,POOR,2022-08-26
3652,641,Sports Hall,GYM,2008,250,1,FAIR,2024-11-12
3653,647,Senior Block,CLASSROOM,1963,231,2,FAIR,2024-07-15
3654,647,Staff Block,ADMIN,1982,112,1,FAIR,2023-01-13
3655,647,Sports Amenities,TOILET_BLOCK,1995,518,1,FAIR,2022-08-11
3656,647,Maintenance Shed,STORAGE,2000,80,1,GOOD,2024-04-02
3657,647,Resource Centre,LIBRARY,1983,600,2,GOOD,2021-08-10
3658,648,Block E,CLASSROOM,1966,96,2,GOOD,2023-03-01
3659,648,Administration Building,ADMIN,2011,98,1,FAIR,2020-08-09
3660,648,Staff Facilities,TOILET_BLOCK,2010,797,1,FAIR,2021-09-07
3661,648,Technology Workshop,WORKSHOP,1993,592,1,FAIR,2020-09-18
3662,648,Sports Pavilion,SPORTS_PAVILION,1981,306,1,GOOD,2023-02-01
3663,651,Block D,CLASSROOM,2014,719,2,POOR,2021-04-26
3664,651,Administration Building,ADMIN,1956,613,2,GOOD,2022-10-28
3665,651,Junior Toilets,TOILET_BLOCK,2018,504,1,GOOD,2023-10-29
3666,654,Block D,CLASSROOM,1991,376,1,POOR,2020-01-21
3667,654,Staff Block,ADMIN,1963,738,2,POOR,2024-08-06
3668,654,Sports Amenities,TOILET_BLOCK,1996,718,1,POOR,2021-09-08
3669,654,Learning Centre,LIBRARY,1958,210,1,FAIR,2024-01-29
3670,654,Assembly Hall,HALL,1962,511,1,FAIR,2024-06-17
3671,654,Maintenance Shed,STORAGE,1990,84,1,FAIR,2022-01-31
3672,654,Sports Pavilion,SPORTS_PAVILION,1957,778,1,FAIR,2020-03-28
3673,654,Fitness Centre,GYM,1989,350,1,GOOD,2024-03-18
3674,654,Technology Workshop,WORKSHOP,1998,560,2,FAIR,2022-01-28
3675,654,Junior Block,CLASSROOM,2015,554,2,GOOD,2022-11-24
3676,655,Block B,CLASSROOM,2005,195,1,GOOD,2023-07-09
3677,655,Staff Block,ADMIN,1970,669,2,FAIR,2021-02-07
3678,655,Sports Amenities,TOILET_BLOCK,1967,711,1,GOOD,2024-01-23
3679,655,Sports Store,STORAGE,1998,50,1,FAIR,2020-04-04
3680,658,Block A,CLASSROOM,1950,120,2,GOOD,2023-10-19
3681,658,Staff Block,ADMIN,1993,645,2,FAIR,2023-03-11
3682,658,Senior Toilets,TOILET_BLOCK,1985,206,1,POOR,2023-08-09
3683,658,Sports Hall,GYM,2000,354,1,GOOD,2024-08-22
3684,660,Block D,CLASSROOM,2002,567,1,POOR,2023-12-20
3685,660,Main Office,ADMIN,1953,792,2,GOOD,2023-09-13
3686,660,Staff Facilities,TOILET_BLOCK,2015,328,1,FAIR,2021-04-01
3687,660,Technology Workshop,WORKSHOP,2015,533,1,GOOD,2020-08-13
3688,660,Equipment Store,STORAGE,1994,89,1,FAIR,2021-08-29
3689,660,Sports Hall,GYM,2000,220,2,FAIR,2023-11-27
3690,660,Performing Arts Centre,HALL,1952,733,1,FAIR,2020-05-24
3691,660,Sports Pavilion,SPORTS_PAVILION,2004,457,1,GOOD,2021-01-25
3692,661,Block D,CLASSROOM,2012,549,2,FAIR,2023-01-03
3693,661,Main Office,ADMIN,1968,84,2,FAIR,2022-05-26
3694,661,Junior Toilets,TOILET_BLOCK,1997,200,1,GOOD,2024-04-07
3695,661,Resource Centre,LIBRARY,1967,294,2,GOOD,2020-02-05
3696,661,Sports Pavilion,SPORTS_PAVILION,1952,155,1,POOR,2021-12-26
3697,670,Block E,CLASSROOM,2011,684,1,FAIR,2023-11-10
3698,670,Staff Block,ADMIN,2001,556,1,GOOD,2024-03-15
3699,670,Junior Toilets,TOILET_BLOCK,1986,307,1,GOOD,2023-05-03
3700,670,School Hall,HALL,2009,673,1,GOOD,2024-11-06
3701,671,Technology Block,CLASSROOM,1967,719,2,FAIR,2021-05-16
3702,671,Administration Building,ADMIN,2022,193,1,FAIR,2020-03-31
3703,671,Sports Amenities,TOILET_BLOCK,1967,127,1,POOR,2020-01-05
3704,671,Grounds Shed,STORAGE,2016,91,1,FAIR,2024-02-13
3705,671,Fitness Centre,GYM,1997,629,1,FAIR,2020-04-30
3706,674,Block A,CLASSROOM,2020,152,2,FAIR,2024-11-18
3707,674,Main Office,ADMIN,1959,505,1,GOOD,2023-01-06
3708,674,Staff Facilities,TOILET_BLOCK,1956,295,1,GOOD,2023-01-19
3709,674,Grounds Shed,STORAGE,1972,66,1,POOR,2020-12-14
3710,674,Assembly Hall,HALL,2020,448,2,POOR,2023-04-11
3711,683,Block C,CLASSROOM,2017,734,1,GOOD,2023-01-09
3712,683,Main Office,ADMIN,2021,487,2,POOR,2023-11-23
3713,683,Sports Amenities,TOILET_BLOCK,1968,782,1,FAIR,2023-07-04
3714,683,Food Technology,WORKSHOP,1961,98,2,FAIR,2022-09-24
3715,683,Sports Store,STORAGE,1952,43,1,GOOD,2020-06-05
3716,683,Performing Arts Centre,HALL,1971,605,1,FAIR,2023-11-19
3717,683,Fitness Centre,GYM,1989,510,2,GOOD,2023-04-27
3718,683,Sports Pavilion,SPORTS_PAVILION,2011,379,1,GOOD,2020-09-20
3719,683,Learning Centre,LIBRARY,1987,572,2,CRITICAL,2020-02-04
3720,683,Science Block,CLASSROOM,1980,596,1,FAIR,2022-08-07
3721,683,Block C,CLASSROOM,1960,109,1,CRITICAL,2020-05-24
3722,684,Block D,CLASSROOM,1997,693,1,GOOD,2024-11-18
3723,684,Administration Building,ADMIN,2012,633,1,FAIR,2021-08-04
3724,684,Senior Toilets,TOILET_BLOCK,1997,398,1,GOOD,2023-11-20
3725,684,Metal Workshop,WORKSHOP,2003,155,1,FAIR,2020-08-20
3726,684,Grounds Shed,STORAGE,1999,94,1,CRITICAL,2022-12-29
3727,684,Changing Rooms,SPORTS_PAVILION,1967,736,1,GOOD,2020-05-22
3728,684,Learning Centre,LIBRARY,1995,198,2,FAIR,2021-05-13
3729,684,Sports Hall,GYM,2004,745,2,POOR,2021-10-08
3730,685,Science Block,CLASSROOM,2003,782,2,GOOD,2020-01-21
3731,685,Main Office,ADMIN,1974,783,1,POOR,2021-10-22
3732,685,Junior Toilets,TOILET_BLOCK,1974,319,1,FAIR,2022-09-14
3733,685,School Hall,HALL,1986,158,1,FAIR,2023-01-04
3734,685,School Library,LIBRARY,2021,293,2,CRITICAL,2020-07-28
3735,685,Equipment Store,STORAGE,1997,80,1,FAIR,2020-10-12
3736,685,Fitness Centre,GYM,1998,400,2,GOOD,2021-01-17
3737,685,Food Technology,WORKSHOP,2011,565,2,GOOD,2022-09-07
3738,685,Sports Pavilion,SPORTS_PAVILION,2018,603,1,FAIR,2020-09-15
3739,685,Block D,CLASSROOM,1981,710,2,FAIR,2023-03-02
3740,686,Block E,CLASSROOM,2002,213,1,POOR,2020-05-15
3741,686,Administration Building,ADMIN,1975,677,1,FAIR,2024-05-27
3742,686,Senior Toilets,TOILET_BLOCK,1993,551,1,FAIR,2020-07-15
3743,686,Food Technology,WORKSHOP,1994,695,1,GOOD,2024-04-23
3744,688,Science Block,CLASSROOM,1963,434,1,FAIR,2020-01-28
3745,688,Administration Building,ADMIN,1954,759,2,GOOD,2020-01-26
3746,688,Junior Toilets,TOILET_BLOCK,1957,394,1,GOOD,2021-12-15
3747,688,Wood Workshop,WORKSHOP,1973,395,2,GOOD,2024-09-10
3748,688,Fitness Centre,GYM,1992,404,2,GOOD,2024-03-29
3749,688,Sports Pavilion,SPORTS_PAVILION,1992,698,1,POOR,2022-10-23
3750,688,Maintenance Shed,STORAGE,1984,77,1,GOOD,2021-11-06
3751,688,Performing Arts Centre,HALL,2011,219,2,POOR,2022-11-16
3752,688,School Library,LIBRARY,2013,390,2,GOOD,2023-10-12
3753,688,Science Block,CLASSROOM,1972,203,2,FAIR,2023-11-03
3754,688,Block C,CLASSROOM,1963,547,2,FAIR,2020-09-15
3755,688,Junior Block,CLASSROOM,1999,778,1,FAIR,2023-03-27
3756,696,Junior Block,CLASSROOM,1997,567,2,FAIR,2020-11-18
3757,696,Administration Building,ADMIN,2016,580,1,FAIR,2023-08-06
3758,696,Junior Toilets,TOILET_BLOCK,1995,448,1,FAIR,2024-06-24
3759,696,Technology Workshop,WORKSHOP,2005,300,2,GOOD,2024-04-29
3760,696,Main Gymnasium,GYM,2002,708,2,GOOD,2023-09-10
3761,696,Sports Store,STORAGE,2015,62,1,GOOD,2023-11-08
3762,696,Resource Centre,LIBRARY,1953,418,1,GOOD,2023-09-03
3763,696,Changing Rooms,SPORTS_PAVILION,1960,635,1,FAIR,2023-08-27
3764,704,Block B,CLASSROOM,1987,688,2,FAIR,2023-01-20
3765,704,Staff Block,ADMIN,2010,663,2,FAIR,2021-10-06
3766,704,Senior Toilets,TOILET_BLOCK,2019,706,1,GOOD,2024-05-30
3767,704,Cricket Pavilion,SPORTS_PAVILION,1970,538,1,POOR,2021-10-17
3768,704,Sports Hall,GYM,2017,433,2,GOOD,2024-08-02
3769,704,Food Technology,WORKSHOP,1991,74,1,GOOD,2022-01-31
3770,704,Performing Arts Centre,HALL,1989,151,2,GOOD,2023-04-30
3771,704,School Library,LIBRARY,2016,652,2,FAIR,2020-05-17
3772,704,Sports Store,STORAGE,1963,81,1,GOOD,2021-07-29
3773,705,Block A,CLASSROOM,1971,641,2,GOOD,2021-03-27
3774,705,Staff Block,ADMIN,1976,236,1,GOOD,2024-07-10
3775,705,Sports Amenities,TOILET_BLOCK,1990,683,1,FAIR,2023-01-25
3776,705,Performing Arts Centre,HALL,2009,431,1,FAIR,2022-05-02
3777,705,Food Technology,WORKSHOP,1952,716,1,FAIR,2022-06-16
3778,706,Technology Block,CLASSROOM,2021,682,1,FAIR,2022-01-15
3779,706,Staff Block,ADMIN,1985,397,1,POOR,2024-11-15
3780,706,Staff Facilities,TOILET_BLOCK,1975,93,1,FAIR,2023-03-01
3781,706,Metal Workshop,WORKSHOP,1963,101,2,FAIR,2022-12-27
3782,706,Fitness Centre,GYM,1987,246,1,FAIR,2021-09-17
3783,707,Senior Block,CLASSROOM,2013,490,1,GOOD,2022-01-10
3784,707,Main Office,ADMIN,1989,618,1,FAIR,2024-08-23
3785,707,Junior Toilets,TOILET_BLOCK,1975,674,1,FAIR,2020-03-21
3786,707,Sports Pavilion,SPORTS_PAVILION,1977,333,1,FAIR,2024-06-24
3787,707,Grounds Shed,STORAGE,2005,84,1,GOOD,2024-03-06
3788,708,Block E,CLASSROOM,2015,493,1,FAIR,2021-04-30
3789,708,Administration Building,ADMIN,2022,445,1,GOOD,2020-03-29
3790,708,Senior Toilets,TOILET_BLOCK,1980,709,1,FAIR,2021-08-25
3791,708,Learning Centre,LIBRARY,1952,112,1,GOOD,2024-11-21
3792,708,Sports Hall,GYM,2018,235,1,FAIR,2020-09-04
3793,708,Technology Workshop,WORKSHOP,2004,715,2,GOOD,2022-02-16
3794,708,Changing Rooms,SPORTS_PAVILION,1994,508,1,FAIR,2020-08-15
3795,708,Assembly Hall,HALL,2006,231,2,GOOD,2022-05-04
3796,708,Grounds Shed,STORAGE,2000,33,1,GOOD,2021-07-09
3797,709,Science Block,CLASSROOM,1990,484,2,POOR,2024-10-19
3798,709,Main Office,ADMIN,1965,363,1,POOR,2023-06-11
3799,709,Staff Facilities,TOILET_BLOCK,1985,189,1,POOR,2020-06-27
3800,709,Metal Workshop,WORKSHOP,1950,289,2,GOOD,2020-07-25
3801,709,Cricket Pavilion,SPORTS_PAVILION,2005,636,1,FAIR,2020-02-07
3802,709,Learning Centre,LIBRARY,1969,665,1,FAIR,2024-03-12
3803,709,Performing Arts Centre,HALL,2022,391,1,GOOD,2021-11-26
3804,709,Fitness Centre,GYM,2015,361,1,GOOD,2024-04-23
3805,709,Equipment Store,STORAGE,1958,90,1,FAIR,2020-03-13
3806,709,Senior Block,CLASSROOM,2010,785,1,GOOD,2024-05-23
3807,710,Block D,CLASSROOM,1957,58,1,FAIR,2023-04-28
3808,710,Administration Building,ADMIN,1985,355,1,FAIR,2023-01-09
3809,710,Staff Facilities,TOILET_BLOCK,1952,752,1,POOR,2021-02-04
3810,710,Technology Workshop,WORKSHOP,1968,359,2,FAIR,2024-03-08
3811,710,Grounds Shed,STORAGE,2014,81,1,GOOD,2020-02-15
3812,710,School Library,LIBRARY,1951,128,1,FAIR,2023-04-24
3813,712,Technology Block,CLASSROOM,1980,121,2,GOOD,2024-06-11
3814,712,Administration Building,ADMIN,1988,696,1,POOR,2020-04-02
3815,712,Junior Toilets,TOILET_BLOCK,1950,474,1,POOR,2020-06-13
3816,712,Sports Store,STORAGE,2007,34,1,POOR,2020-06-16
3817,712,Sports Pavilion,SPORTS_PAVILION,1968,59,1,FAIR,2021-09-16
3818,712,Resource Centre,LIBRARY,1957,372,1,FAIR,2023-09-27
3819,712,Assembly Hall,HALL,1983,87,1,FAIR,2020-05-21
3820,712,Metal Workshop,WORKSHOP,2013,177,2,POOR,2021-07-31
3821,717,Block E,CLASSROOM,1959,711,1,CRITICAL,2021-08-25
3822,717,Main Office,ADMIN,1955,597,2,GOOD,2023-10-23
3823,717,Staff Facilities,TOILET_BLOCK,2008,352,1,FAIR,2024-09-26
3824,717,Sports Hall,GYM,2001,497,1,POOR,2024-01-11
3825,717,School Library,LIBRARY,1980,612,2,FAIR,2021-10-13
3826,719,Technology Block,CLASSROOM,1982,503,1,FAIR,2020-02-16
3827,719,Administration Building,ADMIN,2017,612,2,POOR,2023-07-22
3828,719,Sports Amenities,TOILET_BLOCK,2002,695,1,GOOD,2024-05-17
3829,724,Junior Block,CLASSROOM,1963,440,1,POOR,2020-03-11
3830,724,Staff Block,ADMIN,1961,485,2,GOOD,2020-07-22
3831,724,Staff Facilities,TOILET_BLOCK,2012,223,1,GOOD,2021-09-17
3832,724,Equipment Store,STORAGE,1972,68,1,FAIR,2023-12-23
3833,724,Fitness Centre,GYM,1962,726,1,CRITICAL,2023-03-08
3834,724,Metal Workshop,WORKSHOP,1974,381,2,GOOD,2020-10-02
3835,725,Block E,CLASSROOM,1952,587,1,POOR,2020-07-06
3836,725,Staff Block,ADMIN,2019,617,1,POOR,2023-04-20
3837,725,Senior Toilets,TOILET_BLOCK,2001,339,1,FAIR,2021-04-02
3838,725,Assembly Hall,HALL,1998,291,2,POOR,2024-03-11
3839,725,Sports Hall,GYM,2001,183,2,POOR,2021-01-21
3840,725,School Library,LIBRARY,1950,602,2,GOOD,2023-03-07
3841,725,Metal Workshop,WORKSHOP,2016,650,2,POOR,2022-01-03
3842,725,Equipment Store,STORAGE,1957,24,1,FAIR,2022-07-09
3843,725,Cricket Pavilion,SPORTS_PAVILION,2015,374,1,GOOD,2020-06-17
3844,725,Block C,CLASSROOM,1998,766,2,POOR,2021-01-11
3845,728,Junior Block,CLASSROOM,1955,693,2,POOR,2024-04-14
3846,728,Main Office,ADMIN,2009,795,2,GOOD,2021-08-14
3847,728,Senior Toilets,TOILET_BLOCK,1987,782,1,FAIR,2023-12-19
3848,728,Equipment Store,STORAGE,1998,60,1,FAIR,2024-02-21
3849,728,Food Technology,WORKSHOP,2011,659,1,FAIR,2020-03-29
3850,729,Technology Block,CLASSROOM,2014,746,1,FAIR,2020-09-19
3851,729,Main Office,ADMIN,1984,519,1,FAIR,2022-10-11
3852,729,Sports Amenities,TOILET_BLOCK,1995,576,1,GOOD,2020-06-11
3853,729,Sports Hall,GYM,1989,782,1,POOR,2023-02-15
3854,730,Block D,CLASSROOM,2010,676,1,POOR,2020-08-01
3855,730,Administration Building,ADMIN,1961,446,1,FAIR,2021-07-30
3856,730,Sports Amenities,TOILET_BLOCK,1965,549,1,FAIR,2023-12-02
3857,737,Arts Block,CLASSROOM,2019,583,2,POOR,2022-12-29
3858,737,Administration Building,ADMIN,1966,202,2,GOOD,2022-06-07
3859,737,Staff Facilities,TOILET_BLOCK,1987,68,1,FAIR,2020-07-23
3860,738,Technology Block,CLASSROOM,1965,643,1,CRITICAL,2023-01-06
3861,738,Staff Block,ADMIN,1988,75,2,GOOD,2022-08-12
3862,738,Staff Facilities,TOILET_BLOCK,2017,573,1,FAIR,2022-03-05
3863,738,Main Gymnasium,GYM,1969,146,2,GOOD,2021-05-11
3864,738,Maintenance Shed,STORAGE,1991,59,1,FAIR,2022-06-14
3865,738,Resource Centre,LIBRARY,2003,188,2,FAIR,2020-11-11
3866,738,Sports Pavilion,SPORTS_PAVILION,2007,571,1,POOR,2020-04-15
3867,739,Block C,CLASSROOM,1991,556,1,GOOD,2020-01-14
3868,739,Staff Block,ADMIN,1978,359,2,POOR,2022-10-05
3869,739,Staff Facilities,TOILET_BLOCK,1953,216,1,GOOD,2022-03-20
3870,739,Assembly Hall,HALL,1957,158,2,CRITICAL,2021-08-25
3871,739,Metal Workshop,WORKSHOP,1985,760,2,CRITICAL,2020-03-04
3872,742,Technology Block,CLASSROOM,2017,210,2,POOR,2022-12-15
3873,742,Administration Building,ADMIN,1973,755,1,FAIR,2020-12-17
3874,742,Junior Toilets,TOILET_BLOCK,2008,138,1,GOOD,2020-07-11
3875,743,Block A,CLASSROOM,1997,403,1,FAIR,2021-05-28
3876,743,Main Office,ADMIN,2004,553,2,POOR,2021-11-18
3877,743,Sports Amenities,TOILET_BLOCK,1954,678,1,GOOD,2024-05-26
3878,743,Wood Workshop,WORKSHOP,1953,132,2,GOOD,2021-06-18
3879,743,Grounds Shed,STORAGE,1961,84,1,POOR,2024-07-24
3880,743,Sports Hall,GYM,1976,783,2,GOOD,2022-04-14
3881,743,Resource Centre,LIBRARY,2009,574,1,GOOD,2021-03-10
3882,746,Technology Block,CLASSROOM,2018,138,1,GOOD,2022-06-07
3883,746,Main Office,ADMIN,1970,123,2,FAIR,2021-10-29
3884,746,Staff Facilities,TOILET_BLOCK,2006,248,1,FAIR,2021-01-26
3885,746,Main Gymnasium,GYM,1997,345,2,GOOD,2023-05-27
3886,746,Resource Centre,LIBRARY,1977,613,1,FAIR,2021-03-06
3887,746,Cricket Pavilion,SPORTS_PAVILION,1999,279,1,FAIR,2021-05-08
3888,746,Food Technology,WORKSHOP,1981,272,2,GOOD,2023-02-11
3889,746,School Hall,HALL,1991,188,1,FAIR,2023-03-10
3890,747,Block B,CLASSROOM,1976,628,1,POOR,2023-03-25
3891,747,Administration Building,ADMIN,1968,403,2,GOOD,2021-03-17
3892,747,Sports Amenities,TOILET_BLOCK,1994,556,1,FAIR,2021-10-27
3893,747,Resource Centre,LIBRARY,1956,263,2,POOR,2022-12-22
3894,747,Cricket Pavilion,SPORTS_PAVILION,1956,315,1,POOR,2024-09-21
3895,747,Technology Workshop,WORKSHOP,2020,95,2,GOOD,2021-06-25
3896,747,School Hall,HALL,2002,140,1,GOOD,2023-09-19
3897,747,Maintenance Shed,STORAGE,2013,89,1,GOOD,2021-03-09
3898,748,Block B,CLASSROOM,1970,198,2,GOOD,2020-11-01
3899,748,Administration Building,ADMIN,2018,207,1,GOOD,2022-04-28
3900,748,Junior Toilets,TOILET_BLOCK,1985,64,1,GOOD,2021-09-23
3901,748,Main Gymnasium,GYM,2022,70,1,GOOD,2020-07-04
3902,748,School Hall,HALL,2004,87,1,FAIR,2024-10-27
3903,752,Technology Block,CLASSROOM,1970,187,1,POOR,2023-11-30
3904,752,Main Office,ADMIN,2021,720,2,GOOD,2023-09-02
3905,752,Sports Amenities,TOILET_BLOCK,1971,661,1,GOOD,2023-08-07
3906,752,Cricket Pavilion,SPORTS_PAVILION,1985,752,1,GOOD,2024-08-24
3907,764,Block A,CLASSROOM,2015,560,1,GOOD,2023-12-17
3908,764,Administration Building,ADMIN,1994,108,1,GOOD,2024-10-30
3909,764,Staff Facilities,TOILET_BLOCK,1964,492,1,GOOD,2023-12-28
3910,764,School Library,LIBRARY,1966,523,2,GOOD,2020-04-21
3911,764,Changing Rooms,SPORTS_PAVILION,1998,528,1,GOOD,2021-06-30
3912,764,Sports Store,STORAGE,2007,89,1,GOOD,2022-01-04
3913,764,Wood Workshop,WORKSHOP,1973,361,2,FAIR,2022-09-04
3914,764,Main Gymnasium,GYM,1954,641,1,GOOD,2024-07-25
3915,767,Block D,CLASSROOM,1972,107,2,GOOD,2024-07-24
3916,767,Staff Block,ADMIN,1970,668,1,FAIR,2024-10-08
3917,767,Senior Toilets,TOILET_BLOCK,1981,682,1,FAIR,2022-01-22
3918,767,Technology Workshop,WORKSHOP,1970,474,1,GOOD,2021-02-21
3919,767,School Library,LIBRARY,1995,472,1,POOR,2022-09-18
3920,774,Arts Block,CLASSROOM,1957,368,1,FAIR,2022-02-04
3921,774,Staff Block,ADMIN,1970,88,1,FAIR,2024-10-27
3922,774,Sports Amenities,TOILET_BLOCK,1961,601,1,GOOD,2023-11-28
3923,774,Grounds Shed,STORAGE,2022,20,1,GOOD,2024-11-08
3924,774,Resource Centre,LIBRARY,2006,267,2,FAIR,2024-02-22
3925,774,Performing Arts Centre,HALL,1998,99,2,FAIR,2021-03-25
3926,774,Fitness Centre,GYM,2003,656,2,GOOD,2022-10-17
3927,774,Sports Pavilion,SPORTS_PAVILION,1971,135,1,GOOD,2024-04-24
3928,774,Food Technology,WORKSHOP,2018,546,1,FAIR,2021-05-27
3929,774,Block D,CLASSROOM,2022,764,2,GOOD,2020-03-06
3930,779,Technology Block,CLASSROOM,1970,131,1,POOR,2020-01-26
3931,779,Staff Block,ADMIN,1997,129,2,GOOD,2022-11-10
3932,779,Senior Toilets,TOILET_BLOCK,1965,484,1,GOOD,2023-01-12
3933,779,Sports Pavilion,SPORTS_PAVILION,1984,248,1,POOR,2021-04-05
3934,780,Arts Block,CLASSROOM,2022,250,2,GOOD,2021-06-10
3935,780,Administration Building,ADMIN,1962,496,2,FAIR,2023-10-08
3936,780,Sports Amenities,TOILET_BLOCK,1991,230,1,GOOD,2020-09-07
3937,780,School Hall,HALL,1974,159,1,FAIR,2024-08-30
3938,780,Main Gymnasium,GYM,2008,323,2,GOOD,2021-04-17
3939,780,Cricket Pavilion,SPORTS_PAVILION,2010,372,1,POOR,2020-10-27
3940,780,Grounds Shed,STORAGE,1959,20,1,FAIR,2022-03-24
3941,780,School Library,LIBRARY,1993,457,1,FAIR,2020-01-27
3942,781,Science Block,CLASSROOM,2018,547,2,POOR,2024-07-30
3943,781,Main Office,ADMIN,1965,127,1,GOOD,2020-07-02
3944,781,Staff Facilities,TOILET_BLOCK,1986,765,1,FAIR,2024-03-10
3945,781,Metal Workshop,WORKSHOP,2020,756,1,GOOD,2023-06-14
3946,781,School Hall,HALL,2016,743,1,FAIR,2023-08-13
3947,781,Grounds Shed,STORAGE,1978,93,1,GOOD,2021-08-11
3948,781,Cricket Pavilion,SPORTS_PAVILION,1990,545,1,POOR,2021-04-01
3949,781,Main Gymnasium,GYM,1998,207,2,POOR,2024-09-02
3950,787,Senior Block,CLASSROOM,1976,707,1,FAIR,2020-12-06
3951,787,Main Office,ADMIN,2005,632,1,POOR,2020-04-07
3952,787,Senior Toilets,TOILET_BLOCK,1954,497,1,GOOD,2024-05-04
3953,787,Assembly Hall,HALL,1959,203,1,GOOD,2022-09-13
3954,840,Block D,CLASSROOM,1988,154,1,POOR,2022-02-05
3955,840,Administration Building,ADMIN,1997,275,1,GOOD,2020-06-23
3956,840,Junior Toilets,TOILET_BLOCK,1992,777,1,GOOD,2020-08-14
3957,840,Wood Workshop,WORKSHOP,2010,282,1,FAIR,2021-10-04
3958,840,School Hall,HALL,1967,722,1,GOOD,2023-06-27
3959,840,Cricket Pavilion,SPORTS_PAVILION,2015,712,1,GOOD,2022-01-15
3960,846,Junior Block,CLASSROOM,1972,767,1,CRITICAL,2022-01-19
3961,846,Staff Block,ADMIN,1962,760,2,POOR,2022-10-03
3962,846,Staff Facilities,TOILET_BLOCK,1963,131,1,GOOD,2024-11-02
3963,846,Equipment Store,STORAGE,2005,68,1,CRITICAL,2024-04-16
3964,846,Learning Centre,LIBRARY,2000,172,1,FAIR,2021-04-28
3965,846,Cricket Pavilion,SPORTS_PAVILION,1991,350,1,POOR,2021-02-17
3966,846,Sports Hall,GYM,1956,471,2,FAIR,2020-06-19
3967,846,Assembly Hall,HALL,1974,525,2,FAIR,2023-04-26
3968,847,Science Block,CLASSROOM,1975,431,1,CRITICAL,2021-05-29
3969,847,Administration Building,ADMIN,2018,134,1,POOR,2024-05-30
3970,847,Sports Amenities,TOILET_BLOCK,1985,129,1,FAIR,2023-08-17
3971,854,Block A,CLASSROOM,1992,691,2,GOOD,2022-04-29
3972,854,Main Office,ADMIN,1995,220,1,POOR,2022-08-31
3973,854,Sports Amenities,TOILET_BLOCK,1965,354,1,GOOD,2022-09-23
3974,871,Science Block,CLASSROOM,2001,554,1,FAIR,2024-02-27
3975,871,Main Office,ADMIN,2022,560,1,POOR,2022-11-01
3976,871,Senior Toilets,TOILET_BLOCK,1968,201,1,CRITICAL,2020-04-10
3977,871,Wood Workshop,WORKSHOP,1954,323,2,FAIR,2022-03-04
3978,871,Changing Rooms,SPORTS_PAVILION,1987,473,1,POOR,2022-07-16
3979,872,Technology Block,CLASSROOM,2019,706,1,POOR,2022-06-29
3980,872,Main Office,ADMIN,1981,281,2,GOOD,2024-11-18
3981,872,Junior Toilets,TOILET_BLOCK,1992,252,1,GOOD,2022-04-10
3982,872,Equipment Store,STORAGE,1965,56,1,GOOD,2023-06-03
3983,872,Cricket Pavilion,SPORTS_PAVILION,2008,72,1,GOOD,2023-01-30
3984,872,School Hall,HALL,1970,436,1,POOR,2020-01-06
3985,872,Wood Workshop,WORKSHOP,1997,52,2,FAIR,2022-09-04
3986,873,Science Block,CLASSROOM,1952,537,1,FAIR,2022-09-21
3987,873,Main Office,ADMIN,1977,258,2,FAIR,2021-01-23
3988,873,Sports Amenities,TOILET_BLOCK,1951,489,1,FAIR,2022-09-29
3989,873,Maintenance Shed,STORAGE,1967,88,1,GOOD,2022-07-25
3990,873,Metal Workshop,WORKSHOP,1991,463,1,FAIR,2020-09-29
3991,874,Block A,CLASSROOM,2017,508,1,CRITICAL,2023-09-12
3992,874,Staff Block,ADMIN,1964,172,1,GOOD,2021-08-17
3993,874,Sports Amenities,TOILET_BLOCK,1964,355,1,GOOD,2022-12-08
3994,874,Sports Store,STORAGE,1969,23,1,FAIR,2023-04-01
3995,876,Senior Block,CLASSROOM,2005,598,1,FAIR,2021-08-07
3996,876,Main Office,ADMIN,1988,307,1,POOR,2023-07-14
3997,876,Sports Amenities,TOILET_BLOCK,2003,741,1,FAIR,2020-05-05
3998,876,Equipment Store,STORAGE,1952,54,1,GOOD,2020-08-30
3999,877,Block E,CLASSROOM,1979,362,1,GOOD,2022-05-10
4000,877,Staff Block,ADMIN,1960,157,2,POOR,2022-06-20
4001,877,Senior Toilets,TOILET_BLOCK,1994,467,1,FAIR,2020-10-31
4002,878,Science Block,CLASSROOM,1995,691,2,GOOD,2021-07-27
4003,878,Main Office,ADMIN,1994,451,1,POOR,2024-04-25
4004,878,Staff Facilities,TOILET_BLOCK,1988,629,1,CRITICAL,2020-08-12
4005,879,Arts Block,CLASSROOM,1967,531,1,POOR,2020-11-23
4006,879,Administration Building,ADMIN,2000,478,2,GOOD,2024-06-12
4007,879,Senior Toilets,TOILET_BLOCK,1965,666,1,GOOD,2024-03-20
4008,879,School Hall,HALL,1970,451,1,GOOD,2020-10-30
4009,880,Block E,CLASSROOM,1951,371,2,FAIR,2021-10-26
4010,880,Main Office,ADMIN,1954,357,2,POOR,2020-02-20
4011,880,Junior Toilets,TOILET_BLOCK,1959,494,1,POOR,2021-05-20
4012,880,Maintenance Shed,STORAGE,1972,90,1,CRITICAL,2021-04-04
4013,881,Senior Block,CLASSROOM,1981,63,2,POOR,2023-01-06
4014,881,Staff Block,ADMIN,2016,782,2,FAIR,2020-01-31
4015,881,Junior Toilets,TOILET_BLOCK,1958,346,1,POOR,2024-06-26
4016,881,Changing Rooms,SPORTS_PAVILION,1972,223,1,FAIR,2024-01-29
4017,881,Fitness Centre,GYM,1957,339,2,CRITICAL,2022-10-26
4018,900,Block C,CLASSROOM,1950,494,2,FAIR,2023-04-06
4019,900,Main Office,ADMIN,1997,584,2,GOOD,2022-12-23
4020,900,Junior Toilets,TOILET_BLOCK,1957,132,1,FAIR,2024-01-29
4021,903,Block A,CLASSROOM,2012,378,1,POOR,2024-08-24
4022,903,Staff Block,ADMIN,1974,760,1,GOOD,2021-02-24
4023,903,Staff Facilities,TOILET_BLOCK,1998,174,1,CRITICAL,2024-07-24
4024,903,Grounds Shed,STORAGE,1980,40,1,GOOD,2022-08-28
4025,904,Arts Block,CLASSROOM,2011,741,2,GOOD,2024-06-17
4026,904,Staff Block,ADMIN,1987,140,1,FAIR,2022-06-08
4027,904,Sports Amenities,TOILET_BLOCK,1989,545,1,FAIR,2023-09-26
4028,904,Sports Store,STORAGE,1955,71,1,FAIR,2020-11-19
4029,921,Senior Block,CLASSROOM,1970,435,1,GOOD,2021-10-01
4030,921,Administration Building,ADMIN,2007,141,1,FAIR,2023-03-04
4031,921,Senior Toilets,TOILET_BLOCK,2006,249,1,GOOD,2022-07-05
4032,932,Block C,CLASSROOM,2001,633,1,GOOD,2021-05-17
4033,932,Staff Block,ADMIN,1997,339,1,GOOD,2022-07-08
4034,932,Sports Amenities,TOILET_BLOCK,1971,370,1,POOR,2020-01-11
4035,941,Block B,CLASSROOM,1983,393,1,GOOD,2024-03-04
4036,941,Administration Building,ADMIN,2022,135,2,GOOD,2022-09-20
4037,941,Junior Toilets,TOILET_BLOCK,1967,490,1,FAIR,2022-12-22
4038,941,Equipment Store,STORAGE,1961,59,1,GOOD,2021-08-31
4039,941,Performing Arts Centre,HALL,1974,299,2,POOR,2022-05-14
4040,941,Cricket Pavilion,SPORTS_PAVILION,2002,335,1,POOR,2024-05-18
4041,941,Main Gymnasium,GYM,1963,727,1,FAIR,2022-06-18
4042,941,Technology Workshop,WORKSHOP,1955,587,1,POOR,2020-01-09
4043,946,Senior Block,CLASSROOM,1991,242,1,CRITICAL,2024-06-06
4044,946,Staff Block,ADMIN,2009,655,2,GOOD,2024-01-25
4045,946,Senior Toilets,TOILET_BLOCK,1953,304,1,FAIR,2020-12-23
4046,946,Equipment Store,STORAGE,1995,78,1,CRITICAL,2021-08-08
4047,949,Block B,CLASSROOM,2006,441,1,FAIR,2021-01-13
4048,949,Main Office,ADMIN,1995,325,1,FAIR,2023-01-13
4049,949,Sports Amenities,TOILET_BLOCK,2014,334,1,GOOD,2023-07-17
4050,949,Wood Workshop,WORKSHOP,2008,93,1,POOR,2024-11-21
4051,949,Sports Pavilion,SPORTS_PAVILION,1953,70,1,FAIR,2020-12-14
4052,949,Main Gymnasium,GYM,1960,707,2,FAIR,2024-09-02
4053,949,Maintenance Shed,STORAGE,1988,81,1,FAIR,2022-12-19
4054,949,Assembly Hall,HALL,1956,496,2,GOOD,2023-04-20
4055,949,School Library,LIBRARY,1958,193,1,POOR,2024-11-21
4056,949,Senior Block,CLASSROOM,1975,756,1,POOR,2022-09-23
4057,949,Block E,CLASSROOM,1992,775,1,POOR,2024-06-10
4058,949,Block B,CLASSROOM,1956,140,2,CRITICAL,2020-01-12
4059,956,Technology Block,CLASSROOM,1958,356,2,FAIR,2024-10-14
4060,956,Administration Building,ADMIN,1957,358,1,GOOD,2023-04-30
4061,956,Senior Toilets,TOILET_BLOCK,1957,736,1,GOOD,2022-06-05
4062,956,Resource Centre,LIBRARY,2010,124,2,CRITICAL,2023-04-11
4063,958,Arts Block,CLASSROOM,2022,765,2,POOR,2021-03-08
4064,958,Administration Building,ADMIN,2021,370,2,POOR,2021-06-02
4065,958,Staff Facilities,TOILET_BLOCK,1999,290,1,POOR,2023-01-10
4066,958,Metal Workshop,WORKSHOP,1956,602,2,GOOD,2024-12-02
4067,958,School Hall,HALL,2010,522,2,FAIR,2021-09-06
4068,960,Science Block,CLASSROOM,1960,671,1,GOOD,2020-11-18
4069,960,Administration Building,ADMIN,1953,264,1,GOOD,2023-01-05
4070,960,Senior Toilets,TOILET_BLOCK,2005,680,1,POOR,2023-05-15
4071,961,Arts Block,CLASSROOM,1999,525,2,FAIR,2021-04-26
4072,961,Administration Building,ADMIN,2019,226,1,POOR,2021-11-05
4073,961,Junior Toilets,TOILET_BLOCK,2013,164,1,POOR,2021-08-01
4074,961,Assembly Hall,HALL,1981,605,2,FAIR,2020-06-06
4075,961,Sports Pavilion,SPORTS_PAVILION,1995,303,1,POOR,2024-04-01
4076,961,Food Technology,WORKSHOP,2000,372,1,GOOD,2021-02-03
4077,961,Sports Store,STORAGE,1990,59,1,GOOD,2024-04-10
4078,961,Resource Centre,LIBRARY,1967,285,2,POOR,2020-01-04
4079,961,Main Gymnasium,GYM,1992,711,2,GOOD,2023-07-16
4080,961,Block E,CLASSROOM,2020,533,1,FAIR,2021-03-27
4081,961,Science Block,CLASSROOM,1967,236,1,GOOD,2024-01-05
4082,961,Block C,CLASSROOM,1985,235,1,FAIR,2023-10-07
4083,962,Block B,CLASSROOM,1999,476,2,FAIR,2021-02-09
4084,962,Administration Building,ADMIN,2014,250,2,FAIR,2021-01-01
4085,962,Senior Toilets,TOILET_BLOCK,1980,143,1,POOR,2021-09-14
4086,1000,Block E,CLASSROOM,1990,661,1,GOOD,2020-05-10
4087,1000,Main Office,ADMIN,1986,273,1,FAIR,2023-06-05
4088,1000,Sports Amenities,TOILET_BLOCK,1983,421,1,FAIR,2022-08-23
4089,1000,Sports Pavilion,SPORTS_PAVILION,1984,67,1,GOOD,2024-04-28
4090,1000,Resource Centre,LIBRARY,2021,439,1,GOOD,2021-03-08
4091,1000,Performing Arts Centre,HALL,1974,113,2,GOOD,2021-04-16
4092,1000,Food Technology,WORKSHOP,2002,229,2,GOOD,2024-01-15
4093,1001,Block C,CLASSROOM,2002,775,1,FAIR,2020-07-13
4094,1001,Main Office,ADMIN,1985,749,2,CRITICAL,2024-08-17
4095,1001,Senior Toilets,TOILET_BLOCK,1970,611,1,FAIR,2023-06-10
4096,1001,Sports Pavilion,SPORTS_PAVILION,2016,324,1,GOOD,2024-08-13
4097,1002,Science Block,CLASSROOM,1957,710,2,POOR,2022-05-10
4098,1002,Administration Building,ADMIN,2021,446,2,GOOD,2023-07-09
4099,1002,Senior Toilets,TOILET_BLOCK,1982,501,1,GOOD,2023-07-17
4100,1004,Junior Block,CLASSROOM,1998,207,2,FAIR,2020-01-06
4101,1004,Staff Block,ADMIN,2001,318,2,GOOD,2024-07-18
4102,1004,Staff Facilities,TOILET_BLOCK,1972,760,1,FAIR,2023-04-21
4103,1007,Technology Block,CLASSROOM,1967,799,2,FAIR,2023-01-31
4104,1007,Administration Building,ADMIN,2016,334,2,GOOD,2023-09-28
4105,1007,Senior Toilets,TOILET_BLOCK,1957,245,1,POOR,2023-05-29
4106,1007,Cricket Pavilion,SPORTS_PAVILION,1971,278,1,FAIR,2020-02-13
4107,1007,Assembly Hall,HALL,1955,770,2,GOOD,2022-06-02
4108,1008,Block C,CLASSROOM,1965,648,2,FAIR,2023-02-15
4109,1008,Administration Building,ADMIN,1974,156,2,POOR,2021-05-21
4110,1008,Staff Facilities,TOILET_BLOCK,1974,384,1,CRITICAL,2022-10-01
4111,1009,Junior Block,CLASSROOM,2005,703,1,FAIR,2023-12-09
4112,1009,Administration Building,ADMIN,2003,496,1,GOOD,2021-10-27
4113,1009,Junior Toilets,TOILET_BLOCK,2019,385,1,POOR,2020-10-23
4114,1009,Cricket Pavilion,SPORTS_PAVILION,1970,415,1,GOOD,2020-02-21
4115,1009,Resource Centre,LIBRARY,1981,213,1,GOOD,2020-08-23
4116,1009,Sports Store,STORAGE,2021,58,1,GOOD,2024-02-06
4117,1009,Metal Workshop,WORKSHOP,1971,126,2,GOOD,2020-04-23
4118,1011,Technology Block,CLASSROOM,1972,617,2,GOOD,2022-08-21
4119,1011,Staff Block,ADMIN,1950,160,2,GOOD,2023-03-11
4120,1011,Senior Toilets,TOILET_BLOCK,2017,781,1,GOOD,2024-06-21
4121,1011,Technology Workshop,WORKSHOP,1985,762,2,GOOD,2021-07-04
4122,1011,School Hall,HALL,1955,446,1,CRITICAL,2024-05-27
4123,1013,Block D,CLASSROOM,1950,324,1,GOOD,2023-01-05
4124,1013,Staff Block,ADMIN,1961,144,2,POOR,2023-08-23
4125,1013,Sports Amenities,TOILET_BLOCK,1998,681,1,FAIR,2024-08-27
4126,1013,Changing Rooms,SPORTS_PAVILION,1979,744,1,GOOD,2023-12-04
4127,1013,School Hall,HALL,1952,203,1,POOR,2024-11-29
4128,1014,Technology Block,CLASSROOM,1991,271,2,GOOD,2024-09-09
4129,1014,Staff Block,ADMIN,1963,186,2,POOR,2024-04-11
4130,1014,Sports Amenities,TOILET_BLOCK,1959,275,1,GOOD,2023-07-12
4131,1015,Senior Block,CLASSROOM,1964,525,1,FAIR,2020-05-11
4132,1015,Staff Block,ADMIN,2002,211,1,POOR,2020-11-06
4133,1015,Sports Amenities,TOILET_BLOCK,1990,321,1,GOOD,2021-10-20
4134,1015,Resource Centre,LIBRARY,2022,691,2,GOOD,2024-11-05
4135,1015,Main Gymnasium,GYM,1951,199,2,GOOD,2021-03-21
4136,1015,Wood Workshop,WORKSHOP,1966,442,1,GOOD,2022-12-24
4137,1016,Block E,CLASSROOM,1955,671,2,POOR,2021-04-02
4138,1016,Administration Building,ADMIN,2016,624,2,GOOD,2020-03-04
4139,1016,Junior Toilets,TOILET_BLOCK,1982,517,1,GOOD,2023-02-16
4140,1016,Technology Workshop,WORKSHOP,1985,105,1,POOR,2022-12-27
4141,1017,Arts Block,CLASSROOM,2018,775,2,GOOD,2022-10-27
4142,1017,Main Office,ADMIN,1968,101,1,FAIR,2024-07-05
4143,1017,Junior Toilets,TOILET_BLOCK,2000,145,1,GOOD,2023-05-13
4144,1017,School Library,LIBRARY,2018,476,2,FAIR,2022-05-13
4145,1018,Junior Block,CLASSROOM,1993,531,2,POOR,2022-03-20
4146,1018,Administration Building,ADMIN,1961,256,2,CRITICAL,2020-04-07
4147,1018,Junior Toilets,TOILET_BLOCK,2007,497,1,FAIR,2022-05-15
4148,1018,Main Gymnasium,GYM,1991,151,1,GOOD,2022-12-12
4149,1018,Cricket Pavilion,SPORTS_PAVILION,1983,235,1,FAIR,2023-01-16
4150,1018,Metal Workshop,WORKSHOP,1992,596,2,FAIR,2022-10-19
4151,1019,Block D,CLASSROOM,1973,612,2,GOOD,2023-06-22
4152,1019,Staff Block,ADMIN,2017,426,2,GOOD,2021-01-10
4153,1019,Staff Facilities,TOILET_BLOCK,2001,639,1,FAIR,2023-04-07
4154,1019,Changing Rooms,SPORTS_PAVILION,1981,501,1,FAIR,2023-02-24
4155,1020,Senior Block,CLASSROOM,1987,199,2,FAIR,2024-04-29
4156,1020,Main Office,ADMIN,1961,788,1,GOOD,2024-05-29
4157,1020,Senior Toilets,TOILET_BLOCK,2016,758,1,POOR,2020-09-05
4158,1020,Learning Centre,LIBRARY,1963,489,1,CRITICAL,2022-12-22
4159,1020,Cricket Pavilion,SPORTS_PAVILION,1974,679,1,FAIR,2020-09-13
4160,1021,Senior Block,CLASSROOM,2014,469,2,GOOD,2022-04-16
4161,1021,Administration Building,ADMIN,2005,302,1,GOOD,2022-08-20
4162,1021,Staff Facilities,TOILET_BLOCK,1978,77,1,GOOD,2024-01-06
4163,1021,Changing Rooms,SPORTS_PAVILION,2001,579,1,GOOD,2022-04-08
4164,1021,Equipment Store,STORAGE,1962,62,1,FAIR,2020-09-10
4165,1022,Junior Block,CLASSROOM,2010,345,2,GOOD,2023-03-15
4166,1022,Staff Block,ADMIN,2014,769,1,CRITICAL,2020-03-19
4167,1022,Sports Amenities,TOILET_BLOCK,1970,331,1,GOOD,2023-04-11
4168,1022,Fitness Centre,GYM,2009,101,2,CRITICAL,2021-01-11
4169,1023,Senior Block,CLASSROOM,1962,254,1,GOOD,2020-08-14
4170,1023,Staff Block,ADMIN,2018,521,2,GOOD,2021-11-09
4171,1023,Sports Amenities,TOILET_BLOCK,1984,655,1,GOOD,2024-01-01
4172,1023,Sports Pavilion,SPORTS_PAVILION,2003,594,1,FAIR,2023-12-27
4173,1023,Sports Hall,GYM,1972,434,1,FAIR,2020-03-18
4174,1024,Science Block,CLASSROOM,1970,535,1,FAIR,2022-09-29
4175,1024,Main Office,ADMIN,2005,369,2,CRITICAL,2020-10-13
4176,1024,Junior Toilets,TOILET_BLOCK,1966,766,1,GOOD,2021-12-31
4177,1024,School Hall,HALL,2001,721,1,FAIR,2023-03-03
4178,1025,Technology Block,CLASSROOM,2001,336,2,POOR,2023-07-04
4179,1025,Staff Block,ADMIN,1980,111,1,FAIR,2024-11-30
4180,1025,Staff Facilities,TOILET_BLOCK,1993,96,1,GOOD,2022-01-13
4181,1025,Performing Arts Centre,HALL,2008,217,2,GOOD,2024-09-23
4182,1025,Learning Centre,LIBRARY,1964,155,1,FAIR,2022-06-13
4183,1025,Metal Workshop,WORKSHOP,1996,205,1,GOOD,2020-05-10
4184,1025,Grounds Shed,STORAGE,2008,68,1,POOR,2023-10-01
4185,1025,Fitness Centre,GYM,2015,609,2,GOOD,2021-08-17
4186,1026,Junior Block,CLASSROOM,1996,556,1,GOOD,2021-07-29
4187,1026,Main Office,ADMIN,1995,328,1,FAIR,2021-10-02
4188,1026,Sports Amenities,TOILET_BLOCK,1993,799,1,GOOD,2020-06-06
4189,1026,Cricket Pavilion,SPORTS_PAVILION,2017,419,1,GOOD,2020-04-02
4190,1026,Food Technology,WORKSHOP,1998,583,2,POOR,2021-12-28
4191,1026,Main Gymnasium,GYM,1974,280,2,POOR,2022-09-07
4192,1027,Arts Block,CLASSROOM,1972,317,2,FAIR,2024-07-08
4193,1027,Administration Building,ADMIN,1995,77,2,FAIR,2022-01-24
4194,1027,Senior Toilets,TOILET_BLOCK,1979,63,1,GOOD,2021-05-14
4195,1028,Senior Block,CLASSROOM,1959,662,2,GOOD,2020-10-24
4196,1028,Main Office,ADMIN,1953,62,1,CRITICAL,2021-04-17
4197,1028,Senior Toilets,TOILET_BLOCK,2016,694,1,GOOD,2020-06-19
4198,1028,School Hall,HALL,1991,313,1,GOOD,2020-12-28
4199,1028,Equipment Store,STORAGE,1997,69,1,POOR,2022-06-01
4200,1028,Cricket Pavilion,SPORTS_PAVILION,2016,87,1,CRITICAL,2022-05-17
4201,1029,Junior Block,CLASSROOM,1995,722,2,POOR,2021-05-14
4202,1029,Administration Building,ADMIN,1990,164,1,GOOD,2022-11-24
4203,1029,Senior Toilets,TOILET_BLOCK,1950,341,1,POOR,2020-09-02
4204,1029,Sports Hall,GYM,1964,165,1,FAIR,2023-09-29
4205,1029,Sports Pavilion,SPORTS_PAVILION,2019,422,1,FAIR,2022-08-10
4206,1029,Grounds Shed,STORAGE,1984,45,1,FAIR,2023-05-10
4207,1029,Resource Centre,LIBRARY,1960,362,2,FAIR,2024-04-02
4208,1029,School Hall,HALL,1998,411,2,GOOD,2023-07-04
4209,1030,Block C,CLASSROOM,1980,674,2,GOOD,2024-06-15
4210,1030,Administration Building,ADMIN,2001,69,1,POOR,2024-12-01
4211,1030,Senior Toilets,TOILET_BLOCK,1992,334,1,GOOD,2023-09-01
4212,1030,Food Technology,WORKSHOP,1962,219,1,GOOD,2024-01-29
4213,1030,Learning Centre,LIBRARY,1996,773,1,GOOD,2020-02-21
4214,1030,Equipment Store,STORAGE,1980,42,1,POOR,2022-05-08
4215,1030,Changing Rooms,SPORTS_PAVILION,1989,203,1,FAIR,2024-02-13
4216,1030,Main Gymnasium,GYM,2012,586,1,POOR,2023-11-28
4217,1031,Technology Block,CLASSROOM,2005,303,1,POOR,2021-04-03
4218,1031,Staff Block,ADMIN,1960,148,1,GOOD,2023-10-01
4219,1031,Sports Amenities,TOILET_BLOCK,1964,570,1,CRITICAL,2023-07-24
4220,1032,Block C,CLASSROOM,2008,333,2,GOOD,2023-11-09
4221,1032,Administration Building,ADMIN,2019,651,2,POOR,2021-11-28
4222,1032,Sports Amenities,TOILET_BLOCK,2008,409,1,FAIR,2021-09-03
4223,1032,Sports Pavilion,SPORTS_PAVILION,2002,658,1,POOR,2021-06-11
4224,1033,Junior Block,CLASSROOM,2021,462,2,GOOD,2022-03-03
4225,1033,Main Office,ADMIN,2005,84,2,FAIR,2022-09-15
4226,1033,Senior Toilets,TOILET_BLOCK,1957,329,1,FAIR,2021-04-05
4227,1033,Sports Pavilion,SPORTS_PAVILION,2007,153,1,GOOD,2024-11-09
4228,1033,School Hall,HALL,2011,582,1,GOOD,2021-05-10
4229,1033,Resource Centre,LIBRARY,1988,384,2,GOOD,2023-11-30
4230,1033,Fitness Centre,GYM,1965,654,2,GOOD,2024-05-01
4231,1034,Junior Block,CLASSROOM,1968,453,1,FAIR,2022-05-21
4232,1034,Main Office,ADMIN,2012,396,1,POOR,2024-09-20
4233,1034,Junior Toilets,TOILET_BLOCK,1999,411,1,FAIR,2024-08-11
4234,1034,Cricket Pavilion,SPORTS_PAVILION,2011,117,1,GOOD,2020-04-19
4235,1034,School Library,LIBRARY,2008,480,2,POOR,2020-10-06
4236,1034,Metal Workshop,WORKSHOP,2015,157,1,GOOD,2024-02-23
4237,1034,Sports Hall,GYM,1997,711,2,GOOD,2021-12-20
4238,1034,Performing Arts Centre,HALL,2021,425,1,GOOD,2022-01-01
4239,1034,Maintenance Shed,STORAGE,1977,94,1,FAIR,2022-05-31
4240,1035,Arts Block,CLASSROOM,1985,709,1,FAIR,2022-10-12
4241,1035,Administration Building,ADMIN,1972,516,1,CRITICAL,2023-09-29
4242,1035,Junior Toilets,TOILET_BLOCK,2011,417,1,GOOD,2020-06-04
4243,1036,Junior Block,CLASSROOM,2007,243,2,POOR,2020-01-26
4244,1036,Administration Building,ADMIN,1976,430,1,FAIR,2021-09-01
4245,1036,Sports Amenities,TOILET_BLOCK,1990,558,1,GOOD,2020-03-22
4246,1037,Arts Block,CLASSROOM,1991,90,2,FAIR,2023-02-22
4247,1037,Main Office,ADMIN,2001,414,1,POOR,2022-03-04
4248,1037,Senior Toilets,TOILET_BLOCK,1971,88,1,GOOD,2021-01-29
4249,1037,Sports Pavilion,SPORTS_PAVILION,1976,79,1,POOR,2021-03-27
4250,1038,Arts Block,CLASSROOM,1962,647,2,POOR,2022-06-28
4251,1038,Staff Block,ADMIN,2001,341,1,GOOD,2022-01-16
4252,1038,Staff Facilities,TOILET_BLOCK,1978,329,1,GOOD,2024-11-14
4253,1038,Assembly Hall,HALL,1978,683,1,GOOD,2023-06-23
4254,1038,Resource Centre,LIBRARY,1967,612,1,GOOD,2024-04-12
4255,1038,Sports Store,STORAGE,1952,28,1,CRITICAL,2022-11-27
4256,1038,Main Gymnasium,GYM,1970,69,1,GOOD,2024-03-19
4257,1038,Technology Workshop,WORKSHOP,1975,337,1,FAIR,2024-12-01
4258,1038,Sports Pavilion,SPORTS_PAVILION,1970,667,1,FAIR,2023-08-20
4259,1038,Technology Block,CLASSROOM,1973,516,1,FAIR,2023-11-03
4260,1038,Block C,CLASSROOM,1983,107,2,FAIR,2021-09-17
4261,1039,Junior Block,CLASSROOM,2001,548,1,FAIR,2021-01-13
4262,1039,Administration Building,ADMIN,1973,67,2,GOOD,2020-01-28
4263,1039,Senior Toilets,TOILET_BLOCK,1951,522,1,FAIR,2020-08-26
4264,1042,Block E,CLASSROOM,1960,785,2,GOOD,2023-12-26
4265,1042,Administration Building,ADMIN,1980,627,1,GOOD,2021-02-23
4266,1042,Senior Toilets,TOILET_BLOCK,1958,552,1,FAIR,2021-11-19
4267,1043,Arts Block,CLASSROOM,2020,642,1,POOR,2021-06-08
4268,1043,Staff Block,ADMIN,2001,418,2,POOR,2020-06-06
4269,1043,Junior Toilets,TOILET_BLOCK,1979,437,1,FAIR,2021-01-09
4270,1043,Cricket Pavilion,SPORTS_PAVILION,1981,134,1,CRITICAL,2020-06-06
4271,1043,Metal Workshop,WORKSHOP,1967,562,2,FAIR,2021-01-12
4272,1043,Assembly Hall,HALL,1983,604,2,FAIR,2023-03-12
4273,1044,Block A,CLASSROOM,2016,593,1,GOOD,2024-09-19
4274,1044,Main Office,ADMIN,1968,739,1,GOOD,2024-01-09
4275,1044,Junior Toilets,TOILET_BLOCK,2014,775,1,GOOD,2021-11-11
4276,1044,Assembly Hall,HALL,1994,438,1,FAIR,2020-01-21
4277,1044,Learning Centre,LIBRARY,2013,646,2,GOOD,2024-09-13
4278,1046,Science Block,CLASSROOM,2002,579,1,POOR,2023-09-15
4279,1046,Main Office,ADMIN,1956,162,2,FAIR,2024-04-11
4280,1046,Staff Facilities,TOILET_BLOCK,1962,493,1,POOR,2020-12-17
4281,1046,Technology Workshop,WORKSHOP,2018,647,1,GOOD,2024-08-12
4282,1047,Arts Block,CLASSROOM,1997,739,1,FAIR,2021-09-22
4283,1047,Main Office,ADMIN,2019,399,1,FAIR,2023-03-04
4284,1047,Senior Toilets,TOILET_BLOCK,1961,795,1,FAIR,2022-06-03
4285,1048,Block C,CLASSROOM,1961,521,1,GOOD,2021-11-01
4286,1048,Administration Building,ADMIN,1997,618,1,GOOD,2023-05-03
4287,1048,Sports Amenities,TOILET_BLOCK,1990,373,1,POOR,2024-11-16
4288,1048,Cricket Pavilion,SPORTS_PAVILION,1984,707,1,POOR,2024-11-27
4289,1048,Technology Workshop,WORKSHOP,1994,448,1,FAIR,2023-03-22
4290,1048,Sports Hall,GYM,1978,510,2,FAIR,2021-08-18
4291,1048,Resource Centre,LIBRARY,2022,684,2,FAIR,2024-01-10
4292,1049,Block D,CLASSROOM,2014,525,2,GOOD,2024-07-12
4293,1049,Main Office,ADMIN,2018,127,1,FAIR,2024-09-04
4294,1049,Senior Toilets,TOILET_BLOCK,1990,459,1,FAIR,2020-12-22
4295,1049,Metal Workshop,WORKSHOP,1975,625,2,FAIR,2021-03-10
4296,1050,Arts Block,CLASSROOM,2012,608,2,POOR,2020-09-17
4297,1050,Administration Building,ADMIN,1991,78,2,CRITICAL,2024-07-23
4298,1050,Junior Toilets,TOILET_BLOCK,1959,621,1,FAIR,2023-05-19
4299,1050,School Hall,HALL,1960,568,2,POOR,2021-12-09
4300,1050,Changing Rooms,SPORTS_PAVILION,1989,157,1,FAIR,2020-04-30
4301,1050,Resource Centre,LIBRARY,1967,556,2,FAIR,2022-02-21
4302,1052,Junior Block,CLASSROOM,1985,470,1,GOOD,2021-09-10
4303,1052,Staff Block,ADMIN,2004,229,1,FAIR,2022-12-04
4304,1052,Staff Facilities,TOILET_BLOCK,1952,373,1,FAIR,2023-12-23
4305,1052,Resource Centre,LIBRARY,2015,479,2,FAIR,2022-09-30
4306,1052,Assembly Hall,HALL,1981,162,1,FAIR,2023-08-22
4307,1052,Sports Pavilion,SPORTS_PAVILION,2016,207,1,FAIR,2024-05-18
4308,1052,Main Gymnasium,GYM,2015,731,1,GOOD,2023-01-29
4309,1052,Sports Store,STORAGE,1998,36,1,POOR,2021-10-12
4310,1053,Arts Block,CLASSROOM,2009,684,1,POOR,2022-10-19
4311,1053,Staff Block,ADMIN,1997,70,2,GOOD,2024-04-22
4312,1053,Sports Amenities,TOILET_BLOCK,1986,546,1,GOOD,2023-09-09
4313,1055,Arts Block,CLASSROOM,2017,54,1,FAIR,2022-09-21
4314,1055,Main Office,ADMIN,1951,174,2,FAIR,2022-03-04
4315,1055,Senior Toilets,TOILET_BLOCK,1972,566,1,GOOD,2021-12-20
4316,1055,Changing Rooms,SPORTS_PAVILION,1993,699,1,FAIR,2024-09-04
4317,1055,Sports Store,STORAGE,1959,52,1,GOOD,2022-01-08
4318,1056,Block C,CLASSROOM,1961,553,1,GOOD,2023-10-25
4319,1056,Administration Building,ADMIN,1977,355,1,FAIR,2023-10-28
4320,1056,Junior Toilets,TOILET_BLOCK,1953,91,1,POOR,2023-01-30
4321,1056,Fitness Centre,GYM,1978,51,1,POOR,2022-07-02
4322,1056,Technology Workshop,WORKSHOP,2006,661,1,POOR,2023-12-18
4323,1056,Sports Store,STORAGE,1956,71,1,POOR,2020-07-12
4324,1056,Changing Rooms,SPORTS_PAVILION,1984,268,1,FAIR,2021-12-07
4325,1056,School Hall,HALL,1954,507,2,POOR,2023-06-21
4326,1058,Arts Block,CLASSROOM,1984,566,2,FAIR,2020-04-12
4327,1058,Administration Building,ADMIN,1954,752,1,FAIR,2020-01-30
4328,1058,Junior Toilets,TOILET_BLOCK,2015,78,1,FAIR,2021-07-04
4329,1058,Assembly Hall,HALL,1984,449,2,FAIR,2021-04-15
4330,1058,School Library,LIBRARY,2015,793,1,POOR,2023-12-27
4331,1059,Arts Block,CLASSROOM,1974,270,1,GOOD,2022-09-04
4332,1059,Administration Building,ADMIN,1960,626,1,CRITICAL,2023-11-29
4333,1059,Junior Toilets,TOILET_BLOCK,2018,718,1,GOOD,2022-02-21
4334,1060,Block A,CLASSROOM,1988,472,2,GOOD,2021-08-17
4335,1060,Administration Building,ADMIN,1966,379,2,FAIR,2024-05-27
4336,1060,Staff Facilities,TOILET_BLOCK,2002,232,1,GOOD,2022-04-12
4337,1060,Sports Hall,GYM,1982,95,2,POOR,2024-08-07
4338,1061,Block D,CLASSROOM,1958,135,1,FAIR,2021-06-02
4339,1061,Staff Block,ADMIN,1978,602,2,CRITICAL,2023-07-25
4340,1061,Staff Facilities,TOILET_BLOCK,2020,576,1,GOOD,2021-04-28
4341,1061,Sports Pavilion,SPORTS_PAVILION,1961,638,1,GOOD,2024-05-31
4342,1061,School Library,LIBRARY,1974,136,2,FAIR,2022-10-31
4343,1061,Sports Hall,GYM,2016,639,1,POOR,2022-10-26
4344,1062,Arts Block,CLASSROOM,1993,754,1,POOR,2024-03-02
4345,1062,Administration Building,ADMIN,1977,80,1,GOOD,2021-07-09
4346,1062,Sports Amenities,TOILET_BLOCK,1977,669,1,CRITICAL,2022-07-04
4347,1062,Changing Rooms,SPORTS_PAVILION,1980,524,1,GOOD,2020-04-13
4348,1062,Main Gymnasium,GYM,2002,405,1,GOOD,2023-10-14
4349,1062,Learning Centre,LIBRARY,2016,611,2,GOOD,2022-03-17
4350,1062,Maintenance Shed,STORAGE,2003,67,1,FAIR,2021-10-20
4351,1063,Block D,CLASSROOM,1991,59,1,POOR,2022-08-26
4352,1063,Main Office,ADMIN,2020,256,2,GOOD,2020-01-05
4353,1063,Sports Amenities,TOILET_BLOCK,1996,162,1,GOOD,2021-08-25
4354,1063,Sports Store,STORAGE,1953,92,1,POOR,2024-02-16
4355,1065,Block B,CLASSROOM,1998,94,1,FAIR,2022-11-13
4356,1065,Administration Building,ADMIN,1957,791,1,FAIR,2021-10-26
4357,1065,Staff Facilities,TOILET_BLOCK,1977,360,1,GOOD,2023-06-13
4358,1065,Sports Pavilion,SPORTS_PAVILION,1952,563,1,GOOD,2024-07-03
4359,1065,School Library,LIBRARY,1963,759,2,GOOD,2023-09-21
4360,1066,Block A,CLASSROOM,1993,116,1,GOOD,2020-05-27
4361,1066,Staff Block,ADMIN,2008,431,1,POOR,2020-12-10
4362,1066,Sports Amenities,TOILET_BLOCK,1984,70,1,GOOD,2023-02-23
4363,1066,Metal Workshop,WORKSHOP,1954,703,1,CRITICAL,2020-03-23
4364,1068,Technology Block,CLASSROOM,1987,66,2,FAIR,2023-10-09
4365,1068,Staff Block,ADMIN,1998,444,1,FAIR,2023-08-24
4366,1068,Junior Toilets,TOILET_BLOCK,1980,84,1,POOR,2023-05-28
4367,1068,Main Gymnasium,GYM,2002,60,1,GOOD,2024-06-30
4368,1069,Junior Block,CLASSROOM,1988,679,2,GOOD,2023-09-04
4369,1069,Staff Block,ADMIN,1990,213,2,GOOD,2022-03-26
4370,1069,Sports Amenities,TOILET_BLOCK,1961,773,1,GOOD,2023-05-02
4371,1071,Science Block,CLASSROOM,2003,372,1,POOR,2023-02-11
4372,1071,Administration Building,ADMIN,1993,79,1,CRITICAL,2023-06-10
4373,1071,Sports Amenities,TOILET_BLOCK,1956,712,1,GOOD,2024-04-04
4374,1072,Arts Block,CLASSROOM,1970,629,2,GOOD,2023-01-28
4375,1072,Main Office,ADMIN,1967,200,2,POOR,2024-01-30
4376,1072,Staff Facilities,TOILET_BLOCK,1979,580,1,CRITICAL,2022-03-18
4377,1072,Fitness Centre,GYM,1960,103,2,FAIR,2021-03-16
4378,1072,Changing Rooms,SPORTS_PAVILION,1982,269,1,GOOD,2021-05-23
4379,1073,Senior Block,CLASSROOM,1951,322,1,CRITICAL,2023-11-19
4380,1073,Administration Building,ADMIN,1987,64,1,FAIR,2021-05-16
4381,1073,Staff Facilities,TOILET_BLOCK,1989,754,1,POOR,2020-05-03
4382,1074,Block A,CLASSROOM,2008,315,1,FAIR,2023-02-21
4383,1074,Staff Block,ADMIN,1974,718,2,FAIR,2021-11-06
4384,1074,Junior Toilets,TOILET_BLOCK,1970,684,1,FAIR,2022-07-16
4385,1074,Main Gymnasium,GYM,1956,380,2,FAIR,2024-10-28
4386,1074,Equipment Store,STORAGE,1959,89,1,FAIR,2023-12-06
4387,1075,Block C,CLASSROOM,1988,429,2,CRITICAL,2021-03-07
4388,1075,Administration Building,ADMIN,1967,537,1,CRITICAL,2024-03-28
4389,1075,Sports Amenities,TOILET_BLOCK,1955,610,1,POOR,2022-06-25
4390,1076,Technology Block,CLASSROOM,1981,394,2,FAIR,2021-01-08
4391,1076,Staff Block,ADMIN,1996,99,2,GOOD,2023-11-14
4392,1076,Staff Facilities,TOILET_BLOCK,2010,487,1,GOOD,2022-01-25
4393,1076,Fitness Centre,GYM,2020,500,2,GOOD,2022-07-30
4394,1077,Block C,CLASSROOM,1992,534,2,GOOD,2020-10-26
4395,1077,Staff Block,ADMIN,2007,297,2,GOOD,2023-06-21
4396,1077,Staff Facilities,TOILET_BLOCK,1956,179,1,GOOD,2024-08-12
4397,1078,Technology Block,CLASSROOM,1969,58,2,FAIR,2020-05-12
4398,1078,Administration Building,ADMIN,2014,494,2,POOR,2020-11-20
4399,1078,Sports Amenities,TOILET_BLOCK,1953,128,1,GOOD,2022-08-11
4400,1078,Changing Rooms,SPORTS_PAVILION,2000,683,1,POOR,2024-08-11
4401,1078,Equipment Store,STORAGE,1977,43,1,GOOD,2021-03-02
4402,1080,Junior Block,CLASSROOM,1973,461,1,CRITICAL,2024-07-10
4403,1080,Administration Building,ADMIN,1992,559,2,FAIR,2020-09-23
4404,1080,Senior Toilets,TOILET_BLOCK,1953,92,1,FAIR,2024-05-30
4405,1080,Resource Centre,LIBRARY,1993,137,2,FAIR,2021-02-18
4406,1080,Sports Hall,GYM,1960,461,2,FAIR,2022-06-27
4407,1080,Grounds Shed,STORAGE,1966,40,1,GOOD,2023-07-13
4408,1080,Metal Workshop,WORKSHOP,1988,505,1,POOR,2023-08-31
4409,1080,Performing Arts Centre,HALL,1952,619,2,GOOD,2020-04-05
4410,1081,Junior Block,CLASSROOM,1962,461,2,CRITICAL,2021-08-10
4411,1081,Main Office,ADMIN,1957,273,1,FAIR,2020-12-30
4412,1081,Staff Facilities,TOILET_BLOCK,2022,248,1,GOOD,2023-01-10
4413,1081,Equipment Store,STORAGE,1969,89,1,FAIR,2022-07-08
4414,1081,Main Gymnasium,GYM,2017,345,1,POOR,2024-06-20
4415,1082,Block A,CLASSROOM,1966,540,2,GOOD,2020-10-02
4416,1082,Main Office,ADMIN,2013,241,2,GOOD,2021-08-03
4417,1082,Sports Amenities,TOILET_BLOCK,2009,596,1,POOR,2023-07-02
4418,1083,Arts Block,CLASSROOM,1989,200,1,GOOD,2022-06-27
4419,1083,Administration Building,ADMIN,2010,761,1,FAIR,2023-09-30
4420,1083,Sports Amenities,TOILET_BLOCK,1975,284,1,GOOD,2022-02-24
4421,1083,Assembly Hall,HALL,1954,585,2,FAIR,2021-05-31
4422,1083,Technology Workshop,WORKSHOP,1989,393,2,POOR,2021-12-04
4423,1084,Block D,CLASSROOM,2014,242,2,FAIR,2023-09-16
4424,1084,Main Office,ADMIN,1993,102,2,FAIR,2023-07-04
4425,1084,Staff Facilities,TOILET_BLOCK,1972,99,1,GOOD,2020-01-18
4426,1085,Senior Block,CLASSROOM,1980,134,1,POOR,2023-03-25
4427,1085,Staff Block,ADMIN,1973,577,1,GOOD,2020-11-26
4428,1085,Senior Toilets,TOILET_BLOCK,1953,660,1,FAIR,2020-11-11
4429,1086,Block C,CLASSROOM,1964,571,2,FAIR,2022-04-19
4430,1086,Main Office,ADMIN,1973,727,1,FAIR,2023-01-17
4431,1086,Staff Facilities,TOILET_BLOCK,1986,288,1,GOOD,2020-11-30
4432,1086,Sports Hall,GYM,1979,604,2,GOOD,2022-10-02
4433,1086,Cricket Pavilion,SPORTS_PAVILION,1970,105,1,FAIR,2023-11-02
4434,1087,Block A,CLASSROOM,1959,402,1,FAIR,2022-02-26
4435,1087,Staff Block,ADMIN,1959,399,2,POOR,2022-05-06
4436,1087,Senior Toilets,TOILET_BLOCK,2018,303,1,GOOD,2020-10-25
4437,1089,Block E,CLASSROOM,2018,103,2,GOOD,2020-01-28
4438,1089,Staff Block,ADMIN,1992,180,2,FAIR,2022-10-07
4439,1089,Junior Toilets,TOILET_BLOCK,1976,146,1,FAIR,2022-08-10
4440,1092,Block A,CLASSROOM,1964,589,1,POOR,2020-02-04
4441,1092,Main Office,ADMIN,1974,348,1,GOOD,2021-05-11
4442,1092,Junior Toilets,TOILET_BLOCK,1969,669,1,FAIR,2021-12-08
4443,1092,Sports Hall,GYM,1983,116,2,POOR,2024-10-01
4444,1092,Metal Workshop,WORKSHOP,1980,769,1,POOR,2024-04-05
4445,1093,Science Block,CLASSROOM,2008,198,2,POOR,2020-12-17
4446,1093,Administration Building,ADMIN,1987,336,2,FAIR,2020-07-29
4447,1093,Junior Toilets,TOILET_BLOCK,2021,338,1,CRITICAL,2024-10-03
4448,1094,Science Block,CLASSROOM,1957,606,1,FAIR,2020-11-26
4449,1094,Staff Block,ADMIN,2022,429,2,GOOD,2020-04-17
4450,1094,Senior Toilets,TOILET_BLOCK,1977,373,1,GOOD,2021-08-03
4451,1094,Learning Centre,LIBRARY,2011,471,1,POOR,2020-11-20
4452,1094,Maintenance Shed,STORAGE,1971,70,1,FAIR,2023-12-06
4453,1095,Block D,CLASSROOM,1991,245,1,GOOD,2020-12-07
4454,1095,Main Office,ADMIN,1957,50,2,FAIR,2021-05-12
4455,1095,Senior Toilets,TOILET_BLOCK,1983,378,1,GOOD,2020-09-19
4456,1096,Senior Block,CLASSROOM,1990,338,2,GOOD,2024-06-17
4457,1096,Main Office,ADMIN,1997,799,2,FAIR,2022-11-18
4458,1096,Junior Toilets,TOILET_BLOCK,1995,734,1,POOR,2024-05-02
4459,1096,School Library,LIBRARY,1952,352,1,GOOD,2022-08-20
4460,1097,Arts Block,CLASSROOM,1951,65,2,GOOD,2022-12-20
4461,1097,Administration Building,ADMIN,1984,210,1,FAIR,2024-04-13
4462,1097,Senior Toilets,TOILET_BLOCK,2007,365,1,FAIR,2024-01-24
4463,1097,Fitness Centre,GYM,1957,645,2,FAIR,2023-08-19
4464,1097,Changing Rooms,SPORTS_PAVILION,2015,223,1,POOR,2022-05-25
4465,1098,Technology Block,CLASSROOM,2010,162,1,FAIR,2020-03-25
4466,1098,Main Office,ADMIN,2000,117,2,CRITICAL,2021-07-28
4467,1098,Staff Facilities,TOILET_BLOCK,1985,310,1,FAIR,2024-02-08
4468,1100,Block C,CLASSROOM,1992,480,2,GOOD,2022-05-30
4469,1100,Staff Block,ADMIN,2013,651,1,POOR,2020-07-09
4470,1100,Senior Toilets,TOILET_BLOCK,2005,77,1,GOOD,2022-06-02
4471,1104,Block C,CLASSROOM,1954,509,1,GOOD,2021-03-19
4472,1104,Main Office,ADMIN,2017,748,2,FAIR,2020-05-02
4473,1104,Sports Amenities,TOILET_BLOCK,1991,54,1,GOOD,2022-08-19
4474,1105,Block E,CLASSROOM,1954,134,1,GOOD,2023-11-07
4475,1105,Staff Block,ADMIN,1989,156,2,FAIR,2024-09-01
4476,1105,Senior Toilets,TOILET_BLOCK,2004,67,1,POOR,2020-05-14
4477,1105,Fitness Centre,GYM,1956,411,1,FAIR,2020-02-07
4478,1106,Science Block,CLASSROOM,1962,695,1,GOOD,2024-11-28
4479,1106,Administration Building,ADMIN,2019,677,1,FAIR,2022-06-10
4480,1106,Senior Toilets,TOILET_BLOCK,1960,292,1,GOOD,2024-04-25
4481,1106,Performing Arts Centre,HALL,1967,540,2,FAIR,2024-01-22
4482,1106,Resource Centre,LIBRARY,1997,357,1,GOOD,2021-09-16
4483,1107,Junior Block,CLASSROOM,1969,311,2,GOOD,2021-08-13
4484,1107,Staff Block,ADMIN,2019,561,1,GOOD,2021-07-31
4485,1107,Sports Amenities,TOILET_BLOCK,2010,601,1,FAIR,2024-07-06
4486,1109,Block A,CLASSROOM,2022,656,1,CRITICAL,2021-03-26
4487,1109,Main Office,ADMIN,1966,648,2,FAIR,2022-09-20
4488,1109,Junior Toilets,TOILET_BLOCK,1994,322,1,POOR,2021-09-14
4489,1109,Technology Workshop,WORKSHOP,2020,772,1,FAIR,2021-06-15
4490,1110,Science Block,CLASSROOM,1984,562,2,FAIR,2020-03-05
4491,1110,Main Office,ADMIN,2021,469,2,FAIR,2022-12-27
4492,1110,Sports Amenities,TOILET_BLOCK,1955,660,1,FAIR,2020-10-14
4493,1110,Wood Workshop,WORKSHOP,2017,270,1,FAIR,2021-10-05
4494,1111,Arts Block,CLASSROOM,1991,554,2,FAIR,2024-09-30
4495,1111,Staff Block,ADMIN,1971,634,1,FAIR,2020-05-10
4496,1111,Senior Toilets,TOILET_BLOCK,1969,254,1,POOR,2024-07-16
4497,1112,Block B,CLASSROOM,1954,232,2,CRITICAL,2022-03-30
4498,1112,Administration Building,ADMIN,1958,740,2,GOOD,2024-01-28
4499,1112,Staff Facilities,TOILET_BLOCK,1968,536,1,GOOD,2021-01-02
4500,1113,Block B,CLASSROOM,1994,578,1,FAIR,2022-06-21
4501,1113,Administration Building,ADMIN,1972,330,2,FAIR,2024-01-27
4502,1113,Senior Toilets,TOILET_BLOCK,1986,643,1,FAIR,2023-01-23
4503,1113,Resource Centre,LIBRARY,2013,550,1,POOR,2023-12-04
4504,1113,Food Technology,WORKSHOP,1969,365,1,FAIR,2021-10-20
4505,1113,Equipment Store,STORAGE,2005,35,1,GOOD,2020-11-30
4506,1113,Performing Arts Centre,HALL,1960,163,2,FAIR,2023-05-11
4507,1113,Main Gymnasium,GYM,1992,452,1,POOR,2023-10-07
4508,1114,Block B,CLASSROOM,2010,278,2,FAIR,2021-09-19
4509,1114,Administration Building,ADMIN,1959,447,1,POOR,2022-08-09
4510,1114,Staff Facilities,TOILET_BLOCK,1960,170,1,GOOD,2022-03-23
4511,1115,Technology Block,CLASSROOM,1976,662,1,GOOD,2023-05-03
4512,1115,Administration Building,ADMIN,2004,711,1,GOOD,2024-05-16
4513,1115,Junior Toilets,TOILET_BLOCK,1996,576,1,POOR,2020-06-17
4514,1116,Technology Block,CLASSROOM,1988,512,1,GOOD,2023-01-08
4515,1116,Staff Block,ADMIN,1968,94,1,GOOD,2024-11-07
4516,1116,Staff Facilities,TOILET_BLOCK,2018,402,1,GOOD,2022-06-20
4517,1119,Science Block,CLASSROOM,2005,491,1,POOR,2022-08-11
4518,1119,Staff Block,ADMIN,1950,376,2,FAIR,2020-06-24
4519,1119,Junior Toilets,TOILET_BLOCK,1950,784,1,FAIR,2020-01-08
4520,1119,Grounds Shed,STORAGE,1981,33,1,CRITICAL,2024-02-28
4521,1120,Junior Block,CLASSROOM,1957,160,2,FAIR,2023-07-12
4522,1120,Administration Building,ADMIN,1958,485,2,POOR,2020-12-07
4523,1120,Senior Toilets,TOILET_BLOCK,2012,88,1,POOR,2020-06-28
4524,1120,Equipment Store,STORAGE,1999,58,1,FAIR,2023-03-25
4525,1120,Main Gymnasium,GYM,1973,183,1,GOOD,2020-07-22
4526,1122,Block A,CLASSROOM,2011,425,1,FAIR,2023-01-20
4527,1122,Main Office,ADMIN,1979,76,1,GOOD,2022-08-22
4528,1122,Senior Toilets,TOILET_BLOCK,1994,269,1,FAIR,2021-09-20
4529,1122,Technology Workshop,WORKSHOP,2017,465,1,POOR,2020-04-14
4530,1124,Block B,CLASSROOM,1955,604,1,POOR,2023-01-06
4531,1124,Staff Block,ADMIN,1957,778,1,FAIR,2023-07-01
4532,1124,Sports Amenities,TOILET_BLOCK,2015,102,1,POOR,2024-09-20
4533,1125,Senior Block,CLASSROOM,1996,196,1,CRITICAL,2020-09-16
4534,1125,Administration Building,ADMIN,2013,558,2,POOR,2021-04-01
4535,1125,Staff Facilities,TOILET_BLOCK,1952,715,1,GOOD,2023-04-06
4536,1125,Cricket Pavilion,SPORTS_PAVILION,1982,434,1,GOOD,2020-01-24
4537,1125,School Hall,HALL,2017,648,1,FAIR,2020-04-06
4538,1125,Learning Centre,LIBRARY,1956,260,2,GOOD,2022-03-24
4539,1125,Sports Store,STORAGE,2010,67,1,GOOD,2020-03-19
4540,1125,Metal Workshop,WORKSHOP,1965,93,2,GOOD,2021-09-28
4541,1126,Block D,CLASSROOM,2020,396,1,FAIR,2022-07-13
4542,1126,Main Office,ADMIN,1992,377,1,GOOD,2024-09-30
4543,1126,Senior Toilets,TOILET_BLOCK,2008,582,1,GOOD,2022-05-20
4544,1126,Performing Arts Centre,HALL,1963,489,2,FAIR,2023-02-15
4545,1126,School Library,LIBRARY,2017,313,1,FAIR,2020-12-15
4546,1126,Food Technology,WORKSHOP,1997,503,1,GOOD,2022-03-19
4547,1126,Sports Hall,GYM,1967,403,2,GOOD,2021-01-08
4548,1127,Block D,CLASSROOM,1951,146,2,FAIR,2023-10-26
4549,1127,Main Office,ADMIN,1993,738,1,POOR,2021-09-25
4550,1127,Sports Amenities,TOILET_BLOCK,2002,506,1,POOR,2022-05-08
4551,1128,Senior Block,CLASSROOM,1951,95,2,FAIR,2022-07-03
4552,1128,Main Office,ADMIN,1960,216,1,FAIR,2024-02-24
4553,1128,Junior Toilets,TOILET_BLOCK,2019,712,1,CRITICAL,2022-05-05
4554,1128,Performing Arts Centre,HALL,1987,250,2,FAIR,2024-02-07
4555,1128,Grounds Shed,STORAGE,1953,65,1,GOOD,2024-09-22
4556,1129,Senior Block,CLASSROOM,1973,211,1,CRITICAL,2024-09-27
4557,1129,Administration Building,ADMIN,1983,393,1,GOOD,2020-02-27
4558,1129,Sports Amenities,TOILET_BLOCK,1982,172,1,POOR,2022-04-21
4559,1129,Changing Rooms,SPORTS_PAVILION,1961,141,1,FAIR,2024-11-01
4560,1129,School Hall,HALL,1964,455,1,FAIR,2020-11-19
4561,1129,Sports Hall,GYM,1962,469,2,FAIR,2020-04-13
4562,1129,Learning Centre,LIBRARY,1987,741,2,FAIR,2023-08-21
4563,1129,Metal Workshop,WORKSHOP,1979,271,1,GOOD,2022-04-13
4564,1129,Maintenance Shed,STORAGE,1961,40,1,FAIR,2021-09-06
4565,1130,Block A,CLASSROOM,1987,349,2,FAIR,2022-11-21
4566,1130,Administration Building,ADMIN,1984,297,1,FAIR,2021-12-08
4567,1130,Sports Amenities,TOILET_BLOCK,1970,574,1,POOR,2022-09-17
4568,1130,Changing Rooms,SPORTS_PAVILION,1980,450,1,GOOD,2023-03-18
4569,1130,Food Technology,WORKSHOP,2008,116,1,FAIR,2021-01-10
4570,1130,Grounds Shed,STORAGE,1963,25,1,GOOD,2022-06-27
4571,1130,Main Gymnasium,GYM,1970,719,2,CRITICAL,2021-04-24
4572,1130,Resource Centre,LIBRARY,1985,574,1,GOOD,2023-07-21
4573,1131,Technology Block,CLASSROOM,2013,372,1,GOOD,2022-11-23
4574,1131,Administration Building,ADMIN,2008,563,2,POOR,2022-07-11
4575,1131,Senior Toilets,TOILET_BLOCK,1976,744,1,POOR,2020-03-14
4576,1131,Sports Pavilion,SPORTS_PAVILION,1992,485,1,FAIR,2024-01-29
4577,1131,School Hall,HALL,2003,334,1,CRITICAL,2020-07-20
4578,1138,Arts Block,CLASSROOM,2010,137,1,POOR,2023-08-14
4579,1138,Staff Block,ADMIN,1986,707,2,FAIR,2022-05-06
4580,1138,Staff Facilities,TOILET_BLOCK,2010,768,1,FAIR,2022-11-09
4581,1139,Block C,CLASSROOM,2014,384,2,FAIR,2021-10-27
4582,1139,Staff Block,ADMIN,1964,470,1,POOR,2020-09-01
4583,1139,Staff Facilities,TOILET_BLOCK,1978,722,1,GOOD,2020-06-12
4584,1142,Junior Block,CLASSROOM,1966,350,2,GOOD,2023-05-17
4585,1142,Administration Building,ADMIN,1987,712,1,FAIR,2024-10-27
4586,1142,Sports Amenities,TOILET_BLOCK,1991,64,1,FAIR,2022-03-15
4587,1142,Sports Hall,GYM,1990,590,1,FAIR,2020-05-14
4588,1143,Block E,CLASSROOM,1988,782,2,GOOD,2020-09-30
4589,1143,Staff Block,ADMIN,1990,108,1,FAIR,2020-06-13
4590,1143,Sports Amenities,TOILET_BLOCK,1984,64,1,GOOD,2023-02-23
4591,1143,Sports Store,STORAGE,1966,75,1,GOOD,2023-09-10
4592,1147,Science Block,CLASSROOM,1967,530,1,FAIR,2020-05-29
4593,1147,Administration Building,ADMIN,2014,581,2,GOOD,2020-04-21
4594,1147,Staff Facilities,TOILET_BLOCK,2007,735,1,FAIR,2023-02-10
4595,1148,Block B,CLASSROOM,2016,589,2,GOOD,2023-02-01
4596,1148,Main Office,ADMIN,1963,126,2,GOOD,2020-06-19
4597,1148,Staff Facilities,TOILET_BLOCK,2017,422,1,FAIR,2020-10-01
4598,1148,Sports Hall,GYM,1981,449,1,FAIR,2021-07-13
4599,1148,Equipment Store,STORAGE,1999,50,1,FAIR,2022-05-23
4600,1148,Changing Rooms,SPORTS_PAVILION,1989,575,1,POOR,2020-01-12
4601,1149,Block B,CLASSROOM,1982,350,2,GOOD,2024-09-29
4602,1149,Staff Block,ADMIN,1962,422,2,POOR,2020-08-29
4603,1149,Junior Toilets,TOILET_BLOCK,1962,627,1,FAIR,2024-01-13
4604,1149,Grounds Shed,STORAGE,2018,59,1,CRITICAL,2022-09-11
4605,1151,Senior Block,CLASSROOM,2006,678,1,FAIR,2023-08-28
4606,1151,Main Office,ADMIN,1977,615,2,POOR,2024-07-24
4607,1151,Junior Toilets,TOILET_BLOCK,2003,598,1,CRITICAL,2021-04-01
4608,1153,Junior Block,CLASSROOM,1967,345,1,GOOD,2022-12-04
4609,1153,Administration Building,ADMIN,1967,100,2,POOR,2023-05-14
4610,1153,Senior Toilets,TOILET_BLOCK,1962,771,1,FAIR,2021-02-10
4611,1153,Sports Hall,GYM,1978,737,1,POOR,2023-02-13
4612,1153,Assembly Hall,HALL,1980,306,1,GOOD,2020-02-13
4613,1154,Block E,CLASSROOM,1976,135,1,GOOD,2023-03-10
4614,1154,Main Office,ADMIN,2006,747,2,GOOD,2020-10-10
4615,1154,Junior Toilets,TOILET_BLOCK,1990,209,1,FAIR,2021-07-29
4616,1154,Performing Arts Centre,HALL,1960,306,1,GOOD,2022-08-22
4617,1154,Resource Centre,LIBRARY,2014,459,2,POOR,2024-11-18
4618,1156,Block A,CLASSROOM,1966,273,2,POOR,2023-09-07
4619,1156,Staff Block,ADMIN,1980,506,1,POOR,2022-07-01
4620,1156,Senior Toilets,TOILET_BLOCK,1978,352,1,FAIR,2024-06-10
4621,1156,Resource Centre,LIBRARY,2005,684,2,FAIR,2021-05-28
4622,1156,Assembly Hall,HALL,1983,88,1,FAIR,2023-12-27
4623,1164,Arts Block,CLASSROOM,1976,706,2,CRITICAL,2020-07-06
4624,1164,Main Office,ADMIN,1990,745,2,POOR,2023-02-09
4625,1164,Staff Facilities,TOILET_BLOCK,2002,295,1,GOOD,2024-03-21
4626,1164,Main Gymnasium,GYM,1999,564,2,GOOD,2024-04-02
4627,1164,Food Technology,WORKSHOP,1965,534,2,GOOD,2024-06-26
4628,1164,School Library,LIBRARY,1966,111,1,FAIR,2023-02-22
4629,1164,Cricket Pavilion,SPORTS_PAVILION,2012,325,1,GOOD,2021-07-20
4630,1164,Grounds Shed,STORAGE,2008,68,1,GOOD,2024-11-13
4631,1165,Block B,CLASSROOM,1966,622,1,FAIR,2024-04-02
4632,1165,Administration Building,ADMIN,1954,643,1,FAIR,2022-05-18
4633,1165,Sports Amenities,TOILET_BLOCK,1978,349,1,FAIR,2024-03-05
4634,1165,Sports Store,STORAGE,1970,91,1,POOR,2022-02-17
4635,1165,Technology Workshop,WORKSHOP,2018,558,1,POOR,2024-03-05
4636,1165,Learning Centre,LIBRARY,1993,60,1,FAIR,2020-08-17
4637,1165,Sports Pavilion,SPORTS_PAVILION,2004,254,1,CRITICAL,2022-05-18
4638,1165,Assembly Hall,HALL,2020,733,1,GOOD,2022-02-04
4639,1167,Senior Block,CLASSROOM,1991,323,1,POOR,2022-04-11
4640,1167,Administration Building,ADMIN,1985,123,2,FAIR,2022-08-21
4641,1167,Staff Facilities,TOILET_BLOCK,1987,493,1,GOOD,2024-07-30
4642,1167,Equipment Store,STORAGE,2022,71,1,GOOD,2020-02-04
4643,1167,School Library,LIBRARY,1963,240,1,FAIR,2022-09-20
4644,1167,Fitness Centre,GYM,2011,665,1,GOOD,2023-09-02
4645,1167,Changing Rooms,SPORTS_PAVILION,2013,681,1,FAIR,2021-12-14
4646,1167,School Hall,HALL,2003,241,1,FAIR,2024-03-12
4647,1167,Food Technology,WORKSHOP,1983,247,2,CRITICAL,2023-07-11
4648,1168,Block E,CLASSROOM,1961,656,1,FAIR,2022-03-01
4649,1168,Staff Block,ADMIN,1966,687,2,POOR,2023-08-25
4650,1168,Staff Facilities,TOILET_BLOCK,2005,770,1,FAIR,2020-05-22
4651,1168,Fitness Centre,GYM,2006,171,1,POOR,2021-02-09
4652,1168,Learning Centre,LIBRARY,1980,634,1,POOR,2021-04-07
4653,1169,Block D,CLASSROOM,2016,348,1,GOOD,2022-01-05
4654,1169,Staff Block,ADMIN,1966,119,2,POOR,2020-05-03
4655,1169,Senior Toilets,TOILET_BLOCK,1953,337,1,FAIR,2022-08-21
4656,1169,Assembly Hall,HALL,1972,335,2,FAIR,2021-01-09
4657,1170,Block B,CLASSROOM,1993,385,2,POOR,2022-12-09
4658,1170,Main Office,ADMIN,2002,319,2,FAIR,2024-12-02
4659,1170,Senior Toilets,TOILET_BLOCK,1957,223,1,GOOD,2022-09-06
4660,1172,Junior Block,CLASSROOM,1950,212,2,FAIR,2022-06-24
4661,1172,Main Office,ADMIN,1971,213,1,CRITICAL,2020-05-27
4662,1172,Staff Facilities,TOILET_BLOCK,1984,471,1,GOOD,2021-01-01
4663,1172,School Library,LIBRARY,1953,317,2,GOOD,2024-10-04
4664,1172,Sports Hall,GYM,1972,209,2,FAIR,2022-02-25
4665,1172,Cricket Pavilion,SPORTS_PAVILION,1980,525,1,FAIR,2020-11-28
4666,1172,Performing Arts Centre,HALL,1972,112,2,GOOD,2023-11-23
4667,1172,Metal Workshop,WORKSHOP,2008,768,2,POOR,2021-07-11
4668,1172,Maintenance Shed,STORAGE,2022,77,1,GOOD,2023-03-24
4669,1175,Senior Block,CLASSROOM,1974,777,1,GOOD,2020-05-14
4670,1175,Staff Block,ADMIN,1966,591,1,FAIR,2024-10-15
4671,1175,Staff Facilities,TOILET_BLOCK,2007,144,1,CRITICAL,2023-08-27
4672,1177,Science Block,CLASSROOM,1986,659,1,FAIR,2023-11-28
4673,1177,Main Office,ADMIN,2004,502,2,POOR,2020-09-29
4674,1177,Senior Toilets,TOILET_BLOCK,1981,73,1,GOOD,2023-10-13
4675,1177,Sports Pavilion,SPORTS_PAVILION,2004,676,1,POOR,2021-02-10
4676,1177,Grounds Shed,STORAGE,2020,44,1,FAIR,2020-01-25
4677,1177,Resource Centre,LIBRARY,1953,527,1,GOOD,2020-09-08
4678,1177,Assembly Hall,HALL,1990,82,2,POOR,2024-09-06
4679,1178,Block C,CLASSROOM,1957,344,1,FAIR,2021-06-17
4680,1178,Administration Building,ADMIN,1952,388,1,POOR,2024-07-24
4681,1178,Junior Toilets,TOILET_BLOCK,1983,668,1,GOOD,2024-02-05
4682,1178,Grounds Shed,STORAGE,2021,28,1,GOOD,2024-07-03
4683,1178,Sports Hall,GYM,1951,676,2,GOOD,2024-07-13
4684,1179,Block A,CLASSROOM,1953,169,2,GOOD,2023-10-11
4685,1179,Main Office,ADMIN,1966,395,2,POOR,2021-05-02
4686,1179,Staff Facilities,TOILET_BLOCK,1969,173,1,GOOD,2022-07-02
4687,1184,Arts Block,CLASSROOM,1999,680,2,GOOD,2022-11-24
4688,1184,Staff Block,ADMIN,1957,397,1,GOOD,2023-12-02
4689,1184,Sports Amenities,TOILET_BLOCK,1976,772,1,FAIR,2020-01-27
4690,1185,Block A,CLASSROOM,2007,552,2,FAIR,2022-10-28
4691,1185,Staff Block,ADMIN,1982,538,2,GOOD,2023-02-28
4692,1185,Sports Amenities,TOILET_BLOCK,1952,414,1,GOOD,2022-03-06
4693,1185,Cricket Pavilion,SPORTS_PAVILION,1984,661,1,GOOD,2022-04-15
4694,1185,Fitness Centre,GYM,2007,82,2,FAIR,2023-06-29
4695,1186,Block C,CLASSROOM,2002,187,1,GOOD,2022-09-06
4696,1186,Staff Block,ADMIN,2013,110,1,FAIR,2021-04-03
4697,1186,Staff Facilities,TOILET_BLOCK,2020,280,1,FAIR,2022-10-24
4698,1186,Fitness Centre,GYM,1997,620,2,FAIR,2022-12-26
4699,1186,School Library,LIBRARY,1982,503,2,GOOD,2023-08-12
4700,1187,Block C,CLASSROOM,2022,162,1,GOOD,2024-07-14
4701,1187,Administration Building,ADMIN,1980,267,1,FAIR,2021-08-03
4702,1187,Sports Amenities,TOILET_BLOCK,1962,421,1,GOOD,2021-04-19
4703,1187,Sports Hall,GYM,1974,322,2,GOOD,2023-12-25
4704,1187,Resource Centre,LIBRARY,1960,396,1,POOR,2022-03-20
4705,1187,Changing Rooms,SPORTS_PAVILION,1951,692,1,FAIR,2024-04-05
4706,1189,Block D,CLASSROOM,1985,783,2,GOOD,2024-08-12
4707,1189,Main Office,ADMIN,1974,61,2,GOOD,2024-08-24
4708,1189,Staff Facilities,TOILET_BLOCK,1996,146,1,GOOD,2023-02-28
4709,1189,Learning Centre,LIBRARY,1976,609,2,FAIR,2023-08-23
4710,1189,Cricket Pavilion,SPORTS_PAVILION,1969,783,1,GOOD,2022-01-17
4711,1190,Block E,CLASSROOM,1951,168,2,GOOD,2024-04-21
4712,1190,Administration Building,ADMIN,1953,713,2,POOR,2022-12-15
4713,1190,Staff Facilities,TOILET_BLOCK,1981,335,1,FAIR,2021-09-29
4714,1190,Maintenance Shed,STORAGE,1979,40,1,GOOD,2022-09-28
4715,1190,Technology Workshop,WORKSHOP,1974,102,1,POOR,2020-03-04
4716,1190,Sports Pavilion,SPORTS_PAVILION,1968,781,1,GOOD,2023-02-16
4717,1190,School Hall,HALL,1963,279,1,POOR,2023-06-03
4718,1190,Learning Centre,LIBRARY,1985,95,1,FAIR,2024-06-24
4719,1190,Main Gymnasium,GYM,1999,499,1,GOOD,2023-08-13
4720,1190,Science Block,CLASSROOM,1997,284,2,GOOD,2020-10-26
4721,1190,Block D,CLASSROOM,1953,354,1,FAIR,2023-10-28
4722,1190,Senior Block,CLASSROOM,1982,730,1,GOOD,2022-01-09
4723,1192,Arts Block,CLASSROOM,1967,659,1,GOOD,2021-10-25
4724,1192,Main Office,ADMIN,1980,504,2,FAIR,2020-03-21
4725,1192,Staff Facilities,TOILET_BLOCK,1960,204,1,CRITICAL,2021-11-10
4726,1194,Senior Block,CLASSROOM,1968,218,1,FAIR,2024-10-02
4727,1194,Staff Block,ADMIN,1951,302,2,FAIR,2023-06-17
4728,1194,Senior Toilets,TOILET_BLOCK,2017,746,1,POOR,2023-02-27
4729,1194,Main Gymnasium,GYM,1958,109,1,FAIR,2021-07-16
4730,1194,School Hall,HALL,1993,427,1,CRITICAL,2021-07-24
4731,1194,School Library,LIBRARY,1987,653,2,GOOD,2024-02-06
4732,1195,Block D,CLASSROOM,2019,677,1,FAIR,2022-05-10
4733,1195,Main Office,ADMIN,2015,545,1,FAIR,2021-09-18
4734,1195,Senior Toilets,TOILET_BLOCK,1953,126,1,GOOD,2024-02-15
4735,1195,School Library,LIBRARY,1989,591,2,FAIR,2021-11-03
4736,1195,Maintenance Shed,STORAGE,1957,41,1,POOR,2023-01-26
4737,1195,Sports Hall,GYM,1995,515,2,GOOD,2022-10-31
4738,1200,Block B,CLASSROOM,1986,250,1,FAIR,2021-10-20
4739,1200,Staff Block,ADMIN,1961,126,1,GOOD,2024-07-09
4740,1200,Senior Toilets,TOILET_BLOCK,2000,321,1,FAIR,2021-11-23
4741,1201,Block A,CLASSROOM,2002,752,2,FAIR,2024-08-14
4742,1201,Main Office,ADMIN,1987,719,2,FAIR,2021-11-10
4743,1201,Staff Facilities,TOILET_BLOCK,1990,491,1,POOR,2024-10-14
4744,1202,Block C,CLASSROOM,2022,125,2,POOR,2022-10-08
4745,1202,Administration Building,ADMIN,1954,196,1,GOOD,2022-01-26
4746,1202,Senior Toilets,TOILET_BLOCK,1964,307,1,GOOD,2022-07-27
4747,1202,Performing Arts Centre,HALL,1979,526,2,POOR,2024-02-26
4748,1202,Changing Rooms,SPORTS_PAVILION,2017,774,1,GOOD,2023-09-08
4749,1202,Sports Store,STORAGE,2010,80,1,GOOD,2022-07-25
4750,1202,Sports Hall,GYM,1978,392,1,FAIR,2022-03-11
4751,1202,Food Technology,WORKSHOP,1958,413,2,GOOD,2021-04-27
4752,1202,Learning Centre,LIBRARY,2012,411,1,FAIR,2021-12-18
4753,1202,Science Block,CLASSROOM,1970,687,1,FAIR,2022-07-09
4754,1202,Block E,CLASSROOM,1967,607,2,FAIR,2023-07-17
4755,1203,Block E,CLASSROOM,1999,788,2,GOOD,2020-01-18
4756,1203,Staff Block,ADMIN,1997,214,2,GOOD,2022-10-10
4757,1203,Sports Amenities,TOILET_BLOCK,1971,443,1,GOOD,2024-05-30
4758,1203,Main Gymnasium,GYM,2016,499,1,FAIR,2020-03-12
4759,1203,Assembly Hall,HALL,1993,530,2,FAIR,2024-06-25
4760,1203,Cricket Pavilion,SPORTS_PAVILION,1976,162,1,FAIR,2023-11-29
4761,1203,Technology Workshop,WORKSHOP,1958,636,2,FAIR,2024-10-30
4762,1204,Block E,CLASSROOM,2003,770,1,FAIR,2022-10-29
4763,1204,Administration Building,ADMIN,2022,455,1,GOOD,2024-01-19
4764,1204,Sports Amenities,TOILET_BLOCK,1977,584,1,CRITICAL,2022-07-08
4765,1204,Learning Centre,LIBRARY,1997,284,2,GOOD,2021-12-16
4766,1204,Cricket Pavilion,SPORTS_PAVILION,2017,601,1,FAIR,2020-08-19
4767,1206,Block C,CLASSROOM,1954,525,1,CRITICAL,2020-02-26
4768,1206,Administration Building,ADMIN,2016,174,1,POOR,2020-05-08
4769,1206,Senior Toilets,TOILET_BLOCK,2004,100,1,GOOD,2023-12-22
4770,1206,Resource Centre,LIBRARY,2001,549,1,FAIR,2021-03-05
4771,1206,Assembly Hall,HALL,2001,593,2,FAIR,2020-04-17
4772,1207,Block B,CLASSROOM,2008,657,2,FAIR,2021-08-05
4773,1207,Administration Building,ADMIN,1999,177,1,GOOD,2023-12-01
4774,1207,Staff Facilities,TOILET_BLOCK,1951,686,1,POOR,2022-12-19
4775,1207,Sports Hall,GYM,1977,220,1,POOR,2021-07-23
4776,1207,Wood Workshop,WORKSHOP,1979,593,2,GOOD,2021-03-13
4777,1208,Arts Block,CLASSROOM,1995,711,1,POOR,2023-04-04
4778,1208,Main Office,ADMIN,2019,621,1,FAIR,2023-01-04
4779,1208,Sports Amenities,TOILET_BLOCK,1999,59,1,FAIR,2022-10-31
4780,1208,Main Gymnasium,GYM,1997,760,1,POOR,2021-12-21
4781,1208,Metal Workshop,WORKSHOP,1968,218,1,GOOD,2023-10-21
4782,1209,Block A,CLASSROOM,1961,53,1,GOOD,2021-08-11
4783,1209,Staff Block,ADMIN,1981,656,1,GOOD,2021-04-10
4784,1209,Junior Toilets,TOILET_BLOCK,1951,186,1,GOOD,2023-08-31
4785,1209,Technology Workshop,WORKSHOP,1994,323,1,GOOD,2024-07-17
4786,1209,Assembly Hall,HALL,1962,651,2,FAIR,2022-06-28
4787,1209,Main Gymnasium,GYM,2016,640,2,CRITICAL,2023-07-11
4788,1209,Sports Pavilion,SPORTS_PAVILION,2018,698,1,FAIR,2022-11-17
4789,1209,Learning Centre,LIBRARY,1979,583,2,FAIR,2023-11-02
4790,1210,Block D,CLASSROOM,1950,292,2,FAIR,2021-06-07
4791,1210,Staff Block,ADMIN,1963,190,2,GOOD,2024-01-07
4792,1210,Staff Facilities,TOILET_BLOCK,1992,564,1,GOOD,2021-12-15
4793,1211,Block A,CLASSROOM,2001,150,1,POOR,2023-05-10
4794,1211,Staff Block,ADMIN,2000,647,1,FAIR,2023-12-27
4795,1211,Sports Amenities,TOILET_BLOCK,2022,319,1,GOOD,2020-11-18
4796,1211,Resource Centre,LIBRARY,2001,568,1,FAIR,2021-10-15
4797,1211,School Hall,HALL,1963,300,2,GOOD,2024-05-26
4798,1211,Main Gymnasium,GYM,1963,57,2,POOR,2021-08-21
4799,1211,Changing Rooms,SPORTS_PAVILION,1962,223,1,POOR,2022-12-13
4800,1211,Sports Store,STORAGE,2001,85,1,GOOD,2020-11-29
4801,1211,Metal Workshop,WORKSHOP,1967,443,1,GOOD,2022-11-04
4802,1211,Block C,CLASSROOM,1989,99,2,GOOD,2020-01-17
4803,1212,Technology Block,CLASSROOM,2018,199,2,GOOD,2024-02-12
4804,1212,Main Office,ADMIN,1978,771,2,FAIR,2020-02-12
4805,1212,Sports Amenities,TOILET_BLOCK,1961,453,1,FAIR,2024-01-09
4806,1212,Maintenance Shed,STORAGE,2018,86,1,GOOD,2023-04-20
4807,1212,Assembly Hall,HALL,1987,553,2,GOOD,2024-06-23
4808,1212,Cricket Pavilion,SPORTS_PAVILION,1956,589,1,FAIR,2020-08-30
4809,1212,School Library,LIBRARY,2021,259,2,FAIR,2021-08-11
4810,1213,Senior Block,CLASSROOM,1997,325,2,FAIR,2022-01-23
4811,1213,Administration Building,ADMIN,2000,722,2,GOOD,2022-05-12
4812,1213,Junior Toilets,TOILET_BLOCK,1998,371,1,FAIR,2023-07-17
4813,1213,Assembly Hall,HALL,1979,717,2,FAIR,2023-12-08
4814,1213,Learning Centre,LIBRARY,1982,158,1,FAIR,2022-08-16
4815,1213,Sports Store,STORAGE,1980,91,1,FAIR,2022-08-14
4816,1213,Technology Workshop,WORKSHOP,1962,185,1,POOR,2020-10-14
4817,1214,Block D,CLASSROOM,2010,614,2,GOOD,2021-07-08
4818,1214,Staff Block,ADMIN,1997,578,2,FAIR,2021-02-08
4819,1214,Junior Toilets,TOILET_BLOCK,1998,86,1,GOOD,2024-06-03
4820,1214,Equipment Store,STORAGE,2015,88,1,POOR,2024-07-18
4821,1215,Block D,CLASSROOM,1978,95,2,GOOD,2023-10-05
4822,1215,Staff Block,ADMIN,1982,249,2,FAIR,2022-03-08
4823,1215,Sports Amenities,TOILET_BLOCK,1963,356,1,GOOD,2021-07-22
4824,1215,School Library,LIBRARY,1969,318,2,POOR,2021-08-29
4825,1215,School Hall,HALL,2017,131,1,GOOD,2020-01-16
4826,1215,Sports Hall,GYM,1973,413,1,GOOD,2021-06-18
4827,1216,Block A,CLASSROOM,1983,604,1,FAIR,2021-06-24
4828,1216,Administration Building,ADMIN,1988,358,1,POOR,2024-01-03
4829,1216,Staff Facilities,TOILET_BLOCK,1951,702,1,FAIR,2024-04-28
4830,1216,Learning Centre,LIBRARY,1967,227,2,FAIR,2022-09-07
4831,1216,Main Gymnasium,GYM,1980,763,1,GOOD,2021-06-16
4832,1217,Senior Block,CLASSROOM,2019,466,1,GOOD,2024-02-27
4833,1217,Administration Building,ADMIN,2002,167,1,GOOD,2023-06-05
4834,1217,Junior Toilets,TOILET_BLOCK,2021,446,1,FAIR,2024-03-20
4835,1217,Learning Centre,LIBRARY,2017,582,2,CRITICAL,2021-08-12
4836,1217,Metal Workshop,WORKSHOP,2002,797,2,GOOD,2020-11-20
4837,1218,Block C,CLASSROOM,1989,94,1,GOOD,2020-09-25
4838,1218,Main Office,ADMIN,1980,59,2,POOR,2021-03-27
4839,1218,Junior Toilets,TOILET_BLOCK,2006,680,1,FAIR,2022-05-02
4840,1218,Changing Rooms,SPORTS_PAVILION,2000,617,1,POOR,2020-03-07
4841,1218,Equipment Store,STORAGE,1997,65,1,POOR,2024-04-16
4842,1219,Technology Block,CLASSROOM,1955,442,2,FAIR,2020-12-15
4843,1219,Staff Block,ADMIN,1992,686,1,FAIR,2024-10-07
4844,1219,Senior Toilets,TOILET_BLOCK,2009,708,1,POOR,2022-10-10
4845,1219,Changing Rooms,SPORTS_PAVILION,1974,444,1,GOOD,2022-11-08
4846,1219,Performing Arts Centre,HALL,1952,101,1,GOOD,2022-07-20
4847,1219,Food Technology,WORKSHOP,1988,57,2,FAIR,2024-09-05
4848,1219,Learning Centre,LIBRARY,1955,142,1,FAIR,2021-06-27
4849,1219,Sports Hall,GYM,2013,58,2,CRITICAL,2020-08-31
4850,1219,Equipment Store,STORAGE,1958,43,1,FAIR,2020-10-24
4851,1219,Senior Block,CLASSROOM,1987,577,2,FAIR,2023-11-15
4852,1219,Senior Block,CLASSROOM,1990,779,2,GOOD,2022-08-10
4853,1220,Block C,CLASSROOM,1959,244,1,FAIR,2020-03-05
4854,1220,Administration Building,ADMIN,1984,134,2,GOOD,2021-12-21
4855,1220,Staff Facilities,TOILET_BLOCK,2002,617,1,GOOD,2022-08-30
4856,1220,Assembly Hall,HALL,1989,137,1,GOOD,2020-01-26
4857,1220,Sports Hall,GYM,2004,424,1,FAIR,2021-09-02
4858,1220,Technology Workshop,WORKSHOP,1978,726,2,GOOD,2024-08-02
4859,1220,Sports Store,STORAGE,1987,66,1,GOOD,2021-03-29
4860,1220,Resource Centre,LIBRARY,1982,637,2,FAIR,2020-04-28
4861,1221,Block D,CLASSROOM,1958,140,2,FAIR,2021-07-03
4862,1221,Staff Block,ADMIN,1994,724,2,FAIR,2024-11-16
4863,1221,Senior Toilets,TOILET_BLOCK,2001,611,1,GOOD,2021-03-29
4864,1221,Maintenance Shed,STORAGE,2012,21,1,POOR,2021-12-17
4865,1222,Block A,CLASSROOM,2007,307,2,POOR,2024-11-10
4866,1222,Administration Building,ADMIN,2005,279,1,GOOD,2023-08-06
4867,1222,Staff Facilities,TOILET_BLOCK,2003,66,1,FAIR,2020-07-19
4868,1222,Resource Centre,LIBRARY,2007,111,1,GOOD,2024-06-19
4869,1222,Wood Workshop,WORKSHOP,1963,313,1,POOR,2020-03-21
4870,1222,School Hall,HALL,1968,613,1,POOR,2021-10-21
4871,1222,Main Gymnasium,GYM,1992,140,2,POOR,2020-03-01
4872,1223,Block C,CLASSROOM,1978,646,1,GOOD,2021-12-22
4873,1223,Main Office,ADMIN,1966,343,2,FAIR,2024-01-31
4874,1223,Staff Facilities,TOILET_BLOCK,1965,169,1,POOR,2022-08-27
4875,1223,Technology Workshop,WORKSHOP,2015,177,1,POOR,2023-07-20
4876,1223,Assembly Hall,HALL,2012,557,1,FAIR,2023-11-08
4877,1223,Equipment Store,STORAGE,1950,64,1,GOOD,2023-05-21
4878,1223,Sports Hall,GYM,1961,87,1,POOR,2022-12-31
4879,1223,Cricket Pavilion,SPORTS_PAVILION,1991,413,1,CRITICAL,2024-08-15
4880,1224,Block A,CLASSROOM,1966,131,1,GOOD,2022-12-27
4881,1224,Staff Block,ADMIN,1960,466,2,GOOD,2020-09-22
4882,1224,Staff Facilities,TOILET_BLOCK,1975,362,1,FAIR,2022-03-19
4883,1224,Technology Workshop,WORKSHOP,1956,50,1,FAIR,2024-01-11
4884,1224,Main Gymnasium,GYM,1955,661,1,FAIR,2024-05-01
4885,1224,Assembly Hall,HALL,2012,459,1,FAIR,2022-08-09
4886,1224,Changing Rooms,SPORTS_PAVILION,2009,783,1,POOR,2022-01-13
4887,1224,Equipment Store,STORAGE,1984,76,1,FAIR,2022-04-02
4888,1224,Learning Centre,LIBRARY,1995,51,1,CRITICAL,2023-02-25
4889,1224,Arts Block,CLASSROOM,2011,260,1,POOR,2022-10-02
4890,1224,Junior Block,CLASSROOM,2017,682,2,GOOD,2023-11-06
4891,1225,Block E,CLASSROOM,1992,513,2,GOOD,2021-06-24
4892,1225,Staff Block,ADMIN,1966,237,2,FAIR,2021-10-29
4893,1225,Staff Facilities,TOILET_BLOCK,1993,436,1,POOR,2022-11-12
4894,1225,Sports Pavilion,SPORTS_PAVILION,2014,119,1,GOOD,2021-08-20
4895,1225,Main Gymnasium,GYM,1991,673,1,POOR,2023-04-08
4896,1225,Resource Centre,LIBRARY,2002,305,2,CRITICAL,2024-02-20
4897,1225,Sports Store,STORAGE,1995,40,1,GOOD,2021-09-01
4898,1225,School Hall,HALL,1976,628,2,GOOD,2022-10-07
4899,1225,Wood Workshop,WORKSHOP,2002,145,1,GOOD,2021-03-03
4900,1225,Technology Block,CLASSROOM,1981,482,1,GOOD,2021-05-25
4901,1225,Technology Block,CLASSROOM,1991,726,1,GOOD,2024-01-07
4902,1226,Block A,CLASSROOM,1974,576,1,GOOD,2022-04-07
4903,1226,Main Office,ADMIN,1951,658,1,CRITICAL,2022-04-24
4904,1226,Junior Toilets,TOILET_BLOCK,1977,474,1,FAIR,2023-06-12
4905,1226,Fitness Centre,GYM,2005,666,2,FAIR,2024-10-19
4906,1226,Grounds Shed,STORAGE,2001,95,1,POOR,2024-01-19
4907,1226,Performing Arts Centre,HALL,2006,167,1,FAIR,2020-01-07
4908,1226,Sports Pavilion,SPORTS_PAVILION,2003,665,1,GOOD,2020-05-11
4909,1227,Block D,CLASSROOM,1977,498,1,GOOD,2022-09-06
4910,1227,Staff Block,ADMIN,1982,779,2,FAIR,2024-02-16
4911,1227,Junior Toilets,TOILET_BLOCK,1986,584,1,GOOD,2020-04-27
4912,1227,Sports Hall,GYM,1989,401,1,GOOD,2022-05-25
4913,1227,Changing Rooms,SPORTS_PAVILION,1969,106,1,FAIR,2020-04-01
4914,1227,Grounds Shed,STORAGE,1995,26,1,GOOD,2023-03-23
4915,1227,Resource Centre,LIBRARY,1958,379,2,FAIR,2022-02-22
4916,1227,Performing Arts Centre,HALL,1965,203,1,GOOD,2020-08-04
4917,1228,Block A,CLASSROOM,1979,103,1,GOOD,2023-05-04
4918,1228,Administration Building,ADMIN,1998,738,1,GOOD,2023-02-24
4919,1228,Junior Toilets,TOILET_BLOCK,1969,787,1,GOOD,2023-10-21
4920,1228,Cricket Pavilion,SPORTS_PAVILION,1958,677,1,GOOD,2024-10-22
4921,1228,Metal Workshop,WORKSHOP,1996,247,2,FAIR,2023-06-08
4922,1229,Technology Block,CLASSROOM,2004,349,2,GOOD,2023-05-31
4923,1229,Staff Block,ADMIN,1985,699,1,GOOD,2024-02-14
4924,1229,Sports Amenities,TOILET_BLOCK,2000,216,1,POOR,2023-06-21
4925,1229,Cricket Pavilion,SPORTS_PAVILION,1969,93,1,FAIR,2023-11-16
4926,1230,Block C,CLASSROOM,2000,497,2,GOOD,2020-06-20
4927,1230,Administration Building,ADMIN,2003,322,1,GOOD,2024-01-07
4928,1230,Staff Facilities,TOILET_BLOCK,1996,788,1,POOR,2024-11-12
4929,1230,Changing Rooms,SPORTS_PAVILION,1998,458,1,GOOD,2023-11-27
4930,1231,Science Block,CLASSROOM,2015,261,2,FAIR,2020-07-10
4931,1231,Staff Block,ADMIN,1985,130,2,FAIR,2020-11-09
4932,1231,Sports Amenities,TOILET_BLOCK,1991,430,1,POOR,2021-01-13
4933,1231,Performing Arts Centre,HALL,2020,249,2,POOR,2021-07-10
4934,1231,School Library,LIBRARY,1966,111,2,GOOD,2024-01-09
4935,1232,Technology Block,CLASSROOM,1970,560,1,POOR,2024-11-21
4936,1232,Staff Block,ADMIN,1996,490,2,POOR,2024-11-01
4937,1232,Staff Facilities,TOILET_BLOCK,2013,352,1,POOR,2022-07-05
4938,1232,Performing Arts Centre,HALL,1965,409,2,FAIR,2020-09-04
4939,1232,Cricket Pavilion,SPORTS_PAVILION,2004,708,1,FAIR,2021-11-03
4940,1232,School Library,LIBRARY,1988,469,1,FAIR,2023-09-15
4941,1232,Grounds Shed,STORAGE,1960,82,1,GOOD,2021-08-03
4942,1232,Fitness Centre,GYM,2005,279,2,POOR,2024-09-23
4943,1232,Technology Workshop,WORKSHOP,1967,128,2,FAIR,2022-09-19
4944,1232,Junior Block,CLASSROOM,1953,732,1,FAIR,2024-07-11
4945,1232,Science Block,CLASSROOM,2021,277,1,GOOD,2023-12-18
4946,1233,Block E,CLASSROOM,1975,486,2,GOOD,2024-11-28
4947,1233,Staff Block,ADMIN,1953,622,2,POOR,2022-10-20
4948,1233,Sports Amenities,TOILET_BLOCK,2019,195,1,FAIR,2020-03-03
4949,1233,Sports Hall,GYM,1967,761,1,FAIR,2024-05-31
4950,1233,Resource Centre,LIBRARY,1996,680,1,POOR,2023-06-23
4951,1233,Technology Workshop,WORKSHOP,1993,263,1,GOOD,2020-06-16
4952,1233,Sports Pavilion,SPORTS_PAVILION,2015,586,1,GOOD,2022-02-14
4953,1233,School Hall,HALL,1952,242,1,GOOD,2022-10-17
4954,1234,Arts Block,CLASSROOM,1990,220,2,FAIR,2022-07-11
4955,1234,Staff Block,ADMIN,1997,478,1,GOOD,2022-09-13
4956,1234,Sports Amenities,TOILET_BLOCK,1950,764,1,FAIR,2021-07-18
4957,1234,Sports Hall,GYM,2012,71,1,GOOD,2020-03-25
4958,1234,Grounds Shed,STORAGE,2003,80,1,GOOD,2021-02-13
4959,1234,Sports Pavilion,SPORTS_PAVILION,1950,660,1,FAIR,2020-02-11
4960,1234,Technology Workshop,WORKSHOP,1989,156,2,FAIR,2021-10-12
4961,1235,Block E,CLASSROOM,2010,256,1,GOOD,2020-09-02
4962,1235,Staff Block,ADMIN,2012,366,2,GOOD,2022-07-17
4963,1235,Junior Toilets,TOILET_BLOCK,2011,259,1,GOOD,2020-08-15
4964,1235,Sports Hall,GYM,1963,349,1,FAIR,2024-05-06
4965,1235,School Hall,HALL,2016,379,2,POOR,2023-06-06
4966,1235,Changing Rooms,SPORTS_PAVILION,2004,283,1,GOOD,2022-10-29
4967,1235,Equipment Store,STORAGE,1967,70,1,FAIR,2024-11-30
4968,1235,Technology Workshop,WORKSHOP,1996,665,1,FAIR,2023-11-10
4969,1235,School Library,LIBRARY,1981,325,1,FAIR,2024-04-29
4970,1235,Block B,CLASSROOM,2003,503,2,GOOD,2021-07-11
4971,1236,Block A,CLASSROOM,1976,202,2,GOOD,2020-02-16
4972,1236,Staff Block,ADMIN,1961,50,1,CRITICAL,2021-01-25
4973,1236,Junior Toilets,TOILET_BLOCK,2003,677,1,FAIR,2023-03-06
4974,1236,Assembly Hall,HALL,1979,238,2,GOOD,2022-01-03
4975,1236,Changing Rooms,SPORTS_PAVILION,2018,754,1,POOR,2022-10-16
4976,1237,Block E,CLASSROOM,1984,638,1,POOR,2020-04-07
4977,1237,Staff Block,ADMIN,2009,345,1,GOOD,2024-05-30
4978,1237,Staff Facilities,TOILET_BLOCK,1986,199,1,CRITICAL,2020-01-27
4979,1237,Main Gymnasium,GYM,1975,222,2,POOR,2020-03-16
4980,1237,Equipment Store,STORAGE,1992,73,1,CRITICAL,2024-03-07
4981,1237,School Library,LIBRARY,1994,629,1,GOOD,2024-11-09
4982,1237,Food Technology,WORKSHOP,1958,233,1,POOR,2024-05-27
4983,1237,Changing Rooms,SPORTS_PAVILION,1995,268,1,CRITICAL,2022-12-23
4984,1237,School Hall,HALL,2005,180,2,FAIR,2023-09-20
4985,1237,Block E,CLASSROOM,1954,341,2,FAIR,2024-08-30
4986,1237,Block C,CLASSROOM,2006,499,1,POOR,2020-05-26
4987,1238,Science Block,CLASSROOM,1998,564,1,GOOD,2020-05-30
4988,1238,Administration Building,ADMIN,1971,277,1,FAIR,2020-08-23
4989,1238,Junior Toilets,TOILET_BLOCK,1983,555,1,FAIR,2022-01-11
4990,1238,Learning Centre,LIBRARY,1980,67,1,POOR,2021-07-09
4991,1238,Metal Workshop,WORKSHOP,2000,541,1,POOR,2024-07-31
4992,1238,Performing Arts Centre,HALL,1989,171,2,POOR,2023-09-20
4993,1239,Block A,CLASSROOM,1981,51,2,GOOD,2022-11-30
4994,1239,Staff Block,ADMIN,1952,407,2,GOOD,2021-06-19
4995,1239,Senior Toilets,TOILET_BLOCK,2012,317,1,POOR,2024-04-08
4996,1239,Fitness Centre,GYM,2016,466,2,FAIR,2021-12-14
4997,1239,School Library,LIBRARY,2013,650,2,GOOD,2023-02-14
4998,1239,Sports Store,STORAGE,2021,40,1,POOR,2021-09-01
4999,1239,Wood Workshop,WORKSHOP,1993,249,1,POOR,2021-09-05
5000,1239,Changing Rooms,SPORTS_PAVILION,1991,531,1,FAIR,2020-10-17
5001,1240,Block B,CLASSROOM,1981,468,2,GOOD,2021-04-18
5002,1240,Administration Building,ADMIN,2019,162,2,POOR,2022-01-16
5003,1240,Junior Toilets,TOILET_BLOCK,1994,596,1,GOOD,2023-01-16
5004,1240,Sports Pavilion,SPORTS_PAVILION,1982,720,1,GOOD,2022-08-03
5005,1240,Food Technology,WORKSHOP,2013,581,1,GOOD,2021-06-25
5006,1240,Performing Arts Centre,HALL,2009,126,1,GOOD,2021-11-17
5007,1240,School Library,LIBRARY,2003,775,1,CRITICAL,2021-03-13
5008,1240,Equipment Store,STORAGE,1999,27,1,GOOD,2021-06-24
5009,1240,Main Gymnasium,GYM,2006,554,1,GOOD,2023-04-03
5010,1241,Block C,CLASSROOM,1986,60,1,FAIR,2023-02-16
5011,1241,Staff Block,ADMIN,2018,111,2,POOR,2024-11-25
5012,1241,Staff Facilities,TOILET_BLOCK,1973,637,1,FAIR,2024-04-16
5013,1241,Resource Centre,LIBRARY,1998,460,1,POOR,2023-12-09
5014,1241,Sports Pavilion,SPORTS_PAVILION,1972,652,1,GOOD,2023-12-30
5015,1242,Technology Block,CLASSROOM,1997,737,1,FAIR,2020-05-10
5016,1242,Staff Block,ADMIN,2021,131,2,FAIR,2024-02-06
5017,1242,Staff Facilities,TOILET_BLOCK,1966,503,1,GOOD,2024-08-14
5018,1242,School Hall,HALL,1956,299,2,FAIR,2021-08-31
5019,1242,Grounds Shed,STORAGE,2012,82,1,GOOD,2021-03-05
5020,1242,Resource Centre,LIBRARY,1950,546,1,CRITICAL,2023-04-16
5021,1242,Metal Workshop,WORKSHOP,2010,196,2,GOOD,2024-10-04
5022,1242,Sports Pavilion,SPORTS_PAVILION,1985,658,1,POOR,2023-12-19
5023,1242,Main Gymnasium,GYM,1963,503,2,FAIR,2020-08-17
5024,1243,Technology Block,CLASSROOM,1962,469,1,POOR,2023-07-29
5025,1243,Staff Block,ADMIN,2012,311,2,GOOD,2020-08-26
5026,1243,Junior Toilets,TOILET_BLOCK,1976,480,1,GOOD,2022-01-02
5027,1243,Resource Centre,LIBRARY,1964,602,2,GOOD,2022-10-10
5028,1243,Performing Arts Centre,HALL,2013,389,2,FAIR,2023-07-05
5029,1244,Junior Block,CLASSROOM,1962,182,1,GOOD,2022-04-01
5030,1244,Administration Building,ADMIN,2018,718,1,GOOD,2023-12-18
5031,1244,Senior Toilets,TOILET_BLOCK,1954,580,1,GOOD,2023-11-10
5032,1244,Technology Workshop,WORKSHOP,1984,158,1,FAIR,2020-06-08
5033,1244,Maintenance Shed,STORAGE,1983,33,1,CRITICAL,2022-12-06
5034,1244,Changing Rooms,SPORTS_PAVILION,2006,789,1,POOR,2024-03-12
5035,1244,Fitness Centre,GYM,1968,495,2,GOOD,2024-04-10
5036,1245,Science Block,CLASSROOM,1978,521,1,GOOD,2020-04-17
5037,1245,Administration Building,ADMIN,1965,292,1,GOOD,2022-12-23
5038,1245,Senior Toilets,TOILET_BLOCK,1986,272,1,FAIR,2022-11-27
5039,1246,Junior Block,CLASSROOM,1982,315,1,CRITICAL,2024-08-20
5040,1246,Administration Building,ADMIN,1988,265,2,POOR,2022-09-25
5041,1246,Senior Toilets,TOILET_BLOCK,1983,477,1,FAIR,2021-03-23
5042,1246,Main Gymnasium,GYM,1985,666,1,CRITICAL,2021-08-26
5043,1246,Resource Centre,LIBRARY,1980,471,2,FAIR,2020-05-02
5044,1247,Block B,CLASSROOM,1986,664,1,GOOD,2022-06-01
5045,1247,Staff Block,ADMIN,1973,330,1,POOR,2020-11-15
5046,1247,Senior Toilets,TOILET_BLOCK,1966,233,1,FAIR,2024-08-27
5047,1247,Sports Store,STORAGE,1998,77,1,POOR,2021-08-09
5048,1247,Technology Workshop,WORKSHOP,1985,51,1,FAIR,2020-04-01
5049,1247,Learning Centre,LIBRARY,2018,267,1,POOR,2024-08-02
5050,1247,Performing Arts Centre,HALL,1987,783,1,GOOD,2022-04-27
5051,1248,Block C,CLASSROOM,1969,374,1,GOOD,2020-10-05
5052,1248,Administration Building,ADMIN,1975,76,2,POOR,2023-04-23
5053,1248,Staff Facilities,TOILET_BLOCK,1972,195,1,GOOD,2022-02-11
5054,1248,Technology Workshop,WORKSHOP,1980,739,1,FAIR,2020-12-24
5055,1248,Performing Arts Centre,HALL,1961,429,2,FAIR,2023-04-30
5056,1248,Sports Pavilion,SPORTS_PAVILION,1961,279,1,GOOD,2021-09-15
5057,1248,Main Gymnasium,GYM,1982,592,2,FAIR,2024-06-04
5058,1248,Grounds Shed,STORAGE,1984,36,1,GOOD,2022-05-23
5059,1248,Resource Centre,LIBRARY,1989,277,2,GOOD,2023-08-09
5060,1249,Arts Block,CLASSROOM,2022,214,2,GOOD,2023-08-01
5061,1249,Staff Block,ADMIN,1994,384,2,FAIR,2020-10-02
5062,1249,Senior Toilets,TOILET_BLOCK,1986,171,1,POOR,2022-05-03
5063,1249,Sports Pavilion,SPORTS_PAVILION,1971,209,1,FAIR,2024-09-12
5064,1249,Main Gymnasium,GYM,1957,406,2,GOOD,2022-02-02
5065,1251,Science Block,CLASSROOM,1979,259,1,GOOD,2023-04-18
5066,1251,Main Office,ADMIN,1955,514,2,GOOD,2023-12-01
5067,1251,Staff Facilities,TOILET_BLOCK,1998,527,1,GOOD,2024-01-03
5068,1251,Grounds Shed,STORAGE,1957,69,1,FAIR,2021-03-18
5069,1251,Performing Arts Centre,HALL,2011,297,2,GOOD,2024-02-15
5070,1251,Sports Pavilion,SPORTS_PAVILION,1950,175,1,GOOD,2023-01-03
5071,1251,Metal Workshop,WORKSHOP,1959,527,1,POOR,2022-05-11
5072,1251,Fitness Centre,GYM,1964,771,1,FAIR,2021-06-29
5073,1252,Junior Block,CLASSROOM,2008,544,1,GOOD,2021-07-27
5074,1252,Administration Building,ADMIN,2003,459,2,GOOD,2022-12-14
5075,1252,Senior Toilets,TOILET_BLOCK,1984,767,1,FAIR,2020-12-19
5076,1252,Sports Store,STORAGE,2020,71,1,CRITICAL,2024-06-10
5077,1252,School Hall,HALL,1971,260,2,POOR,2021-11-09
5078,1252,Sports Pavilion,SPORTS_PAVILION,1958,583,1,GOOD,2021-01-07
5079,1252,School Library,LIBRARY,1996,388,2,GOOD,2020-01-29
5080,1253,Block E,CLASSROOM,1962,531,1,GOOD,2020-08-05
5081,1253,Administration Building,ADMIN,2001,314,2,POOR,2023-10-04
5082,1253,Staff Facilities,TOILET_BLOCK,2011,476,1,POOR,2023-10-17
5083,1253,School Hall,HALL,1978,721,1,GOOD,2021-10-31
5084,1253,Learning Centre,LIBRARY,2006,217,1,GOOD,2021-10-13
5085,1253,Technology Workshop,WORKSHOP,1993,434,1,GOOD,2023-02-04
5086,1253,Sports Pavilion,SPORTS_PAVILION,1961,691,1,GOOD,2021-06-28
5087,1253,Sports Hall,GYM,1957,750,1,POOR,2022-02-06
5088,1253,Sports Store,STORAGE,1954,43,1,GOOD,2022-01-15
5089,1254,Technology Block,CLASSROOM,2016,679,2,FAIR,2020-05-26
5090,1254,Administration Building,ADMIN,1977,542,1,GOOD,2024-08-11
5091,1254,Junior Toilets,TOILET_BLOCK,2011,199,1,FAIR,2020-11-20
5092,1254,Assembly Hall,HALL,1963,348,2,GOOD,2021-04-03
5093,1254,Sports Pavilion,SPORTS_PAVILION,1980,500,1,FAIR,2024-07-23
5094,1255,Block E,CLASSROOM,2002,340,2,FAIR,2024-10-07
5095,1255,Staff Block,ADMIN,1956,113,2,GOOD,2022-12-02
5096,1255,Senior Toilets,TOILET_BLOCK,1957,333,1,POOR,2024-04-05
5097,1255,Food Technology,WORKSHOP,1957,743,2,GOOD,2020-11-03
5098,1255,Sports Pavilion,SPORTS_PAVILION,2010,778,1,FAIR,2021-06-02
5099,1255,School Library,LIBRARY,2021,295,1,GOOD,2023-08-27
5100,1255,Maintenance Shed,STORAGE,2003,71,1,POOR,2024-12-04
5101,1255,School Hall,HALL,2007,277,1,POOR,2023-12-20
5102,1255,Fitness Centre,GYM,2018,268,1,FAIR,2023-08-29
5103,1255,Block D,CLASSROOM,1967,251,2,CRITICAL,2024-11-28
5104,1255,Block A,CLASSROOM,1988,150,2,GOOD,2023-05-20
5105,1256,Block D,CLASSROOM,1987,686,2,GOOD,2020-11-26
5106,1256,Main Office,ADMIN,2002,581,2,POOR,2024-06-19
5107,1256,Senior Toilets,TOILET_BLOCK,1972,92,1,FAIR,2023-03-31
5108,1256,Changing Rooms,SPORTS_PAVILION,1993,778,1,POOR,2023-12-25
5109,1256,Learning Centre,LIBRARY,2013,697,1,POOR,2021-01-20
5110,1256,Sports Hall,GYM,1991,254,1,FAIR,2020-11-11
5111,1256,Performing Arts Centre,HALL,1978,230,1,FAIR,2020-07-02
5112,1256,Food Technology,WORKSHOP,2019,273,2,GOOD,2022-09-04
5113,1256,Sports Store,STORAGE,2005,29,1,GOOD,2021-05-16
5114,1256,Block A,CLASSROOM,1964,415,1,GOOD,2021-08-01
5115,1256,Technology Block,CLASSROOM,1972,619,2,GOOD,2020-11-05
5116,1257,Block E,CLASSROOM,2010,152,2,FAIR,2023-01-08
5117,1257,Administration Building,ADMIN,1994,267,2,GOOD,2021-07-29
5118,1257,Staff Facilities,TOILET_BLOCK,2019,309,1,FAIR,2021-01-10
5119,1257,Sports Hall,GYM,2022,421,2,GOOD,2024-06-12
5120,1257,Performing Arts Centre,HALL,1984,302,1,FAIR,2020-03-27
5121,1257,Wood Workshop,WORKSHOP,1967,292,2,GOOD,2020-01-10
5122,1257,Resource Centre,LIBRARY,1955,77,1,GOOD,2024-07-30
5123,1257,Changing Rooms,SPORTS_PAVILION,2018,572,1,POOR,2020-05-12
5124,1258,Junior Block,CLASSROOM,2019,523,2,CRITICAL,2024-10-08
5125,1258,Administration Building,ADMIN,1987,105,1,GOOD,2022-01-08
5126,1258,Staff Facilities,TOILET_BLOCK,2021,786,1,FAIR,2022-02-15
5127,1258,School Library,LIBRARY,1952,314,2,CRITICAL,2021-11-24
5128,1258,Sports Hall,GYM,2000,786,1,GOOD,2020-08-01
5129,1258,Cricket Pavilion,SPORTS_PAVILION,1997,539,1,FAIR,2023-07-18
5130,1258,Technology Workshop,WORKSHOP,1952,301,2,POOR,2024-06-13
5131,1258,Assembly Hall,HALL,1991,137,1,CRITICAL,2022-03-22
5132,1259,Science Block,CLASSROOM,2013,545,2,GOOD,2020-03-02
5133,1259,Staff Block,ADMIN,2003,766,2,FAIR,2021-02-08
5134,1259,Staff Facilities,TOILET_BLOCK,1998,389,1,FAIR,2020-01-08
5135,1259,Changing Rooms,SPORTS_PAVILION,1966,129,1,POOR,2024-06-10
5136,1259,School Hall,HALL,2016,218,2,GOOD,2023-07-15
5137,1259,Sports Hall,GYM,1961,581,2,FAIR,2021-08-04
5138,1259,Technology Workshop,WORKSHOP,1974,780,1,FAIR,2023-04-30
5139,1260,Science Block,CLASSROOM,1997,395,2,FAIR,2020-11-17
5140,1260,Main Office,ADMIN,1982,88,2,GOOD,2023-04-15
5141,1260,Staff Facilities,TOILET_BLOCK,2012,414,1,FAIR,2024-01-02
5142,1260,Food Technology,WORKSHOP,2011,230,2,GOOD,2024-06-08
5143,1260,Resource Centre,LIBRARY,1965,796,2,GOOD,2020-03-14
5144,1260,Performing Arts Centre,HALL,1993,434,1,FAIR,2020-04-24
5145,1260,Sports Store,STORAGE,1966,83,1,GOOD,2022-02-21
5146,1261,Block C,CLASSROOM,1951,52,1,FAIR,2022-03-24
5147,1261,Main Office,ADMIN,1968,585,1,POOR,2023-01-06
5148,1261,Senior Toilets,TOILET_BLOCK,2012,228,1,GOOD,2021-03-10
5149,1261,Assembly Hall,HALL,2012,621,1,GOOD,2020-08-02
5150,1261,Cricket Pavilion,SPORTS_PAVILION,2022,569,1,GOOD,2024-03-20
5151,1261,Equipment Store,STORAGE,2020,60,1,POOR,2022-01-20
5152,1262,Technology Block,CLASSROOM,1976,775,1,GOOD,2020-01-06
5153,1262,Staff Block,ADMIN,1974,126,2,GOOD,2024-09-20
5154,1262,Sports Amenities,TOILET_BLOCK,1976,677,1,POOR,2022-12-27
5155,1262,Changing Rooms,SPORTS_PAVILION,1960,592,1,FAIR,2020-09-10
5156,1262,Assembly Hall,HALL,1971,721,2,POOR,2023-07-16
5157,1262,Technology Workshop,WORKSHOP,1970,683,1,POOR,2020-03-08
5158,1263,Block A,CLASSROOM,2002,52,2,FAIR,2020-02-07
5159,1263,Main Office,ADMIN,1995,383,1,FAIR,2023-07-02
5160,1263,Senior Toilets,TOILET_BLOCK,1975,81,1,GOOD,2022-02-20
5161,1263,Performing Arts Centre,HALL,2007,309,1,GOOD,2021-08-07
5162,1263,Food Technology,WORKSHOP,2022,273,1,FAIR,2023-03-04
5163,1263,Main Gymnasium,GYM,2001,99,1,FAIR,2023-07-14
5164,1263,Cricket Pavilion,SPORTS_PAVILION,1999,77,1,CRITICAL,2021-02-19
5165,1264,Science Block,CLASSROOM,2020,796,1,FAIR,2023-12-04
5166,1264,Main Office,ADMIN,1966,616,1,FAIR,2023-09-07
5167,1264,Junior Toilets,TOILET_BLOCK,1951,50,1,GOOD,2020-11-11
5168,1264,Technology Workshop,WORKSHOP,2011,690,1,GOOD,2020-02-26
5169,1265,Junior Block,CLASSROOM,2022,406,2,FAIR,2023-05-22
5170,1265,Staff Block,ADMIN,1950,713,2,GOOD,2022-11-15
5171,1265,Senior Toilets,TOILET_BLOCK,2011,354,1,FAIR,2020-03-29
5172,1265,School Hall,HALL,1965,330,1,FAIR,2020-04-24
5173,1265,Sports Pavilion,SPORTS_PAVILION,1960,796,1,GOOD,2024-03-20
5174,1265,Sports Hall,GYM,2020,216,2,POOR,2024-04-15
5175,1265,Maintenance Shed,STORAGE,1954,39,1,FAIR,2022-01-03
5176,1265,Technology Workshop,WORKSHOP,1990,125,1,FAIR,2021-10-21
5177,1265,Learning Centre,LIBRARY,2010,185,1,FAIR,2020-02-08
5178,1266,Technology Block,CLASSROOM,1992,621,1,GOOD,2022-10-01
5179,1266,Administration Building,ADMIN,2010,476,1,GOOD,2024-01-11
5180,1266,Sports Amenities,TOILET_BLOCK,2003,315,1,FAIR,2023-02-16
5181,1266,Learning Centre,LIBRARY,1953,743,2,FAIR,2021-03-05
5182,1266,Sports Hall,GYM,1970,696,2,FAIR,2024-03-02
5183,1267,Technology Block,CLASSROOM,2007,143,1,GOOD,2023-10-01
5184,1267,Main Office,ADMIN,2013,322,1,GOOD,2020-03-08
5185,1267,Senior Toilets,TOILET_BLOCK,1951,617,1,FAIR,2021-08-27
5186,1268,Arts Block,CLASSROOM,1956,544,1,FAIR,2022-01-21
5187,1268,Staff Block,ADMIN,2016,780,2,POOR,2021-02-23
5188,1268,Senior Toilets,TOILET_BLOCK,1974,608,1,GOOD,2023-12-08
5189,1268,Fitness Centre,GYM,1993,711,2,GOOD,2024-06-08
5190,1268,Grounds Shed,STORAGE,2010,93,1,FAIR,2020-07-16
5191,1268,Changing Rooms,SPORTS_PAVILION,1999,95,1,GOOD,2022-05-21
5192,1268,Resource Centre,LIBRARY,1999,578,2,FAIR,2022-05-23
5193,1268,School Hall,HALL,1965,579,2,GOOD,2021-12-26
5194,1268,Metal Workshop,WORKSHOP,1989,797,2,GOOD,2020-10-30
5195,1268,Block B,CLASSROOM,1955,733,1,FAIR,2024-04-03
5196,1268,Arts Block,CLASSROOM,2007,160,2,FAIR,2023-02-27
5197,1269,Block D,CLASSROOM,2000,665,1,POOR,2020-08-04
5198,1269,Staff Block,ADMIN,1954,351,2,FAIR,2024-11-12
5199,1269,Senior Toilets,TOILET_BLOCK,2010,544,1,GOOD,2024-08-24
5200,1269,Wood Workshop,WORKSHOP,2006,640,1,POOR,2024-01-21
5201,1269,Changing Rooms,SPORTS_PAVILION,1998,671,1,POOR,2022-05-28
5202,1270,Senior Block,CLASSROOM,1966,234,2,FAIR,2023-01-12
5203,1270,Main Office,ADMIN,2022,516,2,FAIR,2024-01-10
5204,1270,Sports Amenities,TOILET_BLOCK,2002,173,1,GOOD,2023-12-14
5205,1270,Sports Pavilion,SPORTS_PAVILION,1964,595,1,GOOD,2020-06-09
5206,1270,School Library,LIBRARY,1955,452,2,FAIR,2020-04-23
5207,1270,Performing Arts Centre,HALL,1985,551,2,GOOD,2021-04-30
5208,1270,Equipment Store,STORAGE,1997,20,1,GOOD,2023-01-12
5209,1270,Food Technology,WORKSHOP,1984,383,1,POOR,2020-12-23
5210,1270,Main Gymnasium,GYM,2007,173,1,GOOD,2021-07-23
5211,1270,Technology Block,CLASSROOM,2016,569,1,GOOD,2024-08-28
5212,1270,Block D,CLASSROOM,2006,116,1,GOOD,2022-03-05
5213,1271,Block C,CLASSROOM,1973,197,1,GOOD,2020-10-04
5214,1271,Staff Block,ADMIN,1951,96,1,FAIR,2022-08-22
5215,1271,Staff Facilities,TOILET_BLOCK,1954,308,1,GOOD,2023-02-14
5216,1271,Maintenance Shed,STORAGE,2010,81,1,POOR,2023-12-06
5217,1271,Learning Centre,LIBRARY,1979,321,2,FAIR,2022-06-23
5218,1271,Sports Hall,GYM,1982,110,2,GOOD,2020-04-30
5219,1271,Sports Pavilion,SPORTS_PAVILION,1971,710,1,CRITICAL,2024-07-27
5220,1271,Assembly Hall,HALL,1960,310,2,FAIR,2023-03-20
5221,1272,Arts Block,CLASSROOM,1993,211,2,GOOD,2020-02-28
5222,1272,Main Office,ADMIN,1985,476,1,POOR,2024-01-27
5223,1272,Senior Toilets,TOILET_BLOCK,2018,716,1,FAIR,2020-03-05
5224,1272,Learning Centre,LIBRARY,1965,170,2,POOR,2021-05-02
5225,1272,Sports Pavilion,SPORTS_PAVILION,2006,631,1,POOR,2022-03-16
5226,1272,School Hall,HALL,2009,187,1,FAIR,2022-11-16
5227,1272,Maintenance Shed,STORAGE,1978,84,1,GOOD,2022-03-19
5228,1272,Main Gymnasium,GYM,1997,359,1,GOOD,2021-03-28
5229,1272,Technology Workshop,WORKSHOP,1995,757,2,GOOD,2024-10-17
5230,1272,Junior Block,CLASSROOM,2004,96,2,POOR,2021-11-20
5231,1273,Arts Block,CLASSROOM,1967,234,1,POOR,2020-05-04
5232,1273,Staff Block,ADMIN,1985,285,1,GOOD,2020-04-13
5233,1273,Junior Toilets,TOILET_BLOCK,2014,118,1,GOOD,2022-09-14
5234,1273,Resource Centre,LIBRARY,1958,261,2,GOOD,2024-01-10
5235,1273,Performing Arts Centre,HALL,1973,468,2,GOOD,2022-04-27
5236,1273,Main Gymnasium,GYM,1994,669,1,GOOD,2020-08-06
5237,1273,Sports Pavilion,SPORTS_PAVILION,2020,238,1,FAIR,2021-12-29
5238,1273,Grounds Shed,STORAGE,1959,32,1,FAIR,2021-01-31
5239,1274,Junior Block,CLASSROOM,2010,394,2,FAIR,2023-01-20
5240,1274,Staff Block,ADMIN,1959,361,2,FAIR,2023-08-28
5241,1274,Sports Amenities,TOILET_BLOCK,1968,766,1,GOOD,2024-03-30
5242,1274,Learning Centre,LIBRARY,1970,444,2,POOR,2022-08-29
5243,1274,Metal Workshop,WORKSHOP,1960,474,2,POOR,2022-12-17
5244,1274,Performing Arts Centre,HALL,1998,57,1,GOOD,2024-10-16
5245,1274,Cricket Pavilion,SPORTS_PAVILION,1989,495,1,FAIR,2021-03-19
5246,1275,Arts Block,CLASSROOM,1999,271,1,GOOD,2021-02-02
5247,1275,Administration Building,ADMIN,1996,394,1,GOOD,2024-08-21
5248,1275,Sports Amenities,TOILET_BLOCK,2000,147,1,POOR,2024-01-27
5249,1275,Metal Workshop,WORKSHOP,1971,90,2,FAIR,2024-03-10
5250,1275,Sports Pavilion,SPORTS_PAVILION,1971,633,1,GOOD,2024-02-29
5251,1275,Resource Centre,LIBRARY,1968,537,2,POOR,2023-12-09
5252,1275,Assembly Hall,HALL,1995,433,1,GOOD,2024-03-14
5253,1275,Maintenance Shed,STORAGE,1993,70,1,POOR,2023-05-11
5254,1275,Sports Hall,GYM,1956,428,2,POOR,2024-04-01
5255,1275,Block A,CLASSROOM,1977,385,1,POOR,2023-02-06
5256,1276,Block B,CLASSROOM,1965,167,2,GOOD,2021-04-07
5257,1276,Staff Block,ADMIN,1998,405,2,GOOD,2020-05-07
5258,1276,Senior Toilets,TOILET_BLOCK,1961,122,1,POOR,2023-06-02
5259,1276,School Library,LIBRARY,2005,133,2,POOR,2020-05-01
5260,1276,Fitness Centre,GYM,1984,476,2,FAIR,2023-07-09
5261,1276,Grounds Shed,STORAGE,1955,77,1,FAIR,2023-06-24
5262,1276,Cricket Pavilion,SPORTS_PAVILION,1966,743,1,GOOD,2024-09-13
5263,1276,School Hall,HALL,2003,77,2,GOOD,2022-06-30
5264,1277,Block B,CLASSROOM,1999,676,1,GOOD,2023-09-11
5265,1277,Administration Building,ADMIN,2014,333,2,POOR,2023-12-16
5266,1277,Staff Facilities,TOILET_BLOCK,2021,463,1,FAIR,2021-01-06
5267,1277,Food Technology,WORKSHOP,1992,354,1,FAIR,2021-10-26
5268,1277,Grounds Shed,STORAGE,1951,95,1,GOOD,2020-09-04
5269,1277,Performing Arts Centre,HALL,2011,722,2,GOOD,2023-08-17
5270,1277,Learning Centre,LIBRARY,1969,615,2,GOOD,2021-04-20
5271,1277,Cricket Pavilion,SPORTS_PAVILION,1950,783,1,POOR,2022-10-16
5272,1278,Junior Block,CLASSROOM,1964,693,1,FAIR,2024-05-17
5273,1278,Administration Building,ADMIN,2015,697,1,GOOD,2021-05-25
5274,1278,Staff Facilities,TOILET_BLOCK,2020,474,1,FAIR,2024-10-02
5275,1278,Changing Rooms,SPORTS_PAVILION,2017,693,1,FAIR,2020-10-18
5276,1278,Performing Arts Centre,HALL,1964,664,1,POOR,2021-09-12
5277,1278,Maintenance Shed,STORAGE,1963,20,1,GOOD,2020-08-14
5278,1278,Fitness Centre,GYM,1952,491,1,GOOD,2021-06-17
5279,1279,Block C,CLASSROOM,1952,344,1,GOOD,2021-06-06
5280,1279,Staff Block,ADMIN,2003,643,2,FAIR,2020-07-17
5281,1279,Senior Toilets,TOILET_BLOCK,1994,172,1,FAIR,2022-05-16
5282,1279,Sports Hall,GYM,2022,792,1,FAIR,2024-01-30
5283,1279,Wood Workshop,WORKSHOP,1965,471,2,FAIR,2020-10-27
5284,1279,Learning Centre,LIBRARY,1953,552,2,FAIR,2023-03-28
5285,1279,Grounds Shed,STORAGE,1951,99,1,POOR,2022-08-31
5286,1279,Sports Pavilion,SPORTS_PAVILION,1951,792,1,POOR,2023-11-01
5287,1279,Assembly Hall,HALL,2019,493,1,FAIR,2022-11-11
5288,1279,Block D,CLASSROOM,2018,227,1,GOOD,2021-12-27
5289,1279,Block E,CLASSROOM,2006,640,2,GOOD,2021-10-07
5290,1280,Block E,CLASSROOM,1957,156,2,FAIR,2020-07-15
5291,1280,Staff Block,ADMIN,1961,271,1,FAIR,2024-11-04
5292,1280,Junior Toilets,TOILET_BLOCK,2001,74,1,FAIR,2021-10-22
5293,1280,School Hall,HALL,1954,458,1,FAIR,2024-11-23
5294,1280,Fitness Centre,GYM,1992,421,2,FAIR,2022-10-16
5295,1280,Changing Rooms,SPORTS_PAVILION,2004,461,1,FAIR,2022-02-14
5296,1280,Resource Centre,LIBRARY,2016,50,2,FAIR,2024-06-09
5297,1280,Metal Workshop,WORKSHOP,1994,712,1,GOOD,2024-03-15
5298,1281,Block E,CLASSROOM,2013,144,1,GOOD,2022-07-30
5299,1281,Main Office,ADMIN,1980,223,1,POOR,2022-06-15
5300,1281,Sports Amenities,TOILET_BLOCK,2013,51,1,GOOD,2022-06-10
5301,1281,Equipment Store,STORAGE,1994,20,1,FAIR,2023-01-07
5302,1281,Changing Rooms,SPORTS_PAVILION,1989,487,1,GOOD,2020-02-18
5303,1282,Block B,CLASSROOM,2016,549,1,FAIR,2020-09-08
5304,1282,Administration Building,ADMIN,1966,128,2,FAIR,2020-10-07
5305,1282,Junior Toilets,TOILET_BLOCK,2011,180,1,FAIR,2024-12-03
5306,1282,Cricket Pavilion,SPORTS_PAVILION,1988,679,1,GOOD,2023-11-17
5307,1282,Main Gymnasium,GYM,2009,436,2,FAIR,2020-04-26
5308,1282,Equipment Store,STORAGE,2001,36,1,GOOD,2023-02-13
5309,1282,Performing Arts Centre,HALL,2005,528,2,FAIR,2022-07-07
5310,1282,Resource Centre,LIBRARY,2006,312,1,GOOD,2024-08-05
5311,1282,Wood Workshop,WORKSHOP,2008,296,2,FAIR,2021-08-09
5312,1282,Arts Block,CLASSROOM,1967,171,2,POOR,2024-10-23
5313,1282,Arts Block,CLASSROOM,2017,773,2,GOOD,2021-07-20
5314,1283,Junior Block,CLASSROOM,1981,551,1,FAIR,2024-07-03
5315,1283,Main Office,ADMIN,1993,725,1,FAIR,2020-04-24
5316,1283,Staff Facilities,TOILET_BLOCK,1964,436,1,POOR,2023-06-13
5317,1283,Main Gymnasium,GYM,2012,301,1,GOOD,2024-09-23
5318,1283,Assembly Hall,HALL,1995,700,2,POOR,2024-04-19
5319,1283,Equipment Store,STORAGE,1965,43,1,POOR,2021-07-17
5320,1283,Wood Workshop,WORKSHOP,1963,457,2,FAIR,2021-12-11
5321,1284,Senior Block,CLASSROOM,1997,189,2,FAIR,2024-02-28
5322,1284,Administration Building,ADMIN,1971,756,1,POOR,2023-04-04
5323,1284,Staff Facilities,TOILET_BLOCK,1981,62,1,FAIR,2022-05-04
5324,1284,Fitness Centre,GYM,2006,394,1,FAIR,2024-10-28
5325,1284,Performing Arts Centre,HALL,2015,794,1,GOOD,2020-01-21
5326,1284,Resource Centre,LIBRARY,1983,57,1,GOOD,2021-07-25
5327,1284,Wood Workshop,WORKSHOP,2015,537,1,GOOD,2022-01-18
5328,1284,Sports Store,STORAGE,2021,31,1,POOR,2022-05-09
5329,1284,Changing Rooms,SPORTS_PAVILION,1970,400,1,POOR,2024-02-03
5330,1284,Senior Block,CLASSROOM,1969,326,2,FAIR,2022-07-16
5331,1284,Block E,CLASSROOM,1975,630,1,FAIR,2021-07-06
5332,1285,Arts Block,CLASSROOM,1962,169,2,FAIR,2020-12-08
5333,1285,Staff Block,ADMIN,2005,773,2,CRITICAL,2022-06-25
5334,1285,Junior Toilets,TOILET_BLOCK,1967,515,1,FAIR,2021-12-31
5335,1285,School Library,LIBRARY,1999,724,1,GOOD,2022-09-22
5336,1285,Sports Pavilion,SPORTS_PAVILION,1956,447,1,POOR,2020-07-11
5337,1285,Main Gymnasium,GYM,1968,590,2,GOOD,2021-03-06
5338,1285,Performing Arts Centre,HALL,1986,675,1,GOOD,2020-07-28
5339,1287,Block B,CLASSROOM,1969,595,2,POOR,2024-07-28
5340,1287,Staff Block,ADMIN,1955,717,2,POOR,2022-10-04
5341,1287,Staff Facilities,TOILET_BLOCK,1975,572,1,FAIR,2023-11-14
5342,1287,Assembly Hall,HALL,1991,130,2,FAIR,2022-06-25
5343,1287,Sports Store,STORAGE,1959,60,1,GOOD,2022-05-12
5344,1289,Block B,CLASSROOM,2021,494,1,FAIR,2020-07-13
5345,1289,Main Office,ADMIN,1966,717,2,GOOD,2023-09-25
5346,1289,Senior Toilets,TOILET_BLOCK,1975,593,1,GOOD,2023-07-05
5347,1290,Arts Block,CLASSROOM,2019,747,2,GOOD,2023-09-07
5348,1290,Staff Block,ADMIN,2022,731,2,CRITICAL,2021-07-26
5349,1290,Junior Toilets,TOILET_BLOCK,2006,180,1,FAIR,2024-10-03
5350,1290,Resource Centre,LIBRARY,1961,181,2,FAIR,2021-07-24
5351,1290,Sports Pavilion,SPORTS_PAVILION,2022,414,1,POOR,2023-12-10
5352,1290,School Hall,HALL,1999,772,2,FAIR,2022-12-02
5353,1291,Block C,CLASSROOM,2001,103,2,FAIR,2024-03-02
5354,1291,Administration Building,ADMIN,2007,638,2,GOOD,2024-01-16
5355,1291,Sports Amenities,TOILET_BLOCK,2017,260,1,GOOD,2021-10-27
5356,1292,Science Block,CLASSROOM,2000,646,1,POOR,2022-09-16
5357,1292,Staff Block,ADMIN,2019,69,1,GOOD,2023-03-18
5358,1292,Junior Toilets,TOILET_BLOCK,1955,543,1,FAIR,2021-08-08
5359,1292,Performing Arts Centre,HALL,1995,550,2,GOOD,2022-12-25
5360,1292,Fitness Centre,GYM,1970,370,1,POOR,2022-05-20
5361,1292,Wood Workshop,WORKSHOP,1990,533,2,FAIR,2023-04-24
5362,1293,Science Block,CLASSROOM,1960,518,1,GOOD,2022-01-03
5363,1293,Staff Block,ADMIN,1977,136,2,GOOD,2020-07-19
5364,1293,Staff Facilities,TOILET_BLOCK,1969,749,1,GOOD,2020-12-29
5365,1293,Assembly Hall,HALL,1970,712,2,GOOD,2021-07-15
5366,1293,Main Gymnasium,GYM,1974,421,2,FAIR,2021-02-16
5367,1294,Technology Block,CLASSROOM,1972,770,2,GOOD,2020-05-28
5368,1294,Main Office,ADMIN,1984,292,2,GOOD,2022-05-15
5369,1294,Sports Amenities,TOILET_BLOCK,1976,244,1,FAIR,2023-04-28
5370,1294,School Hall,HALL,1967,626,1,POOR,2020-11-11
5371,1294,Sports Pavilion,SPORTS_PAVILION,1964,514,1,FAIR,2024-09-18
5372,1294,Sports Hall,GYM,2013,520,1,FAIR,2020-01-28
5373,1294,Sports Store,STORAGE,1986,87,1,FAIR,2020-06-21
5374,1294,Wood Workshop,WORKSHOP,1967,354,1,POOR,2023-01-16
5375,1294,Resource Centre,LIBRARY,2000,230,2,GOOD,2023-05-22
5376,1295,Technology Block,CLASSROOM,1997,78,2,FAIR,2020-12-02
5377,1295,Main Office,ADMIN,1993,528,1,FAIR,2022-07-01
5378,1295,Senior Toilets,TOILET_BLOCK,1957,522,1,POOR,2023-03-30
5379,1295,Grounds Shed,STORAGE,1952,64,1,FAIR,2023-03-16
5380,1295,Technology Workshop,WORKSHOP,1979,644,1,POOR,2024-05-12
5381,1295,Learning Centre,LIBRARY,2019,449,1,FAIR,2024-10-30
5382,1295,Main Gymnasium,GYM,2018,782,2,GOOD,2022-11-10
5383,1295,Sports Pavilion,SPORTS_PAVILION,2008,653,1,POOR,2022-11-21
5384,1296,Science Block,CLASSROOM,1977,128,1,CRITICAL,2020-04-07
5385,1296,Administration Building,ADMIN,2016,583,2,GOOD,2024-07-14
5386,1296,Senior Toilets,TOILET_BLOCK,1993,726,1,GOOD,2023-11-25
5387,1296,School Hall,HALL,1951,305,2,FAIR,2024-05-02
5388,1296,Technology Workshop,WORKSHOP,1971,247,2,GOOD,2020-05-16
5389,1296,Changing Rooms,SPORTS_PAVILION,1971,513,1,FAIR,2024-06-24
5390,1296,Grounds Shed,STORAGE,1992,43,1,GOOD,2022-05-12
5391,1297,Block E,CLASSROOM,2005,331,2,POOR,2024-11-13
5392,1297,Staff Block,ADMIN,1956,170,2,FAIR,2022-05-20
5393,1297,Sports Amenities,TOILET_BLOCK,2022,797,1,FAIR,2023-07-29
5394,1297,Fitness Centre,GYM,1981,426,1,FAIR,2021-11-03
5395,1297,Assembly Hall,HALL,2004,681,1,FAIR,2024-03-03
5396,1298,Block B,CLASSROOM,1998,717,2,POOR,2024-09-16
5397,1298,Staff Block,ADMIN,1984,245,1,FAIR,2021-10-13
5398,1298,Sports Amenities,TOILET_BLOCK,2006,407,1,FAIR,2023-11-23
5399,1298,Grounds Shed,STORAGE,1966,34,1,POOR,2021-06-04
5400,1298,Assembly Hall,HALL,1990,755,2,FAIR,2021-08-09
5401,1298,Food Technology,WORKSHOP,1956,701,2,POOR,2021-04-15
5402,1298,Sports Pavilion,SPORTS_PAVILION,1971,102,1,POOR,2022-03-04
5403,1298,Fitness Centre,GYM,1973,207,1,FAIR,2020-10-01
5404,1299,Block E,CLASSROOM,1990,216,2,FAIR,2023-04-17
5405,1299,Staff Block,ADMIN,2014,658,1,POOR,2020-04-30
5406,1299,Sports Amenities,TOILET_BLOCK,1997,590,1,FAIR,2020-06-10
5407,1299,Equipment Store,STORAGE,2004,46,1,FAIR,2020-12-20
5408,1299,Sports Pavilion,SPORTS_PAVILION,1989,516,1,POOR,2022-01-13
5409,1299,Sports Hall,GYM,1962,259,2,POOR,2023-04-06
5410,1299,Learning Centre,LIBRARY,1959,454,2,GOOD,2020-10-03
5411,1299,Metal Workshop,WORKSHOP,1988,604,1,POOR,2021-08-16
5412,1300,Junior Block,CLASSROOM,2002,89,1,POOR,2024-07-27
5413,1300,Main Office,ADMIN,2001,418,2,GOOD,2022-10-22
5414,1300,Sports Amenities,TOILET_BLOCK,2002,625,1,GOOD,2020-01-27
5415,1300,Resource Centre,LIBRARY,1963,669,2,POOR,2021-11-29
5416,1300,Cricket Pavilion,SPORTS_PAVILION,1955,689,1,POOR,2020-02-06
5417,1300,Assembly Hall,HALL,2022,157,2,GOOD,2021-09-22
5418,1300,Main Gymnasium,GYM,2005,451,2,FAIR,2023-12-17
5419,1301,Arts Block,CLASSROOM,1989,666,1,CRITICAL,2024-07-23
5420,1301,Main Office,ADMIN,1999,722,2,FAIR,2024-10-26
5421,1301,Sports Amenities,TOILET_BLOCK,2003,165,1,GOOD,2022-10-27
5422,1301,Equipment Store,STORAGE,2019,41,1,POOR,2022-04-01
5423,1301,Resource Centre,LIBRARY,1997,671,1,FAIR,2021-12-21
5424,1301,Cricket Pavilion,SPORTS_PAVILION,2014,177,1,FAIR,2023-10-21
5425,1301,Technology Workshop,WORKSHOP,2003,774,1,FAIR,2022-03-20
5426,1302,Senior Block,CLASSROOM,1996,466,1,FAIR,2021-01-25
5427,1302,Main Office,ADMIN,1972,747,1,POOR,2021-03-14
5428,1302,Junior Toilets,TOILET_BLOCK,1968,251,1,FAIR,2022-02-13
5429,1302,School Hall,HALL,2019,755,1,POOR,2024-02-27
5430,1302,Changing Rooms,SPORTS_PAVILION,1987,518,1,GOOD,2022-02-11
5431,1302,Sports Hall,GYM,2009,306,1,GOOD,2022-05-31
5432,1302,Sports Store,STORAGE,2012,80,1,FAIR,2023-06-11
5433,1303,Block E,CLASSROOM,2020,65,1,POOR,2021-10-25
5434,1303,Staff Block,ADMIN,2002,354,2,GOOD,2023-12-11
5435,1303,Sports Amenities,TOILET_BLOCK,1956,633,1,FAIR,2021-10-02
5436,1303,Main Gymnasium,GYM,1950,522,2,CRITICAL,2021-03-05
5437,1303,Changing Rooms,SPORTS_PAVILION,1958,224,1,FAIR,2022-12-22
5438,1304,Block D,CLASSROOM,1978,585,1,GOOD,2024-08-31
5439,1304,Administration Building,ADMIN,1952,368,2,POOR,2021-02-27
5440,1304,Sports Amenities,TOILET_BLOCK,2004,215,1,FAIR,2022-08-23
5441,1304,Equipment Store,STORAGE,2010,95,1,POOR,2020-10-25
5442,1304,Learning Centre,LIBRARY,1953,567,2,GOOD,2021-03-30
5443,1304,Fitness Centre,GYM,1990,63,2,FAIR,2024-01-07
5444,1304,Assembly Hall,HALL,1951,350,2,GOOD,2020-11-30
5445,1304,Sports Pavilion,SPORTS_PAVILION,1973,299,1,POOR,2022-11-02
5446,1305,Science Block,CLASSROOM,1987,737,2,GOOD,2023-05-25
5447,1305,Main Office,ADMIN,1983,71,1,FAIR,2024-09-05
5448,1305,Junior Toilets,TOILET_BLOCK,2020,655,1,FAIR,2024-11-14
5449,1305,Sports Hall,GYM,2018,132,1,POOR,2020-01-03
5450,1305,Performing Arts Centre,HALL,1989,366,2,FAIR,2020-06-01
5451,1306,Senior Block,CLASSROOM,1954,676,2,GOOD,2024-09-20
5452,1306,Administration Building,ADMIN,1952,73,1,FAIR,2023-02-03
5453,1306,Junior Toilets,TOILET_BLOCK,1966,353,1,POOR,2023-11-27
5454,1306,Equipment Store,STORAGE,1979,54,1,GOOD,2020-05-02
5455,1306,Metal Workshop,WORKSHOP,1962,252,2,POOR,2022-09-04
5456,1307,Technology Block,CLASSROOM,1966,652,1,FAIR,2022-07-30
5457,1307,Main Office,ADMIN,2022,440,2,FAIR,2021-10-28
5458,1307,Staff Facilities,TOILET_BLOCK,1980,624,1,GOOD,2024-10-01
5459,1307,School Library,LIBRARY,1992,81,1,GOOD,2024-03-03
5460,1307,Wood Workshop,WORKSHOP,2013,619,1,FAIR,2024-10-25
5461,1307,Changing Rooms,SPORTS_PAVILION,1968,206,1,GOOD,2023-11-25
5462,1307,Maintenance Shed,STORAGE,1987,64,1,FAIR,2024-03-04
5463,1307,Main Gymnasium,GYM,1990,168,1,GOOD,2022-01-21
5464,1308,Block C,CLASSROOM,1964,749,1,FAIR,2024-05-11
5465,1308,Staff Block,ADMIN,2000,283,1,GOOD,2024-08-19
5466,1308,Senior Toilets,TOILET_BLOCK,1974,638,1,POOR,2024-09-04
5467,1308,Sports Pavilion,SPORTS_PAVILION,1973,716,1,POOR,2021-12-12
5468,1308,Learning Centre,LIBRARY,1956,722,1,FAIR,2021-05-01
5469,1308,Maintenance Shed,STORAGE,2000,65,1,FAIR,2021-05-05
5470,1308,Fitness Centre,GYM,2007,137,2,GOOD,2023-11-05
5471,1308,Technology Workshop,WORKSHOP,2003,443,2,GOOD,2022-01-03
5472,1309,Technology Block,CLASSROOM,1963,404,1,GOOD,2020-01-12
5473,1309,Main Office,ADMIN,1996,331,2,FAIR,2024-04-24
5474,1309,Junior Toilets,TOILET_BLOCK,1986,586,1,GOOD,2023-06-09
5475,1309,Assembly Hall,HALL,1969,357,1,CRITICAL,2022-08-28
5476,1310,Arts Block,CLASSROOM,1975,293,2,POOR,2024-06-25
5477,1310,Staff Block,ADMIN,2013,115,1,POOR,2022-06-16
5478,1310,Staff Facilities,TOILET_BLOCK,1967,300,1,FAIR,2023-11-04
5479,1310,School Hall,HALL,1962,757,2,FAIR,2023-11-05
5480,1310,Grounds Shed,STORAGE,1997,44,1,FAIR,2020-11-30
5481,1310,Resource Centre,LIBRARY,2007,687,2,POOR,2023-12-23
5482,1310,Sports Pavilion,SPORTS_PAVILION,1956,335,1,FAIR,2020-01-23
5483,1311,Block A,CLASSROOM,2014,146,2,FAIR,2022-08-16
5484,1311,Main Office,ADMIN,1990,665,1,POOR,2021-05-24
5485,1311,Staff Facilities,TOILET_BLOCK,1964,766,1,FAIR,2024-05-01
5486,1311,Metal Workshop,WORKSHOP,2011,565,1,FAIR,2022-05-21
5487,1311,Changing Rooms,SPORTS_PAVILION,1982,363,1,GOOD,2021-05-17
5488,1312,Block A,CLASSROOM,1995,181,1,GOOD,2022-01-06
5489,1312,Staff Block,ADMIN,1968,571,1,GOOD,2020-07-22
5490,1312,Junior Toilets,TOILET_BLOCK,1961,712,1,FAIR,2023-12-23
5491,1312,Technology Workshop,WORKSHOP,1996,201,2,POOR,2024-02-12
5492,1312,Sports Pavilion,SPORTS_PAVILION,1953,291,1,FAIR,2022-10-30
5493,1313,Block E,CLASSROOM,1996,248,2,GOOD,2024-11-17
5494,1313,Main Office,ADMIN,2015,729,2,FAIR,2023-07-29
5495,1313,Staff Facilities,TOILET_BLOCK,1968,661,1,GOOD,2020-12-02
5496,1313,Performing Arts Centre,HALL,1968,204,2,FAIR,2024-04-30
5497,1313,Resource Centre,LIBRARY,1979,178,2,POOR,2021-07-11
5498,1313,Sports Hall,GYM,1961,404,1,GOOD,2022-07-21
5499,1313,Technology Workshop,WORKSHOP,2011,109,2,POOR,2021-07-16
5500,1313,Sports Pavilion,SPORTS_PAVILION,1954,503,1,FAIR,2022-10-15
5501,1314,Arts Block,CLASSROOM,2010,355,2,CRITICAL,2022-04-30
5502,1314,Administration Building,ADMIN,2006,573,2,FAIR,2020-09-29
5503,1314,Sports Amenities,TOILET_BLOCK,2013,485,1,FAIR,2022-03-01
5504,1314,Maintenance Shed,STORAGE,1957,52,1,CRITICAL,2021-06-20
5505,1314,Changing Rooms,SPORTS_PAVILION,2017,490,1,GOOD,2020-01-31
5506,1314,Performing Arts Centre,HALL,2002,291,2,GOOD,2022-11-04
5507,1314,School Library,LIBRARY,2008,327,2,GOOD,2021-12-27
5508,1314,Fitness Centre,GYM,1959,695,1,GOOD,2020-07-16
5509,1315,Block B,CLASSROOM,1952,120,2,GOOD,2020-03-03
5510,1315,Staff Block,ADMIN,2002,600,1,GOOD,2024-04-06
5511,1315,Junior Toilets,TOILET_BLOCK,1993,634,1,FAIR,2023-11-06
5512,1315,Changing Rooms,SPORTS_PAVILION,1959,323,1,FAIR,2020-06-27
5513,1315,Performing Arts Centre,HALL,1986,747,2,POOR,2023-04-02
5514,1315,Wood Workshop,WORKSHOP,1968,786,1,GOOD,2023-06-04
5515,1315,Maintenance Shed,STORAGE,1955,60,1,GOOD,2024-01-08
5516,1315,Sports Hall,GYM,2017,336,1,GOOD,2024-04-08
5517,1315,Resource Centre,LIBRARY,1980,685,2,GOOD,2024-04-09
5518,1315,Science Block,CLASSROOM,1977,169,2,POOR,2022-11-04
5519,1315,Block C,CLASSROOM,2018,500,1,FAIR,2020-09-15
5520,1316,Block C,CLASSROOM,2008,241,1,FAIR,2022-12-09
5521,1316,Main Office,ADMIN,2002,169,2,GOOD,2022-03-24
5522,1316,Sports Amenities,TOILET_BLOCK,2010,174,1,FAIR,2020-03-25
5523,1316,Fitness Centre,GYM,1988,734,1,GOOD,2020-10-29
5524,1316,Sports Store,STORAGE,1993,95,1,FAIR,2021-08-29
5525,1316,Resource Centre,LIBRARY,1988,103,1,FAIR,2020-11-28
5526,1316,Wood Workshop,WORKSHOP,1983,638,2,GOOD,2021-10-27
5527,1316,Sports Pavilion,SPORTS_PAVILION,1975,588,1,POOR,2023-02-08
5528,1317,Block C,CLASSROOM,1994,469,2,POOR,2022-08-28
5529,1317,Main Office,ADMIN,2006,155,1,POOR,2020-02-12
5530,1317,Sports Amenities,TOILET_BLOCK,2010,761,1,FAIR,2023-12-31
5531,1317,Fitness Centre,GYM,2015,638,2,FAIR,2023-03-21
5532,1317,Wood Workshop,WORKSHOP,2011,246,2,FAIR,2020-03-03
5533,1317,Performing Arts Centre,HALL,2011,237,1,GOOD,2023-03-01
5534,1317,Maintenance Shed,STORAGE,1983,55,1,GOOD,2021-09-02
5535,1318,Block A,CLASSROOM,2003,111,1,GOOD,2020-12-18
5536,1318,Administration Building,ADMIN,2019,507,2,GOOD,2022-11-03
5537,1318,Staff Facilities,TOILET_BLOCK,1988,134,1,FAIR,2021-03-10
5538,1318,Performing Arts Centre,HALL,1972,147,2,FAIR,2020-10-01
5539,1318,School Library,LIBRARY,1961,126,1,FAIR,2024-02-26
5540,1318,Sports Pavilion,SPORTS_PAVILION,1989,213,1,POOR,2022-08-08
5541,1318,Technology Workshop,WORKSHOP,2005,299,1,FAIR,2023-08-22
5542,1318,Main Gymnasium,GYM,1993,739,2,FAIR,2021-03-24
5543,1319,Arts Block,CLASSROOM,1970,181,1,FAIR,2022-02-04
5544,1319,Main Office,ADMIN,1962,114,2,POOR,2022-03-14
5545,1319,Junior Toilets,TOILET_BLOCK,2022,339,1,GOOD,2022-04-20
5546,1319,Sports Pavilion,SPORTS_PAVILION,1976,386,1,GOOD,2022-05-31
5547,1319,School Hall,HALL,2013,763,2,FAIR,2023-11-08
5548,1319,Learning Centre,LIBRARY,2018,71,2,FAIR,2022-07-22
5549,1319,Main Gymnasium,GYM,1975,315,2,FAIR,2022-07-20
5550,1319,Sports Store,STORAGE,1953,90,1,GOOD,2023-10-01
5551,1320,Block C,CLASSROOM,2008,317,2,POOR,2022-05-12
5552,1320,Main Office,ADMIN,2016,409,1,GOOD,2020-03-18
5553,1320,Senior Toilets,TOILET_BLOCK,1989,443,1,FAIR,2020-12-02
5554,1320,Main Gymnasium,GYM,1970,592,1,FAIR,2020-10-26
5555,1320,Learning Centre,LIBRARY,2002,303,1,GOOD,2023-10-29
5556,1320,Equipment Store,STORAGE,1956,89,1,POOR,2024-08-09
5557,1321,Arts Block,CLASSROOM,2012,683,2,GOOD,2023-03-20
5558,1321,Administration Building,ADMIN,1989,148,1,FAIR,2023-11-06
5559,1321,Senior Toilets,TOILET_BLOCK,1971,187,1,GOOD,2020-10-18
5560,1321,Maintenance Shed,STORAGE,2004,37,1,FAIR,2024-05-13
5561,1321,Performing Arts Centre,HALL,2006,55,1,FAIR,2024-04-19
5562,1322,Junior Block,CLASSROOM,1953,662,1,POOR,2022-11-27
5563,1322,Staff Block,ADMIN,2014,420,2,POOR,2020-11-04
5564,1322,Junior Toilets,TOILET_BLOCK,1961,77,1,GOOD,2021-05-13
5565,1322,School Library,LIBRARY,1983,315,2,POOR,2022-01-16
5566,1322,Metal Workshop,WORKSHOP,1951,778,1,FAIR,2022-12-08
5567,1322,Sports Hall,GYM,1962,581,1,FAIR,2022-05-31
5568,1323,Block E,CLASSROOM,1961,317,1,GOOD,2022-02-28
5569,1323,Staff Block,ADMIN,1960,140,1,POOR,2024-11-11
5570,1323,Sports Amenities,TOILET_BLOCK,2008,126,1,GOOD,2021-06-25
5571,1323,Learning Centre,LIBRARY,1999,258,1,FAIR,2024-01-22
5572,1323,Metal Workshop,WORKSHOP,2012,451,1,CRITICAL,2024-08-19
5573,1324,Arts Block,CLASSROOM,1985,402,2,FAIR,2020-09-25
5574,1324,Administration Building,ADMIN,2009,248,2,FAIR,2022-02-25
5575,1324,Staff Facilities,TOILET_BLOCK,1963,235,1,GOOD,2022-03-26
5576,1324,Sports Hall,GYM,2013,366,1,POOR,2020-10-16
5577,1324,Sports Store,STORAGE,1988,55,1,GOOD,2022-07-25
5578,1325,Block B,CLASSROOM,1991,659,2,POOR,2023-11-19
5579,1325,Administration Building,ADMIN,1992,526,1,POOR,2022-07-19
5580,1325,Senior Toilets,TOILET_BLOCK,2007,216,1,FAIR,2020-08-17
5581,1325,Sports Hall,GYM,1981,429,1,FAIR,2024-06-03
5582,1325,Sports Store,STORAGE,1970,72,1,GOOD,2024-09-28
5583,1325,Cricket Pavilion,SPORTS_PAVILION,1950,263,1,CRITICAL,2024-03-09
5584,1326,Block B,CLASSROOM,1992,700,2,GOOD,2023-01-16
5585,1326,Main Office,ADMIN,1957,612,1,POOR,2020-07-20
5586,1326,Senior Toilets,TOILET_BLOCK,1952,586,1,GOOD,2022-09-09
5587,1326,Changing Rooms,SPORTS_PAVILION,1951,411,1,POOR,2022-07-06
5588,1326,School Hall,HALL,2022,641,1,FAIR,2023-02-07
5589,1326,Food Technology,WORKSHOP,2019,763,1,POOR,2022-09-10
5590,1326,Equipment Store,STORAGE,1958,72,1,POOR,2021-03-13
5591,1326,Resource Centre,LIBRARY,2010,413,1,POOR,2022-04-29
5592,1327,Block C,CLASSROOM,1964,105,1,FAIR,2023-10-21
5593,1327,Main Office,ADMIN,1975,604,1,CRITICAL,2024-02-14
5594,1327,Staff Facilities,TOILET_BLOCK,1978,793,1,GOOD,2022-12-08
5595,1327,Learning Centre,LIBRARY,2014,208,1,GOOD,2022-02-13
5596,1327,Fitness Centre,GYM,1950,468,1,FAIR,2020-11-11
5597,1328,Technology Block,CLASSROOM,2012,209,2,POOR,2022-04-04
5598,1328,Administration Building,ADMIN,2018,572,2,FAIR,2023-10-19
5599,1328,Sports Amenities,TOILET_BLOCK,1990,793,1,FAIR,2022-12-13
5600,1328,Assembly Hall,HALL,1986,675,2,GOOD,2023-07-02
5601,1328,Learning Centre,LIBRARY,1973,57,2,FAIR,2020-07-04
5602,1328,Fitness Centre,GYM,1977,166,1,FAIR,2021-01-25
5603,1328,Sports Store,STORAGE,1958,47,1,FAIR,2022-06-15
5604,1328,Sports Pavilion,SPORTS_PAVILION,1974,271,1,GOOD,2023-12-04
5605,1328,Wood Workshop,WORKSHOP,2006,168,2,FAIR,2022-12-05
5606,1328,Technology Block,CLASSROOM,1956,201,1,GOOD,2023-12-12
5607,1329,Block B,CLASSROOM,1991,195,2,GOOD,2020-04-19
5608,1329,Main Office,ADMIN,2002,178,1,GOOD,2020-03-08
5609,1329,Sports Amenities,TOILET_BLOCK,1997,549,1,GOOD,2023-12-01
5610,1329,Sports Pavilion,SPORTS_PAVILION,1957,416,1,FAIR,2022-08-24
5611,1329,Food Technology,WORKSHOP,1967,492,2,FAIR,2024-10-27
5612,1329,Assembly Hall,HALL,2022,74,2,FAIR,2023-11-09
5613,1329,Resource Centre,LIBRARY,1966,616,2,GOOD,2020-02-13
5614,1329,Sports Hall,GYM,1966,318,1,POOR,2023-12-07
5615,1330,Block D,CLASSROOM,2016,552,1,FAIR,2020-05-26
5616,1330,Staff Block,ADMIN,2016,542,1,GOOD,2024-04-11
5617,1330,Sports Amenities,TOILET_BLOCK,1965,475,1,GOOD,2023-05-29
5618,1330,Cricket Pavilion,SPORTS_PAVILION,2011,424,1,GOOD,2023-09-20
5619,1330,Assembly Hall,HALL,1986,70,2,POOR,2023-11-02
5620,1330,Learning Centre,LIBRARY,1955,642,1,POOR,2020-12-16
5621,1330,Fitness Centre,GYM,2000,435,1,FAIR,2022-07-16
5622,1331,Arts Block,CLASSROOM,1975,738,1,POOR,2024-07-05
5623,1331,Main Office,ADMIN,1989,395,2,GOOD,2024-05-02
5624,1331,Sports Amenities,TOILET_BLOCK,2009,124,1,GOOD,2022-06-02
5625,1331,Sports Pavilion,SPORTS_PAVILION,2021,208,1,GOOD,2023-11-01
5626,1331,School Hall,HALL,2017,714,2,POOR,2021-10-16
5627,1331,Equipment Store,STORAGE,2010,34,1,POOR,2020-03-03
5628,1331,Resource Centre,LIBRARY,1972,211,1,GOOD,2022-04-09
5629,1332,Block E,CLASSROOM,1994,721,1,GOOD,2020-08-30
5630,1332,Main Office,ADMIN,1986,343,2,GOOD,2020-01-10
5631,1332,Sports Amenities,TOILET_BLOCK,2010,240,1,GOOD,2024-09-16
5632,1332,Maintenance Shed,STORAGE,1998,93,1,FAIR,2023-11-30
5633,1332,Assembly Hall,HALL,1981,316,1,FAIR,2021-02-07
5634,1332,Cricket Pavilion,SPORTS_PAVILION,1999,493,1,FAIR,2021-12-07
5635,1332,Food Technology,WORKSHOP,2005,350,1,GOOD,2020-09-04
5636,1332,Fitness Centre,GYM,1992,77,2,GOOD,2020-09-28
5637,1333,Junior Block,CLASSROOM,2020,195,2,CRITICAL,2024-01-27
5638,1333,Main Office,ADMIN,1989,165,1,POOR,2023-11-08
5639,1333,Junior Toilets,TOILET_BLOCK,2008,290,1,POOR,2024-02-01
5640,1333,Assembly Hall,HALL,1963,134,2,FAIR,2022-09-10
5641,1333,Learning Centre,LIBRARY,1993,526,1,FAIR,2024-06-24
5642,1333,Technology Workshop,WORKSHOP,1991,761,2,GOOD,2021-02-14
5643,1333,Grounds Shed,STORAGE,1991,24,1,FAIR,2020-12-31
5644,1334,Block E,CLASSROOM,1954,152,2,GOOD,2021-08-31
5645,1334,Staff Block,ADMIN,2009,231,2,GOOD,2023-12-03
5646,1334,Junior Toilets,TOILET_BLOCK,2013,69,1,GOOD,2021-02-27
5647,1334,School Hall,HALL,2004,349,2,POOR,2024-10-14
5648,1334,Sports Hall,GYM,1955,241,1,GOOD,2024-01-20
5649,1334,Equipment Store,STORAGE,1960,62,1,GOOD,2023-10-28
5650,1335,Block D,CLASSROOM,1951,561,2,GOOD,2024-02-27
5651,1335,Main Office,ADMIN,1994,406,2,FAIR,2022-07-21
5652,1335,Senior Toilets,TOILET_BLOCK,1985,95,1,GOOD,2021-09-03
5653,1335,Sports Hall,GYM,1951,272,2,FAIR,2023-07-05
5654,1335,Performing Arts Centre,HALL,2018,755,1,POOR,2022-05-01
5655,1336,Block C,CLASSROOM,1977,432,1,GOOD,2020-05-03
5656,1336,Staff Block,ADMIN,2007,371,1,GOOD,2021-11-12
5657,1336,Junior Toilets,TOILET_BLOCK,1960,739,1,CRITICAL,2023-11-11
5658,1336,Wood Workshop,WORKSHOP,2004,188,1,GOOD,2021-10-24
5659,1336,School Library,LIBRARY,2007,525,2,POOR,2023-08-14
5660,1336,Sports Hall,GYM,1959,702,1,FAIR,2022-02-11
5661,1336,Performing Arts Centre,HALL,1985,608,2,POOR,2022-04-21
5662,1337,Technology Block,CLASSROOM,1981,109,1,GOOD,2021-08-24
5663,1337,Administration Building,ADMIN,2004,181,2,POOR,2020-05-27
5664,1337,Senior Toilets,TOILET_BLOCK,1977,391,1,GOOD,2024-04-27
5665,1337,Performing Arts Centre,HALL,1982,139,1,POOR,2024-09-09
5666,1337,Fitness Centre,GYM,2001,517,2,GOOD,2023-02-28
5667,1337,Metal Workshop,WORKSHOP,1995,336,1,FAIR,2020-11-22
5668,1337,Equipment Store,STORAGE,1984,56,1,POOR,2024-05-13
5669,1337,Sports Pavilion,SPORTS_PAVILION,1961,590,1,FAIR,2021-01-28
5670,1337,Learning Centre,LIBRARY,1958,650,2,FAIR,2024-11-10
5671,1337,Science Block,CLASSROOM,2019,402,1,FAIR,2024-02-26
5672,1338,Senior Block,CLASSROOM,2009,76,2,GOOD,2021-05-12
5673,1338,Staff Block,ADMIN,2009,279,1,FAIR,2022-01-24
5674,1338,Sports Amenities,TOILET_BLOCK,1974,180,1,GOOD,2020-07-14
5675,1338,Cricket Pavilion,SPORTS_PAVILION,2008,119,1,POOR,2023-03-20
5676,1339,Block C,CLASSROOM,1983,781,1,GOOD,2024-07-29
5677,1339,Administration Building,ADMIN,2011,577,1,POOR,2020-10-10
5678,1339,Staff Facilities,TOILET_BLOCK,2022,174,1,POOR,2024-09-05
5679,1339,Sports Store,STORAGE,1967,24,1,POOR,2024-06-01
5680,1339,Food Technology,WORKSHOP,1981,411,1,GOOD,2023-08-08
5681,1339,Performing Arts Centre,HALL,1973,75,2,GOOD,2022-02-21
5682,1339,Sports Pavilion,SPORTS_PAVILION,1994,748,1,POOR,2022-06-05
5683,1340,Junior Block,CLASSROOM,1999,715,1,GOOD,2024-04-02
5684,1340,Staff Block,ADMIN,1983,358,1,GOOD,2021-04-25
5685,1340,Senior Toilets,TOILET_BLOCK,1983,507,1,POOR,2022-05-24
5686,1340,Fitness Centre,GYM,1990,367,1,GOOD,2022-01-30
5687,1341,Technology Block,CLASSROOM,1989,704,2,POOR,2020-03-06
5688,1341,Administration Building,ADMIN,1970,733,2,POOR,2021-03-29
5689,1341,Sports Amenities,TOILET_BLOCK,1951,324,1,FAIR,2022-08-21
5690,1341,Resource Centre,LIBRARY,2011,639,2,GOOD,2021-07-22
5691,1341,Food Technology,WORKSHOP,1997,292,2,GOOD,2021-02-24
5692,1341,Changing Rooms,SPORTS_PAVILION,1967,614,1,FAIR,2020-08-01
5693,1341,Equipment Store,STORAGE,1960,46,1,GOOD,2022-11-19
5694,1341,Sports Hall,GYM,2001,123,1,GOOD,2021-04-09
5695,1341,School Hall,HALL,1954,754,1,GOOD,2024-11-19
5696,1341,Block D,CLASSROOM,2019,797,2,POOR,2022-05-08
5697,1341,Block A,CLASSROOM,2008,74,1,POOR,2020-05-14
5698,1342,Science Block,CLASSROOM,1952,190,1,GOOD,2024-07-03
5699,1342,Main Office,ADMIN,1970,172,1,GOOD,2024-11-01
5700,1342,Staff Facilities,TOILET_BLOCK,1977,559,1,GOOD,2021-02-26
5701,1342,Technology Workshop,WORKSHOP,1997,105,1,POOR,2020-01-01
5702,1342,Cricket Pavilion,SPORTS_PAVILION,1995,295,1,GOOD,2020-09-06
5703,1342,Main Gymnasium,GYM,2009,515,2,POOR,2020-07-13
5704,1342,Equipment Store,STORAGE,1980,61,1,GOOD,2020-07-18
5705,1342,Performing Arts Centre,HALL,1990,359,1,GOOD,2023-06-06
5706,1343,Technology Block,CLASSROOM,1958,189,1,GOOD,2023-11-23
5707,1343,Administration Building,ADMIN,1998,723,2,GOOD,2020-04-29
5708,1343,Junior Toilets,TOILET_BLOCK,1991,308,1,GOOD,2022-10-11
5709,1343,Sports Pavilion,SPORTS_PAVILION,1964,83,1,GOOD,2020-10-14
5710,1343,Metal Workshop,WORKSHOP,1974,257,1,FAIR,2020-11-14
5711,1344,Block D,CLASSROOM,2017,657,2,FAIR,2020-02-21
5712,1344,Staff Block,ADMIN,1958,513,1,GOOD,2022-10-23
5713,1344,Junior Toilets,TOILET_BLOCK,1998,449,1,FAIR,2020-09-08
5714,1344,Sports Hall,GYM,1958,499,1,FAIR,2023-03-08
5715,1345,Senior Block,CLASSROOM,1966,497,2,GOOD,2021-09-01
5716,1345,Administration Building,ADMIN,2020,298,2,FAIR,2024-08-10
5717,1345,Senior Toilets,TOILET_BLOCK,1992,237,1,FAIR,2024-02-21
5718,1346,Block A,CLASSROOM,1959,128,1,CRITICAL,2022-07-11
5719,1346,Staff Block,ADMIN,2005,394,2,FAIR,2020-01-15
5720,1346,Sports Amenities,TOILET_BLOCK,2020,601,1,GOOD,2023-08-24
5721,1346,Grounds Shed,STORAGE,1989,52,1,GOOD,2022-03-06
5722,1346,School Library,LIBRARY,2000,263,1,GOOD,2020-11-08
5723,1346,Changing Rooms,SPORTS_PAVILION,2016,773,1,POOR,2021-09-09
5724,1346,Technology Workshop,WORKSHOP,1954,205,2,POOR,2024-02-19
5725,1346,Performing Arts Centre,HALL,1988,444,2,GOOD,2023-02-16
5726,1347,Block B,CLASSROOM,2012,590,2,GOOD,2020-12-25
5727,1347,Administration Building,ADMIN,1971,96,1,POOR,2023-07-27
5728,1347,Sports Amenities,TOILET_BLOCK,2020,216,1,GOOD,2023-05-17
5729,1347,Maintenance Shed,STORAGE,2014,27,1,GOOD,2021-08-16
5730,1347,Metal Workshop,WORKSHOP,1995,642,2,GOOD,2021-08-27
5731,1347,Assembly Hall,HALL,2020,753,2,FAIR,2021-02-16
5732,1347,Changing Rooms,SPORTS_PAVILION,1985,750,1,FAIR,2023-04-01
5733,1347,Fitness Centre,GYM,1953,397,1,POOR,2021-02-14
5734,1348,Science Block,CLASSROOM,2008,104,1,CRITICAL,2023-01-29
5735,1348,Administration Building,ADMIN,2013,98,2,FAIR,2021-10-10
5736,1348,Senior Toilets,TOILET_BLOCK,1957,557,1,GOOD,2022-04-29
5737,1348,School Hall,HALL,2000,454,1,FAIR,2022-09-05
5738,1348,Sports Pavilion,SPORTS_PAVILION,1975,227,1,GOOD,2021-08-17
5739,1348,Food Technology,WORKSHOP,1982,507,1,POOR,2024-02-04
5740,1348,Equipment Store,STORAGE,2015,86,1,GOOD,2020-11-15
5741,1348,Resource Centre,LIBRARY,2012,590,1,POOR,2024-07-15
5742,1350,Block D,CLASSROOM,1998,714,2,GOOD,2024-04-19
5743,1350,Staff Block,ADMIN,1999,757,1,FAIR,2023-02-12
5744,1350,Staff Facilities,TOILET_BLOCK,2004,433,1,POOR,2021-05-14
5745,1350,Assembly Hall,HALL,2009,648,2,GOOD,2023-05-26
5746,1350,Main Gymnasium,GYM,1980,317,1,FAIR,2021-11-13
5747,1350,Food Technology,WORKSHOP,1976,138,2,FAIR,2020-08-25
5748,1351,Technology Block,CLASSROOM,1997,371,2,GOOD,2023-01-12
5749,1351,Main Office,ADMIN,1968,639,1,FAIR,2022-08-13
5750,1351,Sports Amenities,TOILET_BLOCK,1967,81,1,FAIR,2024-01-18
5751,1351,Wood Workshop,WORKSHOP,2018,114,2,GOOD,2024-02-01
5752,1351,Changing Rooms,SPORTS_PAVILION,2013,244,1,GOOD,2022-09-21
5753,1351,Main Gymnasium,GYM,2003,614,1,FAIR,2024-09-29
5754,1351,Resource Centre,LIBRARY,1966,481,2,FAIR,2021-05-02
5755,1352,Science Block,CLASSROOM,2022,628,1,GOOD,2023-06-07
5756,1352,Administration Building,ADMIN,1984,290,1,POOR,2021-12-12
5757,1352,Sports Amenities,TOILET_BLOCK,1954,699,1,GOOD,2023-09-16
5758,1352,Performing Arts Centre,HALL,2003,702,2,GOOD,2020-10-26
5759,1352,Cricket Pavilion,SPORTS_PAVILION,1957,568,1,FAIR,2022-12-27
5760,1352,School Library,LIBRARY,1964,91,2,POOR,2024-08-04
5761,1352,Food Technology,WORKSHOP,2010,613,2,FAIR,2024-05-12
5762,1353,Block D,CLASSROOM,1970,530,1,GOOD,2021-01-22
5763,1353,Administration Building,ADMIN,2013,360,1,POOR,2020-03-17
5764,1353,Senior Toilets,TOILET_BLOCK,1997,239,1,FAIR,2024-02-27
5765,1353,Fitness Centre,GYM,1966,797,1,POOR,2022-10-09
5766,1353,Technology Workshop,WORKSHOP,2004,573,2,GOOD,2021-02-10
5767,1353,School Hall,HALL,1950,165,1,GOOD,2021-03-09
5768,1353,Changing Rooms,SPORTS_PAVILION,1952,123,1,GOOD,2021-07-08
5769,1353,Equipment Store,STORAGE,1979,99,1,FAIR,2023-04-30
5770,1353,Learning Centre,LIBRARY,2000,439,1,GOOD,2024-04-11
5771,1354,Block A,CLASSROOM,1957,261,2,GOOD,2021-12-27
5772,1354,Staff Block,ADMIN,2001,789,1,FAIR,2022-08-03
5773,1354,Senior Toilets,TOILET_BLOCK,1986,359,1,FAIR,2024-10-13
5774,1354,Food Technology,WORKSHOP,1983,347,2,POOR,2023-03-02
5775,1354,Fitness Centre,GYM,1995,636,1,GOOD,2023-11-29
5776,1354,Sports Pavilion,SPORTS_PAVILION,1992,595,1,POOR,2020-02-16
5777,1354,Resource Centre,LIBRARY,2007,52,2,FAIR,2023-10-24
5778,1354,Equipment Store,STORAGE,2022,97,1,FAIR,2023-10-08
5779,1355,Block A,CLASSROOM,1999,599,1,POOR,2021-11-22
5780,1355,Administration Building,ADMIN,1985,189,2,FAIR,2024-01-07
5781,1355,Sports Amenities,TOILET_BLOCK,2011,371,1,CRITICAL,2020-01-05
5782,1355,School Hall,HALL,2003,644,2,GOOD,2022-05-31
5783,1355,School Library,LIBRARY,1995,290,1,GOOD,2024-12-02
5784,1355,Grounds Shed,STORAGE,1998,32,1,CRITICAL,2020-05-04
5785,1355,Wood Workshop,WORKSHOP,1993,180,2,FAIR,2023-10-08
5786,1355,Changing Rooms,SPORTS_PAVILION,2002,625,1,GOOD,2022-11-18
5787,1356,Block A,CLASSROOM,1967,653,1,FAIR,2022-03-01
5788,1356,Administration Building,ADMIN,1969,407,2,CRITICAL,2022-07-29
5789,1356,Senior Toilets,TOILET_BLOCK,1963,638,1,FAIR,2021-10-28
5790,1356,Metal Workshop,WORKSHOP,1993,270,2,GOOD,2023-08-09
5791,1356,School Library,LIBRARY,1953,694,2,FAIR,2021-01-11
5792,1356,Fitness Centre,GYM,1987,502,1,POOR,2022-07-18
5793,1356,Cricket Pavilion,SPORTS_PAVILION,1952,691,1,FAIR,2021-07-15
5794,1357,Science Block,CLASSROOM,1983,413,1,GOOD,2022-02-11
5795,1357,Main Office,ADMIN,1994,680,1,FAIR,2024-05-02
5796,1357,Junior Toilets,TOILET_BLOCK,2020,767,1,GOOD,2021-04-10
5797,1357,School Hall,HALL,2017,331,2,GOOD,2020-09-03
5798,1357,Maintenance Shed,STORAGE,2006,37,1,FAIR,2023-01-23
5799,1357,Metal Workshop,WORKSHOP,2009,267,1,POOR,2021-06-18
5800,1358,Block E,CLASSROOM,2013,704,2,POOR,2023-10-23
5801,1358,Administration Building,ADMIN,1980,444,1,FAIR,2024-01-31
5802,1358,Junior Toilets,TOILET_BLOCK,1976,198,1,GOOD,2022-04-27
5803,1359,Senior Block,CLASSROOM,1996,342,2,GOOD,2020-12-10
5804,1359,Administration Building,ADMIN,2017,400,2,FAIR,2023-09-08
5805,1359,Sports Amenities,TOILET_BLOCK,1968,519,1,FAIR,2021-11-18
5806,1359,Sports Hall,GYM,1991,239,2,GOOD,2022-10-07
5807,1359,Performing Arts Centre,HALL,2016,594,2,GOOD,2020-04-18
5808,1360,Block A,CLASSROOM,2006,375,2,POOR,2024-04-07
5809,1360,Main Office,ADMIN,2001,83,1,FAIR,2022-09-20
5810,1360,Junior Toilets,TOILET_BLOCK,1950,500,1,FAIR,2021-10-09
5811,1360,School Library,LIBRARY,2001,152,2,GOOD,2020-01-23
5812,1361,Junior Block,CLASSROOM,2011,660,1,GOOD,2021-06-08
5813,1361,Administration Building,ADMIN,1989,775,1,GOOD,2021-11-23
5814,1361,Senior Toilets,TOILET_BLOCK,1960,339,1,POOR,2021-02-14
5815,1361,Food Technology,WORKSHOP,1951,352,1,CRITICAL,2022-03-17
5816,1361,Fitness Centre,GYM,1986,434,2,POOR,2020-10-22
5817,1361,Grounds Shed,STORAGE,1969,38,1,GOOD,2024-03-15
5818,1361,Performing Arts Centre,HALL,1988,280,1,FAIR,2023-05-01
5819,1361,Learning Centre,LIBRARY,2010,615,2,GOOD,2022-04-05
5820,1362,Block E,CLASSROOM,2002,91,1,FAIR,2024-04-15
5821,1362,Administration Building,ADMIN,2009,777,1,FAIR,2021-12-16
5822,1362,Senior Toilets,TOILET_BLOCK,1986,357,1,GOOD,2022-05-08
5823,1362,Fitness Centre,GYM,2011,260,2,GOOD,2021-06-27
5824,1362,Wood Workshop,WORKSHOP,1981,250,2,FAIR,2023-11-25
5825,1362,Resource Centre,LIBRARY,2012,367,2,GOOD,2022-05-17
5826,1362,Changing Rooms,SPORTS_PAVILION,1988,465,1,FAIR,2024-04-27
5827,1362,School Hall,HALL,2018,240,1,FAIR,2020-01-20
5828,1362,Sports Store,STORAGE,2014,74,1,FAIR,2022-03-08
5829,1363,Block E,CLASSROOM,2016,357,1,GOOD,2021-02-15
5830,1363,Administration Building,ADMIN,1959,524,2,POOR,2023-08-26
5831,1363,Staff Facilities,TOILET_BLOCK,1991,708,1,GOOD,2021-05-11
5832,1363,School Hall,HALL,1969,186,2,CRITICAL,2021-02-22
5833,1363,Cricket Pavilion,SPORTS_PAVILION,1982,341,1,FAIR,2022-12-01
5834,1363,Sports Hall,GYM,2006,538,1,GOOD,2022-04-13
5835,1363,Maintenance Shed,STORAGE,1985,45,1,FAIR,2021-11-17
5836,1363,Metal Workshop,WORKSHOP,1962,118,1,CRITICAL,2022-10-04
5837,1364,Arts Block,CLASSROOM,1957,331,2,GOOD,2021-12-10
5838,1364,Main Office,ADMIN,1985,774,2,GOOD,2022-11-08
5839,1364,Junior Toilets,TOILET_BLOCK,1950,337,1,GOOD,2020-01-13
5840,1364,Fitness Centre,GYM,1988,763,1,POOR,2021-07-10
5841,1364,Changing Rooms,SPORTS_PAVILION,2007,743,1,FAIR,2021-11-23
5842,1364,Learning Centre,LIBRARY,2006,474,1,GOOD,2021-10-31
5843,1364,School Hall,HALL,2011,267,2,GOOD,2024-05-31
5844,1365,Science Block,CLASSROOM,2013,559,2,FAIR,2021-05-02
5845,1365,Staff Block,ADMIN,1959,728,1,FAIR,2024-01-11
5846,1365,Senior Toilets,TOILET_BLOCK,1976,433,1,POOR,2023-04-06
5847,1365,Cricket Pavilion,SPORTS_PAVILION,2021,423,1,FAIR,2022-04-03
5848,1365,Resource Centre,LIBRARY,1971,700,1,GOOD,2022-05-16
5849,1365,Equipment Store,STORAGE,2015,60,1,GOOD,2020-04-17
5850,1366,Block B,CLASSROOM,1996,555,1,GOOD,2020-12-03
5851,1366,Administration Building,ADMIN,2020,460,1,GOOD,2023-07-11
5852,1366,Staff Facilities,TOILET_BLOCK,1976,327,1,GOOD,2020-11-09
5853,1366,Wood Workshop,WORKSHOP,1999,501,2,POOR,2022-07-22
5854,1366,Fitness Centre,GYM,1957,126,1,GOOD,2020-07-26
5855,1367,Science Block,CLASSROOM,1999,657,1,POOR,2021-10-23
5856,1367,Administration Building,ADMIN,2020,312,1,POOR,2024-08-04
5857,1367,Junior Toilets,TOILET_BLOCK,1971,341,1,POOR,2022-05-19
5858,1367,Sports Store,STORAGE,1998,78,1,FAIR,2023-02-21
5859,1367,Resource Centre,LIBRARY,2017,197,2,GOOD,2024-09-05
5860,1367,Sports Hall,GYM,2001,596,1,GOOD,2022-06-04
5861,1367,Technology Workshop,WORKSHOP,1998,149,1,CRITICAL,2023-11-19
5862,1367,School Hall,HALL,1971,588,2,GOOD,2022-09-26
5863,1368,Technology Block,CLASSROOM,1952,189,2,FAIR,2020-01-23
5864,1368,Administration Building,ADMIN,2014,424,1,GOOD,2024-09-26
5865,1368,Staff Facilities,TOILET_BLOCK,2016,324,1,GOOD,2020-09-28
5866,1368,School Hall,HALL,1988,417,1,POOR,2021-02-23
5867,1369,Arts Block,CLASSROOM,1998,384,2,FAIR,2022-11-07
5868,1369,Main Office,ADMIN,1994,400,1,GOOD,2022-03-03
5869,1369,Staff Facilities,TOILET_BLOCK,1980,264,1,GOOD,2021-11-23
5870,1369,Resource Centre,LIBRARY,2010,188,2,GOOD,2020-11-14
5871,1369,Performing Arts Centre,HALL,1964,762,2,GOOD,2024-03-22
5872,1369,Sports Store,STORAGE,1977,64,1,FAIR,2022-04-03
5873,1369,Sports Hall,GYM,1996,554,2,POOR,2021-01-30
5874,1370,Block B,CLASSROOM,1994,169,1,FAIR,2024-11-21
5875,1370,Administration Building,ADMIN,1983,768,2,GOOD,2020-04-27
5876,1370,Junior Toilets,TOILET_BLOCK,1965,108,1,FAIR,2023-07-22
5877,1370,Assembly Hall,HALL,2000,98,2,GOOD,2024-01-03
5878,1370,Metal Workshop,WORKSHOP,1992,446,1,FAIR,2023-01-09
5879,1370,Sports Pavilion,SPORTS_PAVILION,1998,387,1,GOOD,2021-05-04
5880,1370,School Library,LIBRARY,1982,132,1,FAIR,2020-07-27
5881,1370,Main Gymnasium,GYM,1960,444,1,GOOD,2022-05-17
5882,1370,Maintenance Shed,STORAGE,1957,55,1,FAIR,2024-05-13
5883,1370,Junior Block,CLASSROOM,1977,347,2,GOOD,2021-06-21
5884,1370,Block A,CLASSROOM,1989,238,1,GOOD,2021-06-04
5885,1371,Technology Block,CLASSROOM,1962,700,2,GOOD,2020-07-10
5886,1371,Staff Block,ADMIN,1975,532,2,GOOD,2022-07-21
5887,1371,Staff Facilities,TOILET_BLOCK,1956,352,1,GOOD,2023-07-03
5888,1371,Resource Centre,LIBRARY,1989,602,1,POOR,2024-01-28
5889,1371,Performing Arts Centre,HALL,1989,446,2,GOOD,2022-06-12
5890,1371,Maintenance Shed,STORAGE,1974,58,1,FAIR,2020-05-03
5891,1371,Main Gymnasium,GYM,1953,688,1,GOOD,2023-06-02
5892,1371,Cricket Pavilion,SPORTS_PAVILION,1981,477,1,FAIR,2022-07-03
5893,1372,Block E,CLASSROOM,1973,482,2,POOR,2022-12-10
5894,1372,Staff Block,ADMIN,2009,87,2,POOR,2023-11-07
5895,1372,Sports Amenities,TOILET_BLOCK,1958,466,1,FAIR,2023-12-31
5896,1372,Resource Centre,LIBRARY,1952,199,2,POOR,2021-10-10
5897,1373,Junior Block,CLASSROOM,1972,88,1,GOOD,2021-12-31
5898,1373,Staff Block,ADMIN,1976,480,2,FAIR,2021-06-26
5899,1373,Senior Toilets,TOILET_BLOCK,1988,63,1,FAIR,2021-06-10
5900,1375,Junior Block,CLASSROOM,1965,705,1,GOOD,2024-10-04
5901,1375,Administration Building,ADMIN,1972,736,2,POOR,2023-04-30
5902,1375,Sports Amenities,TOILET_BLOCK,1995,213,1,POOR,2024-06-20
5903,1375,Equipment Store,STORAGE,1954,23,1,GOOD,2020-12-07
5904,1375,Assembly Hall,HALL,1974,798,2,GOOD,2022-07-26
5905,1375,Food Technology,WORKSHOP,1999,55,2,GOOD,2023-11-25
5906,1375,Learning Centre,LIBRARY,1950,583,2,FAIR,2020-06-14
5907,1375,Fitness Centre,GYM,2018,708,2,GOOD,2020-03-02
5908,1376,Block B,CLASSROOM,1991,123,1,POOR,2024-08-29
5909,1376,Administration Building,ADMIN,1976,507,2,POOR,2023-06-20
5910,1376,Junior Toilets,TOILET_BLOCK,1957,60,1,POOR,2022-05-11
5911,1378,Block C,CLASSROOM,1994,635,1,FAIR,2022-05-02
5912,1378,Staff Block,ADMIN,1996,646,1,GOOD,2024-11-14
5913,1378,Junior Toilets,TOILET_BLOCK,2017,609,1,FAIR,2021-09-25
5914,1378,Grounds Shed,STORAGE,1963,97,1,POOR,2023-06-11
5915,1378,School Library,LIBRARY,2016,171,1,GOOD,2022-09-06
5916,1378,Sports Pavilion,SPORTS_PAVILION,2020,89,1,GOOD,2023-02-22
5917,1378,Assembly Hall,HALL,1982,569,1,FAIR,2023-07-05
5918,1378,Technology Workshop,WORKSHOP,2000,673,2,POOR,2023-07-21
5919,1378,Main Gymnasium,GYM,1964,461,1,POOR,2022-08-22
5920,1378,Block D,CLASSROOM,2008,334,2,POOR,2024-11-09
5921,1378,Science Block,CLASSROOM,2012,395,1,FAIR,2023-01-13
5922,1379,Block D,CLASSROOM,1978,119,2,POOR,2024-06-20
5923,1379,Staff Block,ADMIN,1965,198,1,FAIR,2023-01-18
5924,1379,Junior Toilets,TOILET_BLOCK,1968,319,1,FAIR,2020-03-14
5925,1379,Food Technology,WORKSHOP,2006,279,2,GOOD,2024-03-05
5926,1379,School Hall,HALL,2003,172,1,POOR,2024-11-07
5927,1379,Learning Centre,LIBRARY,2019,361,1,GOOD,2024-02-27
5928,1380,Technology Block,CLASSROOM,1977,51,2,FAIR,2022-09-13
5929,1380,Staff Block,ADMIN,1959,225,2,FAIR,2023-08-15
5930,1380,Staff Facilities,TOILET_BLOCK,1954,431,1,GOOD,2021-12-11
5931,1380,Maintenance Shed,STORAGE,2012,95,1,GOOD,2024-02-21
5932,1380,Technology Workshop,WORKSHOP,1994,759,1,GOOD,2021-05-24
5933,1380,School Hall,HALL,1985,620,1,GOOD,2023-10-26
5934,1380,Learning Centre,LIBRARY,1987,475,1,GOOD,2023-12-19
5935,1381,Block E,CLASSROOM,1960,411,2,POOR,2023-11-05
5936,1381,Administration Building,ADMIN,1953,322,2,CRITICAL,2020-10-29
5937,1381,Junior Toilets,TOILET_BLOCK,1975,635,1,FAIR,2020-06-25
5938,1381,Equipment Store,STORAGE,2001,63,1,GOOD,2021-03-09
5939,1381,Changing Rooms,SPORTS_PAVILION,1980,611,1,GOOD,2021-04-26
5940,1381,School Hall,HALL,2008,744,2,FAIR,2022-01-01
5941,1381,Resource Centre,LIBRARY,1991,441,1,FAIR,2021-09-23
5942,1381,Main Gymnasium,GYM,1958,269,1,GOOD,2022-04-01
5943,1382,Block C,CLASSROOM,1958,397,1,POOR,2023-01-28
5944,1382,Main Office,ADMIN,2001,376,2,POOR,2021-02-07
5945,1382,Sports Amenities,TOILET_BLOCK,1979,87,1,POOR,2024-04-29
5946,1382,School Library,LIBRARY,2012,678,1,FAIR,2023-03-30
5947,1382,Grounds Shed,STORAGE,1957,41,1,GOOD,2022-04-15
5948,1382,School Hall,HALL,2000,358,1,GOOD,2023-02-15
5949,1382,Changing Rooms,SPORTS_PAVILION,1969,96,1,FAIR,2021-10-11
5950,1383,Block A,CLASSROOM,1997,184,2,GOOD,2021-11-08
5951,1383,Main Office,ADMIN,1975,745,1,FAIR,2024-02-16
5952,1383,Junior Toilets,TOILET_BLOCK,1966,161,1,POOR,2021-08-17
5953,1383,Fitness Centre,GYM,2000,416,1,GOOD,2023-04-11
5954,1383,Food Technology,WORKSHOP,1989,482,1,FAIR,2024-09-30
5955,1383,Changing Rooms,SPORTS_PAVILION,1975,142,1,FAIR,2021-06-07
5956,1383,Resource Centre,LIBRARY,1973,394,1,GOOD,2020-06-12
5957,1383,Assembly Hall,HALL,1998,661,2,FAIR,2021-02-28
5958,1383,Sports Store,STORAGE,1999,25,1,FAIR,2020-09-25
5959,1383,Technology Block,CLASSROOM,2011,93,2,FAIR,2020-04-26
5960,1383,Technology Block,CLASSROOM,1962,760,2,FAIR,2024-01-17
5961,1384,Block D,CLASSROOM,1967,717,1,GOOD,2024-11-19
5962,1384,Main Office,ADMIN,1958,727,2,GOOD,2022-02-10
5963,1384,Sports Amenities,TOILET_BLOCK,1995,79,1,GOOD,2023-09-19
5964,1384,Cricket Pavilion,SPORTS_PAVILION,2015,272,1,POOR,2023-08-03
5965,1384,Technology Workshop,WORKSHOP,1955,180,2,CRITICAL,2023-05-30
5966,1384,Main Gymnasium,GYM,1978,629,2,GOOD,2020-06-22
5967,1384,Performing Arts Centre,HALL,1975,592,2,FAIR,2024-06-01
5968,1384,School Library,LIBRARY,2018,712,1,FAIR,2022-01-15
5969,1385,Arts Block,CLASSROOM,1951,634,1,GOOD,2024-04-08
5970,1385,Staff Block,ADMIN,2011,360,1,CRITICAL,2022-08-01
5971,1385,Junior Toilets,TOILET_BLOCK,2020,514,1,GOOD,2024-11-22
5972,1385,Fitness Centre,GYM,1965,322,1,POOR,2024-04-16
5973,1385,Resource Centre,LIBRARY,1976,354,2,FAIR,2020-08-09
5974,1386,Block E,CLASSROOM,1989,762,2,POOR,2020-01-25
5975,1386,Staff Block,ADMIN,2008,112,2,FAIR,2020-02-07
5976,1386,Junior Toilets,TOILET_BLOCK,1970,697,1,FAIR,2020-11-18
5977,1386,Food Technology,WORKSHOP,1950,226,1,FAIR,2022-09-24
5978,1386,Learning Centre,LIBRARY,1996,391,2,GOOD,2020-12-03
5979,1386,Cricket Pavilion,SPORTS_PAVILION,1952,82,1,GOOD,2023-02-15
5980,1386,Equipment Store,STORAGE,1992,25,1,GOOD,2022-03-05
5981,1386,Performing Arts Centre,HALL,2022,644,1,GOOD,2021-09-14
5982,1386,Sports Hall,GYM,2005,257,1,GOOD,2020-05-03
5983,1386,Block E,CLASSROOM,1971,777,2,CRITICAL,2021-11-01
5984,1387,Junior Block,CLASSROOM,1989,775,1,GOOD,2022-06-27
5985,1387,Administration Building,ADMIN,2002,131,1,FAIR,2020-04-11
5986,1387,Sports Amenities,TOILET_BLOCK,1988,407,1,GOOD,2021-11-12
5987,1387,Wood Workshop,WORKSHOP,1967,145,1,FAIR,2021-07-07
5988,1387,Resource Centre,LIBRARY,1968,80,1,FAIR,2022-04-27
5989,1387,Sports Hall,GYM,2005,342,2,GOOD,2024-11-29
5990,1387,Assembly Hall,HALL,1961,671,2,GOOD,2024-03-12
5991,1387,Changing Rooms,SPORTS_PAVILION,1979,553,1,FAIR,2021-09-27
5992,1388,Science Block,CLASSROOM,1989,90,1,FAIR,2023-08-29
5993,1388,Main Office,ADMIN,1950,557,2,GOOD,2022-01-16
5994,1388,Sports Amenities,TOILET_BLOCK,1973,103,1,GOOD,2020-03-08
5995,1388,Changing Rooms,SPORTS_PAVILION,1974,152,1,GOOD,2020-09-26
5996,1388,Equipment Store,STORAGE,1977,86,1,GOOD,2024-05-06
5997,1388,Learning Centre,LIBRARY,2020,486,1,GOOD,2022-07-09
5998,1388,Metal Workshop,WORKSHOP,1971,677,2,POOR,2021-02-05
5999,1388,Performing Arts Centre,HALL,2001,600,2,CRITICAL,2024-02-01
6000,1388,Sports Hall,GYM,1983,206,2,GOOD,2020-02-25
6001,1389,Block E,CLASSROOM,1981,94,2,FAIR,2020-04-19
6002,1389,Staff Block,ADMIN,2002,309,1,FAIR,2021-07-23
6003,1389,Senior Toilets,TOILET_BLOCK,1997,98,1,GOOD,2024-02-02
6004,1389,Performing Arts Centre,HALL,1950,417,2,GOOD,2022-11-27
6005,1389,Resource Centre,LIBRARY,1988,291,2,POOR,2022-02-01
6006,1390,Junior Block,CLASSROOM,1994,378,1,GOOD,2023-01-21
6007,1390,Main Office,ADMIN,1978,545,1,POOR,2022-05-21
6008,1390,Junior Toilets,TOILET_BLOCK,1999,754,1,GOOD,2022-10-12
6009,1390,Metal Workshop,WORKSHOP,2006,594,2,FAIR,2021-11-29
6010,1390,Sports Pavilion,SPORTS_PAVILION,2015,97,1,FAIR,2024-03-03
6011,1390,Performing Arts Centre,HALL,2002,81,1,POOR,2020-10-15
6012,1390,Main Gymnasium,GYM,2017,84,2,GOOD,2022-08-31
6013,1390,Grounds Shed,STORAGE,2003,32,1,GOOD,2020-07-01
6014,1391,Block A,CLASSROOM,1954,383,2,POOR,2020-06-30
6015,1391,Main Office,ADMIN,1955,439,2,FAIR,2022-10-12
6016,1391,Staff Facilities,TOILET_BLOCK,2017,148,1,GOOD,2021-04-25
6017,1391,School Hall,HALL,2014,440,2,GOOD,2022-11-01
6018,1391,Sports Store,STORAGE,1969,38,1,GOOD,2024-11-01
6019,1391,Metal Workshop,WORKSHOP,1960,628,1,GOOD,2024-05-24
6020,1391,Sports Pavilion,SPORTS_PAVILION,2007,517,1,FAIR,2024-11-09
6021,1391,Resource Centre,LIBRARY,1954,167,2,POOR,2020-03-23
6022,1392,Science Block,CLASSROOM,1969,172,2,GOOD,2024-06-12
6023,1392,Staff Block,ADMIN,2021,727,1,FAIR,2022-04-12
6024,1392,Senior Toilets,TOILET_BLOCK,2009,677,1,FAIR,2021-04-25
6025,1392,Maintenance Shed,STORAGE,1972,80,1,FAIR,2021-01-12
6026,1392,Main Gymnasium,GYM,1997,244,2,POOR,2024-11-19
6027,1392,School Library,LIBRARY,1960,675,1,GOOD,2020-06-04
6028,1393,Block B,CLASSROOM,1956,132,2,CRITICAL,2023-12-24
6029,1393,Administration Building,ADMIN,2007,392,2,GOOD,2022-08-10
6030,1393,Junior Toilets,TOILET_BLOCK,2003,765,1,GOOD,2022-11-09
6031,1393,Learning Centre,LIBRARY,2015,510,1,GOOD,2022-05-12
6032,1393,Performing Arts Centre,HALL,1995,127,1,GOOD,2020-04-17
6033,1394,Science Block,CLASSROOM,1978,566,2,POOR,2021-01-19
6034,1394,Staff Block,ADMIN,1961,278,1,POOR,2022-05-28
6035,1394,Junior Toilets,TOILET_BLOCK,2014,204,1,FAIR,2023-07-02
6036,1394,Wood Workshop,WORKSHOP,1955,725,1,GOOD,2023-09-04
6037,1394,Sports Hall,GYM,1985,67,1,FAIR,2022-02-22
6038,1394,Grounds Shed,STORAGE,1993,37,1,GOOD,2022-09-26
6039,1394,Assembly Hall,HALL,1987,490,2,FAIR,2022-05-06
6040,1394,Resource Centre,LIBRARY,1972,336,1,FAIR,2023-01-26
6041,1394,Cricket Pavilion,SPORTS_PAVILION,2000,256,1,FAIR,2024-06-03
6042,1394,Block C,CLASSROOM,2005,507,2,POOR,2020-06-14
6043,1394,Block A,CLASSROOM,1998,50,2,FAIR,2024-05-08
6044,1395,Technology Block,CLASSROOM,1983,692,1,GOOD,2023-05-30
6045,1395,Staff Block,ADMIN,1999,270,2,GOOD,2022-06-22
6046,1395,Junior Toilets,TOILET_BLOCK,1987,713,1,GOOD,2023-08-25
6047,1395,Metal Workshop,WORKSHOP,1951,517,1,FAIR,2024-10-15
6048,1395,Sports Hall,GYM,1972,103,1,GOOD,2024-09-24
6049,1395,School Library,LIBRARY,1965,664,2,GOOD,2021-11-08
6050,1396,Block E,CLASSROOM,2021,605,2,POOR,2024-04-07
6051,1396,Staff Block,ADMIN,2007,85,2,FAIR,2024-02-13
6052,1396,Senior Toilets,TOILET_BLOCK,1957,146,1,FAIR,2021-06-25
6053,1396,School Library,LIBRARY,1950,521,1,GOOD,2022-04-24
6054,1396,Metal Workshop,WORKSHOP,1959,51,1,GOOD,2022-10-14
6055,1396,Main Gymnasium,GYM,1993,726,1,FAIR,2022-10-06
6056,1396,Sports Store,STORAGE,1958,72,1,GOOD,2024-07-18
6057,1396,Sports Pavilion,SPORTS_PAVILION,1972,662,1,GOOD,2024-09-25
6058,1396,School Hall,HALL,1969,385,1,FAIR,2024-03-09
6059,1396,Block A,CLASSROOM,2018,277,2,FAIR,2022-10-05
6060,1397,Block C,CLASSROOM,1970,564,2,POOR,2022-02-02
6061,1397,Staff Block,ADMIN,2017,216,1,POOR,2024-05-11
6062,1397,Senior Toilets,TOILET_BLOCK,2012,626,1,GOOD,2023-08-25
6063,1397,Performing Arts Centre,HALL,2014,713,2,FAIR,2021-04-01
6064,1397,Cricket Pavilion,SPORTS_PAVILION,1955,168,1,GOOD,2021-11-18
6065,1397,Learning Centre,LIBRARY,1988,362,1,GOOD,2024-05-16
6066,1398,Technology Block,CLASSROOM,1962,173,1,FAIR,2023-03-11
6067,1398,Staff Block,ADMIN,1999,201,1,POOR,2021-04-23
6068,1398,Staff Facilities,TOILET_BLOCK,1969,401,1,FAIR,2023-06-20
6069,1398,Equipment Store,STORAGE,2012,94,1,CRITICAL,2020-03-01
6070,1398,Fitness Centre,GYM,2020,781,1,FAIR,2022-12-21
6071,1399,Block B,CLASSROOM,1969,599,1,FAIR,2023-04-02
6072,1399,Staff Block,ADMIN,1993,516,1,GOOD,2023-03-18
6073,1399,Junior Toilets,TOILET_BLOCK,2002,528,1,FAIR,2022-01-06
6074,1399,School Library,LIBRARY,1992,333,2,FAIR,2023-05-23
6075,1399,Sports Store,STORAGE,2006,54,1,GOOD,2023-04-14
6076,1399,Wood Workshop,WORKSHOP,1950,545,1,FAIR,2023-06-21
6077,1400,Senior Block,CLASSROOM,1966,619,1,FAIR,2020-04-13
6078,1400,Staff Block,ADMIN,1952,443,2,FAIR,2023-04-26
6079,1400,Staff Facilities,TOILET_BLOCK,1961,281,1,GOOD,2020-12-11
6080,1400,Learning Centre,LIBRARY,2018,469,1,FAIR,2023-10-30
6081,1401,Junior Block,CLASSROOM,1989,360,1,FAIR,2023-08-13
6082,1401,Staff Block,ADMIN,1960,768,2,FAIR,2022-11-04
6083,1401,Staff Facilities,TOILET_BLOCK,1975,603,1,FAIR,2022-08-05
6084,1401,Grounds Shed,STORAGE,2008,45,1,GOOD,2020-12-26
6085,1401,School Hall,HALL,2021,274,1,POOR,2020-08-04
6086,1401,Wood Workshop,WORKSHOP,1965,676,1,POOR,2023-12-25
6087,1401,Resource Centre,LIBRARY,1974,624,1,FAIR,2021-09-22
6088,1401,Main Gymnasium,GYM,2018,700,1,GOOD,2022-01-01
6089,1401,Cricket Pavilion,SPORTS_PAVILION,2017,723,1,GOOD,2023-05-27
6090,1402,Block C,CLASSROOM,1988,554,2,GOOD,2020-02-08
6091,1402,Main Office,ADMIN,2021,97,2,GOOD,2021-04-18
6092,1402,Sports Amenities,TOILET_BLOCK,1974,256,1,POOR,2021-01-06
6093,1402,Assembly Hall,HALL,1983,761,1,FAIR,2023-12-02
6094,1402,Resource Centre,LIBRARY,1957,276,1,GOOD,2020-04-30
6095,1402,Fitness Centre,GYM,2012,491,2,FAIR,2024-05-09
6096,1403,Senior Block,CLASSROOM,1974,136,1,GOOD,2020-03-02
6097,1403,Staff Block,ADMIN,2019,783,1,POOR,2020-12-08
6098,1403,Staff Facilities,TOILET_BLOCK,1983,744,1,POOR,2023-04-08
6099,1403,Food Technology,WORKSHOP,1990,330,1,GOOD,2020-01-20
6100,1403,Fitness Centre,GYM,1980,464,2,FAIR,2021-08-15
6101,1404,Block C,CLASSROOM,1952,356,1,GOOD,2024-07-15
6102,1404,Administration Building,ADMIN,1963,733,1,GOOD,2022-10-02
6103,1404,Junior Toilets,TOILET_BLOCK,1990,58,1,GOOD,2023-06-30
6104,1404,Wood Workshop,WORKSHOP,1990,197,1,FAIR,2021-11-11
6105,1404,School Library,LIBRARY,1952,310,1,CRITICAL,2020-12-18
6106,1404,Sports Hall,GYM,1985,544,2,CRITICAL,2022-07-17
6107,1404,Cricket Pavilion,SPORTS_PAVILION,1960,121,1,POOR,2020-05-01
6108,1405,Block A,CLASSROOM,1988,471,2,GOOD,2020-01-03
6109,1405,Staff Block,ADMIN,1997,660,2,FAIR,2021-11-23
6110,1405,Junior Toilets,TOILET_BLOCK,1992,271,1,FAIR,2020-04-28
6111,1406,Block C,CLASSROOM,1975,333,1,POOR,2023-06-29
6112,1406,Main Office,ADMIN,1970,109,2,GOOD,2024-09-27
6113,1406,Junior Toilets,TOILET_BLOCK,2008,212,1,GOOD,2020-01-26
6114,1406,Learning Centre,LIBRARY,1987,231,1,FAIR,2023-04-02
6115,1406,Metal Workshop,WORKSHOP,2018,455,2,FAIR,2023-11-27
6116,1407,Junior Block,CLASSROOM,1961,523,1,GOOD,2022-03-03
6117,1407,Staff Block,ADMIN,1953,112,1,FAIR,2024-07-02
6118,1407,Junior Toilets,TOILET_BLOCK,1976,83,1,FAIR,2020-03-22
6119,1407,Sports Hall,GYM,1965,366,1,FAIR,2023-11-12
6120,1407,Maintenance Shed,STORAGE,1950,92,1,FAIR,2023-10-03
6121,1407,Performing Arts Centre,HALL,1987,617,2,GOOD,2022-02-15
6122,1407,Learning Centre,LIBRARY,2006,261,2,FAIR,2020-03-07
6123,1408,Block E,CLASSROOM,1972,58,1,FAIR,2021-12-24
6124,1408,Main Office,ADMIN,1984,368,2,CRITICAL,2022-06-13
6125,1408,Junior Toilets,TOILET_BLOCK,1992,347,1,POOR,2023-02-13
6126,1408,Sports Store,STORAGE,1996,98,1,FAIR,2023-09-13
6127,1408,Fitness Centre,GYM,2001,107,1,FAIR,2021-05-10
6128,1408,Sports Pavilion,SPORTS_PAVILION,1988,561,1,CRITICAL,2023-10-04
6129,1408,Food Technology,WORKSHOP,1965,504,1,POOR,2021-05-29
6130,1409,Block B,CLASSROOM,2014,376,2,FAIR,2023-12-19
6131,1409,Administration Building,ADMIN,1994,760,1,FAIR,2023-01-22
6132,1409,Junior Toilets,TOILET_BLOCK,1950,440,1,GOOD,2021-07-10
6133,1409,Grounds Shed,STORAGE,2009,54,1,FAIR,2021-12-07
6134,1409,School Hall,HALL,1960,781,1,GOOD,2024-06-08
6135,1409,Sports Hall,GYM,1958,511,1,GOOD,2020-08-19
6136,1409,School Library,LIBRARY,1956,716,2,GOOD,2024-07-22
6137,1409,Food Technology,WORKSHOP,2005,227,2,GOOD,2022-11-24
6138,1409,Changing Rooms,SPORTS_PAVILION,1969,791,1,CRITICAL,2021-02-25
6139,1409,Science Block,CLASSROOM,1988,328,1,CRITICAL,2021-02-12
6140,1409,Junior Block,CLASSROOM,1970,552,1,GOOD,2022-07-21
6141,1410,Block C,CLASSROOM,1980,762,1,FAIR,2022-04-25
6142,1410,Staff Block,ADMIN,1952,726,2,FAIR,2024-02-23
6143,1410,Senior Toilets,TOILET_BLOCK,2010,103,1,FAIR,2022-08-09
6144,1410,Fitness Centre,GYM,1999,83,1,FAIR,2020-11-09
6145,1410,Wood Workshop,WORKSHOP,1988,280,2,GOOD,2023-09-06
6146,1410,Cricket Pavilion,SPORTS_PAVILION,1992,642,1,GOOD,2024-02-16
6147,1411,Block A,CLASSROOM,1962,507,2,GOOD,2020-03-02
6148,1411,Main Office,ADMIN,1978,180,2,FAIR,2023-10-09
6149,1411,Senior Toilets,TOILET_BLOCK,2018,358,1,FAIR,2022-11-06
6150,1411,Sports Store,STORAGE,2010,41,1,GOOD,2021-03-08
6151,1411,Metal Workshop,WORKSHOP,1988,533,1,FAIR,2024-01-09
6152,1411,Changing Rooms,SPORTS_PAVILION,2000,371,1,FAIR,2022-05-21
6153,1411,Main Gymnasium,GYM,1996,363,1,POOR,2022-10-08
6154,1411,School Hall,HALL,1982,503,1,POOR,2022-10-06
6155,1412,Technology Block,CLASSROOM,2001,242,1,FAIR,2023-01-06
6156,1412,Main Office,ADMIN,2018,427,2,GOOD,2023-11-02
6157,1412,Sports Amenities,TOILET_BLOCK,1966,219,1,FAIR,2023-10-02
6158,1412,Resource Centre,LIBRARY,1978,577,1,POOR,2023-03-28
6159,1412,Maintenance Shed,STORAGE,1990,69,1,GOOD,2024-07-29
6160,1412,Sports Pavilion,SPORTS_PAVILION,1975,526,1,GOOD,2023-11-10
6161,1412,Sports Hall,GYM,1982,189,2,FAIR,2024-06-23
6162,1413,Senior Block,CLASSROOM,1970,778,2,CRITICAL,2020-12-03
6163,1413,Administration Building,ADMIN,2017,777,2,FAIR,2020-12-10
6164,1413,Junior Toilets,TOILET_BLOCK,2022,756,1,GOOD,2023-12-26
6165,1413,Changing Rooms,SPORTS_PAVILION,1968,140,1,POOR,2021-04-17
6166,1413,Sports Store,STORAGE,1967,68,1,GOOD,2022-07-06
6167,1413,Main Gymnasium,GYM,1976,717,1,GOOD,2022-04-09
6168,1413,Learning Centre,LIBRARY,1996,369,1,FAIR,2022-03-04
6169,1413,School Hall,HALL,1976,546,2,FAIR,2022-07-06
6170,1414,Block C,CLASSROOM,1962,73,1,POOR,2023-12-27
6171,1414,Staff Block,ADMIN,1967,382,1,GOOD,2021-09-08
6172,1414,Staff Facilities,TOILET_BLOCK,1980,190,1,CRITICAL,2024-11-13
6173,1414,Assembly Hall,HALL,1992,780,1,GOOD,2020-05-03
6174,1416,Arts Block,CLASSROOM,1969,231,1,GOOD,2020-05-10
6175,1416,Main Office,ADMIN,1983,255,2,GOOD,2020-06-28
6176,1416,Staff Facilities,TOILET_BLOCK,1988,245,1,GOOD,2022-01-29
6177,1416,Resource Centre,LIBRARY,1996,610,1,GOOD,2022-10-03
6178,1416,Sports Pavilion,SPORTS_PAVILION,1950,732,1,FAIR,2023-08-20
6179,1416,Sports Store,STORAGE,1980,97,1,POOR,2021-01-19
6180,1416,Performing Arts Centre,HALL,1955,383,2,FAIR,2023-02-15
6181,1416,Main Gymnasium,GYM,2010,412,2,FAIR,2022-07-25
6182,1417,Block D,CLASSROOM,1953,625,2,GOOD,2020-12-07
6183,1417,Staff Block,ADMIN,1966,252,2,FAIR,2022-12-19
6184,1417,Staff Facilities,TOILET_BLOCK,1964,275,1,POOR,2023-07-31
6185,1417,Resource Centre,LIBRARY,2008,349,2,POOR,2023-09-16
6186,1417,Metal Workshop,WORKSHOP,1972,405,1,FAIR,2024-11-30
6187,1417,Sports Pavilion,SPORTS_PAVILION,1965,621,1,FAIR,2021-04-01
6188,1417,Assembly Hall,HALL,1968,317,2,GOOD,2023-04-23
6189,1417,Main Gymnasium,GYM,1974,715,1,POOR,2021-05-15
6190,1418,Senior Block,CLASSROOM,1956,762,2,GOOD,2020-12-21
6191,1418,Staff Block,ADMIN,1953,187,1,GOOD,2020-05-31
6192,1418,Sports Amenities,TOILET_BLOCK,2018,176,1,GOOD,2024-02-01
6193,1418,Sports Hall,GYM,1965,108,1,GOOD,2021-03-18
6194,1418,Cricket Pavilion,SPORTS_PAVILION,2014,716,1,GOOD,2021-03-26
6195,1419,Technology Block,CLASSROOM,1968,782,2,POOR,2022-10-28
6196,1419,Staff Block,ADMIN,2000,673,1,FAIR,2021-03-09
6197,1419,Senior Toilets,TOILET_BLOCK,2000,508,1,FAIR,2021-07-22
6198,1419,Main Gymnasium,GYM,1967,216,2,GOOD,2020-07-26
6199,1419,Cricket Pavilion,SPORTS_PAVILION,2000,775,1,POOR,2022-12-18
6200,1419,Grounds Shed,STORAGE,1991,30,1,FAIR,2024-03-12
6201,1419,School Library,LIBRARY,2016,504,1,GOOD,2023-11-03
6202,1419,Technology Workshop,WORKSHOP,1970,617,1,GOOD,2020-01-31
6203,1420,Block B,CLASSROOM,2014,764,2,GOOD,2023-07-24
6204,1420,Staff Block,ADMIN,1988,389,1,GOOD,2023-12-07
6205,1420,Staff Facilities,TOILET_BLOCK,1978,131,1,GOOD,2021-12-16
6206,1420,Equipment Store,STORAGE,2019,33,1,FAIR,2021-09-10
6207,1421,Block D,CLASSROOM,1954,563,1,POOR,2022-10-18
6208,1421,Main Office,ADMIN,2014,746,2,POOR,2020-08-27
6209,1421,Junior Toilets,TOILET_BLOCK,1967,436,1,POOR,2021-09-10
6210,1421,Sports Pavilion,SPORTS_PAVILION,1980,543,1,POOR,2023-04-21
6211,1421,School Library,LIBRARY,2013,701,1,GOOD,2022-05-24
6212,1421,Fitness Centre,GYM,1964,471,2,GOOD,2022-05-14
6213,1421,Sports Store,STORAGE,1951,21,1,FAIR,2024-09-12
6214,1421,Technology Workshop,WORKSHOP,2007,432,1,GOOD,2022-06-24
6215,1422,Block E,CLASSROOM,1952,557,1,FAIR,2024-02-12
6216,1422,Administration Building,ADMIN,2020,528,2,FAIR,2020-04-01
6217,1422,Staff Facilities,TOILET_BLOCK,2008,679,1,FAIR,2024-02-18
6218,1422,Technology Workshop,WORKSHOP,1990,159,1,FAIR,2024-04-03
6219,1422,Equipment Store,STORAGE,2020,76,1,GOOD,2020-03-16
6220,1422,Learning Centre,LIBRARY,1991,429,1,GOOD,2023-03-16
6221,1422,Main Gymnasium,GYM,1982,607,2,POOR,2020-12-29
6222,1423,Block E,CLASSROOM,1966,527,1,POOR,2022-08-13
6223,1423,Staff Block,ADMIN,1991,75,1,FAIR,2022-08-18
6224,1423,Staff Facilities,TOILET_BLOCK,2016,427,1,FAIR,2021-03-31
6225,1423,School Hall,HALL,1993,461,2,POOR,2021-07-13
6226,1423,Sports Pavilion,SPORTS_PAVILION,1965,796,1,FAIR,2020-02-29
6227,1423,Metal Workshop,WORKSHOP,2011,319,2,FAIR,2022-06-15
6228,1423,Resource Centre,LIBRARY,2005,328,1,FAIR,2021-12-31
6229,1423,Sports Store,STORAGE,1981,51,1,CRITICAL,2022-09-26
6230,1423,Main Gymnasium,GYM,1967,563,1,FAIR,2020-12-09
6231,1423,Junior Block,CLASSROOM,1987,584,2,FAIR,2024-09-15
6232,1423,Science Block,CLASSROOM,2022,537,1,GOOD,2020-12-21
6233,1424,Block E,CLASSROOM,2007,268,1,GOOD,2022-02-18
6234,1424,Main Office,ADMIN,1979,288,1,POOR,2023-03-09
6235,1424,Senior Toilets,TOILET_BLOCK,1960,181,1,GOOD,2022-09-11
6236,1425,Arts Block,CLASSROOM,1972,799,2,FAIR,2020-08-14
6237,1425,Main Office,ADMIN,1984,664,1,FAIR,2020-12-03
6238,1425,Junior Toilets,TOILET_BLOCK,1998,150,1,GOOD,2020-05-23
6239,1425,Learning Centre,LIBRARY,1952,191,1,GOOD,2021-11-05
6240,1426,Block E,CLASSROOM,1989,441,2,POOR,2023-03-18
6241,1426,Staff Block,ADMIN,2008,520,1,FAIR,2020-09-25
6242,1426,Senior Toilets,TOILET_BLOCK,1974,241,1,FAIR,2021-01-17
6243,1426,Fitness Centre,GYM,1970,169,2,FAIR,2021-07-20
6244,1426,Resource Centre,LIBRARY,1961,91,2,FAIR,2022-01-26
6245,1426,Sports Store,STORAGE,1999,26,1,CRITICAL,2020-10-27
6246,1426,Performing Arts Centre,HALL,1979,192,2,POOR,2023-04-08
6247,1426,Cricket Pavilion,SPORTS_PAVILION,1958,516,1,POOR,2022-11-05
6248,1426,Food Technology,WORKSHOP,1986,425,2,GOOD,2022-06-29
6249,1427,Block B,CLASSROOM,2013,300,2,FAIR,2023-12-07
6250,1427,Administration Building,ADMIN,1994,646,2,CRITICAL,2020-06-03
6251,1427,Junior Toilets,TOILET_BLOCK,1976,761,1,FAIR,2024-09-09
6252,1427,Fitness Centre,GYM,1992,138,2,POOR,2023-02-28
6253,1427,Grounds Shed,STORAGE,2007,40,1,FAIR,2020-01-18
6254,1427,Food Technology,WORKSHOP,1958,734,1,FAIR,2021-10-09
6255,1427,Changing Rooms,SPORTS_PAVILION,1976,525,1,GOOD,2021-09-28
6256,1427,School Library,LIBRARY,1966,334,2,POOR,2020-08-13
6257,1427,Performing Arts Centre,HALL,1964,710,1,FAIR,2023-09-30
6258,1427,Block B,CLASSROOM,1980,357,2,GOOD,2022-07-16
6259,1427,Arts Block,CLASSROOM,1990,551,1,FAIR,2021-06-03
6260,1428,Block B,CLASSROOM,1961,79,2,FAIR,2024-11-12
6261,1428,Administration Building,ADMIN,1988,463,1,GOOD,2023-03-05
6262,1428,Sports Amenities,TOILET_BLOCK,1953,592,1,CRITICAL,2023-12-22
6263,1428,Equipment Store,STORAGE,1955,30,1,FAIR,2023-03-30
6264,1428,Assembly Hall,HALL,1964,97,1,GOOD,2021-06-25
6265,1428,Metal Workshop,WORKSHOP,2011,230,2,FAIR,2020-07-13
6266,1428,Sports Pavilion,SPORTS_PAVILION,2019,626,1,FAIR,2023-04-03
6267,1428,Resource Centre,LIBRARY,1993,433,1,GOOD,2024-09-21
6268,1428,Main Gymnasium,GYM,1994,636,2,POOR,2023-01-26
6269,1429,Block E,CLASSROOM,1995,740,1,FAIR,2023-12-30
6270,1429,Staff Block,ADMIN,1960,558,1,GOOD,2023-08-18
6271,1429,Junior Toilets,TOILET_BLOCK,1975,729,1,FAIR,2021-08-18
6272,1429,Technology Workshop,WORKSHOP,1958,587,1,GOOD,2020-05-13
6273,1429,Fitness Centre,GYM,1966,250,1,FAIR,2021-02-05
6274,1429,Changing Rooms,SPORTS_PAVILION,2009,415,1,POOR,2024-10-05
6275,1429,Performing Arts Centre,HALL,2017,655,2,POOR,2024-09-17
6276,1429,Equipment Store,STORAGE,2010,46,1,GOOD,2021-06-10
6277,1429,Resource Centre,LIBRARY,2003,64,2,POOR,2024-01-03
6278,1429,Senior Block,CLASSROOM,1993,672,2,FAIR,2023-06-26
6279,1429,Block C,CLASSROOM,1953,163,1,GOOD,2020-05-13
6280,1429,Block A,CLASSROOM,1963,455,2,POOR,2020-03-26
6281,1430,Junior Block,CLASSROOM,1985,536,1,FAIR,2022-08-29
6282,1430,Staff Block,ADMIN,2004,600,2,GOOD,2022-08-22
6283,1430,Sports Amenities,TOILET_BLOCK,2014,315,1,GOOD,2020-01-22
6284,1430,Assembly Hall,HALL,1957,318,1,POOR,2021-07-24
6285,1430,Fitness Centre,GYM,1990,459,2,GOOD,2024-08-11
6286,1430,Sports Pavilion,SPORTS_PAVILION,1998,122,1,FAIR,2024-01-06
6287,1430,Grounds Shed,STORAGE,1975,74,1,FAIR,2020-01-14
6288,1430,Technology Workshop,WORKSHOP,1986,195,1,GOOD,2022-01-25
6289,1431,Arts Block,CLASSROOM,2006,412,1,POOR,2020-08-13
6290,1431,Main Office,ADMIN,1979,581,1,POOR,2023-06-18
6291,1431,Junior Toilets,TOILET_BLOCK,2005,591,1,GOOD,2024-01-24
6292,1431,Sports Pavilion,SPORTS_PAVILION,2021,196,1,POOR,2023-04-05
6293,1431,School Hall,HALL,2012,172,1,GOOD,2020-06-01
6294,1431,Food Technology,WORKSHOP,1980,741,1,FAIR,2023-09-22
6295,1431,Learning Centre,LIBRARY,1968,602,2,GOOD,2021-12-31
6296,1431,Maintenance Shed,STORAGE,1981,65,1,GOOD,2021-05-26
6297,1431,Sports Hall,GYM,2015,750,1,GOOD,2023-01-08
6298,1432,Science Block,CLASSROOM,2010,251,1,FAIR,2022-06-05
6299,1432,Main Office,ADMIN,1984,441,2,FAIR,2023-04-18
6300,1432,Junior Toilets,TOILET_BLOCK,1981,266,1,POOR,2022-12-09
6301,1432,Fitness Centre,GYM,1991,83,2,POOR,2020-05-12
6302,1432,Changing Rooms,SPORTS_PAVILION,1960,788,1,POOR,2024-10-28
6303,1432,Assembly Hall,HALL,1958,510,1,CRITICAL,2024-06-26
6304,1433,Junior Block,CLASSROOM,1989,247,1,FAIR,2023-12-18
6305,1433,Staff Block,ADMIN,1951,542,2,FAIR,2020-03-24
6306,1433,Staff Facilities,TOILET_BLOCK,1998,300,1,POOR,2020-12-27
6307,1434,Block C,CLASSROOM,1988,114,1,GOOD,2021-11-04
6308,1434,Main Office,ADMIN,1971,155,2,FAIR,2022-11-15
6309,1434,Junior Toilets,TOILET_BLOCK,1987,581,1,FAIR,2021-08-15
6310,1434,Sports Store,STORAGE,1977,99,1,GOOD,2023-05-10
6311,1434,School Library,LIBRARY,1987,71,2,FAIR,2021-07-30
6312,1434,Main Gymnasium,GYM,1955,449,2,POOR,2023-06-18
6313,1434,Changing Rooms,SPORTS_PAVILION,1997,554,1,FAIR,2022-06-23
6314,1435,Block E,CLASSROOM,1951,279,2,FAIR,2020-06-28
6315,1435,Administration Building,ADMIN,1984,708,1,GOOD,2022-09-01
6316,1435,Sports Amenities,TOILET_BLOCK,2017,241,1,FAIR,2022-06-23
6317,1435,Assembly Hall,HALL,2012,177,1,GOOD,2023-09-23
6318,1435,Sports Store,STORAGE,1970,98,1,FAIR,2024-10-31
6319,1436,Block A,CLASSROOM,1967,550,2,GOOD,2020-09-11
6320,1436,Administration Building,ADMIN,1991,479,1,FAIR,2022-03-19
6321,1436,Staff Facilities,TOILET_BLOCK,1951,116,1,POOR,2023-06-22
6322,1436,Sports Hall,GYM,1988,656,2,GOOD,2022-05-06
6323,1436,Assembly Hall,HALL,1962,333,2,POOR,2022-03-14
6324,1436,Sports Pavilion,SPORTS_PAVILION,1974,597,1,POOR,2021-07-21
6325,1436,Grounds Shed,STORAGE,1968,86,1,GOOD,2023-03-02
6326,1436,Resource Centre,LIBRARY,2019,172,1,FAIR,2020-01-01
6327,1436,Wood Workshop,WORKSHOP,1959,784,2,POOR,2024-11-24
6328,1436,Block D,CLASSROOM,1957,410,1,POOR,2021-05-18
6329,1437,Junior Block,CLASSROOM,1973,342,2,FAIR,2023-02-22
6330,1437,Administration Building,ADMIN,1967,606,2,FAIR,2020-03-21
6331,1437,Senior Toilets,TOILET_BLOCK,1983,346,1,GOOD,2022-06-24
6332,1437,Performing Arts Centre,HALL,2004,320,2,FAIR,2023-07-22
6333,1437,Maintenance Shed,STORAGE,2010,40,1,GOOD,2022-06-23
6334,1437,Main Gymnasium,GYM,1962,591,1,POOR,2020-10-18
6335,1437,Technology Workshop,WORKSHOP,1993,270,2,FAIR,2024-08-02
6336,1438,Technology Block,CLASSROOM,2014,490,2,FAIR,2024-06-15
6337,1438,Administration Building,ADMIN,2018,117,1,FAIR,2020-05-11
6338,1438,Sports Amenities,TOILET_BLOCK,1960,715,1,CRITICAL,2024-12-03
6339,1438,Resource Centre,LIBRARY,1952,97,2,GOOD,2021-12-28
6340,1438,Metal Workshop,WORKSHOP,2021,230,1,POOR,2024-02-03
6341,1438,Maintenance Shed,STORAGE,1952,81,1,FAIR,2021-05-01
6342,1438,Fitness Centre,GYM,1988,217,1,POOR,2023-07-02
6343,1439,Block E,CLASSROOM,1984,711,2,GOOD,2023-07-05
6344,1439,Staff Block,ADMIN,1989,169,1,FAIR,2021-03-13
6345,1439,Senior Toilets,TOILET_BLOCK,1978,751,1,GOOD,2021-03-07
6346,1439,Sports Pavilion,SPORTS_PAVILION,2012,678,1,GOOD,2022-11-29
6347,1439,School Hall,HALL,2011,333,2,GOOD,2024-08-11
6348,1439,Learning Centre,LIBRARY,1993,279,1,FAIR,2022-08-31
6349,1439,Fitness Centre,GYM,1950,208,2,GOOD,2024-05-15
6350,1439,Sports Store,STORAGE,1989,28,1,POOR,2021-01-15
6351,1440,Block A,CLASSROOM,1960,237,2,FAIR,2020-05-18
6352,1440,Main Office,ADMIN,2001,324,1,GOOD,2022-05-11
6353,1440,Sports Amenities,TOILET_BLOCK,1963,200,1,GOOD,2021-11-01
6354,1440,Changing Rooms,SPORTS_PAVILION,1959,95,1,POOR,2024-11-11
6355,1440,School Library,LIBRARY,1988,686,2,GOOD,2021-10-11
6356,1440,Equipment Store,STORAGE,1977,38,1,FAIR,2024-10-17
6357,1440,School Hall,HALL,1954,380,2,GOOD,2020-10-24
6358,1440,Technology Workshop,WORKSHOP,2014,84,1,GOOD,2024-01-27
6359,1440,Sports Hall,GYM,1963,194,2,FAIR,2020-10-09
6360,1440,Block C,CLASSROOM,1976,489,2,FAIR,2021-03-13
6361,1441,Block D,CLASSROOM,1965,618,2,POOR,2023-11-17
6362,1441,Main Office,ADMIN,2021,338,2,CRITICAL,2021-06-29
6363,1441,Staff Facilities,TOILET_BLOCK,1975,222,1,FAIR,2020-07-20
6364,1441,Equipment Store,STORAGE,2017,26,1,GOOD,2021-07-28
6365,1441,School Hall,HALL,1977,581,2,GOOD,2021-10-15
6366,1441,Changing Rooms,SPORTS_PAVILION,2016,75,1,GOOD,2022-11-26
6367,1441,Resource Centre,LIBRARY,1968,277,1,POOR,2024-07-01
6368,1441,Main Gymnasium,GYM,1963,755,2,POOR,2021-04-20
6369,1442,Junior Block,CLASSROOM,1968,189,2,GOOD,2024-10-10
6370,1442,Staff Block,ADMIN,1980,369,1,GOOD,2020-12-09
6371,1442,Senior Toilets,TOILET_BLOCK,1961,76,1,GOOD,2024-08-02
6372,1442,Sports Store,STORAGE,1960,94,1,GOOD,2024-01-03
6373,1442,Main Gymnasium,GYM,1956,310,2,GOOD,2021-09-25
6374,1442,Performing Arts Centre,HALL,2013,472,2,FAIR,2021-03-20
6375,1442,Wood Workshop,WORKSHOP,1969,179,2,FAIR,2023-12-25
6376,1442,Changing Rooms,SPORTS_PAVILION,1972,399,1,POOR,2020-08-31
6377,1442,School Library,LIBRARY,1987,741,1,POOR,2020-11-29
6378,1442,Senior Block,CLASSROOM,1986,745,1,GOOD,2021-02-24
6379,1442,Arts Block,CLASSROOM,2019,676,1,GOOD,2023-07-24
6380,1442,Block B,CLASSROOM,1992,692,1,FAIR,2023-02-08
6381,1444,Block C,CLASSROOM,1998,673,1,GOOD,2022-11-08
6382,1444,Administration Building,ADMIN,2009,253,1,FAIR,2021-02-11
6383,1444,Sports Amenities,TOILET_BLOCK,2003,430,1,CRITICAL,2022-04-02
6384,1444,Fitness Centre,GYM,2015,604,1,FAIR,2021-07-20
6385,1444,Maintenance Shed,STORAGE,1985,37,1,GOOD,2020-08-18
6386,1444,Food Technology,WORKSHOP,2019,632,1,POOR,2024-02-07
6387,1445,Block A,CLASSROOM,2004,164,2,POOR,2024-10-26
6388,1445,Administration Building,ADMIN,1985,516,2,POOR,2020-02-18
6389,1445,Senior Toilets,TOILET_BLOCK,1990,177,1,GOOD,2023-09-09
6390,1445,Cricket Pavilion,SPORTS_PAVILION,1955,641,1,POOR,2020-04-23
6391,1445,Assembly Hall,HALL,1961,621,2,GOOD,2022-12-27
6392,1445,Sports Hall,GYM,1987,246,2,FAIR,2020-03-31
6393,1445,Metal Workshop,WORKSHOP,1976,327,1,FAIR,2020-11-26
6394,1445,School Library,LIBRARY,2013,472,2,GOOD,2023-03-29
6395,1445,Sports Store,STORAGE,1975,21,1,GOOD,2020-06-10
6396,1445,Block E,CLASSROOM,1953,668,2,GOOD,2020-05-23
6397,1445,Technology Block,CLASSROOM,1978,619,1,FAIR,2020-01-16
6398,1446,Arts Block,CLASSROOM,1951,392,1,POOR,2020-02-18
6399,1446,Main Office,ADMIN,2016,528,2,FAIR,2023-10-08
6400,1446,Sports Amenities,TOILET_BLOCK,1952,601,1,FAIR,2022-10-12
6401,1446,Resource Centre,LIBRARY,1960,445,2,GOOD,2021-04-12
6402,1446,Main Gymnasium,GYM,1976,764,1,GOOD,2023-12-09
6403,1447,Senior Block,CLASSROOM,2010,528,1,POOR,2020-05-25
6404,1447,Main Office,ADMIN,2001,502,1,GOOD,2020-10-17
6405,1447,Sports Amenities,TOILET_BLOCK,1995,676,1,GOOD,2020-02-18
6406,1447,Sports Store,STORAGE,1978,89,1,FAIR,2023-04-29
6407,1447,Changing Rooms,SPORTS_PAVILION,2002,479,1,GOOD,2023-08-01
6408,1447,Learning Centre,LIBRARY,2015,290,2,GOOD,2021-09-22
6409,1448,Senior Block,CLASSROOM,2013,153,1,POOR,2023-01-31
6410,1448,Administration Building,ADMIN,1974,658,2,FAIR,2022-07-14
6411,1448,Staff Facilities,TOILET_BLOCK,2008,799,1,FAIR,2023-11-10
6412,1448,Sports Hall,GYM,1985,645,1,GOOD,2020-09-02
6413,1448,Sports Store,STORAGE,2021,50,1,GOOD,2023-08-11
6414,1448,Changing Rooms,SPORTS_PAVILION,1951,558,1,GOOD,2020-10-26
6415,1448,Resource Centre,LIBRARY,1978,227,2,GOOD,2021-07-12
6416,1448,Wood Workshop,WORKSHOP,1956,765,2,POOR,2024-11-17
6417,1448,Assembly Hall,HALL,1982,310,2,FAIR,2024-02-20
6418,1448,Block B,CLASSROOM,2007,690,1,FAIR,2023-05-01
6419,1449,Block C,CLASSROOM,1970,164,1,GOOD,2024-04-20
6420,1449,Main Office,ADMIN,1955,94,2,FAIR,2020-10-07
6421,1449,Junior Toilets,TOILET_BLOCK,2002,205,1,POOR,2023-06-23
6422,1450,Science Block,CLASSROOM,1995,289,2,FAIR,2023-06-19
6423,1450,Main Office,ADMIN,2011,508,2,GOOD,2020-12-13
6424,1450,Junior Toilets,TOILET_BLOCK,1993,655,1,GOOD,2020-01-03
6425,1450,Performing Arts Centre,HALL,1969,406,1,FAIR,2020-05-15
6426,1450,Changing Rooms,SPORTS_PAVILION,1985,534,1,GOOD,2024-03-28
6427,1451,Arts Block,CLASSROOM,2021,584,1,GOOD,2020-10-26
6428,1451,Staff Block,ADMIN,1980,539,2,CRITICAL,2021-07-29
6429,1451,Sports Amenities,TOILET_BLOCK,1986,450,1,GOOD,2020-01-15
6430,1451,Changing Rooms,SPORTS_PAVILION,2018,171,1,POOR,2021-05-21
6431,1451,Sports Hall,GYM,1953,489,1,POOR,2020-05-01
6432,1451,Maintenance Shed,STORAGE,1998,24,1,GOOD,2024-05-09
6433,1451,Resource Centre,LIBRARY,1977,447,1,GOOD,2021-12-31
6434,1451,Food Technology,WORKSHOP,2019,780,1,GOOD,2023-02-16
6435,1451,Assembly Hall,HALL,1978,153,2,GOOD,2022-08-23
6436,1451,Science Block,CLASSROOM,1994,182,1,GOOD,2021-09-25
6437,1451,Technology Block,CLASSROOM,1982,432,2,GOOD,2021-08-02
6438,1452,Science Block,CLASSROOM,1965,355,1,FAIR,2022-02-26
6439,1452,Administration Building,ADMIN,1996,381,1,FAIR,2020-12-18
6440,1452,Senior Toilets,TOILET_BLOCK,2005,603,1,FAIR,2023-01-13
6441,1452,Performing Arts Centre,HALL,1972,545,2,FAIR,2020-12-03
6442,1452,Learning Centre,LIBRARY,1953,135,2,GOOD,2021-01-28
6443,1452,Grounds Shed,STORAGE,2001,55,1,CRITICAL,2024-03-01
6444,1452,Fitness Centre,GYM,1981,624,1,POOR,2021-09-01
6445,1452,Cricket Pavilion,SPORTS_PAVILION,2014,455,1,FAIR,2020-10-25
6446,1452,Technology Workshop,WORKSHOP,2015,259,2,FAIR,2021-10-03
6447,1452,Block A,CLASSROOM,1969,764,1,GOOD,2023-01-02
6448,1453,Block D,CLASSROOM,1986,528,2,FAIR,2024-03-30
6449,1453,Administration Building,ADMIN,1969,748,2,FAIR,2021-07-11
6450,1453,Staff Facilities,TOILET_BLOCK,2013,129,1,POOR,2022-07-31
6451,1453,School Hall,HALL,2004,728,2,POOR,2023-01-30
6452,1453,Grounds Shed,STORAGE,1974,49,1,POOR,2021-10-22
6453,1453,Learning Centre,LIBRARY,1980,505,2,GOOD,2022-01-11
6454,1453,Metal Workshop,WORKSHOP,1983,170,2,GOOD,2024-08-26
6455,1453,Cricket Pavilion,SPORTS_PAVILION,1980,148,1,FAIR,2021-04-26
6456,1454,Arts Block,CLASSROOM,2000,164,1,GOOD,2023-08-21
6457,1454,Administration Building,ADMIN,1968,81,2,POOR,2024-01-05
6458,1454,Staff Facilities,TOILET_BLOCK,2005,285,1,GOOD,2024-04-06
6459,1455,Science Block,CLASSROOM,1951,511,2,GOOD,2021-09-21
6460,1455,Staff Block,ADMIN,1958,439,1,FAIR,2024-11-02
6461,1455,Sports Amenities,TOILET_BLOCK,1970,77,1,FAIR,2023-09-15
6462,1455,Learning Centre,LIBRARY,1992,67,2,FAIR,2021-08-16
6463,1455,Equipment Store,STORAGE,1986,50,1,GOOD,2021-02-24
6464,1456,Arts Block,CLASSROOM,1951,179,2,GOOD,2020-08-19
6465,1456,Administration Building,ADMIN,1962,241,2,POOR,2024-05-29
6466,1456,Staff Facilities,TOILET_BLOCK,1989,300,1,POOR,2024-04-02
6467,1456,Equipment Store,STORAGE,2000,31,1,GOOD,2022-09-17
6468,1456,Changing Rooms,SPORTS_PAVILION,2009,586,1,FAIR,2020-06-28
6469,1456,Wood Workshop,WORKSHOP,1999,157,2,POOR,2021-11-23
6470,1456,Main Gymnasium,GYM,2016,362,2,GOOD,2021-05-22
6471,1456,Performing Arts Centre,HALL,1968,346,2,GOOD,2021-07-28
6472,1457,Senior Block,CLASSROOM,1993,225,1,FAIR,2020-10-18
6473,1457,Staff Block,ADMIN,1981,525,1,GOOD,2022-05-12
6474,1457,Sports Amenities,TOILET_BLOCK,1968,787,1,GOOD,2023-01-25
6475,1457,Fitness Centre,GYM,2000,699,2,POOR,2020-02-18
6476,1457,Cricket Pavilion,SPORTS_PAVILION,1986,425,1,FAIR,2022-09-29
6477,1458,Science Block,CLASSROOM,1967,121,2,CRITICAL,2022-10-10
6478,1458,Administration Building,ADMIN,2013,324,2,GOOD,2024-05-01
6479,1458,Senior Toilets,TOILET_BLOCK,1951,162,1,POOR,2023-04-11
6480,1458,Resource Centre,LIBRARY,1997,732,1,CRITICAL,2020-04-24
6481,1458,Wood Workshop,WORKSHOP,2020,350,2,POOR,2023-03-11
6482,1459,Block E,CLASSROOM,1953,171,2,GOOD,2020-12-08
6483,1459,Administration Building,ADMIN,1965,134,1,POOR,2023-04-12
6484,1459,Senior Toilets,TOILET_BLOCK,1979,706,1,CRITICAL,2023-10-31
6485,1459,Sports Pavilion,SPORTS_PAVILION,2001,777,1,FAIR,2023-07-25
6486,1459,Learning Centre,LIBRARY,2021,575,1,POOR,2022-05-28
6487,1459,Sports Hall,GYM,2018,166,1,POOR,2023-08-23
6488,1460,Block C,CLASSROOM,1991,107,1,FAIR,2022-02-15
6489,1460,Administration Building,ADMIN,1999,93,2,GOOD,2022-07-20
6490,1460,Sports Amenities,TOILET_BLOCK,2005,500,1,CRITICAL,2020-02-06
6491,1460,Grounds Shed,STORAGE,2005,69,1,POOR,2024-08-18
6492,1460,School Hall,HALL,2009,166,1,GOOD,2020-03-30
6493,1460,Changing Rooms,SPORTS_PAVILION,1986,383,1,FAIR,2023-02-25
6494,1460,Technology Workshop,WORKSHOP,2002,703,1,GOOD,2022-12-30
6495,1460,Resource Centre,LIBRARY,2010,635,2,FAIR,2023-06-18
6496,1461,Senior Block,CLASSROOM,2008,373,1,GOOD,2020-09-21
6497,1461,Main Office,ADMIN,2018,331,1,POOR,2023-03-17
6498,1461,Sports Amenities,TOILET_BLOCK,2006,566,1,GOOD,2023-07-30
6499,1461,Performing Arts Centre,HALL,2000,539,2,FAIR,2021-05-13
6500,1461,Changing Rooms,SPORTS_PAVILION,1959,103,1,POOR,2023-06-27
6501,1461,Metal Workshop,WORKSHOP,1988,96,2,FAIR,2023-02-06
6502,1461,Fitness Centre,GYM,2008,630,1,POOR,2020-06-08
6503,1461,Learning Centre,LIBRARY,2016,288,1,POOR,2023-04-19
6504,1462,Arts Block,CLASSROOM,2014,420,2,GOOD,2024-01-21
6505,1462,Staff Block,ADMIN,1956,441,2,GOOD,2022-01-19
6506,1462,Senior Toilets,TOILET_BLOCK,2004,794,1,GOOD,2020-07-19
6507,1462,Sports Pavilion,SPORTS_PAVILION,2012,526,1,GOOD,2021-03-30
6508,1462,Wood Workshop,WORKSHOP,1998,388,1,FAIR,2020-11-11
6509,1462,Maintenance Shed,STORAGE,1983,65,1,POOR,2023-02-27
6510,1462,Sports Hall,GYM,2005,737,1,CRITICAL,2023-11-15
6511,1462,Resource Centre,LIBRARY,2019,70,2,GOOD,2020-07-28
6512,1462,Assembly Hall,HALL,1956,143,1,GOOD,2020-11-05
6513,1463,Block D,CLASSROOM,1955,181,2,FAIR,2021-01-19
6514,1463,Main Office,ADMIN,2016,687,1,POOR,2023-05-11
6515,1463,Senior Toilets,TOILET_BLOCK,2004,454,1,GOOD,2023-04-28
6516,1463,Maintenance Shed,STORAGE,1985,31,1,FAIR,2022-02-18
6517,1463,Metal Workshop,WORKSHOP,1978,383,2,GOOD,2020-01-31
6518,1463,Learning Centre,LIBRARY,2018,346,1,GOOD,2024-06-11
6519,1463,Main Gymnasium,GYM,2003,159,2,GOOD,2021-01-23
6520,1463,Changing Rooms,SPORTS_PAVILION,1983,745,1,POOR,2022-03-21
6521,1464,Technology Block,CLASSROOM,2003,794,2,FAIR,2020-03-10
6522,1464,Main Office,ADMIN,1952,548,1,FAIR,2021-08-07
6523,1464,Senior Toilets,TOILET_BLOCK,1986,485,1,GOOD,2021-09-27
6524,1464,School Hall,HALL,1968,559,2,GOOD,2021-02-19
6525,1464,Equipment Store,STORAGE,2012,46,1,GOOD,2021-08-20
6526,1464,Technology Workshop,WORKSHOP,2007,264,1,FAIR,2023-06-22
6527,1464,School Library,LIBRARY,2019,227,1,GOOD,2022-02-01
6528,1464,Cricket Pavilion,SPORTS_PAVILION,1995,509,1,GOOD,2020-06-22
6529,1465,Block E,CLASSROOM,1992,201,1,FAIR,2022-08-05
6530,1465,Main Office,ADMIN,2005,679,2,GOOD,2021-12-08
6531,1465,Senior Toilets,TOILET_BLOCK,1989,503,1,GOOD,2020-05-05
6532,1466,Block D,CLASSROOM,1965,447,1,FAIR,2023-10-19
6533,1466,Staff Block,ADMIN,2014,160,2,CRITICAL,2022-10-12
6534,1466,Sports Amenities,TOILET_BLOCK,1969,717,1,GOOD,2023-08-08
6535,1466,Performing Arts Centre,HALL,2018,194,1,GOOD,2021-11-13
6536,1467,Block B,CLASSROOM,1983,243,1,GOOD,2024-08-24
6537,1467,Administration Building,ADMIN,1972,675,1,GOOD,2021-08-29
6538,1467,Staff Facilities,TOILET_BLOCK,1959,347,1,GOOD,2020-01-02
6539,1467,Assembly Hall,HALL,2004,78,2,GOOD,2020-02-14
6540,1467,Sports Hall,GYM,2004,365,1,GOOD,2021-05-16
6541,1467,Sports Pavilion,SPORTS_PAVILION,1975,607,1,FAIR,2020-06-30
6542,1467,Food Technology,WORKSHOP,2022,256,1,GOOD,2020-01-01
6543,1467,School Library,LIBRARY,1957,271,2,FAIR,2023-03-16
6544,1467,Maintenance Shed,STORAGE,2001,98,1,POOR,2021-07-29
6545,1467,Block E,CLASSROOM,2003,706,1,GOOD,2022-02-19
6546,1467,Block D,CLASSROOM,1990,112,2,POOR,2022-02-08
6547,1467,Block E,CLASSROOM,2020,691,2,FAIR,2022-04-15
6548,1468,Junior Block,CLASSROOM,1972,656,2,CRITICAL,2023-02-10
6549,1468,Administration Building,ADMIN,1964,174,1,POOR,2020-05-07
6550,1468,Senior Toilets,TOILET_BLOCK,1988,293,1,GOOD,2022-09-27
6551,1468,Sports Hall,GYM,1955,566,2,FAIR,2024-10-01
6552,1468,School Library,LIBRARY,2006,205,1,GOOD,2021-03-09
6553,1470,Senior Block,CLASSROOM,1984,394,2,GOOD,2023-06-21
6554,1470,Staff Block,ADMIN,2015,247,2,GOOD,2020-12-02
6555,1470,Staff Facilities,TOILET_BLOCK,1999,385,1,POOR,2022-01-10
6556,1470,Performing Arts Centre,HALL,1959,256,2,GOOD,2020-02-07
6557,1470,Cricket Pavilion,SPORTS_PAVILION,2020,507,1,GOOD,2023-09-23
6558,1470,Grounds Shed,STORAGE,1978,64,1,FAIR,2021-07-18
6559,1470,Wood Workshop,WORKSHOP,1987,161,2,GOOD,2020-05-15
6560,1470,Resource Centre,LIBRARY,1967,355,1,GOOD,2020-04-06
6561,1470,Sports Hall,GYM,1958,438,1,GOOD,2020-01-17
6562,1471,Block E,CLASSROOM,1977,193,1,POOR,2022-10-01
6563,1471,Main Office,ADMIN,1969,758,2,FAIR,2024-04-29
6564,1471,Junior Toilets,TOILET_BLOCK,1961,149,1,GOOD,2022-05-19
6565,1471,Maintenance Shed,STORAGE,1990,67,1,GOOD,2024-07-08
6566,1471,Performing Arts Centre,HALL,2013,112,2,GOOD,2021-05-11
6567,1471,Food Technology,WORKSHOP,1978,452,2,FAIR,2022-03-17
6568,1471,Fitness Centre,GYM,1960,716,1,FAIR,2022-10-04
6569,1471,Changing Rooms,SPORTS_PAVILION,1996,570,1,POOR,2021-02-21
6570,1471,Resource Centre,LIBRARY,1992,74,2,POOR,2023-10-19
6571,1471,Block D,CLASSROOM,1975,257,1,FAIR,2023-09-16
6572,1471,Arts Block,CLASSROOM,1990,790,1,POOR,2022-05-02
6573,1471,Science Block,CLASSROOM,1984,104,2,FAIR,2020-08-27
6574,1472,Block B,CLASSROOM,1950,353,2,GOOD,2021-11-30
6575,1472,Administration Building,ADMIN,1981,464,1,FAIR,2020-02-25
6576,1472,Junior Toilets,TOILET_BLOCK,2008,173,1,FAIR,2020-02-19
6577,1472,Fitness Centre,GYM,1961,560,2,GOOD,2022-05-16
6578,1472,Performing Arts Centre,HALL,1960,592,1,FAIR,2024-04-29
6579,1472,Learning Centre,LIBRARY,1985,336,1,FAIR,2022-12-16
6580,1472,Wood Workshop,WORKSHOP,1988,504,1,FAIR,2020-08-23
6581,1472,Cricket Pavilion,SPORTS_PAVILION,1983,503,1,FAIR,2022-12-08
6582,1473,Block C,CLASSROOM,1990,244,2,POOR,2023-05-05
6583,1473,Staff Block,ADMIN,1950,467,1,GOOD,2021-08-08
6584,1473,Sports Amenities,TOILET_BLOCK,2015,157,1,POOR,2020-10-23
6585,1473,Sports Hall,GYM,2021,682,1,FAIR,2024-11-17
6586,1473,Cricket Pavilion,SPORTS_PAVILION,2001,144,1,POOR,2023-07-01
6587,1473,Assembly Hall,HALL,1987,221,1,CRITICAL,2020-09-02
6588,1473,Equipment Store,STORAGE,1987,96,1,GOOD,2022-09-27
6589,1473,Metal Workshop,WORKSHOP,1960,762,1,FAIR,2023-05-02
6590,1474,Arts Block,CLASSROOM,1978,279,2,POOR,2021-11-30
6591,1474,Main Office,ADMIN,2003,784,2,GOOD,2022-04-11
6592,1474,Senior Toilets,TOILET_BLOCK,1978,124,1,GOOD,2024-04-23
6593,1474,Metal Workshop,WORKSHOP,1966,423,2,FAIR,2023-08-12
6594,1474,Fitness Centre,GYM,1995,605,2,GOOD,2023-05-14
6595,1474,Learning Centre,LIBRARY,2005,306,1,GOOD,2023-07-18
6596,1474,Maintenance Shed,STORAGE,1985,22,1,GOOD,2022-04-06
6597,1474,Cricket Pavilion,SPORTS_PAVILION,2006,683,1,CRITICAL,2022-03-20
6598,1474,Assembly Hall,HALL,2016,346,2,FAIR,2023-08-14
6599,1474,Junior Block,CLASSROOM,1967,259,1,FAIR,2024-04-15
6600,1474,Block A,CLASSROOM,1995,618,1,POOR,2021-05-10
6601,1475,Junior Block,CLASSROOM,2017,632,1,GOOD,2024-03-08
6602,1475,Administration Building,ADMIN,2007,194,1,GOOD,2021-12-19
6603,1475,Junior Toilets,TOILET_BLOCK,1953,727,1,FAIR,2024-01-10
6604,1475,Metal Workshop,WORKSHOP,1971,607,2,GOOD,2020-01-19
6605,1475,Sports Store,STORAGE,1957,25,1,FAIR,2020-08-07
6606,1475,School Hall,HALL,1970,139,2,POOR,2020-04-26
6607,1475,Changing Rooms,SPORTS_PAVILION,1989,197,1,FAIR,2022-12-22
6608,1475,School Library,LIBRARY,1986,229,2,FAIR,2023-01-12
6609,1476,Arts Block,CLASSROOM,1961,528,2,GOOD,2020-03-18
6610,1476,Administration Building,ADMIN,1968,429,2,GOOD,2024-01-28
6611,1476,Sports Amenities,TOILET_BLOCK,1954,284,1,CRITICAL,2022-04-30
6612,1476,Assembly Hall,HALL,2015,563,2,GOOD,2023-12-11
6613,1476,School Library,LIBRARY,1955,307,2,FAIR,2023-08-12
6614,1476,Food Technology,WORKSHOP,1987,254,1,POOR,2024-04-19
6615,1476,Sports Hall,GYM,2006,359,1,GOOD,2023-02-17
6616,1476,Maintenance Shed,STORAGE,1951,78,1,FAIR,2023-05-26
6617,1477,Science Block,CLASSROOM,1966,541,2,POOR,2024-03-06
6618,1477,Administration Building,ADMIN,1985,224,1,POOR,2022-12-12
6619,1477,Sports Amenities,TOILET_BLOCK,1986,317,1,CRITICAL,2021-05-31
6620,1477,Metal Workshop,WORKSHOP,2011,327,2,FAIR,2024-10-20
6621,1477,Main Gymnasium,GYM,2014,136,2,FAIR,2021-01-09
6622,1478,Technology Block,CLASSROOM,1989,717,1,GOOD,2023-01-06
6623,1478,Main Office,ADMIN,1972,645,2,GOOD,2022-04-02
6624,1478,Junior Toilets,TOILET_BLOCK,1979,381,1,GOOD,2023-10-14
6625,1478,Cricket Pavilion,SPORTS_PAVILION,1990,331,1,FAIR,2023-06-17
6626,1478,Learning Centre,LIBRARY,1993,102,2,GOOD,2023-02-26
6627,1478,Equipment Store,STORAGE,1993,24,1,FAIR,2021-10-31
6628,1479,Block A,CLASSROOM,1998,587,2,FAIR,2024-11-08
6629,1479,Main Office,ADMIN,2001,362,1,FAIR,2021-09-21
6630,1479,Staff Facilities,TOILET_BLOCK,2004,213,1,GOOD,2024-01-04
6631,1479,Sports Pavilion,SPORTS_PAVILION,2012,175,1,GOOD,2021-06-28
6632,1479,Technology Workshop,WORKSHOP,2008,793,2,POOR,2020-05-27
6633,1479,Main Gymnasium,GYM,1973,266,2,POOR,2023-09-29
6634,1479,Performing Arts Centre,HALL,1986,94,1,FAIR,2024-09-11
6635,1479,Equipment Store,STORAGE,1996,42,1,FAIR,2022-06-10
6636,1480,Block B,CLASSROOM,1981,368,1,POOR,2020-01-13
6637,1480,Main Office,ADMIN,2018,716,2,FAIR,2022-01-12
6638,1480,Sports Amenities,TOILET_BLOCK,2019,241,1,GOOD,2020-08-11
6639,1480,Cricket Pavilion,SPORTS_PAVILION,2016,211,1,GOOD,2022-01-29
6640,1480,Equipment Store,STORAGE,2022,70,1,FAIR,2020-07-02
6641,1481,Block A,CLASSROOM,2017,680,1,GOOD,2023-12-15
6642,1481,Administration Building,ADMIN,1974,289,2,GOOD,2020-09-26
6643,1481,Sports Amenities,TOILET_BLOCK,1990,741,1,GOOD,2020-10-11
6644,1481,Changing Rooms,SPORTS_PAVILION,1961,650,1,FAIR,2022-03-30
6645,1481,Food Technology,WORKSHOP,1955,293,2,GOOD,2024-07-06
6646,1481,Sports Store,STORAGE,1984,81,1,GOOD,2022-09-20
6647,1482,Block A,CLASSROOM,1963,107,2,POOR,2020-11-24
6648,1482,Main Office,ADMIN,1981,544,2,GOOD,2023-03-15
6649,1482,Junior Toilets,TOILET_BLOCK,1956,275,1,GOOD,2022-09-25
6650,1482,Sports Store,STORAGE,2013,99,1,FAIR,2021-02-28
6651,1482,Resource Centre,LIBRARY,1980,728,2,CRITICAL,2020-07-12
6652,1482,Sports Hall,GYM,1953,83,1,GOOD,2023-04-05
6653,1482,Technology Workshop,WORKSHOP,1957,745,2,GOOD,2021-10-29
6654,1482,Cricket Pavilion,SPORTS_PAVILION,1952,379,1,FAIR,2024-04-17
6655,1482,Performing Arts Centre,HALL,1958,257,2,FAIR,2021-12-22
6656,1482,Block B,CLASSROOM,2010,248,1,FAIR,2023-06-06
6657,1482,Senior Block,CLASSROOM,1986,277,2,FAIR,2020-08-01
6658,1483,Technology Block,CLASSROOM,1991,138,1,GOOD,2021-02-04
6659,1483,Main Office,ADMIN,2004,708,2,GOOD,2023-10-22
6660,1483,Staff Facilities,TOILET_BLOCK,1972,281,1,FAIR,2024-11-12
6661,1483,School Hall,HALL,2000,614,1,GOOD,2022-08-10
6662,1483,School Library,LIBRARY,1974,681,1,GOOD,2024-06-27
6663,1484,Technology Block,CLASSROOM,1966,394,1,CRITICAL,2021-04-10
6664,1484,Administration Building,ADMIN,1970,255,1,GOOD,2021-06-06
6665,1484,Staff Facilities,TOILET_BLOCK,2005,130,1,FAIR,2024-07-08
6666,1484,Food Technology,WORKSHOP,2013,428,1,POOR,2024-10-03
6667,1484,Changing Rooms,SPORTS_PAVILION,2007,365,1,POOR,2022-12-30
6668,1486,Arts Block,CLASSROOM,1951,426,2,GOOD,2024-06-21
6669,1486,Administration Building,ADMIN,1974,797,2,FAIR,2024-10-02
6670,1486,Senior Toilets,TOILET_BLOCK,1971,708,1,FAIR,2020-01-22
6671,1486,Technology Workshop,WORKSHOP,1958,569,1,FAIR,2020-04-23
6672,1486,School Hall,HALL,1964,211,1,CRITICAL,2024-07-06
6673,1487,Block E,CLASSROOM,1964,642,2,GOOD,2022-02-11
6674,1487,Main Office,ADMIN,2015,642,2,GOOD,2023-10-06
6675,1487,Junior Toilets,TOILET_BLOCK,2011,465,1,FAIR,2024-09-27
6676,1487,Sports Store,STORAGE,1997,98,1,GOOD,2021-10-18
6677,1487,Technology Workshop,WORKSHOP,1984,384,1,FAIR,2021-03-10
6678,1488,Arts Block,CLASSROOM,1955,446,2,FAIR,2023-02-15
6679,1488,Administration Building,ADMIN,2019,234,1,FAIR,2020-02-14
6680,1488,Junior Toilets,TOILET_BLOCK,1971,625,1,FAIR,2023-07-07
6681,1488,Fitness Centre,GYM,1977,181,1,GOOD,2023-12-22
6682,1488,Metal Workshop,WORKSHOP,2001,299,2,GOOD,2024-09-12
6683,1489,Technology Block,CLASSROOM,2008,796,2,FAIR,2023-01-21
6684,1489,Administration Building,ADMIN,2006,382,1,GOOD,2023-08-16
6685,1489,Staff Facilities,TOILET_BLOCK,1986,268,1,POOR,2020-03-03
6686,1489,Fitness Centre,GYM,1965,372,2,FAIR,2023-05-08
6687,1489,Metal Workshop,WORKSHOP,2011,320,1,GOOD,2022-07-18
6688,1489,School Library,LIBRARY,1976,224,1,GOOD,2021-05-01
6689,1489,Maintenance Shed,STORAGE,2007,39,1,POOR,2021-05-15
6690,1489,Performing Arts Centre,HALL,1995,549,2,FAIR,2020-02-25
6691,1489,Cricket Pavilion,SPORTS_PAVILION,2010,270,1,GOOD,2021-10-20
6692,1489,Block A,CLASSROOM,1973,562,1,GOOD,2021-04-08
6693,1490,Arts Block,CLASSROOM,1968,196,2,GOOD,2023-07-19
6694,1490,Administration Building,ADMIN,1977,199,2,FAIR,2021-06-17
6695,1490,Senior Toilets,TOILET_BLOCK,1954,247,1,POOR,2024-03-18
6696,1490,Wood Workshop,WORKSHOP,1973,309,2,FAIR,2024-08-11
6697,1490,Fitness Centre,GYM,1978,257,2,GOOD,2023-01-03
6698,1491,Arts Block,CLASSROOM,2013,604,1,FAIR,2023-03-14
6699,1491,Administration Building,ADMIN,1984,707,1,GOOD,2021-11-23
6700,1491,Senior Toilets,TOILET_BLOCK,1994,91,1,GOOD,2021-01-04
6701,1491,Sports Hall,GYM,1999,609,2,POOR,2023-07-26
6702,1492,Junior Block,CLASSROOM,1970,291,2,FAIR,2023-09-07
6703,1492,Staff Block,ADMIN,2010,319,1,FAIR,2024-08-09
6704,1492,Sports Amenities,TOILET_BLOCK,2003,407,1,FAIR,2020-12-17
6705,1492,School Library,LIBRARY,1972,561,1,FAIR,2024-04-15
6706,1492,Equipment Store,STORAGE,1983,96,1,POOR,2023-05-18
6707,1493,Block C,CLASSROOM,1954,293,2,FAIR,2021-01-02
6708,1493,Administration Building,ADMIN,2009,628,1,GOOD,2021-06-11
6709,1493,Junior Toilets,TOILET_BLOCK,1951,395,1,GOOD,2022-12-13
6710,1493,School Hall,HALL,1964,133,2,FAIR,2020-07-12
6711,1493,Learning Centre,LIBRARY,2022,80,1,GOOD,2021-11-16
6712,1494,Technology Block,CLASSROOM,2007,654,2,FAIR,2020-05-01
6713,1494,Main Office,ADMIN,1970,753,1,GOOD,2020-03-03
6714,1494,Staff Facilities,TOILET_BLOCK,1977,251,1,GOOD,2022-05-28
6715,1495,Block C,CLASSROOM,1999,740,2,POOR,2023-10-31
6716,1495,Main Office,ADMIN,1959,689,1,GOOD,2023-08-19
6717,1495,Sports Amenities,TOILET_BLOCK,1997,609,1,POOR,2024-09-10
6718,1495,Cricket Pavilion,SPORTS_PAVILION,2001,166,1,POOR,2021-02-03
6719,1496,Junior Block,CLASSROOM,1957,174,1,GOOD,2023-06-09
6720,1496,Staff Block,ADMIN,1969,280,1,FAIR,2022-01-03
6721,1496,Junior Toilets,TOILET_BLOCK,1991,308,1,POOR,2021-12-27
6722,1496,Learning Centre,LIBRARY,2000,720,2,GOOD,2022-06-05
6723,1496,Equipment Store,STORAGE,2005,78,1,CRITICAL,2021-09-28
6724,1496,Wood Workshop,WORKSHOP,1969,429,2,FAIR,2022-08-16
6725,1497,Block C,CLASSROOM,1981,186,2,FAIR,2023-05-30
6726,1497,Staff Block,ADMIN,2016,566,1,POOR,2020-08-22
6727,1497,Sports Amenities,TOILET_BLOCK,1980,168,1,GOOD,2022-12-11
6728,1497,Sports Pavilion,SPORTS_PAVILION,1980,244,1,POOR,2024-01-10
6729,1497,Assembly Hall,HALL,2018,546,2,GOOD,2021-02-20
6730,1497,Metal Workshop,WORKSHOP,1974,194,1,GOOD,2023-06-09
6731,1497,Maintenance Shed,STORAGE,2021,99,1,GOOD,2020-12-16
6732,1497,Main Gymnasium,GYM,2011,776,1,GOOD,2024-01-08
6733,1498,Senior Block,CLASSROOM,1990,85,1,FAIR,2022-02-27
6734,1498,Main Office,ADMIN,1962,746,2,FAIR,2023-04-21
6735,1498,Junior Toilets,TOILET_BLOCK,1985,251,1,GOOD,2021-06-29
6736,1498,Fitness Centre,GYM,1986,785,1,GOOD,2022-09-16
6737,1498,Learning Centre,LIBRARY,2004,147,1,FAIR,2021-02-19
6738,1498,Technology Workshop,WORKSHOP,2007,264,1,POOR,2024-02-20
6739,1498,Equipment Store,STORAGE,2015,99,1,FAIR,2021-11-08
6740,1499,Block B,CLASSROOM,1977,586,2,POOR,2023-11-10
6741,1499,Main Office,ADMIN,1999,677,1,FAIR,2020-09-25
6742,1499,Sports Amenities,TOILET_BLOCK,1982,787,1,POOR,2021-08-07
6743,1499,Cricket Pavilion,SPORTS_PAVILION,2010,163,1,FAIR,2024-06-20
6744,1499,Performing Arts Centre,HALL,1977,462,2,GOOD,2022-06-10
6745,1499,Food Technology,WORKSHOP,1990,71,1,FAIR,2024-01-12
6746,1500,Technology Block,CLASSROOM,1983,707,1,POOR,2023-01-08
6747,1500,Administration Building,ADMIN,2000,362,1,GOOD,2021-04-13
6748,1500,Senior Toilets,TOILET_BLOCK,1968,599,1,FAIR,2024-03-27
6749,1500,Assembly Hall,HALL,2016,171,1,GOOD,2021-01-25
6750,1500,Main Gymnasium,GYM,1976,421,1,GOOD,2020-03-12
6751,1501,Junior Block,CLASSROOM,2015,480,2,GOOD,2023-07-26
6752,1501,Administration Building,ADMIN,2001,753,1,GOOD,2022-12-11
6753,1501,Senior Toilets,TOILET_BLOCK,1950,55,1,FAIR,2022-04-02
6754,1501,Fitness Centre,GYM,1988,638,1,GOOD,2021-02-21
6755,1501,Food Technology,WORKSHOP,1963,736,2,GOOD,2021-09-01
6756,1502,Technology Block,CLASSROOM,1956,744,1,FAIR,2023-10-30
6757,1502,Main Office,ADMIN,1956,776,1,FAIR,2024-04-17
6758,1502,Sports Amenities,TOILET_BLOCK,2018,162,1,GOOD,2023-12-31
6759,1502,Sports Hall,GYM,2006,155,2,FAIR,2022-03-17
6760,1502,Learning Centre,LIBRARY,1987,652,2,GOOD,2024-07-11
6761,1502,Changing Rooms,SPORTS_PAVILION,1996,332,1,POOR,2023-02-05
6762,1503,Senior Block,CLASSROOM,1963,628,1,GOOD,2020-04-29
6763,1503,Administration Building,ADMIN,1953,275,2,POOR,2020-07-03
6764,1503,Sports Amenities,TOILET_BLOCK,1976,89,1,POOR,2021-10-25
6765,1503,Assembly Hall,HALL,1971,501,2,POOR,2023-12-14
6766,1504,Block C,CLASSROOM,1992,768,1,FAIR,2020-10-25
6767,1504,Main Office,ADMIN,1986,68,1,FAIR,2020-10-21
6768,1504,Senior Toilets,TOILET_BLOCK,1950,478,1,POOR,2023-06-21
6769,1504,Equipment Store,STORAGE,2005,59,1,FAIR,2021-07-19
6770,1504,Cricket Pavilion,SPORTS_PAVILION,1997,356,1,CRITICAL,2023-05-09
6771,1504,Assembly Hall,HALL,1985,452,1,GOOD,2023-10-06
6772,1505,Block D,CLASSROOM,2019,608,2,POOR,2020-05-26
6773,1505,Staff Block,ADMIN,1966,444,2,FAIR,2023-08-30
6774,1505,Staff Facilities,TOILET_BLOCK,2006,290,1,POOR,2023-10-06
6775,1505,Performing Arts Centre,HALL,1981,374,2,POOR,2022-09-17
6776,1505,Learning Centre,LIBRARY,1954,390,1,POOR,2024-03-15
6777,1505,Food Technology,WORKSHOP,1984,551,2,FAIR,2021-03-31
6778,1505,Changing Rooms,SPORTS_PAVILION,2015,283,1,GOOD,2024-06-29
6779,1505,Maintenance Shed,STORAGE,1975,94,1,FAIR,2024-01-25
6780,1506,Junior Block,CLASSROOM,2018,231,2,GOOD,2020-07-02
6781,1506,Main Office,ADMIN,2008,483,1,GOOD,2023-02-24
6782,1506,Sports Amenities,TOILET_BLOCK,1978,773,1,FAIR,2022-09-16
6783,1506,Sports Pavilion,SPORTS_PAVILION,2017,252,1,POOR,2021-12-07
6784,1506,Assembly Hall,HALL,2022,372,1,GOOD,2022-09-30
6785,1506,Learning Centre,LIBRARY,1956,727,2,GOOD,2020-04-06
6786,1506,Fitness Centre,GYM,1999,657,2,GOOD,2021-10-18
6787,1506,Grounds Shed,STORAGE,1977,39,1,CRITICAL,2024-06-05
6788,1507,Technology Block,CLASSROOM,1981,453,2,GOOD,2024-06-28
6789,1507,Administration Building,ADMIN,1951,570,1,GOOD,2022-08-15
6790,1507,Sports Amenities,TOILET_BLOCK,1998,449,1,GOOD,2023-11-08
6791,1507,Performing Arts Centre,HALL,2013,445,1,GOOD,2022-06-24
6792,1507,Changing Rooms,SPORTS_PAVILION,2022,664,1,POOR,2023-04-01
6793,1508,Science Block,CLASSROOM,1979,427,1,FAIR,2020-01-18
6794,1508,Main Office,ADMIN,1957,634,2,GOOD,2020-11-22
6795,1508,Senior Toilets,TOILET_BLOCK,1951,463,1,FAIR,2024-11-16
6796,1509,Science Block,CLASSROOM,1976,618,2,FAIR,2024-06-22
6797,1509,Main Office,ADMIN,1988,752,2,GOOD,2021-11-08
6798,1509,Junior Toilets,TOILET_BLOCK,1963,56,1,FAIR,2020-11-18
6799,1509,Performing Arts Centre,HALL,1962,257,1,GOOD,2020-08-21
6800,1510,Block E,CLASSROOM,2022,575,2,FAIR,2023-08-21
6801,1510,Staff Block,ADMIN,1977,472,1,GOOD,2022-02-17
6802,1510,Sports Amenities,TOILET_BLOCK,1996,187,1,FAIR,2024-06-03
6803,1510,Food Technology,WORKSHOP,1979,316,2,POOR,2023-11-16
6804,1510,Fitness Centre,GYM,1952,418,1,GOOD,2021-10-13
6805,1510,Changing Rooms,SPORTS_PAVILION,2016,391,1,POOR,2020-11-01
6806,1510,Learning Centre,LIBRARY,1964,440,2,FAIR,2022-03-02
6807,1510,Sports Store,STORAGE,1974,78,1,POOR,2024-07-29
6808,1510,Performing Arts Centre,HALL,2011,79,1,GOOD,2021-05-07
6809,1510,Arts Block,CLASSROOM,2000,142,2,GOOD,2024-11-24
6810,1511,Arts Block,CLASSROOM,2020,569,1,GOOD,2022-11-21
6811,1511,Main Office,ADMIN,2007,797,2,FAIR,2022-08-08
6812,1511,Senior Toilets,TOILET_BLOCK,1981,335,1,FAIR,2021-10-17
6813,1511,School Library,LIBRARY,1994,584,1,POOR,2021-09-07
6814,1511,Maintenance Shed,STORAGE,1983,95,1,POOR,2023-02-06
6815,1511,Sports Hall,GYM,1982,606,1,FAIR,2020-12-28
6816,1511,Sports Pavilion,SPORTS_PAVILION,2012,636,1,POOR,2021-08-21
6817,1511,Wood Workshop,WORKSHOP,1977,778,1,GOOD,2021-04-29
6818,1511,School Hall,HALL,1971,263,2,GOOD,2024-11-04
6819,1511,Block A,CLASSROOM,1957,783,1,GOOD,2021-07-20
6820,1511,Block A,CLASSROOM,1976,271,1,GOOD,2022-05-03
6821,1512,Senior Block,CLASSROOM,1974,404,2,FAIR,2022-10-08
6822,1512,Staff Block,ADMIN,1989,601,2,POOR,2023-11-21
6823,1512,Junior Toilets,TOILET_BLOCK,1986,651,1,GOOD,2020-07-06
6824,1513,Technology Block,CLASSROOM,2017,440,1,POOR,2020-11-05
6825,1513,Staff Block,ADMIN,2002,710,1,FAIR,2020-06-27
6826,1513,Staff Facilities,TOILET_BLOCK,1974,303,1,CRITICAL,2022-02-08
6827,1513,Performing Arts Centre,HALL,1987,530,1,CRITICAL,2023-05-22
6828,1513,Metal Workshop,WORKSHOP,1950,764,1,POOR,2021-10-28
6829,1513,Equipment Store,STORAGE,1967,74,1,FAIR,2022-07-14
6830,1513,Main Gymnasium,GYM,2018,223,2,GOOD,2023-10-30
6831,1513,Sports Pavilion,SPORTS_PAVILION,1961,689,1,GOOD,2022-03-06
6832,1514,Science Block,CLASSROOM,1954,502,2,CRITICAL,2021-12-11
6833,1514,Staff Block,ADMIN,2014,476,2,GOOD,2023-04-10
6834,1514,Junior Toilets,TOILET_BLOCK,2009,183,1,GOOD,2022-09-01
6835,1514,Technology Workshop,WORKSHOP,2009,716,2,GOOD,2020-11-29
6836,1514,Sports Store,STORAGE,2014,90,1,GOOD,2024-09-20
6837,1515,Senior Block,CLASSROOM,1953,381,1,POOR,2023-04-29
6838,1515,Administration Building,ADMIN,1958,764,1,POOR,2020-08-05
6839,1515,Staff Facilities,TOILET_BLOCK,1962,165,1,POOR,2020-06-16
6840,1515,Resource Centre,LIBRARY,1977,248,1,GOOD,2021-09-11
6841,1515,Sports Store,STORAGE,2022,56,1,POOR,2020-11-26
6842,1515,Sports Hall,GYM,1988,551,2,CRITICAL,2024-05-26
6843,1516,Technology Block,CLASSROOM,1974,640,1,GOOD,2020-05-17
6844,1516,Staff Block,ADMIN,1957,133,1,FAIR,2021-08-29
6845,1516,Sports Amenities,TOILET_BLOCK,1988,548,1,FAIR,2024-05-26
6846,1516,Technology Workshop,WORKSHOP,2007,618,1,GOOD,2021-05-12
6847,1516,Changing Rooms,SPORTS_PAVILION,2019,165,1,POOR,2020-06-03
6848,1516,Fitness Centre,GYM,1951,262,1,FAIR,2023-10-01
6849,1516,Sports Store,STORAGE,1971,80,1,FAIR,2022-02-15
6850,1516,Performing Arts Centre,HALL,2022,429,1,FAIR,2022-05-20
6851,1518,Block B,CLASSROOM,1972,455,2,POOR,2021-06-07
6852,1518,Administration Building,ADMIN,1954,576,1,POOR,2020-12-06
6853,1518,Senior Toilets,TOILET_BLOCK,2017,561,1,CRITICAL,2023-10-18
6854,1518,Metal Workshop,WORKSHOP,1998,449,1,FAIR,2024-10-21
6855,1518,Learning Centre,LIBRARY,1964,141,2,FAIR,2020-08-06
6856,1518,Fitness Centre,GYM,1969,498,1,POOR,2021-02-13
6857,1518,Assembly Hall,HALL,1950,279,2,POOR,2021-01-03
6858,1518,Changing Rooms,SPORTS_PAVILION,1958,76,1,FAIR,2021-06-08
6859,1518,Equipment Store,STORAGE,1973,49,1,GOOD,2021-03-15
6860,1519,Block B,CLASSROOM,2001,119,1,FAIR,2024-11-19
6861,1519,Staff Block,ADMIN,1966,584,2,POOR,2023-04-30
6862,1519,Staff Facilities,TOILET_BLOCK,2022,533,1,FAIR,2020-04-09
6863,1519,Sports Pavilion,SPORTS_PAVILION,2009,554,1,FAIR,2020-01-01
6864,1519,Food Technology,WORKSHOP,1998,185,1,FAIR,2020-07-14
6865,1519,Resource Centre,LIBRARY,1954,100,1,POOR,2020-08-30
6866,1519,Fitness Centre,GYM,2009,564,2,FAIR,2024-04-19
6867,1520,Senior Block,CLASSROOM,1996,703,2,POOR,2020-09-07
6868,1520,Main Office,ADMIN,1992,178,2,FAIR,2023-05-09
6869,1520,Staff Facilities,TOILET_BLOCK,1992,348,1,POOR,2021-04-23
6870,1520,Learning Centre,LIBRARY,1986,734,1,GOOD,2021-04-09
6871,1520,Grounds Shed,STORAGE,1953,56,1,GOOD,2023-09-23
6872,1520,Sports Hall,GYM,1964,194,2,GOOD,2021-05-02
6873,1520,Performing Arts Centre,HALL,1976,578,1,FAIR,2024-05-31
6874,1520,Changing Rooms,SPORTS_PAVILION,1985,412,1,FAIR,2023-06-25
6875,1521,Block D,CLASSROOM,1990,760,1,GOOD,2023-03-20
6876,1521,Staff Block,ADMIN,1990,198,2,GOOD,2020-03-17
6877,1521,Junior Toilets,TOILET_BLOCK,2022,113,1,GOOD,2024-06-19
6878,1521,Changing Rooms,SPORTS_PAVILION,1950,567,1,GOOD,2023-10-12
6879,1521,Main Gymnasium,GYM,1951,82,1,FAIR,2023-06-18
6880,1521,Grounds Shed,STORAGE,2007,72,1,FAIR,2020-08-18
6881,1521,Learning Centre,LIBRARY,1997,60,1,POOR,2020-02-10
6882,1521,Assembly Hall,HALL,1963,384,1,GOOD,2024-02-22
6883,1522,Senior Block,CLASSROOM,2013,240,2,POOR,2023-12-26
6884,1522,Main Office,ADMIN,1958,611,2,FAIR,2020-03-14
6885,1522,Staff Facilities,TOILET_BLOCK,1985,73,1,GOOD,2021-02-24
6886,1522,Assembly Hall,HALL,2007,110,1,POOR,2021-10-20
6887,1522,Grounds Shed,STORAGE,1975,52,1,GOOD,2021-12-08
6888,1522,Main Gymnasium,GYM,1980,112,2,POOR,2023-12-19
6889,1522,Learning Centre,LIBRARY,2000,347,2,CRITICAL,2020-12-17
6890,1522,Sports Pavilion,SPORTS_PAVILION,1972,551,1,FAIR,2021-09-08
6891,1522,Food Technology,WORKSHOP,1955,595,1,POOR,2022-05-18
6892,1523,Science Block,CLASSROOM,2017,714,2,FAIR,2024-01-12
6893,1523,Main Office,ADMIN,1959,431,1,FAIR,2023-05-26
6894,1523,Staff Facilities,TOILET_BLOCK,1993,453,1,FAIR,2022-03-19
6895,1523,Sports Hall,GYM,1961,650,2,FAIR,2020-05-20
6896,1523,Sports Store,STORAGE,1989,60,1,POOR,2023-01-10
6897,1523,Resource Centre,LIBRARY,1986,297,2,GOOD,2021-09-23
6898,1523,Technology Workshop,WORKSHOP,1958,367,1,POOR,2023-05-14
6899,1523,Performing Arts Centre,HALL,2009,236,2,GOOD,2024-04-14
6900,1524,Block E,CLASSROOM,2000,640,2,FAIR,2021-08-13
6901,1524,Staff Block,ADMIN,1978,60,2,POOR,2023-09-30
6902,1524,Senior Toilets,TOILET_BLOCK,1980,274,1,GOOD,2022-06-08
6903,1524,School Hall,HALL,1962,142,1,FAIR,2023-08-18
6904,1524,Food Technology,WORKSHOP,1960,131,2,POOR,2024-07-16
6905,1524,Fitness Centre,GYM,1992,406,2,POOR,2021-01-07
6906,1524,Equipment Store,STORAGE,1995,96,1,FAIR,2020-02-14
6907,1524,Cricket Pavilion,SPORTS_PAVILION,1966,200,1,FAIR,2021-11-14
6908,1524,Resource Centre,LIBRARY,1978,383,2,GOOD,2022-10-28
6909,1524,Senior Block,CLASSROOM,2011,367,1,FAIR,2022-02-24
6910,1525,Block A,CLASSROOM,2002,229,2,GOOD,2022-04-24
6911,1525,Administration Building,ADMIN,1974,566,2,FAIR,2022-10-04
6912,1525,Junior Toilets,TOILET_BLOCK,1991,643,1,GOOD,2023-07-31
6913,1525,Changing Rooms,SPORTS_PAVILION,1965,421,1,FAIR,2021-03-02
6914,1525,School Hall,HALL,2005,594,2,FAIR,2021-09-06
6915,1525,Learning Centre,LIBRARY,1985,271,1,POOR,2022-05-06
6916,1525,Fitness Centre,GYM,1969,132,2,GOOD,2023-09-18
6917,1526,Senior Block,CLASSROOM,2007,632,1,POOR,2022-12-01
6918,1526,Administration Building,ADMIN,2009,309,2,GOOD,2021-02-20
6919,1526,Senior Toilets,TOILET_BLOCK,1994,511,1,FAIR,2020-04-02
6920,1526,Learning Centre,LIBRARY,1972,348,1,GOOD,2020-11-14
6921,1528,Senior Block,CLASSROOM,1960,225,2,POOR,2023-05-04
6922,1528,Administration Building,ADMIN,1996,201,1,FAIR,2020-04-26
6923,1528,Junior Toilets,TOILET_BLOCK,1952,248,1,GOOD,2024-11-19
6924,1528,Grounds Shed,STORAGE,1972,91,1,GOOD,2021-11-16
6925,1528,Assembly Hall,HALL,1999,632,1,FAIR,2024-04-11
6926,1528,Resource Centre,LIBRARY,1977,759,1,FAIR,2021-02-19
6927,1528,Food Technology,WORKSHOP,1952,192,2,FAIR,2024-06-12
6928,1529,Block D,CLASSROOM,1967,349,1,GOOD,2021-06-11
6929,1529,Staff Block,ADMIN,1952,600,1,FAIR,2023-10-28
6930,1529,Staff Facilities,TOILET_BLOCK,1990,600,1,FAIR,2020-11-08
6931,1529,Assembly Hall,HALL,1989,373,2,FAIR,2023-04-16
6932,1529,Fitness Centre,GYM,1973,746,2,POOR,2024-08-05
6933,1529,Food Technology,WORKSHOP,1978,549,2,POOR,2022-01-14
6934,1529,School Library,LIBRARY,2015,326,2,POOR,2022-03-17
6935,1530,Block A,CLASSROOM,1986,161,2,CRITICAL,2021-11-30
6936,1530,Main Office,ADMIN,1987,147,1,GOOD,2023-07-01
6937,1530,Sports Amenities,TOILET_BLOCK,1968,728,1,CRITICAL,2023-02-05
6938,1530,Sports Hall,GYM,1972,388,1,FAIR,2020-03-07
6939,1530,Changing Rooms,SPORTS_PAVILION,2005,346,1,FAIR,2021-04-20
6940,1530,Resource Centre,LIBRARY,1959,788,2,FAIR,2021-07-23
6941,1530,School Hall,HALL,2007,262,1,POOR,2024-06-22
6942,1530,Metal Workshop,WORKSHOP,1953,133,2,GOOD,2020-02-14
6943,1531,Science Block,CLASSROOM,2019,335,1,POOR,2024-08-06
6944,1531,Main Office,ADMIN,1975,143,2,POOR,2021-06-08
6945,1531,Senior Toilets,TOILET_BLOCK,1986,140,1,GOOD,2022-07-07
6946,1531,Food Technology,WORKSHOP,2013,586,2,POOR,2023-10-26
6947,1531,Maintenance Shed,STORAGE,1964,42,1,FAIR,2024-10-09
6948,1531,School Hall,HALL,2004,768,1,GOOD,2023-07-12
6949,1532,Block D,CLASSROOM,2004,96,1,FAIR,2021-07-11
6950,1532,Staff Block,ADMIN,2015,647,1,GOOD,2022-01-14
6951,1532,Staff Facilities,TOILET_BLOCK,1973,574,1,FAIR,2022-08-02
6952,1532,Food Technology,WORKSHOP,1997,221,2,POOR,2022-05-16
6953,1533,Block D,CLASSROOM,2018,464,1,GOOD,2021-07-29
6954,1533,Administration Building,ADMIN,1956,666,1,GOOD,2024-03-22
6955,1533,Junior Toilets,TOILET_BLOCK,1983,121,1,GOOD,2022-11-18
6956,1533,Wood Workshop,WORKSHOP,2011,731,1,POOR,2022-09-18
6957,1533,Maintenance Shed,STORAGE,1953,43,1,FAIR,2023-05-11
6958,1534,Technology Block,CLASSROOM,2003,290,1,FAIR,2024-04-22
6959,1534,Staff Block,ADMIN,1984,299,1,FAIR,2021-05-01
6960,1534,Junior Toilets,TOILET_BLOCK,2003,729,1,POOR,2020-12-14
6961,1534,Cricket Pavilion,SPORTS_PAVILION,1968,691,1,GOOD,2024-02-20
6962,1534,Wood Workshop,WORKSHOP,2003,382,2,FAIR,2022-07-17
6963,1534,Fitness Centre,GYM,1952,89,1,GOOD,2020-09-25
6964,1534,School Library,LIBRARY,1987,724,2,GOOD,2023-08-23
6965,1535,Junior Block,CLASSROOM,2022,764,2,GOOD,2023-04-13
6966,1535,Staff Block,ADMIN,2004,415,2,FAIR,2021-07-09
6967,1535,Staff Facilities,TOILET_BLOCK,2013,665,1,GOOD,2023-08-11
6968,1535,Equipment Store,STORAGE,2011,63,1,GOOD,2022-02-15
6969,1535,School Library,LIBRARY,1960,474,1,FAIR,2023-08-15
6970,1535,Main Gymnasium,GYM,2000,122,1,POOR,2021-10-20
6971,1535,Cricket Pavilion,SPORTS_PAVILION,1995,255,1,FAIR,2022-05-25
6972,1535,Assembly Hall,HALL,1955,296,2,GOOD,2022-06-04
6973,1536,Science Block,CLASSROOM,1950,125,2,FAIR,2022-04-19
6974,1536,Staff Block,ADMIN,1959,165,2,FAIR,2024-03-22
6975,1536,Sports Amenities,TOILET_BLOCK,1991,673,1,FAIR,2021-04-16
6976,1536,Assembly Hall,HALL,1964,689,2,FAIR,2021-04-05
6977,1536,Cricket Pavilion,SPORTS_PAVILION,1997,239,1,POOR,2023-09-10
6978,1536,Sports Hall,GYM,2016,463,1,GOOD,2024-09-21
6979,1536,Technology Workshop,WORKSHOP,1995,432,2,GOOD,2020-08-05
6980,1536,School Library,LIBRARY,2020,722,1,GOOD,2020-06-27
6981,1537,Block E,CLASSROOM,1954,252,2,FAIR,2022-01-26
6982,1537,Staff Block,ADMIN,2003,430,2,GOOD,2021-05-16
6983,1537,Staff Facilities,TOILET_BLOCK,1951,576,1,POOR,2020-08-22
6984,1537,School Hall,HALL,1989,61,2,FAIR,2023-03-26
6985,1537,Cricket Pavilion,SPORTS_PAVILION,1994,232,1,GOOD,2021-05-21
6986,1538,Block C,CLASSROOM,1997,798,1,GOOD,2022-07-09
6987,1538,Administration Building,ADMIN,2002,537,1,GOOD,2022-09-29
6988,1538,Staff Facilities,TOILET_BLOCK,1987,278,1,FAIR,2023-01-21
6989,1538,Assembly Hall,HALL,1958,411,1,GOOD,2020-12-14
6990,1538,Sports Pavilion,SPORTS_PAVILION,2000,182,1,FAIR,2021-02-13
6991,1538,Learning Centre,LIBRARY,1955,405,2,FAIR,2023-01-31
6992,1538,Fitness Centre,GYM,2003,451,2,GOOD,2024-11-24
6993,1538,Metal Workshop,WORKSHOP,2004,441,1,GOOD,2023-05-05
6994,1539,Technology Block,CLASSROOM,1965,282,2,FAIR,2021-02-01
6995,1539,Administration Building,ADMIN,2003,65,1,GOOD,2024-07-23
6996,1539,Junior Toilets,TOILET_BLOCK,1974,489,1,FAIR,2020-12-08
6997,1539,Sports Store,STORAGE,1964,44,1,GOOD,2023-08-18
6998,1539,Metal Workshop,WORKSHOP,1963,355,1,GOOD,2022-05-02
6999,1539,School Hall,HALL,1952,207,2,FAIR,2023-06-08
7000,1539,Changing Rooms,SPORTS_PAVILION,1964,274,1,FAIR,2021-03-08
7001,1540,Block D,CLASSROOM,2018,361,1,FAIR,2021-03-27
7002,1540,Administration Building,ADMIN,1991,223,2,FAIR,2024-05-07
7003,1540,Junior Toilets,TOILET_BLOCK,1953,395,1,POOR,2021-02-12
7004,1540,Metal Workshop,WORKSHOP,1994,542,2,FAIR,2022-11-28
7005,1540,Learning Centre,LIBRARY,1955,776,2,FAIR,2024-08-02
7006,1540,Assembly Hall,HALL,2019,205,2,FAIR,2020-04-20
7007,1540,Sports Store,STORAGE,1951,48,1,POOR,2024-02-25
7008,1541,Arts Block,CLASSROOM,1986,243,2,FAIR,2023-01-03
7009,1541,Administration Building,ADMIN,2021,675,2,FAIR,2022-10-30
7010,1541,Sports Amenities,TOILET_BLOCK,2020,469,1,FAIR,2024-11-30
7011,1541,Changing Rooms,SPORTS_PAVILION,1961,556,1,FAIR,2023-01-20
7012,1541,Maintenance Shed,STORAGE,1991,50,1,FAIR,2022-01-29
7013,1543,Block D,CLASSROOM,1971,478,2,FAIR,2022-10-15
7014,1543,Staff Block,ADMIN,1954,320,2,FAIR,2022-12-01
7015,1543,Senior Toilets,TOILET_BLOCK,1990,726,1,CRITICAL,2020-06-21
7016,1543,Performing Arts Centre,HALL,2015,745,2,POOR,2022-05-27
7017,1543,Changing Rooms,SPORTS_PAVILION,2018,776,1,GOOD,2023-01-27
7018,1543,Resource Centre,LIBRARY,1961,102,1,FAIR,2021-04-02
7019,1544,Technology Block,CLASSROOM,2001,735,1,POOR,2020-07-09
7020,1544,Staff Block,ADMIN,1958,388,1,POOR,2022-11-10
7021,1544,Senior Toilets,TOILET_BLOCK,2013,375,1,CRITICAL,2022-09-29
7022,1544,Metal Workshop,WORKSHOP,1988,293,1,FAIR,2021-11-01
7023,1544,Maintenance Shed,STORAGE,2009,98,1,GOOD,2022-05-23
7024,1544,Sports Pavilion,SPORTS_PAVILION,1965,489,1,POOR,2020-03-26
7025,1544,Performing Arts Centre,HALL,1993,223,1,FAIR,2024-03-26
7026,1545,Senior Block,CLASSROOM,2010,727,1,CRITICAL,2020-03-06
7027,1545,Main Office,ADMIN,1968,786,1,POOR,2020-12-02
7028,1545,Junior Toilets,TOILET_BLOCK,1972,465,1,CRITICAL,2020-03-21
7029,1545,Sports Pavilion,SPORTS_PAVILION,1972,702,1,POOR,2020-05-24
7030,1546,Senior Block,CLASSROOM,1977,582,1,FAIR,2020-12-15
7031,1546,Administration Building,ADMIN,1976,439,1,GOOD,2021-07-19
7032,1546,Sports Amenities,TOILET_BLOCK,2017,275,1,GOOD,2021-09-16
7033,1546,Changing Rooms,SPORTS_PAVILION,1957,336,1,POOR,2024-09-03
7034,1546,Fitness Centre,GYM,2020,402,1,GOOD,2021-11-23
7035,1546,Maintenance Shed,STORAGE,1963,69,1,FAIR,2021-02-22
7036,1546,Assembly Hall,HALL,1977,598,2,GOOD,2023-08-06
7037,1546,Metal Workshop,WORKSHOP,1955,142,1,POOR,2021-05-03
7038,1547,Block E,CLASSROOM,1985,721,1,FAIR,2021-12-11
7039,1547,Administration Building,ADMIN,1965,363,1,FAIR,2024-10-15
7040,1547,Junior Toilets,TOILET_BLOCK,1986,490,1,FAIR,2021-09-05
7041,1547,Assembly Hall,HALL,2011,798,1,POOR,2020-06-15
7042,1547,Changing Rooms,SPORTS_PAVILION,1985,703,1,GOOD,2021-02-04
7043,1547,Sports Hall,GYM,2001,771,2,FAIR,2023-02-06
7044,1548,Block B,CLASSROOM,1978,243,2,FAIR,2020-05-31
7045,1548,Main Office,ADMIN,1982,507,2,GOOD,2020-07-12
7046,1548,Junior Toilets,TOILET_BLOCK,2003,251,1,FAIR,2024-10-11
7047,1548,Fitness Centre,GYM,1953,435,1,FAIR,2024-04-05
7048,1548,School Hall,HALL,1973,166,1,FAIR,2020-02-29
7049,1548,Sports Pavilion,SPORTS_PAVILION,1960,110,1,FAIR,2022-02-27
7050,1549,Block C,CLASSROOM,1982,78,1,GOOD,2023-09-08
7051,1549,Staff Block,ADMIN,1958,564,2,GOOD,2020-02-11
7052,1549,Junior Toilets,TOILET_BLOCK,1971,187,1,FAIR,2024-05-30
7053,1549,Main Gymnasium,GYM,1995,571,1,POOR,2023-01-10
7054,1550,Block C,CLASSROOM,1980,550,1,FAIR,2023-05-04
7055,1550,Main Office,ADMIN,1985,549,1,FAIR,2020-03-05
7056,1550,Sports Amenities,TOILET_BLOCK,1961,493,1,POOR,2023-02-04
7057,1550,Sports Store,STORAGE,1992,82,1,FAIR,2022-01-13
7058,1550,Main Gymnasium,GYM,2021,734,2,POOR,2023-04-01
7059,1550,School Library,LIBRARY,1995,240,1,GOOD,2021-11-09
7060,1550,Sports Pavilion,SPORTS_PAVILION,2014,498,1,POOR,2023-01-03
7061,1550,Food Technology,WORKSHOP,2017,434,1,GOOD,2022-03-17
7062,1550,Performing Arts Centre,HALL,1975,544,2,FAIR,2021-06-21
7063,1550,Junior Block,CLASSROOM,1986,696,1,CRITICAL,2020-02-11
7064,1550,Junior Block,CLASSROOM,2001,120,1,FAIR,2022-02-07
7065,1550,Block A,CLASSROOM,1985,529,1,GOOD,2021-06-25
7066,1552,Block A,CLASSROOM,1997,666,2,FAIR,2021-04-24
7067,1552,Main Office,ADMIN,1994,285,1,CRITICAL,2022-01-01
7068,1552,Senior Toilets,TOILET_BLOCK,1995,204,1,FAIR,2020-06-19
7069,1552,Sports Hall,GYM,1964,52,2,FAIR,2021-06-24
7070,1552,Technology Workshop,WORKSHOP,2000,80,1,FAIR,2021-11-23
7071,1553,Block E,CLASSROOM,1971,759,2,GOOD,2024-09-06
7072,1553,Administration Building,ADMIN,1972,273,2,FAIR,2023-01-07
7073,1553,Sports Amenities,TOILET_BLOCK,1979,574,1,FAIR,2023-02-12
7074,1554,Technology Block,CLASSROOM,1974,743,1,POOR,2020-09-30
7075,1554,Administration Building,ADMIN,2007,287,2,FAIR,2022-08-26
7076,1554,Junior Toilets,TOILET_BLOCK,2009,364,1,GOOD,2021-11-29
7077,1554,Sports Hall,GYM,1994,494,2,CRITICAL,2022-12-30
7078,1555,Senior Block,CLASSROOM,1962,640,1,FAIR,2024-06-17
7079,1555,Administration Building,ADMIN,1995,599,2,GOOD,2023-03-16
7080,1555,Junior Toilets,TOILET_BLOCK,2022,289,1,GOOD,2024-09-03
7081,1555,School Library,LIBRARY,1982,758,2,FAIR,2023-04-20
7082,1555,Performing Arts Centre,HALL,1994,200,1,FAIR,2023-07-27
7083,1555,Fitness Centre,GYM,1975,454,2,GOOD,2022-11-19
7084,1555,Cricket Pavilion,SPORTS_PAVILION,2004,245,1,GOOD,2024-05-22
7085,1556,Block A,CLASSROOM,1959,344,1,POOR,2022-04-30
7086,1556,Administration Building,ADMIN,2021,593,1,GOOD,2020-04-07
7087,1556,Staff Facilities,TOILET_BLOCK,1982,710,1,FAIR,2021-11-18
7088,1556,Performing Arts Centre,HALL,2001,552,1,GOOD,2021-12-05
7089,1556,Food Technology,WORKSHOP,1957,173,2,FAIR,2023-12-08
7090,1557,Arts Block,CLASSROOM,2014,288,2,GOOD,2024-08-22
7091,1557,Staff Block,ADMIN,1958,320,2,CRITICAL,2024-01-12
7092,1557,Senior Toilets,TOILET_BLOCK,1956,649,1,FAIR,2022-09-24
7093,1557,Maintenance Shed,STORAGE,1959,85,1,FAIR,2020-12-09
7094,1557,Sports Pavilion,SPORTS_PAVILION,1969,438,1,CRITICAL,2023-04-21
7095,1557,Sports Hall,GYM,1979,302,2,FAIR,2024-05-06
7096,1557,School Library,LIBRARY,1990,478,2,GOOD,2021-10-08
7097,1558,Block B,CLASSROOM,1986,691,1,POOR,2023-04-13
7098,1558,Staff Block,ADMIN,1973,125,2,GOOD,2024-03-13
7099,1558,Senior Toilets,TOILET_BLOCK,2004,770,1,FAIR,2020-12-10
7100,1558,Resource Centre,LIBRARY,1981,517,2,GOOD,2021-03-19
7101,1559,Block B,CLASSROOM,2005,349,2,POOR,2024-02-20
7102,1559,Administration Building,ADMIN,1973,94,1,GOOD,2021-12-14
7103,1559,Junior Toilets,TOILET_BLOCK,1958,676,1,FAIR,2022-10-18
7104,1559,Assembly Hall,HALL,1985,631,2,GOOD,2023-11-29
7105,1559,Maintenance Shed,STORAGE,2015,38,1,GOOD,2022-04-13
7106,1559,Wood Workshop,WORKSHOP,2015,226,1,CRITICAL,2024-03-25
7107,1560,Technology Block,CLASSROOM,2016,260,1,GOOD,2023-01-16
7108,1560,Administration Building,ADMIN,1973,649,2,FAIR,2023-04-03
7109,1560,Staff Facilities,TOILET_BLOCK,1995,222,1,POOR,2023-05-09
7110,1560,Fitness Centre,GYM,2018,322,1,POOR,2024-03-08
7111,1560,School Library,LIBRARY,1969,411,2,POOR,2023-11-10
7112,1560,Changing Rooms,SPORTS_PAVILION,2006,72,1,FAIR,2020-12-01
7113,1560,Food Technology,WORKSHOP,1957,513,2,GOOD,2020-02-21
7114,1560,Maintenance Shed,STORAGE,2008,99,1,CRITICAL,2022-05-28
7115,1560,Assembly Hall,HALL,1980,150,2,GOOD,2024-02-08
7116,1560,Technology Block,CLASSROOM,2012,694,1,GOOD,2021-10-13
7117,1560,Science Block,CLASSROOM,2016,770,2,FAIR,2020-05-20
7118,1561,Technology Block,CLASSROOM,1995,681,2,GOOD,2021-10-02
7119,1561,Main Office,ADMIN,1968,342,1,POOR,2022-02-02
7120,1561,Sports Amenities,TOILET_BLOCK,1981,375,1,GOOD,2021-10-01
7121,1561,Cricket Pavilion,SPORTS_PAVILION,1964,582,1,GOOD,2022-10-28
7122,1561,Sports Hall,GYM,1958,767,2,POOR,2022-11-12
7123,1561,Maintenance Shed,STORAGE,1957,27,1,POOR,2021-08-17
7124,1561,Learning Centre,LIBRARY,2009,550,2,FAIR,2023-10-29
7125,1561,Metal Workshop,WORKSHOP,1968,489,2,GOOD,2020-04-01
7126,1561,Performing Arts Centre,HALL,1987,81,1,GOOD,2020-03-15
7127,1561,Block B,CLASSROOM,1961,309,2,POOR,2024-03-25
7128,1562,Block A,CLASSROOM,1995,536,2,FAIR,2021-04-23
7129,1562,Staff Block,ADMIN,1987,569,1,FAIR,2024-05-28
7130,1562,Staff Facilities,TOILET_BLOCK,1996,796,1,FAIR,2023-05-19
7131,1562,Equipment Store,STORAGE,1979,64,1,GOOD,2022-02-27
7132,1562,Food Technology,WORKSHOP,1980,675,2,FAIR,2020-08-19
7133,1562,School Hall,HALL,2000,81,1,FAIR,2021-12-01
7134,1562,Sports Pavilion,SPORTS_PAVILION,1995,411,1,FAIR,2021-05-21
7135,1562,Sports Hall,GYM,2000,582,2,FAIR,2022-03-25
7136,1563,Junior Block,CLASSROOM,1989,400,2,GOOD,2021-06-27
7137,1563,Administration Building,ADMIN,1987,694,1,GOOD,2020-02-09
7138,1563,Senior Toilets,TOILET_BLOCK,1997,525,1,CRITICAL,2020-04-07
7139,1563,Changing Rooms,SPORTS_PAVILION,1950,781,1,CRITICAL,2020-05-01
7140,1563,School Library,LIBRARY,2021,261,1,GOOD,2021-06-18
7141,1563,Technology Workshop,WORKSHOP,2011,70,2,FAIR,2021-04-08
7142,1564,Block E,CLASSROOM,1982,162,2,FAIR,2024-09-21
7143,1564,Staff Block,ADMIN,1975,52,1,POOR,2020-06-19
7144,1564,Sports Amenities,TOILET_BLOCK,2014,457,1,CRITICAL,2024-04-18
7145,1564,Sports Hall,GYM,1984,756,2,FAIR,2023-02-08
7146,1564,Grounds Shed,STORAGE,2016,43,1,GOOD,2024-02-05
7147,1565,Junior Block,CLASSROOM,1953,455,2,FAIR,2022-06-21
7148,1565,Main Office,ADMIN,2017,358,1,GOOD,2020-04-25
7149,1565,Senior Toilets,TOILET_BLOCK,2005,183,1,FAIR,2021-02-25
7150,1565,Equipment Store,STORAGE,1989,76,1,GOOD,2021-02-02
7151,1565,Performing Arts Centre,HALL,1978,691,2,POOR,2020-03-29
7152,1566,Science Block,CLASSROOM,1985,451,1,FAIR,2024-02-01
7153,1566,Administration Building,ADMIN,1983,719,1,GOOD,2022-01-28
7154,1566,Senior Toilets,TOILET_BLOCK,2017,59,1,GOOD,2021-10-06
7155,1566,Sports Hall,GYM,1961,469,2,FAIR,2023-08-29
7156,1566,Wood Workshop,WORKSHOP,1994,111,1,GOOD,2020-10-22
7157,1566,Grounds Shed,STORAGE,1982,99,1,FAIR,2021-11-08
7158,1567,Senior Block,CLASSROOM,1961,652,2,FAIR,2022-09-30
7159,1567,Main Office,ADMIN,1981,697,1,GOOD,2021-11-02
7160,1567,Junior Toilets,TOILET_BLOCK,2015,630,1,FAIR,2021-10-18
7161,1567,Changing Rooms,SPORTS_PAVILION,1971,99,1,FAIR,2022-01-26
7162,1567,Equipment Store,STORAGE,2011,70,1,FAIR,2023-07-20
7163,1567,Sports Hall,GYM,2005,630,2,GOOD,2021-09-22
7164,1567,Learning Centre,LIBRARY,1982,82,1,POOR,2021-07-08
7165,1567,School Hall,HALL,2007,702,2,FAIR,2021-03-12
7166,1567,Technology Workshop,WORKSHOP,1995,145,1,GOOD,2021-03-15
7167,1567,Block D,CLASSROOM,1988,768,2,GOOD,2020-07-24
7168,1567,Block B,CLASSROOM,2011,179,2,GOOD,2023-09-20
7169,1568,Block C,CLASSROOM,1976,326,2,GOOD,2024-01-23
7170,1568,Main Office,ADMIN,1962,101,1,GOOD,2021-03-05
7171,1568,Sports Amenities,TOILET_BLOCK,1963,572,1,FAIR,2022-12-28
7172,1568,Sports Pavilion,SPORTS_PAVILION,2008,240,1,FAIR,2022-03-12
7173,1568,Main Gymnasium,GYM,2022,668,1,GOOD,2023-08-31
7174,1569,Block B,CLASSROOM,1984,228,2,POOR,2021-02-11
7175,1569,Staff Block,ADMIN,1973,534,1,GOOD,2024-05-21
7176,1569,Junior Toilets,TOILET_BLOCK,1985,214,1,GOOD,2022-11-04
7177,1569,Sports Hall,GYM,1988,189,1,FAIR,2020-11-16
7178,1569,Food Technology,WORKSHOP,2018,614,1,FAIR,2023-06-25
7179,1569,Learning Centre,LIBRARY,2000,488,2,FAIR,2023-05-31
7180,1570,Block E,CLASSROOM,1994,782,2,FAIR,2023-03-27
7181,1570,Administration Building,ADMIN,2009,724,2,FAIR,2020-04-07
7182,1570,Sports Amenities,TOILET_BLOCK,2019,76,1,POOR,2023-12-10
7183,1570,Changing Rooms,SPORTS_PAVILION,1965,528,1,GOOD,2021-05-25
7184,1570,Assembly Hall,HALL,1989,240,1,FAIR,2021-04-07
7185,1570,Learning Centre,LIBRARY,2013,482,2,GOOD,2022-01-12
7186,1570,Fitness Centre,GYM,1984,696,1,GOOD,2023-05-18
7187,1570,Maintenance Shed,STORAGE,1999,58,1,GOOD,2022-01-04
7188,1571,Block A,CLASSROOM,1954,260,1,FAIR,2022-03-29
7189,1571,Staff Block,ADMIN,1959,425,1,GOOD,2020-02-12
7190,1571,Junior Toilets,TOILET_BLOCK,1965,196,1,FAIR,2023-02-03
7191,1571,Sports Hall,GYM,1957,639,2,POOR,2021-07-18
7192,1571,Metal Workshop,WORKSHOP,2017,162,2,POOR,2022-11-06
7193,1571,Sports Pavilion,SPORTS_PAVILION,1958,349,1,FAIR,2020-10-08
7194,1571,Resource Centre,LIBRARY,1974,765,2,FAIR,2020-12-02
7195,1571,Equipment Store,STORAGE,2019,89,1,FAIR,2024-03-21
7196,1571,School Hall,HALL,1961,242,2,POOR,2023-03-15
7197,1571,Science Block,CLASSROOM,1952,188,1,POOR,2021-02-14
7198,1571,Block D,CLASSROOM,1999,76,2,FAIR,2020-07-01
7199,1571,Block D,CLASSROOM,2001,285,1,GOOD,2023-06-27
7200,1572,Block C,CLASSROOM,1966,739,2,GOOD,2024-05-02
7201,1572,Main Office,ADMIN,2013,316,2,CRITICAL,2023-03-01
7202,1572,Sports Amenities,TOILET_BLOCK,1971,512,1,FAIR,2021-08-04
7203,1572,School Library,LIBRARY,1982,447,1,FAIR,2021-12-17
7204,1572,Grounds Shed,STORAGE,1956,61,1,CRITICAL,2024-02-11
7205,1572,Main Gymnasium,GYM,1965,719,2,POOR,2020-04-26
7206,1572,Sports Pavilion,SPORTS_PAVILION,1991,751,1,FAIR,2023-12-12
7207,1572,Metal Workshop,WORKSHOP,1955,403,2,GOOD,2022-05-28
7208,1572,Assembly Hall,HALL,2007,688,2,GOOD,2022-05-13
7209,1572,Block E,CLASSROOM,1966,328,1,FAIR,2022-03-17
7210,1573,Block A,CLASSROOM,1964,258,1,GOOD,2020-08-06
7211,1573,Main Office,ADMIN,1969,298,2,FAIR,2022-10-05
7212,1573,Sports Amenities,TOILET_BLOCK,1963,195,1,GOOD,2021-12-05
7213,1573,Sports Hall,GYM,1989,258,1,GOOD,2024-05-08
7214,1573,Cricket Pavilion,SPORTS_PAVILION,2001,585,1,GOOD,2021-10-23
7215,1573,Sports Store,STORAGE,1952,85,1,FAIR,2024-06-25
7216,1573,School Library,LIBRARY,2019,510,1,POOR,2020-05-08
7217,1573,School Hall,HALL,2005,674,1,GOOD,2023-02-19
7218,1573,Wood Workshop,WORKSHOP,1975,475,2,POOR,2020-09-18
7219,1573,Arts Block,CLASSROOM,1974,228,2,POOR,2021-08-26
7220,1573,Block C,CLASSROOM,1995,241,2,POOR,2021-12-17
7221,1573,Block D,CLASSROOM,1959,646,1,FAIR,2020-05-29
7222,1574,Technology Block,CLASSROOM,1954,298,2,FAIR,2020-07-27
7223,1574,Main Office,ADMIN,2002,236,1,FAIR,2022-08-15
7224,1574,Staff Facilities,TOILET_BLOCK,1980,146,1,GOOD,2024-10-01
7225,1575,Block E,CLASSROOM,1955,693,1,POOR,2021-01-06
7226,1575,Administration Building,ADMIN,1981,561,1,GOOD,2020-11-26
7227,1575,Senior Toilets,TOILET_BLOCK,2018,739,1,POOR,2020-02-22
7228,1576,Block E,CLASSROOM,1955,474,1,GOOD,2024-05-24
7229,1576,Staff Block,ADMIN,2012,345,1,GOOD,2020-01-24
7230,1576,Sports Amenities,TOILET_BLOCK,2000,399,1,GOOD,2023-04-04
7231,1576,Performing Arts Centre,HALL,2013,489,2,GOOD,2024-10-31
7232,1576,School Library,LIBRARY,1978,780,1,GOOD,2022-01-03
7233,1576,Fitness Centre,GYM,1988,246,1,POOR,2022-07-26
7234,1576,Changing Rooms,SPORTS_PAVILION,2002,650,1,FAIR,2021-10-10
7235,1577,Technology Block,CLASSROOM,1993,158,1,CRITICAL,2021-04-03
7236,1577,Staff Block,ADMIN,2020,606,2,FAIR,2020-03-14
7237,1577,Junior Toilets,TOILET_BLOCK,1990,544,1,GOOD,2020-05-05
7238,1577,School Library,LIBRARY,2012,363,2,CRITICAL,2024-05-28
7239,1577,Equipment Store,STORAGE,2021,93,1,GOOD,2023-12-08
7240,1578,Block D,CLASSROOM,1995,718,1,GOOD,2021-11-04
7241,1578,Administration Building,ADMIN,2005,134,2,GOOD,2020-05-01
7242,1578,Staff Facilities,TOILET_BLOCK,1992,472,1,GOOD,2020-12-21
7243,1578,Sports Hall,GYM,1991,739,2,FAIR,2021-01-16
7244,1578,Performing Arts Centre,HALL,1970,643,2,CRITICAL,2020-10-04
7245,1578,Cricket Pavilion,SPORTS_PAVILION,1963,674,1,POOR,2021-03-04
7246,1578,Metal Workshop,WORKSHOP,1979,629,2,CRITICAL,2024-11-13
7247,1579,Senior Block,CLASSROOM,1988,163,2,GOOD,2020-08-02
7248,1579,Administration Building,ADMIN,1993,400,1,FAIR,2023-01-01
7249,1579,Sports Amenities,TOILET_BLOCK,2008,185,1,POOR,2024-01-05
7250,1580,Block E,CLASSROOM,1963,467,1,CRITICAL,2023-02-12
7251,1580,Staff Block,ADMIN,1989,659,2,GOOD,2020-11-08
7252,1580,Junior Toilets,TOILET_BLOCK,1967,156,1,CRITICAL,2020-12-06
7253,1580,Learning Centre,LIBRARY,1962,307,2,GOOD,2020-09-23
7254,1580,Sports Pavilion,SPORTS_PAVILION,2020,103,1,GOOD,2022-06-10
7255,1581,Senior Block,CLASSROOM,1963,396,2,POOR,2023-05-13
7256,1581,Administration Building,ADMIN,2020,144,2,FAIR,2022-05-07
7257,1581,Junior Toilets,TOILET_BLOCK,1973,221,1,GOOD,2023-12-21
7258,1581,Grounds Shed,STORAGE,2012,48,1,FAIR,2024-11-16
7259,1581,Sports Pavilion,SPORTS_PAVILION,1975,537,1,CRITICAL,2023-05-05
7260,1581,Assembly Hall,HALL,1962,60,2,FAIR,2023-04-12
7261,1581,Learning Centre,LIBRARY,1985,513,2,GOOD,2024-08-26
7262,1581,Sports Hall,GYM,1963,748,1,FAIR,2022-03-13
7263,1581,Technology Workshop,WORKSHOP,1955,665,1,GOOD,2024-08-28
7264,1582,Junior Block,CLASSROOM,1980,763,2,GOOD,2023-02-23
7265,1582,Administration Building,ADMIN,2010,122,1,FAIR,2024-02-27
7266,1582,Senior Toilets,TOILET_BLOCK,2000,620,1,POOR,2022-03-31
7267,1582,Technology Workshop,WORKSHOP,2004,458,1,GOOD,2022-08-30
7268,1584,Block D,CLASSROOM,1986,557,1,GOOD,2021-06-10
7269,1584,Staff Block,ADMIN,2006,289,2,GOOD,2020-09-25
7270,1584,Sports Amenities,TOILET_BLOCK,2012,723,1,CRITICAL,2023-01-31
7271,1585,Block C,CLASSROOM,1973,180,2,POOR,2024-09-03
7272,1585,Administration Building,ADMIN,2004,693,2,GOOD,2024-01-20
7273,1585,Staff Facilities,TOILET_BLOCK,1995,57,1,FAIR,2024-09-16
7274,1585,Performing Arts Centre,HALL,1988,615,1,FAIR,2022-03-22
7275,1587,Block A,CLASSROOM,2008,224,1,GOOD,2020-09-17
7276,1587,Main Office,ADMIN,1975,614,1,FAIR,2020-01-27
7277,1587,Senior Toilets,TOILET_BLOCK,1967,417,1,POOR,2023-01-29
7278,1588,Block C,CLASSROOM,1952,412,2,POOR,2024-10-04
7279,1588,Administration Building,ADMIN,1996,351,1,GOOD,2021-01-12
7280,1588,Staff Facilities,TOILET_BLOCK,2014,326,1,FAIR,2022-10-26
7281,1588,School Hall,HALL,2014,81,2,GOOD,2022-07-19
7282,1588,Sports Store,STORAGE,2003,79,1,FAIR,2020-07-22
7283,1589,Block E,CLASSROOM,1972,299,2,GOOD,2023-04-25
7284,1589,Main Office,ADMIN,1973,123,1,FAIR,2020-08-28
7285,1589,Sports Amenities,TOILET_BLOCK,1965,511,1,FAIR,2023-10-11
7286,1589,Grounds Shed,STORAGE,2006,66,1,GOOD,2022-10-20
7287,1592,Block E,CLASSROOM,1961,599,2,GOOD,2022-11-17
7288,1592,Administration Building,ADMIN,2017,176,2,FAIR,2024-11-29
7289,1592,Staff Facilities,TOILET_BLOCK,2020,245,1,POOR,2024-07-11
7290,1592,Sports Hall,GYM,1974,653,2,POOR,2021-05-08
7291,1592,Wood Workshop,WORKSHOP,2016,522,2,POOR,2020-12-08
7292,1592,Sports Store,STORAGE,1980,61,1,GOOD,2021-02-06
7293,1592,Learning Centre,LIBRARY,1980,472,1,FAIR,2020-04-26
7294,1592,School Hall,HALL,1960,198,2,FAIR,2024-05-19
7295,1592,Changing Rooms,SPORTS_PAVILION,1987,224,1,GOOD,2021-05-20
7296,1592,Junior Block,CLASSROOM,2002,395,2,FAIR,2020-10-17
7297,1593,Arts Block,CLASSROOM,2022,605,2,GOOD,2021-01-12
7298,1593,Administration Building,ADMIN,1990,767,2,CRITICAL,2023-04-06
7299,1593,Junior Toilets,TOILET_BLOCK,2017,459,1,CRITICAL,2023-05-16
7300,1594,Block B,CLASSROOM,2002,157,1,POOR,2021-07-29
7301,1594,Staff Block,ADMIN,1951,174,1,GOOD,2023-09-07
7302,1594,Sports Amenities,TOILET_BLOCK,1970,561,1,FAIR,2022-09-21
7303,1594,Changing Rooms,SPORTS_PAVILION,1976,675,1,GOOD,2021-05-01
7304,1594,Technology Workshop,WORKSHOP,1967,537,1,GOOD,2020-09-21
7305,1595,Arts Block,CLASSROOM,1970,233,2,GOOD,2022-06-04
7306,1595,Staff Block,ADMIN,1951,255,2,GOOD,2024-10-24
7307,1595,Senior Toilets,TOILET_BLOCK,1999,355,1,POOR,2021-09-29
7308,1595,School Hall,HALL,2007,114,1,FAIR,2021-05-16
7309,1595,Learning Centre,LIBRARY,2022,734,1,GOOD,2023-07-11
7310,1606,Arts Block,CLASSROOM,1954,131,1,FAIR,2023-11-29
7311,1606,Administration Building,ADMIN,1972,503,2,FAIR,2023-08-18
7312,1606,Junior Toilets,TOILET_BLOCK,1993,264,1,GOOD,2020-12-12
7313,1606,Cricket Pavilion,SPORTS_PAVILION,1951,609,1,FAIR,2023-09-10
7314,1607,Block D,CLASSROOM,2008,100,1,GOOD,2023-11-30
7315,1607,Administration Building,ADMIN,1972,236,2,POOR,2021-07-14
7316,1607,Junior Toilets,TOILET_BLOCK,1950,505,1,GOOD,2021-07-10
7317,1607,Food Technology,WORKSHOP,2013,597,2,GOOD,2023-09-08
7318,1607,Sports Hall,GYM,1990,652,1,FAIR,2022-03-06
7319,1608,Junior Block,CLASSROOM,1966,173,1,FAIR,2022-07-07
7320,1608,Staff Block,ADMIN,1983,570,2,CRITICAL,2023-01-06
7321,1608,Sports Amenities,TOILET_BLOCK,1996,768,1,GOOD,2020-11-22
7322,1608,Fitness Centre,GYM,2008,278,1,FAIR,2020-03-02
7323,1608,School Hall,HALL,1967,111,2,GOOD,2024-10-27
7324,1611,Block C,CLASSROOM,1990,205,2,FAIR,2024-04-25
7325,1611,Staff Block,ADMIN,1973,466,2,POOR,2020-07-05
7326,1611,Senior Toilets,TOILET_BLOCK,2010,186,1,CRITICAL,2023-01-09
7327,1611,Sports Hall,GYM,1976,204,2,GOOD,2020-07-04
7328,1613,Arts Block,CLASSROOM,1987,77,2,POOR,2021-06-14
7329,1613,Main Office,ADMIN,2015,550,2,GOOD,2024-10-06
7330,1613,Sports Amenities,TOILET_BLOCK,1960,463,1,FAIR,2023-09-17
7331,1613,Grounds Shed,STORAGE,1963,23,1,FAIR,2021-06-28
7332,1613,Sports Hall,GYM,1986,300,2,POOR,2020-04-01
7333,1616,Senior Block,CLASSROOM,1951,532,2,FAIR,2020-06-14
7334,1616,Administration Building,ADMIN,1982,719,2,POOR,2024-01-07
7335,1616,Junior Toilets,TOILET_BLOCK,1978,683,1,FAIR,2022-01-11
7336,1616,Technology Workshop,WORKSHOP,1991,336,2,GOOD,2024-05-17
7337,1617,Block D,CLASSROOM,1991,731,2,FAIR,2024-05-14
7338,1617,Main Office,ADMIN,2021,726,1,GOOD,2022-01-14
7339,1617,Senior Toilets,TOILET_BLOCK,1980,312,1,FAIR,2023-08-12
7340,1617,Maintenance Shed,STORAGE,2003,36,1,FAIR,2021-03-07
7341,1618,Block D,CLASSROOM,1991,520,2,GOOD,2022-01-19
7342,1618,Administration Building,ADMIN,1984,161,1,GOOD,2023-04-09
7343,1618,Staff Facilities,TOILET_BLOCK,1959,488,1,GOOD,2022-12-31
7344,1618,School Library,LIBRARY,2010,508,1,FAIR,2022-07-21
7345,1618,Assembly Hall,HALL,1985,572,2,GOOD,2021-04-10
7346,1618,Sports Pavilion,SPORTS_PAVILION,1953,328,1,GOOD,2024-09-12
7347,1618,Food Technology,WORKSHOP,2015,697,2,GOOD,2020-11-26
7348,1618,Maintenance Shed,STORAGE,2013,22,1,POOR,2020-10-31
7349,1625,Block E,CLASSROOM,1973,739,2,FAIR,2021-03-30
7350,1625,Staff Block,ADMIN,1964,272,2,GOOD,2022-04-21
7351,1625,Staff Facilities,TOILET_BLOCK,1981,627,1,POOR,2022-12-29
7352,1625,Performing Arts Centre,HALL,2012,230,2,GOOD,2020-08-20
7353,1625,Main Gymnasium,GYM,2002,133,1,POOR,2023-12-30
7354,1625,Maintenance Shed,STORAGE,1954,31,1,GOOD,2020-06-23
7355,1625,Sports Pavilion,SPORTS_PAVILION,1984,372,1,FAIR,2022-04-04
7356,1625,School Library,LIBRARY,2008,716,2,GOOD,2023-05-11
7357,1627,Technology Block,CLASSROOM,1957,447,1,POOR,2024-08-01
7358,1627,Main Office,ADMIN,2015,265,2,FAIR,2023-05-19
7359,1627,Junior Toilets,TOILET_BLOCK,2013,595,1,FAIR,2023-04-09
7360,1627,School Hall,HALL,1996,468,2,FAIR,2021-02-22
7361,1627,Fitness Centre,GYM,1959,695,1,FAIR,2023-12-31
7362,1627,Maintenance Shed,STORAGE,1994,62,1,POOR,2023-12-02
7363,1630,Junior Block,CLASSROOM,2019,274,2,FAIR,2024-03-12
7364,1630,Administration Building,ADMIN,1955,568,1,FAIR,2022-02-16
7365,1630,Junior Toilets,TOILET_BLOCK,1955,334,1,POOR,2020-10-26
7366,1630,Main Gymnasium,GYM,1960,572,2,GOOD,2023-04-30
7367,1630,Sports Store,STORAGE,1958,51,1,CRITICAL,2020-07-03
7368,1631,Science Block,CLASSROOM,2010,469,1,GOOD,2021-08-05
7369,1631,Administration Building,ADMIN,1953,622,2,FAIR,2022-01-06
7370,1631,Staff Facilities,TOILET_BLOCK,1966,410,1,POOR,2023-10-31
7371,1631,Sports Pavilion,SPORTS_PAVILION,1980,606,1,FAIR,2021-01-11
7372,1631,Metal Workshop,WORKSHOP,1968,112,1,FAIR,2020-08-06
7373,1633,Block E,CLASSROOM,2001,760,1,FAIR,2022-10-19
7374,1633,Administration Building,ADMIN,2020,402,2,GOOD,2024-09-26
7375,1633,Junior Toilets,TOILET_BLOCK,1991,315,1,GOOD,2020-02-03
7376,1633,Resource Centre,LIBRARY,2005,683,2,GOOD,2023-09-29
7377,1633,Metal Workshop,WORKSHOP,1950,109,1,POOR,2021-11-03
7378,1633,Sports Hall,GYM,1968,555,1,FAIR,2023-09-11
7379,1633,Maintenance Shed,STORAGE,1955,29,1,FAIR,2021-03-09
7380,1634,Block D,CLASSROOM,2002,431,1,POOR,2021-03-29
7381,1634,Main Office,ADMIN,2007,678,1,GOOD,2021-02-03
7382,1634,Staff Facilities,TOILET_BLOCK,2003,245,1,FAIR,2021-11-13
7383,1634,Sports Hall,GYM,2009,538,2,POOR,2020-02-11
7384,1634,Equipment Store,STORAGE,1999,68,1,FAIR,2020-07-11
7385,1636,Junior Block,CLASSROOM,1974,592,1,GOOD,2024-02-28
7386,1636,Staff Block,ADMIN,1957,452,1,GOOD,2021-03-29
7387,1636,Staff Facilities,TOILET_BLOCK,2014,362,1,GOOD,2024-07-09
7388,1636,Performing Arts Centre,HALL,1958,725,2,FAIR,2022-08-28
7389,1641,Block A,CLASSROOM,1979,150,1,POOR,2024-11-03
7390,1641,Main Office,ADMIN,2005,217,2,FAIR,2023-04-14
7391,1641,Staff Facilities,TOILET_BLOCK,1972,502,1,GOOD,2021-02-19
7392,1641,School Hall,HALL,1986,670,1,GOOD,2022-08-28
7393,1641,Resource Centre,LIBRARY,2015,656,1,POOR,2022-06-01
7394,1643,Block D,CLASSROOM,1966,389,2,GOOD,2024-10-13
7395,1643,Main Office,ADMIN,1965,314,1,POOR,2024-07-29
7396,1643,Junior Toilets,TOILET_BLOCK,1996,730,1,GOOD,2021-12-02
7397,1643,Resource Centre,LIBRARY,2021,270,1,GOOD,2021-03-25
7398,1643,Sports Pavilion,SPORTS_PAVILION,1959,754,1,GOOD,2020-04-29
7399,1643,Sports Hall,GYM,1992,573,2,GOOD,2023-12-16
7400,1645,Arts Block,CLASSROOM,2017,379,1,CRITICAL,2021-11-05
7401,1645,Administration Building,ADMIN,2018,223,2,FAIR,2020-07-12
7402,1645,Staff Facilities,TOILET_BLOCK,2016,745,1,FAIR,2021-11-22
7403,1645,Equipment Store,STORAGE,1997,98,1,POOR,2020-06-21
7404,1645,Technology Workshop,WORKSHOP,2015,134,1,GOOD,2024-05-06
7405,1646,Block B,CLASSROOM,2011,610,2,FAIR,2024-10-28
7406,1646,Administration Building,ADMIN,1953,118,1,GOOD,2020-06-15
7407,1646,Sports Amenities,TOILET_BLOCK,1981,364,1,POOR,2021-09-18
7408,1646,Resource Centre,LIBRARY,2022,388,2,CRITICAL,2020-02-14
7409,1646,Technology Workshop,WORKSHOP,1950,82,2,FAIR,2021-08-27
7410,1647,Science Block,CLASSROOM,1991,328,1,FAIR,2021-12-28
7411,1647,Main Office,ADMIN,1976,740,2,FAIR,2024-05-25
7412,1647,Junior Toilets,TOILET_BLOCK,2020,408,1,GOOD,2021-11-06
7413,1647,Sports Hall,GYM,1953,590,2,GOOD,2023-04-26
7414,1647,Changing Rooms,SPORTS_PAVILION,1956,394,1,GOOD,2020-01-16
7415,1647,School Hall,HALL,2005,495,1,POOR,2022-03-23
7416,1648,Senior Block,CLASSROOM,1995,323,1,GOOD,2023-07-18
7417,1648,Staff Block,ADMIN,2011,89,1,FAIR,2021-02-11
7418,1648,Senior Toilets,TOILET_BLOCK,1956,125,1,FAIR,2022-03-25
7419,1650,Senior Block,CLASSROOM,2002,454,1,GOOD,2020-03-15
7420,1650,Main Office,ADMIN,2001,239,1,FAIR,2021-11-11
7421,1650,Junior Toilets,TOILET_BLOCK,1998,277,1,FAIR,2020-12-17
7422,1650,Performing Arts Centre,HALL,1951,480,2,FAIR,2022-08-31
7423,1651,Senior Block,CLASSROOM,2019,648,1,FAIR,2021-02-01
7424,1651,Main Office,ADMIN,1967,396,1,GOOD,2024-01-25
7425,1651,Junior Toilets,TOILET_BLOCK,1990,260,1,GOOD,2024-06-26
7426,1655,Technology Block,CLASSROOM,1960,72,1,GOOD,2022-01-20
7427,1655,Staff Block,ADMIN,1969,465,1,GOOD,2020-04-26
7428,1655,Sports Amenities,TOILET_BLOCK,1981,700,1,GOOD,2020-11-06
7429,1657,Block A,CLASSROOM,1994,715,2,FAIR,2023-06-04
7430,1657,Administration Building,ADMIN,2016,117,2,GOOD,2020-12-01
7431,1657,Staff Facilities,TOILET_BLOCK,1993,171,1,FAIR,2023-04-04
7432,1657,Sports Pavilion,SPORTS_PAVILION,1951,71,1,GOOD,2022-09-28
7433,1657,Learning Centre,LIBRARY,1965,495,2,GOOD,2020-11-03
7434,1657,Sports Hall,GYM,1977,132,2,POOR,2021-10-19
7435,1657,Performing Arts Centre,HALL,2001,369,2,GOOD,2022-03-06
7436,1657,Grounds Shed,STORAGE,1960,53,1,POOR,2020-01-29
7437,1658,Block C,CLASSROOM,1993,370,1,POOR,2023-04-25
7438,1658,Administration Building,ADMIN,2001,472,2,GOOD,2021-12-18
7439,1658,Staff Facilities,TOILET_BLOCK,1981,717,1,GOOD,2024-11-04
7440,1658,Resource Centre,LIBRARY,1955,755,1,GOOD,2023-03-04
7441,1658,Sports Store,STORAGE,1969,29,1,POOR,2023-05-08
7442,1658,Main Gymnasium,GYM,1951,342,1,GOOD,2024-10-31
7443,1659,Senior Block,CLASSROOM,2019,130,2,POOR,2020-02-11
7444,1659,Administration Building,ADMIN,1984,102,1,FAIR,2023-03-03
7445,1659,Staff Facilities,TOILET_BLOCK,2018,141,1,FAIR,2020-06-04
7446,1659,Cricket Pavilion,SPORTS_PAVILION,1972,694,1,FAIR,2022-09-18
7447,1659,Resource Centre,LIBRARY,1989,590,1,GOOD,2024-01-07
7448,1659,Main Gymnasium,GYM,1960,452,2,POOR,2024-03-22
7449,1659,Maintenance Shed,STORAGE,1950,99,1,FAIR,2021-07-02
7450,1659,School Hall,HALL,1990,647,1,POOR,2020-07-17
7451,1659,Technology Workshop,WORKSHOP,2009,652,2,GOOD,2020-08-28
7452,1659,Senior Block,CLASSROOM,1994,736,1,GOOD,2020-10-11
7453,1660,Senior Block,CLASSROOM,1992,493,1,FAIR,2020-06-03
7454,1660,Staff Block,ADMIN,2014,105,1,GOOD,2023-07-26
7455,1660,Senior Toilets,TOILET_BLOCK,1961,322,1,FAIR,2021-05-28
7456,1660,Food Technology,WORKSHOP,1954,391,1,FAIR,2022-12-28
7457,1660,Resource Centre,LIBRARY,2013,595,1,GOOD,2021-09-18
7458,1661,Technology Block,CLASSROOM,1978,155,1,CRITICAL,2022-10-17
7459,1661,Main Office,ADMIN,1951,583,2,FAIR,2023-12-29
7460,1661,Senior Toilets,TOILET_BLOCK,1966,217,1,GOOD,2021-06-02
7461,1661,Fitness Centre,GYM,2020,775,2,FAIR,2020-08-16
7462,1661,Maintenance Shed,STORAGE,2006,32,1,GOOD,2023-10-13
7463,1661,Cricket Pavilion,SPORTS_PAVILION,2004,712,1,GOOD,2020-10-23
7464,1662,Block D,CLASSROOM,1986,311,1,POOR,2020-07-31
7465,1662,Staff Block,ADMIN,1979,268,1,POOR,2024-08-02
7466,1662,Junior Toilets,TOILET_BLOCK,2014,579,1,POOR,2020-04-17
7467,1662,Learning Centre,LIBRARY,1992,331,1,POOR,2021-05-03
7468,1662,Equipment Store,STORAGE,1987,83,1,FAIR,2024-03-04
7469,1663,Arts Block,CLASSROOM,2010,160,2,GOOD,2020-04-21
7470,1663,Main Office,ADMIN,2011,771,2,GOOD,2024-07-19
7471,1663,Junior Toilets,TOILET_BLOCK,1962,615,1,POOR,2020-10-03
7472,1663,Maintenance Shed,STORAGE,1961,34,1,GOOD,2020-04-26
7473,1663,Main Gymnasium,GYM,2020,383,1,FAIR,2021-08-30
7474,1663,Cricket Pavilion,SPORTS_PAVILION,1980,515,1,FAIR,2021-08-06
7475,1666,Block B,CLASSROOM,1997,353,2,GOOD,2020-01-02
7476,1666,Main Office,ADMIN,2020,722,1,POOR,2022-10-27
7477,1666,Junior Toilets,TOILET_BLOCK,1997,710,1,POOR,2024-10-22
7478,1666,Sports Store,STORAGE,1994,29,1,POOR,2024-01-03
7479,1666,Changing Rooms,SPORTS_PAVILION,1962,200,1,POOR,2022-08-05
7480,1667,Block D,CLASSROOM,2007,302,1,POOR,2022-06-15
7481,1667,Administration Building,ADMIN,2013,208,1,FAIR,2024-07-31
7482,1667,Staff Facilities,TOILET_BLOCK,1960,387,1,FAIR,2021-01-26
7483,1667,Wood Workshop,WORKSHOP,2003,256,2,POOR,2021-09-18
7484,1667,School Library,LIBRARY,1973,126,1,CRITICAL,2023-10-28
7485,1668,Technology Block,CLASSROOM,1952,293,1,FAIR,2024-08-06
7486,1668,Staff Block,ADMIN,1983,595,1,GOOD,2020-07-13
7487,1668,Staff Facilities,TOILET_BLOCK,1988,151,1,GOOD,2022-03-23
7488,1668,Learning Centre,LIBRARY,2018,722,2,POOR,2020-06-24
7489,1668,Metal Workshop,WORKSHOP,1989,675,1,FAIR,2023-06-29
7490,1668,Cricket Pavilion,SPORTS_PAVILION,1955,383,1,GOOD,2020-10-29
7491,1668,Performing Arts Centre,HALL,2015,677,2,CRITICAL,2020-04-28
7492,1668,Sports Store,STORAGE,2008,26,1,FAIR,2020-12-20
7493,1669,Arts Block,CLASSROOM,2015,120,1,GOOD,2020-04-29
7494,1669,Main Office,ADMIN,1982,655,1,GOOD,2022-07-07
7495,1669,Staff Facilities,TOILET_BLOCK,2004,547,1,FAIR,2020-03-02
7496,1670,Block A,CLASSROOM,1982,262,2,GOOD,2023-01-19
7497,1670,Main Office,ADMIN,1953,100,2,FAIR,2020-11-05
7498,1670,Sports Amenities,TOILET_BLOCK,1966,706,1,FAIR,2024-09-18
7499,1670,Sports Hall,GYM,1998,489,1,FAIR,2023-11-27
7500,1670,School Library,LIBRARY,2022,463,2,GOOD,2022-11-21
7501,1670,Performing Arts Centre,HALL,1956,163,1,GOOD,2024-08-11
7502,1672,Block A,CLASSROOM,1999,591,1,GOOD,2021-07-15
7503,1672,Staff Block,ADMIN,1957,176,2,POOR,2020-02-12
7504,1672,Junior Toilets,TOILET_BLOCK,2011,659,1,POOR,2021-02-18
7505,1672,Technology Workshop,WORKSHOP,1971,798,2,POOR,2020-01-09
7506,1672,Cricket Pavilion,SPORTS_PAVILION,1990,608,1,GOOD,2024-09-19
7507,1673,Junior Block,CLASSROOM,2001,681,2,FAIR,2021-12-22
7508,1673,Staff Block,ADMIN,1955,85,1,GOOD,2020-07-31
7509,1673,Senior Toilets,TOILET_BLOCK,1962,741,1,GOOD,2024-02-26
7510,1673,Resource Centre,LIBRARY,1985,683,1,POOR,2020-12-16
7511,1673,Technology Workshop,WORKSHOP,2003,112,1,GOOD,2024-01-01
7512,1674,Block A,CLASSROOM,1957,305,1,FAIR,2022-05-16
7513,1674,Administration Building,ADMIN,2011,282,1,FAIR,2020-03-27
7514,1674,Junior Toilets,TOILET_BLOCK,1953,646,1,POOR,2021-08-13
7515,1674,Technology Workshop,WORKSHOP,1983,109,1,POOR,2023-11-18
7516,1674,School Hall,HALL,1997,675,1,POOR,2024-02-04
7517,1674,School Library,LIBRARY,2010,793,1,POOR,2024-03-06
7518,1675,Junior Block,CLASSROOM,1954,687,2,GOOD,2022-10-21
7519,1675,Main Office,ADMIN,1996,327,1,FAIR,2021-02-22
7520,1675,Junior Toilets,TOILET_BLOCK,1986,640,1,GOOD,2020-09-24
7521,1675,Maintenance Shed,STORAGE,1975,87,1,FAIR,2023-04-29
7522,1675,Assembly Hall,HALL,2002,117,2,FAIR,2022-11-10
7523,1676,Block E,CLASSROOM,1986,625,1,GOOD,2023-04-11
7524,1676,Staff Block,ADMIN,1981,118,1,GOOD,2024-10-23
7525,1676,Senior Toilets,TOILET_BLOCK,2003,523,1,POOR,2021-06-01
7526,1677,Block D,CLASSROOM,1951,477,2,GOOD,2022-08-02
7527,1677,Administration Building,ADMIN,1970,775,2,GOOD,2023-02-13
7528,1677,Staff Facilities,TOILET_BLOCK,1985,585,1,POOR,2020-10-10
7529,1677,School Hall,HALL,1952,399,1,GOOD,2020-02-02
7530,1677,Maintenance Shed,STORAGE,1967,26,1,FAIR,2021-04-28
7531,1678,Technology Block,CLASSROOM,1977,210,1,CRITICAL,2024-03-19
7532,1678,Staff Block,ADMIN,1965,230,1,CRITICAL,2023-05-28
7533,1678,Senior Toilets,TOILET_BLOCK,2003,676,1,POOR,2020-02-03
7534,1678,Grounds Shed,STORAGE,1962,34,1,GOOD,2023-07-28
7535,1679,Block E,CLASSROOM,1963,602,2,POOR,2022-09-14
7536,1679,Staff Block,ADMIN,1957,114,1,GOOD,2020-08-23
7537,1679,Junior Toilets,TOILET_BLOCK,1973,298,1,POOR,2020-11-02
7538,1679,School Hall,HALL,1987,255,1,FAIR,2023-04-22
7539,1680,Block B,CLASSROOM,2017,532,2,GOOD,2024-05-29
7540,1680,Administration Building,ADMIN,1967,426,2,FAIR,2022-05-02
7541,1680,Staff Facilities,TOILET_BLOCK,1984,716,1,FAIR,2023-05-07
7542,1680,Performing Arts Centre,HALL,1984,340,1,FAIR,2024-08-15
7543,1680,Changing Rooms,SPORTS_PAVILION,1955,513,1,GOOD,2022-12-07
7544,1680,Resource Centre,LIBRARY,1988,613,1,FAIR,2022-03-07
7545,1680,Sports Hall,GYM,2019,464,2,GOOD,2023-03-14
7546,1680,Maintenance Shed,STORAGE,1973,22,1,FAIR,2022-05-17
7547,1681,Science Block,CLASSROOM,2008,296,1,POOR,2022-01-16
7548,1681,Administration Building,ADMIN,1981,488,1,FAIR,2020-11-02
7549,1681,Junior Toilets,TOILET_BLOCK,1951,486,1,CRITICAL,2023-04-02
7550,1681,Performing Arts Centre,HALL,2022,510,1,POOR,2024-05-14
7551,1681,Technology Workshop,WORKSHOP,2019,371,2,POOR,2023-04-26
7552,1681,Cricket Pavilion,SPORTS_PAVILION,1960,168,1,GOOD,2022-09-14
7553,1681,Learning Centre,LIBRARY,2004,750,2,POOR,2024-11-23
7554,1682,Arts Block,CLASSROOM,1982,504,2,GOOD,2023-06-05
7555,1682,Staff Block,ADMIN,1992,543,1,FAIR,2020-11-02
7556,1682,Junior Toilets,TOILET_BLOCK,1993,76,1,POOR,2023-11-19
7557,1682,Equipment Store,STORAGE,1968,94,1,GOOD,2024-01-06
7558,1682,Assembly Hall,HALL,1978,485,1,POOR,2021-04-13
7559,1683,Science Block,CLASSROOM,1975,708,2,GOOD,2024-09-13
7560,1683,Main Office,ADMIN,1962,561,1,POOR,2021-07-26
7561,1683,Senior Toilets,TOILET_BLOCK,1952,428,1,CRITICAL,2024-01-11
7562,1683,School Hall,HALL,1991,521,2,GOOD,2024-11-27
7563,1683,Fitness Centre,GYM,1969,155,1,FAIR,2023-08-17
7564,1684,Junior Block,CLASSROOM,1989,258,2,FAIR,2022-01-14
7565,1684,Staff Block,ADMIN,1964,768,2,FAIR,2023-08-25
7566,1684,Junior Toilets,TOILET_BLOCK,1950,609,1,GOOD,2022-03-18
7567,1684,Sports Hall,GYM,1987,556,2,GOOD,2021-03-11
7568,1684,Cricket Pavilion,SPORTS_PAVILION,1991,669,1,CRITICAL,2022-02-11
7569,1686,Technology Block,CLASSROOM,1986,230,1,GOOD,2024-10-02
7570,1686,Main Office,ADMIN,1959,675,2,FAIR,2020-10-25
7571,1686,Senior Toilets,TOILET_BLOCK,1987,289,1,GOOD,2022-07-30
7572,1686,Equipment Store,STORAGE,2011,80,1,GOOD,2023-04-17
7573,1686,Resource Centre,LIBRARY,1996,639,2,POOR,2024-03-07
7574,1686,Fitness Centre,GYM,2002,220,1,POOR,2020-07-26
7575,1686,Sports Pavilion,SPORTS_PAVILION,1994,121,1,FAIR,2023-03-27
7576,1686,Technology Workshop,WORKSHOP,1980,541,2,FAIR,2024-11-30
7577,1686,School Hall,HALL,1965,430,1,GOOD,2021-04-15
7578,1686,Block B,CLASSROOM,1953,477,1,FAIR,2023-11-10
7579,1686,Block B,CLASSROOM,1995,156,1,GOOD,2020-08-26
7580,1687,Block E,CLASSROOM,1958,279,1,GOOD,2023-04-01
7581,1687,Administration Building,ADMIN,1962,658,1,GOOD,2020-06-06
7582,1687,Staff Facilities,TOILET_BLOCK,2002,85,1,POOR,2024-03-07
7583,1687,Metal Workshop,WORKSHOP,2000,61,2,POOR,2020-08-28
7584,1688,Junior Block,CLASSROOM,1993,626,1,GOOD,2024-05-07
7585,1688,Staff Block,ADMIN,1989,111,2,POOR,2024-02-14
7586,1688,Senior Toilets,TOILET_BLOCK,2012,763,1,FAIR,2024-08-06
7587,1689,Block E,CLASSROOM,1976,184,2,GOOD,2024-06-29
7588,1689,Administration Building,ADMIN,2002,168,1,GOOD,2021-09-02
7589,1689,Senior Toilets,TOILET_BLOCK,1964,636,1,GOOD,2021-10-25
7590,1689,Performing Arts Centre,HALL,2019,641,2,FAIR,2024-11-20
7591,1689,Main Gymnasium,GYM,1996,265,2,GOOD,2022-04-10
7592,1691,Block C,CLASSROOM,2011,282,1,POOR,2021-03-24
7593,1691,Main Office,ADMIN,1974,399,1,FAIR,2024-09-11
7594,1691,Senior Toilets,TOILET_BLOCK,1993,635,1,GOOD,2024-08-10
7595,1691,Food Technology,WORKSHOP,1956,148,2,FAIR,2021-08-14
7596,1691,Maintenance Shed,STORAGE,2019,89,1,FAIR,2021-10-31
7597,1691,Sports Pavilion,SPORTS_PAVILION,1989,410,1,GOOD,2020-05-29
7598,1691,Sports Hall,GYM,1965,666,2,CRITICAL,2024-11-14
7599,1693,Junior Block,CLASSROOM,1980,200,1,POOR,2023-01-12
7600,1693,Staff Block,ADMIN,2013,83,2,GOOD,2022-10-22
7601,1693,Staff Facilities,TOILET_BLOCK,2010,261,1,FAIR,2020-01-01
7602,1693,School Library,LIBRARY,1960,656,1,FAIR,2022-04-15
7603,1693,Maintenance Shed,STORAGE,2013,99,1,FAIR,2021-06-23
7604,1694,Senior Block,CLASSROOM,2002,376,1,GOOD,2021-05-28
7605,1694,Administration Building,ADMIN,1992,434,1,FAIR,2020-06-24
7606,1694,Senior Toilets,TOILET_BLOCK,1964,50,1,POOR,2024-04-25
7607,1694,Equipment Store,STORAGE,2006,40,1,GOOD,2024-07-12
7608,1694,Metal Workshop,WORKSHOP,2004,414,1,FAIR,2024-01-02
7609,1694,Changing Rooms,SPORTS_PAVILION,1960,725,1,POOR,2020-11-26
7610,1695,Junior Block,CLASSROOM,1950,710,2,GOOD,2022-02-01
7611,1695,Main Office,ADMIN,2006,680,1,GOOD,2021-03-15
7612,1695,Sports Amenities,TOILET_BLOCK,1998,291,1,FAIR,2023-04-26
7613,1695,Sports Store,STORAGE,1981,75,1,FAIR,2022-01-25
7614,1695,Learning Centre,LIBRARY,1975,139,1,GOOD,2022-01-28
7615,1695,School Hall,HALL,1968,336,1,FAIR,2022-11-19
7616,1695,Sports Hall,GYM,2022,413,2,FAIR,2022-10-02
7617,1695,Technology Workshop,WORKSHOP,2003,620,1,POOR,2022-07-05
7618,1695,Changing Rooms,SPORTS_PAVILION,2020,499,1,POOR,2021-02-18
7619,1695,Block A,CLASSROOM,1999,101,2,FAIR,2023-06-14
7620,1696,Technology Block,CLASSROOM,1983,66,2,GOOD,2022-08-31
7621,1696,Administration Building,ADMIN,1968,742,2,POOR,2021-12-06
7622,1696,Sports Amenities,TOILET_BLOCK,1973,586,1,FAIR,2020-12-01
7623,1696,Food Technology,WORKSHOP,1970,453,2,POOR,2023-03-22
7624,1697,Science Block,CLASSROOM,1986,459,1,GOOD,2020-11-29
7625,1697,Administration Building,ADMIN,1985,583,1,FAIR,2024-07-20
7626,1697,Junior Toilets,TOILET_BLOCK,2017,159,1,POOR,2024-06-15
7627,1697,Learning Centre,LIBRARY,1985,635,2,GOOD,2020-01-21
7628,1697,Fitness Centre,GYM,1951,144,1,GOOD,2021-04-22
7629,1697,School Hall,HALL,1975,118,1,FAIR,2023-12-08
7630,1697,Metal Workshop,WORKSHOP,1967,51,2,FAIR,2024-02-03
7631,1697,Sports Pavilion,SPORTS_PAVILION,2018,475,1,FAIR,2024-07-20
7632,1698,Arts Block,CLASSROOM,2005,315,1,POOR,2022-01-07
7633,1698,Staff Block,ADMIN,1996,452,2,POOR,2022-09-19
7634,1698,Staff Facilities,TOILET_BLOCK,1979,526,1,FAIR,2020-07-22
7635,1698,Cricket Pavilion,SPORTS_PAVILION,1962,355,1,GOOD,2023-06-05
7636,1699,Block D,CLASSROOM,1979,487,2,GOOD,2024-09-01
7637,1699,Main Office,ADMIN,2022,542,2,FAIR,2021-07-18
7638,1699,Sports Amenities,TOILET_BLOCK,1969,489,1,POOR,2021-10-26
7639,1699,Sports Hall,GYM,1951,237,1,POOR,2022-04-18
7640,1699,Cricket Pavilion,SPORTS_PAVILION,1994,348,1,FAIR,2022-12-13
7641,1699,School Hall,HALL,1966,508,2,POOR,2023-02-02
7642,1699,Metal Workshop,WORKSHOP,1978,393,1,CRITICAL,2022-10-19
7643,1700,Arts Block,CLASSROOM,2019,772,1,FAIR,2023-09-08
7644,1700,Staff Block,ADMIN,1996,285,2,GOOD,2022-11-29
7645,1700,Sports Amenities,TOILET_BLOCK,1959,702,1,CRITICAL,2024-03-14
7646,1700,Maintenance Shed,STORAGE,1955,37,1,FAIR,2020-08-06
7647,1700,Cricket Pavilion,SPORTS_PAVILION,1956,533,1,FAIR,2023-02-10
7648,1701,Block C,CLASSROOM,1970,793,2,GOOD,2020-05-01
7649,1701,Main Office,ADMIN,2009,677,1,FAIR,2021-04-30
7650,1701,Staff Facilities,TOILET_BLOCK,1951,751,1,GOOD,2023-06-29
7651,1701,Metal Workshop,WORKSHOP,2012,592,1,POOR,2021-10-03
7652,1701,Maintenance Shed,STORAGE,1987,82,1,FAIR,2022-02-15
7653,1701,Assembly Hall,HALL,2014,362,1,GOOD,2021-11-25
7654,1701,Fitness Centre,GYM,1985,327,2,FAIR,2024-10-20
7655,1701,Changing Rooms,SPORTS_PAVILION,1984,581,1,FAIR,2022-03-05
7656,1701,Learning Centre,LIBRARY,2011,487,1,GOOD,2022-02-16
7657,1701,Block C,CLASSROOM,1988,289,2,GOOD,2022-11-05
7658,1702,Block C,CLASSROOM,2005,467,2,GOOD,2021-03-10
7659,1702,Staff Block,ADMIN,1958,534,1,POOR,2020-09-13
7660,1702,Junior Toilets,TOILET_BLOCK,2005,625,1,GOOD,2022-06-19
7661,1702,Technology Workshop,WORKSHOP,2009,318,1,FAIR,2024-04-06
7662,1702,Changing Rooms,SPORTS_PAVILION,1972,651,1,FAIR,2021-05-30
7663,1702,School Library,LIBRARY,1963,299,2,FAIR,2024-03-15
7664,1704,Block C,CLASSROOM,2018,524,1,GOOD,2021-06-03
7665,1704,Staff Block,ADMIN,2020,354,2,FAIR,2023-03-03
7666,1704,Junior Toilets,TOILET_BLOCK,2013,671,1,GOOD,2020-10-08
7667,1704,Cricket Pavilion,SPORTS_PAVILION,1996,647,1,POOR,2024-02-29
7668,1704,Sports Store,STORAGE,1979,47,1,GOOD,2023-08-15
7669,1705,Block D,CLASSROOM,1951,705,1,GOOD,2022-08-23
7670,1705,Administration Building,ADMIN,1962,266,2,GOOD,2024-03-26
7671,1705,Staff Facilities,TOILET_BLOCK,2009,537,1,FAIR,2024-03-26
7672,1705,School Library,LIBRARY,2002,145,1,GOOD,2021-04-05
7673,1706,Block E,CLASSROOM,1976,724,2,FAIR,2023-08-02
7674,1706,Administration Building,ADMIN,1953,411,2,CRITICAL,2022-07-31
7675,1706,Staff Facilities,TOILET_BLOCK,1955,626,1,FAIR,2024-06-16
7676,1706,Technology Workshop,WORKSHOP,1985,734,2,FAIR,2023-05-24
7677,1706,Learning Centre,LIBRARY,1999,91,2,GOOD,2022-03-23
7678,1707,Block A,CLASSROOM,1962,215,2,GOOD,2020-10-07
7679,1707,Main Office,ADMIN,2016,693,1,GOOD,2023-12-26
7680,1707,Sports Amenities,TOILET_BLOCK,1995,697,1,FAIR,2024-10-10
7681,1707,Fitness Centre,GYM,2001,571,1,FAIR,2023-09-02
7682,1708,Block D,CLASSROOM,1955,396,1,FAIR,2023-10-14
7683,1708,Staff Block,ADMIN,2006,556,2,FAIR,2022-05-26
7684,1708,Junior Toilets,TOILET_BLOCK,1985,292,1,FAIR,2024-05-29
7685,1709,Senior Block,CLASSROOM,1991,611,1,GOOD,2020-11-17
7686,1709,Staff Block,ADMIN,1991,341,2,GOOD,2022-10-30
7687,1709,Staff Facilities,TOILET_BLOCK,1990,720,1,GOOD,2022-01-28
7688,1709,Metal Workshop,WORKSHOP,2003,265,2,POOR,2024-06-11
7689,1709,Changing Rooms,SPORTS_PAVILION,2003,478,1,GOOD,2022-03-09
7690,1709,Performing Arts Centre,HALL,1959,461,2,FAIR,2024-02-12
7691,1709,School Library,LIBRARY,1950,286,2,POOR,2021-04-08
7692,1709,Main Gymnasium,GYM,1956,562,1,FAIR,2022-08-04
7693,1710,Block C,CLASSROOM,1955,736,2,FAIR,2021-01-15
7694,1710,Main Office,ADMIN,2007,236,2,GOOD,2023-01-22
7695,1710,Junior Toilets,TOILET_BLOCK,2011,791,1,FAIR,2021-08-29
7696,1710,Main Gymnasium,GYM,1999,70,1,POOR,2023-12-30
7697,1710,Learning Centre,LIBRARY,1988,356,1,FAIR,2022-12-27
7698,1710,Technology Workshop,WORKSHOP,1973,724,1,GOOD,2021-04-05
7699,1711,Technology Block,CLASSROOM,1978,578,2,FAIR,2020-07-01
7700,1711,Staff Block,ADMIN,1999,210,1,FAIR,2021-12-17
7701,1711,Junior Toilets,TOILET_BLOCK,1991,580,1,POOR,2020-12-01
7702,1711,Cricket Pavilion,SPORTS_PAVILION,1956,743,1,GOOD,2020-06-25
7703,1711,Resource Centre,LIBRARY,1997,226,1,GOOD,2024-07-22
7704,1713,Block D,CLASSROOM,1972,167,1,FAIR,2023-03-26
7705,1713,Staff Block,ADMIN,1958,604,1,GOOD,2021-12-09
7706,1713,Sports Amenities,TOILET_BLOCK,1975,626,1,GOOD,2020-11-18
7707,1713,Resource Centre,LIBRARY,1983,391,2,POOR,2021-11-15
7708,1715,Block D,CLASSROOM,2002,365,1,GOOD,2024-11-07
7709,1715,Main Office,ADMIN,1958,494,1,GOOD,2021-04-28
7710,1715,Staff Facilities,TOILET_BLOCK,2000,320,1,POOR,2023-01-06
7711,1715,Changing Rooms,SPORTS_PAVILION,1989,403,1,POOR,2020-01-30
7712,1715,School Library,LIBRARY,1984,485,1,GOOD,2022-12-25
7713,1715,School Hall,HALL,1953,525,2,FAIR,2023-05-29
7714,1715,Sports Store,STORAGE,1998,37,1,GOOD,2020-02-08
7715,1715,Food Technology,WORKSHOP,1963,135,1,FAIR,2024-12-03
7716,1716,Technology Block,CLASSROOM,1959,732,1,FAIR,2023-07-23
7717,1716,Staff Block,ADMIN,1986,209,1,CRITICAL,2023-03-18
7718,1716,Junior Toilets,TOILET_BLOCK,2014,421,1,GOOD,2024-08-22
7719,1716,Maintenance Shed,STORAGE,1993,78,1,FAIR,2021-07-18
7720,1716,Technology Workshop,WORKSHOP,1958,227,2,CRITICAL,2020-06-18
7721,1717,Technology Block,CLASSROOM,2020,480,2,FAIR,2024-02-06
7722,1717,Main Office,ADMIN,2006,448,2,GOOD,2022-05-21
7723,1717,Sports Amenities,TOILET_BLOCK,2011,532,1,GOOD,2021-05-29
7724,1717,Cricket Pavilion,SPORTS_PAVILION,2020,449,1,POOR,2021-10-26
7725,1717,Fitness Centre,GYM,1996,276,2,GOOD,2023-05-24
7726,1717,Grounds Shed,STORAGE,1974,73,1,GOOD,2024-02-20
7727,1718,Block B,CLASSROOM,1966,417,2,GOOD,2024-06-08
7728,1718,Main Office,ADMIN,2013,174,2,GOOD,2020-04-21
7729,1718,Senior Toilets,TOILET_BLOCK,1950,195,1,POOR,2022-06-28
7730,1718,Performing Arts Centre,HALL,1955,278,2,GOOD,2020-04-07
7731,1718,Metal Workshop,WORKSHOP,1995,789,1,FAIR,2020-04-24
7732,1718,Sports Hall,GYM,1955,565,1,FAIR,2020-08-13
7733,1718,School Library,LIBRARY,1983,721,2,FAIR,2020-07-21
7734,1719,Block C,CLASSROOM,2002,797,2,POOR,2023-07-12
7735,1719,Staff Block,ADMIN,1971,280,1,POOR,2020-11-24
7736,1719,Junior Toilets,TOILET_BLOCK,2002,108,1,FAIR,2024-10-13
7737,1719,Sports Hall,GYM,2020,364,1,FAIR,2023-09-04
7738,1719,Grounds Shed,STORAGE,1970,20,1,GOOD,2021-09-23
7739,1719,School Library,LIBRARY,1967,95,1,CRITICAL,2024-09-02
7740,1720,Block B,CLASSROOM,2003,242,1,FAIR,2024-03-31
7741,1720,Administration Building,ADMIN,2002,285,2,GOOD,2020-02-20
7742,1720,Senior Toilets,TOILET_BLOCK,1977,611,1,FAIR,2024-07-24
7743,1720,Grounds Shed,STORAGE,1986,69,1,FAIR,2024-06-07
7744,1720,Metal Workshop,WORKSHOP,2017,558,1,POOR,2022-04-04
7745,1720,School Hall,HALL,1985,567,2,POOR,2020-07-29
7746,1720,Changing Rooms,SPORTS_PAVILION,1965,622,1,FAIR,2020-06-15
7747,1721,Block B,CLASSROOM,1982,486,1,GOOD,2020-09-05
7748,1721,Administration Building,ADMIN,1988,651,2,GOOD,2024-08-08
7749,1721,Sports Amenities,TOILET_BLOCK,1976,57,1,FAIR,2023-05-03
7750,1721,Technology Workshop,WORKSHOP,1989,286,1,GOOD,2020-02-12
7751,1721,Performing Arts Centre,HALL,2002,740,2,GOOD,2020-01-11
7752,1721,Changing Rooms,SPORTS_PAVILION,1998,565,1,GOOD,2023-05-07
7753,1721,Grounds Shed,STORAGE,1955,43,1,POOR,2021-09-11
7754,1721,Sports Hall,GYM,1993,151,2,GOOD,2020-12-29
7755,1721,School Library,LIBRARY,1979,320,2,CRITICAL,2024-05-17
7756,1721,Block C,CLASSROOM,1994,296,2,GOOD,2020-02-13
7757,1722,Block C,CLASSROOM,2004,746,1,POOR,2021-11-14
7758,1722,Staff Block,ADMIN,1950,191,2,FAIR,2024-08-08
7759,1722,Junior Toilets,TOILET_BLOCK,2007,722,1,GOOD,2022-04-06
7760,1722,Wood Workshop,WORKSHOP,2008,439,1,CRITICAL,2023-11-22
7761,1722,Assembly Hall,HALL,1964,316,1,FAIR,2023-08-16
7762,1723,Block C,CLASSROOM,2003,451,2,GOOD,2024-03-24
7763,1723,Main Office,ADMIN,1959,458,2,FAIR,2023-12-06
7764,1723,Junior Toilets,TOILET_BLOCK,1986,204,1,GOOD,2020-02-03
7765,1723,Assembly Hall,HALL,1974,399,2,POOR,2020-10-10
7766,1723,Maintenance Shed,STORAGE,2012,67,1,FAIR,2023-06-21
7767,1724,Junior Block,CLASSROOM,2016,758,2,GOOD,2024-03-27
7768,1724,Main Office,ADMIN,1991,764,1,CRITICAL,2020-06-29
7769,1724,Junior Toilets,TOILET_BLOCK,2022,455,1,GOOD,2022-10-06
7770,1724,Fitness Centre,GYM,1950,553,1,GOOD,2021-11-01
7771,1724,Performing Arts Centre,HALL,2015,756,2,FAIR,2020-10-05
7772,1724,Wood Workshop,WORKSHOP,1986,712,1,FAIR,2023-05-23
7773,1724,Resource Centre,LIBRARY,2009,378,1,FAIR,2020-09-05
7774,1725,Science Block,CLASSROOM,2018,398,2,CRITICAL,2022-05-11
7775,1725,Staff Block,ADMIN,1966,700,2,GOOD,2022-03-11
7776,1725,Senior Toilets,TOILET_BLOCK,1956,688,1,FAIR,2023-09-03
7777,1725,Sports Store,STORAGE,2011,29,1,POOR,2020-11-25
7778,1725,School Library,LIBRARY,2000,451,1,FAIR,2021-02-24
7779,1725,Food Technology,WORKSHOP,1991,547,1,FAIR,2023-08-07
7780,1725,Sports Hall,GYM,2012,573,2,POOR,2022-09-06
7781,1725,Cricket Pavilion,SPORTS_PAVILION,1953,638,1,GOOD,2020-02-17
7782,1726,Block D,CLASSROOM,1964,96,1,GOOD,2020-08-03
7783,1726,Main Office,ADMIN,2014,585,1,CRITICAL,2022-02-28
7784,1726,Staff Facilities,TOILET_BLOCK,1964,700,1,GOOD,2022-07-14
7785,1726,Sports Hall,GYM,2008,689,1,CRITICAL,2023-12-08
7786,1726,Resource Centre,LIBRARY,2008,467,2,GOOD,2022-08-16
7787,1727,Block D,CLASSROOM,2015,622,1,FAIR,2022-06-24
7788,1727,Administration Building,ADMIN,1950,487,2,GOOD,2020-12-05
7789,1727,Senior Toilets,TOILET_BLOCK,2014,760,1,FAIR,2020-01-19
7790,1727,Learning Centre,LIBRARY,1995,697,2,GOOD,2020-04-20
7791,1727,Cricket Pavilion,SPORTS_PAVILION,1961,749,1,FAIR,2021-04-21
7792,1727,Maintenance Shed,STORAGE,1988,98,1,POOR,2022-02-05
7793,1727,Sports Hall,GYM,1973,169,1,GOOD,2021-01-11
7794,1727,Food Technology,WORKSHOP,1961,405,1,POOR,2024-10-24
7795,1728,Junior Block,CLASSROOM,1965,329,2,POOR,2020-12-18
7796,1728,Main Office,ADMIN,1977,54,2,CRITICAL,2021-06-08
7797,1728,Senior Toilets,TOILET_BLOCK,2000,305,1,GOOD,2024-11-13
7798,1728,School Hall,HALL,2006,540,2,FAIR,2021-07-17
7799,1728,Cricket Pavilion,SPORTS_PAVILION,1989,118,1,GOOD,2021-05-10
7800,1728,Technology Workshop,WORKSHOP,1965,616,2,GOOD,2020-04-12
7801,1728,Equipment Store,STORAGE,2018,53,1,FAIR,2022-03-20
7802,1729,Senior Block,CLASSROOM,2019,124,1,POOR,2022-01-26
7803,1729,Administration Building,ADMIN,1961,695,1,FAIR,2024-04-28
7804,1729,Sports Amenities,TOILET_BLOCK,2012,94,1,POOR,2023-06-01
7805,1729,Main Gymnasium,GYM,1978,695,2,POOR,2024-05-19
7806,1729,School Library,LIBRARY,2017,216,2,POOR,2022-08-06
7807,1729,School Hall,HALL,1999,397,2,GOOD,2020-07-08
7808,1729,Technology Workshop,WORKSHOP,1997,558,1,POOR,2023-06-05
7809,1729,Cricket Pavilion,SPORTS_PAVILION,1956,115,1,GOOD,2021-10-30
7810,1729,Equipment Store,STORAGE,1982,33,1,FAIR,2024-09-25
7811,1729,Block C,CLASSROOM,1973,650,2,FAIR,2021-12-29
7812,1729,Science Block,CLASSROOM,2001,529,1,GOOD,2021-12-02
7813,1730,Junior Block,CLASSROOM,1966,718,2,GOOD,2023-09-04
7814,1730,Main Office,ADMIN,1985,152,2,GOOD,2020-06-15
7815,1730,Staff Facilities,TOILET_BLOCK,1984,368,1,POOR,2024-03-04
7816,1730,Resource Centre,LIBRARY,1961,608,1,GOOD,2021-04-05
7817,1730,Performing Arts Centre,HALL,1963,436,2,GOOD,2023-12-23
7818,1730,Sports Hall,GYM,1993,172,2,FAIR,2023-08-17
7819,1730,Sports Pavilion,SPORTS_PAVILION,1967,229,1,FAIR,2024-07-30
7820,1730,Maintenance Shed,STORAGE,1981,41,1,FAIR,2020-10-23
7821,1731,Arts Block,CLASSROOM,1962,201,1,GOOD,2024-07-14
7822,1731,Administration Building,ADMIN,1995,281,1,GOOD,2021-07-28
7823,1731,Staff Facilities,TOILET_BLOCK,1961,413,1,CRITICAL,2024-02-02
7824,1731,Cricket Pavilion,SPORTS_PAVILION,1960,708,1,FAIR,2022-02-06
7825,1731,Equipment Store,STORAGE,2002,39,1,POOR,2023-07-07
7826,1731,Performing Arts Centre,HALL,2001,79,1,FAIR,2022-01-08
7827,1731,Metal Workshop,WORKSHOP,1994,769,2,POOR,2023-08-14
7828,1731,School Library,LIBRARY,1992,133,2,POOR,2020-12-01
7829,1731,Main Gymnasium,GYM,1989,480,1,POOR,2023-07-04
7830,1731,Junior Block,CLASSROOM,1989,325,2,POOR,2020-02-02
7831,1731,Block B,CLASSROOM,2002,62,1,GOOD,2024-11-03
7832,1731,Block C,CLASSROOM,1996,552,2,GOOD,2021-06-13
7833,1732,Science Block,CLASSROOM,1983,367,1,FAIR,2022-05-24
7834,1732,Staff Block,ADMIN,2014,712,2,FAIR,2024-11-18
7835,1732,Senior Toilets,TOILET_BLOCK,1983,67,1,POOR,2021-08-17
7836,1732,School Library,LIBRARY,1997,291,1,FAIR,2020-06-23
7837,1732,Cricket Pavilion,SPORTS_PAVILION,1986,570,1,GOOD,2024-06-03
7838,1733,Junior Block,CLASSROOM,1984,340,1,POOR,2024-05-19
7839,1733,Staff Block,ADMIN,1994,682,2,POOR,2023-03-08
7840,1733,Staff Facilities,TOILET_BLOCK,2009,218,1,FAIR,2020-08-08
7841,1733,Equipment Store,STORAGE,2004,84,1,FAIR,2024-04-07
7842,1733,Food Technology,WORKSHOP,2010,152,2,FAIR,2022-07-07
7843,1733,Changing Rooms,SPORTS_PAVILION,2013,163,1,GOOD,2024-03-16
7844,1733,Performing Arts Centre,HALL,2021,115,2,CRITICAL,2020-03-29
7845,1733,Sports Hall,GYM,1989,673,1,GOOD,2020-05-16
7846,1733,Resource Centre,LIBRARY,1956,679,2,CRITICAL,2023-10-12
7847,1735,Arts Block,CLASSROOM,1995,168,2,FAIR,2023-06-12
7848,1735,Staff Block,ADMIN,1961,396,1,FAIR,2022-01-17
7849,1735,Senior Toilets,TOILET_BLOCK,2016,448,1,POOR,2022-01-31
7850,1735,School Hall,HALL,1995,184,1,FAIR,2023-07-17
7851,1735,Equipment Store,STORAGE,2018,32,1,GOOD,2020-04-16
7852,1735,Resource Centre,LIBRARY,1987,520,2,FAIR,2022-08-24
7853,1735,Sports Pavilion,SPORTS_PAVILION,1978,308,1,POOR,2024-05-14
7854,1736,Science Block,CLASSROOM,1958,266,1,POOR,2024-07-02
7855,1736,Main Office,ADMIN,1959,307,1,GOOD,2023-05-02
7856,1736,Staff Facilities,TOILET_BLOCK,1961,442,1,GOOD,2023-10-21
7857,1737,Technology Block,CLASSROOM,1983,324,2,FAIR,2023-05-20
7858,1737,Administration Building,ADMIN,2009,514,1,GOOD,2024-12-03
7859,1737,Sports Amenities,TOILET_BLOCK,1988,627,1,GOOD,2021-11-07
7860,1738,Technology Block,CLASSROOM,1972,768,1,GOOD,2021-09-22
7861,1738,Staff Block,ADMIN,1956,765,2,GOOD,2024-10-02
7862,1738,Senior Toilets,TOILET_BLOCK,1965,164,1,FAIR,2021-01-18
7863,1739,Senior Block,CLASSROOM,1962,451,1,GOOD,2023-04-23
7864,1739,Main Office,ADMIN,1951,574,1,FAIR,2023-10-18
7865,1739,Sports Amenities,TOILET_BLOCK,1963,372,1,GOOD,2022-09-20
7866,1739,Cricket Pavilion,SPORTS_PAVILION,1982,751,1,GOOD,2021-05-23
7867,1739,Performing Arts Centre,HALL,2003,187,2,GOOD,2020-02-02
7868,1739,Resource Centre,LIBRARY,1985,600,1,POOR,2023-12-15
7869,1739,Sports Hall,GYM,2017,138,2,GOOD,2023-01-30
7870,1739,Metal Workshop,WORKSHOP,1999,518,2,CRITICAL,2024-02-02
7871,1739,Sports Store,STORAGE,1951,49,1,FAIR,2024-11-22
7872,1739,Block E,CLASSROOM,2009,387,2,GOOD,2020-02-24
7873,1739,Block E,CLASSROOM,2022,217,2,GOOD,2021-10-26
7874,1739,Arts Block,CLASSROOM,1983,643,2,POOR,2020-01-05
7875,1740,Technology Block,CLASSROOM,1990,363,1,FAIR,2023-09-08
7876,1740,Staff Block,ADMIN,2021,677,1,FAIR,2020-08-25
7877,1740,Sports Amenities,TOILET_BLOCK,1952,692,1,GOOD,2023-02-12
7878,1740,Technology Workshop,WORKSHOP,2017,533,2,FAIR,2020-11-04
7879,1740,Performing Arts Centre,HALL,1959,205,2,GOOD,2020-06-13
7880,1740,Grounds Shed,STORAGE,1992,29,1,GOOD,2024-05-18
7881,1740,Main Gymnasium,GYM,2005,328,1,GOOD,2022-01-02
7882,1740,Learning Centre,LIBRARY,1992,669,2,FAIR,2024-08-24
7883,1740,Sports Pavilion,SPORTS_PAVILION,1983,548,1,GOOD,2020-04-19
7884,1740,Junior Block,CLASSROOM,2017,410,2,GOOD,2023-05-10
7885,1741,Technology Block,CLASSROOM,1958,216,2,FAIR,2021-11-11
7886,1741,Staff Block,ADMIN,1961,390,1,GOOD,2024-01-13
7887,1741,Sports Amenities,TOILET_BLOCK,1961,571,1,GOOD,2021-05-06
7888,1744,Arts Block,CLASSROOM,1975,618,2,FAIR,2020-03-23
7889,1744,Main Office,ADMIN,1968,127,2,GOOD,2021-09-20
7890,1744,Junior Toilets,TOILET_BLOCK,2017,499,1,FAIR,2021-12-27
7891,1744,Equipment Store,STORAGE,2017,72,1,GOOD,2021-07-10
7892,1744,Metal Workshop,WORKSHOP,1974,209,2,FAIR,2022-10-02
7893,1745,Block B,CLASSROOM,1955,568,2,FAIR,2023-12-31
7894,1745,Administration Building,ADMIN,1958,646,1,GOOD,2021-09-14
7895,1745,Senior Toilets,TOILET_BLOCK,1974,667,1,FAIR,2023-08-07
7896,1746,Block D,CLASSROOM,2018,342,1,FAIR,2022-05-31
7897,1746,Staff Block,ADMIN,1957,81,1,GOOD,2023-06-06
7898,1746,Staff Facilities,TOILET_BLOCK,2001,367,1,FAIR,2024-07-15
7899,1746,Cricket Pavilion,SPORTS_PAVILION,1998,308,1,GOOD,2020-12-19
7900,1746,School Library,LIBRARY,1983,630,1,GOOD,2020-08-23
7901,1746,Food Technology,WORKSHOP,1976,50,1,POOR,2022-01-29
7902,1747,Technology Block,CLASSROOM,1951,798,1,GOOD,2021-03-26
7903,1747,Main Office,ADMIN,2010,485,2,GOOD,2024-04-29
7904,1747,Sports Amenities,TOILET_BLOCK,2006,94,1,GOOD,2021-02-11
7905,1747,Sports Store,STORAGE,1997,46,1,POOR,2021-01-21
7906,1747,Fitness Centre,GYM,2018,464,1,GOOD,2022-07-26
7907,1747,School Library,LIBRARY,1973,733,1,POOR,2020-05-20
7908,1747,Performing Arts Centre,HALL,1971,268,2,GOOD,2024-05-25
7909,1747,Food Technology,WORKSHOP,1969,553,2,GOOD,2020-02-08
7910,1748,Block E,CLASSROOM,2001,448,1,GOOD,2024-01-29
7911,1748,Main Office,ADMIN,2017,615,1,POOR,2021-03-21
7912,1748,Sports Amenities,TOILET_BLOCK,1988,520,1,CRITICAL,2023-05-23
7913,1749,Arts Block,CLASSROOM,2017,484,2,POOR,2024-03-20
7914,1749,Staff Block,ADMIN,2006,710,1,FAIR,2024-06-25
7915,1749,Senior Toilets,TOILET_BLOCK,1982,640,1,FAIR,2024-07-02
7916,1749,Maintenance Shed,STORAGE,2001,96,1,FAIR,2020-02-25
7917,1749,Changing Rooms,SPORTS_PAVILION,1959,470,1,FAIR,2020-04-15
7918,1749,Sports Hall,GYM,2006,769,2,POOR,2024-01-11
7919,1749,Assembly Hall,HALL,1974,262,1,POOR,2024-05-25
7920,1749,Food Technology,WORKSHOP,1952,798,2,FAIR,2023-08-14
7921,1749,Resource Centre,LIBRARY,1956,201,2,GOOD,2022-12-30
7922,1749,Technology Block,CLASSROOM,1970,58,2,FAIR,2024-08-08
7923,1750,Science Block,CLASSROOM,2003,465,2,POOR,2020-05-27
7924,1750,Administration Building,ADMIN,2021,216,2,GOOD,2022-12-24
7925,1750,Sports Amenities,TOILET_BLOCK,1956,252,1,CRITICAL,2021-07-12
7926,1750,Main Gymnasium,GYM,2021,119,1,POOR,2020-11-22
7927,1750,Assembly Hall,HALL,1997,474,2,GOOD,2020-01-07
7928,1750,Changing Rooms,SPORTS_PAVILION,2022,384,1,GOOD,2024-04-26
7929,1750,Food Technology,WORKSHOP,1958,447,1,GOOD,2022-12-04
7930,1751,Block B,CLASSROOM,1952,362,1,FAIR,2020-07-03
7931,1751,Staff Block,ADMIN,2005,249,2,GOOD,2021-02-24
7932,1751,Sports Amenities,TOILET_BLOCK,1985,524,1,FAIR,2021-01-12
7933,1751,Equipment Store,STORAGE,1974,60,1,FAIR,2022-01-28
7934,1752,Technology Block,CLASSROOM,2001,579,2,POOR,2021-02-25
7935,1752,Main Office,ADMIN,1959,325,1,FAIR,2020-12-28
7936,1752,Senior Toilets,TOILET_BLOCK,2013,321,1,GOOD,2020-08-05
7937,1752,Performing Arts Centre,HALL,1998,241,2,POOR,2021-12-15
7938,1753,Science Block,CLASSROOM,2006,431,1,GOOD,2023-09-12
7939,1753,Administration Building,ADMIN,1960,640,2,GOOD,2020-10-17
7940,1753,Junior Toilets,TOILET_BLOCK,1970,674,1,GOOD,2024-04-14
7941,1753,Fitness Centre,GYM,1981,210,2,POOR,2024-04-27
7942,1753,Changing Rooms,SPORTS_PAVILION,2020,451,1,GOOD,2020-10-29
7943,1754,Arts Block,CLASSROOM,1968,516,1,GOOD,2024-08-15
7944,1754,Main Office,ADMIN,1967,359,1,GOOD,2023-07-30
7945,1754,Sports Amenities,TOILET_BLOCK,2022,238,1,GOOD,2024-02-26
7946,1755,Arts Block,CLASSROOM,1997,344,2,CRITICAL,2020-04-17
7947,1755,Administration Building,ADMIN,1997,706,2,GOOD,2023-02-23
7948,1755,Sports Amenities,TOILET_BLOCK,1955,468,1,FAIR,2024-01-08
7949,1755,Resource Centre,LIBRARY,1969,328,1,FAIR,2022-02-11
7950,1755,Metal Workshop,WORKSHOP,1996,544,2,FAIR,2020-11-14
7951,1756,Block D,CLASSROOM,1970,759,2,GOOD,2023-07-07
7952,1756,Main Office,ADMIN,2005,342,2,GOOD,2021-09-25
7953,1756,Staff Facilities,TOILET_BLOCK,1986,647,1,FAIR,2020-03-08
7954,1757,Arts Block,CLASSROOM,2016,118,2,POOR,2020-12-30
7955,1757,Staff Block,ADMIN,1997,709,2,GOOD,2024-04-16
7956,1757,Staff Facilities,TOILET_BLOCK,1972,198,1,FAIR,2023-06-28
7957,1757,Learning Centre,LIBRARY,1994,362,2,GOOD,2021-05-10
7958,1758,Science Block,CLASSROOM,1996,553,2,POOR,2020-10-09
7959,1758,Staff Block,ADMIN,2010,205,2,GOOD,2020-05-06
7960,1758,Sports Amenities,TOILET_BLOCK,1977,371,1,FAIR,2023-10-13
7961,1759,Technology Block,CLASSROOM,1969,428,2,FAIR,2021-06-03
7962,1759,Administration Building,ADMIN,1965,622,1,FAIR,2021-11-22
7963,1759,Senior Toilets,TOILET_BLOCK,2020,74,1,FAIR,2024-07-10
7964,1760,Block A,CLASSROOM,2002,582,2,FAIR,2020-05-29
7965,1760,Administration Building,ADMIN,1995,410,1,FAIR,2023-04-07
7966,1760,Senior Toilets,TOILET_BLOCK,2020,209,1,FAIR,2021-07-16
7967,1760,Sports Pavilion,SPORTS_PAVILION,2017,163,1,FAIR,2020-06-05
7968,1761,Block D,CLASSROOM,2007,325,2,FAIR,2020-07-02
7969,1761,Staff Block,ADMIN,2009,468,1,POOR,2023-07-02
7970,1761,Staff Facilities,TOILET_BLOCK,2010,775,1,POOR,2023-09-15
7971,1761,Performing Arts Centre,HALL,1984,94,2,FAIR,2022-12-28
7972,1761,School Library,LIBRARY,2010,186,1,GOOD,2022-10-01
7973,1762,Arts Block,CLASSROOM,1977,417,2,GOOD,2024-09-22
7974,1762,Main Office,ADMIN,1966,547,2,FAIR,2023-10-06
7975,1762,Sports Amenities,TOILET_BLOCK,1968,642,1,POOR,2024-11-30
7976,1762,Main Gymnasium,GYM,1977,257,1,FAIR,2021-11-13
7977,1763,Technology Block,CLASSROOM,1950,777,1,GOOD,2023-07-07
7978,1763,Administration Building,ADMIN,1952,147,1,GOOD,2023-12-20
7979,1763,Junior Toilets,TOILET_BLOCK,1997,390,1,POOR,2021-01-12
7980,1763,School Library,LIBRARY,1966,652,2,GOOD,2024-07-23
7981,1763,Equipment Store,STORAGE,1951,35,1,POOR,2022-05-12
7982,1764,Technology Block,CLASSROOM,1952,375,2,POOR,2021-01-25
7983,1764,Administration Building,ADMIN,2008,540,1,GOOD,2022-06-08
7984,1764,Senior Toilets,TOILET_BLOCK,2015,554,1,POOR,2021-02-05
7985,1764,Grounds Shed,STORAGE,2001,59,1,FAIR,2021-02-01
7986,1765,Block A,CLASSROOM,1984,396,2,FAIR,2024-11-24
7987,1765,Administration Building,ADMIN,1982,343,1,GOOD,2022-01-28
7988,1765,Junior Toilets,TOILET_BLOCK,1987,348,1,FAIR,2023-08-17
7989,1765,Sports Pavilion,SPORTS_PAVILION,1975,667,1,FAIR,2023-08-18
7990,1765,Fitness Centre,GYM,2006,584,1,FAIR,2022-11-01
7991,1765,Metal Workshop,WORKSHOP,2010,313,2,FAIR,2023-06-10
7992,1765,Performing Arts Centre,HALL,1978,778,2,FAIR,2024-01-05
7993,1765,Sports Store,STORAGE,1989,80,1,POOR,2022-06-22
7994,1765,Resource Centre,LIBRARY,1965,185,2,GOOD,2024-03-03
7995,1765,Technology Block,CLASSROOM,1998,467,2,GOOD,2020-04-27
7996,1765,Block C,CLASSROOM,1962,186,2,FAIR,2024-11-06
7997,1766,Block B,CLASSROOM,1986,97,1,GOOD,2024-01-08
7998,1766,Administration Building,ADMIN,2017,761,2,POOR,2021-06-16
7999,1766,Senior Toilets,TOILET_BLOCK,1952,444,1,GOOD,2023-07-04
8000,1766,Sports Pavilion,SPORTS_PAVILION,2020,493,1,GOOD,2022-10-06
8001,1766,Food Technology,WORKSHOP,1950,53,2,FAIR,2021-04-26
8002,1770,Block B,CLASSROOM,2003,476,1,GOOD,2020-07-27
8003,1770,Main Office,ADMIN,1985,739,2,FAIR,2023-05-25
8004,1770,Senior Toilets,TOILET_BLOCK,1993,62,1,POOR,2024-05-20
8005,1770,Cricket Pavilion,SPORTS_PAVILION,2007,480,1,GOOD,2021-12-16
8006,1770,Technology Workshop,WORKSHOP,2019,177,1,FAIR,2020-07-21
8007,1770,School Library,LIBRARY,1978,369,2,GOOD,2023-09-11
8008,1771,Block E,CLASSROOM,1981,223,1,GOOD,2020-06-21
8009,1771,Main Office,ADMIN,1951,653,1,GOOD,2021-08-20
8010,1771,Senior Toilets,TOILET_BLOCK,1955,378,1,FAIR,2022-08-18
8011,1771,Main Gymnasium,GYM,1967,424,2,CRITICAL,2021-12-07
8012,1772,Block D,CLASSROOM,1953,706,2,GOOD,2023-07-18
8013,1772,Administration Building,ADMIN,2006,705,1,FAIR,2022-08-16
8014,1772,Staff Facilities,TOILET_BLOCK,1950,758,1,GOOD,2021-04-14
8015,1772,Fitness Centre,GYM,2005,792,1,FAIR,2021-02-18
8016,1773,Block B,CLASSROOM,1961,466,2,POOR,2023-06-12
8017,1773,Staff Block,ADMIN,2017,322,2,FAIR,2020-04-09
8018,1773,Junior Toilets,TOILET_BLOCK,1964,458,1,FAIR,2022-10-07
8019,1773,Changing Rooms,SPORTS_PAVILION,2014,487,1,FAIR,2024-11-26
8020,1773,Grounds Shed,STORAGE,2015,97,1,GOOD,2021-11-03
8021,1775,Block E,CLASSROOM,2012,360,2,POOR,2022-08-25
8022,1775,Staff Block,ADMIN,1958,234,2,POOR,2023-02-15
8023,1775,Senior Toilets,TOILET_BLOCK,1952,57,1,GOOD,2023-09-02
8024,1775,Equipment Store,STORAGE,1978,28,1,GOOD,2023-02-01
8025,1775,Food Technology,WORKSHOP,2004,543,2,FAIR,2024-01-17
8026,1776,Block B,CLASSROOM,2014,713,1,FAIR,2024-03-17
8027,1776,Staff Block,ADMIN,2004,752,1,POOR,2022-03-10
8028,1776,Senior Toilets,TOILET_BLOCK,1986,172,1,GOOD,2021-04-09
8029,1776,Wood Workshop,WORKSHOP,1982,511,1,GOOD,2022-07-21
8030,1777,Block D,CLASSROOM,2013,439,2,POOR,2023-06-25
8031,1777,Main Office,ADMIN,2008,396,2,GOOD,2022-05-03
8032,1777,Staff Facilities,TOILET_BLOCK,1994,445,1,CRITICAL,2022-03-19
8033,1777,Cricket Pavilion,SPORTS_PAVILION,1962,658,1,GOOD,2020-05-18
8034,1777,Wood Workshop,WORKSHOP,1965,577,2,FAIR,2023-01-08
8035,1778,Senior Block,CLASSROOM,1951,389,2,GOOD,2021-01-10
8036,1778,Main Office,ADMIN,1970,723,2,POOR,2020-02-08
8037,1778,Senior Toilets,TOILET_BLOCK,1963,515,1,FAIR,2024-08-22
8038,1778,Metal Workshop,WORKSHOP,1974,415,1,GOOD,2021-10-07
8039,1779,Block E,CLASSROOM,1971,525,1,POOR,2024-05-04
8040,1779,Main Office,ADMIN,1988,759,1,FAIR,2021-01-27
8041,1779,Senior Toilets,TOILET_BLOCK,1993,257,1,POOR,2022-09-04
8042,1779,Assembly Hall,HALL,1973,170,1,FAIR,2023-04-15
8043,1780,Science Block,CLASSROOM,1975,645,2,POOR,2020-01-20
8044,1780,Administration Building,ADMIN,2002,234,2,GOOD,2024-03-23
8045,1780,Sports Amenities,TOILET_BLOCK,1965,603,1,GOOD,2024-01-08
8046,1780,Assembly Hall,HALL,1968,582,1,FAIR,2024-07-09
8047,1781,Block A,CLASSROOM,2003,194,1,GOOD,2024-04-11
8048,1781,Administration Building,ADMIN,1963,218,1,GOOD,2021-03-26
8049,1781,Junior Toilets,TOILET_BLOCK,2018,639,1,FAIR,2023-03-06
8050,1781,Resource Centre,LIBRARY,1959,448,1,POOR,2023-02-10
8051,1781,Sports Store,STORAGE,1957,84,1,GOOD,2021-08-23
8052,1781,Sports Hall,GYM,2005,426,2,POOR,2021-01-04
8053,1781,Performing Arts Centre,HALL,1974,397,1,GOOD,2020-12-02
8054,1781,Sports Pavilion,SPORTS_PAVILION,1966,643,1,FAIR,2021-10-18
8055,1781,Food Technology,WORKSHOP,1950,243,2,FAIR,2024-04-20
8056,1781,Block C,CLASSROOM,2017,486,2,FAIR,2023-08-03
8057,1781,Block E,CLASSROOM,2020,672,1,FAIR,2024-02-21
8058,1782,Block E,CLASSROOM,1983,487,1,GOOD,2020-04-15
8059,1782,Main Office,ADMIN,1970,551,2,FAIR,2023-04-12
8060,1782,Sports Amenities,TOILET_BLOCK,1974,363,1,GOOD,2021-03-11
8061,1782,Equipment Store,STORAGE,1960,81,1,POOR,2023-02-04
8062,1783,Junior Block,CLASSROOM,2009,229,2,GOOD,2024-10-29
8063,1783,Staff Block,ADMIN,1969,792,1,FAIR,2021-11-13
8064,1783,Senior Toilets,TOILET_BLOCK,1969,553,1,GOOD,2021-01-04
8065,1783,Cricket Pavilion,SPORTS_PAVILION,1952,76,1,GOOD,2023-07-26
8066,1783,Grounds Shed,STORAGE,1999,84,1,POOR,2024-04-14
8067,1784,Block B,CLASSROOM,1954,330,2,FAIR,2022-10-20
8068,1784,Main Office,ADMIN,1965,788,1,POOR,2023-03-30
8069,1784,Sports Amenities,TOILET_BLOCK,1962,531,1,FAIR,2020-11-26
8070,1784,Sports Hall,GYM,1973,146,2,GOOD,2024-06-02
8071,1784,School Library,LIBRARY,1998,720,1,FAIR,2022-03-07
8072,1784,Performing Arts Centre,HALL,2005,605,2,FAIR,2022-02-10
8073,1785,Junior Block,CLASSROOM,1952,590,2,FAIR,2022-06-17
8074,1785,Main Office,ADMIN,1999,742,1,FAIR,2020-10-20
8075,1785,Junior Toilets,TOILET_BLOCK,1970,593,1,GOOD,2020-07-09
8076,1786,Block E,CLASSROOM,1983,175,1,GOOD,2024-04-12
8077,1786,Main Office,ADMIN,1985,263,1,POOR,2020-08-24
8078,1786,Senior Toilets,TOILET_BLOCK,2005,495,1,GOOD,2022-04-28
8079,1786,Sports Hall,GYM,2022,135,1,GOOD,2022-09-18
8080,1786,Food Technology,WORKSHOP,2022,362,1,FAIR,2022-09-11
8081,1787,Arts Block,CLASSROOM,1968,344,2,POOR,2024-11-25
8082,1787,Main Office,ADMIN,1961,614,2,POOR,2020-11-11
8083,1787,Junior Toilets,TOILET_BLOCK,1983,788,1,FAIR,2024-04-12
8084,1788,Technology Block,CLASSROOM,1991,346,2,GOOD,2022-12-17
8085,1788,Main Office,ADMIN,1995,515,2,GOOD,2021-09-03
8086,1788,Sports Amenities,TOILET_BLOCK,2004,344,1,FAIR,2024-07-07
8087,1788,Resource Centre,LIBRARY,2019,475,1,GOOD,2023-06-12
8088,1789,Junior Block,CLASSROOM,1964,650,1,FAIR,2021-12-08
8089,1789,Main Office,ADMIN,2005,521,2,CRITICAL,2022-12-26
8090,1789,Staff Facilities,TOILET_BLOCK,2002,298,1,CRITICAL,2024-06-21
8091,1789,Sports Pavilion,SPORTS_PAVILION,2012,554,1,FAIR,2020-06-20
8092,1789,School Hall,HALL,1977,689,1,FAIR,2020-12-18
8093,1790,Senior Block,CLASSROOM,1992,663,2,GOOD,2024-03-04
8094,1790,Staff Block,ADMIN,1956,624,1,GOOD,2023-12-18
8095,1790,Junior Toilets,TOILET_BLOCK,2018,625,1,POOR,2020-03-03
8096,1791,Science Block,CLASSROOM,2003,641,1,CRITICAL,2023-09-19
8097,1791,Main Office,ADMIN,1996,734,2,GOOD,2023-11-03
8098,1791,Senior Toilets,TOILET_BLOCK,1975,326,1,POOR,2023-05-08
8099,1791,Changing Rooms,SPORTS_PAVILION,1999,762,1,CRITICAL,2024-03-23
8100,1791,Resource Centre,LIBRARY,1974,226,2,FAIR,2022-11-08
8101,1791,Assembly Hall,HALL,2015,648,1,FAIR,2021-04-16
8102,1791,Sports Hall,GYM,1988,144,2,FAIR,2023-01-06
8103,1791,Wood Workshop,WORKSHOP,1981,185,1,FAIR,2023-12-25
8104,1791,Maintenance Shed,STORAGE,1992,21,1,FAIR,2024-03-02
8105,1791,Block B,CLASSROOM,1970,345,1,FAIR,2021-10-12
8106,1792,Junior Block,CLASSROOM,1951,490,1,POOR,2021-10-23
8107,1792,Staff Block,ADMIN,1987,209,2,FAIR,2020-12-22
8108,1792,Senior Toilets,TOILET_BLOCK,1985,603,1,GOOD,2022-10-03
8109,1792,Changing Rooms,SPORTS_PAVILION,1951,479,1,GOOD,2023-04-17
8110,1792,Metal Workshop,WORKSHOP,1993,584,1,GOOD,2020-05-02
8111,1792,Main Gymnasium,GYM,2017,565,1,GOOD,2020-11-25
8112,1792,Equipment Store,STORAGE,1981,69,1,FAIR,2020-10-20
8113,1792,Learning Centre,LIBRARY,1990,768,1,GOOD,2020-04-18
8114,1792,Assembly Hall,HALL,1967,559,1,GOOD,2024-08-04
8115,1793,Technology Block,CLASSROOM,1985,172,1,POOR,2024-07-07
8116,1793,Staff Block,ADMIN,1987,287,2,FAIR,2021-01-12
8117,1793,Senior Toilets,TOILET_BLOCK,1954,471,1,GOOD,2021-08-14
8118,1793,Metal Workshop,WORKSHOP,2018,672,1,GOOD,2022-11-19
8119,1794,Block D,CLASSROOM,1954,452,1,GOOD,2022-08-18
8120,1794,Staff Block,ADMIN,1974,459,1,FAIR,2020-08-21
8121,1794,Junior Toilets,TOILET_BLOCK,1986,485,1,POOR,2020-04-16
8122,1794,Metal Workshop,WORKSHOP,2001,503,1,CRITICAL,2023-04-17
8123,1794,Equipment Store,STORAGE,2011,20,1,FAIR,2023-06-09
8124,1796,Senior Block,CLASSROOM,1963,272,2,GOOD,2022-09-27
8125,1796,Main Office,ADMIN,1964,270,1,GOOD,2024-02-15
8126,1796,Staff Facilities,TOILET_BLOCK,1959,767,1,GOOD,2024-05-05
8127,1796,Technology Workshop,WORKSHOP,2012,380,2,POOR,2022-07-20
8128,1796,Equipment Store,STORAGE,1955,97,1,GOOD,2020-01-24
8129,1797,Technology Block,CLASSROOM,2005,298,1,GOOD,2023-10-29
8130,1797,Main Office,ADMIN,1982,101,1,FAIR,2020-12-29
8131,1797,Sports Amenities,TOILET_BLOCK,1980,296,1,FAIR,2022-09-30
8132,1798,Block C,CLASSROOM,2012,304,1,FAIR,2020-04-01
8133,1798,Administration Building,ADMIN,1962,310,2,GOOD,2020-03-06
8134,1798,Junior Toilets,TOILET_BLOCK,1974,263,1,FAIR,2022-11-30
8135,1798,Changing Rooms,SPORTS_PAVILION,2022,569,1,CRITICAL,2024-03-04
8136,1798,Learning Centre,LIBRARY,1953,94,2,FAIR,2024-03-30
8137,1800,Senior Block,CLASSROOM,1956,148,1,GOOD,2023-09-17
8138,1800,Main Office,ADMIN,1954,214,2,FAIR,2024-09-22
8139,1800,Senior Toilets,TOILET_BLOCK,2004,767,1,FAIR,2020-08-14
8140,1800,Main Gymnasium,GYM,2013,74,1,FAIR,2022-02-08
8141,1806,Senior Block,CLASSROOM,1984,139,2,FAIR,2021-09-23
8142,1806,Staff Block,ADMIN,1970,208,1,FAIR,2024-02-07
8143,1806,Staff Facilities,TOILET_BLOCK,1955,359,1,GOOD,2024-04-01
8144,1808,Science Block,CLASSROOM,1950,722,1,GOOD,2022-06-02
8145,1808,Staff Block,ADMIN,1969,83,1,GOOD,2021-11-01
8146,1808,Senior Toilets,TOILET_BLOCK,1974,492,1,POOR,2021-06-07
8147,1808,Fitness Centre,GYM,2006,334,2,FAIR,2023-09-14
8148,1808,Grounds Shed,STORAGE,1994,34,1,FAIR,2023-04-13
8149,1809,Senior Block,CLASSROOM,2013,79,2,GOOD,2023-07-07
8150,1809,Main Office,ADMIN,1983,372,2,GOOD,2020-01-31
8151,1809,Junior Toilets,TOILET_BLOCK,1989,207,1,GOOD,2021-03-08
8152,1809,Sports Store,STORAGE,1954,98,1,POOR,2020-11-04
8153,1811,Block C,CLASSROOM,1983,745,1,GOOD,2022-08-29
8154,1811,Staff Block,ADMIN,2019,474,2,GOOD,2020-12-28
8155,1811,Staff Facilities,TOILET_BLOCK,1992,225,1,GOOD,2022-06-28
8156,1811,Main Gymnasium,GYM,2003,483,1,GOOD,2021-06-10
8157,1811,Maintenance Shed,STORAGE,1978,90,1,FAIR,2021-02-25
8158,1812,Block C,CLASSROOM,1980,413,2,GOOD,2024-01-19
8159,1812,Administration Building,ADMIN,1961,71,1,FAIR,2024-01-14
8160,1812,Senior Toilets,TOILET_BLOCK,1971,552,1,FAIR,2020-11-02
8161,1812,Main Gymnasium,GYM,1989,363,1,GOOD,2024-10-08
8162,1812,Resource Centre,LIBRARY,1988,223,2,GOOD,2023-04-22
8163,1812,Changing Rooms,SPORTS_PAVILION,1955,52,1,GOOD,2020-06-04
8164,1813,Block E,CLASSROOM,2007,375,2,FAIR,2024-10-07
8165,1813,Staff Block,ADMIN,1964,647,2,GOOD,2022-02-08
8166,1813,Staff Facilities,TOILET_BLOCK,1955,560,1,POOR,2023-01-09
8167,1813,Sports Pavilion,SPORTS_PAVILION,1953,571,1,FAIR,2020-02-02
8168,1813,School Hall,HALL,2005,736,1,GOOD,2021-03-29
8169,1813,Maintenance Shed,STORAGE,1996,94,1,POOR,2020-12-08
8170,1813,Main Gymnasium,GYM,1974,251,1,FAIR,2020-05-09
8171,1813,Resource Centre,LIBRARY,1982,567,1,GOOD,2020-06-18
8172,1813,Technology Workshop,WORKSHOP,2004,696,2,FAIR,2022-08-15
8173,1813,Junior Block,CLASSROOM,2008,334,1,FAIR,2022-05-10
8174,1814,Block A,CLASSROOM,1991,66,1,FAIR,2023-01-16
8175,1814,Administration Building,ADMIN,1967,683,2,GOOD,2021-10-04
8176,1814,Staff Facilities,TOILET_BLOCK,1954,641,1,POOR,2020-03-14
8177,1815,Block E,CLASSROOM,1996,517,1,FAIR,2024-03-23
8178,1815,Administration Building,ADMIN,1998,786,1,FAIR,2023-11-20
8179,1815,Junior Toilets,TOILET_BLOCK,1957,545,1,GOOD,2023-01-25
8180,1815,Equipment Store,STORAGE,1974,48,1,FAIR,2020-09-30
8181,1815,Changing Rooms,SPORTS_PAVILION,2002,58,1,GOOD,2020-10-01
8182,1818,Block D,CLASSROOM,1998,538,1,GOOD,2024-04-09
8183,1818,Administration Building,ADMIN,1985,571,1,POOR,2020-06-29
8184,1818,Sports Amenities,TOILET_BLOCK,1967,428,1,CRITICAL,2022-12-22
8185,1818,Technology Workshop,WORKSHOP,1955,607,2,POOR,2023-10-17
8186,1818,Learning Centre,LIBRARY,2000,518,1,GOOD,2021-10-25
8187,1819,Technology Block,CLASSROOM,2012,595,1,FAIR,2020-02-14
8188,1819,Administration Building,ADMIN,1961,418,2,FAIR,2022-01-06
8189,1819,Sports Amenities,TOILET_BLOCK,1977,275,1,GOOD,2020-05-15
8190,1820,Senior Block,CLASSROOM,2022,442,2,GOOD,2020-11-12
8191,1820,Staff Block,ADMIN,2014,350,1,GOOD,2022-08-24
8192,1820,Sports Amenities,TOILET_BLOCK,2004,115,1,FAIR,2022-12-03
8193,1820,Resource Centre,LIBRARY,2004,277,1,FAIR,2020-10-27
8194,1820,School Hall,HALL,2005,753,2,POOR,2022-10-17
8195,1820,Cricket Pavilion,SPORTS_PAVILION,1978,217,1,FAIR,2021-12-27
8196,1820,Sports Store,STORAGE,2008,20,1,GOOD,2020-01-11
8197,1820,Technology Workshop,WORKSHOP,1953,305,2,POOR,2023-05-10
8198,1821,Science Block,CLASSROOM,1968,236,2,FAIR,2023-04-01
8199,1821,Main Office,ADMIN,1990,439,2,GOOD,2021-09-07
8200,1821,Sports Amenities,TOILET_BLOCK,1950,206,1,GOOD,2020-09-23
8201,1821,Sports Store,STORAGE,2021,54,1,POOR,2024-10-12
8202,1821,Assembly Hall,HALL,1994,613,2,FAIR,2022-11-21
8203,1821,Sports Hall,GYM,1975,214,2,POOR,2024-10-24
8204,1821,Technology Workshop,WORKSHOP,1967,282,2,POOR,2020-05-31
8205,1821,Changing Rooms,SPORTS_PAVILION,1983,337,1,FAIR,2022-09-19
8206,1821,School Library,LIBRARY,1972,332,1,GOOD,2021-02-13
8207,1821,Block E,CLASSROOM,1980,51,1,POOR,2021-11-27
8208,1824,Block A,CLASSROOM,1990,759,1,GOOD,2023-01-10
8209,1824,Staff Block,ADMIN,1965,250,2,GOOD,2021-09-17
8210,1824,Staff Facilities,TOILET_BLOCK,1987,425,1,FAIR,2023-08-19
8211,1824,Sports Hall,GYM,2012,466,1,GOOD,2024-08-23
8212,1824,Resource Centre,LIBRARY,1990,392,1,FAIR,2024-02-11
8213,1824,Food Technology,WORKSHOP,1963,179,2,GOOD,2021-02-22
8214,1824,School Hall,HALL,1992,240,1,FAIR,2022-11-02
8215,1825,Junior Block,CLASSROOM,1960,601,1,GOOD,2023-07-04
8216,1825,Staff Block,ADMIN,1950,396,1,FAIR,2022-10-05
8217,1825,Sports Amenities,TOILET_BLOCK,2005,283,1,POOR,2024-10-04
8218,1825,Learning Centre,LIBRARY,1973,592,2,GOOD,2023-09-26
8219,1825,Technology Workshop,WORKSHOP,1983,394,1,FAIR,2022-04-07
8220,1826,Block C,CLASSROOM,2019,748,1,GOOD,2020-12-08
8221,1826,Administration Building,ADMIN,2009,199,1,GOOD,2024-11-12
8222,1826,Junior Toilets,TOILET_BLOCK,1965,467,1,GOOD,2022-02-06
8223,1826,School Hall,HALL,1989,363,2,FAIR,2022-10-25
8224,1826,Sports Pavilion,SPORTS_PAVILION,1952,562,1,POOR,2023-11-28
8225,1827,Block E,CLASSROOM,2002,598,2,FAIR,2022-10-15
8226,1827,Administration Building,ADMIN,1989,599,2,FAIR,2023-11-19
8227,1827,Staff Facilities,TOILET_BLOCK,1964,672,1,FAIR,2020-10-17
8228,1829,Block D,CLASSROOM,1983,700,1,POOR,2022-08-11
8229,1829,Staff Block,ADMIN,2002,442,1,GOOD,2023-09-04
8230,1829,Sports Amenities,TOILET_BLOCK,1965,178,1,GOOD,2020-08-14
8231,1829,Wood Workshop,WORKSHOP,1997,370,1,POOR,2021-09-16
8232,1829,Main Gymnasium,GYM,2008,563,1,GOOD,2022-08-07
8233,1832,Block B,CLASSROOM,1972,401,2,POOR,2021-08-01
8234,1832,Main Office,ADMIN,1996,194,1,CRITICAL,2021-06-27
8235,1832,Staff Facilities,TOILET_BLOCK,1995,151,1,POOR,2023-12-03
8236,1832,Learning Centre,LIBRARY,1975,350,2,GOOD,2020-12-19
8237,1832,Technology Workshop,WORKSHOP,1962,397,2,GOOD,2022-02-02
8238,1832,Sports Pavilion,SPORTS_PAVILION,1978,775,1,CRITICAL,2022-01-24
8239,1832,Fitness Centre,GYM,2003,649,1,POOR,2024-08-27
8240,1832,Sports Store,STORAGE,1982,39,1,GOOD,2020-04-18
8241,1833,Block A,CLASSROOM,1978,464,1,GOOD,2021-09-24
8242,1833,Staff Block,ADMIN,1994,539,1,FAIR,2022-07-01
8243,1833,Junior Toilets,TOILET_BLOCK,1984,560,1,POOR,2020-10-08
8244,1833,Technology Workshop,WORKSHOP,2019,664,1,CRITICAL,2024-03-13
8245,1833,Cricket Pavilion,SPORTS_PAVILION,2010,323,1,GOOD,2022-09-21
8246,1833,Resource Centre,LIBRARY,1955,399,1,FAIR,2020-11-30
8247,1834,Block D,CLASSROOM,1969,249,1,FAIR,2024-09-14
8248,1834,Main Office,ADMIN,1951,487,1,FAIR,2020-09-21
8249,1834,Senior Toilets,TOILET_BLOCK,1965,417,1,GOOD,2022-03-24
8250,1834,Main Gymnasium,GYM,2008,761,2,GOOD,2024-02-28
8251,1834,Wood Workshop,WORKSHOP,1979,377,1,CRITICAL,2024-01-27
8252,1834,School Library,LIBRARY,1959,104,1,GOOD,2023-12-09
8253,1834,Performing Arts Centre,HALL,1975,75,1,POOR,2022-09-07
8254,1834,Grounds Shed,STORAGE,1978,70,1,GOOD,2024-02-17
8255,1835,Technology Block,CLASSROOM,2007,136,1,GOOD,2023-07-15
8256,1835,Main Office,ADMIN,2003,552,1,POOR,2020-08-20
8257,1835,Sports Amenities,TOILET_BLOCK,2005,229,1,GOOD,2024-09-08
8258,1835,Changing Rooms,SPORTS_PAVILION,1981,408,1,GOOD,2021-03-08
8259,1836,Junior Block,CLASSROOM,1976,577,1,FAIR,2023-11-01
8260,1836,Administration Building,ADMIN,1964,518,2,FAIR,2024-02-14
8261,1836,Senior Toilets,TOILET_BLOCK,2020,158,1,POOR,2022-02-09
8262,1836,Assembly Hall,HALL,1979,257,2,POOR,2021-02-20
8263,1836,Food Technology,WORKSHOP,1986,688,2,POOR,2020-03-19
8264,1836,Resource Centre,LIBRARY,2017,182,1,POOR,2021-09-11
8265,1836,Sports Hall,GYM,2021,172,2,POOR,2021-06-09
8266,1836,Sports Store,STORAGE,1970,58,1,FAIR,2023-10-16
8267,1837,Senior Block,CLASSROOM,1954,510,1,FAIR,2022-10-04
8268,1837,Main Office,ADMIN,1980,708,1,FAIR,2023-12-28
8269,1837,Junior Toilets,TOILET_BLOCK,1970,486,1,POOR,2020-04-12
8270,1837,Assembly Hall,HALL,1992,691,1,FAIR,2021-04-24
8271,1837,Technology Workshop,WORKSHOP,2013,71,2,FAIR,2024-07-05
8272,1837,Learning Centre,LIBRARY,1993,131,1,FAIR,2023-06-12
8273,1837,Cricket Pavilion,SPORTS_PAVILION,1956,113,1,CRITICAL,2020-08-11
8274,1837,Maintenance Shed,STORAGE,1963,44,1,GOOD,2024-05-31
8275,1837,Main Gymnasium,GYM,1978,457,2,FAIR,2021-06-18
8276,1837,Block E,CLASSROOM,2010,311,2,FAIR,2022-06-16
8277,1838,Block D,CLASSROOM,1989,274,2,POOR,2021-02-07
8278,1838,Main Office,ADMIN,2021,789,1,GOOD,2024-12-02
8279,1838,Sports Amenities,TOILET_BLOCK,1980,306,1,GOOD,2023-08-08
8280,1838,Sports Store,STORAGE,1970,48,1,FAIR,2022-01-21
8281,1838,Food Technology,WORKSHOP,1991,473,1,GOOD,2023-04-15
8282,1838,Resource Centre,LIBRARY,1969,788,2,POOR,2023-07-11
8283,1841,Block E,CLASSROOM,1994,409,1,POOR,2023-08-28
8284,1841,Main Office,ADMIN,1963,671,1,FAIR,2022-05-17
8285,1841,Junior Toilets,TOILET_BLOCK,1964,195,1,GOOD,2020-03-05
8286,1841,Cricket Pavilion,SPORTS_PAVILION,1994,407,1,CRITICAL,2021-09-10
8287,1841,Food Technology,WORKSHOP,1959,457,1,FAIR,2020-05-26
8288,1841,Learning Centre,LIBRARY,1982,253,2,FAIR,2024-08-23
8289,1841,Performing Arts Centre,HALL,2011,200,1,POOR,2024-02-08
8290,1841,Maintenance Shed,STORAGE,1977,28,1,GOOD,2024-09-30
8291,1841,Sports Hall,GYM,1951,94,2,FAIR,2022-03-27
8292,1841,Block B,CLASSROOM,2018,169,2,GOOD,2020-08-23
8293,1841,Technology Block,CLASSROOM,1983,56,1,FAIR,2021-08-18
8294,1841,Senior Block,CLASSROOM,2008,595,2,GOOD,2024-08-29
8295,1842,Block A,CLASSROOM,1971,154,2,FAIR,2021-08-30
8296,1842,Main Office,ADMIN,1950,769,2,CRITICAL,2024-05-13
8297,1842,Junior Toilets,TOILET_BLOCK,2005,56,1,POOR,2023-06-13
8298,1843,Senior Block,CLASSROOM,1961,232,1,FAIR,2023-02-13
8299,1843,Staff Block,ADMIN,1966,344,1,FAIR,2022-07-03
8300,1843,Staff Facilities,TOILET_BLOCK,1973,714,1,FAIR,2023-06-22
8301,1843,Food Technology,WORKSHOP,1978,599,2,GOOD,2023-04-13
8302,1843,Main Gymnasium,GYM,1970,173,2,GOOD,2021-05-27
8303,1844,Block A,CLASSROOM,1953,505,2,FAIR,2020-10-09
8304,1844,Staff Block,ADMIN,1992,772,1,FAIR,2023-06-15
8305,1844,Junior Toilets,TOILET_BLOCK,1984,175,1,POOR,2023-09-04
8306,1845,Technology Block,CLASSROOM,1985,760,2,FAIR,2020-06-30
8307,1845,Main Office,ADMIN,1976,273,1,GOOD,2020-04-08
8308,1845,Junior Toilets,TOILET_BLOCK,2003,716,1,POOR,2020-11-05
8309,1845,Sports Store,STORAGE,1955,81,1,FAIR,2020-04-02
8310,1846,Technology Block,CLASSROOM,1957,753,1,FAIR,2022-07-18
8311,1846,Administration Building,ADMIN,1971,466,1,GOOD,2020-09-23
8312,1846,Junior Toilets,TOILET_BLOCK,1951,663,1,POOR,2020-07-21
8313,1846,Learning Centre,LIBRARY,1982,542,2,POOR,2021-02-14
8314,1847,Junior Block,CLASSROOM,2013,722,2,FAIR,2020-10-22
8315,1847,Staff Block,ADMIN,1958,144,2,FAIR,2022-08-30
8316,1847,Staff Facilities,TOILET_BLOCK,1998,584,1,GOOD,2021-03-04
8317,1849,Arts Block,CLASSROOM,1953,399,1,GOOD,2021-02-21
8318,1849,Staff Block,ADMIN,1993,468,1,GOOD,2021-07-16
8319,1849,Sports Amenities,TOILET_BLOCK,1982,71,1,GOOD,2020-01-10
8320,1850,Junior Block,CLASSROOM,1981,603,2,POOR,2020-04-04
8321,1850,Main Office,ADMIN,1970,483,2,GOOD,2024-01-09
8322,1850,Sports Amenities,TOILET_BLOCK,1987,141,1,GOOD,2020-08-19
8323,1850,Cricket Pavilion,SPORTS_PAVILION,2019,659,1,GOOD,2020-01-07
8324,1850,Learning Centre,LIBRARY,1961,250,2,POOR,2024-07-23
8325,1850,Sports Hall,GYM,2009,677,1,POOR,2022-03-03
8326,1850,Food Technology,WORKSHOP,2011,645,1,POOR,2022-03-18
8327,1851,Block C,CLASSROOM,1985,466,1,GOOD,2021-01-19
8328,1851,Staff Block,ADMIN,1951,623,1,POOR,2022-09-24
8329,1851,Sports Amenities,TOILET_BLOCK,1976,71,1,POOR,2020-11-07
8330,1852,Block A,CLASSROOM,2022,263,1,GOOD,2021-10-01
8331,1852,Main Office,ADMIN,1967,138,1,GOOD,2022-10-03
8332,1852,Sports Amenities,TOILET_BLOCK,1991,392,1,GOOD,2020-07-28
8333,1852,Main Gymnasium,GYM,1991,258,2,FAIR,2021-09-29
8334,1852,School Hall,HALL,1957,69,2,GOOD,2021-12-31
8335,1853,Science Block,CLASSROOM,1994,282,2,GOOD,2020-05-28
8336,1853,Main Office,ADMIN,1990,88,2,GOOD,2022-11-11
8337,1853,Sports Amenities,TOILET_BLOCK,1990,459,1,FAIR,2022-10-05
8338,1853,Equipment Store,STORAGE,1980,91,1,GOOD,2023-08-26
8339,1854,Science Block,CLASSROOM,1988,290,2,GOOD,2024-08-06
8340,1854,Administration Building,ADMIN,1964,770,1,FAIR,2023-12-26
8341,1854,Junior Toilets,TOILET_BLOCK,1979,202,1,CRITICAL,2022-01-26
8342,1855,Junior Block,CLASSROOM,2018,260,2,CRITICAL,2023-11-04
8343,1855,Administration Building,ADMIN,2016,64,1,GOOD,2022-02-24
8344,1855,Sports Amenities,TOILET_BLOCK,1981,498,1,GOOD,2021-12-10
8345,1855,Main Gymnasium,GYM,1957,114,1,GOOD,2020-11-17
8346,1855,Assembly Hall,HALL,2020,529,2,GOOD,2022-06-07
8347,1855,Learning Centre,LIBRARY,2018,377,1,POOR,2023-09-19
8348,1855,Metal Workshop,WORKSHOP,1954,314,2,GOOD,2021-11-01
8349,1856,Science Block,CLASSROOM,2004,163,2,GOOD,2021-01-09
8350,1856,Administration Building,ADMIN,1959,713,1,GOOD,2024-09-26
8351,1856,Staff Facilities,TOILET_BLOCK,1987,107,1,FAIR,2020-09-09
8352,1856,Fitness Centre,GYM,2018,61,1,POOR,2023-02-23
8353,1856,Sports Pavilion,SPORTS_PAVILION,1989,295,1,FAIR,2022-05-06
8354,1857,Block D,CLASSROOM,1959,361,2,FAIR,2023-12-12
8355,1857,Staff Block,ADMIN,2000,706,1,GOOD,2023-07-28
8356,1857,Staff Facilities,TOILET_BLOCK,1981,664,1,GOOD,2024-01-08
8357,1857,Resource Centre,LIBRARY,1953,620,1,POOR,2023-11-08
8358,1857,Wood Workshop,WORKSHOP,1968,571,1,GOOD,2024-04-15
8359,1857,School Hall,HALL,1960,76,1,POOR,2023-09-14
8360,1857,Sports Pavilion,SPORTS_PAVILION,1965,725,1,FAIR,2022-05-31
8361,1858,Senior Block,CLASSROOM,2020,361,1,GOOD,2023-10-23
8362,1858,Staff Block,ADMIN,1971,122,2,GOOD,2023-11-15
8363,1858,Senior Toilets,TOILET_BLOCK,1983,132,1,POOR,2022-12-02
8364,1858,Maintenance Shed,STORAGE,1958,56,1,POOR,2024-01-23
8365,1860,Junior Block,CLASSROOM,2021,550,2,GOOD,2023-09-09
8366,1860,Administration Building,ADMIN,1994,646,1,GOOD,2024-11-16
8367,1860,Senior Toilets,TOILET_BLOCK,2020,450,1,FAIR,2021-04-27
8368,1860,Assembly Hall,HALL,2016,165,2,FAIR,2022-11-14
8369,1860,Fitness Centre,GYM,2017,681,2,POOR,2024-04-08
8370,1860,Resource Centre,LIBRARY,1978,710,1,GOOD,2022-08-20
8371,1860,Equipment Store,STORAGE,1966,39,1,GOOD,2021-02-07
8372,1860,Cricket Pavilion,SPORTS_PAVILION,2005,491,1,GOOD,2022-07-13
8373,1860,Metal Workshop,WORKSHOP,2000,218,2,FAIR,2020-06-20
8374,1861,Junior Block,CLASSROOM,1999,464,2,FAIR,2020-10-26
8375,1861,Administration Building,ADMIN,2001,213,1,FAIR,2023-02-21
8376,1861,Senior Toilets,TOILET_BLOCK,2010,59,1,CRITICAL,2020-10-12
8377,1861,Sports Store,STORAGE,1987,95,1,FAIR,2024-07-14
8378,1861,Performing Arts Centre,HALL,1963,168,1,GOOD,2023-02-17
8379,1862,Senior Block,CLASSROOM,1976,76,2,GOOD,2020-10-21
8380,1862,Administration Building,ADMIN,1980,704,1,POOR,2021-03-06
8381,1862,Senior Toilets,TOILET_BLOCK,1953,620,1,FAIR,2023-03-17
8382,1862,Performing Arts Centre,HALL,1961,173,2,GOOD,2022-02-14
8383,1862,Sports Hall,GYM,1953,708,2,GOOD,2024-09-10
8384,1862,Grounds Shed,STORAGE,1999,33,1,GOOD,2020-10-05
8385,1863,Arts Block,CLASSROOM,1977,623,1,GOOD,2020-10-17
8386,1863,Main Office,ADMIN,1993,141,1,GOOD,2024-09-04
8387,1863,Junior Toilets,TOILET_BLOCK,2010,356,1,FAIR,2024-07-06
8388,1863,Sports Hall,GYM,1955,622,2,POOR,2024-10-09
8389,1863,Metal Workshop,WORKSHOP,1975,524,2,GOOD,2023-03-16
8390,1863,Resource Centre,LIBRARY,1966,451,1,FAIR,2021-03-25
8391,1863,Grounds Shed,STORAGE,1985,54,1,GOOD,2024-11-29
8392,1865,Block E,CLASSROOM,1983,519,1,FAIR,2021-01-08
8393,1865,Main Office,ADMIN,1968,119,1,GOOD,2021-04-11
8394,1865,Senior Toilets,TOILET_BLOCK,1967,450,1,GOOD,2021-11-20
8395,1865,School Library,LIBRARY,2003,382,2,FAIR,2023-12-27
8396,1865,Technology Workshop,WORKSHOP,2021,365,1,CRITICAL,2020-11-20
8397,1866,Technology Block,CLASSROOM,1980,716,1,FAIR,2023-12-18
8398,1866,Staff Block,ADMIN,1969,198,2,GOOD,2022-06-18
8399,1866,Senior Toilets,TOILET_BLOCK,2009,693,1,FAIR,2023-07-23
8400,1866,Main Gymnasium,GYM,2018,719,1,POOR,2020-01-28
8401,1866,Resource Centre,LIBRARY,2005,589,1,GOOD,2024-11-05
8402,1866,Changing Rooms,SPORTS_PAVILION,2010,100,1,CRITICAL,2023-11-13
8403,1867,Block D,CLASSROOM,1964,537,2,GOOD,2022-06-11
8404,1867,Staff Block,ADMIN,1996,80,1,GOOD,2021-09-21
8405,1867,Sports Amenities,TOILET_BLOCK,1959,435,1,FAIR,2021-08-16
8406,1867,Sports Hall,GYM,2002,510,2,POOR,2021-01-29
8407,1869,Technology Block,CLASSROOM,2008,493,2,FAIR,2023-04-27
8408,1869,Administration Building,ADMIN,2010,286,2,GOOD,2023-04-11
8409,1869,Junior Toilets,TOILET_BLOCK,1957,711,1,GOOD,2022-07-20
8410,1869,Performing Arts Centre,HALL,1972,395,2,GOOD,2024-06-20
8411,1869,Technology Workshop,WORKSHOP,1996,207,2,POOR,2022-12-01
8412,1870,Senior Block,CLASSROOM,1982,153,2,FAIR,2024-03-01
8413,1870,Administration Building,ADMIN,1999,271,1,POOR,2023-05-16
8414,1870,Junior Toilets,TOILET_BLOCK,1982,450,1,POOR,2024-05-17
8415,1870,Sports Store,STORAGE,2018,85,1,FAIR,2020-06-02
8416,1870,Changing Rooms,SPORTS_PAVILION,1966,274,1,GOOD,2023-03-11
8417,1870,Sports Hall,GYM,1996,489,1,FAIR,2023-05-30
8418,1871,Block A,CLASSROOM,1961,468,1,POOR,2023-11-09
8419,1871,Administration Building,ADMIN,1972,157,1,GOOD,2023-09-02
8420,1871,Staff Facilities,TOILET_BLOCK,1983,707,1,FAIR,2023-07-05
8421,1871,Equipment Store,STORAGE,2015,61,1,FAIR,2024-04-29
8422,1872,Arts Block,CLASSROOM,1999,268,2,FAIR,2021-02-25
8423,1872,Staff Block,ADMIN,1991,585,1,GOOD,2021-01-08
8424,1872,Junior Toilets,TOILET_BLOCK,1953,227,1,GOOD,2022-02-11
8425,1873,Junior Block,CLASSROOM,1959,408,2,FAIR,2020-02-26
8426,1873,Main Office,ADMIN,1995,294,2,GOOD,2022-04-23
8427,1873,Sports Amenities,TOILET_BLOCK,1988,680,1,GOOD,2022-06-21
8428,1873,Changing Rooms,SPORTS_PAVILION,1967,217,1,POOR,2020-06-14
8429,1873,Sports Hall,GYM,1977,358,2,FAIR,2022-02-24
8430,1874,Technology Block,CLASSROOM,2019,677,1,POOR,2022-01-16
8431,1874,Staff Block,ADMIN,1984,658,1,GOOD,2022-03-27
8432,1874,Sports Amenities,TOILET_BLOCK,1967,515,1,FAIR,2021-08-06
8433,1875,Block D,CLASSROOM,1980,621,1,POOR,2021-04-01
8434,1875,Main Office,ADMIN,2019,298,1,FAIR,2020-09-11
8435,1875,Junior Toilets,TOILET_BLOCK,2007,569,1,FAIR,2022-06-13
8436,1875,Sports Store,STORAGE,1970,82,1,POOR,2023-11-28
8437,1875,Sports Hall,GYM,1971,711,2,FAIR,2024-08-04
8438,1875,Cricket Pavilion,SPORTS_PAVILION,1952,96,1,POOR,2023-10-28
8439,1875,Learning Centre,LIBRARY,1990,186,2,GOOD,2023-06-07
8440,1875,Wood Workshop,WORKSHOP,1988,648,1,GOOD,2024-04-25
8441,1875,School Hall,HALL,1951,303,1,GOOD,2021-10-14
8442,1875,Science Block,CLASSROOM,2005,56,1,FAIR,2023-10-07
8443,1875,Block E,CLASSROOM,2000,557,2,POOR,2021-11-18
8444,1876,Block D,CLASSROOM,1995,527,2,GOOD,2022-03-11
8445,1876,Staff Block,ADMIN,2016,493,2,GOOD,2024-08-20
8446,1876,Staff Facilities,TOILET_BLOCK,1980,239,1,FAIR,2024-01-30
8447,1876,Assembly Hall,HALL,1988,134,2,FAIR,2021-12-19
8448,1877,Junior Block,CLASSROOM,1969,261,1,FAIR,2022-08-18
8449,1877,Staff Block,ADMIN,1969,683,2,FAIR,2024-11-21
8450,1877,Staff Facilities,TOILET_BLOCK,1968,375,1,GOOD,2022-05-06
8451,1877,Wood Workshop,WORKSHOP,2010,769,2,FAIR,2022-02-20
8452,1877,School Library,LIBRARY,1982,316,2,GOOD,2023-03-25
8453,1877,Grounds Shed,STORAGE,2010,59,1,FAIR,2024-01-21
8454,1877,Fitness Centre,GYM,1971,604,1,FAIR,2023-08-12
8455,1878,Senior Block,CLASSROOM,1981,114,2,FAIR,2020-03-19
8456,1878,Administration Building,ADMIN,1970,272,1,POOR,2024-06-01
8457,1878,Sports Amenities,TOILET_BLOCK,2013,178,1,POOR,2020-02-09
8458,1878,Performing Arts Centre,HALL,2012,506,1,FAIR,2021-06-09
8459,1878,School Library,LIBRARY,2013,543,1,FAIR,2023-12-08
8460,1878,Maintenance Shed,STORAGE,1952,59,1,FAIR,2022-01-19
8461,1878,Cricket Pavilion,SPORTS_PAVILION,2001,615,1,CRITICAL,2022-05-25
8462,1878,Fitness Centre,GYM,1958,602,1,GOOD,2023-02-16
8463,1878,Food Technology,WORKSHOP,2007,622,2,POOR,2023-10-22
8464,1878,Science Block,CLASSROOM,1982,269,1,FAIR,2022-02-07
8465,1878,Block E,CLASSROOM,2002,442,1,GOOD,2020-09-09
8466,1879,Block E,CLASSROOM,2012,274,2,GOOD,2024-03-27
8467,1879,Administration Building,ADMIN,1992,313,2,GOOD,2023-11-30
8468,1879,Senior Toilets,TOILET_BLOCK,1967,566,1,FAIR,2023-05-31
8469,1879,Grounds Shed,STORAGE,1980,88,1,FAIR,2020-04-18
8470,1879,Metal Workshop,WORKSHOP,1966,172,2,GOOD,2021-11-17
8471,1879,Performing Arts Centre,HALL,2001,492,1,POOR,2022-10-25
8472,1879,School Library,LIBRARY,2022,756,2,FAIR,2024-06-19
8473,1879,Fitness Centre,GYM,2009,185,1,FAIR,2023-10-07
8474,1879,Sports Pavilion,SPORTS_PAVILION,1991,738,1,FAIR,2024-04-09
8475,1879,Block A,CLASSROOM,2002,153,2,FAIR,2023-04-14
8476,1879,Block C,CLASSROOM,2011,187,2,GOOD,2022-07-12
8477,1880,Senior Block,CLASSROOM,2003,682,2,POOR,2021-06-09
8478,1880,Main Office,ADMIN,2004,585,2,GOOD,2024-07-06
8479,1880,Senior Toilets,TOILET_BLOCK,1964,530,1,POOR,2021-08-27
8480,1881,Block A,CLASSROOM,2020,86,2,POOR,2022-03-21
8481,1881,Staff Block,ADMIN,1984,183,2,FAIR,2022-01-29
8482,1881,Senior Toilets,TOILET_BLOCK,2010,164,1,GOOD,2023-08-21
8483,1881,School Hall,HALL,1997,741,1,FAIR,2021-11-03
8484,1881,Resource Centre,LIBRARY,1997,167,2,FAIR,2020-07-06
8485,1881,Changing Rooms,SPORTS_PAVILION,2013,703,1,GOOD,2020-10-18
8486,1881,Sports Hall,GYM,1980,798,2,GOOD,2021-06-01
8487,1881,Food Technology,WORKSHOP,1960,684,2,GOOD,2022-07-29
8488,1882,Junior Block,CLASSROOM,1985,210,2,POOR,2022-03-13
8489,1882,Administration Building,ADMIN,1953,292,1,GOOD,2023-04-02
8490,1882,Junior Toilets,TOILET_BLOCK,1965,245,1,FAIR,2023-10-15
8491,1883,Block D,CLASSROOM,1989,747,2,POOR,2022-11-03
8492,1883,Administration Building,ADMIN,1985,312,1,GOOD,2020-06-11
8493,1883,Sports Amenities,TOILET_BLOCK,2001,698,1,FAIR,2023-04-04
8494,1883,Learning Centre,LIBRARY,1951,387,1,GOOD,2020-02-03
8495,1883,Main Gymnasium,GYM,2022,761,1,GOOD,2023-01-24
8496,1884,Arts Block,CLASSROOM,1971,74,2,GOOD,2024-04-23
8497,1884,Staff Block,ADMIN,1964,158,2,POOR,2023-01-18
8498,1884,Senior Toilets,TOILET_BLOCK,1992,270,1,FAIR,2020-10-31
8499,1884,Assembly Hall,HALL,2004,678,2,FAIR,2024-07-05
8500,1884,Main Gymnasium,GYM,1982,125,2,FAIR,2024-03-17
8501,1885,Block E,CLASSROOM,2005,233,2,CRITICAL,2022-03-15
8502,1885,Administration Building,ADMIN,1969,378,1,POOR,2023-10-24
8503,1885,Sports Amenities,TOILET_BLOCK,1956,259,1,POOR,2022-12-27
8504,1885,Assembly Hall,HALL,1966,198,1,GOOD,2023-07-31
8505,1885,Sports Hall,GYM,1993,471,1,POOR,2020-04-19
8506,1885,Wood Workshop,WORKSHOP,1958,338,2,GOOD,2023-11-15
8507,1885,Resource Centre,LIBRARY,1958,316,1,GOOD,2023-03-26
8508,1885,Grounds Shed,STORAGE,1989,25,1,GOOD,2021-06-22
8509,1886,Block A,CLASSROOM,2017,758,2,POOR,2020-08-27
8510,1886,Main Office,ADMIN,1974,59,2,POOR,2023-08-09
8511,1886,Junior Toilets,TOILET_BLOCK,2005,560,1,GOOD,2024-04-01
8512,1886,Performing Arts Centre,HALL,2005,170,2,GOOD,2020-02-09
8513,1886,Equipment Store,STORAGE,1995,94,1,CRITICAL,2024-11-09
8514,1886,Main Gymnasium,GYM,2004,187,2,POOR,2022-09-02
8515,1886,Sports Pavilion,SPORTS_PAVILION,1982,221,1,FAIR,2020-09-09
8516,1888,Arts Block,CLASSROOM,1969,324,2,GOOD,2021-01-21
8517,1888,Staff Block,ADMIN,2009,762,1,FAIR,2022-12-31
8518,1888,Staff Facilities,TOILET_BLOCK,1952,685,1,POOR,2022-02-25
8519,1888,Grounds Shed,STORAGE,1950,31,1,GOOD,2021-06-07
8520,1888,Performing Arts Centre,HALL,1999,193,2,GOOD,2023-03-06
8521,1889,Block E,CLASSROOM,2010,341,1,GOOD,2023-03-31
8522,1889,Administration Building,ADMIN,1961,615,2,GOOD,2020-02-18
8523,1889,Sports Amenities,TOILET_BLOCK,1988,624,1,CRITICAL,2020-01-11
8524,1891,Block E,CLASSROOM,2001,166,1,GOOD,2022-09-23
8525,1891,Administration Building,ADMIN,1996,96,1,FAIR,2020-08-07
8526,1891,Senior Toilets,TOILET_BLOCK,1955,426,1,GOOD,2021-07-30
8527,1891,Grounds Shed,STORAGE,1953,56,1,FAIR,2022-03-06
8528,1891,Fitness Centre,GYM,1970,301,2,FAIR,2020-05-31
8529,1892,Science Block,CLASSROOM,1979,222,1,FAIR,2022-09-11
8530,1892,Main Office,ADMIN,2001,488,1,FAIR,2023-07-14
8531,1892,Junior Toilets,TOILET_BLOCK,1993,63,1,FAIR,2024-03-27
8532,1892,Wood Workshop,WORKSHOP,1980,211,1,GOOD,2023-07-03
8533,1892,Main Gymnasium,GYM,1950,354,1,GOOD,2023-10-07
8534,1892,Resource Centre,LIBRARY,2001,557,1,GOOD,2024-01-12
8535,1892,Assembly Hall,HALL,1988,402,2,GOOD,2020-11-21
8536,1892,Changing Rooms,SPORTS_PAVILION,1991,247,1,FAIR,2022-01-11
8537,1892,Equipment Store,STORAGE,1972,93,1,GOOD,2021-10-30
8538,1892,Block A,CLASSROOM,1969,701,2,FAIR,2024-01-02
8539,1892,Arts Block,CLASSROOM,1973,674,2,GOOD,2020-01-13
8540,1893,Block A,CLASSROOM,2000,204,2,GOOD,2020-06-29
8541,1893,Administration Building,ADMIN,1960,737,2,FAIR,2024-03-25
8542,1893,Junior Toilets,TOILET_BLOCK,1980,111,1,CRITICAL,2023-10-11
8543,1893,Cricket Pavilion,SPORTS_PAVILION,2007,240,1,FAIR,2022-03-26
8544,1893,Assembly Hall,HALL,1988,198,2,CRITICAL,2020-05-10
8545,1893,Resource Centre,LIBRARY,1994,380,2,POOR,2020-08-17
8546,1893,Wood Workshop,WORKSHOP,1990,247,1,FAIR,2022-04-30
8547,1893,Equipment Store,STORAGE,1979,42,1,GOOD,2023-09-18
8548,1894,Arts Block,CLASSROOM,2016,421,2,FAIR,2020-03-31
8549,1894,Staff Block,ADMIN,2007,50,1,FAIR,2022-09-15
8550,1894,Staff Facilities,TOILET_BLOCK,1992,225,1,FAIR,2020-12-25
8551,1894,Sports Pavilion,SPORTS_PAVILION,1988,653,1,POOR,2022-08-23
8552,1894,Fitness Centre,GYM,1957,144,1,FAIR,2024-01-09
8553,1894,Assembly Hall,HALL,1977,315,2,POOR,2021-10-24
8554,1895,Block B,CLASSROOM,1960,738,1,GOOD,2024-11-03
8555,1895,Main Office,ADMIN,1970,745,2,GOOD,2021-03-06
8556,1895,Staff Facilities,TOILET_BLOCK,1985,776,1,GOOD,2022-03-28
8557,1895,Resource Centre,LIBRARY,1979,443,2,FAIR,2021-06-01
8558,1895,Main Gymnasium,GYM,1990,689,2,FAIR,2024-05-17
8559,1896,Arts Block,CLASSROOM,1955,462,2,GOOD,2021-12-06
8560,1896,Administration Building,ADMIN,1971,178,1,POOR,2022-05-23
8561,1896,Sports Amenities,TOILET_BLOCK,1956,94,1,GOOD,2024-07-20
8562,1896,Sports Hall,GYM,1985,687,2,GOOD,2023-10-29
8563,1896,Technology Workshop,WORKSHOP,1953,661,1,FAIR,2022-09-27
8564,1897,Block E,CLASSROOM,1979,62,2,POOR,2022-02-19
8565,1897,Administration Building,ADMIN,1969,55,2,FAIR,2022-08-06
8566,1897,Junior Toilets,TOILET_BLOCK,1984,377,1,POOR,2024-06-19
8567,1897,School Library,LIBRARY,1987,785,1,GOOD,2023-08-28
8568,1897,School Hall,HALL,2001,237,2,FAIR,2024-02-16
8569,1898,Block C,CLASSROOM,1979,634,2,GOOD,2022-12-30
8570,1898,Staff Block,ADMIN,1988,155,2,FAIR,2021-04-04
8571,1898,Senior Toilets,TOILET_BLOCK,1993,567,1,FAIR,2023-09-06
8572,1899,Junior Block,CLASSROOM,1966,411,2,GOOD,2022-05-21
8573,1899,Staff Block,ADMIN,1971,798,1,FAIR,2021-09-15
8574,1899,Junior Toilets,TOILET_BLOCK,1957,785,1,CRITICAL,2023-01-24
8575,1899,Resource Centre,LIBRARY,2021,765,1,POOR,2024-09-01
8576,1899,Changing Rooms,SPORTS_PAVILION,2008,295,1,POOR,2020-08-16
8577,1902,Science Block,CLASSROOM,2021,363,2,FAIR,2024-10-18
8578,1902,Main Office,ADMIN,2014,759,2,FAIR,2020-05-08
8579,1902,Senior Toilets,TOILET_BLOCK,1985,380,1,GOOD,2021-11-17
8580,1903,Science Block,CLASSROOM,2021,404,2,POOR,2022-08-18
8581,1903,Main Office,ADMIN,1957,546,2,FAIR,2022-06-28
8582,1903,Staff Facilities,TOILET_BLOCK,2013,766,1,CRITICAL,2021-03-12
8583,1903,School Library,LIBRARY,2016,165,1,CRITICAL,2022-06-19
8584,1904,Block A,CLASSROOM,1989,580,1,GOOD,2023-11-11
8585,1904,Administration Building,ADMIN,1986,347,2,FAIR,2023-10-09
8586,1904,Junior Toilets,TOILET_BLOCK,2007,214,1,POOR,2022-03-15
8587,1904,Main Gymnasium,GYM,1978,516,1,CRITICAL,2023-02-15
8588,1904,Sports Pavilion,SPORTS_PAVILION,2022,236,1,FAIR,2024-08-28
8589,1906,Technology Block,CLASSROOM,1984,127,1,GOOD,2022-05-22
8590,1906,Administration Building,ADMIN,1965,340,1,POOR,2022-11-11
8591,1906,Senior Toilets,TOILET_BLOCK,1978,359,1,FAIR,2020-03-27
8592,1906,School Hall,HALL,1976,438,2,FAIR,2020-08-28
8593,1906,Main Gymnasium,GYM,2004,592,2,FAIR,2022-06-06
8594,1907,Block A,CLASSROOM,1995,616,1,GOOD,2021-03-18
8595,1907,Staff Block,ADMIN,1993,321,2,GOOD,2022-08-15
8596,1907,Sports Amenities,TOILET_BLOCK,2011,526,1,POOR,2020-08-19
8597,1907,Assembly Hall,HALL,1981,463,2,FAIR,2022-01-14
8598,1907,Sports Hall,GYM,1953,167,1,POOR,2023-01-29
8599,1908,Arts Block,CLASSROOM,2005,140,1,FAIR,2023-04-22
8600,1908,Staff Block,ADMIN,1988,83,2,POOR,2024-04-10
8601,1908,Senior Toilets,TOILET_BLOCK,1989,449,1,FAIR,2021-05-27
8602,1908,Maintenance Shed,STORAGE,1972,59,1,FAIR,2024-08-06
8603,1908,Resource Centre,LIBRARY,2008,613,2,GOOD,2023-12-02
8604,1908,School Hall,HALL,1976,709,1,GOOD,2021-11-20
8605,1908,Sports Pavilion,SPORTS_PAVILION,2019,797,1,POOR,2021-08-24
8606,1908,Sports Hall,GYM,1963,462,2,FAIR,2023-10-26
8607,1911,Arts Block,CLASSROOM,1954,135,1,FAIR,2022-08-03
8608,1911,Main Office,ADMIN,2022,253,2,CRITICAL,2022-11-13
8609,1911,Senior Toilets,TOILET_BLOCK,1958,644,1,POOR,2023-03-06
8610,1912,Junior Block,CLASSROOM,1993,70,2,POOR,2021-11-09
8611,1912,Administration Building,ADMIN,1982,470,1,GOOD,2023-01-10
8612,1912,Junior Toilets,TOILET_BLOCK,1983,180,1,GOOD,2023-10-19
8613,1912,School Hall,HALL,1980,579,1,GOOD,2024-09-03
8614,1912,Sports Hall,GYM,2005,72,2,GOOD,2022-02-03
8615,1916,Block C,CLASSROOM,1998,71,2,FAIR,2023-08-15
8616,1916,Administration Building,ADMIN,1989,528,2,POOR,2022-04-02
8617,1916,Senior Toilets,TOILET_BLOCK,2007,507,1,FAIR,2022-09-28
8618,1916,Sports Store,STORAGE,1976,32,1,GOOD,2020-10-18
8619,1916,Cricket Pavilion,SPORTS_PAVILION,2013,175,1,FAIR,2022-12-29
8620,1916,Wood Workshop,WORKSHOP,1966,347,2,GOOD,2024-11-03
8621,1916,Assembly Hall,HALL,2019,565,1,GOOD,2020-10-08
8622,1917,Block B,CLASSROOM,1995,375,1,GOOD,2021-06-08
8623,1917,Administration Building,ADMIN,1992,558,1,GOOD,2022-02-10
8624,1917,Senior Toilets,TOILET_BLOCK,1954,283,1,FAIR,2023-08-05
8625,1917,School Library,LIBRARY,1983,726,2,GOOD,2020-11-30
8626,1917,Sports Pavilion,SPORTS_PAVILION,1968,596,1,POOR,2020-03-04
8627,1919,Senior Block,CLASSROOM,1965,414,1,FAIR,2023-08-23
8628,1919,Administration Building,ADMIN,2004,529,1,GOOD,2024-11-13
8629,1919,Senior Toilets,TOILET_BLOCK,1984,385,1,FAIR,2020-11-11
8630,1919,Resource Centre,LIBRARY,1961,477,1,FAIR,2022-11-09
8631,1920,Junior Block,CLASSROOM,1966,341,1,POOR,2022-12-25
8632,1920,Administration Building,ADMIN,1955,287,2,FAIR,2021-05-19
8633,1920,Sports Amenities,TOILET_BLOCK,2017,122,1,GOOD,2024-04-30
8634,1920,Learning Centre,LIBRARY,1989,536,1,POOR,2022-11-30
8635,1921,Block C,CLASSROOM,1972,413,2,POOR,2022-02-22
8636,1921,Administration Building,ADMIN,1952,794,2,GOOD,2020-08-09
8637,1921,Junior Toilets,TOILET_BLOCK,2015,606,1,FAIR,2023-03-30
8638,1921,Resource Centre,LIBRARY,1976,456,1,GOOD,2022-06-28
8639,1923,Block C,CLASSROOM,1998,478,2,POOR,2023-11-13
8640,1923,Administration Building,ADMIN,1978,699,1,POOR,2022-06-19
8641,1923,Senior Toilets,TOILET_BLOCK,2002,748,1,POOR,2022-03-23
8642,1923,Sports Pavilion,SPORTS_PAVILION,2002,190,1,FAIR,2020-01-07
8643,1924,Block B,CLASSROOM,1953,605,1,FAIR,2024-04-17
8644,1924,Main Office,ADMIN,2009,695,2,FAIR,2022-12-19
8645,1924,Sports Amenities,TOILET_BLOCK,1962,110,1,FAIR,2024-06-09
8646,1924,Assembly Hall,HALL,1960,141,2,GOOD,2022-12-26
8647,1924,Equipment Store,STORAGE,1983,33,1,GOOD,2020-09-02
8648,1924,Technology Workshop,WORKSHOP,1964,325,2,FAIR,2022-11-14
8649,1924,Resource Centre,LIBRARY,1964,414,1,FAIR,2020-03-17
8650,1924,Sports Pavilion,SPORTS_PAVILION,1953,346,1,FAIR,2021-12-12
8651,1927,Science Block,CLASSROOM,2015,368,1,FAIR,2021-08-22
8652,1927,Main Office,ADMIN,2017,625,2,FAIR,2024-08-18
8653,1927,Senior Toilets,TOILET_BLOCK,1970,638,1,FAIR,2023-12-08
8654,1927,Sports Store,STORAGE,2014,21,1,POOR,2022-10-15
8655,1929,Block A,CLASSROOM,2009,604,2,FAIR,2021-09-15
8656,1929,Staff Block,ADMIN,2018,349,2,FAIR,2022-12-17
8657,1929,Junior Toilets,TOILET_BLOCK,1996,177,1,FAIR,2020-02-17
8658,1930,Block B,CLASSROOM,1956,666,1,GOOD,2020-11-23
8659,1930,Main Office,ADMIN,2006,720,1,GOOD,2022-02-21
8660,1930,Sports Amenities,TOILET_BLOCK,2011,785,1,FAIR,2020-08-12
8661,1930,Resource Centre,LIBRARY,1980,153,2,FAIR,2021-10-21
8662,1930,Main Gymnasium,GYM,1988,329,1,GOOD,2020-11-20
8663,1930,Technology Workshop,WORKSHOP,1979,190,2,POOR,2024-10-29
8664,1931,Block A,CLASSROOM,1982,100,2,FAIR,2024-09-25
8665,1931,Main Office,ADMIN,1989,633,2,FAIR,2023-07-07
8666,1931,Sports Amenities,TOILET_BLOCK,2020,194,1,GOOD,2020-03-06
8667,1933,Block C,CLASSROOM,2010,707,1,FAIR,2021-09-14
8668,1933,Administration Building,ADMIN,1993,60,1,GOOD,2023-05-25
8669,1933,Junior Toilets,TOILET_BLOCK,2000,677,1,FAIR,2023-05-28
8670,1933,Grounds Shed,STORAGE,1993,67,1,GOOD,2024-05-11
8671,1933,School Library,LIBRARY,2018,279,1,FAIR,2024-05-18
8672,1933,Performing Arts Centre,HALL,1997,251,2,FAIR,2024-02-17
8673,1933,Metal Workshop,WORKSHOP,2012,509,1,FAIR,2022-02-14
8674,1933,Cricket Pavilion,SPORTS_PAVILION,2000,63,1,FAIR,2021-05-05
8675,1933,Fitness Centre,GYM,1969,602,2,POOR,2023-08-01
8676,1933,Block D,CLASSROOM,1984,102,1,POOR,2024-06-13
8677,1933,Senior Block,CLASSROOM,1959,200,2,GOOD,2022-02-22
8678,1934,Arts Block,CLASSROOM,1963,374,1,FAIR,2024-04-19
8679,1934,Administration Building,ADMIN,1950,498,1,GOOD,2020-12-08
8680,1934,Junior Toilets,TOILET_BLOCK,1963,377,1,GOOD,2021-07-24
8681,1934,Performing Arts Centre,HALL,2011,321,2,FAIR,2020-11-25
8682,1934,Main Gymnasium,GYM,2012,728,2,POOR,2020-07-23
8683,1934,Resource Centre,LIBRARY,1959,311,2,GOOD,2022-06-28
8684,1934,Grounds Shed,STORAGE,2017,52,1,FAIR,2020-06-16
8685,1935,Block C,CLASSROOM,1994,687,1,POOR,2021-09-02
8686,1935,Staff Block,ADMIN,2017,515,1,POOR,2023-04-04
8687,1935,Senior Toilets,TOILET_BLOCK,2008,352,1,GOOD,2023-04-02
8688,1937,Block D,CLASSROOM,1966,605,1,GOOD,2023-11-02
8689,1937,Administration Building,ADMIN,1950,71,1,GOOD,2022-08-15
8690,1937,Sports Amenities,TOILET_BLOCK,1985,345,1,FAIR,2020-06-30
8691,1937,Resource Centre,LIBRARY,1958,306,2,POOR,2022-10-07
8692,1938,Junior Block,CLASSROOM,1958,278,2,POOR,2024-09-22
8693,1938,Staff Block,ADMIN,1950,614,2,FAIR,2023-09-22
8694,1938,Senior Toilets,TOILET_BLOCK,1968,408,1,GOOD,2024-06-27
8695,1938,Food Technology,WORKSHOP,2010,432,1,FAIR,2022-08-28
8696,1939,Block C,CLASSROOM,1987,453,2,CRITICAL,2023-09-18
8697,1939,Main Office,ADMIN,2009,629,2,GOOD,2021-03-25
8698,1939,Senior Toilets,TOILET_BLOCK,2001,428,1,FAIR,2023-11-15
8699,1939,Cricket Pavilion,SPORTS_PAVILION,1957,236,1,GOOD,2021-10-03
8700,1939,Wood Workshop,WORKSHOP,2007,322,1,FAIR,2023-01-13
8701,1939,Sports Hall,GYM,2012,50,1,FAIR,2021-09-29
8702,1939,Assembly Hall,HALL,1970,91,2,CRITICAL,2020-03-27
8703,1939,Equipment Store,STORAGE,1991,41,1,FAIR,2021-07-07
8704,1940,Block C,CLASSROOM,1966,539,2,FAIR,2021-06-25
8705,1940,Administration Building,ADMIN,1971,214,1,FAIR,2021-06-02
8706,1940,Senior Toilets,TOILET_BLOCK,1956,141,1,GOOD,2020-06-08
8707,1940,Main Gymnasium,GYM,2001,446,2,GOOD,2023-06-13
8708,1940,Changing Rooms,SPORTS_PAVILION,2008,564,1,POOR,2024-01-19
8709,1940,Sports Store,STORAGE,2017,57,1,POOR,2023-07-20
8710,1940,Wood Workshop,WORKSHOP,2007,723,2,FAIR,2024-05-26
8711,1941,Block B,CLASSROOM,1983,150,2,FAIR,2024-04-05
8712,1941,Main Office,ADMIN,1977,96,1,GOOD,2024-09-30
8713,1941,Sports Amenities,TOILET_BLOCK,1967,629,1,GOOD,2021-01-14
8714,1941,Wood Workshop,WORKSHOP,1983,486,1,GOOD,2023-01-14
8715,1942,Arts Block,CLASSROOM,1962,441,2,FAIR,2024-09-23
8716,1942,Administration Building,ADMIN,1991,473,2,FAIR,2022-12-17
8717,1942,Senior Toilets,TOILET_BLOCK,1974,762,1,GOOD,2023-03-29
8718,1943,Arts Block,CLASSROOM,2022,301,1,GOOD,2022-10-07
8719,1943,Administration Building,ADMIN,1988,593,2,GOOD,2020-07-28
8720,1943,Staff Facilities,TOILET_BLOCK,1973,397,1,FAIR,2021-02-14
8721,1943,School Library,LIBRARY,1958,156,1,GOOD,2024-02-09
8722,1944,Block C,CLASSROOM,1976,318,1,FAIR,2021-01-03
8723,1944,Administration Building,ADMIN,1984,122,2,POOR,2021-09-14
8724,1944,Senior Toilets,TOILET_BLOCK,1975,445,1,GOOD,2020-03-14
8725,1944,Grounds Shed,STORAGE,1993,39,1,FAIR,2022-07-28
8726,1944,School Hall,HALL,1991,381,1,FAIR,2021-09-25
8727,1944,Fitness Centre,GYM,2016,696,2,FAIR,2021-11-20
8728,1944,Changing Rooms,SPORTS_PAVILION,1951,130,1,GOOD,2020-02-07
8729,1944,School Library,LIBRARY,2005,643,2,FAIR,2023-01-17
8730,1945,Arts Block,CLASSROOM,1953,115,2,GOOD,2024-08-31
8731,1945,Main Office,ADMIN,1952,320,2,GOOD,2022-12-28
8732,1945,Junior Toilets,TOILET_BLOCK,1983,550,1,FAIR,2024-11-08
8733,1945,Main Gymnasium,GYM,2005,450,2,GOOD,2022-11-20
8734,1945,Assembly Hall,HALL,1982,727,2,POOR,2023-01-18
8735,1946,Block A,CLASSROOM,2007,470,2,GOOD,2024-06-21
8736,1946,Staff Block,ADMIN,2022,500,1,FAIR,2022-12-17
8737,1946,Sports Amenities,TOILET_BLOCK,1962,391,1,FAIR,2022-05-25
8738,1946,Learning Centre,LIBRARY,1978,277,1,POOR,2020-12-23
8739,1946,Sports Pavilion,SPORTS_PAVILION,2004,575,1,GOOD,2020-05-08
8740,1946,Wood Workshop,WORKSHOP,2016,105,2,FAIR,2023-08-13
8741,1947,Junior Block,CLASSROOM,1973,532,1,FAIR,2020-02-03
8742,1947,Main Office,ADMIN,2012,543,2,FAIR,2024-10-23
8743,1947,Junior Toilets,TOILET_BLOCK,1961,573,1,POOR,2021-01-11
8744,1947,Performing Arts Centre,HALL,1953,294,2,POOR,2024-10-03
8745,1947,Resource Centre,LIBRARY,1970,136,2,GOOD,2023-08-25
8746,1948,Arts Block,CLASSROOM,1957,479,1,GOOD,2022-09-14
8747,1948,Main Office,ADMIN,1968,137,1,FAIR,2021-10-13
8748,1948,Staff Facilities,TOILET_BLOCK,1985,689,1,GOOD,2024-04-09
8749,1949,Science Block,CLASSROOM,1993,622,2,FAIR,2021-07-05
8750,1949,Main Office,ADMIN,1989,103,1,POOR,2023-06-07
8751,1949,Staff Facilities,TOILET_BLOCK,2009,403,1,FAIR,2023-06-16
8752,1950,Science Block,CLASSROOM,1976,632,2,GOOD,2020-01-13
8753,1950,Main Office,ADMIN,2013,379,2,FAIR,2024-06-25
8754,1950,Senior Toilets,TOILET_BLOCK,1998,648,1,GOOD,2023-11-17
8755,1951,Arts Block,CLASSROOM,1989,706,2,GOOD,2023-01-01
8756,1951,Main Office,ADMIN,1990,581,2,GOOD,2020-11-20
8757,1951,Junior Toilets,TOILET_BLOCK,2001,782,1,POOR,2024-07-27
8758,1952,Junior Block,CLASSROOM,1991,462,2,GOOD,2020-02-01
8759,1952,Main Office,ADMIN,1958,370,2,GOOD,2023-04-07
8760,1952,Staff Facilities,TOILET_BLOCK,1972,105,1,FAIR,2021-07-07
8761,1952,Fitness Centre,GYM,1958,542,1,FAIR,2023-01-10
8762,1953,Senior Block,CLASSROOM,1971,652,1,CRITICAL,2021-03-20
8763,1953,Administration Building,ADMIN,1990,520,2,GOOD,2021-12-24
8764,1953,Junior Toilets,TOILET_BLOCK,2012,244,1,FAIR,2023-04-10
8765,1954,Block A,CLASSROOM,1973,244,1,FAIR,2021-05-12
8766,1954,Administration Building,ADMIN,2017,526,1,GOOD,2021-12-08
8767,1954,Junior Toilets,TOILET_BLOCK,2010,338,1,GOOD,2020-06-14
8768,1955,Block B,CLASSROOM,1971,88,2,GOOD,2020-07-26
8769,1955,Staff Block,ADMIN,1967,483,1,FAIR,2022-06-05
8770,1955,Staff Facilities,TOILET_BLOCK,1964,687,1,FAIR,2020-02-08
8771,1955,Changing Rooms,SPORTS_PAVILION,1961,266,1,POOR,2020-01-23
8772,1955,Main Gymnasium,GYM,2007,751,1,POOR,2023-07-20
8773,1955,Equipment Store,STORAGE,2013,84,1,FAIR,2021-07-02
8774,1957,Senior Block,CLASSROOM,2020,124,2,GOOD,2024-06-21
8775,1957,Administration Building,ADMIN,2018,57,1,GOOD,2023-11-21
8776,1957,Junior Toilets,TOILET_BLOCK,2020,348,1,FAIR,2023-12-31
8777,1957,Sports Store,STORAGE,1954,86,1,FAIR,2024-04-08
8778,1958,Junior Block,CLASSROOM,1976,204,1,GOOD,2021-07-21
8779,1958,Main Office,ADMIN,1959,129,2,GOOD,2024-02-11
8780,1958,Senior Toilets,TOILET_BLOCK,1962,707,1,GOOD,2020-05-03
8781,1958,Learning Centre,LIBRARY,2005,246,2,FAIR,2021-11-25
8782,1958,Technology Workshop,WORKSHOP,2009,594,1,FAIR,2023-05-23
8783,1958,Maintenance Shed,STORAGE,1982,73,1,GOOD,2022-10-14
8784,1958,Cricket Pavilion,SPORTS_PAVILION,1968,192,1,GOOD,2024-07-26
8785,1959,Block E,CLASSROOM,1989,679,1,GOOD,2020-01-07
8786,1959,Staff Block,ADMIN,1974,341,1,GOOD,2020-01-15
8787,1959,Staff Facilities,TOILET_BLOCK,1961,177,1,FAIR,2023-09-15
8788,1959,Food Technology,WORKSHOP,2021,222,1,GOOD,2021-01-17
8789,1959,Sports Hall,GYM,1951,78,1,FAIR,2021-12-16
8790,1959,Cricket Pavilion,SPORTS_PAVILION,1999,292,1,GOOD,2023-11-14
8791,1959,Sports Store,STORAGE,1976,51,1,FAIR,2020-03-18
8792,1959,School Hall,HALL,2004,332,2,GOOD,2023-02-01
8793,1960,Senior Block,CLASSROOM,2006,328,1,FAIR,2022-07-13
8794,1960,Main Office,ADMIN,1990,147,2,GOOD,2020-05-08
8795,1960,Senior Toilets,TOILET_BLOCK,2005,112,1,GOOD,2020-11-26
8796,1961,Junior Block,CLASSROOM,1993,396,2,POOR,2023-08-05
8797,1961,Main Office,ADMIN,1965,608,2,GOOD,2024-05-19
8798,1961,Staff Facilities,TOILET_BLOCK,2002,797,1,GOOD,2021-08-13
8799,1962,Technology Block,CLASSROOM,1993,708,1,FAIR,2022-11-20
8800,1962,Main Office,ADMIN,1979,259,1,POOR,2021-12-29
8801,1962,Senior Toilets,TOILET_BLOCK,2021,415,1,CRITICAL,2024-03-31
8802,1962,Metal Workshop,WORKSHOP,1988,666,2,GOOD,2021-05-13
8803,1962,Fitness Centre,GYM,1993,241,1,POOR,2022-08-13
8804,1962,School Library,LIBRARY,1983,102,1,FAIR,2024-03-27
8805,1963,Block A,CLASSROOM,1966,662,2,POOR,2020-02-24
8806,1963,Main Office,ADMIN,2010,213,2,POOR,2024-11-04
8807,1963,Junior Toilets,TOILET_BLOCK,1988,269,1,FAIR,2023-02-01
8808,1963,Wood Workshop,WORKSHOP,1965,681,2,FAIR,2021-07-26
8809,1964,Block B,CLASSROOM,2020,175,1,GOOD,2020-04-23
8810,1964,Main Office,ADMIN,1987,119,2,FAIR,2020-10-29
8811,1964,Senior Toilets,TOILET_BLOCK,1972,722,1,GOOD,2023-12-11
8812,1964,School Library,LIBRARY,1978,176,1,FAIR,2023-06-27
8813,1964,School Hall,HALL,2002,340,1,GOOD,2021-08-14
8814,1964,Equipment Store,STORAGE,1995,27,1,GOOD,2022-05-02
8815,1964,Metal Workshop,WORKSHOP,1965,436,2,GOOD,2024-03-08
8816,1965,Arts Block,CLASSROOM,2014,364,1,GOOD,2022-08-16
8817,1965,Staff Block,ADMIN,2018,274,1,FAIR,2021-05-04
8818,1965,Junior Toilets,TOILET_BLOCK,1986,469,1,FAIR,2022-10-02
8819,1965,Learning Centre,LIBRARY,1975,532,2,FAIR,2023-10-14
8820,1965,Metal Workshop,WORKSHOP,1965,696,1,FAIR,2023-06-08
8821,1966,Science Block,CLASSROOM,1994,301,1,POOR,2022-06-21
8822,1966,Staff Block,ADMIN,2014,122,2,FAIR,2021-07-06
8823,1966,Senior Toilets,TOILET_BLOCK,1974,570,1,GOOD,2021-07-25
8824,1966,Metal Workshop,WORKSHOP,1960,697,1,GOOD,2024-11-13
8825,1966,Cricket Pavilion,SPORTS_PAVILION,1981,432,1,GOOD,2024-02-08
8826,1966,Main Gymnasium,GYM,1971,677,1,POOR,2022-11-23
8827,1967,Science Block,CLASSROOM,2001,169,1,FAIR,2023-06-11
8828,1967,Main Office,ADMIN,1999,746,1,POOR,2021-02-03
8829,1967,Senior Toilets,TOILET_BLOCK,1991,631,1,CRITICAL,2022-09-29
8830,1967,Maintenance Shed,STORAGE,1987,44,1,FAIR,2023-03-29
8831,1967,Learning Centre,LIBRARY,1955,453,1,FAIR,2022-01-08
8832,1968,Arts Block,CLASSROOM,2003,282,1,FAIR,2020-08-19
8833,1968,Staff Block,ADMIN,1993,262,2,FAIR,2023-06-29
8834,1968,Senior Toilets,TOILET_BLOCK,1951,524,1,POOR,2024-03-27
8835,1970,Block A,CLASSROOM,1973,519,1,POOR,2020-02-16
8836,1970,Main Office,ADMIN,1962,514,1,POOR,2022-09-03
8837,1970,Junior Toilets,TOILET_BLOCK,2018,53,1,GOOD,2021-05-04
8838,1970,Changing Rooms,SPORTS_PAVILION,1962,778,1,GOOD,2024-08-14
8839,1971,Block A,CLASSROOM,1968,226,1,GOOD,2024-05-19
8840,1971,Main Office,ADMIN,1988,340,1,FAIR,2022-02-12
8841,1971,Junior Toilets,TOILET_BLOCK,1958,211,1,GOOD,2020-05-09
8842,1971,Maintenance Shed,STORAGE,1969,29,1,FAIR,2020-01-02
8843,1971,Learning Centre,LIBRARY,1951,277,2,GOOD,2023-11-30
8844,1972,Science Block,CLASSROOM,1989,107,2,POOR,2023-12-30
8845,1972,Administration Building,ADMIN,1987,612,1,POOR,2023-11-27
8846,1972,Sports Amenities,TOILET_BLOCK,2020,215,1,FAIR,2023-08-19
8847,1972,Technology Workshop,WORKSHOP,1971,436,2,POOR,2024-08-30
8848,1974,Block C,CLASSROOM,1968,133,1,GOOD,2023-04-17
8849,1974,Staff Block,ADMIN,1979,109,1,FAIR,2023-01-09
8850,1974,Sports Amenities,TOILET_BLOCK,2007,517,1,GOOD,2020-06-23
8851,1974,Metal Workshop,WORKSHOP,2000,674,2,FAIR,2021-10-14
8852,1974,Grounds Shed,STORAGE,2005,97,1,GOOD,2024-05-08
8853,1975,Block D,CLASSROOM,2019,711,2,GOOD,2020-04-14
8854,1975,Staff Block,ADMIN,1985,239,1,FAIR,2024-01-29
8855,1975,Staff Facilities,TOILET_BLOCK,1985,764,1,POOR,2024-07-28
8856,1976,Block C,CLASSROOM,1960,225,2,FAIR,2024-10-19
8857,1976,Main Office,ADMIN,1987,357,2,GOOD,2021-10-02
8858,1976,Junior Toilets,TOILET_BLOCK,2012,198,1,GOOD,2022-05-08
8859,1976,Fitness Centre,GYM,2019,161,2,FAIR,2021-02-11
8860,1976,Food Technology,WORKSHOP,2015,315,1,GOOD,2020-08-12
8861,1976,Sports Store,STORAGE,2015,61,1,FAIR,2024-06-05
8862,1976,Cricket Pavilion,SPORTS_PAVILION,1988,700,1,FAIR,2020-01-14
8863,1978,Science Block,CLASSROOM,2006,73,2,FAIR,2023-07-04
8864,1978,Staff Block,ADMIN,1957,344,1,GOOD,2020-04-19
8865,1978,Sports Amenities,TOILET_BLOCK,1978,646,1,FAIR,2024-07-24
8866,1978,Changing Rooms,SPORTS_PAVILION,1971,500,1,POOR,2021-06-22
8867,1978,Technology Workshop,WORKSHOP,1981,237,2,POOR,2022-12-01
8868,1980,Technology Block,CLASSROOM,1991,782,2,GOOD,2023-10-04
8869,1980,Main Office,ADMIN,1966,83,1,FAIR,2022-11-04
8870,1980,Staff Facilities,TOILET_BLOCK,2010,100,1,FAIR,2023-06-07
8871,1982,Senior Block,CLASSROOM,1963,252,2,FAIR,2022-09-27
8872,1982,Administration Building,ADMIN,1965,773,2,FAIR,2022-01-15
8873,1982,Senior Toilets,TOILET_BLOCK,2010,721,1,POOR,2024-04-17
8874,1982,Learning Centre,LIBRARY,1972,112,1,GOOD,2022-03-04
8875,1982,Changing Rooms,SPORTS_PAVILION,1969,344,1,POOR,2023-03-04
8876,1983,Technology Block,CLASSROOM,1995,735,2,POOR,2023-09-25
8877,1983,Main Office,ADMIN,1993,484,1,GOOD,2021-05-13
8878,1983,Staff Facilities,TOILET_BLOCK,1987,693,1,GOOD,2020-01-14
8879,1983,Sports Hall,GYM,1961,59,1,GOOD,2021-07-15
8880,1983,Cricket Pavilion,SPORTS_PAVILION,1974,165,1,FAIR,2020-04-22
8881,1984,Technology Block,CLASSROOM,1969,603,1,POOR,2021-06-22
8882,1984,Staff Block,ADMIN,1998,428,1,GOOD,2022-09-14
8883,1984,Sports Amenities,TOILET_BLOCK,1960,707,1,GOOD,2022-09-09
8884,1984,Cricket Pavilion,SPORTS_PAVILION,1984,633,1,POOR,2023-12-01
8885,1984,Performing Arts Centre,HALL,2012,177,1,FAIR,2021-04-18
8886,1984,Sports Hall,GYM,1990,485,2,GOOD,2024-12-03
8887,1984,Metal Workshop,WORKSHOP,1955,663,1,FAIR,2020-12-11
8888,1985,Block D,CLASSROOM,2010,242,1,FAIR,2022-02-08
8889,1985,Main Office,ADMIN,1960,302,2,FAIR,2024-06-13
8890,1985,Junior Toilets,TOILET_BLOCK,2003,67,1,GOOD,2021-09-07
8891,1985,Technology Workshop,WORKSHOP,1968,532,2,GOOD,2024-08-20
8892,1986,Arts Block,CLASSROOM,1986,612,1,FAIR,2020-12-27
8893,1986,Administration Building,ADMIN,1959,214,2,FAIR,2024-09-27
8894,1986,Sports Amenities,TOILET_BLOCK,1970,731,1,GOOD,2024-08-31
8895,1986,School Library,LIBRARY,1960,179,2,FAIR,2024-04-19
8896,1986,Changing Rooms,SPORTS_PAVILION,1983,66,1,GOOD,2024-04-05
8897,1987,Technology Block,CLASSROOM,2021,627,1,POOR,2021-11-12
8898,1987,Staff Block,ADMIN,2017,480,2,FAIR,2020-07-12
8899,1987,Staff Facilities,TOILET_BLOCK,1950,279,1,GOOD,2020-06-04
8900,1987,Resource Centre,LIBRARY,1969,785,1,FAIR,2020-04-15
8901,1987,Main Gymnasium,GYM,2019,241,2,GOOD,2023-06-19
8902,1988,Arts Block,CLASSROOM,2008,110,2,POOR,2021-05-29
8903,1988,Main Office,ADMIN,2020,754,2,FAIR,2023-01-10
8904,1988,Senior Toilets,TOILET_BLOCK,1951,758,1,GOOD,2022-03-30
8905,1988,Equipment Store,STORAGE,2015,94,1,GOOD,2020-01-19
8906,1988,School Library,LIBRARY,2022,450,2,POOR,2021-10-21
8907,1988,Changing Rooms,SPORTS_PAVILION,1997,88,1,GOOD,2021-10-18
8908,1988,Food Technology,WORKSHOP,2014,721,1,GOOD,2021-09-22
8909,1988,School Hall,HALL,1967,207,2,GOOD,2023-07-31
8910,1989,Block C,CLASSROOM,1996,82,1,GOOD,2020-01-15
8911,1989,Administration Building,ADMIN,1956,517,1,POOR,2021-05-25
8912,1989,Staff Facilities,TOILET_BLOCK,1970,352,1,GOOD,2023-11-24
8913,1989,School Hall,HALL,1996,482,2,GOOD,2022-05-13
8914,1989,Metal Workshop,WORKSHOP,1956,145,2,POOR,2022-07-08
8915,1990,Block A,CLASSROOM,1958,169,1,GOOD,2024-06-13
8916,1990,Staff Block,ADMIN,2020,168,2,GOOD,2020-07-08
8917,1990,Senior Toilets,TOILET_BLOCK,1964,410,1,GOOD,2021-10-25
8918,1990,Sports Hall,GYM,1956,80,1,POOR,2021-08-18
8919,1990,Wood Workshop,WORKSHOP,1999,609,2,GOOD,2020-11-14
8920,1990,Sports Store,STORAGE,2021,25,1,FAIR,2020-06-03
8921,1990,Learning Centre,LIBRARY,1971,725,1,FAIR,2023-10-17
8922,1990,School Hall,HALL,1959,290,1,GOOD,2022-04-30
8923,1990,Sports Pavilion,SPORTS_PAVILION,1983,174,1,FAIR,2024-03-06
8924,1991,Block C,CLASSROOM,1995,730,2,GOOD,2024-02-08
8925,1991,Administration Building,ADMIN,2008,643,1,GOOD,2021-11-09
8926,1991,Sports Amenities,TOILET_BLOCK,1975,621,1,FAIR,2023-11-08
8927,1991,Changing Rooms,SPORTS_PAVILION,1981,106,1,FAIR,2022-03-22
8928,1991,Performing Arts Centre,HALL,1972,663,2,GOOD,2022-02-16
8929,1991,Resource Centre,LIBRARY,2015,392,1,POOR,2020-09-13
8930,1992,Block D,CLASSROOM,1959,72,1,POOR,2023-04-11
8931,1992,Administration Building,ADMIN,2005,510,1,FAIR,2021-12-27
8932,1992,Staff Facilities,TOILET_BLOCK,1985,567,1,FAIR,2024-04-27
8933,1992,Fitness Centre,GYM,1987,182,1,FAIR,2023-11-24
8934,1992,Cricket Pavilion,SPORTS_PAVILION,1994,487,1,FAIR,2021-05-03
8935,1992,Food Technology,WORKSHOP,1974,363,2,GOOD,2023-02-09
8936,1994,Senior Block,CLASSROOM,1974,158,1,GOOD,2022-04-22
8937,1994,Main Office,ADMIN,1982,92,2,GOOD,2020-08-28
8938,1994,Senior Toilets,TOILET_BLOCK,2001,240,1,GOOD,2020-12-02
8939,1994,Sports Pavilion,SPORTS_PAVILION,2006,611,1,POOR,2024-03-08
8940,1994,Grounds Shed,STORAGE,1995,25,1,FAIR,2023-06-20
8941,1994,School Hall,HALL,1961,604,2,POOR,2023-09-22
8942,1994,Learning Centre,LIBRARY,1952,499,2,CRITICAL,2023-10-18
8943,1995,Junior Block,CLASSROOM,1972,540,2,FAIR,2020-03-12
8944,1995,Administration Building,ADMIN,2005,316,2,POOR,2022-11-08
8945,1995,Junior Toilets,TOILET_BLOCK,2010,105,1,FAIR,2024-08-30
8946,1996,Block C,CLASSROOM,1957,775,2,POOR,2020-03-12
8947,1996,Staff Block,ADMIN,1951,541,1,GOOD,2020-09-25
8948,1996,Junior Toilets,TOILET_BLOCK,1999,620,1,GOOD,2021-08-09
8949,1996,Equipment Store,STORAGE,2011,62,1,GOOD,2020-02-06
8950,1998,Block C,CLASSROOM,1973,70,2,GOOD,2021-01-24
8951,1998,Staff Block,ADMIN,1986,659,1,FAIR,2022-12-03
8952,1998,Sports Amenities,TOILET_BLOCK,1994,420,1,FAIR,2024-08-06
8953,1999,Block A,CLASSROOM,1991,310,2,POOR,2024-11-08
8954,1999,Main Office,ADMIN,1994,392,1,POOR,2022-04-08
8955,1999,Staff Facilities,TOILET_BLOCK,1974,512,1,POOR,2024-08-09
8956,1999,Metal Workshop,WORKSHOP,1960,186,1,POOR,2021-12-09
8957,1999,Assembly Hall,HALL,1997,288,1,GOOD,2021-01-26
8958,1999,Learning Centre,LIBRARY,1984,178,2,FAIR,2020-07-20
8959,1999,Equipment Store,STORAGE,1959,61,1,GOOD,2022-08-25
8960,2001,Junior Block,CLASSROOM,1987,381,1,POOR,2023-12-01
8961,2001,Staff Block,ADMIN,2022,533,2,FAIR,2022-11-10
8962,2001,Senior Toilets,TOILET_BLOCK,1954,56,1,FAIR,2024-07-11
8963,2001,Fitness Centre,GYM,1988,694,1,FAIR,2024-04-30
8964,2001,School Library,LIBRARY,2002,60,2,FAIR,2024-07-13
8965,2001,Technology Workshop,WORKSHOP,1952,481,2,FAIR,2021-06-21
8966,2001,Performing Arts Centre,HALL,2018,698,2,GOOD,2023-03-25
8967,2001,Sports Pavilion,SPORTS_PAVILION,1953,473,1,FAIR,2024-07-19
8968,2001,Equipment Store,STORAGE,2019,62,1,POOR,2020-07-04
8969,2001,Block A,CLASSROOM,2003,595,1,POOR,2024-05-03
8970,2001,Block D,CLASSROOM,2018,148,2,FAIR,2021-09-14
8971,2002,Technology Block,CLASSROOM,1975,133,2,FAIR,2021-05-25
8972,2002,Main Office,ADMIN,1952,735,2,GOOD,2023-05-18
8973,2002,Sports Amenities,TOILET_BLOCK,2004,525,1,FAIR,2021-03-11
8974,2002,Cricket Pavilion,SPORTS_PAVILION,1978,593,1,GOOD,2022-02-17
8975,2002,Sports Hall,GYM,1960,119,2,GOOD,2020-06-21
8976,2002,School Hall,HALL,1965,660,1,GOOD,2023-03-21
8977,2002,Resource Centre,LIBRARY,1961,465,1,GOOD,2023-01-24
8978,2002,Sports Store,STORAGE,1954,58,1,GOOD,2024-10-08
8979,2002,Technology Workshop,WORKSHOP,2010,207,2,FAIR,2021-07-08
8980,2002,Science Block,CLASSROOM,1968,623,1,FAIR,2024-04-29
8981,2005,Block A,CLASSROOM,1994,332,1,GOOD,2023-01-03
8982,2005,Staff Block,ADMIN,2013,735,2,GOOD,2024-04-12
8983,2005,Junior Toilets,TOILET_BLOCK,1971,404,1,GOOD,2023-03-13
8984,2005,School Library,LIBRARY,1977,725,1,GOOD,2020-03-22
8985,2005,Technology Workshop,WORKSHOP,1980,177,1,POOR,2022-01-10
8986,2007,Block D,CLASSROOM,1978,595,2,GOOD,2023-03-25
8987,2007,Main Office,ADMIN,1953,564,1,FAIR,2022-01-10
8988,2007,Junior Toilets,TOILET_BLOCK,2003,268,1,FAIR,2023-09-18
8989,2007,Performing Arts Centre,HALL,1963,151,2,POOR,2022-02-18
8990,2007,School Library,LIBRARY,2005,721,1,FAIR,2024-08-21
8991,2007,Grounds Shed,STORAGE,1958,98,1,GOOD,2023-03-22
8992,2007,Fitness Centre,GYM,1972,565,1,FAIR,2021-08-28
8993,2007,Sports Pavilion,SPORTS_PAVILION,1962,388,1,GOOD,2024-01-03
8994,2008,Block A,CLASSROOM,1977,411,1,POOR,2022-10-24
8995,2008,Main Office,ADMIN,1957,649,2,GOOD,2022-02-11
8996,2008,Staff Facilities,TOILET_BLOCK,1971,80,1,FAIR,2021-02-24
8997,2008,Main Gymnasium,GYM,2007,248,1,FAIR,2020-03-21
8998,2008,Cricket Pavilion,SPORTS_PAVILION,1961,343,1,FAIR,2020-05-27
8999,2008,Assembly Hall,HALL,1957,99,2,FAIR,2023-08-07
9000,2009,Technology Block,CLASSROOM,2000,787,1,POOR,2023-04-25
9001,2009,Staff Block,ADMIN,1984,342,2,GOOD,2022-04-23
9002,2009,Junior Toilets,TOILET_BLOCK,2007,688,1,FAIR,2020-02-22
9003,2009,Assembly Hall,HALL,1972,771,2,CRITICAL,2023-05-11
9004,2010,Arts Block,CLASSROOM,1982,454,2,FAIR,2023-10-30
9005,2010,Administration Building,ADMIN,1982,487,2,POOR,2023-07-27
9006,2010,Junior Toilets,TOILET_BLOCK,2002,177,1,GOOD,2022-12-21
9007,2011,Block D,CLASSROOM,1996,171,2,POOR,2023-02-21
9008,2011,Main Office,ADMIN,2010,179,2,FAIR,2021-02-08
9009,2011,Staff Facilities,TOILET_BLOCK,1972,546,1,GOOD,2020-11-20
9010,2011,Sports Hall,GYM,1980,669,1,CRITICAL,2023-01-13
9011,2012,Science Block,CLASSROOM,1958,410,2,FAIR,2024-07-24
9012,2012,Administration Building,ADMIN,1964,499,1,CRITICAL,2020-12-02
9013,2012,Sports Amenities,TOILET_BLOCK,1952,412,1,FAIR,2022-05-20
9014,2012,Learning Centre,LIBRARY,1958,622,2,GOOD,2022-05-04
9015,2012,Performing Arts Centre,HALL,1973,552,2,GOOD,2022-02-21
9016,2013,Block C,CLASSROOM,1960,716,2,FAIR,2023-07-12
9017,2013,Administration Building,ADMIN,1959,376,1,CRITICAL,2020-08-19
9018,2013,Staff Facilities,TOILET_BLOCK,1961,493,1,GOOD,2022-04-09
9019,2013,Cricket Pavilion,SPORTS_PAVILION,1985,416,1,FAIR,2020-12-27
9020,2013,Fitness Centre,GYM,2011,393,2,GOOD,2021-05-09
9021,2014,Block E,CLASSROOM,1972,662,2,FAIR,2022-08-14
9022,2014,Staff Block,ADMIN,2002,761,2,FAIR,2020-05-15
9023,2014,Junior Toilets,TOILET_BLOCK,1956,153,1,GOOD,2020-05-09
9024,2014,Resource Centre,LIBRARY,1957,392,2,FAIR,2024-02-21
9025,2014,Sports Hall,GYM,1994,481,2,POOR,2023-11-07
9026,2015,Block B,CLASSROOM,2021,658,2,CRITICAL,2024-07-01
9027,2015,Staff Block,ADMIN,1968,380,1,GOOD,2023-10-05
9028,2015,Sports Amenities,TOILET_BLOCK,1980,523,1,POOR,2022-03-04
9029,2015,Food Technology,WORKSHOP,1952,219,1,POOR,2021-10-17
9030,2015,School Library,LIBRARY,1968,663,2,FAIR,2022-12-26
9031,2015,Sports Hall,GYM,2010,791,2,FAIR,2020-07-05
9032,2015,School Hall,HALL,2020,385,1,FAIR,2022-04-05
9033,2015,Changing Rooms,SPORTS_PAVILION,1972,230,1,GOOD,2024-04-05
9034,2016,Block C,CLASSROOM,1959,791,1,POOR,2024-07-03
9035,2016,Administration Building,ADMIN,1983,409,1,FAIR,2020-08-17
9036,2016,Staff Facilities,TOILET_BLOCK,1973,545,1,CRITICAL,2020-08-31
9037,2016,Main Gymnasium,GYM,2006,258,2,FAIR,2024-09-12
9038,2016,Metal Workshop,WORKSHOP,2013,273,2,POOR,2022-06-18
9039,2017,Senior Block,CLASSROOM,1995,235,2,GOOD,2022-02-22
9040,2017,Main Office,ADMIN,1979,745,2,GOOD,2023-04-03
9041,2017,Staff Facilities,TOILET_BLOCK,1968,295,1,GOOD,2021-12-21
9042,2017,Sports Store,STORAGE,2011,67,1,POOR,2021-02-20
9043,2017,Resource Centre,LIBRARY,2003,662,2,FAIR,2020-10-05
9044,2017,Assembly Hall,HALL,1976,396,2,FAIR,2022-06-15
9045,2017,Technology Workshop,WORKSHOP,2000,450,1,GOOD,2023-09-01
9046,2019,Senior Block,CLASSROOM,2022,680,1,FAIR,2020-04-27
9047,2019,Main Office,ADMIN,2014,183,1,GOOD,2021-02-22
9048,2019,Staff Facilities,TOILET_BLOCK,1972,488,1,POOR,2024-10-22
9049,2020,Arts Block,CLASSROOM,1962,108,1,POOR,2020-05-16
9050,2020,Administration Building,ADMIN,1957,455,1,POOR,2021-08-24
9051,2020,Sports Amenities,TOILET_BLOCK,1974,224,1,GOOD,2020-09-14
9052,2020,Sports Store,STORAGE,1993,58,1,GOOD,2023-09-25
9053,2020,Technology Workshop,WORKSHOP,1970,652,1,POOR,2021-09-12
9054,2020,Changing Rooms,SPORTS_PAVILION,1963,263,1,FAIR,2022-12-14
9055,2020,Performing Arts Centre,HALL,1973,324,2,GOOD,2021-11-30
9056,2020,Resource Centre,LIBRARY,1988,607,2,FAIR,2021-05-31
9057,2020,Sports Hall,GYM,2015,186,1,GOOD,2022-11-23
9058,2020,Science Block,CLASSROOM,2011,50,2,GOOD,2023-05-20
9059,2020,Science Block,CLASSROOM,2000,204,1,GOOD,2022-07-09
9060,2021,Block D,CLASSROOM,1989,577,1,GOOD,2022-06-11
9061,2021,Administration Building,ADMIN,1997,416,2,GOOD,2024-11-29
9062,2021,Sports Amenities,TOILET_BLOCK,1980,515,1,GOOD,2021-03-03
9063,2021,Fitness Centre,GYM,1991,381,1,FAIR,2023-11-29
9064,2021,Wood Workshop,WORKSHOP,1950,300,1,GOOD,2021-03-16
9065,2023,Arts Block,CLASSROOM,1963,666,1,FAIR,2023-12-13
9066,2023,Staff Block,ADMIN,1956,647,2,GOOD,2023-07-25
9067,2023,Junior Toilets,TOILET_BLOCK,1992,241,1,POOR,2024-02-23
9068,2023,Performing Arts Centre,HALL,1996,107,2,POOR,2024-07-12
9069,2024,Senior Block,CLASSROOM,1968,145,1,GOOD,2021-07-30
9070,2024,Main Office,ADMIN,1996,398,2,GOOD,2020-09-23
9071,2024,Senior Toilets,TOILET_BLOCK,1964,438,1,POOR,2021-06-14
9072,2025,Technology Block,CLASSROOM,2002,287,2,FAIR,2021-09-24
9073,2025,Main Office,ADMIN,1975,598,2,POOR,2024-03-29
9074,2025,Staff Facilities,TOILET_BLOCK,1950,646,1,GOOD,2020-08-24
9075,2027,Junior Block,CLASSROOM,2002,451,1,FAIR,2021-09-03
9076,2027,Main Office,ADMIN,2000,442,1,GOOD,2020-04-17
9077,2027,Senior Toilets,TOILET_BLOCK,1951,606,1,GOOD,2024-06-26
9078,2027,Main Gymnasium,GYM,1956,335,1,FAIR,2020-03-16
9079,2028,Arts Block,CLASSROOM,2020,266,2,POOR,2020-03-24
9080,2028,Administration Building,ADMIN,1972,357,1,POOR,2022-08-27
9081,2028,Staff Facilities,TOILET_BLOCK,2003,350,1,CRITICAL,2021-11-24
9082,2028,Cricket Pavilion,SPORTS_PAVILION,1951,66,1,GOOD,2023-08-25
9083,2031,Science Block,CLASSROOM,1979,661,2,CRITICAL,2024-08-29
9084,2031,Staff Block,ADMIN,1985,744,2,GOOD,2022-01-05
9085,2031,Sports Amenities,TOILET_BLOCK,1961,52,1,GOOD,2022-06-20
9086,2032,Technology Block,CLASSROOM,2018,525,1,FAIR,2020-08-19
9087,2032,Administration Building,ADMIN,2014,445,2,GOOD,2023-04-29
9088,2032,Staff Facilities,TOILET_BLOCK,1955,271,1,FAIR,2022-12-04
9089,2032,Fitness Centre,GYM,1972,92,1,GOOD,2024-04-07
9090,2033,Senior Block,CLASSROOM,2014,508,1,FAIR,2024-10-28
9091,2033,Staff Block,ADMIN,1995,652,1,FAIR,2020-05-26
9092,2033,Senior Toilets,TOILET_BLOCK,1995,164,1,GOOD,2020-12-21
9093,2035,Science Block,CLASSROOM,1982,285,1,FAIR,2022-08-09
9094,2035,Main Office,ADMIN,1971,110,1,GOOD,2021-05-31
9095,2035,Junior Toilets,TOILET_BLOCK,1991,144,1,GOOD,2021-12-27
9096,2035,Changing Rooms,SPORTS_PAVILION,1996,735,1,FAIR,2023-08-04
9097,2037,Arts Block,CLASSROOM,1995,192,2,FAIR,2021-07-07
9098,2037,Main Office,ADMIN,2007,547,2,GOOD,2020-06-19
9099,2037,Sports Amenities,TOILET_BLOCK,2006,127,1,POOR,2023-06-13
9100,2037,School Library,LIBRARY,1960,752,1,POOR,2024-04-13
9101,2037,Main Gymnasium,GYM,1994,470,1,FAIR,2023-03-22
9102,2038,Block A,CLASSROOM,1968,82,1,POOR,2023-02-09
9103,2038,Main Office,ADMIN,1961,450,2,GOOD,2021-01-10
9104,2038,Senior Toilets,TOILET_BLOCK,1987,176,1,FAIR,2020-12-15
9105,2038,Fitness Centre,GYM,1982,515,2,GOOD,2023-10-28
9106,2038,Grounds Shed,STORAGE,2020,93,1,POOR,2021-03-08
9107,2040,Block B,CLASSROOM,1951,356,2,GOOD,2022-11-23
9108,2040,Staff Block,ADMIN,1963,387,2,GOOD,2020-12-08
9109,2040,Sports Amenities,TOILET_BLOCK,2019,105,1,CRITICAL,2020-07-29
9110,2040,Sports Store,STORAGE,1971,98,1,POOR,2020-04-28
9111,2043,Science Block,CLASSROOM,1966,375,1,FAIR,2020-11-15
9112,2043,Administration Building,ADMIN,2011,585,1,FAIR,2024-03-27
9113,2043,Senior Toilets,TOILET_BLOCK,1998,160,1,POOR,2024-05-30
9114,2044,Block E,CLASSROOM,1971,752,2,GOOD,2020-09-13
9115,2044,Main Office,ADMIN,1987,764,2,GOOD,2022-03-26
9116,2044,Staff Facilities,TOILET_BLOCK,1960,54,1,GOOD,2024-06-09
9117,2044,Sports Hall,GYM,1964,552,2,FAIR,2024-02-03
9118,2045,Block E,CLASSROOM,1980,634,2,GOOD,2023-02-08
9119,2045,Staff Block,ADMIN,2011,226,1,FAIR,2022-06-12
9120,2045,Sports Amenities,TOILET_BLOCK,1989,668,1,FAIR,2020-03-11
9121,2045,Sports Pavilion,SPORTS_PAVILION,2020,544,1,GOOD,2022-01-01
9122,2045,School Hall,HALL,1951,162,1,GOOD,2024-05-28
9123,2045,Maintenance Shed,STORAGE,1991,96,1,POOR,2022-06-12
9124,2046,Block E,CLASSROOM,1993,286,2,FAIR,2020-08-20
9125,2046,Staff Block,ADMIN,1963,483,1,POOR,2021-09-02
9126,2046,Sports Amenities,TOILET_BLOCK,1978,744,1,GOOD,2021-04-22
9127,2046,Maintenance Shed,STORAGE,1985,51,1,GOOD,2020-11-26
9128,2047,Junior Block,CLASSROOM,1975,374,2,GOOD,2023-11-14
9129,2047,Main Office,ADMIN,2017,458,1,FAIR,2024-08-12
9130,2047,Sports Amenities,TOILET_BLOCK,2000,464,1,POOR,2022-05-07
9131,2047,Resource Centre,LIBRARY,2003,60,1,FAIR,2023-04-23
9132,2048,Arts Block,CLASSROOM,2011,755,2,GOOD,2023-05-17
9133,2048,Staff Block,ADMIN,1978,251,1,GOOD,2024-01-04
9134,2048,Sports Amenities,TOILET_BLOCK,1958,439,1,FAIR,2024-09-17
9135,2048,School Library,LIBRARY,1973,739,2,GOOD,2021-05-24
9136,2048,Performing Arts Centre,HALL,1974,304,1,FAIR,2023-12-27
9137,2048,Sports Pavilion,SPORTS_PAVILION,1951,498,1,GOOD,2021-08-17
9138,2048,Fitness Centre,GYM,1975,585,1,GOOD,2024-05-07
9139,2049,Block C,CLASSROOM,2016,679,1,FAIR,2021-11-13
9140,2049,Staff Block,ADMIN,2003,568,2,GOOD,2021-03-28
9141,2049,Sports Amenities,TOILET_BLOCK,1961,269,1,POOR,2024-07-08
9142,2049,Metal Workshop,WORKSHOP,1957,225,2,POOR,2021-09-10
9143,2049,Sports Pavilion,SPORTS_PAVILION,1994,97,1,GOOD,2020-09-03
9144,2049,Assembly Hall,HALL,2000,67,1,GOOD,2021-02-13
9145,2049,Sports Store,STORAGE,1951,45,1,GOOD,2023-03-19
9146,2050,Junior Block,CLASSROOM,1952,501,1,FAIR,2020-04-15
9147,2050,Administration Building,ADMIN,1976,608,1,GOOD,2020-04-26
9148,2050,Senior Toilets,TOILET_BLOCK,1969,532,1,GOOD,2023-03-18
9149,2050,Resource Centre,LIBRARY,2012,795,1,FAIR,2021-10-10
9150,2052,Block D,CLASSROOM,1962,567,1,CRITICAL,2021-05-21
9151,2052,Administration Building,ADMIN,2001,481,1,GOOD,2022-12-14
9152,2052,Sports Amenities,TOILET_BLOCK,1989,654,1,GOOD,2024-07-09
9153,2052,Technology Workshop,WORKSHOP,1963,309,1,POOR,2021-09-24
9154,2054,Junior Block,CLASSROOM,1971,644,1,GOOD,2024-10-26
9155,2054,Main Office,ADMIN,2009,682,1,GOOD,2021-03-28
9156,2054,Senior Toilets,TOILET_BLOCK,1970,349,1,POOR,2022-11-12
9157,2054,Learning Centre,LIBRARY,2001,510,1,GOOD,2020-02-29
9158,2055,Science Block,CLASSROOM,2011,396,1,GOOD,2024-10-31
9159,2055,Administration Building,ADMIN,2022,781,2,GOOD,2020-01-11
9160,2055,Senior Toilets,TOILET_BLOCK,1999,348,1,GOOD,2024-08-15
9161,2055,Cricket Pavilion,SPORTS_PAVILION,2006,481,1,FAIR,2021-08-20
9162,2057,Block A,CLASSROOM,1990,698,1,CRITICAL,2023-06-27
9163,2057,Main Office,ADMIN,1986,220,2,FAIR,2021-04-24
9164,2057,Staff Facilities,TOILET_BLOCK,2021,120,1,POOR,2023-06-11
9165,2058,Senior Block,CLASSROOM,1968,538,1,FAIR,2023-10-26
9166,2058,Administration Building,ADMIN,1995,573,2,FAIR,2021-02-24
9167,2058,Senior Toilets,TOILET_BLOCK,1959,632,1,POOR,2023-02-19
9168,2058,Learning Centre,LIBRARY,1986,159,2,POOR,2021-11-03
9169,2060,Block C,CLASSROOM,2018,772,1,POOR,2024-03-05
9170,2060,Staff Block,ADMIN,1975,428,2,FAIR,2024-09-06
9171,2060,Sports Amenities,TOILET_BLOCK,1977,502,1,GOOD,2023-12-29
9172,2060,Cricket Pavilion,SPORTS_PAVILION,1965,126,1,FAIR,2021-01-18
9173,2060,Equipment Store,STORAGE,2001,95,1,POOR,2024-02-16
9174,2061,Block B,CLASSROOM,2016,117,1,FAIR,2024-05-08
9175,2061,Administration Building,ADMIN,2007,143,2,GOOD,2021-02-11
9176,2061,Junior Toilets,TOILET_BLOCK,2020,433,1,POOR,2022-04-19
9177,2061,Maintenance Shed,STORAGE,1984,29,1,GOOD,2023-06-13
9178,2061,Sports Pavilion,SPORTS_PAVILION,2019,216,1,FAIR,2020-03-03
9179,2062,Block C,CLASSROOM,2007,630,2,GOOD,2021-07-11
9180,2062,Main Office,ADMIN,1975,152,1,GOOD,2021-11-08
9181,2062,Sports Amenities,TOILET_BLOCK,2006,149,1,FAIR,2024-09-11
9182,2062,Changing Rooms,SPORTS_PAVILION,2009,351,1,GOOD,2022-07-13
9183,2063,Science Block,CLASSROOM,1968,274,1,POOR,2022-04-07
9184,2063,Main Office,ADMIN,1977,645,1,GOOD,2024-02-29
9185,2063,Staff Facilities,TOILET_BLOCK,1963,211,1,FAIR,2022-05-17
9186,2064,Block D,CLASSROOM,2007,53,1,GOOD,2021-11-21
9187,2064,Main Office,ADMIN,1995,293,2,POOR,2024-11-11
9188,2064,Senior Toilets,TOILET_BLOCK,2014,476,1,FAIR,2020-09-01
9189,2064,Metal Workshop,WORKSHOP,1994,760,1,POOR,2021-06-02
9190,2064,Resource Centre,LIBRARY,2006,735,2,GOOD,2024-08-18
9191,2064,Cricket Pavilion,SPORTS_PAVILION,2014,268,1,FAIR,2024-08-28
9192,2065,Block A,CLASSROOM,1983,53,1,CRITICAL,2024-07-14
9193,2065,Staff Block,ADMIN,2017,355,1,FAIR,2022-02-17
9194,2065,Senior Toilets,TOILET_BLOCK,1964,422,1,FAIR,2022-07-20
9195,2065,Maintenance Shed,STORAGE,2012,83,1,POOR,2020-05-18
9196,2065,Main Gymnasium,GYM,1975,358,1,FAIR,2022-12-12
9197,2066,Junior Block,CLASSROOM,1982,717,1,FAIR,2023-09-11
9198,2066,Staff Block,ADMIN,1963,60,2,FAIR,2022-07-27
9199,2066,Staff Facilities,TOILET_BLOCK,1950,481,1,GOOD,2021-12-11
9200,2066,Sports Hall,GYM,1974,393,1,GOOD,2022-06-19
9201,2066,School Hall,HALL,2015,580,1,FAIR,2020-03-03
9202,2066,Learning Centre,LIBRARY,1959,589,1,GOOD,2021-11-11
9203,2066,Cricket Pavilion,SPORTS_PAVILION,1965,685,1,GOOD,2020-10-24
9204,2066,Metal Workshop,WORKSHOP,1994,367,2,GOOD,2020-01-14
9205,2068,Arts Block,CLASSROOM,2007,474,1,GOOD,2022-11-28
9206,2068,Main Office,ADMIN,1987,254,1,CRITICAL,2024-01-20
9207,2068,Junior Toilets,TOILET_BLOCK,1993,394,1,POOR,2021-08-11
9208,2068,Sports Store,STORAGE,2014,65,1,POOR,2020-02-22
9209,2068,Sports Hall,GYM,1985,51,1,GOOD,2024-07-24
9210,2069,Technology Block,CLASSROOM,1951,76,1,POOR,2023-02-14
9211,2069,Administration Building,ADMIN,2013,247,2,GOOD,2021-05-17
9212,2069,Sports Amenities,TOILET_BLOCK,1956,766,1,FAIR,2024-06-22
9213,2069,Sports Pavilion,SPORTS_PAVILION,1972,295,1,GOOD,2021-03-04
9214,2069,Metal Workshop,WORKSHOP,1976,364,1,POOR,2023-04-15
9215,2071,Arts Block,CLASSROOM,1979,282,2,GOOD,2020-12-27
9216,2071,Staff Block,ADMIN,1984,594,1,POOR,2020-03-04
9217,2071,Sports Amenities,TOILET_BLOCK,1976,569,1,FAIR,2020-06-21
9218,2073,Science Block,CLASSROOM,2020,103,2,POOR,2021-09-29
9219,2073,Administration Building,ADMIN,1998,187,2,FAIR,2023-10-10
9220,2073,Staff Facilities,TOILET_BLOCK,1975,539,1,GOOD,2023-01-09
9221,2074,Junior Block,CLASSROOM,1987,597,1,FAIR,2023-08-29
9222,2074,Staff Block,ADMIN,1992,561,1,POOR,2024-04-20
9223,2074,Sports Amenities,TOILET_BLOCK,1972,684,1,POOR,2020-01-11
9224,2074,Fitness Centre,GYM,1965,201,2,FAIR,2022-07-13
9225,2075,Block B,CLASSROOM,1973,720,1,GOOD,2024-01-24
9226,2075,Administration Building,ADMIN,1977,353,1,GOOD,2020-07-29
9227,2075,Sports Amenities,TOILET_BLOCK,1982,55,1,FAIR,2022-12-18
9228,2075,School Hall,HALL,1956,597,2,GOOD,2021-01-20
9229,2075,Wood Workshop,WORKSHOP,1996,716,1,FAIR,2024-05-11
9230,2076,Block D,CLASSROOM,1975,735,1,FAIR,2024-07-31
9231,2076,Staff Block,ADMIN,2018,255,1,GOOD,2022-07-20
9232,2076,Staff Facilities,TOILET_BLOCK,1986,540,1,FAIR,2024-07-30
9233,2076,Main Gymnasium,GYM,1983,518,2,POOR,2020-11-21
9234,2076,Wood Workshop,WORKSHOP,2016,792,1,POOR,2021-06-13
9235,2076,School Library,LIBRARY,1961,425,1,GOOD,2024-07-30
9236,2076,Maintenance Shed,STORAGE,1956,77,1,GOOD,2024-09-21
9237,2077,Block A,CLASSROOM,1998,191,2,FAIR,2024-01-31
9238,2077,Main Office,ADMIN,1978,581,2,GOOD,2023-10-27
9239,2077,Senior Toilets,TOILET_BLOCK,1967,795,1,POOR,2022-01-29
9240,2077,Sports Pavilion,SPORTS_PAVILION,2019,445,1,POOR,2023-12-19
9241,2077,Learning Centre,LIBRARY,1975,304,2,GOOD,2022-01-22
9242,2078,Arts Block,CLASSROOM,1969,320,1,POOR,2023-09-23
9243,2078,Main Office,ADMIN,2016,155,1,POOR,2021-01-29
9244,2078,Senior Toilets,TOILET_BLOCK,1956,758,1,GOOD,2021-02-27
9245,2078,Wood Workshop,WORKSHOP,1985,432,1,GOOD,2024-04-28
9246,2078,School Hall,HALL,1956,145,2,GOOD,2024-11-23
9247,2078,Cricket Pavilion,SPORTS_PAVILION,2000,128,1,POOR,2024-06-30
9248,2078,Learning Centre,LIBRARY,2020,569,1,POOR,2024-06-04
9249,2079,Junior Block,CLASSROOM,1999,492,2,GOOD,2021-04-18
9250,2079,Staff Block,ADMIN,1986,301,2,FAIR,2022-02-10
9251,2079,Staff Facilities,TOILET_BLOCK,2016,326,1,GOOD,2020-11-02
9252,2079,School Library,LIBRARY,1986,94,2,FAIR,2022-09-08
9253,2079,School Hall,HALL,1984,751,2,GOOD,2023-04-05
9254,2080,Block B,CLASSROOM,1984,302,1,FAIR,2020-05-31
9255,2080,Staff Block,ADMIN,1981,610,1,GOOD,2022-10-02
9256,2080,Staff Facilities,TOILET_BLOCK,1974,786,1,FAIR,2024-11-28
9257,2080,Fitness Centre,GYM,1970,681,2,GOOD,2022-03-08
9258,2080,Learning Centre,LIBRARY,1988,221,1,FAIR,2024-05-31
9259,2081,Block C,CLASSROOM,1979,437,2,GOOD,2024-08-28
9260,2081,Administration Building,ADMIN,1953,688,1,GOOD,2024-03-21
9261,2081,Sports Amenities,TOILET_BLOCK,1964,439,1,GOOD,2023-07-22
9262,2081,Performing Arts Centre,HALL,1995,734,2,FAIR,2023-04-21
9263,2082,Block E,CLASSROOM,2022,137,2,GOOD,2020-11-24
9264,2082,Main Office,ADMIN,1962,440,2,GOOD,2023-09-06
9265,2082,Senior Toilets,TOILET_BLOCK,1963,708,1,GOOD,2021-07-10
9266,2082,School Hall,HALL,1971,750,2,GOOD,2020-05-08
9267,2082,Technology Workshop,WORKSHOP,1952,134,2,FAIR,2020-09-13
9268,2082,Fitness Centre,GYM,2022,568,1,POOR,2022-12-19
9269,2082,Learning Centre,LIBRARY,1959,122,2,FAIR,2021-08-22
9270,2082,Changing Rooms,SPORTS_PAVILION,1969,528,1,GOOD,2024-02-06
9271,2082,Maintenance Shed,STORAGE,2007,70,1,POOR,2022-10-11
9272,2082,Technology Block,CLASSROOM,2005,456,2,GOOD,2024-09-18
9273,2083,Block A,CLASSROOM,1965,182,2,GOOD,2021-12-04
9274,2083,Staff Block,ADMIN,1999,758,2,FAIR,2023-10-16
9275,2083,Sports Amenities,TOILET_BLOCK,2021,139,1,POOR,2023-10-20
9276,2083,Learning Centre,LIBRARY,1964,371,2,GOOD,2020-12-03
9277,2083,Main Gymnasium,GYM,1993,62,2,GOOD,2023-06-23
9278,2084,Block E,CLASSROOM,2006,536,1,GOOD,2021-07-02
9279,2084,Staff Block,ADMIN,2013,407,2,POOR,2020-01-02
9280,2084,Staff Facilities,TOILET_BLOCK,2019,258,1,GOOD,2024-03-12
9281,2085,Block E,CLASSROOM,1987,697,1,POOR,2022-11-14
9282,2085,Staff Block,ADMIN,1976,697,1,GOOD,2021-01-04
9283,2085,Senior Toilets,TOILET_BLOCK,1979,184,1,GOOD,2024-06-28
9284,2085,Main Gymnasium,GYM,1997,417,1,GOOD,2021-03-21
9285,2085,Performing Arts Centre,HALL,1982,775,1,GOOD,2023-08-12
9286,2085,Changing Rooms,SPORTS_PAVILION,1961,406,1,POOR,2021-01-27
9287,2085,Technology Workshop,WORKSHOP,1974,396,1,FAIR,2020-06-10
9288,2085,Grounds Shed,STORAGE,2010,43,1,FAIR,2024-05-25
9289,2085,Resource Centre,LIBRARY,1970,541,2,FAIR,2023-03-20
9290,2085,Block E,CLASSROOM,1977,406,1,GOOD,2022-06-06
9291,2086,Junior Block,CLASSROOM,1950,93,1,FAIR,2022-10-23
9292,2086,Administration Building,ADMIN,1980,390,1,FAIR,2021-01-01
9293,2086,Senior Toilets,TOILET_BLOCK,2001,125,1,GOOD,2022-06-25
9294,2087,Senior Block,CLASSROOM,1978,525,1,GOOD,2023-12-08
9295,2087,Main Office,ADMIN,1990,101,1,FAIR,2024-11-24
9296,2087,Senior Toilets,TOILET_BLOCK,1996,52,1,POOR,2020-11-25
9297,2087,Sports Pavilion,SPORTS_PAVILION,1991,479,1,FAIR,2022-01-15
9298,2087,School Hall,HALL,1972,258,2,GOOD,2021-04-16
9299,2088,Block E,CLASSROOM,1952,707,2,FAIR,2020-05-08
9300,2088,Main Office,ADMIN,1976,298,1,FAIR,2020-04-22
9301,2088,Staff Facilities,TOILET_BLOCK,1965,512,1,GOOD,2020-09-17
9302,2088,Metal Workshop,WORKSHOP,1955,237,1,GOOD,2023-02-12
9303,2088,Changing Rooms,SPORTS_PAVILION,1980,520,1,CRITICAL,2024-10-27
9304,2090,Block C,CLASSROOM,1992,568,1,GOOD,2024-08-17
9305,2090,Staff Block,ADMIN,1952,295,2,FAIR,2021-12-19
9306,2090,Staff Facilities,TOILET_BLOCK,2014,334,1,GOOD,2023-12-09
9307,2090,Main Gymnasium,GYM,2002,501,2,FAIR,2020-02-12
9308,2090,Assembly Hall,HALL,1993,454,2,GOOD,2024-02-18
9309,2091,Senior Block,CLASSROOM,1974,129,2,FAIR,2021-05-14
9310,2091,Main Office,ADMIN,1965,269,1,FAIR,2020-03-02
9311,2091,Junior Toilets,TOILET_BLOCK,1970,432,1,CRITICAL,2021-02-20
9312,2091,School Hall,HALL,1979,255,2,FAIR,2021-03-31
9313,2091,Sports Pavilion,SPORTS_PAVILION,1983,365,1,FAIR,2024-03-31
9314,2092,Senior Block,CLASSROOM,1989,689,1,FAIR,2023-01-07
9315,2092,Administration Building,ADMIN,2022,436,2,POOR,2022-09-10
9316,2092,Junior Toilets,TOILET_BLOCK,1968,623,1,FAIR,2024-06-16
9317,2092,Metal Workshop,WORKSHOP,2003,424,2,POOR,2020-09-06
9318,2092,Learning Centre,LIBRARY,1963,58,2,POOR,2021-12-03
9319,2093,Technology Block,CLASSROOM,2022,299,1,GOOD,2024-03-23
9320,2093,Administration Building,ADMIN,1951,78,2,POOR,2024-03-03
9321,2093,Senior Toilets,TOILET_BLOCK,1971,180,1,FAIR,2023-09-22
9322,2093,Performing Arts Centre,HALL,2019,541,2,GOOD,2021-10-02
9323,2093,Fitness Centre,GYM,1990,215,1,POOR,2021-01-30
9324,2094,Science Block,CLASSROOM,1982,227,2,POOR,2024-08-14
9325,2094,Main Office,ADMIN,2006,232,1,POOR,2020-09-20
9326,2094,Senior Toilets,TOILET_BLOCK,1990,115,1,FAIR,2020-11-26
9327,2094,Learning Centre,LIBRARY,1959,581,1,POOR,2023-02-26
9328,2094,Sports Hall,GYM,2003,236,2,CRITICAL,2024-05-05
9329,2094,Cricket Pavilion,SPORTS_PAVILION,2014,75,1,CRITICAL,2023-09-07
9330,2094,Sports Store,STORAGE,1964,45,1,GOOD,2024-04-28
9331,2094,Metal Workshop,WORKSHOP,1952,142,1,GOOD,2020-02-06
9332,2095,Block B,CLASSROOM,1962,684,1,GOOD,2023-09-21
9333,2095,Staff Block,ADMIN,2003,113,1,GOOD,2024-10-10
9334,2095,Staff Facilities,TOILET_BLOCK,2021,731,1,GOOD,2024-06-02
9335,2095,Grounds Shed,STORAGE,1968,66,1,FAIR,2021-04-21
9336,2095,Changing Rooms,SPORTS_PAVILION,1957,401,1,POOR,2024-01-16
9337,2096,Block E,CLASSROOM,1970,182,1,POOR,2021-08-03
9338,2096,Staff Block,ADMIN,1989,388,1,CRITICAL,2023-10-09
9339,2096,Sports Amenities,TOILET_BLOCK,1956,709,1,GOOD,2022-12-27
9340,2096,Sports Store,STORAGE,2008,67,1,POOR,2020-07-01
9341,2096,Wood Workshop,WORKSHOP,1964,271,1,POOR,2020-06-20
9342,2096,School Library,LIBRARY,1953,746,2,FAIR,2021-01-26
9343,2096,Main Gymnasium,GYM,2003,101,1,FAIR,2024-02-18
9344,2097,Junior Block,CLASSROOM,1950,546,2,GOOD,2022-01-27
9345,2097,Staff Block,ADMIN,1963,153,2,FAIR,2024-01-08
9346,2097,Senior Toilets,TOILET_BLOCK,1971,89,1,POOR,2024-11-10
9347,2097,School Hall,HALL,1955,193,1,POOR,2024-05-27
9348,2098,Block A,CLASSROOM,1977,284,1,GOOD,2020-05-06
9349,2098,Main Office,ADMIN,1970,219,1,FAIR,2022-04-15
9350,2098,Sports Amenities,TOILET_BLOCK,2003,137,1,POOR,2020-06-13
9351,2098,Grounds Shed,STORAGE,1983,50,1,POOR,2022-11-13
9352,2098,Learning Centre,LIBRARY,1962,275,2,POOR,2023-10-10
9353,2099,Science Block,CLASSROOM,1972,154,2,FAIR,2024-07-16
9354,2099,Administration Building,ADMIN,1993,614,1,FAIR,2021-05-03
9355,2099,Staff Facilities,TOILET_BLOCK,1961,156,1,GOOD,2022-04-09
9356,2099,Resource Centre,LIBRARY,2006,371,1,GOOD,2022-07-02
9357,2099,Maintenance Shed,STORAGE,1963,86,1,FAIR,2021-06-24
9358,2099,Food Technology,WORKSHOP,1954,208,1,POOR,2022-10-29
9359,2099,Cricket Pavilion,SPORTS_PAVILION,1991,413,1,POOR,2021-07-08
9360,2099,Main Gymnasium,GYM,1960,477,1,FAIR,2021-02-17
9361,2100,Block A,CLASSROOM,1953,413,1,GOOD,2023-03-17
9362,2100,Main Office,ADMIN,1981,605,2,FAIR,2022-10-20
9363,2100,Senior Toilets,TOILET_BLOCK,1953,367,1,CRITICAL,2021-07-22
9364,2101,Block E,CLASSROOM,1981,216,1,FAIR,2024-11-20
9365,2101,Administration Building,ADMIN,1984,254,1,FAIR,2021-07-09
9366,2101,Junior Toilets,TOILET_BLOCK,2006,507,1,POOR,2021-12-25
9367,2102,Block A,CLASSROOM,1952,109,2,POOR,2024-02-25
9368,2102,Staff Block,ADMIN,1959,219,1,FAIR,2021-12-08
9369,2102,Sports Amenities,TOILET_BLOCK,1973,731,1,FAIR,2020-06-06
9370,2102,Assembly Hall,HALL,2021,626,1,GOOD,2024-03-26
9371,2103,Block E,CLASSROOM,2005,174,2,POOR,2021-07-02
9372,2103,Main Office,ADMIN,1956,480,2,GOOD,2023-09-02
9373,2103,Senior Toilets,TOILET_BLOCK,2004,486,1,GOOD,2022-06-28
9374,2104,Science Block,CLASSROOM,1965,781,1,GOOD,2022-01-19
9375,2104,Main Office,ADMIN,2011,287,1,GOOD,2020-12-18
9376,2104,Sports Amenities,TOILET_BLOCK,1989,224,1,FAIR,2021-07-22
9377,2104,Cricket Pavilion,SPORTS_PAVILION,1966,584,1,FAIR,2022-03-16
9378,2104,Learning Centre,LIBRARY,2015,466,2,GOOD,2021-02-13
9379,2105,Senior Block,CLASSROOM,2014,305,2,FAIR,2023-12-09
9380,2105,Main Office,ADMIN,1974,487,1,GOOD,2023-05-29
9381,2105,Staff Facilities,TOILET_BLOCK,1980,128,1,GOOD,2021-02-08
9382,2105,Equipment Store,STORAGE,2004,38,1,FAIR,2021-10-16
9383,2106,Senior Block,CLASSROOM,2010,106,2,GOOD,2024-05-31
9384,2106,Staff Block,ADMIN,1987,550,1,FAIR,2024-11-04
9385,2106,Junior Toilets,TOILET_BLOCK,1981,431,1,FAIR,2024-02-16
9386,2106,Maintenance Shed,STORAGE,1959,62,1,FAIR,2022-12-09
9387,2106,Main Gymnasium,GYM,1996,216,2,FAIR,2023-01-01
9388,2107,Block B,CLASSROOM,1996,559,1,FAIR,2020-04-01
9389,2107,Staff Block,ADMIN,1956,156,1,FAIR,2021-01-04
9390,2107,Junior Toilets,TOILET_BLOCK,2001,355,1,GOOD,2021-12-11
9391,2107,Sports Hall,GYM,1988,611,1,GOOD,2024-09-22
9392,2107,School Hall,HALL,1967,151,1,POOR,2022-03-01
9393,2107,Food Technology,WORKSHOP,1953,480,1,FAIR,2022-11-18
9394,2107,Equipment Store,STORAGE,2021,79,1,GOOD,2020-04-18
9395,2107,Resource Centre,LIBRARY,2018,529,1,POOR,2021-06-02
9396,2108,Block B,CLASSROOM,1978,400,2,FAIR,2021-01-03
9397,2108,Main Office,ADMIN,1953,740,1,GOOD,2024-09-17
9398,2108,Junior Toilets,TOILET_BLOCK,2016,418,1,CRITICAL,2020-07-11
9399,2108,Sports Store,STORAGE,1968,46,1,FAIR,2021-04-23
9400,2108,School Hall,HALL,1963,71,2,GOOD,2021-02-14
9401,2109,Arts Block,CLASSROOM,2022,388,1,GOOD,2021-04-27
9402,2109,Administration Building,ADMIN,2005,188,2,FAIR,2021-01-23
9403,2109,Junior Toilets,TOILET_BLOCK,1969,128,1,FAIR,2023-04-10
9404,2109,Assembly Hall,HALL,1979,418,2,GOOD,2021-02-14
9405,2109,Changing Rooms,SPORTS_PAVILION,2012,364,1,POOR,2023-01-05
9406,2109,Sports Store,STORAGE,1978,75,1,GOOD,2023-10-16
9407,2110,Block E,CLASSROOM,1991,527,2,POOR,2022-06-30
9408,2110,Staff Block,ADMIN,1954,518,2,POOR,2021-12-03
9409,2110,Junior Toilets,TOILET_BLOCK,1986,125,1,FAIR,2020-02-23
9410,2110,Cricket Pavilion,SPORTS_PAVILION,1983,222,1,FAIR,2021-08-12
9411,2111,Block A,CLASSROOM,1961,657,2,POOR,2022-01-07
9412,2111,Administration Building,ADMIN,2016,594,2,GOOD,2020-05-12
9413,2111,Junior Toilets,TOILET_BLOCK,1955,755,1,FAIR,2024-02-02
9414,2111,Sports Pavilion,SPORTS_PAVILION,1990,201,1,POOR,2020-02-25
9415,2111,Sports Hall,GYM,2021,695,1,FAIR,2021-02-08
9416,2111,Resource Centre,LIBRARY,2020,774,1,GOOD,2022-05-20
9417,2111,Wood Workshop,WORKSHOP,1976,480,2,FAIR,2021-05-31
9418,2112,Senior Block,CLASSROOM,2008,357,2,FAIR,2020-03-24
9419,2112,Main Office,ADMIN,1993,418,2,GOOD,2022-08-11
9420,2112,Staff Facilities,TOILET_BLOCK,1981,309,1,CRITICAL,2022-03-17
9421,2113,Block E,CLASSROOM,1987,685,2,GOOD,2022-04-10
9422,2113,Administration Building,ADMIN,1989,422,1,FAIR,2022-10-18
9423,2113,Staff Facilities,TOILET_BLOCK,1971,448,1,FAIR,2024-03-13
9424,2113,Assembly Hall,HALL,2002,544,2,FAIR,2024-10-11
9425,2113,Fitness Centre,GYM,2008,125,2,FAIR,2022-07-11
9426,2114,Block E,CLASSROOM,2020,324,1,GOOD,2020-04-05
9427,2114,Administration Building,ADMIN,1988,455,2,FAIR,2023-01-19
9428,2114,Senior Toilets,TOILET_BLOCK,1962,537,1,GOOD,2023-03-18
9429,2115,Block E,CLASSROOM,2009,325,2,FAIR,2021-10-23
9430,2115,Main Office,ADMIN,2022,124,2,FAIR,2021-04-17
9431,2115,Senior Toilets,TOILET_BLOCK,1950,518,1,FAIR,2020-03-11
9432,2115,Fitness Centre,GYM,2016,505,1,CRITICAL,2022-01-11
9433,2115,Metal Workshop,WORKSHOP,1950,578,2,FAIR,2020-03-18
9434,2116,Block D,CLASSROOM,1960,518,2,GOOD,2023-12-22
9435,2116,Main Office,ADMIN,1951,545,2,GOOD,2021-01-31
9436,2116,Senior Toilets,TOILET_BLOCK,1982,243,1,FAIR,2022-08-08
9437,2116,Fitness Centre,GYM,1983,356,2,POOR,2022-12-24
9438,2116,Learning Centre,LIBRARY,1967,642,1,FAIR,2020-04-22
9439,2117,Block A,CLASSROOM,2002,154,1,GOOD,2021-06-12
9440,2117,Staff Block,ADMIN,1978,76,1,GOOD,2022-11-30
9441,2117,Staff Facilities,TOILET_BLOCK,1998,331,1,GOOD,2021-11-13
9442,2117,Equipment Store,STORAGE,1953,64,1,FAIR,2024-03-18
9443,2117,Resource Centre,LIBRARY,1999,234,2,FAIR,2022-10-08
9444,2118,Block B,CLASSROOM,1996,769,1,CRITICAL,2021-10-01
9445,2118,Main Office,ADMIN,1970,265,1,FAIR,2020-05-23
9446,2118,Junior Toilets,TOILET_BLOCK,1950,586,1,GOOD,2024-07-04
9447,2118,Equipment Store,STORAGE,1953,43,1,CRITICAL,2020-07-21
9448,2118,Changing Rooms,SPORTS_PAVILION,2012,416,1,FAIR,2024-06-26
9449,2119,Technology Block,CLASSROOM,2007,376,2,GOOD,2023-08-27
9450,2119,Staff Block,ADMIN,1969,774,2,FAIR,2024-11-13
9451,2119,Staff Facilities,TOILET_BLOCK,1961,259,1,FAIR,2024-10-01
9452,2119,Equipment Store,STORAGE,1952,64,1,FAIR,2020-05-26
9453,2119,Performing Arts Centre,HALL,2010,399,2,POOR,2021-03-03
9454,2120,Arts Block,CLASSROOM,2012,162,2,GOOD,2020-06-19
9455,2120,Staff Block,ADMIN,2006,119,2,POOR,2022-03-16
9456,2120,Sports Amenities,TOILET_BLOCK,2021,461,1,POOR,2020-03-20
9457,2120,Sports Pavilion,SPORTS_PAVILION,1950,624,1,POOR,2022-10-15
9458,2123,Block A,CLASSROOM,2009,249,2,FAIR,2024-05-12
9459,2123,Staff Block,ADMIN,1979,348,2,GOOD,2020-01-11
9460,2123,Senior Toilets,TOILET_BLOCK,1968,627,1,GOOD,2024-08-07
9461,2123,Metal Workshop,WORKSHOP,1980,591,1,GOOD,2022-02-13
9462,2150,Science Block,CLASSROOM,2012,551,2,POOR,2022-04-24
9463,2150,Main Office,ADMIN,2018,200,2,FAIR,2021-10-15
9464,2150,Staff Facilities,TOILET_BLOCK,2003,163,1,FAIR,2022-09-13
9465,2150,Fitness Centre,GYM,2004,398,1,POOR,2020-08-21
9466,2152,Senior Block,CLASSROOM,2013,213,2,FAIR,2021-02-24
9467,2152,Staff Block,ADMIN,1975,169,2,FAIR,2020-08-16
9468,2152,Staff Facilities,TOILET_BLOCK,1958,335,1,POOR,2023-07-03
9469,2152,Maintenance Shed,STORAGE,1989,40,1,FAIR,2022-10-11
9470,2153,Block C,CLASSROOM,1992,765,2,CRITICAL,2022-05-22
9471,2153,Staff Block,ADMIN,1977,153,2,FAIR,2020-02-07
9472,2153,Senior Toilets,TOILET_BLOCK,1987,738,1,FAIR,2021-12-29
9473,2153,Maintenance Shed,STORAGE,1966,46,1,CRITICAL,2024-01-06
9474,2153,Fitness Centre,GYM,2018,148,2,GOOD,2022-01-13
9475,2157,Block A,CLASSROOM,1992,153,2,POOR,2021-05-15
9476,2157,Main Office,ADMIN,1994,673,2,FAIR,2020-02-20
9477,2157,Sports Amenities,TOILET_BLOCK,2020,256,1,GOOD,2021-05-27
9478,2157,Sports Pavilion,SPORTS_PAVILION,1975,776,1,FAIR,2023-01-08
9479,2157,Food Technology,WORKSHOP,2009,722,2,FAIR,2021-01-29
9480,2157,Fitness Centre,GYM,2012,537,1,FAIR,2023-10-21
9481,2160,Senior Block,CLASSROOM,1999,619,2,GOOD,2022-08-02
9482,2160,Administration Building,ADMIN,1989,714,2,FAIR,2024-11-14
9483,2160,Senior Toilets,TOILET_BLOCK,1950,262,1,FAIR,2023-08-31
9484,2160,Grounds Shed,STORAGE,1980,78,1,GOOD,2021-02-14
9485,2160,Cricket Pavilion,SPORTS_PAVILION,1956,127,1,GOOD,2023-02-24
9486,2160,Resource Centre,LIBRARY,1987,107,2,FAIR,2024-04-11
9487,2161,Block D,CLASSROOM,1980,107,1,FAIR,2020-09-02
9488,2161,Administration Building,ADMIN,2002,184,1,FAIR,2023-04-06
9489,2161,Senior Toilets,TOILET_BLOCK,1994,539,1,POOR,2020-08-20
9490,2161,Grounds Shed,STORAGE,1977,78,1,FAIR,2023-01-08
9491,2161,Metal Workshop,WORKSHOP,1984,271,2,GOOD,2020-06-17
9492,2161,Assembly Hall,HALL,1974,125,2,POOR,2024-11-26
9493,2161,Main Gymnasium,GYM,2001,596,1,GOOD,2023-01-12
9494,2164,Block C,CLASSROOM,2009,680,2,POOR,2021-04-08
9495,2164,Main Office,ADMIN,2007,327,2,FAIR,2024-03-12
9496,2164,Senior Toilets,TOILET_BLOCK,2007,539,1,POOR,2022-03-02
9497,2164,Changing Rooms,SPORTS_PAVILION,1955,696,1,CRITICAL,2024-02-28
9498,2164,Resource Centre,LIBRARY,2004,746,2,CRITICAL,2021-05-04
9499,2165,Arts Block,CLASSROOM,2018,80,2,FAIR,2022-11-28
9500,2165,Main Office,ADMIN,2009,358,1,FAIR,2022-03-21
9501,2165,Staff Facilities,TOILET_BLOCK,2022,346,1,CRITICAL,2024-02-03
9502,2167,Technology Block,CLASSROOM,1970,547,2,POOR,2022-08-10
9503,2167,Main Office,ADMIN,2002,289,2,FAIR,2022-04-22
9504,2167,Senior Toilets,TOILET_BLOCK,1989,179,1,GOOD,2021-04-05
9505,2167,Resource Centre,LIBRARY,2016,562,2,GOOD,2020-09-03
9506,2167,Maintenance Shed,STORAGE,1981,52,1,FAIR,2020-03-02
9507,2167,Assembly Hall,HALL,1966,749,2,CRITICAL,2020-05-22
9508,2167,Sports Pavilion,SPORTS_PAVILION,2003,475,1,GOOD,2021-02-13
9509,2168,Block B,CLASSROOM,1984,554,1,FAIR,2020-05-19
9510,2168,Administration Building,ADMIN,1991,742,1,GOOD,2023-06-27
9511,2168,Junior Toilets,TOILET_BLOCK,2016,775,1,GOOD,2020-09-29
9512,2168,Performing Arts Centre,HALL,2007,555,1,GOOD,2023-10-22
9513,2168,Maintenance Shed,STORAGE,1963,85,1,FAIR,2022-08-12
9514,2171,Science Block,CLASSROOM,2007,86,1,GOOD,2023-09-16
9515,2171,Staff Block,ADMIN,1988,345,2,GOOD,2022-10-08
9516,2171,Sports Amenities,TOILET_BLOCK,2019,528,1,GOOD,2021-07-21
9517,2172,Arts Block,CLASSROOM,1980,621,1,FAIR,2020-09-30
9518,2172,Main Office,ADMIN,1971,188,1,GOOD,2021-11-29
9519,2172,Staff Facilities,TOILET_BLOCK,1950,629,1,GOOD,2024-10-21
9520,2172,Assembly Hall,HALL,1953,251,2,CRITICAL,2024-01-01
9521,2172,Maintenance Shed,STORAGE,1993,31,1,FAIR,2024-09-27
9522,2172,Changing Rooms,SPORTS_PAVILION,1989,628,1,GOOD,2023-01-05
9523,2172,Learning Centre,LIBRARY,1961,257,2,GOOD,2023-03-24
9524,2172,Fitness Centre,GYM,1987,632,2,POOR,2022-10-23
9525,2173,Block B,CLASSROOM,2014,716,2,GOOD,2021-01-03
9526,2173,Main Office,ADMIN,1981,644,2,GOOD,2021-10-19
9527,2173,Senior Toilets,TOILET_BLOCK,1998,110,1,FAIR,2023-03-09
9528,2173,Sports Store,STORAGE,1970,61,1,FAIR,2024-11-02
9529,2173,Resource Centre,LIBRARY,1995,364,2,FAIR,2022-03-06
9530,2175,Science Block,CLASSROOM,2015,632,2,POOR,2020-03-14
9531,2175,Main Office,ADMIN,1982,530,2,FAIR,2022-10-02
9532,2175,Senior Toilets,TOILET_BLOCK,1997,196,1,FAIR,2022-07-23
9533,2177,Block E,CLASSROOM,2013,549,2,POOR,2022-09-08
9534,2177,Main Office,ADMIN,2016,209,1,FAIR,2024-08-26
9535,2177,Staff Facilities,TOILET_BLOCK,1984,722,1,GOOD,2022-01-10
9536,2177,School Library,LIBRARY,1964,274,1,FAIR,2020-01-08
9537,2177,Sports Store,STORAGE,1955,63,1,GOOD,2024-01-27
9538,2177,Cricket Pavilion,SPORTS_PAVILION,2020,397,1,GOOD,2022-04-20
9539,2178,Block D,CLASSROOM,2020,458,1,GOOD,2023-02-05
9540,2178,Main Office,ADMIN,2004,184,1,GOOD,2024-08-11
9541,2178,Senior Toilets,TOILET_BLOCK,1978,476,1,FAIR,2023-04-14
9542,2178,Performing Arts Centre,HALL,2009,445,1,FAIR,2020-10-06
9543,2178,Sports Hall,GYM,1984,384,2,FAIR,2022-07-23
9544,2182,Science Block,CLASSROOM,1995,443,1,FAIR,2024-04-11
9545,2182,Staff Block,ADMIN,1984,520,1,GOOD,2022-07-04
9546,2182,Junior Toilets,TOILET_BLOCK,1993,260,1,GOOD,2024-01-20
9547,2182,Resource Centre,LIBRARY,2022,294,2,FAIR,2020-02-24
9548,2185,Science Block,CLASSROOM,2015,319,2,POOR,2023-03-14
9549,2185,Staff Block,ADMIN,2000,654,2,FAIR,2021-12-01
9550,2185,Staff Facilities,TOILET_BLOCK,1966,399,1,POOR,2021-01-03
9551,2185,Performing Arts Centre,HALL,1990,381,1,GOOD,2022-08-26
9552,2185,Metal Workshop,WORKSHOP,2020,684,2,GOOD,2024-05-31
9553,2189,Science Block,CLASSROOM,1981,495,1,GOOD,2020-06-21
9554,2189,Administration Building,ADMIN,1974,474,2,FAIR,2021-12-17
9555,2189,Sports Amenities,TOILET_BLOCK,1984,159,1,POOR,2021-06-07
9556,2189,Cricket Pavilion,SPORTS_PAVILION,1975,307,1,GOOD,2020-12-03
9557,2189,Metal Workshop,WORKSHOP,1963,199,2,FAIR,2021-01-26
9558,2189,Sports Hall,GYM,2006,62,2,POOR,2024-09-28
9559,2189,Sports Store,STORAGE,1958,98,1,GOOD,2020-12-08
9560,2190,Block C,CLASSROOM,1982,616,2,POOR,2023-06-02
9561,2190,Administration Building,ADMIN,2007,247,2,GOOD,2022-12-29
9562,2190,Senior Toilets,TOILET_BLOCK,1971,789,1,FAIR,2021-11-20
9563,2190,Equipment Store,STORAGE,1964,36,1,GOOD,2020-04-21
9564,2190,School Hall,HALL,1988,243,1,FAIR,2023-11-20
9565,2190,Resource Centre,LIBRARY,1968,270,2,GOOD,2020-11-26
9566,2190,Sports Pavilion,SPORTS_PAVILION,2021,600,1,POOR,2022-07-19
9567,2190,Metal Workshop,WORKSHOP,2012,637,2,POOR,2023-07-04
9568,2191,Technology Block,CLASSROOM,1991,544,2,FAIR,2024-04-06
9569,2191,Staff Block,ADMIN,1996,729,2,FAIR,2023-01-09
9570,2191,Senior Toilets,TOILET_BLOCK,1992,332,1,GOOD,2021-09-01
9571,2192,Senior Block,CLASSROOM,1997,785,1,GOOD,2024-07-07
9572,2192,Staff Block,ADMIN,2011,136,1,FAIR,2024-04-02
9573,2192,Sports Amenities,TOILET_BLOCK,1957,769,1,FAIR,2021-10-11
9574,2195,Block D,CLASSROOM,1955,592,1,GOOD,2021-03-18
9575,2195,Main Office,ADMIN,2010,598,1,FAIR,2024-08-03
9576,2195,Senior Toilets,TOILET_BLOCK,2022,82,1,GOOD,2023-08-05
9577,2195,Technology Workshop,WORKSHOP,2022,210,1,FAIR,2023-02-17
9578,2197,Block E,CLASSROOM,1974,682,1,FAIR,2023-09-17
9579,2197,Main Office,ADMIN,1993,684,2,GOOD,2024-05-16
9580,2197,Senior Toilets,TOILET_BLOCK,1952,273,1,FAIR,2024-05-20
9581,2198,Arts Block,CLASSROOM,2017,80,1,GOOD,2021-11-20
9582,2198,Administration Building,ADMIN,2009,195,1,FAIR,2023-08-27
9583,2198,Staff Facilities,TOILET_BLOCK,1970,109,1,POOR,2020-08-03
9584,2198,Food Technology,WORKSHOP,2016,505,2,FAIR,2021-05-20
9585,2199,Senior Block,CLASSROOM,1958,529,2,POOR,2021-08-17
9586,2199,Administration Building,ADMIN,1985,587,1,GOOD,2021-04-19
9587,2199,Senior Toilets,TOILET_BLOCK,1996,237,1,GOOD,2020-03-31
9588,2199,Metal Workshop,WORKSHOP,1998,604,2,GOOD,2022-05-25
9589,2199,School Library,LIBRARY,2008,106,2,POOR,2020-01-03
9590,2200,Block E,CLASSROOM,1987,569,2,CRITICAL,2022-01-19
9591,2200,Administration Building,ADMIN,1985,277,2,FAIR,2020-12-03
9592,2200,Sports Amenities,TOILET_BLOCK,1954,421,1,POOR,2021-05-07
9593,2201,Senior Block,CLASSROOM,1964,512,1,FAIR,2022-05-26
9594,2201,Administration Building,ADMIN,1962,631,2,FAIR,2020-07-15
9595,2201,Junior Toilets,TOILET_BLOCK,1975,578,1,FAIR,2020-06-09
9596,2201,Main Gymnasium,GYM,1970,299,2,POOR,2022-11-17
9597,2203,Block A,CLASSROOM,2003,114,1,POOR,2022-11-20
9598,2203,Staff Block,ADMIN,2016,719,2,GOOD,2021-09-28
9599,2203,Staff Facilities,TOILET_BLOCK,1992,779,1,GOOD,2020-12-07
9600,2203,Technology Workshop,WORKSHOP,1979,772,1,GOOD,2023-06-04
9601,2203,School Library,LIBRARY,1966,235,1,GOOD,2023-05-27
9602,2205,Senior Block,CLASSROOM,2013,607,2,POOR,2023-07-09
9603,2205,Main Office,ADMIN,2019,250,1,GOOD,2021-01-09
9604,2205,Sports Amenities,TOILET_BLOCK,1988,636,1,GOOD,2022-01-07
9605,2206,Technology Block,CLASSROOM,1983,203,2,FAIR,2022-06-20
9606,2206,Staff Block,ADMIN,1976,673,1,GOOD,2024-04-17
9607,2206,Sports Amenities,TOILET_BLOCK,1965,447,1,FAIR,2023-03-07
9608,2206,Assembly Hall,HALL,1952,751,2,FAIR,2024-08-12
9609,2206,Cricket Pavilion,SPORTS_PAVILION,1973,359,1,FAIR,2021-02-23
9610,2207,Block E,CLASSROOM,1954,709,1,GOOD,2024-06-27
9611,2207,Main Office,ADMIN,1999,550,2,POOR,2022-09-11
9612,2207,Senior Toilets,TOILET_BLOCK,1966,214,1,FAIR,2021-12-19
9613,2207,Maintenance Shed,STORAGE,2009,46,1,POOR,2024-01-21
9614,2207,Cricket Pavilion,SPORTS_PAVILION,1987,519,1,FAIR,2021-03-10
9615,2208,Block B,CLASSROOM,1952,66,1,FAIR,2023-04-14
9616,2208,Main Office,ADMIN,1959,796,1,FAIR,2020-08-17
9617,2208,Senior Toilets,TOILET_BLOCK,2018,224,1,FAIR,2020-05-18
9618,2208,Cricket Pavilion,SPORTS_PAVILION,1960,62,1,GOOD,2022-12-13
9619,2208,Grounds Shed,STORAGE,1975,28,1,GOOD,2024-07-01
9620,2214,Block E,CLASSROOM,1963,557,2,GOOD,2024-01-14
9621,2214,Staff Block,ADMIN,2003,251,1,FAIR,2020-08-21
9622,2214,Senior Toilets,TOILET_BLOCK,1961,420,1,GOOD,2020-12-23
9623,2214,Grounds Shed,STORAGE,1998,75,1,GOOD,2020-07-29
9624,2214,Changing Rooms,SPORTS_PAVILION,2012,779,1,GOOD,2021-05-07
9625,2215,Junior Block,CLASSROOM,1957,74,2,GOOD,2023-12-18
9626,2215,Administration Building,ADMIN,1959,366,2,POOR,2024-06-24
9627,2215,Staff Facilities,TOILET_BLOCK,1957,225,1,FAIR,2023-11-28
9628,2216,Arts Block,CLASSROOM,1962,557,1,GOOD,2024-02-29
9629,2216,Main Office,ADMIN,2017,550,2,POOR,2024-03-05
9630,2216,Sports Amenities,TOILET_BLOCK,1964,641,1,FAIR,2023-03-28
9631,2216,Sports Store,STORAGE,1964,85,1,FAIR,2023-01-14
9632,2216,School Hall,HALL,1970,498,1,GOOD,2024-05-03
9633,2220,Block A,CLASSROOM,2011,685,1,FAIR,2021-03-30
9634,2220,Administration Building,ADMIN,1958,544,1,FAIR,2023-10-06
9635,2220,Senior Toilets,TOILET_BLOCK,1990,574,1,FAIR,2021-09-10
9636,2220,Technology Workshop,WORKSHOP,2015,423,2,GOOD,2022-10-10
9637,2220,Sports Pavilion,SPORTS_PAVILION,2002,602,1,FAIR,2020-01-11
9638,2223,Block B,CLASSROOM,1995,400,2,GOOD,2022-07-20
9639,2223,Administration Building,ADMIN,1983,497,2,GOOD,2022-04-21
9640,2223,Junior Toilets,TOILET_BLOCK,2018,486,1,GOOD,2021-07-25
9641,2223,Metal Workshop,WORKSHOP,1954,576,1,GOOD,2020-02-21
9642,2223,Sports Hall,GYM,1954,110,1,FAIR,2022-10-07
9643,2223,Sports Pavilion,SPORTS_PAVILION,1993,84,1,CRITICAL,2024-11-15
9644,2223,Assembly Hall,HALL,1980,100,1,FAIR,2023-01-26
9645,2226,Science Block,CLASSROOM,1968,501,1,FAIR,2020-12-25
9646,2226,Administration Building,ADMIN,2013,504,2,FAIR,2024-10-28
9647,2226,Staff Facilities,TOILET_BLOCK,1962,411,1,GOOD,2021-07-10
9648,2226,Sports Pavilion,SPORTS_PAVILION,1980,134,1,FAIR,2024-01-10
9649,2227,Block E,CLASSROOM,2015,248,2,GOOD,2023-07-03
9650,2227,Staff Block,ADMIN,2016,594,1,GOOD,2023-08-04
9651,2227,Junior Toilets,TOILET_BLOCK,1988,567,1,GOOD,2022-11-20
9652,2228,Junior Block,CLASSROOM,2004,233,2,CRITICAL,2024-04-23
9653,2228,Administration Building,ADMIN,1973,585,1,GOOD,2020-08-30
9654,2228,Sports Amenities,TOILET_BLOCK,1957,172,1,POOR,2021-01-23
9655,2232,Block C,CLASSROOM,1983,530,1,FAIR,2022-08-07
9656,2232,Main Office,ADMIN,1985,525,2,FAIR,2021-10-10
9657,2232,Junior Toilets,TOILET_BLOCK,1971,174,1,GOOD,2022-04-15
9658,2232,Sports Pavilion,SPORTS_PAVILION,1994,372,1,GOOD,2023-12-29
9659,2232,Resource Centre,LIBRARY,1951,180,2,GOOD,2020-10-03
9660,2232,Grounds Shed,STORAGE,2006,65,1,FAIR,2020-12-28
9661,2232,Main Gymnasium,GYM,1956,620,1,POOR,2020-11-13
9662,2232,Wood Workshop,WORKSHOP,2005,67,1,POOR,2020-06-12
9663,2233,Block E,CLASSROOM,1998,265,2,FAIR,2023-03-30
9664,2233,Staff Block,ADMIN,1996,265,1,GOOD,2024-09-30
9665,2233,Staff Facilities,TOILET_BLOCK,1952,569,1,POOR,2020-12-26
9666,2233,Main Gymnasium,GYM,2007,352,1,POOR,2022-06-19
9667,2233,Equipment Store,STORAGE,1950,38,1,GOOD,2024-11-22
9668,2233,Metal Workshop,WORKSHOP,2022,435,1,GOOD,2020-09-18
9669,2233,School Library,LIBRARY,1978,286,1,FAIR,2022-02-20
9670,2235,Block A,CLASSROOM,1985,702,2,CRITICAL,2023-09-11
9671,2235,Staff Block,ADMIN,2008,300,2,FAIR,2024-03-10
9672,2235,Junior Toilets,TOILET_BLOCK,1988,656,1,FAIR,2023-05-30
9673,2235,Assembly Hall,HALL,2014,109,1,FAIR,2022-05-07
9674,2235,School Library,LIBRARY,1962,579,2,FAIR,2021-05-01
9675,2235,Fitness Centre,GYM,2014,409,1,GOOD,2023-03-10
9676,2235,Sports Pavilion,SPORTS_PAVILION,2015,378,1,GOOD,2024-01-24
9677,2236,Science Block,CLASSROOM,1972,600,1,GOOD,2022-08-28
9678,2236,Staff Block,ADMIN,1955,630,2,FAIR,2022-01-31
9679,2236,Staff Facilities,TOILET_BLOCK,1972,564,1,FAIR,2020-05-28
9680,2236,Assembly Hall,HALL,1991,703,1,FAIR,2023-07-28
9681,2236,Resource Centre,LIBRARY,1967,721,2,FAIR,2024-05-28
9682,2236,Wood Workshop,WORKSHOP,1995,507,2,GOOD,2023-06-23
9683,2237,Technology Block,CLASSROOM,1959,262,1,GOOD,2021-01-28
9684,2237,Staff Block,ADMIN,2009,575,1,FAIR,2023-10-17
9685,2237,Senior Toilets,TOILET_BLOCK,1998,542,1,FAIR,2023-06-19
9686,2237,Fitness Centre,GYM,2013,283,2,GOOD,2021-09-21
9687,2237,Performing Arts Centre,HALL,1983,670,2,GOOD,2020-07-20
9688,2238,Technology Block,CLASSROOM,1956,568,1,FAIR,2024-06-17
9689,2238,Main Office,ADMIN,1999,103,1,GOOD,2020-10-28
9690,2238,Sports Amenities,TOILET_BLOCK,2004,131,1,POOR,2022-05-10
9691,2238,Main Gymnasium,GYM,1988,314,1,GOOD,2023-03-11
9692,2238,School Library,LIBRARY,1995,617,2,GOOD,2021-09-26
9693,2239,Arts Block,CLASSROOM,1950,331,2,FAIR,2020-08-24
9694,2239,Staff Block,ADMIN,1979,326,2,GOOD,2020-09-24
9695,2239,Staff Facilities,TOILET_BLOCK,1973,605,1,POOR,2022-07-11
9696,2240,Block B,CLASSROOM,1985,467,2,POOR,2021-03-04
9697,2240,Staff Block,ADMIN,1997,351,1,GOOD,2021-09-15
9698,2240,Staff Facilities,TOILET_BLOCK,1966,110,1,CRITICAL,2023-01-14
9699,2240,Learning Centre,LIBRARY,1994,561,1,GOOD,2021-11-13
9700,2240,Wood Workshop,WORKSHOP,1972,208,2,GOOD,2020-06-17
9701,2241,Technology Block,CLASSROOM,2011,336,1,FAIR,2024-08-19
9702,2241,Administration Building,ADMIN,2000,637,2,POOR,2022-07-07
9703,2241,Junior Toilets,TOILET_BLOCK,2000,212,1,GOOD,2020-03-11
9704,2242,Block B,CLASSROOM,2007,538,2,CRITICAL,2021-10-15
9705,2242,Administration Building,ADMIN,2009,521,2,FAIR,2023-11-04
9706,2242,Junior Toilets,TOILET_BLOCK,1952,112,1,FAIR,2024-11-19
9707,2242,Food Technology,WORKSHOP,1975,120,2,POOR,2022-01-26
9708,2244,Block A,CLASSROOM,1958,512,1,FAIR,2020-09-19
9709,2244,Staff Block,ADMIN,2015,747,1,POOR,2023-01-06
9710,2244,Sports Amenities,TOILET_BLOCK,2008,552,1,GOOD,2021-12-12
9711,2244,Cricket Pavilion,SPORTS_PAVILION,1992,374,1,GOOD,2022-07-17
9712,2244,Equipment Store,STORAGE,1977,25,1,FAIR,2023-02-21
9713,2244,School Library,LIBRARY,2001,276,1,GOOD,2023-05-02
9714,2248,Block B,CLASSROOM,1981,219,2,FAIR,2020-08-15
9715,2248,Staff Block,ADMIN,1959,773,1,FAIR,2022-09-03
9716,2248,Staff Facilities,TOILET_BLOCK,2016,337,1,POOR,2022-09-12
9717,2248,Fitness Centre,GYM,1952,505,1,GOOD,2022-02-25
9718,2248,Learning Centre,LIBRARY,1980,228,2,CRITICAL,2024-06-19
9719,2251,Arts Block,CLASSROOM,1965,615,1,POOR,2023-05-12
9720,2251,Administration Building,ADMIN,1973,138,1,POOR,2023-06-20
9721,2251,Junior Toilets,TOILET_BLOCK,1982,581,1,POOR,2021-02-08
9722,2251,Fitness Centre,GYM,2015,214,2,GOOD,2023-05-07
9723,2251,School Library,LIBRARY,2012,76,1,FAIR,2022-05-01
9724,2253,Junior Block,CLASSROOM,1955,398,2,FAIR,2022-12-17
9725,2253,Staff Block,ADMIN,2008,120,1,GOOD,2024-07-23
9726,2253,Senior Toilets,TOILET_BLOCK,2020,124,1,POOR,2024-09-23
9727,2253,Sports Hall,GYM,1994,51,2,GOOD,2023-02-10
9728,2253,Technology Workshop,WORKSHOP,2003,599,1,GOOD,2023-03-21
9729,2254,Science Block,CLASSROOM,1982,295,2,FAIR,2023-08-13
9730,2254,Administration Building,ADMIN,2009,493,1,POOR,2022-05-17
9731,2254,Staff Facilities,TOILET_BLOCK,1968,240,1,FAIR,2023-07-18
9732,2255,Senior Block,CLASSROOM,1952,483,2,GOOD,2022-08-04
9733,2255,Staff Block,ADMIN,1975,70,2,GOOD,2021-09-16
9734,2255,Sports Amenities,TOILET_BLOCK,1963,104,1,FAIR,2022-06-17
9735,2255,Grounds Shed,STORAGE,2013,89,1,POOR,2022-05-01
9736,2255,Assembly Hall,HALL,1975,396,2,FAIR,2024-09-22
9737,2255,Main Gymnasium,GYM,1950,277,2,GOOD,2024-06-12
9738,2255,School Library,LIBRARY,2006,674,2,GOOD,2024-10-07
9739,2255,Technology Workshop,WORKSHOP,1978,549,1,POOR,2020-01-12
9740,2256,Block A,CLASSROOM,2015,87,1,GOOD,2022-09-19
9741,2256,Main Office,ADMIN,1958,304,1,FAIR,2023-07-21
9742,2256,Staff Facilities,TOILET_BLOCK,1952,638,1,GOOD,2024-08-31
9743,2256,Performing Arts Centre,HALL,2000,417,2,FAIR,2021-07-17
9744,2256,Sports Pavilion,SPORTS_PAVILION,2008,179,1,POOR,2020-07-05
9745,2257,Junior Block,CLASSROOM,2019,515,1,FAIR,2024-05-01
9746,2257,Main Office,ADMIN,1992,517,1,FAIR,2023-11-26
9747,2257,Sports Amenities,TOILET_BLOCK,2001,796,1,POOR,2021-09-08
9748,2258,Block B,CLASSROOM,1990,326,2,CRITICAL,2020-01-27
9749,2258,Staff Block,ADMIN,1975,670,2,POOR,2024-02-03
9750,2258,Staff Facilities,TOILET_BLOCK,1999,478,1,POOR,2021-04-06
9751,2258,Wood Workshop,WORKSHOP,1970,355,2,GOOD,2021-12-25
9752,2258,Sports Hall,GYM,2015,289,1,POOR,2023-06-22
9753,2258,Sports Store,STORAGE,1951,72,1,POOR,2020-07-24
9754,2258,Learning Centre,LIBRARY,1967,273,2,POOR,2020-07-02
9755,2258,Performing Arts Centre,HALL,2020,74,1,CRITICAL,2023-08-16
9756,2260,Science Block,CLASSROOM,1970,737,2,GOOD,2021-11-23
9757,2260,Administration Building,ADMIN,1963,175,2,FAIR,2024-09-15
9758,2260,Senior Toilets,TOILET_BLOCK,1968,479,1,POOR,2020-08-30
9759,2260,Learning Centre,LIBRARY,1954,707,2,FAIR,2022-05-02
9760,2260,Food Technology,WORKSHOP,1975,561,2,GOOD,2024-02-14
9761,2261,Block E,CLASSROOM,1998,110,1,FAIR,2021-12-30
9762,2261,Administration Building,ADMIN,1993,389,2,POOR,2024-09-27
9763,2261,Senior Toilets,TOILET_BLOCK,1979,574,1,FAIR,2021-04-11
9764,2262,Senior Block,CLASSROOM,1971,355,2,FAIR,2021-09-17
9765,2262,Main Office,ADMIN,1970,271,1,POOR,2023-10-15
9766,2262,Junior Toilets,TOILET_BLOCK,1990,296,1,FAIR,2023-12-10
9767,2262,Sports Hall,GYM,1964,549,2,FAIR,2024-11-25
9768,2262,Wood Workshop,WORKSHOP,1960,527,1,FAIR,2022-05-11
9769,2264,Technology Block,CLASSROOM,2012,90,2,FAIR,2021-09-01
9770,2264,Main Office,ADMIN,2007,226,1,GOOD,2022-10-18
9771,2264,Senior Toilets,TOILET_BLOCK,1989,220,1,FAIR,2024-03-12
9772,2264,Assembly Hall,HALL,1954,174,1,POOR,2023-09-26
9773,2264,Cricket Pavilion,SPORTS_PAVILION,1964,444,1,POOR,2022-07-28
9774,2264,Grounds Shed,STORAGE,1985,78,1,GOOD,2023-10-25
9775,2265,Block A,CLASSROOM,1989,294,2,FAIR,2021-12-13
9776,2265,Staff Block,ADMIN,1998,463,1,FAIR,2022-03-20
9777,2265,Senior Toilets,TOILET_BLOCK,1970,399,1,POOR,2024-07-11
9778,2265,Wood Workshop,WORKSHOP,1955,487,2,GOOD,2021-04-27
9779,2265,Resource Centre,LIBRARY,1981,667,2,GOOD,2021-03-10
9780,2265,Cricket Pavilion,SPORTS_PAVILION,2005,216,1,FAIR,2022-03-07
9781,2265,Fitness Centre,GYM,2005,623,1,GOOD,2024-07-16
9782,2266,Senior Block,CLASSROOM,1956,299,1,GOOD,2024-11-27
9783,2266,Administration Building,ADMIN,1963,231,1,FAIR,2021-11-27
9784,2266,Junior Toilets,TOILET_BLOCK,1988,284,1,FAIR,2024-08-05
9785,2266,Sports Store,STORAGE,1976,31,1,FAIR,2020-02-29
9786,2266,Learning Centre,LIBRARY,1951,309,2,CRITICAL,2020-05-22
9787,2267,Arts Block,CLASSROOM,1976,387,1,FAIR,2021-12-30
9788,2267,Staff Block,ADMIN,2010,92,2,GOOD,2024-07-17
9789,2267,Junior Toilets,TOILET_BLOCK,1967,575,1,GOOD,2020-08-21
9790,2267,Resource Centre,LIBRARY,2012,271,1,POOR,2020-04-02
9791,2267,Technology Workshop,WORKSHOP,1960,288,2,FAIR,2022-01-12
9792,2268,Arts Block,CLASSROOM,1985,549,1,POOR,2020-04-08
9793,2268,Staff Block,ADMIN,1976,363,2,POOR,2021-06-19
9794,2268,Junior Toilets,TOILET_BLOCK,2007,773,1,GOOD,2020-09-29
9795,2268,School Library,LIBRARY,1988,520,2,GOOD,2023-07-12
9796,2268,Fitness Centre,GYM,1959,432,1,GOOD,2020-06-29
9797,2330,Block B,CLASSROOM,1962,404,2,POOR,2022-07-25
9798,2330,Staff Block,ADMIN,1987,127,1,FAIR,2020-05-16
9799,2330,Sports Amenities,TOILET_BLOCK,1994,323,1,GOOD,2023-02-17
9800,2332,Block E,CLASSROOM,1976,777,2,GOOD,2021-09-26
9801,2332,Administration Building,ADMIN,1958,798,1,GOOD,2022-09-21
9802,2332,Sports Amenities,TOILET_BLOCK,1971,313,1,POOR,2020-11-28
9803,2332,Metal Workshop,WORKSHOP,2008,356,2,CRITICAL,2022-12-31
9804,2332,Grounds Shed,STORAGE,1984,89,1,FAIR,2023-10-27
9805,2333,Block E,CLASSROOM,1970,183,1,GOOD,2020-12-12
9806,2333,Staff Block,ADMIN,1966,338,1,FAIR,2022-11-11
9807,2333,Junior Toilets,TOILET_BLOCK,1973,732,1,GOOD,2023-02-08
9808,2333,Assembly Hall,HALL,1989,56,2,FAIR,2024-11-10
9809,2333,Cricket Pavilion,SPORTS_PAVILION,1964,644,1,GOOD,2020-08-01
9810,2334,Arts Block,CLASSROOM,1978,461,1,GOOD,2021-09-29
9811,2334,Administration Building,ADMIN,1958,465,2,FAIR,2022-08-02
9812,2334,Staff Facilities,TOILET_BLOCK,1969,193,1,GOOD,2021-09-24
9813,2336,Science Block,CLASSROOM,1984,423,1,POOR,2023-11-23
9814,2336,Main Office,ADMIN,2016,706,1,POOR,2024-05-08
9815,2336,Staff Facilities,TOILET_BLOCK,2017,518,1,FAIR,2021-10-28
9816,2336,Technology Workshop,WORKSHOP,1990,470,2,CRITICAL,2023-11-03
9817,2337,Arts Block,CLASSROOM,1965,492,2,FAIR,2023-04-07
9818,2337,Administration Building,ADMIN,2021,434,1,FAIR,2024-11-25
9819,2337,Sports Amenities,TOILET_BLOCK,1972,175,1,FAIR,2022-03-12
9820,2337,Sports Pavilion,SPORTS_PAVILION,1969,655,1,POOR,2021-03-07
9821,2337,School Library,LIBRARY,1992,569,1,FAIR,2022-09-12
9822,2337,Sports Hall,GYM,1964,135,1,FAIR,2022-07-10
9823,2338,Technology Block,CLASSROOM,2002,399,1,POOR,2021-02-28
9824,2338,Staff Block,ADMIN,1998,517,2,CRITICAL,2024-05-22
9825,2338,Junior Toilets,TOILET_BLOCK,2006,339,1,FAIR,2023-02-01
9826,2339,Technology Block,CLASSROOM,1959,578,1,FAIR,2022-04-30
9827,2339,Administration Building,ADMIN,1966,404,2,POOR,2021-05-08
9828,2339,Junior Toilets,TOILET_BLOCK,1972,133,1,CRITICAL,2022-05-29
9829,2341,Junior Block,CLASSROOM,2003,702,1,FAIR,2021-01-19
9830,2341,Administration Building,ADMIN,2006,153,2,GOOD,2022-11-06
9831,2341,Sports Amenities,TOILET_BLOCK,2008,172,1,POOR,2024-10-15
9832,2342,Junior Block,CLASSROOM,1985,144,1,FAIR,2021-12-08
9833,2342,Main Office,ADMIN,1977,693,1,GOOD,2023-03-19
9834,2342,Junior Toilets,TOILET_BLOCK,1980,158,1,POOR,2023-05-03
9835,2342,Assembly Hall,HALL,1975,336,2,GOOD,2021-12-31
9836,2343,Science Block,CLASSROOM,2005,347,1,FAIR,2024-08-19
9837,2343,Administration Building,ADMIN,1961,392,2,GOOD,2023-11-05
9838,2343,Sports Amenities,TOILET_BLOCK,1965,637,1,FAIR,2024-04-29
9839,2343,Grounds Shed,STORAGE,2000,88,1,POOR,2023-02-21
9840,2343,Wood Workshop,WORKSHOP,1958,587,1,GOOD,2021-05-28
9841,2344,Block C,CLASSROOM,2003,440,1,FAIR,2023-07-30
9842,2344,Main Office,ADMIN,1967,223,2,GOOD,2024-11-25
9843,2344,Sports Amenities,TOILET_BLOCK,1972,368,1,GOOD,2024-03-07
9844,2344,Cricket Pavilion,SPORTS_PAVILION,1977,693,1,GOOD,2023-02-15
9845,2345,Technology Block,CLASSROOM,1964,133,1,FAIR,2022-10-21
9846,2345,Staff Block,ADMIN,1973,268,1,FAIR,2023-12-16
9847,2345,Senior Toilets,TOILET_BLOCK,1980,728,1,GOOD,2021-09-12
9848,2345,Technology Workshop,WORKSHOP,1976,724,2,FAIR,2024-06-01
9849,2345,Fitness Centre,GYM,2005,188,2,GOOD,2022-08-17
9850,2345,Learning Centre,LIBRARY,2008,602,1,POOR,2021-10-05
9851,2346,Science Block,CLASSROOM,1955,752,2,FAIR,2022-08-11
9852,2346,Administration Building,ADMIN,1965,599,1,GOOD,2023-05-21
9853,2346,Staff Facilities,TOILET_BLOCK,1970,385,1,CRITICAL,2024-04-04
9854,2346,Sports Pavilion,SPORTS_PAVILION,1979,565,1,GOOD,2020-08-30
9855,2346,Grounds Shed,STORAGE,1987,25,1,FAIR,2021-06-24
9856,2348,Block D,CLASSROOM,2011,543,2,GOOD,2023-07-24
9857,2348,Main Office,ADMIN,1991,323,2,FAIR,2021-12-01
9858,2348,Senior Toilets,TOILET_BLOCK,2011,103,1,GOOD,2024-02-04
9859,2348,Fitness Centre,GYM,1998,105,1,FAIR,2023-12-22
9860,2348,Sports Pavilion,SPORTS_PAVILION,2009,642,1,POOR,2024-08-26
9861,2349,Junior Block,CLASSROOM,2013,454,2,FAIR,2021-10-09
9862,2349,Main Office,ADMIN,2010,289,2,GOOD,2020-12-31
9863,2349,Sports Amenities,TOILET_BLOCK,2002,138,1,FAIR,2021-02-04
9864,2350,Block B,CLASSROOM,1974,600,2,POOR,2021-01-21
9865,2350,Main Office,ADMIN,1955,423,1,POOR,2020-06-30
9866,2350,Senior Toilets,TOILET_BLOCK,1991,162,1,GOOD,2023-02-18
9867,2350,Grounds Shed,STORAGE,2017,87,1,GOOD,2024-09-02
9868,2350,Assembly Hall,HALL,1965,698,2,GOOD,2021-06-23
9869,2351,Junior Block,CLASSROOM,2015,510,2,FAIR,2021-08-06
9870,2351,Main Office,ADMIN,1959,441,1,POOR,2023-10-16
9871,2351,Senior Toilets,TOILET_BLOCK,1996,539,1,GOOD,2024-02-27
9872,2351,Fitness Centre,GYM,1985,762,2,GOOD,2024-09-04
9873,2352,Junior Block,CLASSROOM,2010,268,1,FAIR,2023-08-04
9874,2352,Administration Building,ADMIN,2014,494,1,GOOD,2021-03-29
9875,2352,Senior Toilets,TOILET_BLOCK,1984,460,1,GOOD,2021-02-19
9876,2352,Fitness Centre,GYM,1996,202,2,FAIR,2023-03-08
9877,2352,Sports Pavilion,SPORTS_PAVILION,1996,467,1,FAIR,2024-01-02
9878,2353,Senior Block,CLASSROOM,1983,647,2,GOOD,2023-11-05
9879,2353,Administration Building,ADMIN,1997,555,2,GOOD,2024-09-20
9880,2353,Staff Facilities,TOILET_BLOCK,1976,279,1,POOR,2020-11-10
9881,2353,Cricket Pavilion,SPORTS_PAVILION,2013,600,1,GOOD,2022-11-08
9882,2353,Main Gymnasium,GYM,1982,128,1,POOR,2021-04-13
9883,2353,School Hall,HALL,1960,791,1,POOR,2022-03-23
9884,2353,Learning Centre,LIBRARY,1972,491,1,POOR,2020-05-30
9885,2353,Technology Workshop,WORKSHOP,1986,390,1,FAIR,2020-07-06
9886,2353,Grounds Shed,STORAGE,1968,48,1,FAIR,2023-10-14
9887,2353,Junior Block,CLASSROOM,2000,514,2,POOR,2020-09-20
9888,2354,Block A,CLASSROOM,1951,574,1,FAIR,2020-11-25
9889,2354,Administration Building,ADMIN,1990,77,2,POOR,2021-03-31
9890,2354,Staff Facilities,TOILET_BLOCK,1978,710,1,CRITICAL,2023-07-11
9891,2355,Block A,CLASSROOM,1963,586,1,POOR,2021-03-29
9892,2355,Main Office,ADMIN,1950,437,2,GOOD,2023-02-03
9893,2355,Sports Amenities,TOILET_BLOCK,1955,538,1,GOOD,2021-04-13
9894,2355,Learning Centre,LIBRARY,1994,428,1,FAIR,2024-05-01
9895,2355,Sports Pavilion,SPORTS_PAVILION,1990,267,1,FAIR,2021-07-28
9896,2356,Technology Block,CLASSROOM,2014,635,2,GOOD,2021-01-27
9897,2356,Staff Block,ADMIN,1970,645,1,GOOD,2023-11-20
9898,2356,Sports Amenities,TOILET_BLOCK,1991,453,1,FAIR,2022-10-14
9899,2356,Sports Hall,GYM,1988,143,1,GOOD,2022-02-23
9900,2356,Changing Rooms,SPORTS_PAVILION,2015,637,1,GOOD,2023-06-16
9901,2356,Maintenance Shed,STORAGE,2001,86,1,GOOD,2022-09-14
9902,2357,Block A,CLASSROOM,1973,160,1,POOR,2023-12-29
9903,2357,Main Office,ADMIN,1994,137,1,GOOD,2024-09-17
9904,2357,Senior Toilets,TOILET_BLOCK,1967,263,1,FAIR,2023-12-22
9905,2358,Science Block,CLASSROOM,1951,291,2,GOOD,2023-02-23
9906,2358,Staff Block,ADMIN,1956,633,1,CRITICAL,2023-01-04
9907,2358,Sports Amenities,TOILET_BLOCK,1996,189,1,FAIR,2023-10-22
9908,2359,Technology Block,CLASSROOM,1978,110,1,GOOD,2022-05-29
9909,2359,Main Office,ADMIN,1995,330,2,FAIR,2024-11-13
9910,2359,Senior Toilets,TOILET_BLOCK,1974,88,1,POOR,2022-07-03
9911,2359,Maintenance Shed,STORAGE,2008,32,1,GOOD,2023-02-20
9912,2360,Block A,CLASSROOM,2013,560,2,GOOD,2022-03-25
9913,2360,Staff Block,ADMIN,1983,100,1,FAIR,2020-09-26
9914,2360,Junior Toilets,TOILET_BLOCK,1983,429,1,FAIR,2023-09-20
9915,2360,Sports Store,STORAGE,1950,29,1,POOR,2023-03-03
9916,2360,Performing Arts Centre,HALL,2012,504,1,GOOD,2021-04-04
9917,2361,Block A,CLASSROOM,2004,177,2,FAIR,2021-12-16
9918,2361,Administration Building,ADMIN,1985,640,2,FAIR,2023-11-25
9919,2361,Sports Amenities,TOILET_BLOCK,1959,474,1,POOR,2022-04-17
9920,2362,Science Block,CLASSROOM,1971,363,1,GOOD,2024-06-21
9921,2362,Main Office,ADMIN,2006,177,2,GOOD,2022-08-28
9922,2362,Sports Amenities,TOILET_BLOCK,2011,56,1,GOOD,2021-11-19
9923,2362,Performing Arts Centre,HALL,1956,244,1,FAIR,2020-01-13
9924,2362,Sports Store,STORAGE,1979,69,1,POOR,2022-11-05
9925,2363,Science Block,CLASSROOM,1984,342,1,GOOD,2023-08-13
9926,2363,Main Office,ADMIN,1958,580,2,GOOD,2024-02-09
9927,2363,Junior Toilets,TOILET_BLOCK,1979,126,1,POOR,2024-05-16
9928,2364,Arts Block,CLASSROOM,1979,773,1,FAIR,2020-09-10
9929,2364,Administration Building,ADMIN,1976,457,1,FAIR,2020-04-19
9930,2364,Senior Toilets,TOILET_BLOCK,1991,316,1,FAIR,2020-04-17
9931,2364,Maintenance Shed,STORAGE,1964,20,1,POOR,2023-12-07
9932,2365,Block D,CLASSROOM,1988,109,2,FAIR,2024-10-20
9933,2365,Staff Block,ADMIN,1976,491,2,FAIR,2020-04-22
9934,2365,Junior Toilets,TOILET_BLOCK,2005,768,1,FAIR,2020-05-08
9935,2365,Main Gymnasium,GYM,1985,61,2,FAIR,2022-09-21
9936,2365,School Hall,HALL,1957,214,2,FAIR,2023-02-11
9937,2365,Metal Workshop,WORKSHOP,2012,781,1,POOR,2021-06-16
9938,2365,Sports Pavilion,SPORTS_PAVILION,1975,632,1,GOOD,2020-11-19
9939,2365,Maintenance Shed,STORAGE,2018,96,1,GOOD,2020-02-11
9940,2366,Science Block,CLASSROOM,1977,668,1,FAIR,2022-08-24
9941,2366,Staff Block,ADMIN,1954,714,1,GOOD,2024-11-19
9942,2366,Junior Toilets,TOILET_BLOCK,1958,141,1,POOR,2020-05-05
9943,2366,Resource Centre,LIBRARY,2004,785,2,FAIR,2023-09-26
9944,2366,Sports Pavilion,SPORTS_PAVILION,1972,420,1,GOOD,2021-09-27
9945,2368,Block C,CLASSROOM,1970,138,2,CRITICAL,2021-01-15
9946,2368,Staff Block,ADMIN,2022,697,2,POOR,2021-09-05
9947,2368,Junior Toilets,TOILET_BLOCK,1991,142,1,GOOD,2024-06-28
9948,2368,Assembly Hall,HALL,1978,610,2,POOR,2020-04-11
9949,2369,Block B,CLASSROOM,2009,687,2,FAIR,2020-12-14
9950,2369,Administration Building,ADMIN,1964,350,1,FAIR,2022-09-14
9951,2369,Sports Amenities,TOILET_BLOCK,1971,751,1,GOOD,2024-04-20
9952,2369,Changing Rooms,SPORTS_PAVILION,2022,398,1,POOR,2020-07-26
9953,2369,Metal Workshop,WORKSHOP,1959,601,2,POOR,2022-05-10
9954,2370,Block B,CLASSROOM,1957,670,2,CRITICAL,2021-07-07
9955,2370,Staff Block,ADMIN,1978,339,2,FAIR,2020-08-29
9956,2370,Senior Toilets,TOILET_BLOCK,2002,258,1,GOOD,2020-10-01
9957,2371,Junior Block,CLASSROOM,2000,214,2,FAIR,2024-04-28
9958,2371,Administration Building,ADMIN,2007,732,2,GOOD,2024-11-09
9959,2371,Staff Facilities,TOILET_BLOCK,1974,529,1,GOOD,2021-10-14
9960,2371,Maintenance Shed,STORAGE,1966,46,1,FAIR,2020-02-14
9961,2371,Performing Arts Centre,HALL,1957,411,2,FAIR,2021-02-17
9962,2372,Technology Block,CLASSROOM,1950,538,1,POOR,2023-09-17
9963,2372,Administration Building,ADMIN,2008,773,2,FAIR,2020-05-01
9964,2372,Senior Toilets,TOILET_BLOCK,2010,538,1,FAIR,2020-01-04
9965,2372,Maintenance Shed,STORAGE,1990,60,1,GOOD,2021-08-14
9966,2374,Block E,CLASSROOM,1987,401,1,POOR,2022-11-11
9967,2374,Staff Block,ADMIN,1970,569,2,POOR,2021-01-27
9968,2374,Junior Toilets,TOILET_BLOCK,1990,260,1,POOR,2021-09-13
9969,2374,Performing Arts Centre,HALL,2003,157,1,GOOD,2022-11-18
9970,2375,Senior Block,CLASSROOM,1967,180,1,GOOD,2021-09-25
9971,2375,Main Office,ADMIN,1989,78,1,FAIR,2020-02-24
9972,2375,Sports Amenities,TOILET_BLOCK,1956,529,1,POOR,2023-06-01
9973,2377,Block A,CLASSROOM,1989,544,2,CRITICAL,2023-07-23
9974,2377,Administration Building,ADMIN,1950,192,1,POOR,2021-12-07
9975,2377,Sports Amenities,TOILET_BLOCK,1996,398,1,FAIR,2020-03-17
9976,2377,Maintenance Shed,STORAGE,1959,56,1,POOR,2023-02-20
9977,2377,Fitness Centre,GYM,2013,246,1,POOR,2021-05-08
9978,2378,Block E,CLASSROOM,1970,61,2,FAIR,2022-06-23
9979,2378,Main Office,ADMIN,1967,493,2,GOOD,2021-10-13
9980,2378,Junior Toilets,TOILET_BLOCK,1956,237,1,FAIR,2024-01-04
9981,2379,Technology Block,CLASSROOM,1967,98,2,FAIR,2021-11-01
9982,2379,Main Office,ADMIN,2008,478,2,POOR,2020-11-06
9983,2379,Senior Toilets,TOILET_BLOCK,1986,750,1,POOR,2023-12-01
9984,2379,Food Technology,WORKSHOP,1987,247,1,FAIR,2020-01-12
9985,2379,School Library,LIBRARY,1985,587,2,GOOD,2021-11-03
9986,2382,Block B,CLASSROOM,2018,435,2,POOR,2020-10-11
9987,2382,Staff Block,ADMIN,1963,216,2,GOOD,2021-02-09
9988,2382,Junior Toilets,TOILET_BLOCK,2007,424,1,GOOD,2020-08-26
9989,2382,Sports Hall,GYM,1980,188,1,POOR,2023-07-31
9990,2383,Science Block,CLASSROOM,1995,97,2,GOOD,2022-06-12
9991,2383,Administration Building,ADMIN,1979,270,2,GOOD,2024-04-27
9992,2383,Senior Toilets,TOILET_BLOCK,1994,669,1,FAIR,2020-01-14
9993,2384,Block D,CLASSROOM,2007,762,1,CRITICAL,2024-12-02
9994,2384,Staff Block,ADMIN,2006,257,1,GOOD,2024-11-05
9995,2384,Junior Toilets,TOILET_BLOCK,2012,147,1,GOOD,2023-06-12
9996,2384,Cricket Pavilion,SPORTS_PAVILION,1989,652,1,FAIR,2020-01-22
9997,2384,Performing Arts Centre,HALL,1992,144,1,POOR,2021-09-24
9998,2385,Senior Block,CLASSROOM,1963,159,2,POOR,2024-12-01
9999,2385,Staff Block,ADMIN,2019,642,2,GOOD,2022-08-30
10000,2385,Junior Toilets,TOILET_BLOCK,1988,433,1,GOOD,2024-09-07
10001,2385,Sports Hall,GYM,1952,327,2,FAIR,2023-08-03
10002,2385,Wood Workshop,WORKSHOP,1967,681,2,GOOD,2023-10-12
10003,2386,Senior Block,CLASSROOM,1980,265,1,GOOD,2022-09-28
10004,2386,Administration Building,ADMIN,1960,66,2,FAIR,2021-06-25
10005,2386,Senior Toilets,TOILET_BLOCK,2010,733,1,GOOD,2020-11-20
10006,2388,Block A,CLASSROOM,2008,106,1,FAIR,2021-10-03
10007,2388,Staff Block,ADMIN,2004,62,2,POOR,2021-07-04
10008,2388,Sports Amenities,TOILET_BLOCK,2022,126,1,GOOD,2024-10-09
10009,2389,Arts Block,CLASSROOM,2013,791,1,GOOD,2022-03-10
10010,2389,Staff Block,ADMIN,1973,379,1,POOR,2023-08-23
10011,2389,Sports Amenities,TOILET_BLOCK,1989,177,1,GOOD,2022-01-25
10012,2389,Fitness Centre,GYM,1963,468,2,GOOD,2023-09-14
10013,2389,School Library,LIBRARY,1961,602,1,GOOD,2021-06-09
10014,2389,Sports Pavilion,SPORTS_PAVILION,2006,124,1,FAIR,2021-08-01
10015,2389,Maintenance Shed,STORAGE,2021,23,1,POOR,2024-02-25
10016,2389,Technology Workshop,WORKSHOP,1978,541,1,POOR,2021-03-08
10017,2389,Assembly Hall,HALL,1950,796,1,CRITICAL,2021-05-07
10018,2389,Block B,CLASSROOM,1998,620,1,GOOD,2023-07-31
10019,2390,Technology Block,CLASSROOM,2002,674,1,POOR,2022-11-04
10020,2390,Staff Block,ADMIN,1952,201,1,CRITICAL,2021-06-25
10021,2390,Sports Amenities,TOILET_BLOCK,1998,251,1,FAIR,2021-08-13
10022,2390,Technology Workshop,WORKSHOP,1965,216,1,GOOD,2020-12-06
10023,2390,Sports Hall,GYM,1986,576,1,POOR,2022-07-04
10024,2390,Maintenance Shed,STORAGE,1975,59,1,GOOD,2020-05-27
10025,2390,Changing Rooms,SPORTS_PAVILION,1953,85,1,FAIR,2021-04-27
10026,2391,Technology Block,CLASSROOM,2018,706,1,CRITICAL,2022-09-09
10027,2391,Staff Block,ADMIN,1962,757,1,FAIR,2023-11-27
10028,2391,Senior Toilets,TOILET_BLOCK,2019,160,1,POOR,2021-02-06
10029,2392,Block A,CLASSROOM,1979,407,2,GOOD,2021-09-01
10030,2392,Main Office,ADMIN,1973,525,2,GOOD,2023-05-05
10031,2392,Sports Amenities,TOILET_BLOCK,1990,173,1,POOR,2023-02-16
10032,2392,Sports Pavilion,SPORTS_PAVILION,2019,781,1,GOOD,2021-02-27
10033,2392,Main Gymnasium,GYM,1999,761,1,FAIR,2021-04-14
10034,2393,Technology Block,CLASSROOM,1967,249,2,FAIR,2024-10-10
10035,2393,Staff Block,ADMIN,2012,75,1,FAIR,2023-09-26
10036,2393,Junior Toilets,TOILET_BLOCK,1956,601,1,POOR,2022-02-14
10037,2393,Performing Arts Centre,HALL,1989,560,2,CRITICAL,2020-08-02
10038,2393,Sports Hall,GYM,1975,497,2,GOOD,2024-10-14
10039,2395,Block D,CLASSROOM,1993,53,2,GOOD,2022-11-01
10040,2395,Administration Building,ADMIN,2017,751,2,CRITICAL,2023-08-14
10041,2395,Senior Toilets,TOILET_BLOCK,1976,546,1,FAIR,2024-10-16
10042,2395,Changing Rooms,SPORTS_PAVILION,1994,293,1,GOOD,2022-01-24
10043,2395,School Hall,HALL,1982,423,2,GOOD,2024-05-16
10044,2396,Senior Block,CLASSROOM,2022,279,1,CRITICAL,2020-05-28
10045,2396,Staff Block,ADMIN,2007,299,2,FAIR,2024-08-15
10046,2396,Sports Amenities,TOILET_BLOCK,1971,538,1,FAIR,2020-09-03
10047,2397,Block A,CLASSROOM,2004,262,2,FAIR,2023-04-18
10048,2397,Administration Building,ADMIN,1983,633,1,POOR,2020-07-23
10049,2397,Senior Toilets,TOILET_BLOCK,1978,144,1,GOOD,2023-08-01
10050,2397,Main Gymnasium,GYM,1972,202,1,FAIR,2021-10-22
10051,2397,Equipment Store,STORAGE,2006,63,1,GOOD,2024-08-18
10052,2398,Block E,CLASSROOM,2011,482,1,GOOD,2023-11-08
10053,2398,Staff Block,ADMIN,2001,738,2,FAIR,2020-05-08
10054,2398,Junior Toilets,TOILET_BLOCK,2016,235,1,POOR,2022-01-04
10055,2398,Main Gymnasium,GYM,1968,60,2,POOR,2024-08-11
10056,2398,School Hall,HALL,1983,210,1,FAIR,2020-06-27
10057,2400,Block E,CLASSROOM,2016,424,2,POOR,2024-05-29
10058,2400,Administration Building,ADMIN,1958,377,1,FAIR,2023-05-07
10059,2400,Junior Toilets,TOILET_BLOCK,1975,478,1,FAIR,2023-06-05
10060,2400,Sports Store,STORAGE,1970,91,1,FAIR,2022-03-10
10061,2400,School Library,LIBRARY,1995,561,1,GOOD,2021-02-03
10062,2400,Technology Workshop,WORKSHOP,2022,680,2,FAIR,2024-01-16
10063,2400,Fitness Centre,GYM,1991,470,1,FAIR,2021-03-18
10064,2400,School Hall,HALL,2010,396,1,GOOD,2021-03-11
10065,2401,Junior Block,CLASSROOM,2012,294,2,POOR,2023-09-26
10066,2401,Administration Building,ADMIN,1959,129,2,FAIR,2023-01-09
10067,2401,Staff Facilities,TOILET_BLOCK,1957,379,1,GOOD,2023-01-05
10068,2401,Maintenance Shed,STORAGE,1957,88,1,FAIR,2024-11-08
10069,2401,School Library,LIBRARY,1974,461,1,POOR,2023-08-29
10070,2402,Block D,CLASSROOM,1965,585,1,FAIR,2020-05-01
10071,2402,Administration Building,ADMIN,1956,462,1,FAIR,2021-04-17
10072,2402,Staff Facilities,TOILET_BLOCK,2018,502,1,FAIR,2022-05-22
10073,2402,Technology Workshop,WORKSHOP,1985,607,2,FAIR,2020-07-17
10074,2402,Assembly Hall,HALL,1953,138,1,POOR,2022-11-06
10075,2402,Fitness Centre,GYM,1958,753,2,FAIR,2023-06-22
10076,2402,Sports Pavilion,SPORTS_PAVILION,2002,570,1,GOOD,2024-12-02
10077,2402,Sports Store,STORAGE,1983,81,1,CRITICAL,2023-08-17
10078,2403,Block D,CLASSROOM,2019,590,1,FAIR,2023-12-19
10079,2403,Main Office,ADMIN,1976,421,1,FAIR,2024-03-13
10080,2403,Senior Toilets,TOILET_BLOCK,1988,149,1,FAIR,2022-01-19
10081,2403,Resource Centre,LIBRARY,1970,88,2,POOR,2022-07-16
10082,2404,Arts Block,CLASSROOM,1975,306,1,FAIR,2020-11-04
10083,2404,Main Office,ADMIN,1973,367,1,FAIR,2022-04-17
10084,2404,Sports Amenities,TOILET_BLOCK,2006,525,1,POOR,2023-06-06
10085,2405,Block B,CLASSROOM,2017,652,2,GOOD,2023-07-09
10086,2405,Staff Block,ADMIN,1966,511,2,GOOD,2020-03-01
10087,2405,Sports Amenities,TOILET_BLOCK,1971,220,1,FAIR,2020-02-13
10088,2405,Metal Workshop,WORKSHOP,1984,407,2,GOOD,2023-12-12
10089,2405,Sports Pavilion,SPORTS_PAVILION,1952,478,1,GOOD,2020-05-19
10090,2406,Technology Block,CLASSROOM,1980,415,2,POOR,2024-02-05
10091,2406,Administration Building,ADMIN,1970,707,2,FAIR,2024-10-26
10092,2406,Sports Amenities,TOILET_BLOCK,2003,715,1,GOOD,2022-05-19
10093,2406,Changing Rooms,SPORTS_PAVILION,2020,641,1,GOOD,2024-08-28
10094,2406,Assembly Hall,HALL,1964,699,1,FAIR,2021-10-09
10095,2407,Senior Block,CLASSROOM,1975,676,1,FAIR,2021-11-14
10096,2407,Main Office,ADMIN,1982,120,1,FAIR,2024-05-11
10097,2407,Junior Toilets,TOILET_BLOCK,1954,563,1,GOOD,2020-02-02
10098,2407,Changing Rooms,SPORTS_PAVILION,1998,490,1,POOR,2020-04-23
10099,2407,Fitness Centre,GYM,2003,593,2,FAIR,2021-07-02
10100,2409,Block A,CLASSROOM,2014,73,2,FAIR,2023-10-23
10101,2409,Main Office,ADMIN,1986,617,1,POOR,2024-10-09
10102,2409,Junior Toilets,TOILET_BLOCK,1965,216,1,POOR,2023-11-17
10103,2409,Changing Rooms,SPORTS_PAVILION,1978,119,1,GOOD,2021-01-02
10104,2409,Grounds Shed,STORAGE,2006,68,1,GOOD,2024-03-08
10105,2409,Wood Workshop,WORKSHOP,1997,319,2,FAIR,2022-11-25
10106,2409,School Library,LIBRARY,2011,528,1,GOOD,2021-03-19
10107,2409,Assembly Hall,HALL,1998,174,1,GOOD,2021-08-06
10108,2410,Block D,CLASSROOM,1988,580,2,FAIR,2022-10-31
10109,2410,Administration Building,ADMIN,1956,169,2,GOOD,2023-01-30
10110,2410,Senior Toilets,TOILET_BLOCK,2003,343,1,GOOD,2020-03-04
10111,2410,Changing Rooms,SPORTS_PAVILION,1997,534,1,POOR,2020-02-03
10112,2410,Resource Centre,LIBRARY,1983,485,2,POOR,2023-12-11
10113,2410,Technology Workshop,WORKSHOP,1960,220,1,FAIR,2024-03-10
10114,2412,Science Block,CLASSROOM,1979,308,1,FAIR,2024-02-25
10115,2412,Staff Block,ADMIN,1977,172,2,POOR,2022-03-12
10116,2412,Senior Toilets,TOILET_BLOCK,2003,340,1,FAIR,2024-05-10
10117,2412,Metal Workshop,WORKSHOP,1956,183,1,GOOD,2024-03-17
10118,2413,Arts Block,CLASSROOM,2013,388,2,FAIR,2022-05-14
10119,2413,Main Office,ADMIN,1981,187,2,POOR,2020-05-02
10120,2413,Junior Toilets,TOILET_BLOCK,1953,409,1,POOR,2020-04-21
10121,2413,School Library,LIBRARY,2015,60,2,GOOD,2022-02-13
10122,2414,Senior Block,CLASSROOM,2020,425,2,POOR,2022-10-09
10123,2414,Main Office,ADMIN,1958,632,2,GOOD,2024-10-31
10124,2414,Staff Facilities,TOILET_BLOCK,1973,724,1,FAIR,2020-03-18
10125,2416,Science Block,CLASSROOM,1996,568,2,FAIR,2021-03-30
10126,2416,Staff Block,ADMIN,1988,171,1,FAIR,2022-08-07
10127,2416,Sports Amenities,TOILET_BLOCK,1995,484,1,FAIR,2023-03-28
10128,2416,Technology Workshop,WORKSHOP,2007,335,2,CRITICAL,2022-07-25
10129,2416,Resource Centre,LIBRARY,1971,439,2,FAIR,2023-06-24
10130,2417,Senior Block,CLASSROOM,1980,55,1,POOR,2021-10-23
10131,2417,Staff Block,ADMIN,1999,728,1,FAIR,2021-11-01
10132,2417,Senior Toilets,TOILET_BLOCK,1975,656,1,GOOD,2024-06-09
10133,2418,Science Block,CLASSROOM,2007,409,1,GOOD,2022-08-09
10134,2418,Main Office,ADMIN,2020,325,1,FAIR,2021-09-13
10135,2418,Senior Toilets,TOILET_BLOCK,1983,239,1,CRITICAL,2024-02-02
10136,2418,Assembly Hall,HALL,2002,110,1,GOOD,2021-07-22
10137,2418,Equipment Store,STORAGE,1957,73,1,FAIR,2020-10-04
10138,2418,Food Technology,WORKSHOP,1950,385,2,FAIR,2020-07-08
10139,2418,Learning Centre,LIBRARY,1976,747,1,GOOD,2021-11-28
10140,2419,Block E,CLASSROOM,1985,682,2,POOR,2024-11-14
10141,2419,Main Office,ADMIN,1986,711,2,FAIR,2022-12-14
10142,2419,Junior Toilets,TOILET_BLOCK,1959,113,1,POOR,2021-07-24
10143,2419,Performing Arts Centre,HALL,1982,393,1,GOOD,2023-04-06
10144,2419,Fitness Centre,GYM,2001,583,1,GOOD,2024-12-03
10145,2419,Sports Pavilion,SPORTS_PAVILION,1970,391,1,POOR,2021-10-02
10146,2419,Food Technology,WORKSHOP,1972,195,1,GOOD,2021-05-16
10147,2419,Learning Centre,LIBRARY,1950,333,2,FAIR,2021-02-09
10148,2419,Equipment Store,STORAGE,2015,99,1,POOR,2020-09-09
10149,2420,Junior Block,CLASSROOM,2001,576,1,FAIR,2021-07-24
10150,2420,Main Office,ADMIN,1971,154,1,CRITICAL,2022-04-08
10151,2420,Sports Amenities,TOILET_BLOCK,2004,612,1,POOR,2023-02-01
10152,2424,Science Block,CLASSROOM,2010,796,1,CRITICAL,2022-10-09
10153,2424,Administration Building,ADMIN,1998,109,1,POOR,2020-11-29
10154,2424,Sports Amenities,TOILET_BLOCK,2016,451,1,FAIR,2022-09-14
10155,2424,Sports Hall,GYM,2013,511,1,FAIR,2022-01-13
10156,2424,Grounds Shed,STORAGE,1996,55,1,GOOD,2020-04-06
10157,2424,Cricket Pavilion,SPORTS_PAVILION,1956,546,1,FAIR,2022-12-06
10158,2424,Assembly Hall,HALL,1986,488,2,GOOD,2023-11-27
10159,2428,Senior Block,CLASSROOM,2015,75,2,FAIR,2023-03-19
10160,2428,Staff Block,ADMIN,2005,642,1,FAIR,2020-08-12
10161,2428,Sports Amenities,TOILET_BLOCK,1999,688,1,POOR,2024-06-08
10162,2428,Cricket Pavilion,SPORTS_PAVILION,2018,447,1,GOOD,2021-12-28
10163,2428,Sports Store,STORAGE,1988,76,1,FAIR,2022-11-07
10164,2429,Block C,CLASSROOM,2020,736,1,FAIR,2024-05-10
10165,2429,Main Office,ADMIN,1968,351,1,FAIR,2024-09-01
10166,2429,Junior Toilets,TOILET_BLOCK,1973,262,1,GOOD,2020-11-12
10167,2429,Sports Store,STORAGE,1981,69,1,GOOD,2021-08-17
10168,2429,Changing Rooms,SPORTS_PAVILION,1967,122,1,GOOD,2021-04-05
10169,2436,Junior Block,CLASSROOM,2013,289,2,GOOD,2023-07-07
10170,2436,Main Office,ADMIN,1968,358,1,GOOD,2023-02-15
10171,2436,Sports Amenities,TOILET_BLOCK,2016,462,1,GOOD,2021-04-16
10172,2436,Resource Centre,LIBRARY,1951,590,2,CRITICAL,2022-02-13
10173,2437,Block A,CLASSROOM,1956,506,2,GOOD,2023-08-12
10174,2437,Administration Building,ADMIN,2020,303,1,POOR,2024-02-29
10175,2437,Sports Amenities,TOILET_BLOCK,2012,178,1,FAIR,2022-07-03
10176,2437,Assembly Hall,HALL,2013,531,2,POOR,2022-09-10
10177,2437,Learning Centre,LIBRARY,1986,676,1,GOOD,2020-03-05
10178,2437,Cricket Pavilion,SPORTS_PAVILION,1976,446,1,POOR,2020-02-26
10179,2437,Maintenance Shed,STORAGE,1964,51,1,CRITICAL,2023-11-29
10180,2437,Main Gymnasium,GYM,1952,798,1,GOOD,2021-02-18
10181,2438,Block D,CLASSROOM,1984,724,2,FAIR,2020-02-05
10182,2438,Administration Building,ADMIN,1995,141,1,FAIR,2022-03-15
10183,2438,Sports Amenities,TOILET_BLOCK,1980,279,1,GOOD,2021-01-16
10184,2438,Cricket Pavilion,SPORTS_PAVILION,1987,598,1,FAIR,2020-01-26
10185,2439,Block E,CLASSROOM,1960,433,2,GOOD,2021-04-06
10186,2439,Staff Block,ADMIN,2014,106,1,FAIR,2020-07-23
10187,2439,Junior Toilets,TOILET_BLOCK,2012,383,1,FAIR,2024-10-10
10188,2439,Cricket Pavilion,SPORTS_PAVILION,1988,108,1,FAIR,2024-06-14
10189,2439,School Hall,HALL,2002,740,1,POOR,2023-06-10
10190,2439,Wood Workshop,WORKSHOP,2017,501,1,POOR,2020-12-08
10191,2439,Fitness Centre,GYM,1997,389,2,GOOD,2023-02-18
10192,2439,Grounds Shed,STORAGE,1957,91,1,GOOD,2021-04-17
10193,2440,Block C,CLASSROOM,1978,105,2,POOR,2024-10-04
10194,2440,Administration Building,ADMIN,1952,723,2,POOR,2023-07-02
10195,2440,Sports Amenities,TOILET_BLOCK,2020,708,1,FAIR,2024-01-13
10196,2440,Equipment Store,STORAGE,1972,89,1,POOR,2022-06-10
10197,2440,School Library,LIBRARY,1980,485,1,FAIR,2022-09-29
10198,2440,Metal Workshop,WORKSHOP,1994,679,1,FAIR,2023-09-19
10199,2441,Technology Block,CLASSROOM,1981,526,1,FAIR,2022-04-26
10200,2441,Administration Building,ADMIN,1994,50,1,FAIR,2023-11-05
10201,2441,Senior Toilets,TOILET_BLOCK,1988,176,1,GOOD,2023-01-24
10202,2441,Wood Workshop,WORKSHOP,1958,297,1,POOR,2021-11-01
10203,2441,Learning Centre,LIBRARY,1967,643,1,GOOD,2024-06-12
10204,2441,Sports Hall,GYM,2016,122,2,FAIR,2022-10-27
10205,2442,Block E,CLASSROOM,2021,105,1,GOOD,2020-04-08
10206,2442,Administration Building,ADMIN,1964,245,1,GOOD,2024-05-08
10207,2442,Sports Amenities,TOILET_BLOCK,2016,209,1,CRITICAL,2023-01-26
10208,2442,School Hall,HALL,2013,193,1,GOOD,2020-09-18
10209,2443,Block D,CLASSROOM,1991,203,2,GOOD,2024-01-30
10210,2443,Main Office,ADMIN,1988,732,2,FAIR,2020-08-26
10211,2443,Sports Amenities,TOILET_BLOCK,2000,382,1,GOOD,2022-10-28
10212,2445,Senior Block,CLASSROOM,1975,93,2,POOR,2023-06-05
10213,2445,Main Office,ADMIN,1953,451,2,GOOD,2023-10-26
10214,2445,Junior Toilets,TOILET_BLOCK,1994,246,1,GOOD,2023-10-28
10215,2445,Wood Workshop,WORKSHOP,1968,704,1,GOOD,2023-02-13
10216,2445,Sports Pavilion,SPORTS_PAVILION,1988,575,1,GOOD,2022-10-23
10217,2445,School Hall,HALL,2014,193,2,GOOD,2024-02-14
10218,2445,Sports Hall,GYM,2001,552,1,POOR,2023-04-27
10219,2445,Sports Store,STORAGE,1980,97,1,FAIR,2021-09-24
10220,2446,Block B,CLASSROOM,2001,565,1,POOR,2020-11-25
10221,2446,Staff Block,ADMIN,1974,772,2,FAIR,2021-07-23
10222,2446,Staff Facilities,TOILET_BLOCK,1963,600,1,FAIR,2023-03-01
10223,2446,Learning Centre,LIBRARY,2005,544,2,POOR,2022-11-19
10224,2446,School Hall,HALL,1971,239,1,FAIR,2021-07-24
10225,2447,Block D,CLASSROOM,2005,290,1,GOOD,2020-07-31
10226,2447,Staff Block,ADMIN,2000,636,1,POOR,2020-01-15
10227,2447,Staff Facilities,TOILET_BLOCK,2014,57,1,GOOD,2021-07-31
10228,2447,Learning Centre,LIBRARY,2013,171,1,GOOD,2020-11-27
10229,2447,Wood Workshop,WORKSHOP,1994,662,1,FAIR,2023-11-08
10230,2447,Equipment Store,STORAGE,2010,29,1,FAIR,2023-05-18
10231,2447,Sports Pavilion,SPORTS_PAVILION,1962,195,1,FAIR,2022-03-02
10232,2449,Block E,CLASSROOM,1979,343,1,GOOD,2023-01-29
10233,2449,Main Office,ADMIN,2009,227,1,POOR,2020-12-08
10234,2449,Junior Toilets,TOILET_BLOCK,2009,742,1,GOOD,2023-04-04
10235,2449,Main Gymnasium,GYM,1996,453,2,GOOD,2024-04-19
10236,2450,Technology Block,CLASSROOM,1961,795,1,FAIR,2020-06-11
10237,2450,Main Office,ADMIN,2013,453,2,GOOD,2024-11-02
10238,2450,Staff Facilities,TOILET_BLOCK,2007,156,1,POOR,2021-09-25
10239,2450,Performing Arts Centre,HALL,2003,272,2,FAIR,2024-10-03
10240,2450,Sports Pavilion,SPORTS_PAVILION,2007,610,1,GOOD,2024-10-22
10241,2451,Technology Block,CLASSROOM,1999,460,1,CRITICAL,2020-09-03
10242,2451,Staff Block,ADMIN,2022,212,2,FAIR,2024-05-23
10243,2451,Senior Toilets,TOILET_BLOCK,1980,437,1,CRITICAL,2022-02-06
10244,2451,Cricket Pavilion,SPORTS_PAVILION,1973,278,1,POOR,2022-07-11
10245,2452,Arts Block,CLASSROOM,1961,312,2,CRITICAL,2020-01-09
10246,2452,Administration Building,ADMIN,1967,114,2,GOOD,2022-04-30
10247,2452,Staff Facilities,TOILET_BLOCK,2016,215,1,POOR,2023-08-06
10248,2452,Fitness Centre,GYM,1955,83,2,FAIR,2021-10-24
10249,2453,Technology Block,CLASSROOM,1976,53,2,POOR,2020-04-10
10250,2453,Staff Block,ADMIN,2020,336,2,FAIR,2022-08-24
10251,2453,Staff Facilities,TOILET_BLOCK,2000,217,1,FAIR,2021-06-03
10252,2453,Sports Pavilion,SPORTS_PAVILION,2010,306,1,FAIR,2022-05-05
10253,2454,Senior Block,CLASSROOM,2018,620,2,GOOD,2020-05-31
10254,2454,Main Office,ADMIN,2008,574,1,CRITICAL,2023-10-14
10255,2454,Staff Facilities,TOILET_BLOCK,1982,755,1,FAIR,2024-07-07
10256,2454,Food Technology,WORKSHOP,2012,548,1,POOR,2021-04-27
10257,2454,Grounds Shed,STORAGE,1966,78,1,GOOD,2022-10-14
10258,2454,Sports Pavilion,SPORTS_PAVILION,2008,55,1,POOR,2023-09-29
10259,2454,Main Gymnasium,GYM,1968,326,2,POOR,2021-04-06
10260,2455,Block B,CLASSROOM,1952,312,2,FAIR,2020-07-10
10261,2455,Administration Building,ADMIN,1958,462,1,FAIR,2024-02-15
10262,2455,Senior Toilets,TOILET_BLOCK,1982,711,1,GOOD,2024-03-04
10263,2455,Wood Workshop,WORKSHOP,2018,734,2,FAIR,2021-09-27
10264,2456,Arts Block,CLASSROOM,2013,233,2,GOOD,2021-06-14
10265,2456,Staff Block,ADMIN,1978,540,1,FAIR,2024-11-11
10266,2456,Senior Toilets,TOILET_BLOCK,2007,757,1,FAIR,2021-09-14
10267,2456,Cricket Pavilion,SPORTS_PAVILION,2006,463,1,GOOD,2024-10-06
10268,2456,Equipment Store,STORAGE,1955,76,1,FAIR,2024-10-23
10269,2457,Arts Block,CLASSROOM,1974,788,1,POOR,2021-08-09
10270,2457,Administration Building,ADMIN,1983,133,1,POOR,2024-01-03
10271,2457,Senior Toilets,TOILET_BLOCK,2022,369,1,GOOD,2024-03-26
10272,2457,Main Gymnasium,GYM,1976,334,1,FAIR,2024-09-22
10273,2457,Assembly Hall,HALL,1999,184,1,POOR,2020-07-25
10274,2460,Block A,CLASSROOM,1959,206,2,POOR,2023-03-01
10275,2460,Administration Building,ADMIN,2022,577,2,FAIR,2023-04-23
10276,2460,Staff Facilities,TOILET_BLOCK,2005,789,1,POOR,2022-12-05
10277,2460,Sports Pavilion,SPORTS_PAVILION,2005,191,1,GOOD,2024-05-14
10278,2460,Resource Centre,LIBRARY,2009,224,2,GOOD,2020-07-13
10279,2460,Wood Workshop,WORKSHOP,1988,696,2,FAIR,2021-12-14
10280,2460,Assembly Hall,HALL,2004,151,2,GOOD,2024-10-19
10281,2461,Block D,CLASSROOM,2021,164,1,FAIR,2020-06-13
10282,2461,Main Office,ADMIN,2012,626,2,CRITICAL,2022-02-18
10283,2461,Sports Amenities,TOILET_BLOCK,1998,112,1,GOOD,2022-09-28
10284,2461,Equipment Store,STORAGE,1992,74,1,CRITICAL,2021-10-17
10285,2462,Arts Block,CLASSROOM,1988,522,2,GOOD,2022-10-12
10286,2462,Staff Block,ADMIN,1958,346,2,CRITICAL,2022-01-26
10287,2462,Junior Toilets,TOILET_BLOCK,1968,398,1,POOR,2021-11-24
10288,2463,Science Block,CLASSROOM,1994,521,1,GOOD,2022-01-14
10289,2463,Administration Building,ADMIN,1955,687,2,CRITICAL,2021-05-10
10290,2463,Staff Facilities,TOILET_BLOCK,1950,483,1,POOR,2024-05-06
10291,2463,Performing Arts Centre,HALL,1954,790,2,POOR,2024-01-18
10292,2465,Technology Block,CLASSROOM,1972,149,2,FAIR,2024-09-03
10293,2465,Main Office,ADMIN,1975,453,2,GOOD,2020-09-25
10294,2465,Senior Toilets,TOILET_BLOCK,1960,167,1,POOR,2020-07-27
10295,2465,Sports Pavilion,SPORTS_PAVILION,1963,400,1,POOR,2024-05-28
10296,2466,Science Block,CLASSROOM,2015,459,1,GOOD,2023-05-23
10297,2466,Main Office,ADMIN,1981,400,2,POOR,2021-12-02
10298,2466,Sports Amenities,TOILET_BLOCK,2015,515,1,GOOD,2024-11-19
10299,2466,School Library,LIBRARY,1999,447,2,GOOD,2024-03-22
10300,2466,School Hall,HALL,2019,55,1,GOOD,2020-08-30
10301,2466,Sports Store,STORAGE,2001,90,1,GOOD,2023-01-25
10302,2466,Main Gymnasium,GYM,1993,372,1,GOOD,2022-05-13
10303,2466,Changing Rooms,SPORTS_PAVILION,2010,385,1,POOR,2024-08-13
10304,2467,Block E,CLASSROOM,1958,147,2,GOOD,2021-07-28
10305,2467,Main Office,ADMIN,1964,575,2,POOR,2022-12-01
10306,2467,Senior Toilets,TOILET_BLOCK,2022,558,1,GOOD,2020-09-20
10307,2468,Junior Block,CLASSROOM,1989,560,1,POOR,2022-02-06
10308,2468,Staff Block,ADMIN,1980,244,1,CRITICAL,2020-06-21
10309,2468,Senior Toilets,TOILET_BLOCK,1960,152,1,GOOD,2020-11-08
10310,2468,Sports Store,STORAGE,1974,49,1,GOOD,2020-09-23
10311,2468,Wood Workshop,WORKSHOP,1951,532,2,GOOD,2023-06-08
10312,2469,Block E,CLASSROOM,1960,779,1,GOOD,2021-11-27
10313,2469,Main Office,ADMIN,1992,600,1,GOOD,2024-07-02
10314,2469,Sports Amenities,TOILET_BLOCK,2001,719,1,FAIR,2020-09-10
10315,2469,School Hall,HALL,1992,475,1,GOOD,2020-05-31
10316,2469,Metal Workshop,WORKSHOP,1992,169,1,GOOD,2023-11-27
10317,2472,Junior Block,CLASSROOM,2008,295,2,POOR,2024-08-14
10318,2472,Main Office,ADMIN,1993,494,1,FAIR,2023-02-20
10319,2472,Staff Facilities,TOILET_BLOCK,1994,485,1,FAIR,2021-10-14
10320,2472,Cricket Pavilion,SPORTS_PAVILION,1999,301,1,POOR,2021-12-05
10321,2474,Block A,CLASSROOM,1993,711,2,GOOD,2020-04-07
10322,2474,Staff Block,ADMIN,1999,712,2,FAIR,2023-07-11
10323,2474,Staff Facilities,TOILET_BLOCK,2013,695,1,FAIR,2020-11-03
10324,2475,Block B,CLASSROOM,1988,775,2,GOOD,2022-06-25
10325,2475,Administration Building,ADMIN,2014,678,2,FAIR,2021-12-12
10326,2475,Junior Toilets,TOILET_BLOCK,2002,702,1,GOOD,2020-11-01
10327,2475,Resource Centre,LIBRARY,1973,596,2,GOOD,2024-07-06
10328,2475,School Hall,HALL,1993,769,2,FAIR,2024-02-11
10329,2476,Block D,CLASSROOM,2011,613,2,POOR,2021-03-21
10330,2476,Main Office,ADMIN,1962,595,2,POOR,2023-10-27
10331,2476,Junior Toilets,TOILET_BLOCK,2003,402,1,POOR,2020-11-19
10332,2476,Technology Workshop,WORKSHOP,1978,603,1,GOOD,2020-02-10
10333,2477,Technology Block,CLASSROOM,1998,697,2,GOOD,2024-08-15
10334,2477,Administration Building,ADMIN,2001,235,2,GOOD,2023-12-18
10335,2477,Staff Facilities,TOILET_BLOCK,1963,715,1,GOOD,2020-10-02
10336,2477,Cricket Pavilion,SPORTS_PAVILION,2002,768,1,GOOD,2023-06-28
10337,2477,Wood Workshop,WORKSHOP,1982,205,2,CRITICAL,2020-02-22
10338,2478,Arts Block,CLASSROOM,1972,335,2,FAIR,2020-05-04
10339,2478,Main Office,ADMIN,1958,508,1,FAIR,2024-01-02
10340,2478,Staff Facilities,TOILET_BLOCK,1961,325,1,FAIR,2022-11-30
10341,2478,Technology Workshop,WORKSHOP,2008,105,2,GOOD,2022-01-12
10342,2478,Sports Store,STORAGE,2021,96,1,POOR,2022-03-16
10343,2479,Block A,CLASSROOM,1982,415,2,POOR,2021-04-28
10344,2479,Main Office,ADMIN,2011,239,2,FAIR,2022-02-02
10345,2479,Staff Facilities,TOILET_BLOCK,1987,480,1,FAIR,2022-09-11
10346,2479,Performing Arts Centre,HALL,1967,236,1,GOOD,2020-12-28
10347,2479,Learning Centre,LIBRARY,2000,535,2,GOOD,2020-12-07
10348,2479,Grounds Shed,STORAGE,2017,97,1,GOOD,2023-08-20
10349,2479,Fitness Centre,GYM,2019,769,1,GOOD,2023-12-10
10350,2480,Block B,CLASSROOM,1963,130,2,CRITICAL,2020-01-17
10351,2480,Administration Building,ADMIN,1997,237,1,FAIR,2023-10-01
10352,2480,Staff Facilities,TOILET_BLOCK,1951,187,1,GOOD,2020-04-17
10353,2480,School Hall,HALL,1973,679,2,POOR,2020-08-21
10354,2480,Wood Workshop,WORKSHOP,1994,397,1,GOOD,2023-05-16
10355,2481,Block A,CLASSROOM,1955,537,1,GOOD,2023-09-18
10356,2481,Staff Block,ADMIN,1969,232,2,FAIR,2022-06-30
10357,2481,Sports Amenities,TOILET_BLOCK,1961,451,1,FAIR,2022-02-26
10358,2481,Resource Centre,LIBRARY,2014,567,2,GOOD,2023-07-21
10359,2481,Cricket Pavilion,SPORTS_PAVILION,1959,313,1,GOOD,2021-05-19
10360,2481,Food Technology,WORKSHOP,2014,76,1,FAIR,2021-06-27
10361,2481,Sports Hall,GYM,1956,584,1,GOOD,2021-06-29
10362,2482,Junior Block,CLASSROOM,1953,513,2,GOOD,2021-07-04
10363,2482,Main Office,ADMIN,1987,502,2,FAIR,2023-09-30
10364,2482,Senior Toilets,TOILET_BLOCK,1960,496,1,FAIR,2022-08-30
10365,2482,Changing Rooms,SPORTS_PAVILION,2010,53,1,FAIR,2020-07-20
10366,2482,Resource Centre,LIBRARY,2001,511,2,POOR,2022-05-25
10367,2483,Block E,CLASSROOM,1984,756,1,GOOD,2023-01-22
10368,2483,Administration Building,ADMIN,2007,598,2,POOR,2022-04-22
10369,2483,Sports Amenities,TOILET_BLOCK,1962,244,1,FAIR,2021-03-15
10370,2483,Assembly Hall,HALL,1953,338,2,GOOD,2023-05-25
10371,2484,Block A,CLASSROOM,1965,474,1,GOOD,2022-06-19
10372,2484,Administration Building,ADMIN,1961,774,1,GOOD,2023-05-30
10373,2484,Sports Amenities,TOILET_BLOCK,1976,275,1,GOOD,2020-11-06
10374,2484,Food Technology,WORKSHOP,2018,76,1,POOR,2021-07-24
10375,2484,Resource Centre,LIBRARY,1950,607,2,GOOD,2022-06-13
10376,2542,Block A,CLASSROOM,1988,431,1,GOOD,2022-02-03
10377,2542,Administration Building,ADMIN,2007,184,2,POOR,2022-07-04
10378,2542,Junior Toilets,TOILET_BLOCK,1997,179,1,FAIR,2022-12-17
10379,2542,Sports Store,STORAGE,1996,98,1,POOR,2022-03-09
10380,2542,Cricket Pavilion,SPORTS_PAVILION,1972,579,1,GOOD,2024-07-28
10381,2543,Block E,CLASSROOM,2006,372,1,POOR,2020-03-16
10382,2543,Administration Building,ADMIN,1975,263,1,POOR,2021-11-21
10383,2543,Staff Facilities,TOILET_BLOCK,2009,688,1,GOOD,2021-11-09
10384,2543,Metal Workshop,WORKSHOP,1999,220,1,POOR,2024-05-14
10385,2543,Performing Arts Centre,HALL,2010,416,2,GOOD,2022-01-31
10386,2544,Junior Block,CLASSROOM,2012,105,1,FAIR,2022-02-25
10387,2544,Main Office,ADMIN,2017,52,2,FAIR,2021-05-26
10388,2544,Junior Toilets,TOILET_BLOCK,2002,619,1,GOOD,2021-12-24
10389,2544,School Hall,HALL,1954,531,2,GOOD,2024-02-17
10390,2544,Sports Pavilion,SPORTS_PAVILION,1991,216,1,POOR,2024-04-25
10391,2544,Learning Centre,LIBRARY,1990,89,2,FAIR,2022-07-07
10392,2546,Junior Block,CLASSROOM,2017,135,1,CRITICAL,2023-04-22
10393,2546,Main Office,ADMIN,1959,510,1,GOOD,2024-04-13
10394,2546,Senior Toilets,TOILET_BLOCK,2008,411,1,GOOD,2020-07-10
10395,2546,Learning Centre,LIBRARY,1952,652,2,POOR,2021-01-20
10396,2546,Fitness Centre,GYM,2007,477,2,GOOD,2023-02-10
10397,2546,Maintenance Shed,STORAGE,1972,49,1,GOOD,2023-03-21
10398,2546,Technology Workshop,WORKSHOP,1999,718,2,FAIR,2020-09-26
10399,2546,School Hall,HALL,2000,793,2,FAIR,2022-06-28
10400,2547,Senior Block,CLASSROOM,1991,56,1,GOOD,2021-04-18
10401,2547,Main Office,ADMIN,1983,605,1,FAIR,2023-08-23
10402,2547,Junior Toilets,TOILET_BLOCK,1993,360,1,GOOD,2021-11-16
10403,2547,Grounds Shed,STORAGE,1953,84,1,GOOD,2020-03-25
10404,2548,Block C,CLASSROOM,2005,277,1,FAIR,2021-06-28
10405,2548,Main Office,ADMIN,1964,281,2,FAIR,2024-03-21
10406,2548,Senior Toilets,TOILET_BLOCK,1975,798,1,GOOD,2024-03-25
10407,2548,Performing Arts Centre,HALL,1979,253,2,GOOD,2022-09-05
10408,2548,Fitness Centre,GYM,2011,729,1,FAIR,2021-04-24
10409,2549,Senior Block,CLASSROOM,2009,657,2,GOOD,2022-10-03
10410,2549,Staff Block,ADMIN,1971,798,1,CRITICAL,2023-09-24
10411,2549,Staff Facilities,TOILET_BLOCK,2003,630,1,POOR,2021-08-16
10412,2549,Sports Hall,GYM,1998,438,1,GOOD,2020-06-05
10413,2549,Grounds Shed,STORAGE,1971,79,1,POOR,2021-01-13
10414,2549,Changing Rooms,SPORTS_PAVILION,1988,100,1,GOOD,2022-01-08
10415,2549,Assembly Hall,HALL,1953,560,2,POOR,2024-02-24
10416,2549,Metal Workshop,WORKSHOP,1965,150,2,FAIR,2022-09-24
10417,2553,Science Block,CLASSROOM,2007,72,2,GOOD,2022-08-05
10418,2553,Staff Block,ADMIN,2009,176,2,POOR,2023-10-21
10419,2553,Staff Facilities,TOILET_BLOCK,1952,104,1,FAIR,2023-01-31
10420,2553,Assembly Hall,HALL,2009,250,1,POOR,2022-09-20
10421,2553,Food Technology,WORKSHOP,1968,554,1,FAIR,2022-02-12
10422,2553,Resource Centre,LIBRARY,1953,571,2,GOOD,2022-01-30
10423,2553,Main Gymnasium,GYM,2007,154,1,FAIR,2023-07-30
10424,2553,Equipment Store,STORAGE,2001,22,1,GOOD,2020-04-26
10425,2554,Block E,CLASSROOM,1977,501,2,FAIR,2020-07-03
10426,2554,Staff Block,ADMIN,1978,171,2,FAIR,2023-03-22
10427,2554,Junior Toilets,TOILET_BLOCK,1971,127,1,GOOD,2022-12-22
10428,2555,Senior Block,CLASSROOM,2008,80,2,GOOD,2021-04-20
10429,2555,Staff Block,ADMIN,1982,122,2,GOOD,2023-11-15
10430,2555,Junior Toilets,TOILET_BLOCK,1977,413,1,GOOD,2023-09-13
10431,2556,Arts Block,CLASSROOM,2000,392,2,FAIR,2023-05-19
10432,2556,Administration Building,ADMIN,2020,528,1,GOOD,2024-01-20
10433,2556,Staff Facilities,TOILET_BLOCK,1959,497,1,POOR,2023-05-04
10434,2556,Sports Hall,GYM,1975,126,2,GOOD,2021-04-23
10435,2556,Learning Centre,LIBRARY,2014,610,2,GOOD,2020-12-24
10436,2557,Arts Block,CLASSROOM,1988,531,2,POOR,2023-11-09
10437,2557,Main Office,ADMIN,2001,508,2,GOOD,2024-03-14
10438,2557,Sports Amenities,TOILET_BLOCK,2013,255,1,GOOD,2020-04-19
10439,2557,School Hall,HALL,2020,220,2,FAIR,2020-05-23
10440,2557,Cricket Pavilion,SPORTS_PAVILION,1957,736,1,CRITICAL,2024-05-16
10441,2557,Main Gymnasium,GYM,2003,637,1,FAIR,2024-05-13
10442,2558,Technology Block,CLASSROOM,1995,790,1,FAIR,2023-02-16
10443,2558,Administration Building,ADMIN,1986,789,2,FAIR,2021-01-08
10444,2558,Junior Toilets,TOILET_BLOCK,1968,186,1,POOR,2022-09-01
10445,2560,Block A,CLASSROOM,2013,492,1,POOR,2022-12-19
10446,2560,Staff Block,ADMIN,2011,697,1,POOR,2020-12-23
10447,2560,Sports Amenities,TOILET_BLOCK,1994,535,1,GOOD,2024-06-04
10448,2560,Wood Workshop,WORKSHOP,1982,515,2,GOOD,2021-09-27
10449,2560,Fitness Centre,GYM,1993,582,2,GOOD,2021-03-13
10450,2561,Block C,CLASSROOM,2003,328,1,GOOD,2023-05-14
10451,2561,Main Office,ADMIN,2001,581,1,GOOD,2020-06-11
10452,2561,Junior Toilets,TOILET_BLOCK,2020,359,1,FAIR,2022-07-20
10453,2561,Main Gymnasium,GYM,2016,411,2,CRITICAL,2022-06-23
10454,2561,Assembly Hall,HALL,2002,172,1,FAIR,2022-06-04
10455,2562,Senior Block,CLASSROOM,1987,93,1,POOR,2023-08-28
10456,2562,Main Office,ADMIN,1956,687,1,GOOD,2022-11-16
10457,2562,Sports Amenities,TOILET_BLOCK,1966,307,1,POOR,2020-11-25
10458,2563,Block C,CLASSROOM,1954,391,2,GOOD,2024-04-14
10459,2563,Main Office,ADMIN,1971,739,2,GOOD,2022-03-12
10460,2563,Junior Toilets,TOILET_BLOCK,1959,330,1,FAIR,2021-01-22
10461,2563,Maintenance Shed,STORAGE,2006,91,1,FAIR,2022-07-20
10462,2563,Food Technology,WORKSHOP,2011,478,2,GOOD,2022-06-08
10463,2563,Learning Centre,LIBRARY,1971,200,1,CRITICAL,2021-07-02
10464,2564,Block A,CLASSROOM,1974,90,2,GOOD,2020-08-19
10465,2564,Staff Block,ADMIN,1970,50,1,GOOD,2024-06-18
10466,2564,Senior Toilets,TOILET_BLOCK,1963,418,1,GOOD,2024-01-26
10467,2564,Wood Workshop,WORKSHOP,1968,731,2,GOOD,2024-09-06
10468,2564,School Library,LIBRARY,1999,84,1,GOOD,2022-08-28
10469,2564,Assembly Hall,HALL,2011,233,2,GOOD,2020-01-31
10470,2564,Sports Store,STORAGE,1987,66,1,FAIR,2020-12-30
10471,2566,Block E,CLASSROOM,1979,513,2,GOOD,2022-05-31
10472,2566,Main Office,ADMIN,1954,275,1,FAIR,2021-03-07
10473,2566,Staff Facilities,TOILET_BLOCK,2010,190,1,FAIR,2024-07-03
10474,2566,Sports Pavilion,SPORTS_PAVILION,1999,476,1,GOOD,2024-03-31
10475,2566,Resource Centre,LIBRARY,1969,404,1,FAIR,2022-02-06
10476,2566,Metal Workshop,WORKSHOP,2006,464,1,GOOD,2022-08-27
10477,2566,Equipment Store,STORAGE,1950,46,1,FAIR,2024-10-04
10478,2566,Sports Hall,GYM,2021,265,2,FAIR,2020-01-08
10479,2566,Assembly Hall,HALL,1991,757,2,FAIR,2024-07-20
10480,2566,Block C,CLASSROOM,1990,599,2,FAIR,2022-05-25
10481,2567,Block C,CLASSROOM,1961,228,1,FAIR,2023-11-22
10482,2567,Staff Block,ADMIN,1969,196,1,GOOD,2022-12-07
10483,2567,Staff Facilities,TOILET_BLOCK,1971,454,1,FAIR,2023-07-03
10484,2567,Changing Rooms,SPORTS_PAVILION,1987,683,1,FAIR,2020-04-23
10485,2567,Resource Centre,LIBRARY,1955,376,1,FAIR,2023-06-28
10486,2567,Maintenance Shed,STORAGE,2017,54,1,FAIR,2021-10-28
10487,2569,Technology Block,CLASSROOM,2016,645,1,FAIR,2023-04-06
10488,2569,Staff Block,ADMIN,1999,656,2,GOOD,2022-05-01
10489,2569,Sports Amenities,TOILET_BLOCK,2006,434,1,GOOD,2021-11-20
10490,2569,School Hall,HALL,1958,63,2,FAIR,2023-07-20
10491,2569,Cricket Pavilion,SPORTS_PAVILION,1996,280,1,FAIR,2020-10-09
10492,2569,Main Gymnasium,GYM,2002,480,2,FAIR,2021-08-24
10493,2569,Wood Workshop,WORKSHOP,1964,461,2,GOOD,2021-02-23
10494,2569,Learning Centre,LIBRARY,1980,540,2,GOOD,2020-07-21
10495,2570,Block C,CLASSROOM,1978,133,1,POOR,2023-08-24
10496,2570,Staff Block,ADMIN,2003,140,2,FAIR,2021-02-19
10497,2570,Sports Amenities,TOILET_BLOCK,2019,566,1,POOR,2024-08-08
10498,2570,Assembly Hall,HALL,1982,622,2,GOOD,2023-02-04
10499,2570,School Library,LIBRARY,1958,578,1,POOR,2022-09-28
10500,2570,Cricket Pavilion,SPORTS_PAVILION,1995,557,1,GOOD,2024-01-17
10501,2570,Sports Hall,GYM,1971,602,2,FAIR,2023-02-04
10502,2571,Block B,CLASSROOM,1977,205,2,POOR,2022-01-09
10503,2571,Staff Block,ADMIN,1955,588,1,GOOD,2023-12-31
10504,2571,Sports Amenities,TOILET_BLOCK,1992,471,1,POOR,2022-12-05
10505,2572,Arts Block,CLASSROOM,1994,313,1,POOR,2020-06-16
10506,2572,Main Office,ADMIN,1988,639,1,POOR,2021-10-25
10507,2572,Sports Amenities,TOILET_BLOCK,2013,126,1,GOOD,2023-03-25
10508,2572,Metal Workshop,WORKSHOP,2022,154,2,POOR,2022-08-20
10509,2572,Assembly Hall,HALL,1957,669,2,FAIR,2021-01-26
10510,2572,School Library,LIBRARY,2001,169,1,GOOD,2024-08-11
10511,2572,Sports Store,STORAGE,2002,43,1,FAIR,2021-03-08
10512,2572,Cricket Pavilion,SPORTS_PAVILION,1986,356,1,FAIR,2022-03-13
10513,2572,Fitness Centre,GYM,1956,421,2,CRITICAL,2022-02-05
10514,2572,Block D,CLASSROOM,2017,680,2,FAIR,2023-04-18
10515,2573,Technology Block,CLASSROOM,2002,695,1,GOOD,2023-07-13
10516,2573,Main Office,ADMIN,2001,496,1,GOOD,2021-06-12
10517,2573,Senior Toilets,TOILET_BLOCK,1976,288,1,FAIR,2022-01-10
10518,2573,School Library,LIBRARY,2016,431,1,FAIR,2020-03-27
10519,2573,Equipment Store,STORAGE,2020,57,1,GOOD,2023-08-23
10520,2573,Metal Workshop,WORKSHOP,2000,623,1,FAIR,2021-09-16
10521,2573,Main Gymnasium,GYM,2021,750,1,POOR,2020-04-07
10522,2573,Performing Arts Centre,HALL,2001,556,1,POOR,2021-01-23
10523,2573,Sports Pavilion,SPORTS_PAVILION,2014,573,1,POOR,2020-05-02
10524,2574,Block D,CLASSROOM,2018,504,1,FAIR,2021-07-24
10525,2574,Main Office,ADMIN,1953,400,1,GOOD,2024-09-28
10526,2574,Senior Toilets,TOILET_BLOCK,1994,598,1,GOOD,2021-06-13
10527,2574,Technology Workshop,WORKSHOP,1971,574,2,FAIR,2020-12-19
10528,2574,Main Gymnasium,GYM,2001,790,1,POOR,2021-10-14
10529,2574,School Library,LIBRARY,1952,475,2,GOOD,2023-04-28
10530,2575,Junior Block,CLASSROOM,1980,245,1,FAIR,2021-02-14
10531,2575,Staff Block,ADMIN,1984,112,2,POOR,2023-05-22
10532,2575,Staff Facilities,TOILET_BLOCK,1993,140,1,GOOD,2022-05-23
10533,2575,Maintenance Shed,STORAGE,1964,68,1,FAIR,2021-12-14
10534,2575,Sports Hall,GYM,1972,224,1,FAIR,2020-06-16
10535,2575,Technology Workshop,WORKSHOP,1987,606,1,FAIR,2023-02-05
10536,2575,Changing Rooms,SPORTS_PAVILION,1984,244,1,FAIR,2021-10-18
10537,2578,Science Block,CLASSROOM,1961,579,1,GOOD,2023-08-20
10538,2578,Administration Building,ADMIN,2006,249,1,GOOD,2024-03-20
10539,2578,Junior Toilets,TOILET_BLOCK,2016,672,1,FAIR,2023-05-16
10540,2581,Block C,CLASSROOM,1998,667,2,GOOD,2020-07-11
10541,2581,Administration Building,ADMIN,1955,310,2,FAIR,2020-04-18
10542,2581,Junior Toilets,TOILET_BLOCK,1989,348,1,FAIR,2024-07-10
10543,2581,Changing Rooms,SPORTS_PAVILION,2003,460,1,FAIR,2023-04-10
10544,2581,Grounds Shed,STORAGE,1972,86,1,GOOD,2022-01-17
10545,2581,School Hall,HALL,1997,447,1,FAIR,2021-09-20
10546,2581,Resource Centre,LIBRARY,1953,562,1,FAIR,2021-04-26
10547,2581,Technology Workshop,WORKSHOP,1993,183,2,POOR,2021-08-15
10548,2582,Block A,CLASSROOM,2017,464,1,GOOD,2022-06-05
10549,2582,Administration Building,ADMIN,1976,283,2,GOOD,2022-01-15
10550,2582,Sports Amenities,TOILET_BLOCK,1950,149,1,POOR,2020-01-19
10551,2584,Arts Block,CLASSROOM,1986,371,2,POOR,2022-03-27
10552,2584,Staff Block,ADMIN,1964,256,1,POOR,2024-10-18
10553,2584,Staff Facilities,TOILET_BLOCK,2001,365,1,CRITICAL,2023-09-10
10554,2584,Maintenance Shed,STORAGE,1959,90,1,GOOD,2024-08-03
10555,2584,Resource Centre,LIBRARY,1959,542,2,GOOD,2023-05-29
10556,2584,Sports Hall,GYM,1990,682,1,POOR,2024-02-17
10557,2584,School Hall,HALL,1982,513,1,FAIR,2021-03-13
10558,2584,Technology Workshop,WORKSHOP,1988,539,2,FAIR,2022-09-28
10559,2585,Block D,CLASSROOM,1982,442,1,FAIR,2021-07-04
10560,2585,Main Office,ADMIN,2001,66,1,FAIR,2021-01-08
10561,2585,Junior Toilets,TOILET_BLOCK,1989,332,1,FAIR,2020-04-05
10562,2587,Junior Block,CLASSROOM,2022,162,2,GOOD,2020-01-04
10563,2587,Administration Building,ADMIN,2006,172,1,POOR,2021-08-19
10564,2587,Staff Facilities,TOILET_BLOCK,1979,618,1,CRITICAL,2021-04-29
10565,2588,Arts Block,CLASSROOM,1992,296,1,GOOD,2021-09-15
10566,2588,Staff Block,ADMIN,1998,59,1,POOR,2024-04-12
10567,2588,Sports Amenities,TOILET_BLOCK,1996,303,1,POOR,2022-11-30
10568,2590,Block D,CLASSROOM,1958,295,2,FAIR,2020-12-12
10569,2590,Staff Block,ADMIN,1990,501,2,POOR,2024-10-25
10570,2590,Sports Amenities,TOILET_BLOCK,2017,726,1,POOR,2021-10-17
10571,2590,Assembly Hall,HALL,1956,189,2,GOOD,2021-12-24
10572,2590,Changing Rooms,SPORTS_PAVILION,2014,295,1,POOR,2022-08-01
10573,2590,Metal Workshop,WORKSHOP,1978,631,2,GOOD,2024-08-07
10574,2590,Sports Hall,GYM,1990,725,1,FAIR,2022-03-20
10575,2592,Junior Block,CLASSROOM,1981,528,2,FAIR,2022-08-09
10576,2592,Main Office,ADMIN,2000,89,1,POOR,2024-05-30
10577,2592,Senior Toilets,TOILET_BLOCK,1955,59,1,FAIR,2021-08-22
10578,2592,Learning Centre,LIBRARY,1961,594,1,FAIR,2024-12-01
10579,2592,Performing Arts Centre,HALL,2021,197,2,GOOD,2024-12-03
10580,2592,Changing Rooms,SPORTS_PAVILION,2005,197,1,CRITICAL,2024-06-15
10581,2592,Grounds Shed,STORAGE,2018,20,1,FAIR,2023-10-22
10582,2593,Block C,CLASSROOM,1956,127,1,POOR,2022-12-31
10583,2593,Administration Building,ADMIN,2003,452,2,POOR,2022-05-30
10584,2593,Sports Amenities,TOILET_BLOCK,2016,546,1,FAIR,2024-07-15
10585,2594,Block E,CLASSROOM,1953,669,1,GOOD,2020-08-04
10586,2594,Staff Block,ADMIN,2017,112,1,GOOD,2020-08-04
10587,2594,Junior Toilets,TOILET_BLOCK,1999,112,1,CRITICAL,2022-02-14
10588,2595,Science Block,CLASSROOM,1981,348,1,FAIR,2022-05-21
10589,2595,Staff Block,ADMIN,1976,544,1,FAIR,2022-10-26
10590,2595,Senior Toilets,TOILET_BLOCK,1959,740,1,POOR,2021-12-25
10591,2597,Technology Block,CLASSROOM,1998,651,1,CRITICAL,2024-01-06
10592,2597,Staff Block,ADMIN,1954,538,1,CRITICAL,2021-12-23
10593,2597,Staff Facilities,TOILET_BLOCK,1972,561,1,GOOD,2023-06-23
10594,2597,Technology Workshop,WORKSHOP,2007,783,2,FAIR,2021-10-12
10595,2597,School Hall,HALL,1967,325,2,GOOD,2021-09-19
10596,2597,Fitness Centre,GYM,1976,268,1,GOOD,2024-08-31
10597,2599,Science Block,CLASSROOM,1993,209,1,GOOD,2023-11-25
10598,2599,Staff Block,ADMIN,2007,550,2,GOOD,2021-10-02
10599,2599,Junior Toilets,TOILET_BLOCK,2010,405,1,FAIR,2023-01-25
10600,2599,Changing Rooms,SPORTS_PAVILION,1984,288,1,GOOD,2021-09-22
10601,2600,Junior Block,CLASSROOM,1976,181,1,GOOD,2022-05-17
10602,2600,Main Office,ADMIN,2012,564,2,POOR,2023-04-21
10603,2600,Staff Facilities,TOILET_BLOCK,1955,330,1,CRITICAL,2024-04-22
10604,2600,Fitness Centre,GYM,2022,648,1,FAIR,2021-10-06
10605,2600,Resource Centre,LIBRARY,2011,619,2,POOR,2020-04-18
10606,2602,Block D,CLASSROOM,2005,638,2,GOOD,2021-05-06
10607,2602,Staff Block,ADMIN,2012,591,1,GOOD,2021-11-20
10608,2602,Sports Amenities,TOILET_BLOCK,1977,649,1,POOR,2020-05-18
10609,2602,Sports Hall,GYM,1960,502,1,GOOD,2020-01-26
10610,2602,School Hall,HALL,1968,749,2,FAIR,2020-09-03
10611,2602,School Library,LIBRARY,1961,700,2,GOOD,2024-09-23
10612,2602,Technology Workshop,WORKSHOP,2010,460,2,FAIR,2024-06-11
10613,2602,Sports Pavilion,SPORTS_PAVILION,2000,612,1,GOOD,2024-06-26
10614,2604,Block C,CLASSROOM,1958,113,1,GOOD,2022-09-22
10615,2604,Staff Block,ADMIN,2004,525,2,GOOD,2024-08-18
10616,2604,Sports Amenities,TOILET_BLOCK,1975,310,1,FAIR,2021-07-01
10617,2604,Grounds Shed,STORAGE,1999,35,1,POOR,2020-03-12
10618,2606,Block A,CLASSROOM,1950,511,1,GOOD,2023-08-22
10619,2606,Administration Building,ADMIN,2017,699,2,GOOD,2023-02-26
10620,2606,Senior Toilets,TOILET_BLOCK,1955,638,1,FAIR,2021-06-03
10621,2606,Wood Workshop,WORKSHOP,1993,601,1,POOR,2023-07-16
10622,2606,School Hall,HALL,2018,787,1,GOOD,2022-09-21
10623,2606,School Library,LIBRARY,1958,591,2,GOOD,2022-01-12
10624,2606,Sports Pavilion,SPORTS_PAVILION,2016,448,1,FAIR,2023-09-09
10625,2606,Sports Store,STORAGE,1980,77,1,GOOD,2024-04-01
10626,2609,Block A,CLASSROOM,2011,76,2,GOOD,2024-11-19
10627,2609,Staff Block,ADMIN,1983,741,1,FAIR,2021-10-31
10628,2609,Staff Facilities,TOILET_BLOCK,1971,619,1,GOOD,2023-07-01
10629,2609,Metal Workshop,WORKSHOP,1970,459,1,FAIR,2021-11-22
10630,2609,Sports Pavilion,SPORTS_PAVILION,1994,225,1,GOOD,2024-05-29
10631,2611,Block B,CLASSROOM,1963,640,1,GOOD,2022-11-16
10632,2611,Administration Building,ADMIN,2018,468,2,FAIR,2023-03-29
10633,2611,Sports Amenities,TOILET_BLOCK,1997,497,1,GOOD,2023-06-12
10634,2612,Block C,CLASSROOM,1984,352,1,FAIR,2020-03-22
10635,2612,Administration Building,ADMIN,2017,684,2,FAIR,2023-06-28
10636,2612,Junior Toilets,TOILET_BLOCK,1983,298,1,FAIR,2020-11-05
10637,2612,Performing Arts Centre,HALL,1957,781,2,GOOD,2023-01-28
10638,2612,Wood Workshop,WORKSHOP,2001,163,2,FAIR,2020-06-19
10639,2612,Equipment Store,STORAGE,2001,58,1,FAIR,2021-03-05
10640,2613,Junior Block,CLASSROOM,1990,505,2,GOOD,2022-08-04
10641,2613,Administration Building,ADMIN,1967,161,1,GOOD,2024-10-17
10642,2613,Sports Amenities,TOILET_BLOCK,1961,732,1,POOR,2021-01-05
10643,2613,Maintenance Shed,STORAGE,1979,63,1,FAIR,2023-11-24
10644,2616,Technology Block,CLASSROOM,1982,286,2,POOR,2024-11-29
10645,2616,Administration Building,ADMIN,1960,473,1,POOR,2023-03-28
10646,2616,Senior Toilets,TOILET_BLOCK,1999,398,1,GOOD,2023-05-23
10647,2616,Food Technology,WORKSHOP,2009,290,1,FAIR,2023-11-01
10648,2616,Equipment Store,STORAGE,1985,81,1,POOR,2023-04-28
10649,2617,Block C,CLASSROOM,2007,577,2,GOOD,2021-03-03
10650,2617,Main Office,ADMIN,1958,194,1,POOR,2020-08-15
10651,2617,Senior Toilets,TOILET_BLOCK,1971,461,1,GOOD,2023-03-05
10652,2618,Technology Block,CLASSROOM,1961,111,2,FAIR,2023-01-27
10653,2618,Staff Block,ADMIN,1994,453,2,GOOD,2021-10-28
10654,2618,Sports Amenities,TOILET_BLOCK,2012,465,1,POOR,2021-03-12
10655,2618,Equipment Store,STORAGE,2004,30,1,GOOD,2023-11-15
10656,2618,Metal Workshop,WORKSHOP,1958,146,1,GOOD,2020-05-26
10657,2618,Fitness Centre,GYM,1953,198,1,POOR,2022-11-04
10658,2619,Senior Block,CLASSROOM,1967,54,1,GOOD,2022-01-29
10659,2619,Main Office,ADMIN,1956,52,2,GOOD,2023-05-11
10660,2619,Staff Facilities,TOILET_BLOCK,1955,267,1,POOR,2023-07-18
10661,2619,Resource Centre,LIBRARY,1963,549,2,GOOD,2024-11-05
10662,2619,Cricket Pavilion,SPORTS_PAVILION,1968,141,1,GOOD,2020-08-27
10663,2619,Technology Workshop,WORKSHOP,1971,553,2,GOOD,2024-03-12
10664,2619,Fitness Centre,GYM,1968,767,1,GOOD,2022-03-21
10665,2619,Performing Arts Centre,HALL,1990,82,1,FAIR,2023-01-10
10666,2620,Junior Block,CLASSROOM,1984,494,1,GOOD,2020-09-03
10667,2620,Administration Building,ADMIN,1991,577,1,POOR,2023-11-07
10668,2620,Sports Amenities,TOILET_BLOCK,1997,184,1,FAIR,2023-04-14
10669,2620,Technology Workshop,WORKSHOP,2020,752,1,GOOD,2022-11-27
10670,2620,Performing Arts Centre,HALL,1999,314,1,GOOD,2022-12-26
10671,2620,Main Gymnasium,GYM,2007,309,2,CRITICAL,2020-06-02
10672,2620,Learning Centre,LIBRARY,1984,564,2,GOOD,2021-06-16
10673,2620,Maintenance Shed,STORAGE,2021,72,1,FAIR,2024-08-31
10674,2621,Senior Block,CLASSROOM,1987,724,1,GOOD,2020-08-13
10675,2621,Staff Block,ADMIN,2021,245,2,FAIR,2024-07-18
10676,2621,Sports Amenities,TOILET_BLOCK,2014,711,1,FAIR,2020-11-29
10677,2621,Technology Workshop,WORKSHOP,1968,410,1,GOOD,2021-09-24
10678,2621,Cricket Pavilion,SPORTS_PAVILION,2020,293,1,POOR,2023-07-12
10679,2622,Block C,CLASSROOM,1992,586,2,FAIR,2023-10-03
10680,2622,Administration Building,ADMIN,1952,660,1,GOOD,2021-06-19
10681,2622,Junior Toilets,TOILET_BLOCK,1990,144,1,GOOD,2024-10-25
10682,2622,Changing Rooms,SPORTS_PAVILION,1953,558,1,CRITICAL,2024-10-16
10683,2622,School Hall,HALL,1964,689,2,POOR,2023-01-04
10684,2624,Science Block,CLASSROOM,2005,629,1,POOR,2020-05-14
10685,2624,Administration Building,ADMIN,1956,568,1,GOOD,2024-01-10
10686,2624,Staff Facilities,TOILET_BLOCK,2005,106,1,GOOD,2020-08-01
10687,2625,Arts Block,CLASSROOM,2003,742,1,POOR,2023-08-27
10688,2625,Administration Building,ADMIN,1951,349,2,POOR,2023-05-20
10689,2625,Sports Amenities,TOILET_BLOCK,2003,325,1,GOOD,2024-01-02
10690,2626,Science Block,CLASSROOM,1953,237,1,GOOD,2022-07-27
10691,2626,Staff Block,ADMIN,2003,530,2,FAIR,2021-07-25
10692,2626,Sports Amenities,TOILET_BLOCK,1980,351,1,GOOD,2021-10-17
10693,2626,Resource Centre,LIBRARY,1951,78,2,FAIR,2021-05-21
10694,2626,Main Gymnasium,GYM,1963,787,2,FAIR,2024-04-01
10695,2627,Senior Block,CLASSROOM,1977,711,1,FAIR,2023-04-23
10696,2627,Administration Building,ADMIN,1956,690,2,GOOD,2020-09-24
10697,2627,Senior Toilets,TOILET_BLOCK,1995,528,1,FAIR,2021-09-29
10698,2628,Junior Block,CLASSROOM,1953,290,2,GOOD,2024-03-31
10699,2628,Main Office,ADMIN,1954,343,1,FAIR,2022-05-11
10700,2628,Junior Toilets,TOILET_BLOCK,1951,658,1,GOOD,2023-09-13
10701,2628,Performing Arts Centre,HALL,1950,729,1,FAIR,2023-10-06
10702,2628,Cricket Pavilion,SPORTS_PAVILION,1993,774,1,GOOD,2023-12-01
10703,2628,School Library,LIBRARY,2009,352,2,POOR,2022-03-13
10704,2628,Sports Hall,GYM,2019,523,1,FAIR,2021-09-06
10705,2628,Technology Workshop,WORKSHOP,1976,265,2,GOOD,2020-09-26
10706,2629,Technology Block,CLASSROOM,1997,735,2,POOR,2022-02-23
10707,2629,Staff Block,ADMIN,1982,731,1,GOOD,2020-07-03
10708,2629,Junior Toilets,TOILET_BLOCK,1955,191,1,GOOD,2022-01-27
10709,2629,Maintenance Shed,STORAGE,1987,39,1,POOR,2021-05-11
10710,2629,Changing Rooms,SPORTS_PAVILION,2007,695,1,POOR,2023-11-08
10711,2631,Block E,CLASSROOM,1984,307,2,FAIR,2021-05-26
10712,2631,Main Office,ADMIN,1985,778,2,GOOD,2023-10-01
10713,2631,Sports Amenities,TOILET_BLOCK,2014,175,1,FAIR,2021-06-24
10714,2631,Main Gymnasium,GYM,1952,770,1,GOOD,2023-02-16
10715,2631,Wood Workshop,WORKSHOP,2017,358,1,POOR,2022-10-02
10716,2634,Senior Block,CLASSROOM,1965,791,1,FAIR,2022-03-12
10717,2634,Staff Block,ADMIN,2015,522,2,FAIR,2020-04-21
10718,2634,Junior Toilets,TOILET_BLOCK,1986,104,1,FAIR,2021-10-07
10719,2637,Arts Block,CLASSROOM,1990,160,2,GOOD,2020-05-24
10720,2637,Staff Block,ADMIN,1962,670,1,POOR,2023-11-16
10721,2637,Sports Amenities,TOILET_BLOCK,1988,233,1,GOOD,2024-09-11
10722,2637,Assembly Hall,HALL,1980,237,2,POOR,2020-02-25
10723,2638,Technology Block,CLASSROOM,2003,524,2,POOR,2021-11-29
10724,2638,Staff Block,ADMIN,1986,119,2,POOR,2020-04-09
10725,2638,Junior Toilets,TOILET_BLOCK,1975,703,1,GOOD,2022-06-10
10726,2638,Food Technology,WORKSHOP,1961,616,1,POOR,2023-08-19
10727,2641,Block C,CLASSROOM,1971,417,1,FAIR,2024-06-04
10728,2641,Main Office,ADMIN,2015,664,1,POOR,2022-12-15
10729,2641,Sports Amenities,TOILET_BLOCK,1960,315,1,FAIR,2022-06-25
10730,2641,Maintenance Shed,STORAGE,1957,96,1,FAIR,2021-05-21
10731,2641,Resource Centre,LIBRARY,1959,732,2,FAIR,2021-03-29
10732,2641,Performing Arts Centre,HALL,2005,796,1,POOR,2023-08-27
10733,2641,Cricket Pavilion,SPORTS_PAVILION,2004,409,1,GOOD,2022-01-15
10734,2641,Wood Workshop,WORKSHOP,1964,224,1,GOOD,2022-04-19
10735,2642,Block D,CLASSROOM,1966,504,1,GOOD,2022-05-12
10736,2642,Main Office,ADMIN,1951,251,2,FAIR,2022-10-14
10737,2642,Sports Amenities,TOILET_BLOCK,1953,412,1,GOOD,2020-12-26
10738,2642,Main Gymnasium,GYM,2014,437,1,FAIR,2022-04-26
10739,2642,Food Technology,WORKSHOP,1953,108,2,POOR,2021-08-22
10740,2643,Arts Block,CLASSROOM,2019,235,2,FAIR,2023-03-01
10741,2643,Staff Block,ADMIN,1979,789,2,FAIR,2023-05-29
10742,2643,Sports Amenities,TOILET_BLOCK,1993,454,1,FAIR,2024-04-03
10743,2644,Block D,CLASSROOM,1989,731,2,POOR,2020-01-15
10744,2644,Main Office,ADMIN,1990,544,1,GOOD,2021-06-29
10745,2644,Staff Facilities,TOILET_BLOCK,1955,612,1,POOR,2020-06-30
10746,2644,Maintenance Shed,STORAGE,2020,54,1,GOOD,2022-05-30
10747,2644,Food Technology,WORKSHOP,1956,118,1,POOR,2021-01-08
10748,2644,School Hall,HALL,2008,710,1,FAIR,2021-10-15
10749,2644,Main Gymnasium,GYM,1999,655,1,FAIR,2020-04-15
10750,2647,Block B,CLASSROOM,1957,418,2,POOR,2022-03-26
10751,2647,Staff Block,ADMIN,2005,82,2,POOR,2024-10-16
10752,2647,Staff Facilities,TOILET_BLOCK,1994,301,1,GOOD,2020-04-30
10753,2647,Performing Arts Centre,HALL,1975,315,2,POOR,2021-09-26
10754,2647,Maintenance Shed,STORAGE,2019,53,1,POOR,2022-12-21
10755,2647,Changing Rooms,SPORTS_PAVILION,1999,63,1,GOOD,2022-11-29
10756,2647,Fitness Centre,GYM,1964,548,2,POOR,2021-02-05
10757,2647,Technology Workshop,WORKSHOP,1973,105,2,POOR,2021-12-14
10758,2648,Block A,CLASSROOM,2003,682,1,FAIR,2024-11-14
10759,2648,Main Office,ADMIN,1993,661,1,GOOD,2023-06-01
10760,2648,Sports Amenities,TOILET_BLOCK,1969,507,1,GOOD,2021-08-07
10761,2648,Fitness Centre,GYM,1959,301,2,POOR,2021-12-22
10762,2648,School Library,LIBRARY,2010,687,2,FAIR,2022-10-24
10763,2649,Block E,CLASSROOM,1998,632,1,POOR,2024-11-20
10764,2649,Administration Building,ADMIN,1954,519,1,GOOD,2020-12-09
10765,2649,Junior Toilets,TOILET_BLOCK,1975,555,1,GOOD,2023-09-12
10766,2649,Sports Pavilion,SPORTS_PAVILION,1973,538,1,GOOD,2020-01-17
10767,2649,Sports Store,STORAGE,1969,43,1,FAIR,2022-09-07
10768,2650,Junior Block,CLASSROOM,1955,358,2,GOOD,2020-09-06
10769,2650,Staff Block,ADMIN,2003,354,2,CRITICAL,2020-04-21
10770,2650,Senior Toilets,TOILET_BLOCK,1986,209,1,FAIR,2024-03-18
10771,2650,Equipment Store,STORAGE,1983,56,1,GOOD,2021-10-14
10772,2650,Technology Workshop,WORKSHOP,2007,597,1,FAIR,2023-04-27
10773,2651,Block B,CLASSROOM,1990,90,1,GOOD,2024-06-19
10774,2651,Main Office,ADMIN,2003,606,1,GOOD,2024-08-29
10775,2651,Staff Facilities,TOILET_BLOCK,1985,211,1,FAIR,2021-09-19
10776,2652,Arts Block,CLASSROOM,1994,244,1,GOOD,2020-11-23
10777,2652,Staff Block,ADMIN,1974,702,2,GOOD,2022-10-09
10778,2652,Senior Toilets,TOILET_BLOCK,1975,599,1,FAIR,2021-09-15
10779,2652,Performing Arts Centre,HALL,2009,610,1,FAIR,2021-09-09
10780,2652,School Library,LIBRARY,2015,595,1,FAIR,2021-09-20
10781,2654,Technology Block,CLASSROOM,1989,487,1,GOOD,2020-06-04
10782,2654,Staff Block,ADMIN,1956,782,1,GOOD,2023-05-05
10783,2654,Sports Amenities,TOILET_BLOCK,1984,376,1,FAIR,2021-08-18
10784,2654,Fitness Centre,GYM,2008,483,1,CRITICAL,2021-11-28
10785,2654,Resource Centre,LIBRARY,1983,694,2,GOOD,2021-08-06
10786,2654,Performing Arts Centre,HALL,1966,631,1,GOOD,2023-02-05
10787,2657,Arts Block,CLASSROOM,2010,738,1,FAIR,2023-06-11
10788,2657,Staff Block,ADMIN,1987,566,2,FAIR,2020-07-24
10789,2657,Junior Toilets,TOILET_BLOCK,1951,524,1,GOOD,2021-10-25
10790,2657,Sports Store,STORAGE,1968,25,1,FAIR,2020-03-15
10791,2657,Sports Pavilion,SPORTS_PAVILION,2004,499,1,FAIR,2021-06-09
10792,2658,Block E,CLASSROOM,2022,342,2,POOR,2023-09-24
10793,2658,Staff Block,ADMIN,1973,543,2,POOR,2020-05-08
10794,2658,Sports Amenities,TOILET_BLOCK,2005,720,1,GOOD,2021-05-22
10795,2658,Performing Arts Centre,HALL,1988,670,1,CRITICAL,2024-06-15
10796,2659,Block D,CLASSROOM,1961,527,1,FAIR,2024-05-30
10797,2659,Staff Block,ADMIN,2000,489,1,POOR,2021-01-09
10798,2659,Junior Toilets,TOILET_BLOCK,1977,191,1,GOOD,2020-09-10
10799,2662,Senior Block,CLASSROOM,1966,104,1,GOOD,2024-04-10
10800,2662,Staff Block,ADMIN,1968,278,2,FAIR,2024-09-22
10801,2662,Sports Amenities,TOILET_BLOCK,1952,357,1,GOOD,2021-01-18
10802,2662,Performing Arts Centre,HALL,1963,411,1,GOOD,2023-04-05
10803,2662,Grounds Shed,STORAGE,1974,30,1,CRITICAL,2024-11-12
10804,2663,Science Block,CLASSROOM,2017,611,1,GOOD,2023-06-28
10805,2663,Administration Building,ADMIN,1969,609,2,CRITICAL,2020-02-04
10806,2663,Senior Toilets,TOILET_BLOCK,1985,91,1,POOR,2021-03-03
10807,2663,Fitness Centre,GYM,2019,553,1,FAIR,2024-08-26
10808,2663,Maintenance Shed,STORAGE,1995,45,1,FAIR,2023-07-02
10809,2663,Learning Centre,LIBRARY,1970,625,1,FAIR,2024-05-03
10810,2663,Technology Workshop,WORKSHOP,1987,748,1,FAIR,2021-12-26
10811,2663,Cricket Pavilion,SPORTS_PAVILION,1953,323,1,GOOD,2022-03-19
10812,2664,Science Block,CLASSROOM,1981,91,2,POOR,2021-12-25
10813,2664,Administration Building,ADMIN,1998,138,2,POOR,2020-03-14
10814,2664,Staff Facilities,TOILET_BLOCK,1968,343,1,GOOD,2023-11-25
10815,2665,Senior Block,CLASSROOM,1964,347,2,POOR,2023-05-10
10816,2665,Main Office,ADMIN,2017,340,1,FAIR,2024-02-06
10817,2665,Junior Toilets,TOILET_BLOCK,1968,487,1,POOR,2020-05-24
10818,2667,Block C,CLASSROOM,1992,187,2,FAIR,2021-07-30
10819,2667,Main Office,ADMIN,1998,513,2,GOOD,2020-09-09
10820,2667,Senior Toilets,TOILET_BLOCK,1989,440,1,POOR,2020-05-04
10821,2667,Wood Workshop,WORKSHOP,1953,689,1,FAIR,2020-12-11
10822,2669,Technology Block,CLASSROOM,1987,369,2,GOOD,2021-03-28
10823,2669,Administration Building,ADMIN,2017,725,1,GOOD,2022-09-13
10824,2669,Junior Toilets,TOILET_BLOCK,1998,429,1,GOOD,2023-10-02
10825,2669,Main Gymnasium,GYM,1956,614,2,GOOD,2024-06-04
10826,2669,Learning Centre,LIBRARY,1970,273,1,POOR,2021-06-25
10827,2672,Block B,CLASSROOM,1965,524,2,GOOD,2021-12-23
10828,2672,Staff Block,ADMIN,2020,609,1,FAIR,2022-10-02
10829,2672,Staff Facilities,TOILET_BLOCK,2017,489,1,GOOD,2024-08-05
10830,2672,Sports Store,STORAGE,1999,78,1,POOR,2024-04-14
10831,2673,Block C,CLASSROOM,1952,141,2,FAIR,2022-10-14
10832,2673,Main Office,ADMIN,1961,593,2,CRITICAL,2020-10-09
10833,2673,Sports Amenities,TOILET_BLOCK,1997,769,1,FAIR,2024-04-27
10834,2676,Arts Block,CLASSROOM,1973,275,1,GOOD,2021-03-25
10835,2676,Staff Block,ADMIN,1985,573,1,GOOD,2022-04-01
10836,2676,Senior Toilets,TOILET_BLOCK,1993,200,1,FAIR,2022-12-03
10837,2676,Equipment Store,STORAGE,2003,87,1,FAIR,2021-03-13
10838,2677,Block D,CLASSROOM,2002,652,2,GOOD,2020-07-23
10839,2677,Staff Block,ADMIN,1988,741,1,POOR,2021-10-03
10840,2677,Sports Amenities,TOILET_BLOCK,1953,558,1,GOOD,2024-11-09
10841,2677,Technology Workshop,WORKSHOP,1959,285,1,GOOD,2022-12-17
10842,2677,Resource Centre,LIBRARY,2010,486,2,FAIR,2022-01-20
10843,2678,Science Block,CLASSROOM,1985,254,1,GOOD,2024-09-13
10844,2678,Main Office,ADMIN,2000,77,1,FAIR,2022-06-03
10845,2678,Senior Toilets,TOILET_BLOCK,2007,126,1,FAIR,2021-10-22
10846,2678,Technology Workshop,WORKSHOP,1998,188,2,GOOD,2024-05-30
10847,2679,Arts Block,CLASSROOM,2002,713,2,FAIR,2024-02-18
10848,2679,Staff Block,ADMIN,2016,531,2,GOOD,2022-12-07
10849,2679,Senior Toilets,TOILET_BLOCK,2019,139,1,GOOD,2024-03-30
10850,2679,Equipment Store,STORAGE,1952,79,1,GOOD,2021-10-08
10851,2679,Wood Workshop,WORKSHOP,1974,728,2,POOR,2020-04-18
10852,2680,Technology Block,CLASSROOM,2007,303,2,POOR,2022-05-24
10853,2680,Main Office,ADMIN,2009,156,2,FAIR,2024-01-13
10854,2680,Senior Toilets,TOILET_BLOCK,2006,139,1,GOOD,2023-08-14
10855,2680,Performing Arts Centre,HALL,1970,456,2,FAIR,2023-02-02
10856,2680,Technology Workshop,WORKSHOP,1987,532,2,FAIR,2021-06-20
10857,2680,Learning Centre,LIBRARY,1993,791,2,CRITICAL,2023-05-30
10858,2681,Block A,CLASSROOM,2008,725,1,FAIR,2021-11-24
10859,2681,Administration Building,ADMIN,1973,555,2,GOOD,2020-04-17
10860,2681,Senior Toilets,TOILET_BLOCK,2016,618,1,FAIR,2024-07-08
10861,2681,Assembly Hall,HALL,1983,775,2,CRITICAL,2022-06-16
10862,2681,Equipment Store,STORAGE,2016,28,1,POOR,2024-05-15
10863,2681,Cricket Pavilion,SPORTS_PAVILION,2012,585,1,FAIR,2021-04-21
10864,2684,Block A,CLASSROOM,1997,596,1,POOR,2022-12-19
10865,2684,Main Office,ADMIN,1985,56,2,GOOD,2020-01-11
10866,2684,Junior Toilets,TOILET_BLOCK,1986,761,1,GOOD,2020-12-12
10867,2684,School Library,LIBRARY,1955,156,1,POOR,2023-07-01
10868,2685,Block D,CLASSROOM,1956,287,2,FAIR,2024-10-18
10869,2685,Administration Building,ADMIN,1974,532,1,GOOD,2021-10-13
10870,2685,Staff Facilities,TOILET_BLOCK,1971,461,1,FAIR,2023-09-29
10871,2685,School Hall,HALL,1983,69,2,FAIR,2023-05-21
10872,2685,Sports Store,STORAGE,1963,37,1,POOR,2023-03-14
10873,2686,Junior Block,CLASSROOM,1998,316,2,GOOD,2020-03-12
10874,2686,Administration Building,ADMIN,1954,404,1,FAIR,2021-02-21
10875,2686,Junior Toilets,TOILET_BLOCK,2002,439,1,CRITICAL,2020-01-15
10876,2686,Metal Workshop,WORKSHOP,2017,436,1,FAIR,2021-11-11
10877,2687,Technology Block,CLASSROOM,1950,230,1,FAIR,2021-02-16
10878,2687,Staff Block,ADMIN,2014,499,1,FAIR,2023-01-08
10879,2687,Sports Amenities,TOILET_BLOCK,1977,183,1,FAIR,2024-12-01
10880,2687,Main Gymnasium,GYM,1950,57,2,POOR,2021-07-28
10881,2687,Learning Centre,LIBRARY,1953,477,1,FAIR,2024-09-21
10882,2687,School Hall,HALL,1973,409,2,POOR,2022-06-19
10883,2687,Metal Workshop,WORKSHOP,2013,528,1,FAIR,2024-07-05
10884,2687,Sports Pavilion,SPORTS_PAVILION,1951,315,1,FAIR,2021-11-23
10885,2687,Maintenance Shed,STORAGE,1980,81,1,FAIR,2020-02-12
10886,2688,Block E,CLASSROOM,1982,657,2,CRITICAL,2020-04-01
10887,2688,Staff Block,ADMIN,1994,604,1,GOOD,2022-12-13
10888,2688,Staff Facilities,TOILET_BLOCK,2019,130,1,GOOD,2022-03-31
10889,2688,Metal Workshop,WORKSHOP,1958,140,2,GOOD,2023-04-04
10890,2688,Performing Arts Centre,HALL,2013,520,1,POOR,2021-05-25
10891,2691,Block E,CLASSROOM,1958,379,2,GOOD,2023-06-06
10892,2691,Administration Building,ADMIN,2000,752,1,FAIR,2020-11-11
10893,2691,Junior Toilets,TOILET_BLOCK,1971,401,1,GOOD,2021-09-18
10894,2691,Metal Workshop,WORKSHOP,1968,579,2,POOR,2021-05-08
10895,2691,Sports Store,STORAGE,2003,91,1,GOOD,2023-11-10
10896,2692,Technology Block,CLASSROOM,1986,515,1,FAIR,2024-11-08
10897,2692,Main Office,ADMIN,2020,508,1,GOOD,2022-08-04
10898,2692,Senior Toilets,TOILET_BLOCK,1985,681,1,GOOD,2024-06-11
10899,2692,Main Gymnasium,GYM,1982,788,2,GOOD,2023-02-27
10900,2697,Science Block,CLASSROOM,1979,164,2,POOR,2020-02-12
10901,2697,Staff Block,ADMIN,2022,360,2,POOR,2020-02-14
10902,2697,Junior Toilets,TOILET_BLOCK,1996,245,1,POOR,2020-09-11
10903,2697,Assembly Hall,HALL,1960,771,2,FAIR,2022-06-18
10904,2697,Equipment Store,STORAGE,1969,81,1,FAIR,2024-11-10
10905,2697,Sports Hall,GYM,1950,773,1,GOOD,2024-07-13
10906,2697,School Library,LIBRARY,2001,280,2,POOR,2022-04-12
10907,2697,Metal Workshop,WORKSHOP,1951,403,2,POOR,2020-07-21
10908,2697,Changing Rooms,SPORTS_PAVILION,2015,722,1,FAIR,2021-05-11
10909,2697,Science Block,CLASSROOM,1977,224,1,GOOD,2023-05-17
10910,2698,Junior Block,CLASSROOM,2004,727,1,FAIR,2020-02-05
10911,2698,Administration Building,ADMIN,2019,309,2,GOOD,2020-06-02
10912,2698,Junior Toilets,TOILET_BLOCK,2004,621,1,GOOD,2021-07-31
10913,2698,Learning Centre,LIBRARY,2018,225,1,GOOD,2024-02-19
10914,2698,Grounds Shed,STORAGE,1980,58,1,GOOD,2023-11-30
10915,2701,Senior Block,CLASSROOM,1967,111,2,GOOD,2024-06-23
10916,2701,Staff Block,ADMIN,1976,528,1,FAIR,2024-03-22
10917,2701,Senior Toilets,TOILET_BLOCK,2008,245,1,FAIR,2023-06-16
10918,2701,Metal Workshop,WORKSHOP,1956,638,1,FAIR,2022-08-06
10919,2701,Cricket Pavilion,SPORTS_PAVILION,1961,788,1,GOOD,2024-07-02
10920,2702,Senior Block,CLASSROOM,2020,539,2,GOOD,2023-01-26
10921,2702,Administration Building,ADMIN,1980,410,2,FAIR,2020-12-04
10922,2702,Senior Toilets,TOILET_BLOCK,1972,126,1,POOR,2021-09-21
10923,2702,Fitness Centre,GYM,1988,773,1,GOOD,2023-09-26
10924,2702,Resource Centre,LIBRARY,1959,684,2,POOR,2023-09-29
10925,2703,Block A,CLASSROOM,1996,141,2,GOOD,2020-02-03
10926,2703,Staff Block,ADMIN,2010,122,1,FAIR,2022-06-29
10927,2703,Junior Toilets,TOILET_BLOCK,1984,674,1,POOR,2021-06-05
10928,2704,Arts Block,CLASSROOM,1962,721,2,FAIR,2023-03-17
10929,2704,Administration Building,ADMIN,1974,106,2,POOR,2023-05-15
10930,2704,Senior Toilets,TOILET_BLOCK,2006,264,1,GOOD,2023-07-03
10931,2704,Changing Rooms,SPORTS_PAVILION,2012,455,1,CRITICAL,2021-11-21
10932,2704,School Hall,HALL,1980,270,1,GOOD,2022-11-21
10933,2705,Senior Block,CLASSROOM,1982,196,2,GOOD,2023-02-15
10934,2705,Main Office,ADMIN,1971,707,2,POOR,2020-11-20
10935,2705,Staff Facilities,TOILET_BLOCK,1989,769,1,GOOD,2023-02-05
10936,2705,School Hall,HALL,1960,202,2,POOR,2023-10-08
10937,2706,Block B,CLASSROOM,2007,647,1,FAIR,2024-07-09
10938,2706,Administration Building,ADMIN,1963,504,1,POOR,2024-05-15
10939,2706,Junior Toilets,TOILET_BLOCK,1997,178,1,FAIR,2023-09-04
10940,2706,School Hall,HALL,1951,203,2,POOR,2023-01-14
10941,2710,Technology Block,CLASSROOM,1950,748,2,FAIR,2023-06-10
10942,2710,Administration Building,ADMIN,1961,120,1,GOOD,2024-10-14
10943,2710,Staff Facilities,TOILET_BLOCK,1963,433,1,POOR,2023-04-23
10944,2710,Cricket Pavilion,SPORTS_PAVILION,1969,354,1,POOR,2023-08-19
10945,2711,Senior Block,CLASSROOM,1952,260,2,FAIR,2023-10-10
10946,2711,Main Office,ADMIN,1963,68,2,GOOD,2022-11-29
10947,2711,Senior Toilets,TOILET_BLOCK,1989,678,1,FAIR,2020-12-06
10948,2711,Sports Store,STORAGE,1956,29,1,FAIR,2022-12-16
10949,2711,Food Technology,WORKSHOP,1978,272,2,FAIR,2022-10-01
10950,2712,Science Block,CLASSROOM,1986,723,1,CRITICAL,2022-01-13
10951,2712,Main Office,ADMIN,1961,509,2,FAIR,2022-05-02
10952,2712,Junior Toilets,TOILET_BLOCK,1970,518,1,GOOD,2023-02-08
10953,2712,Performing Arts Centre,HALL,2005,661,2,GOOD,2023-03-23
10954,2712,Learning Centre,LIBRARY,2020,207,2,FAIR,2020-07-07
10955,2715,Senior Block,CLASSROOM,1972,124,1,GOOD,2024-06-11
10956,2715,Main Office,ADMIN,1970,517,1,POOR,2024-02-05
10957,2715,Sports Amenities,TOILET_BLOCK,1955,723,1,GOOD,2020-03-25
10958,2715,Learning Centre,LIBRARY,2009,256,2,GOOD,2021-10-05
10959,2715,Cricket Pavilion,SPORTS_PAVILION,2013,726,1,FAIR,2021-09-01
10960,2715,School Hall,HALL,1974,232,2,GOOD,2020-07-22
10961,2718,Junior Block,CLASSROOM,2002,481,1,FAIR,2020-03-09
10962,2718,Administration Building,ADMIN,1999,65,1,GOOD,2020-06-28
10963,2718,Junior Toilets,TOILET_BLOCK,2021,140,1,GOOD,2021-02-28
10964,2718,Equipment Store,STORAGE,2008,20,1,GOOD,2021-10-21
10965,2721,Senior Block,CLASSROOM,1982,379,1,POOR,2020-09-24
10966,2721,Main Office,ADMIN,1951,723,1,GOOD,2024-11-28
10967,2721,Junior Toilets,TOILET_BLOCK,1977,462,1,GOOD,2023-03-05
10968,2721,Cricket Pavilion,SPORTS_PAVILION,2021,409,1,POOR,2023-11-22
10969,2721,Sports Hall,GYM,1955,109,1,FAIR,2021-07-01
10970,2721,Food Technology,WORKSHOP,1970,775,1,FAIR,2020-02-03
10971,2723,Block E,CLASSROOM,1995,136,2,GOOD,2024-06-09
10972,2723,Staff Block,ADMIN,1990,474,2,FAIR,2023-01-18
10973,2723,Staff Facilities,TOILET_BLOCK,1954,149,1,GOOD,2022-05-03
10974,2723,Metal Workshop,WORKSHOP,1962,550,1,FAIR,2024-08-02
10975,2723,Main Gymnasium,GYM,1979,152,2,CRITICAL,2022-04-17
10976,2723,Assembly Hall,HALL,1985,100,2,FAIR,2021-06-08
10977,2723,Cricket Pavilion,SPORTS_PAVILION,2016,65,1,GOOD,2021-12-06
10978,2723,Resource Centre,LIBRARY,1972,293,1,FAIR,2021-10-25
10979,2725,Block C,CLASSROOM,1987,682,2,CRITICAL,2024-08-10
10980,2725,Main Office,ADMIN,1988,200,2,GOOD,2023-10-07
10981,2725,Sports Amenities,TOILET_BLOCK,2021,618,1,GOOD,2020-07-10
10982,2725,Assembly Hall,HALL,1961,619,1,CRITICAL,2022-02-14
10983,2725,Technology Workshop,WORKSHOP,2012,529,2,GOOD,2023-12-24
10984,2725,Resource Centre,LIBRARY,1998,616,2,GOOD,2022-01-07
10985,2725,Equipment Store,STORAGE,2003,56,1,GOOD,2021-06-14
10986,2725,Cricket Pavilion,SPORTS_PAVILION,1953,719,1,FAIR,2021-08-12
10987,2732,Block A,CLASSROOM,1957,472,2,FAIR,2024-05-30
10988,2732,Administration Building,ADMIN,1988,182,1,FAIR,2020-07-28
10989,2732,Staff Facilities,TOILET_BLOCK,1979,698,1,POOR,2020-02-01
10990,2733,Block B,CLASSROOM,1966,580,1,CRITICAL,2024-09-07
10991,2733,Staff Block,ADMIN,2022,780,1,POOR,2022-03-29
10992,2733,Junior Toilets,TOILET_BLOCK,1982,61,1,FAIR,2020-03-28
10993,2733,Cricket Pavilion,SPORTS_PAVILION,2016,341,1,GOOD,2021-12-19
10994,2736,Block B,CLASSROOM,1965,576,2,GOOD,2020-05-22
10995,2736,Main Office,ADMIN,2020,536,1,POOR,2020-01-07
10996,2736,Senior Toilets,TOILET_BLOCK,1954,304,1,CRITICAL,2024-04-20
10997,2739,Block C,CLASSROOM,1989,407,2,GOOD,2021-02-05
10998,2739,Staff Block,ADMIN,2015,67,1,FAIR,2022-09-19
10999,2739,Sports Amenities,TOILET_BLOCK,2008,434,1,GOOD,2023-09-03
11000,2739,Changing Rooms,SPORTS_PAVILION,1961,432,1,CRITICAL,2023-11-30
11001,2742,Science Block,CLASSROOM,1987,351,1,GOOD,2024-03-26
11002,2742,Staff Block,ADMIN,1970,149,2,GOOD,2024-03-11
11003,2742,Senior Toilets,TOILET_BLOCK,1993,495,1,FAIR,2021-05-26
11004,2742,Fitness Centre,GYM,1958,556,1,FAIR,2022-07-22
11005,2742,Wood Workshop,WORKSHOP,1966,484,2,GOOD,2020-05-22
11006,2745,Block A,CLASSROOM,1988,445,1,FAIR,2020-07-07
11007,2745,Main Office,ADMIN,2006,59,2,FAIR,2020-06-11
11008,2745,Junior Toilets,TOILET_BLOCK,1980,452,1,GOOD,2020-11-21
11009,2745,School Hall,HALL,1979,731,1,POOR,2022-12-13
11010,2745,Sports Pavilion,SPORTS_PAVILION,1965,346,1,GOOD,2021-04-27
11011,2745,Sports Hall,GYM,1955,780,1,POOR,2024-09-23
11012,2746,Arts Block,CLASSROOM,2011,698,1,POOR,2023-09-01
11013,2746,Main Office,ADMIN,1969,272,2,FAIR,2021-05-12
11014,2746,Staff Facilities,TOILET_BLOCK,1989,513,1,POOR,2024-05-12
11015,2746,Maintenance Shed,STORAGE,1986,34,1,GOOD,2023-06-24
11016,2747,Block B,CLASSROOM,2009,544,1,FAIR,2021-04-30
11017,2747,Main Office,ADMIN,1983,734,2,FAIR,2024-01-16
11018,2747,Junior Toilets,TOILET_BLOCK,1977,462,1,GOOD,2024-02-11
11019,2748,Block A,CLASSROOM,1994,106,2,FAIR,2020-12-08
11020,2748,Main Office,ADMIN,1989,755,1,POOR,2023-08-20
11021,2748,Staff Facilities,TOILET_BLOCK,2010,81,1,GOOD,2020-05-20
11022,2748,Performing Arts Centre,HALL,2004,551,2,POOR,2023-12-12
11023,2748,Grounds Shed,STORAGE,1964,69,1,FAIR,2020-07-31
11024,2749,Junior Block,CLASSROOM,1992,789,2,GOOD,2022-09-07
11025,2749,Administration Building,ADMIN,1986,165,1,FAIR,2021-05-22
11026,2749,Sports Amenities,TOILET_BLOCK,1986,556,1,POOR,2020-08-18
11027,2749,Performing Arts Centre,HALL,1992,378,2,FAIR,2022-08-26
11028,2750,Block D,CLASSROOM,2020,119,1,GOOD,2023-06-17
11029,2750,Staff Block,ADMIN,1964,215,1,CRITICAL,2021-04-16
11030,2750,Senior Toilets,TOILET_BLOCK,1987,646,1,FAIR,2020-07-05
11031,2751,Senior Block,CLASSROOM,1951,696,1,FAIR,2022-10-11
11032,2751,Main Office,ADMIN,1976,519,1,GOOD,2020-04-21
11033,2751,Junior Toilets,TOILET_BLOCK,1951,124,1,GOOD,2024-04-18
11034,2752,Science Block,CLASSROOM,1969,552,1,FAIR,2021-05-25
11035,2752,Staff Block,ADMIN,1986,719,1,GOOD,2021-07-08
11036,2752,Staff Facilities,TOILET_BLOCK,1975,713,1,CRITICAL,2021-03-17
11037,2752,Performing Arts Centre,HALL,1952,686,1,GOOD,2021-04-12
11038,2752,Fitness Centre,GYM,1951,403,1,GOOD,2021-02-14
11039,2753,Science Block,CLASSROOM,1957,336,2,FAIR,2022-04-11
11040,2753,Main Office,ADMIN,2007,404,2,POOR,2022-05-31
11041,2753,Senior Toilets,TOILET_BLOCK,1953,252,1,FAIR,2023-04-16
11042,2753,Sports Hall,GYM,1972,85,1,POOR,2020-05-22
11043,2754,Block B,CLASSROOM,2002,550,1,FAIR,2023-10-25
11044,2754,Administration Building,ADMIN,2017,189,2,GOOD,2020-07-20
11045,2754,Junior Toilets,TOILET_BLOCK,2011,114,1,POOR,2021-06-12
11046,2754,Sports Hall,GYM,1955,756,2,FAIR,2023-08-05
11047,2754,Wood Workshop,WORKSHOP,1959,477,1,POOR,2024-03-29
11048,2755,Arts Block,CLASSROOM,1983,292,1,FAIR,2023-01-23
11049,2755,Staff Block,ADMIN,1954,269,2,POOR,2024-04-17
11050,2755,Senior Toilets,TOILET_BLOCK,1990,404,1,FAIR,2024-01-16
11051,2755,Changing Rooms,SPORTS_PAVILION,1976,670,1,FAIR,2021-03-26
11052,2756,Block E,CLASSROOM,2005,776,1,FAIR,2024-07-30
11053,2756,Main Office,ADMIN,1970,529,2,GOOD,2022-07-03
11054,2756,Junior Toilets,TOILET_BLOCK,1973,360,1,FAIR,2022-04-11
11055,2756,Cricket Pavilion,SPORTS_PAVILION,1997,284,1,POOR,2022-02-09
11056,2757,Block A,CLASSROOM,2010,201,2,GOOD,2023-07-29
11057,2757,Staff Block,ADMIN,1950,213,2,FAIR,2021-10-22
11058,2757,Senior Toilets,TOILET_BLOCK,1959,497,1,FAIR,2023-11-23
11059,2757,Metal Workshop,WORKSHOP,1951,543,1,GOOD,2023-06-29
11060,2758,Block E,CLASSROOM,2015,278,1,POOR,2023-12-06
11061,2758,Staff Block,ADMIN,2009,168,1,FAIR,2020-09-18
11062,2758,Staff Facilities,TOILET_BLOCK,1962,291,1,CRITICAL,2020-02-11
11063,2759,Junior Block,CLASSROOM,2010,670,1,FAIR,2023-09-06
11064,2759,Main Office,ADMIN,1979,709,2,FAIR,2021-12-30
11065,2759,Staff Facilities,TOILET_BLOCK,1967,649,1,GOOD,2022-04-27
11066,2759,Resource Centre,LIBRARY,1989,90,1,GOOD,2023-08-14
11067,2760,Arts Block,CLASSROOM,1973,678,2,FAIR,2020-07-26
11068,2760,Main Office,ADMIN,2019,799,1,GOOD,2020-08-06
11069,2760,Sports Amenities,TOILET_BLOCK,1988,421,1,GOOD,2024-01-04
11070,2760,Fitness Centre,GYM,1978,495,2,FAIR,2020-04-30
11071,2760,Performing Arts Centre,HALL,1956,98,1,FAIR,2021-05-31
11072,2761,Junior Block,CLASSROOM,1951,596,2,POOR,2021-01-27
11073,2761,Staff Block,ADMIN,1985,289,2,POOR,2020-01-07
11074,2761,Junior Toilets,TOILET_BLOCK,1991,638,1,POOR,2022-11-11
11075,2761,Cricket Pavilion,SPORTS_PAVILION,1978,553,1,POOR,2022-01-26
11076,2761,Main Gymnasium,GYM,1985,334,2,POOR,2021-09-26
11077,2762,Technology Block,CLASSROOM,1972,295,1,GOOD,2024-07-31
11078,2762,Main Office,ADMIN,1967,394,2,POOR,2022-07-06
11079,2762,Sports Amenities,TOILET_BLOCK,1983,605,1,CRITICAL,2021-08-31
11080,2762,Sports Hall,GYM,2001,715,1,GOOD,2020-03-07
11081,2801,Block C,CLASSROOM,1957,759,2,GOOD,2020-12-20
11082,2801,Staff Block,ADMIN,1952,692,1,FAIR,2021-01-12
11083,2801,Junior Toilets,TOILET_BLOCK,1981,724,1,POOR,2021-09-21
11084,2802,Block D,CLASSROOM,2021,715,2,GOOD,2022-05-28
11085,2802,Staff Block,ADMIN,1975,742,1,FAIR,2021-06-29
11086,2802,Senior Toilets,TOILET_BLOCK,1983,663,1,FAIR,2024-08-22
11087,2802,Cricket Pavilion,SPORTS_PAVILION,1997,351,1,FAIR,2021-08-23
11088,2803,Block B,CLASSROOM,1979,258,1,FAIR,2022-09-11
11089,2803,Main Office,ADMIN,1954,69,1,FAIR,2023-11-25
11090,2803,Junior Toilets,TOILET_BLOCK,1951,344,1,FAIR,2024-03-31
11091,2803,School Hall,HALL,2020,273,1,FAIR,2020-11-04
11092,2803,Sports Hall,GYM,2020,735,1,FAIR,2023-11-25
11093,2805,Junior Block,CLASSROOM,1956,147,2,FAIR,2023-12-21
11094,2805,Administration Building,ADMIN,2015,228,1,GOOD,2021-06-02
11095,2805,Senior Toilets,TOILET_BLOCK,1969,591,1,FAIR,2020-05-08
11096,2805,Sports Store,STORAGE,1987,71,1,FAIR,2020-08-17
11097,2806,Arts Block,CLASSROOM,1997,620,2,FAIR,2022-11-17
11098,2806,Staff Block,ADMIN,1954,668,1,GOOD,2021-12-22
11099,2806,Senior Toilets,TOILET_BLOCK,1977,763,1,POOR,2024-09-18
11100,2806,Learning Centre,LIBRARY,1974,578,1,FAIR,2023-08-08
11101,2806,Main Gymnasium,GYM,2013,533,2,FAIR,2020-10-14
11102,2807,Technology Block,CLASSROOM,1954,380,2,POOR,2020-01-16
11103,2807,Staff Block,ADMIN,2014,109,2,GOOD,2020-04-12
11104,2807,Sports Amenities,TOILET_BLOCK,1967,330,1,GOOD,2020-02-19
11105,2807,Sports Store,STORAGE,1975,95,1,GOOD,2020-08-28
11106,2807,Technology Workshop,WORKSHOP,2013,711,2,POOR,2022-06-01
11107,2808,Block B,CLASSROOM,2007,473,2,POOR,2021-10-18
11108,2808,Main Office,ADMIN,1961,790,2,GOOD,2023-11-17
11109,2808,Staff Facilities,TOILET_BLOCK,1976,499,1,GOOD,2022-10-04
11110,2808,Resource Centre,LIBRARY,1979,589,2,FAIR,2023-01-06
11111,2808,Changing Rooms,SPORTS_PAVILION,1970,246,1,POOR,2021-12-11
11112,2810,Science Block,CLASSROOM,2017,761,1,FAIR,2020-11-17
11113,2810,Staff Block,ADMIN,1975,258,2,FAIR,2024-03-07
11114,2810,Sports Amenities,TOILET_BLOCK,1980,102,1,GOOD,2023-04-09
11115,2811,Senior Block,CLASSROOM,2006,182,2,FAIR,2023-07-03
11116,2811,Main Office,ADMIN,1960,150,1,FAIR,2020-09-15
11117,2811,Junior Toilets,TOILET_BLOCK,2000,518,1,CRITICAL,2024-11-12
11118,2812,Block D,CLASSROOM,1967,228,2,GOOD,2020-04-13
11119,2812,Administration Building,ADMIN,1971,403,1,FAIR,2020-11-12
11120,2812,Junior Toilets,TOILET_BLOCK,1978,608,1,FAIR,2024-09-29
11121,2812,School Library,LIBRARY,2000,564,1,CRITICAL,2021-02-25
11122,2812,School Hall,HALL,1999,106,2,GOOD,2023-01-01
11123,2812,Maintenance Shed,STORAGE,1971,60,1,FAIR,2021-07-24
11124,2812,Sports Hall,GYM,1970,452,2,GOOD,2020-02-05
11125,2812,Cricket Pavilion,SPORTS_PAVILION,2015,128,1,FAIR,2020-12-01
11126,2813,Block C,CLASSROOM,2021,737,1,GOOD,2022-11-23
11127,2813,Main Office,ADMIN,1995,423,2,POOR,2020-07-06
11128,2813,Staff Facilities,TOILET_BLOCK,1999,99,1,FAIR,2022-06-09
11129,2813,Sports Hall,GYM,2008,639,1,POOR,2020-01-27
11130,2813,Cricket Pavilion,SPORTS_PAVILION,2018,393,1,GOOD,2022-01-19
11131,2814,Technology Block,CLASSROOM,2017,512,1,POOR,2021-02-07
11132,2814,Staff Block,ADMIN,2018,783,1,GOOD,2020-11-10
11133,2814,Staff Facilities,TOILET_BLOCK,1999,604,1,GOOD,2020-05-02
11134,2814,School Library,LIBRARY,2005,475,1,GOOD,2023-12-06
11135,2816,Science Block,CLASSROOM,2001,549,1,FAIR,2024-01-28
11136,2816,Administration Building,ADMIN,1966,335,1,GOOD,2024-08-31
11137,2816,Staff Facilities,TOILET_BLOCK,1996,765,1,FAIR,2021-12-15
11138,2816,Sports Hall,GYM,1964,183,1,FAIR,2022-10-30
11139,2816,School Library,LIBRARY,2005,436,2,CRITICAL,2023-10-31
11140,2816,Wood Workshop,WORKSHOP,2007,695,1,FAIR,2023-08-19
11141,2816,School Hall,HALL,1952,604,2,CRITICAL,2020-09-01
11142,2816,Sports Store,STORAGE,2006,47,1,GOOD,2024-03-30
11143,2818,Block A,CLASSROOM,2008,776,1,FAIR,2021-05-27
11144,2818,Administration Building,ADMIN,1950,510,1,POOR,2023-09-27
11145,2818,Staff Facilities,TOILET_BLOCK,1986,366,1,GOOD,2021-06-24
11146,2820,Senior Block,CLASSROOM,2012,604,1,GOOD,2021-05-07
11147,2820,Staff Block,ADMIN,1952,617,1,GOOD,2023-07-23
11148,2820,Senior Toilets,TOILET_BLOCK,2021,748,1,FAIR,2022-09-07
11149,2820,Changing Rooms,SPORTS_PAVILION,1953,287,1,GOOD,2020-01-22
11150,2821,Block A,CLASSROOM,1969,570,1,POOR,2023-02-28
11151,2821,Administration Building,ADMIN,1989,148,1,FAIR,2023-04-30
11152,2821,Sports Amenities,TOILET_BLOCK,1958,435,1,GOOD,2024-07-04
11153,2821,Grounds Shed,STORAGE,1964,87,1,GOOD,2024-01-11
11154,2821,Performing Arts Centre,HALL,1969,240,1,GOOD,2021-08-14
11155,2821,Technology Workshop,WORKSHOP,1959,582,1,FAIR,2021-02-17
11156,2821,Learning Centre,LIBRARY,2011,274,1,FAIR,2023-06-15
11157,2821,Fitness Centre,GYM,1981,168,2,GOOD,2020-09-29
11158,2823,Block A,CLASSROOM,1985,304,1,POOR,2021-03-02
11159,2823,Administration Building,ADMIN,1951,344,2,POOR,2023-07-25
11160,2823,Senior Toilets,TOILET_BLOCK,1974,242,1,GOOD,2021-08-23
11161,2823,Grounds Shed,STORAGE,1977,93,1,GOOD,2022-01-07
11162,2824,Technology Block,CLASSROOM,1975,374,1,POOR,2021-03-18
11163,2824,Main Office,ADMIN,2011,101,2,POOR,2023-09-15
11164,2824,Junior Toilets,TOILET_BLOCK,1983,525,1,GOOD,2024-10-28
11165,2824,Metal Workshop,WORKSHOP,2011,623,2,FAIR,2021-12-21
11166,2824,Learning Centre,LIBRARY,1957,134,1,FAIR,2020-08-27
11167,2824,Changing Rooms,SPORTS_PAVILION,2017,628,1,FAIR,2021-01-21
11168,2826,Block A,CLASSROOM,1971,110,1,CRITICAL,2023-04-30
11169,2826,Administration Building,ADMIN,1992,125,2,FAIR,2020-04-06
11170,2826,Staff Facilities,TOILET_BLOCK,1987,753,1,GOOD,2020-12-18
11171,2826,Fitness Centre,GYM,1973,562,1,POOR,2021-09-04
11172,2827,Junior Block,CLASSROOM,2002,420,1,GOOD,2020-01-17
11173,2827,Administration Building,ADMIN,2002,311,1,POOR,2022-04-21
11174,2827,Junior Toilets,TOILET_BLOCK,1964,636,1,CRITICAL,2023-06-25
11175,2827,Assembly Hall,HALL,1963,220,2,GOOD,2021-02-25
11176,2827,Sports Store,STORAGE,1979,90,1,POOR,2024-01-13
11177,2827,Learning Centre,LIBRARY,2001,618,2,POOR,2022-07-09
11178,2827,Cricket Pavilion,SPORTS_PAVILION,2014,665,1,GOOD,2023-07-05
11179,2827,Sports Hall,GYM,1967,779,2,GOOD,2024-07-14
11180,2828,Senior Block,CLASSROOM,1972,664,1,GOOD,2023-12-22
11181,2828,Staff Block,ADMIN,1999,625,2,GOOD,2021-06-25
11182,2828,Senior Toilets,TOILET_BLOCK,2014,537,1,GOOD,2020-08-10
11183,2828,Grounds Shed,STORAGE,1984,28,1,POOR,2021-03-17
11184,2831,Block B,CLASSROOM,1981,83,2,GOOD,2024-10-22
11185,2831,Main Office,ADMIN,1971,164,1,GOOD,2021-02-22
11186,2831,Junior Toilets,TOILET_BLOCK,1985,356,1,GOOD,2022-02-20
11187,2832,Block A,CLASSROOM,1986,175,2,POOR,2022-06-23
11188,2832,Main Office,ADMIN,1964,584,2,GOOD,2023-08-23
11189,2832,Senior Toilets,TOILET_BLOCK,1957,351,1,GOOD,2021-01-26
11190,2832,Sports Store,STORAGE,1998,31,1,POOR,2020-06-09
11191,2832,Sports Hall,GYM,1980,605,1,GOOD,2020-10-22
11192,2832,Learning Centre,LIBRARY,2001,402,1,FAIR,2020-09-06
11193,2833,Block D,CLASSROOM,2014,582,2,GOOD,2020-01-04
11194,2833,Administration Building,ADMIN,1986,587,2,POOR,2023-02-11
11195,2833,Junior Toilets,TOILET_BLOCK,1999,549,1,GOOD,2021-01-09
11196,2833,Learning Centre,LIBRARY,1988,332,1,POOR,2021-12-11
11197,2833,Sports Store,STORAGE,1981,92,1,POOR,2021-06-06
11198,2833,Wood Workshop,WORKSHOP,1968,472,1,FAIR,2022-11-10
11199,2834,Arts Block,CLASSROOM,1970,412,2,GOOD,2021-07-12
11200,2834,Administration Building,ADMIN,1996,244,1,POOR,2021-07-01
11201,2834,Senior Toilets,TOILET_BLOCK,1992,304,1,CRITICAL,2021-12-31
11202,2834,Sports Hall,GYM,1976,465,2,POOR,2023-04-09
11203,2834,Changing Rooms,SPORTS_PAVILION,1977,443,1,POOR,2023-08-28
11204,2834,Metal Workshop,WORKSHOP,1981,325,2,GOOD,2021-01-07
11205,2834,School Library,LIBRARY,1959,65,2,GOOD,2021-04-26
11206,2834,School Hall,HALL,1961,323,2,POOR,2021-11-28
11207,2834,Equipment Store,STORAGE,2009,56,1,FAIR,2023-04-09
11208,2834,Block D,CLASSROOM,2008,229,1,FAIR,2024-03-14
11209,2835,Senior Block,CLASSROOM,1967,494,2,POOR,2023-02-16
11210,2835,Main Office,ADMIN,1972,79,2,POOR,2023-08-30
11211,2835,Junior Toilets,TOILET_BLOCK,2017,258,1,FAIR,2023-07-09
11212,2836,Junior Block,CLASSROOM,1956,520,1,FAIR,2021-03-23
11213,2836,Staff Block,ADMIN,1957,703,2,GOOD,2021-07-04
11214,2836,Junior Toilets,TOILET_BLOCK,1972,306,1,POOR,2022-08-12
11215,2836,Sports Hall,GYM,2007,740,2,FAIR,2023-12-22
11216,2837,Technology Block,CLASSROOM,1955,467,1,FAIR,2024-03-18
11217,2837,Staff Block,ADMIN,1985,191,1,GOOD,2021-07-30
11218,2837,Junior Toilets,TOILET_BLOCK,2011,731,1,GOOD,2020-11-27
11219,2837,Grounds Shed,STORAGE,1995,41,1,GOOD,2022-08-06
11220,2837,Technology Workshop,WORKSHOP,2005,711,1,FAIR,2021-06-29
11221,2837,Fitness Centre,GYM,1979,88,1,FAIR,2020-11-06
11222,2837,Sports Pavilion,SPORTS_PAVILION,1962,760,1,GOOD,2020-07-28
11223,2838,Arts Block,CLASSROOM,1974,392,2,GOOD,2022-04-30
11224,2838,Staff Block,ADMIN,1955,782,1,GOOD,2020-06-22
11225,2838,Staff Facilities,TOILET_BLOCK,2007,311,1,GOOD,2024-08-09
11226,2838,Changing Rooms,SPORTS_PAVILION,1978,241,1,POOR,2023-03-30
11227,2838,Maintenance Shed,STORAGE,2012,44,1,GOOD,2021-02-05
11228,2838,Resource Centre,LIBRARY,1973,664,1,GOOD,2024-07-25
11229,2839,Block D,CLASSROOM,1969,670,1,GOOD,2024-04-22
11230,2839,Staff Block,ADMIN,1962,444,2,GOOD,2023-11-26
11231,2839,Junior Toilets,TOILET_BLOCK,2022,131,1,CRITICAL,2021-09-19
11232,2839,Metal Workshop,WORKSHOP,1999,434,1,POOR,2023-01-31
11233,2840,Block B,CLASSROOM,1991,190,1,CRITICAL,2024-09-11
11234,2840,Main Office,ADMIN,1992,96,1,GOOD,2022-01-03
11235,2840,Junior Toilets,TOILET_BLOCK,2006,505,1,FAIR,2022-10-16
11236,2840,Grounds Shed,STORAGE,2006,84,1,CRITICAL,2022-04-02
11237,2841,Block E,CLASSROOM,1967,595,1,GOOD,2021-10-26
11238,2841,Administration Building,ADMIN,1970,639,2,FAIR,2021-09-02
11239,2841,Sports Amenities,TOILET_BLOCK,1956,273,1,FAIR,2023-04-22
11240,2841,Performing Arts Centre,HALL,2009,417,1,FAIR,2023-09-03
11241,2841,Maintenance Shed,STORAGE,2011,37,1,GOOD,2021-01-30
11242,2842,Arts Block,CLASSROOM,1975,168,2,CRITICAL,2020-08-02
11243,2842,Staff Block,ADMIN,1978,527,1,FAIR,2023-09-05
11244,2842,Junior Toilets,TOILET_BLOCK,2022,369,1,GOOD,2024-05-14
11245,2842,Sports Hall,GYM,1985,518,2,FAIR,2020-01-07
11246,2843,Junior Block,CLASSROOM,2011,672,1,POOR,2023-06-30
11247,2843,Administration Building,ADMIN,1969,222,2,GOOD,2023-08-14
11248,2843,Staff Facilities,TOILET_BLOCK,1996,713,1,GOOD,2024-09-26
11249,2843,Sports Pavilion,SPORTS_PAVILION,2014,567,1,POOR,2022-11-06
11250,2843,Learning Centre,LIBRARY,1974,502,2,GOOD,2020-09-12
11251,2843,Technology Workshop,WORKSHOP,1951,207,1,FAIR,2021-02-09
11252,2843,Equipment Store,STORAGE,2014,34,1,GOOD,2023-02-09
11253,2843,Fitness Centre,GYM,2016,124,2,POOR,2022-05-31
11254,2844,Block C,CLASSROOM,1955,141,2,POOR,2020-10-11
11255,2844,Administration Building,ADMIN,1971,410,1,GOOD,2023-07-28
11256,2844,Senior Toilets,TOILET_BLOCK,1978,300,1,GOOD,2023-02-04
11257,2844,Equipment Store,STORAGE,1970,57,1,GOOD,2021-01-31
11258,2844,School Hall,HALL,2019,551,2,GOOD,2022-09-09
11259,2845,Arts Block,CLASSROOM,1976,680,1,CRITICAL,2023-12-02
11260,2845,Main Office,ADMIN,2015,392,2,FAIR,2020-06-18
11261,2845,Junior Toilets,TOILET_BLOCK,1970,663,1,GOOD,2023-08-25
11262,2845,Cricket Pavilion,SPORTS_PAVILION,1971,519,1,GOOD,2023-09-04
11263,2845,Technology Workshop,WORKSHOP,1952,735,2,CRITICAL,2020-03-13
11264,2846,Senior Block,CLASSROOM,2007,329,1,FAIR,2022-09-25
11265,2846,Administration Building,ADMIN,1996,524,1,GOOD,2020-07-16
11266,2846,Staff Facilities,TOILET_BLOCK,1972,544,1,FAIR,2024-09-30
11267,2846,Equipment Store,STORAGE,1952,48,1,FAIR,2021-10-30
11268,2847,Block A,CLASSROOM,2014,332,1,POOR,2023-08-21
11269,2847,Main Office,ADMIN,2012,319,2,FAIR,2024-10-06
11270,2847,Sports Amenities,TOILET_BLOCK,1957,408,1,GOOD,2024-09-19
11271,2848,Block B,CLASSROOM,1950,468,1,FAIR,2020-10-18
11272,2848,Main Office,ADMIN,1995,375,1,POOR,2023-05-19
11273,2848,Staff Facilities,TOILET_BLOCK,1991,320,1,FAIR,2022-11-14
11274,2848,Performing Arts Centre,HALL,1951,407,1,GOOD,2024-11-11
11275,2848,Changing Rooms,SPORTS_PAVILION,1969,214,1,GOOD,2022-07-22
11276,2848,Learning Centre,LIBRARY,1976,189,2,GOOD,2021-01-28
11277,2848,Equipment Store,STORAGE,1995,41,1,GOOD,2023-06-19
11278,2848,Main Gymnasium,GYM,1956,95,2,GOOD,2024-09-10
11279,2849,Block D,CLASSROOM,2005,320,1,POOR,2022-03-18
11280,2849,Staff Block,ADMIN,2022,605,1,FAIR,2022-12-02
11281,2849,Staff Facilities,TOILET_BLOCK,2020,636,1,POOR,2022-04-17
11282,2849,Main Gymnasium,GYM,1958,364,2,CRITICAL,2024-10-13
11283,2849,School Library,LIBRARY,1979,243,2,FAIR,2023-11-13
11284,2850,Block C,CLASSROOM,2011,209,1,FAIR,2023-03-16
11285,2850,Main Office,ADMIN,1993,312,1,FAIR,2022-12-02
11286,2850,Senior Toilets,TOILET_BLOCK,1991,226,1,FAIR,2023-03-22
11287,2850,Learning Centre,LIBRARY,2011,659,1,POOR,2022-01-18
11288,2850,Assembly Hall,HALL,2016,286,1,FAIR,2021-05-04
11289,2850,Maintenance Shed,STORAGE,1973,44,1,FAIR,2024-07-07
11290,2850,Sports Hall,GYM,2016,360,2,GOOD,2024-04-04
11291,2850,Food Technology,WORKSHOP,1952,137,1,POOR,2022-08-29
11292,2851,Senior Block,CLASSROOM,1965,223,1,FAIR,2022-06-02
11293,2851,Administration Building,ADMIN,1967,83,1,GOOD,2020-03-21
11294,2851,Junior Toilets,TOILET_BLOCK,2000,373,1,FAIR,2021-07-03
11295,2851,Assembly Hall,HALL,2003,318,2,POOR,2022-04-12
11296,2852,Senior Block,CLASSROOM,1960,756,1,POOR,2022-08-01
11297,2852,Administration Building,ADMIN,1957,262,2,GOOD,2020-05-16
11298,2852,Staff Facilities,TOILET_BLOCK,1975,708,1,FAIR,2021-07-20
11299,2854,Senior Block,CLASSROOM,1952,669,1,FAIR,2023-12-19
11300,2854,Administration Building,ADMIN,1986,96,1,CRITICAL,2024-05-19
11301,2854,Junior Toilets,TOILET_BLOCK,1977,333,1,POOR,2024-11-22
11302,2854,Food Technology,WORKSHOP,1990,591,2,POOR,2022-02-14
11303,2854,Changing Rooms,SPORTS_PAVILION,1975,303,1,GOOD,2023-12-27
11304,2855,Block B,CLASSROOM,2000,66,2,GOOD,2022-03-31
11305,2855,Administration Building,ADMIN,1956,659,2,GOOD,2022-11-18
11306,2855,Staff Facilities,TOILET_BLOCK,1975,476,1,CRITICAL,2021-03-20
11307,2855,Grounds Shed,STORAGE,2005,38,1,FAIR,2024-06-15
11308,2859,Technology Block,CLASSROOM,2008,179,2,GOOD,2021-06-25
11309,2859,Administration Building,ADMIN,2002,98,1,GOOD,2023-08-22
11310,2859,Staff Facilities,TOILET_BLOCK,1997,238,1,GOOD,2021-03-27
11311,2859,Cricket Pavilion,SPORTS_PAVILION,1994,687,1,FAIR,2024-07-10
11312,2861,Block C,CLASSROOM,1961,706,2,FAIR,2023-03-12
11313,2861,Staff Block,ADMIN,2009,562,1,FAIR,2023-07-26
11314,2861,Junior Toilets,TOILET_BLOCK,1951,438,1,FAIR,2024-06-22
11315,2861,Fitness Centre,GYM,1950,666,1,GOOD,2021-02-08
11316,2861,Assembly Hall,HALL,1989,70,1,POOR,2021-05-19
11317,2861,Sports Pavilion,SPORTS_PAVILION,1992,486,1,GOOD,2021-08-11
11318,2862,Block C,CLASSROOM,1959,275,1,POOR,2024-09-27
11319,2862,Staff Block,ADMIN,1996,418,1,GOOD,2022-03-29
11320,2862,Senior Toilets,TOILET_BLOCK,1968,294,1,POOR,2024-04-14
11321,2862,Performing Arts Centre,HALL,2005,355,2,GOOD,2024-11-23
11322,2862,Resource Centre,LIBRARY,1955,632,1,CRITICAL,2022-10-30
11323,2862,Technology Workshop,WORKSHOP,1988,110,2,CRITICAL,2021-09-06
11324,2862,Main Gymnasium,GYM,1975,702,2,POOR,2021-04-07
11325,2862,Sports Store,STORAGE,1975,27,1,GOOD,2024-11-24
11326,2863,Block E,CLASSROOM,1982,323,1,GOOD,2024-11-20
11327,2863,Staff Block,ADMIN,1953,490,2,POOR,2020-06-26
11328,2863,Senior Toilets,TOILET_BLOCK,1976,663,1,FAIR,2021-05-03
11329,2863,Wood Workshop,WORKSHOP,1995,426,2,FAIR,2024-04-22
11330,2863,Performing Arts Centre,HALL,1977,66,2,GOOD,2021-08-16
11331,2863,Main Gymnasium,GYM,1988,264,2,POOR,2022-10-21
11332,2863,Cricket Pavilion,SPORTS_PAVILION,1990,512,1,GOOD,2022-04-04
11333,2863,Maintenance Shed,STORAGE,2020,49,1,GOOD,2021-06-15
11334,2863,School Library,LIBRARY,2010,629,2,GOOD,2024-01-15
11335,2865,Block B,CLASSROOM,1985,438,1,GOOD,2022-06-04
11336,2865,Administration Building,ADMIN,1953,290,2,FAIR,2024-07-16
11337,2865,Sports Amenities,TOILET_BLOCK,1973,654,1,GOOD,2022-03-23
11338,2865,Sports Hall,GYM,1995,162,2,GOOD,2020-12-19
11339,2865,Wood Workshop,WORKSHOP,1996,343,2,FAIR,2023-12-22
11340,2865,Sports Store,STORAGE,1964,34,1,GOOD,2020-10-20
11341,2865,Changing Rooms,SPORTS_PAVILION,2017,394,1,CRITICAL,2024-01-22
11342,2866,Senior Block,CLASSROOM,1990,343,1,CRITICAL,2024-04-05
11343,2866,Main Office,ADMIN,2004,672,2,POOR,2023-03-29
11344,2866,Junior Toilets,TOILET_BLOCK,1961,411,1,FAIR,2023-03-08
11345,2866,Sports Pavilion,SPORTS_PAVILION,2017,455,1,GOOD,2022-07-30
11346,2866,Assembly Hall,HALL,2019,741,1,FAIR,2023-08-14
11347,2866,Equipment Store,STORAGE,1956,77,1,FAIR,2020-07-20
11348,2867,Science Block,CLASSROOM,1979,499,2,CRITICAL,2022-07-02
11349,2867,Main Office,ADMIN,1985,287,2,GOOD,2023-03-18
11350,2867,Senior Toilets,TOILET_BLOCK,2022,296,1,CRITICAL,2022-12-30
11351,2867,Food Technology,WORKSHOP,2015,386,1,GOOD,2024-02-29
11352,2867,Sports Hall,GYM,1993,666,1,FAIR,2024-09-24
11353,2867,Assembly Hall,HALL,1995,489,2,FAIR,2022-02-10
11354,2867,Changing Rooms,SPORTS_PAVILION,1961,587,1,GOOD,2022-06-30
11355,2867,Resource Centre,LIBRARY,1960,447,2,GOOD,2024-08-26
11356,2868,Block D,CLASSROOM,1996,457,1,GOOD,2022-05-20
11357,2868,Staff Block,ADMIN,1970,447,2,POOR,2020-11-29
11358,2868,Junior Toilets,TOILET_BLOCK,2020,118,1,POOR,2024-04-07
11359,2868,Sports Pavilion,SPORTS_PAVILION,1975,242,1,GOOD,2020-12-30
11360,2871,Junior Block,CLASSROOM,2021,64,1,FAIR,2023-08-25
11361,2871,Staff Block,ADMIN,1968,204,1,GOOD,2020-08-18
11362,2871,Senior Toilets,TOILET_BLOCK,2002,162,1,FAIR,2021-11-18
11363,2871,Resource Centre,LIBRARY,1951,355,1,FAIR,2021-03-28
11364,2871,Equipment Store,STORAGE,2020,83,1,CRITICAL,2020-06-01
11365,2871,Fitness Centre,GYM,2013,399,2,FAIR,2021-05-31
11366,2871,Cricket Pavilion,SPORTS_PAVILION,1957,573,1,FAIR,2024-08-26
11367,2871,Performing Arts Centre,HALL,1970,303,2,GOOD,2020-04-16
11368,2872,Technology Block,CLASSROOM,2001,792,2,FAIR,2021-07-30
11369,2872,Main Office,ADMIN,1967,567,2,FAIR,2024-05-22
11370,2872,Sports Amenities,TOILET_BLOCK,1982,715,1,GOOD,2022-03-29
11371,2872,Equipment Store,STORAGE,1950,69,1,GOOD,2020-11-11
11372,2872,Assembly Hall,HALL,1967,458,2,FAIR,2022-08-26
11373,2873,Junior Block,CLASSROOM,1963,518,2,FAIR,2024-11-20
11374,2873,Main Office,ADMIN,2002,782,2,GOOD,2024-07-10
11375,2873,Senior Toilets,TOILET_BLOCK,2008,536,1,FAIR,2021-03-22
11376,2873,Changing Rooms,SPORTS_PAVILION,1962,391,1,POOR,2020-09-18
11377,2873,School Library,LIBRARY,1990,388,1,POOR,2020-02-07
11378,2874,Junior Block,CLASSROOM,1969,447,1,GOOD,2021-11-05
11379,2874,Staff Block,ADMIN,1961,334,2,POOR,2023-07-31
11380,2874,Senior Toilets,TOILET_BLOCK,1976,296,1,FAIR,2020-04-25
11381,2874,Technology Workshop,WORKSHOP,1958,477,2,FAIR,2022-04-24
11382,2874,Fitness Centre,GYM,1950,542,2,GOOD,2024-11-01
11383,2874,School Library,LIBRARY,1984,339,2,POOR,2023-11-02
11384,2874,Performing Arts Centre,HALL,1987,483,2,FAIR,2022-10-03
11385,2874,Cricket Pavilion,SPORTS_PAVILION,1978,258,1,GOOD,2020-09-01
11386,2874,Sports Store,STORAGE,1983,72,1,CRITICAL,2023-01-17
11387,2875,Senior Block,CLASSROOM,2002,540,2,POOR,2020-10-21
11388,2875,Main Office,ADMIN,1994,741,2,POOR,2020-09-24
11389,2875,Sports Amenities,TOILET_BLOCK,1965,162,1,GOOD,2020-03-29
11390,2875,Changing Rooms,SPORTS_PAVILION,1992,286,1,GOOD,2021-06-07
11391,2875,School Hall,HALL,1995,395,1,GOOD,2020-08-12
11392,2875,Sports Hall,GYM,1962,696,1,FAIR,2023-07-28
11393,2875,Maintenance Shed,STORAGE,2010,33,1,GOOD,2024-04-01
11394,2876,Block E,CLASSROOM,1983,195,2,POOR,2022-08-14
11395,2876,Main Office,ADMIN,2007,573,2,FAIR,2020-01-02
11396,2876,Staff Facilities,TOILET_BLOCK,1988,723,1,FAIR,2024-06-29
11397,2876,Resource Centre,LIBRARY,1966,234,2,GOOD,2020-08-30
11398,2876,Sports Hall,GYM,2012,153,1,POOR,2023-09-19
11399,2876,Sports Pavilion,SPORTS_PAVILION,2005,568,1,FAIR,2020-12-13
11400,2876,School Hall,HALL,2010,159,1,CRITICAL,2023-01-15
11401,2876,Wood Workshop,WORKSHOP,1951,796,1,POOR,2022-12-29
11402,2877,Block C,CLASSROOM,2006,81,1,CRITICAL,2023-01-18
11403,2877,Staff Block,ADMIN,2006,139,2,POOR,2022-04-08
11404,2877,Senior Toilets,TOILET_BLOCK,1998,327,1,FAIR,2022-11-20
11405,2877,Sports Hall,GYM,1968,734,2,GOOD,2022-02-01
11406,2877,Resource Centre,LIBRARY,1961,207,2,GOOD,2020-08-05
11407,2878,Arts Block,CLASSROOM,1975,183,1,POOR,2021-03-10
11408,2878,Main Office,ADMIN,1951,484,2,POOR,2020-10-11
11409,2878,Sports Amenities,TOILET_BLOCK,2018,111,1,GOOD,2022-03-16
11410,2878,Fitness Centre,GYM,1951,571,1,FAIR,2021-01-31
11411,2878,Sports Pavilion,SPORTS_PAVILION,2001,476,1,GOOD,2023-06-06
11412,2878,School Library,LIBRARY,1993,780,2,POOR,2021-05-20
11413,2878,Sports Store,STORAGE,1991,69,1,FAIR,2020-05-05
11414,2878,School Hall,HALL,2021,407,2,GOOD,2024-04-02
11415,2878,Technology Workshop,WORKSHOP,2000,395,2,GOOD,2020-06-26
11416,2879,Block B,CLASSROOM,2008,162,1,FAIR,2023-10-10
11417,2879,Staff Block,ADMIN,1986,707,1,GOOD,2022-10-04
11418,2879,Junior Toilets,TOILET_BLOCK,2000,203,1,POOR,2021-09-04
11419,2879,Performing Arts Centre,HALL,1989,688,2,FAIR,2024-04-22
11420,2879,Technology Workshop,WORKSHOP,1972,322,1,GOOD,2022-06-06
11421,2879,Maintenance Shed,STORAGE,1966,84,1,FAIR,2024-11-10
11422,2879,Sports Hall,GYM,1996,179,1,GOOD,2020-05-16
11423,2880,Block B,CLASSROOM,1954,103,1,FAIR,2022-09-07
11424,2880,Administration Building,ADMIN,1981,160,1,GOOD,2023-10-18
11425,2880,Senior Toilets,TOILET_BLOCK,2012,586,1,FAIR,2022-01-07
11426,2880,Equipment Store,STORAGE,1955,83,1,GOOD,2020-06-20
11427,2880,Resource Centre,LIBRARY,1954,434,1,GOOD,2023-07-14
11428,2880,Main Gymnasium,GYM,2004,584,2,GOOD,2021-02-13
11429,2880,Cricket Pavilion,SPORTS_PAVILION,1959,611,1,FAIR,2020-09-21
11430,2880,Wood Workshop,WORKSHOP,2010,56,2,FAIR,2020-11-26
11431,2882,Block E,CLASSROOM,1962,103,2,GOOD,2022-01-15
11432,2882,Main Office,ADMIN,1994,483,1,GOOD,2021-11-01
11433,2882,Senior Toilets,TOILET_BLOCK,1968,232,1,POOR,2020-10-11
11434,2882,Food Technology,WORKSHOP,2004,745,2,POOR,2023-12-25
11435,2882,Main Gymnasium,GYM,2014,611,2,POOR,2022-05-17
11436,2883,Block B,CLASSROOM,1976,121,2,GOOD,2023-08-24
11437,2883,Staff Block,ADMIN,1966,240,1,POOR,2021-09-24
11438,2883,Senior Toilets,TOILET_BLOCK,1957,290,1,FAIR,2022-06-08
11439,2883,Changing Rooms,SPORTS_PAVILION,1992,352,1,GOOD,2020-08-04
11440,2886,Science Block,CLASSROOM,1952,498,2,POOR,2021-01-13
11441,2886,Administration Building,ADMIN,1964,158,2,POOR,2021-11-14
11442,2886,Sports Amenities,TOILET_BLOCK,1991,262,1,GOOD,2020-12-25
11443,2886,Learning Centre,LIBRARY,2004,367,2,FAIR,2021-11-30
11444,2886,School Hall,HALL,2000,726,1,GOOD,2022-11-29
11445,2886,Sports Store,STORAGE,1982,25,1,FAIR,2023-07-22
11446,2887,Technology Block,CLASSROOM,2007,112,1,FAIR,2024-01-02
11447,2887,Administration Building,ADMIN,1961,70,1,GOOD,2022-06-23
11448,2887,Staff Facilities,TOILET_BLOCK,1973,265,1,FAIR,2023-10-25
11449,2887,Main Gymnasium,GYM,2003,457,2,FAIR,2022-02-10
11450,2887,Performing Arts Centre,HALL,1957,201,2,GOOD,2020-06-01
11451,2887,Maintenance Shed,STORAGE,2005,89,1,FAIR,2020-06-22
11452,2887,Changing Rooms,SPORTS_PAVILION,1991,441,1,POOR,2023-12-25
11453,2887,Wood Workshop,WORKSHOP,1967,378,1,FAIR,2021-07-01
11454,2888,Arts Block,CLASSROOM,2008,318,2,FAIR,2023-10-16
11455,2888,Staff Block,ADMIN,1965,354,2,POOR,2021-01-13
11456,2888,Staff Facilities,TOILET_BLOCK,1953,688,1,POOR,2024-06-09
11457,2888,Technology Workshop,WORKSHOP,2002,653,2,POOR,2023-04-06
11458,2888,Equipment Store,STORAGE,1963,67,1,GOOD,2020-09-07
11459,2888,Sports Hall,GYM,1972,556,2,GOOD,2021-01-21
11460,2888,Sports Pavilion,SPORTS_PAVILION,1992,714,1,FAIR,2024-08-20
11461,2888,School Hall,HALL,1985,467,2,POOR,2022-09-21
11462,2889,Arts Block,CLASSROOM,1970,798,2,POOR,2022-10-02
11463,2889,Main Office,ADMIN,2005,167,1,FAIR,2020-02-14
11464,2889,Sports Amenities,TOILET_BLOCK,1966,706,1,GOOD,2020-03-11
11465,2889,Cricket Pavilion,SPORTS_PAVILION,1992,195,1,GOOD,2022-09-19
11466,2889,Learning Centre,LIBRARY,1994,372,1,FAIR,2024-07-26
11467,2889,Performing Arts Centre,HALL,2008,108,1,GOOD,2022-08-08
11468,2889,Technology Workshop,WORKSHOP,1963,118,2,FAIR,2021-01-21
11469,2890,Arts Block,CLASSROOM,1962,645,2,FAIR,2020-12-23
11470,2890,Administration Building,ADMIN,1995,558,2,FAIR,2022-06-21
11471,2890,Sports Amenities,TOILET_BLOCK,2012,397,1,POOR,2022-10-14
11472,2890,Learning Centre,LIBRARY,2009,640,1,GOOD,2021-12-13
11473,2891,Block D,CLASSROOM,1958,51,2,POOR,2022-06-09
11474,2891,Staff Block,ADMIN,1983,332,1,POOR,2022-01-08
11475,2891,Senior Toilets,TOILET_BLOCK,2022,77,1,GOOD,2020-04-04
11476,2891,Assembly Hall,HALL,1953,647,1,POOR,2023-05-29
11477,2891,Cricket Pavilion,SPORTS_PAVILION,1958,566,1,GOOD,2023-02-16
11478,2892,Block E,CLASSROOM,1970,649,1,GOOD,2022-07-19
11479,2892,Staff Block,ADMIN,1978,699,1,CRITICAL,2022-08-07
11480,2892,Senior Toilets,TOILET_BLOCK,1992,490,1,FAIR,2020-07-01
11481,2892,Sports Hall,GYM,2015,100,2,CRITICAL,2023-12-29
11482,2892,Wood Workshop,WORKSHOP,1978,733,1,POOR,2023-10-11
11483,2893,Block C,CLASSROOM,1962,628,1,GOOD,2020-08-12
11484,2893,Main Office,ADMIN,1972,108,1,FAIR,2024-10-03
11485,2893,Staff Facilities,TOILET_BLOCK,2022,617,1,GOOD,2020-11-08
11486,2893,Cricket Pavilion,SPORTS_PAVILION,2017,491,1,GOOD,2023-05-30
11487,2893,Main Gymnasium,GYM,2014,202,1,GOOD,2024-02-04
11488,2893,Wood Workshop,WORKSHOP,2006,583,1,GOOD,2023-04-04
11489,2893,Performing Arts Centre,HALL,1968,572,1,FAIR,2022-03-03
11490,2893,School Library,LIBRARY,1983,556,2,CRITICAL,2024-05-23
11491,2893,Sports Store,STORAGE,2008,31,1,FAIR,2020-12-30
11492,2893,Block E,CLASSROOM,2016,407,1,GOOD,2020-03-02
11493,2893,Block C,CLASSROOM,1950,507,1,FAIR,2024-09-08
11494,2894,Block C,CLASSROOM,2012,548,1,FAIR,2024-06-03
11495,2894,Staff Block,ADMIN,1998,754,2,GOOD,2021-11-19
11496,2894,Sports Amenities,TOILET_BLOCK,2017,472,1,GOOD,2024-07-15
11497,2894,School Hall,HALL,1955,228,1,FAIR,2020-12-25
11498,2894,Cricket Pavilion,SPORTS_PAVILION,2003,230,1,POOR,2021-12-12
11499,2895,Technology Block,CLASSROOM,2020,726,1,FAIR,2023-10-10
11500,2895,Staff Block,ADMIN,1955,140,1,FAIR,2020-07-25
11501,2895,Senior Toilets,TOILET_BLOCK,1992,760,1,CRITICAL,2022-07-03
11502,2896,Arts Block,CLASSROOM,1952,753,1,FAIR,2023-10-21
11503,2896,Staff Block,ADMIN,1983,259,1,GOOD,2021-10-22
11504,2896,Staff Facilities,TOILET_BLOCK,2020,497,1,FAIR,2020-10-03
11505,2896,Sports Pavilion,SPORTS_PAVILION,1951,631,1,GOOD,2022-12-19
11506,2899,Senior Block,CLASSROOM,1955,451,1,GOOD,2023-01-22
11507,2899,Staff Block,ADMIN,2020,593,2,GOOD,2020-08-19
11508,2899,Senior Toilets,TOILET_BLOCK,1981,548,1,POOR,2020-06-26
11509,2899,Wood Workshop,WORKSHOP,1976,674,2,FAIR,2022-06-27
11510,2900,Block A,CLASSROOM,2013,166,1,GOOD,2022-03-11
11511,2900,Main Office,ADMIN,1978,145,2,GOOD,2023-12-23
11512,2900,Staff Facilities,TOILET_BLOCK,1975,244,1,GOOD,2023-02-26
11513,2900,Equipment Store,STORAGE,1950,28,1,GOOD,2023-05-29
11514,2900,Changing Rooms,SPORTS_PAVILION,1952,515,1,GOOD,2022-01-23
11515,2902,Block B,CLASSROOM,2020,237,1,GOOD,2021-05-15
11516,2902,Staff Block,ADMIN,2005,466,2,FAIR,2021-02-12
11517,2902,Staff Facilities,TOILET_BLOCK,1977,140,1,GOOD,2022-11-12
11518,2903,Technology Block,CLASSROOM,2013,496,1,FAIR,2020-01-08
11519,2903,Administration Building,ADMIN,1976,676,2,GOOD,2020-10-15
11520,2903,Senior Toilets,TOILET_BLOCK,2005,623,1,GOOD,2021-07-15
11521,2904,Science Block,CLASSROOM,2006,72,2,GOOD,2022-07-03
11522,2904,Main Office,ADMIN,2021,464,2,FAIR,2024-05-17
11523,2904,Sports Amenities,TOILET_BLOCK,1993,326,1,GOOD,2023-12-30
11524,2906,Senior Block,CLASSROOM,2022,530,2,GOOD,2024-03-21
11525,2906,Staff Block,ADMIN,2015,466,1,FAIR,2021-02-19
11526,2906,Staff Facilities,TOILET_BLOCK,2005,354,1,POOR,2024-10-30
11527,2906,Learning Centre,LIBRARY,1964,68,1,FAIR,2022-07-26
11528,2906,Changing Rooms,SPORTS_PAVILION,2004,110,1,GOOD,2021-10-06
11529,2906,Main Gymnasium,GYM,1975,720,2,FAIR,2022-09-08
11530,2906,Performing Arts Centre,HALL,1973,252,1,CRITICAL,2022-10-21
11531,2906,Wood Workshop,WORKSHOP,1972,245,1,CRITICAL,2022-08-16
11532,2909,Technology Block,CLASSROOM,1953,280,2,GOOD,2023-08-07
11533,2909,Staff Block,ADMIN,1963,363,2,GOOD,2020-09-17
11534,2909,Senior Toilets,TOILET_BLOCK,2010,376,1,GOOD,2021-11-03
11535,2909,Sports Hall,GYM,1968,132,2,GOOD,2020-05-09
11536,2909,Food Technology,WORKSHOP,1957,87,2,FAIR,2020-10-07
11537,2911,Junior Block,CLASSROOM,2016,741,2,POOR,2022-11-13
11538,2911,Staff Block,ADMIN,1951,168,1,FAIR,2020-05-20
11539,2911,Senior Toilets,TOILET_BLOCK,2021,704,1,FAIR,2024-02-06
11540,2911,Learning Centre,LIBRARY,1958,753,2,FAIR,2022-01-14
11541,2911,Changing Rooms,SPORTS_PAVILION,1989,582,1,GOOD,2024-06-08
11542,2912,Block E,CLASSROOM,1996,366,2,POOR,2023-02-13
11543,2912,Staff Block,ADMIN,2005,65,1,GOOD,2024-10-25
11544,2912,Senior Toilets,TOILET_BLOCK,1962,563,1,FAIR,2023-10-14
11545,2912,Wood Workshop,WORKSHOP,1972,372,2,GOOD,2023-11-22
11546,2915,Science Block,CLASSROOM,2009,642,1,GOOD,2020-08-03
11547,2915,Staff Block,ADMIN,1969,181,2,POOR,2022-05-28
11548,2915,Junior Toilets,TOILET_BLOCK,1954,662,1,GOOD,2024-06-24
11549,2915,Metal Workshop,WORKSHOP,1985,58,1,FAIR,2022-03-11
11550,2916,Technology Block,CLASSROOM,1999,680,2,FAIR,2020-12-15
11551,2916,Staff Block,ADMIN,1999,263,2,FAIR,2020-10-30
11552,2916,Staff Facilities,TOILET_BLOCK,1968,163,1,POOR,2022-02-12
11553,2916,Performing Arts Centre,HALL,1996,648,2,GOOD,2021-02-22
11554,2916,Main Gymnasium,GYM,1972,210,2,FAIR,2024-10-23
11555,2916,Resource Centre,LIBRARY,2017,69,1,GOOD,2024-08-22
11556,2916,Changing Rooms,SPORTS_PAVILION,1954,513,1,FAIR,2023-07-23
11557,2916,Grounds Shed,STORAGE,2001,57,1,POOR,2020-04-05
11558,2918,Technology Block,CLASSROOM,1986,635,2,FAIR,2023-01-18
11559,2918,Staff Block,ADMIN,2013,507,2,FAIR,2022-07-05
11560,2918,Sports Amenities,TOILET_BLOCK,2014,215,1,FAIR,2020-01-27
11561,2918,Main Gymnasium,GYM,1980,375,2,GOOD,2022-01-06
11562,2918,School Library,LIBRARY,1952,523,1,GOOD,2023-01-30
11563,2920,Block B,CLASSROOM,1990,628,1,FAIR,2021-12-01
11564,2920,Main Office,ADMIN,1981,84,1,FAIR,2020-12-30
11565,2920,Senior Toilets,TOILET_BLOCK,1968,189,1,POOR,2024-11-07
11566,2920,Maintenance Shed,STORAGE,1979,78,1,FAIR,2021-03-30
11567,2920,Learning Centre,LIBRARY,1980,320,1,FAIR,2021-04-18
11568,2920,Changing Rooms,SPORTS_PAVILION,2004,459,1,POOR,2022-06-10
11569,2920,Performing Arts Centre,HALL,1978,473,1,FAIR,2024-03-10
11570,2921,Senior Block,CLASSROOM,1972,475,2,POOR,2021-12-05
11571,2921,Main Office,ADMIN,2004,604,2,FAIR,2020-12-23
11572,2921,Junior Toilets,TOILET_BLOCK,1971,313,1,GOOD,2024-11-22
11573,2921,Wood Workshop,WORKSHOP,2019,109,1,FAIR,2023-10-06
11574,2921,School Hall,HALL,1960,231,2,GOOD,2021-03-06
11575,2921,Grounds Shed,STORAGE,2004,39,1,CRITICAL,2023-06-15
11576,2921,Sports Hall,GYM,1956,550,2,GOOD,2021-09-10
11577,2922,Arts Block,CLASSROOM,1972,297,1,GOOD,2024-05-26
11578,2922,Staff Block,ADMIN,1974,478,1,GOOD,2020-06-28
11579,2922,Staff Facilities,TOILET_BLOCK,1971,377,1,GOOD,2022-05-01
11580,2922,Cricket Pavilion,SPORTS_PAVILION,1959,595,1,GOOD,2020-06-22
11581,2922,Resource Centre,LIBRARY,1995,187,2,GOOD,2024-02-23
11582,2922,Sports Hall,GYM,1952,521,1,CRITICAL,2021-10-10
11583,2922,Grounds Shed,STORAGE,2000,88,1,FAIR,2022-11-07
11584,2923,Block E,CLASSROOM,1958,268,1,POOR,2020-05-19
11585,2923,Staff Block,ADMIN,2016,68,2,FAIR,2020-11-20
11586,2923,Sports Amenities,TOILET_BLOCK,2022,576,1,FAIR,2021-05-16
11587,2924,Block E,CLASSROOM,1985,150,1,GOOD,2024-12-01
11588,2924,Staff Block,ADMIN,1959,396,1,GOOD,2020-03-06
11589,2924,Senior Toilets,TOILET_BLOCK,1996,108,1,POOR,2023-03-24
11590,2924,Sports Hall,GYM,1989,777,1,FAIR,2024-04-29
11591,2924,School Library,LIBRARY,1978,456,1,CRITICAL,2024-01-09
11592,2924,School Hall,HALL,1971,680,2,GOOD,2024-11-07
11593,2924,Sports Pavilion,SPORTS_PAVILION,2017,127,1,FAIR,2023-12-01
11594,2924,Technology Workshop,WORKSHOP,2019,206,2,GOOD,2020-09-19
11595,2924,Equipment Store,STORAGE,1996,78,1,POOR,2023-05-16
11596,2924,Block C,CLASSROOM,1978,328,2,FAIR,2020-04-09
11597,2924,Senior Block,CLASSROOM,1993,349,2,GOOD,2022-10-06
11598,2924,Block B,CLASSROOM,2009,73,1,FAIR,2024-08-27
11599,2925,Science Block,CLASSROOM,1977,248,1,FAIR,2022-03-02
11600,2925,Staff Block,ADMIN,1965,217,1,GOOD,2023-12-10
11601,2925,Staff Facilities,TOILET_BLOCK,2010,486,1,FAIR,2024-05-04
11602,2925,School Hall,HALL,1952,177,2,POOR,2024-01-03
11603,2925,Maintenance Shed,STORAGE,1963,64,1,GOOD,2024-05-13
11604,2925,Sports Hall,GYM,1983,299,2,POOR,2023-05-13
11605,2925,Technology Workshop,WORKSHOP,2012,248,2,POOR,2024-08-12
11606,2925,Sports Pavilion,SPORTS_PAVILION,2009,397,1,FAIR,2020-10-30
11607,2926,Block A,CLASSROOM,1972,692,1,GOOD,2020-06-11
11608,2926,Staff Block,ADMIN,1961,172,2,POOR,2023-01-01
11609,2926,Senior Toilets,TOILET_BLOCK,1955,636,1,GOOD,2022-03-04
11610,2926,Sports Pavilion,SPORTS_PAVILION,2013,232,1,FAIR,2021-03-05
11611,2926,Performing Arts Centre,HALL,2008,602,1,CRITICAL,2021-01-05
11612,2927,Science Block,CLASSROOM,1984,596,2,GOOD,2020-12-27
11613,2927,Administration Building,ADMIN,2013,115,2,POOR,2022-12-13
11614,2927,Sports Amenities,TOILET_BLOCK,2010,727,1,GOOD,2024-07-13
11615,2927,Sports Pavilion,SPORTS_PAVILION,1992,227,1,GOOD,2024-09-27
11616,2927,Grounds Shed,STORAGE,2011,59,1,GOOD,2024-05-09
11617,2927,School Hall,HALL,1960,322,2,FAIR,2022-04-01
11618,2928,Block D,CLASSROOM,1998,563,1,FAIR,2022-07-06
11619,2928,Staff Block,ADMIN,1979,489,1,POOR,2023-03-13
11620,2928,Sports Amenities,TOILET_BLOCK,2007,148,1,GOOD,2024-01-03
11621,2930,Block D,CLASSROOM,1999,537,1,GOOD,2024-07-09
11622,2930,Administration Building,ADMIN,1999,232,2,GOOD,2023-05-29
11623,2930,Sports Amenities,TOILET_BLOCK,1974,769,1,FAIR,2021-10-10
11624,2930,Wood Workshop,WORKSHOP,1966,502,2,GOOD,2023-03-13
11625,2930,Sports Store,STORAGE,1971,65,1,GOOD,2020-06-30
11626,2931,Junior Block,CLASSROOM,2019,404,2,GOOD,2023-06-03
11627,2931,Main Office,ADMIN,1955,361,1,CRITICAL,2022-10-15
11628,2931,Sports Amenities,TOILET_BLOCK,1994,524,1,FAIR,2024-10-09
11629,2931,School Hall,HALL,1974,372,2,GOOD,2021-06-03
11630,2931,Sports Store,STORAGE,1951,33,1,FAIR,2024-10-15
11631,2931,Resource Centre,LIBRARY,2000,129,2,FAIR,2024-05-24
11632,2931,Wood Workshop,WORKSHOP,1952,642,2,GOOD,2020-08-13
11633,2933,Junior Block,CLASSROOM,1999,122,1,POOR,2023-04-01
11634,2933,Administration Building,ADMIN,2011,605,1,GOOD,2022-05-18
11635,2933,Sports Amenities,TOILET_BLOCK,2014,734,1,GOOD,2020-05-16
11636,2936,Block D,CLASSROOM,2002,322,1,FAIR,2024-08-04
11637,2936,Staff Block,ADMIN,1995,604,2,POOR,2020-04-30
11638,2936,Junior Toilets,TOILET_BLOCK,1978,424,1,POOR,2020-02-10
11639,2936,Cricket Pavilion,SPORTS_PAVILION,1995,104,1,POOR,2024-01-08
11640,2936,Food Technology,WORKSHOP,1975,175,1,POOR,2020-11-21
11641,2937,Block C,CLASSROOM,1968,157,2,POOR,2024-06-21
11642,2937,Administration Building,ADMIN,1979,799,2,FAIR,2023-01-23
11643,2937,Senior Toilets,TOILET_BLOCK,2003,790,1,FAIR,2021-04-28
11644,2939,Senior Block,CLASSROOM,1995,207,2,POOR,2024-01-16
11645,2939,Administration Building,ADMIN,1953,451,2,FAIR,2021-11-02
11646,2939,Sports Amenities,TOILET_BLOCK,2014,476,1,GOOD,2023-10-27
11647,2939,Wood Workshop,WORKSHOP,2003,721,1,GOOD,2020-11-04
11648,2939,Equipment Store,STORAGE,2015,51,1,FAIR,2020-02-04
11649,2939,Sports Pavilion,SPORTS_PAVILION,2003,520,1,GOOD,2023-09-25
11650,2939,Learning Centre,LIBRARY,2007,254,1,FAIR,2021-10-18
11651,2941,Science Block,CLASSROOM,2020,223,2,GOOD,2023-09-19
11652,2941,Administration Building,ADMIN,2019,474,1,CRITICAL,2024-06-06
11653,2941,Junior Toilets,TOILET_BLOCK,1990,582,1,GOOD,2023-06-15
11654,2941,Equipment Store,STORAGE,1965,21,1,GOOD,2024-04-13
11655,2941,Sports Hall,GYM,1957,485,1,FAIR,2022-05-11
11656,2941,School Library,LIBRARY,1956,628,2,POOR,2021-02-07
11657,2941,Technology Workshop,WORKSHOP,1979,643,2,FAIR,2021-03-26
11658,2942,Block A,CLASSROOM,1986,250,1,FAIR,2024-03-07
11659,2942,Main Office,ADMIN,2013,778,1,GOOD,2024-01-27
11660,2942,Junior Toilets,TOILET_BLOCK,1980,177,1,FAIR,2022-11-23
11661,2942,Maintenance Shed,STORAGE,1962,98,1,FAIR,2024-02-04
11662,2942,School Library,LIBRARY,1954,561,1,FAIR,2020-05-30
11663,2943,Block A,CLASSROOM,1963,87,2,GOOD,2022-08-15
11664,2943,Staff Block,ADMIN,2005,743,1,POOR,2020-10-22
11665,2943,Junior Toilets,TOILET_BLOCK,2001,480,1,GOOD,2024-05-15
11666,2943,Learning Centre,LIBRARY,2013,668,1,GOOD,2021-12-23
11667,2943,Maintenance Shed,STORAGE,1966,95,1,GOOD,2023-07-15
11668,2943,Metal Workshop,WORKSHOP,2003,789,1,FAIR,2022-09-14
11669,2943,Main Gymnasium,GYM,1964,439,1,FAIR,2022-12-22
11670,2943,Performing Arts Centre,HALL,1953,387,2,GOOD,2023-02-16
11671,2944,Block C,CLASSROOM,1996,560,2,POOR,2021-02-28
11672,2944,Administration Building,ADMIN,1974,683,2,GOOD,2020-05-22
11673,2944,Sports Amenities,TOILET_BLOCK,2010,745,1,FAIR,2020-11-24
11674,2944,Performing Arts Centre,HALL,2018,677,1,POOR,2022-12-31
11675,2944,Wood Workshop,WORKSHOP,1955,354,2,FAIR,2022-04-06
11676,2945,Science Block,CLASSROOM,1998,87,2,GOOD,2021-08-27
11677,2945,Staff Block,ADMIN,1993,301,1,FAIR,2024-05-13
11678,2945,Sports Amenities,TOILET_BLOCK,1972,82,1,FAIR,2021-12-23
11679,2945,Main Gymnasium,GYM,1962,486,1,POOR,2021-03-09
11680,2945,Performing Arts Centre,HALL,1973,625,2,GOOD,2021-02-20
11681,2945,Changing Rooms,SPORTS_PAVILION,1957,246,1,GOOD,2022-05-12
11682,2945,Food Technology,WORKSHOP,2011,278,1,FAIR,2022-11-16
11683,2945,Resource Centre,LIBRARY,1980,357,1,POOR,2024-04-25
11684,2946,Block A,CLASSROOM,1950,536,2,POOR,2023-09-21
11685,2946,Staff Block,ADMIN,1969,708,2,GOOD,2020-11-27
11686,2946,Senior Toilets,TOILET_BLOCK,1961,342,1,FAIR,2023-03-09
11687,2946,Wood Workshop,WORKSHOP,1957,229,2,GOOD,2020-04-17
11688,2946,Grounds Shed,STORAGE,1969,40,1,GOOD,2023-09-28
11689,2946,Learning Centre,LIBRARY,2015,219,1,GOOD,2021-12-30
11690,2946,Performing Arts Centre,HALL,2018,393,1,GOOD,2020-08-04
11691,2947,Block E,CLASSROOM,1983,620,2,POOR,2022-11-27
11692,2947,Staff Block,ADMIN,1983,215,1,FAIR,2022-09-26
11693,2947,Staff Facilities,TOILET_BLOCK,1988,654,1,GOOD,2023-11-04
11694,2947,Sports Hall,GYM,1984,666,2,GOOD,2021-07-14
11695,2947,Sports Pavilion,SPORTS_PAVILION,2005,161,1,FAIR,2021-01-07
11696,2947,School Library,LIBRARY,1960,631,1,FAIR,2020-12-15
11697,2947,Metal Workshop,WORKSHOP,1992,324,1,FAIR,2023-08-20
11698,2947,Performing Arts Centre,HALL,1973,140,1,FAIR,2023-05-02
11699,2948,Block E,CLASSROOM,1968,462,2,FAIR,2020-08-16
11700,2948,Staff Block,ADMIN,2002,723,2,GOOD,2021-10-04
11701,2948,Staff Facilities,TOILET_BLOCK,2009,324,1,GOOD,2024-04-07
11702,2948,Wood Workshop,WORKSHOP,1956,479,1,POOR,2022-04-02
11703,2948,Performing Arts Centre,HALL,1961,292,1,GOOD,2023-06-15
11704,2948,Cricket Pavilion,SPORTS_PAVILION,2020,304,1,FAIR,2023-01-05
11705,2948,Sports Store,STORAGE,2017,53,1,FAIR,2020-11-07
11706,2949,Block E,CLASSROOM,2007,611,1,FAIR,2020-06-20
11707,2949,Main Office,ADMIN,2016,651,2,GOOD,2020-12-19
11708,2949,Senior Toilets,TOILET_BLOCK,2018,620,1,CRITICAL,2020-09-19
11709,2949,School Hall,HALL,1993,337,1,GOOD,2024-08-23
11710,2949,Maintenance Shed,STORAGE,1957,33,1,FAIR,2023-05-07
11711,2949,Main Gymnasium,GYM,2004,66,1,GOOD,2023-08-06
11712,2950,Technology Block,CLASSROOM,2013,204,1,POOR,2022-11-29
11713,2950,Staff Block,ADMIN,2007,82,1,GOOD,2023-08-22
11714,2950,Sports Amenities,TOILET_BLOCK,2002,688,1,FAIR,2020-09-01
11715,2950,Main Gymnasium,GYM,2010,353,2,GOOD,2024-09-26
11716,2950,Sports Store,STORAGE,2008,42,1,FAIR,2022-01-22
11717,2950,Cricket Pavilion,SPORTS_PAVILION,1953,528,1,GOOD,2020-01-19
11718,2950,School Hall,HALL,2013,751,2,FAIR,2020-09-07
11719,2950,Resource Centre,LIBRARY,2013,310,1,GOOD,2024-03-10
11720,2953,Block B,CLASSROOM,2017,408,1,FAIR,2024-09-23
11721,2953,Main Office,ADMIN,1958,582,2,POOR,2023-04-22
11722,2953,Staff Facilities,TOILET_BLOCK,2020,463,1,GOOD,2021-07-24
11723,2955,Block E,CLASSROOM,1995,355,1,FAIR,2020-07-31
11724,2955,Main Office,ADMIN,1977,497,1,FAIR,2024-01-28
11725,2955,Junior Toilets,TOILET_BLOCK,1981,348,1,GOOD,2020-04-17
11726,2956,Senior Block,CLASSROOM,1960,495,1,FAIR,2023-03-25
11727,2956,Staff Block,ADMIN,1968,139,2,POOR,2020-09-25
11728,2956,Staff Facilities,TOILET_BLOCK,1951,491,1,FAIR,2023-03-17
11729,2956,Fitness Centre,GYM,1995,237,1,GOOD,2022-01-09
11730,2957,Science Block,CLASSROOM,2003,190,1,FAIR,2022-02-14
11731,2957,Staff Block,ADMIN,1957,530,2,CRITICAL,2024-02-24
11732,2957,Junior Toilets,TOILET_BLOCK,1965,197,1,GOOD,2022-03-05
11733,2957,Sports Pavilion,SPORTS_PAVILION,2010,380,1,FAIR,2023-02-27
11734,2957,Metal Workshop,WORKSHOP,1996,188,2,FAIR,2021-04-14
11735,2958,Junior Block,CLASSROOM,1983,742,1,POOR,2020-06-22
11736,2958,Administration Building,ADMIN,1972,185,2,GOOD,2020-06-05
11737,2958,Senior Toilets,TOILET_BLOCK,2013,382,1,POOR,2021-10-01
11738,2959,Block A,CLASSROOM,1975,167,2,FAIR,2021-05-09
11739,2959,Administration Building,ADMIN,1958,121,1,GOOD,2023-07-17
11740,2959,Junior Toilets,TOILET_BLOCK,1962,159,1,FAIR,2021-04-18
11741,2960,Arts Block,CLASSROOM,2001,110,2,GOOD,2023-12-26
11742,2960,Staff Block,ADMIN,1994,614,2,POOR,2022-04-24
11743,2960,Sports Amenities,TOILET_BLOCK,1967,667,1,FAIR,2024-07-12
11744,2960,Grounds Shed,STORAGE,2004,61,1,GOOD,2023-12-11
11745,2960,Learning Centre,LIBRARY,2012,145,2,FAIR,2024-05-25
11746,2960,Sports Hall,GYM,1954,203,2,POOR,2022-12-28
11747,2960,Performing Arts Centre,HALL,1972,296,1,GOOD,2023-02-09
11748,2960,Cricket Pavilion,SPORTS_PAVILION,2011,204,1,GOOD,2024-04-24
11749,2961,Block B,CLASSROOM,1979,615,1,POOR,2020-06-30
11750,2961,Main Office,ADMIN,2019,450,2,FAIR,2023-08-29
11751,2961,Sports Amenities,TOILET_BLOCK,1972,86,1,FAIR,2023-11-09
11752,2961,Equipment Store,STORAGE,1965,80,1,POOR,2020-02-22
11753,2961,Learning Centre,LIBRARY,1962,525,1,FAIR,2022-09-03
11754,2962,Science Block,CLASSROOM,1957,252,1,FAIR,2024-02-12
11755,2962,Staff Block,ADMIN,2021,78,2,FAIR,2024-10-08
11756,2962,Sports Amenities,TOILET_BLOCK,1968,761,1,GOOD,2021-10-10
11757,2962,Cricket Pavilion,SPORTS_PAVILION,2017,510,1,GOOD,2021-10-25
11758,2962,Grounds Shed,STORAGE,1982,35,1,FAIR,2023-07-23
11759,2963,Block B,CLASSROOM,1959,452,2,CRITICAL,2021-12-15
11760,2963,Administration Building,ADMIN,1954,545,2,CRITICAL,2020-03-08
11761,2963,Staff Facilities,TOILET_BLOCK,2001,560,1,GOOD,2024-11-28
11762,2963,Grounds Shed,STORAGE,1963,34,1,FAIR,2022-06-25
11763,2964,Block E,CLASSROOM,1973,592,2,FAIR,2022-02-14
11764,2964,Staff Block,ADMIN,1983,244,2,GOOD,2023-08-26
11765,2964,Staff Facilities,TOILET_BLOCK,1994,433,1,GOOD,2020-05-24
11766,2964,School Hall,HALL,2013,397,1,FAIR,2022-12-03
11767,2964,Fitness Centre,GYM,1979,412,2,GOOD,2022-08-02
11768,2965,Block E,CLASSROOM,1951,414,1,FAIR,2023-12-11
11769,2965,Administration Building,ADMIN,1953,338,1,GOOD,2020-12-30
11770,2965,Staff Facilities,TOILET_BLOCK,2015,790,1,FAIR,2022-12-27
11771,2965,School Hall,HALL,1974,104,1,FAIR,2021-08-21
11772,2966,Senior Block,CLASSROOM,1974,214,2,GOOD,2021-03-14
11773,2966,Staff Block,ADMIN,1988,60,1,CRITICAL,2022-08-28
11774,2966,Sports Amenities,TOILET_BLOCK,1982,590,1,GOOD,2022-04-08
11775,2966,Equipment Store,STORAGE,1969,73,1,GOOD,2021-04-20
11776,2966,Learning Centre,LIBRARY,1969,89,1,FAIR,2022-10-04
11777,2966,Changing Rooms,SPORTS_PAVILION,1988,467,1,GOOD,2023-07-10
11778,2966,Fitness Centre,GYM,1967,705,1,FAIR,2022-02-05
11779,2966,Assembly Hall,HALL,1965,714,1,GOOD,2021-03-29
11780,2967,Arts Block,CLASSROOM,1970,670,1,GOOD,2020-09-02
11781,2967,Main Office,ADMIN,2007,277,1,GOOD,2020-11-01
11782,2967,Staff Facilities,TOILET_BLOCK,2006,146,1,GOOD,2023-10-06
11783,2967,Technology Workshop,WORKSHOP,2021,733,1,POOR,2021-06-30
11784,2968,Technology Block,CLASSROOM,2015,480,1,FAIR,2023-09-17
11785,2968,Main Office,ADMIN,1962,729,1,POOR,2022-06-25
11786,2968,Senior Toilets,TOILET_BLOCK,1962,129,1,FAIR,2023-01-15
11787,2968,Performing Arts Centre,HALL,1973,535,1,GOOD,2021-01-05
11788,2968,Main Gymnasium,GYM,1963,560,1,FAIR,2021-05-15
11789,2968,Sports Store,STORAGE,2013,60,1,POOR,2023-06-03
11790,2968,Resource Centre,LIBRARY,1991,703,2,POOR,2020-01-25
11791,2968,Cricket Pavilion,SPORTS_PAVILION,2009,592,1,FAIR,2020-10-09
11792,2969,Junior Block,CLASSROOM,2012,710,1,GOOD,2024-10-22
11793,2969,Administration Building,ADMIN,1985,55,1,FAIR,2024-03-25
11794,2969,Junior Toilets,TOILET_BLOCK,1979,765,1,FAIR,2023-09-13
11795,2969,School Library,LIBRARY,2008,77,2,FAIR,2022-10-06
11796,2969,Fitness Centre,GYM,2000,157,2,FAIR,2020-10-03
11797,2970,Block A,CLASSROOM,2006,80,1,FAIR,2022-03-11
11798,2970,Administration Building,ADMIN,1974,82,1,GOOD,2021-05-07
11799,2970,Staff Facilities,TOILET_BLOCK,1963,410,1,GOOD,2024-05-14
11800,2970,Sports Hall,GYM,1984,359,2,GOOD,2022-04-27
11801,2970,School Hall,HALL,1955,609,2,GOOD,2021-05-02
11802,2970,Learning Centre,LIBRARY,2007,798,1,GOOD,2020-08-24
11803,2971,Block A,CLASSROOM,1974,688,2,POOR,2024-04-02
11804,2971,Main Office,ADMIN,1963,658,2,FAIR,2021-11-21
11805,2971,Staff Facilities,TOILET_BLOCK,1951,591,1,POOR,2021-11-05
11806,2971,Sports Hall,GYM,1960,487,2,GOOD,2022-11-19
11807,2972,Arts Block,CLASSROOM,1970,506,2,GOOD,2023-09-08
11808,2972,Staff Block,ADMIN,2018,367,1,GOOD,2024-05-29
11809,2972,Sports Amenities,TOILET_BLOCK,2001,674,1,GOOD,2022-02-11
11810,2972,Learning Centre,LIBRARY,1990,700,1,GOOD,2020-12-28
11811,2972,Sports Pavilion,SPORTS_PAVILION,2001,323,1,GOOD,2024-10-25
11812,2972,School Hall,HALL,2002,62,1,GOOD,2021-10-23
11813,2972,Main Gymnasium,GYM,1993,245,1,GOOD,2024-06-18
11814,2972,Wood Workshop,WORKSHOP,1972,76,2,FAIR,2021-08-22
11815,2972,Equipment Store,STORAGE,1995,99,1,GOOD,2020-11-20
11816,2972,Block A,CLASSROOM,1983,201,1,FAIR,2021-10-18
11817,2972,Science Block,CLASSROOM,1965,80,1,POOR,2023-09-03
11818,2973,Technology Block,CLASSROOM,1993,172,2,GOOD,2021-09-01
11819,2973,Staff Block,ADMIN,1971,170,1,GOOD,2022-04-10
11820,2973,Staff Facilities,TOILET_BLOCK,1954,485,1,FAIR,2020-11-29
11821,2973,School Hall,HALL,2015,215,1,FAIR,2022-11-21
11822,2973,Sports Store,STORAGE,1953,78,1,FAIR,2024-11-12
11823,2974,Block D,CLASSROOM,1961,300,1,CRITICAL,2023-05-05
11824,2974,Main Office,ADMIN,1977,287,2,FAIR,2021-02-16
11825,2974,Junior Toilets,TOILET_BLOCK,2016,318,1,GOOD,2023-04-28
11826,2974,School Library,LIBRARY,2011,109,2,FAIR,2023-05-28
11827,2974,Sports Pavilion,SPORTS_PAVILION,1954,553,1,FAIR,2023-10-28
11828,2974,Performing Arts Centre,HALL,1978,544,1,GOOD,2022-08-14
11829,2974,Fitness Centre,GYM,1977,744,1,FAIR,2020-12-16
11830,2974,Food Technology,WORKSHOP,2018,121,2,FAIR,2022-03-03
11831,2974,Grounds Shed,STORAGE,1952,45,1,POOR,2022-03-02
11832,2975,Block B,CLASSROOM,1954,62,1,GOOD,2022-05-14
11833,2975,Main Office,ADMIN,1997,267,2,POOR,2022-03-09
11834,2975,Sports Amenities,TOILET_BLOCK,1974,320,1,GOOD,2023-07-18
11835,2975,Cricket Pavilion,SPORTS_PAVILION,2011,617,1,FAIR,2021-11-02
11836,2975,Sports Hall,GYM,1972,577,1,FAIR,2021-05-08
11837,2975,Assembly Hall,HALL,1981,655,1,POOR,2021-05-01
11838,2975,Wood Workshop,WORKSHOP,2019,439,2,GOOD,2023-05-29
11839,2975,Equipment Store,STORAGE,1981,87,1,GOOD,2022-12-16
11840,2976,Block A,CLASSROOM,2014,678,2,GOOD,2020-04-13
11841,2976,Main Office,ADMIN,2009,240,1,FAIR,2020-02-06
11842,2976,Senior Toilets,TOILET_BLOCK,2011,119,1,FAIR,2021-11-21
11843,2976,Resource Centre,LIBRARY,1969,192,2,GOOD,2023-09-15
11844,2976,Sports Pavilion,SPORTS_PAVILION,2006,509,1,POOR,2023-06-16
11845,2976,Assembly Hall,HALL,2009,775,2,CRITICAL,2024-10-01
11846,2976,Fitness Centre,GYM,1973,647,2,POOR,2020-12-19
11847,2976,Food Technology,WORKSHOP,1996,455,2,FAIR,2024-09-13
11848,2977,Technology Block,CLASSROOM,1997,493,1,GOOD,2020-04-21
11849,2977,Administration Building,ADMIN,2019,655,1,GOOD,2021-10-19
11850,2977,Staff Facilities,TOILET_BLOCK,1989,584,1,FAIR,2020-01-11
11851,2977,Cricket Pavilion,SPORTS_PAVILION,2011,72,1,POOR,2020-10-26
11852,2977,Equipment Store,STORAGE,1999,84,1,GOOD,2020-06-26
11853,2977,Main Gymnasium,GYM,1966,644,1,GOOD,2021-07-29
11854,2978,Block A,CLASSROOM,2008,616,2,GOOD,2021-11-01
11855,2978,Main Office,ADMIN,1994,184,1,GOOD,2020-09-30
11856,2978,Staff Facilities,TOILET_BLOCK,2001,476,1,POOR,2020-04-02
11857,2978,Sports Hall,GYM,2004,755,1,FAIR,2024-06-15
11858,2978,Sports Store,STORAGE,1966,20,1,GOOD,2024-04-01
11859,2978,Assembly Hall,HALL,1983,185,1,GOOD,2022-09-18
11860,2978,Sports Pavilion,SPORTS_PAVILION,1977,216,1,FAIR,2023-07-15
11861,2978,Wood Workshop,WORKSHOP,1974,98,1,GOOD,2020-08-10
11862,2979,Block E,CLASSROOM,2001,647,1,POOR,2020-05-27
11863,2979,Administration Building,ADMIN,1965,775,1,POOR,2023-08-22
11864,2979,Sports Amenities,TOILET_BLOCK,1999,436,1,GOOD,2020-07-04
11865,2979,Learning Centre,LIBRARY,1984,621,2,GOOD,2021-04-17
11866,2980,Technology Block,CLASSROOM,1965,543,2,GOOD,2020-05-13
11867,2980,Main Office,ADMIN,1995,573,2,FAIR,2024-10-17
11868,2980,Senior Toilets,TOILET_BLOCK,1971,713,1,GOOD,2024-03-30
11869,2980,Maintenance Shed,STORAGE,2012,62,1,FAIR,2020-03-03
11870,2980,Assembly Hall,HALL,2018,250,1,FAIR,2024-10-20
11871,2980,Resource Centre,LIBRARY,1984,525,2,GOOD,2020-07-07
11872,2980,Fitness Centre,GYM,2012,103,1,FAIR,2021-11-27
11873,2980,Food Technology,WORKSHOP,1994,733,1,CRITICAL,2022-08-27
11874,2981,Junior Block,CLASSROOM,1957,276,1,GOOD,2024-11-01
11875,2981,Staff Block,ADMIN,2017,242,1,POOR,2023-08-01
11876,2981,Sports Amenities,TOILET_BLOCK,2019,544,1,POOR,2020-06-02
11877,2981,Main Gymnasium,GYM,1985,330,2,CRITICAL,2021-08-28
11878,2981,Changing Rooms,SPORTS_PAVILION,1984,445,1,GOOD,2020-03-30
11879,2982,Technology Block,CLASSROOM,2021,718,1,GOOD,2024-07-27
11880,2982,Administration Building,ADMIN,2000,655,1,FAIR,2022-01-29
11881,2982,Sports Amenities,TOILET_BLOCK,1971,245,1,FAIR,2021-07-20
11882,2983,Block D,CLASSROOM,1983,569,1,GOOD,2020-12-10
11883,2983,Administration Building,ADMIN,2009,273,2,FAIR,2022-11-06
11884,2983,Sports Amenities,TOILET_BLOCK,2017,292,1,FAIR,2021-12-04
11885,2984,Science Block,CLASSROOM,1984,287,2,CRITICAL,2022-09-11
11886,2984,Staff Block,ADMIN,2014,110,1,GOOD,2020-12-13
11887,2984,Junior Toilets,TOILET_BLOCK,2000,505,1,GOOD,2023-04-23
11888,2984,Cricket Pavilion,SPORTS_PAVILION,1982,249,1,FAIR,2022-01-29
11889,2985,Junior Block,CLASSROOM,2008,112,2,FAIR,2023-04-18
11890,2985,Staff Block,ADMIN,1989,655,2,GOOD,2023-07-16
11891,2985,Junior Toilets,TOILET_BLOCK,1984,725,1,FAIR,2021-07-03
11892,2985,Cricket Pavilion,SPORTS_PAVILION,1953,590,1,FAIR,2020-12-18
11893,2985,Learning Centre,LIBRARY,2021,639,2,FAIR,2020-03-21
11894,2987,Junior Block,CLASSROOM,2006,684,1,GOOD,2021-04-07
11895,2987,Administration Building,ADMIN,2007,217,1,CRITICAL,2020-06-09
11896,2987,Staff Facilities,TOILET_BLOCK,1974,722,1,GOOD,2020-03-25
11897,2987,School Hall,HALL,1954,301,1,GOOD,2024-10-13
11898,2987,Sports Pavilion,SPORTS_PAVILION,2004,657,1,POOR,2023-02-09
11899,2987,School Library,LIBRARY,2021,209,2,GOOD,2023-03-19
11900,2987,Food Technology,WORKSHOP,1971,445,2,GOOD,2023-03-21
11901,2988,Block C,CLASSROOM,1982,445,2,FAIR,2024-09-13
11902,2988,Main Office,ADMIN,1995,127,1,CRITICAL,2020-06-15
11903,2988,Senior Toilets,TOILET_BLOCK,2003,442,1,FAIR,2020-11-06
11904,2988,Maintenance Shed,STORAGE,2007,85,1,FAIR,2022-12-13
11905,2989,Arts Block,CLASSROOM,1996,468,1,FAIR,2023-01-31
11906,2989,Administration Building,ADMIN,1978,171,1,POOR,2024-10-19
11907,2989,Senior Toilets,TOILET_BLOCK,2016,478,1,GOOD,2023-10-15
11908,2989,Metal Workshop,WORKSHOP,1995,225,1,GOOD,2020-06-24
11909,2989,Equipment Store,STORAGE,1978,34,1,GOOD,2023-03-23
11910,2990,Block D,CLASSROOM,1977,87,1,GOOD,2020-05-10
11911,2990,Staff Block,ADMIN,2022,311,1,GOOD,2023-04-08
11912,2990,Sports Amenities,TOILET_BLOCK,2005,158,1,GOOD,2023-03-25
11913,2990,Equipment Store,STORAGE,2018,96,1,GOOD,2022-07-29
11914,2990,Main Gymnasium,GYM,1991,163,1,POOR,2022-04-11
11915,2991,Junior Block,CLASSROOM,1963,101,1,POOR,2022-07-12
11916,2991,Main Office,ADMIN,2017,773,2,FAIR,2022-07-18
11917,2991,Staff Facilities,TOILET_BLOCK,2022,547,1,GOOD,2023-07-12
11918,2991,Grounds Shed,STORAGE,2010,40,1,FAIR,2021-06-15
11919,2991,Metal Workshop,WORKSHOP,1967,722,2,POOR,2024-01-23
11920,2991,Changing Rooms,SPORTS_PAVILION,1982,350,1,FAIR,2024-08-08
11921,2992,Arts Block,CLASSROOM,1978,547,2,GOOD,2024-04-28
11922,2992,Administration Building,ADMIN,1989,545,1,GOOD,2023-10-26
11923,2992,Junior Toilets,TOILET_BLOCK,1999,125,1,GOOD,2024-06-13
11924,2993,Technology Block,CLASSROOM,2011,486,2,GOOD,2022-01-30
11925,2993,Main Office,ADMIN,1978,316,2,FAIR,2024-04-18
11926,2993,Junior Toilets,TOILET_BLOCK,1955,224,1,POOR,2022-07-14
11927,2994,Science Block,CLASSROOM,2008,261,1,GOOD,2023-12-26
11928,2994,Main Office,ADMIN,2021,694,1,GOOD,2023-09-08
11929,2994,Sports Amenities,TOILET_BLOCK,2007,249,1,FAIR,2023-12-29
11930,2994,Fitness Centre,GYM,1987,252,2,GOOD,2022-10-28
11931,2994,Resource Centre,LIBRARY,2014,585,1,POOR,2024-03-08
11932,2994,Food Technology,WORKSHOP,2007,416,2,POOR,2024-05-09
11933,2995,Technology Block,CLASSROOM,1992,651,2,FAIR,2021-05-01
11934,2995,Administration Building,ADMIN,2003,562,1,FAIR,2023-07-30
11935,2995,Junior Toilets,TOILET_BLOCK,1990,230,1,FAIR,2020-12-24
11936,2995,Grounds Shed,STORAGE,1980,81,1,FAIR,2021-10-12
11937,2996,Block A,CLASSROOM,2005,347,2,GOOD,2020-07-04
11938,2996,Main Office,ADMIN,2014,769,2,FAIR,2024-06-15
11939,2996,Senior Toilets,TOILET_BLOCK,1970,522,1,FAIR,2020-02-09
11940,2996,School Hall,HALL,1977,627,2,GOOD,2021-05-06
11941,2996,Maintenance Shed,STORAGE,1966,78,1,CRITICAL,2024-07-19
11942,2996,Fitness Centre,GYM,1972,372,1,POOR,2023-04-07
11943,2997,Senior Block,CLASSROOM,1982,247,1,FAIR,2022-03-06
11944,2997,Administration Building,ADMIN,2010,298,1,POOR,2020-01-13
11945,2997,Sports Amenities,TOILET_BLOCK,1995,357,1,FAIR,2024-09-14
11946,2997,Assembly Hall,HALL,1989,582,1,GOOD,2024-04-18
11947,2997,Grounds Shed,STORAGE,2011,96,1,POOR,2020-09-25
11948,2997,Main Gymnasium,GYM,1989,456,1,POOR,2021-10-06
11949,2997,Wood Workshop,WORKSHOP,2005,78,2,GOOD,2023-10-10
11950,2998,Technology Block,CLASSROOM,1962,501,1,FAIR,2022-10-26
11951,2998,Main Office,ADMIN,1951,449,1,FAIR,2022-03-01
11952,2998,Sports Amenities,TOILET_BLOCK,1961,488,1,GOOD,2023-11-18
11953,2998,Changing Rooms,SPORTS_PAVILION,2011,581,1,POOR,2023-09-11
11954,2999,Block C,CLASSROOM,2000,71,2,GOOD,2022-01-19
11955,2999,Staff Block,ADMIN,1965,517,1,FAIR,2024-11-15
11956,2999,Junior Toilets,TOILET_BLOCK,1970,63,1,GOOD,2024-05-02
11957,2999,School Library,LIBRARY,2001,531,1,POOR,2020-04-15
11958,2999,School Hall,HALL,2020,289,1,GOOD,2024-01-20
11959,3000,Block B,CLASSROOM,1960,490,2,CRITICAL,2021-04-03
11960,3000,Main Office,ADMIN,2009,563,2,POOR,2024-01-22
11961,3000,Sports Amenities,TOILET_BLOCK,2016,303,1,FAIR,2020-06-11
11962,3000,Maintenance Shed,STORAGE,2002,74,1,CRITICAL,2024-10-09
11963,3000,Fitness Centre,GYM,1974,103,2,GOOD,2022-06-21
11964,3000,Changing Rooms,SPORTS_PAVILION,2013,483,1,FAIR,2024-08-14
11965,3001,Block C,CLASSROOM,1975,515,1,FAIR,2022-07-08
11966,3001,Staff Block,ADMIN,1963,307,1,POOR,2023-08-14
11967,3001,Staff Facilities,TOILET_BLOCK,2010,70,1,GOOD,2020-09-26
11968,3001,Main Gymnasium,GYM,1966,153,1,GOOD,2024-11-24
11969,3004,Block E,CLASSROOM,1957,752,1,GOOD,2022-12-24
11970,3004,Main Office,ADMIN,2014,520,2,GOOD,2021-06-26
11971,3004,Staff Facilities,TOILET_BLOCK,1969,393,1,FAIR,2020-03-13
11972,3004,Fitness Centre,GYM,2001,78,2,FAIR,2023-03-03
11973,3004,Assembly Hall,HALL,1959,136,1,FAIR,2022-12-14
11974,3004,Technology Workshop,WORKSHOP,2009,574,2,FAIR,2023-05-05
11975,3004,Resource Centre,LIBRARY,1991,621,1,GOOD,2024-08-27
11976,3005,Junior Block,CLASSROOM,2004,444,2,FAIR,2020-03-30
11977,3005,Administration Building,ADMIN,1994,736,1,GOOD,2024-01-12
11978,3005,Staff Facilities,TOILET_BLOCK,1971,733,1,GOOD,2021-04-08
11979,3005,Main Gymnasium,GYM,1968,93,2,FAIR,2021-08-08
11980,3005,Maintenance Shed,STORAGE,1973,72,1,POOR,2021-12-18
11981,3005,Changing Rooms,SPORTS_PAVILION,1975,52,1,POOR,2022-08-29
11982,3005,School Hall,HALL,1987,695,1,GOOD,2022-11-26
11983,3005,Food Technology,WORKSHOP,1972,714,2,FAIR,2021-03-27
11984,3006,Junior Block,CLASSROOM,1966,365,2,FAIR,2021-07-30
11985,3006,Administration Building,ADMIN,1965,443,2,POOR,2024-03-11
11986,3006,Senior Toilets,TOILET_BLOCK,1998,241,1,POOR,2024-01-04
11987,3006,Main Gymnasium,GYM,2020,366,2,FAIR,2021-04-07
11988,3007,Block E,CLASSROOM,1966,694,2,FAIR,2024-10-28
11989,3007,Main Office,ADMIN,1993,179,2,FAIR,2021-11-12
11990,3007,Senior Toilets,TOILET_BLOCK,1954,98,1,GOOD,2021-06-16
11991,3007,Assembly Hall,HALL,1963,351,1,GOOD,2023-10-29
11992,3007,School Library,LIBRARY,1955,188,2,GOOD,2022-10-24
11993,3008,Technology Block,CLASSROOM,2011,334,1,FAIR,2024-12-02
11994,3008,Staff Block,ADMIN,2020,93,1,FAIR,2020-07-17
11995,3008,Junior Toilets,TOILET_BLOCK,1973,383,1,GOOD,2022-07-11
11996,3008,Performing Arts Centre,HALL,1991,449,2,GOOD,2023-02-26
11997,3008,School Library,LIBRARY,1958,672,2,FAIR,2020-06-12
11998,3011,Junior Block,CLASSROOM,1998,595,1,GOOD,2023-09-13
11999,3011,Staff Block,ADMIN,1970,131,1,FAIR,2022-04-05
12000,3011,Senior Toilets,TOILET_BLOCK,1988,436,1,FAIR,2023-07-26
12001,3011,Sports Pavilion,SPORTS_PAVILION,1952,313,1,POOR,2021-08-02
12002,3011,Maintenance Shed,STORAGE,1968,48,1,POOR,2020-06-11
12003,3011,Resource Centre,LIBRARY,1997,219,2,GOOD,2022-10-10
12004,3011,Sports Hall,GYM,2008,777,2,FAIR,2024-12-02
12005,3011,School Hall,HALL,1950,590,2,FAIR,2022-06-10
12006,3011,Food Technology,WORKSHOP,1991,251,2,FAIR,2020-01-27
12007,3011,Block B,CLASSROOM,1964,155,1,FAIR,2022-01-18
12008,3012,Block C,CLASSROOM,1977,172,2,POOR,2024-03-20
12009,3012,Main Office,ADMIN,1979,588,1,FAIR,2022-03-24
12010,3012,Junior Toilets,TOILET_BLOCK,1970,560,1,FAIR,2022-06-14
12011,3012,Assembly Hall,HALL,1982,101,2,GOOD,2022-08-19
12012,3013,Block E,CLASSROOM,2016,337,1,GOOD,2021-01-31
12013,3013,Main Office,ADMIN,1998,237,1,GOOD,2023-08-12
12014,3013,Sports Amenities,TOILET_BLOCK,2022,685,1,GOOD,2021-05-12
12015,3015,Junior Block,CLASSROOM,2019,52,1,GOOD,2020-01-08
12016,3015,Main Office,ADMIN,1955,758,2,POOR,2021-01-02
12017,3015,Senior Toilets,TOILET_BLOCK,2020,437,1,FAIR,2024-08-11
12018,3016,Junior Block,CLASSROOM,1965,187,1,GOOD,2021-07-25
12019,3016,Main Office,ADMIN,2019,701,1,GOOD,2021-09-30
12020,3016,Sports Amenities,TOILET_BLOCK,1975,535,1,FAIR,2024-02-22
12021,3016,Performing Arts Centre,HALL,1974,551,1,GOOD,2023-05-25
12022,3016,Maintenance Shed,STORAGE,1960,58,1,GOOD,2021-07-06
12023,3017,Junior Block,CLASSROOM,1973,447,1,POOR,2021-03-03
12024,3017,Main Office,ADMIN,1953,303,2,POOR,2023-08-05
12025,3017,Staff Facilities,TOILET_BLOCK,1956,543,1,FAIR,2020-09-13
12026,3017,Fitness Centre,GYM,1972,275,2,GOOD,2021-02-18
12027,3017,Changing Rooms,SPORTS_PAVILION,1994,291,1,GOOD,2023-05-20
12028,3017,School Library,LIBRARY,2018,208,1,FAIR,2022-12-13
12029,3017,Food Technology,WORKSHOP,2010,304,2,FAIR,2022-06-29
12030,3017,Performing Arts Centre,HALL,1999,62,1,FAIR,2023-06-17
12031,3018,Science Block,CLASSROOM,2022,746,1,FAIR,2020-12-03
12032,3018,Main Office,ADMIN,1972,344,2,GOOD,2021-07-06
12033,3018,Senior Toilets,TOILET_BLOCK,1967,611,1,GOOD,2023-10-25
12034,3018,Resource Centre,LIBRARY,1988,183,1,GOOD,2022-02-24
12035,3018,Sports Pavilion,SPORTS_PAVILION,1984,487,1,FAIR,2020-04-08
12036,3019,Block C,CLASSROOM,1999,91,1,FAIR,2021-04-30
12037,3019,Main Office,ADMIN,1965,144,1,GOOD,2024-03-22
12038,3019,Senior Toilets,TOILET_BLOCK,1956,313,1,CRITICAL,2022-05-20
12039,3019,Food Technology,WORKSHOP,1974,763,2,CRITICAL,2023-03-31
12040,3019,School Hall,HALL,1963,102,2,FAIR,2022-09-15
12041,3020,Block C,CLASSROOM,1964,540,2,FAIR,2024-10-14
12042,3020,Staff Block,ADMIN,1968,707,1,GOOD,2024-08-29
12043,3020,Sports Amenities,TOILET_BLOCK,1980,413,1,GOOD,2021-07-18
12044,3020,Resource Centre,LIBRARY,1968,377,2,POOR,2023-12-03
12045,3021,Technology Block,CLASSROOM,2005,144,2,CRITICAL,2021-09-10
12046,3021,Staff Block,ADMIN,1997,722,1,POOR,2020-03-26
12047,3021,Staff Facilities,TOILET_BLOCK,1989,327,1,GOOD,2024-08-02
12048,3021,Food Technology,WORKSHOP,2017,685,2,POOR,2024-07-10
12049,3021,Fitness Centre,GYM,1963,180,1,GOOD,2021-06-20
12050,3022,Junior Block,CLASSROOM,2008,657,1,FAIR,2023-12-10
12051,3022,Staff Block,ADMIN,1974,641,2,GOOD,2021-04-26
12052,3022,Junior Toilets,TOILET_BLOCK,1980,768,1,POOR,2022-12-04
12053,3023,Block C,CLASSROOM,1969,738,2,FAIR,2023-10-22
12054,3023,Staff Block,ADMIN,1998,67,1,FAIR,2022-01-24
12055,3023,Senior Toilets,TOILET_BLOCK,1992,284,1,FAIR,2021-10-07
12056,3023,Technology Workshop,WORKSHOP,2003,246,1,GOOD,2020-01-13
12057,3024,Science Block,CLASSROOM,1968,345,2,GOOD,2020-05-06
12058,3024,Administration Building,ADMIN,2016,797,2,POOR,2022-03-30
12059,3024,Senior Toilets,TOILET_BLOCK,2003,122,1,FAIR,2020-10-24
12060,3025,Junior Block,CLASSROOM,1958,684,1,GOOD,2023-10-25
12061,3025,Administration Building,ADMIN,1987,239,2,GOOD,2022-09-11
12062,3025,Junior Toilets,TOILET_BLOCK,2006,89,1,FAIR,2020-04-04
12063,3025,Main Gymnasium,GYM,2006,94,1,GOOD,2023-11-13
12064,3025,Assembly Hall,HALL,1966,295,1,FAIR,2020-07-30
12065,3029,Block B,CLASSROOM,2019,668,2,GOOD,2022-09-09
12066,3029,Staff Block,ADMIN,2014,137,2,FAIR,2023-09-26
12067,3029,Senior Toilets,TOILET_BLOCK,1976,199,1,FAIR,2021-11-27
12068,3029,Sports Pavilion,SPORTS_PAVILION,1970,339,1,POOR,2022-10-27
12069,3029,Metal Workshop,WORKSHOP,1982,584,1,FAIR,2020-09-04
12070,3030,Junior Block,CLASSROOM,1972,67,2,GOOD,2023-04-19
12071,3030,Staff Block,ADMIN,1980,691,1,POOR,2023-05-14
12072,3030,Sports Amenities,TOILET_BLOCK,1954,631,1,POOR,2023-02-16
12073,3030,Main Gymnasium,GYM,1994,587,2,POOR,2023-09-10
12074,3031,Science Block,CLASSROOM,2001,172,1,POOR,2021-04-07
12075,3031,Staff Block,ADMIN,1960,785,1,CRITICAL,2022-01-18
12076,3031,Sports Amenities,TOILET_BLOCK,1996,302,1,GOOD,2023-10-07
12077,3032,Arts Block,CLASSROOM,2011,677,1,GOOD,2020-12-31
12078,3032,Main Office,ADMIN,1974,102,2,GOOD,2024-05-28
12079,3032,Senior Toilets,TOILET_BLOCK,1967,104,1,GOOD,2021-12-15
12080,3032,Changing Rooms,SPORTS_PAVILION,1951,671,1,POOR,2024-07-03
12081,3032,Sports Hall,GYM,2016,671,2,GOOD,2021-05-22
12082,3032,Performing Arts Centre,HALL,2017,581,1,FAIR,2022-01-17
12083,3034,Arts Block,CLASSROOM,1982,647,1,FAIR,2024-05-31
12084,3034,Staff Block,ADMIN,1974,767,2,FAIR,2023-06-26
12085,3034,Junior Toilets,TOILET_BLOCK,1954,481,1,FAIR,2023-01-10
12086,3034,Grounds Shed,STORAGE,2022,77,1,POOR,2020-02-13
12087,3034,Technology Workshop,WORKSHOP,2010,646,2,FAIR,2020-11-01
12088,3034,Assembly Hall,HALL,2011,297,2,GOOD,2020-03-15
12089,3035,Junior Block,CLASSROOM,1995,229,1,FAIR,2020-04-24
12090,3035,Main Office,ADMIN,1973,196,1,POOR,2021-09-19
12091,3035,Junior Toilets,TOILET_BLOCK,1994,602,1,FAIR,2022-05-09
12092,3035,School Library,LIBRARY,1963,263,1,FAIR,2024-01-07
12093,3035,Equipment Store,STORAGE,1963,31,1,FAIR,2020-10-26
12094,3035,Fitness Centre,GYM,2004,263,1,FAIR,2021-11-19
12095,3035,Sports Pavilion,SPORTS_PAVILION,2008,626,1,POOR,2021-04-13
12096,3035,Performing Arts Centre,HALL,2021,122,1,GOOD,2023-08-25
12097,3036,Block A,CLASSROOM,1996,440,2,FAIR,2021-08-27
12098,3036,Staff Block,ADMIN,1979,698,2,FAIR,2023-12-02
12099,3036,Staff Facilities,TOILET_BLOCK,2006,696,1,FAIR,2023-09-21
12100,3036,School Library,LIBRARY,1974,798,1,FAIR,2021-09-23
12101,3036,Cricket Pavilion,SPORTS_PAVILION,1966,213,1,GOOD,2024-08-08
12102,3036,Equipment Store,STORAGE,1958,65,1,FAIR,2020-08-23
12103,3036,Sports Hall,GYM,1993,595,1,POOR,2022-01-01
12104,3037,Block C,CLASSROOM,1985,477,2,GOOD,2023-10-26
12105,3037,Administration Building,ADMIN,1968,258,1,FAIR,2022-03-22
12106,3037,Sports Amenities,TOILET_BLOCK,2004,612,1,GOOD,2023-08-13
12107,3037,School Hall,HALL,1996,621,1,FAIR,2023-04-19
12108,3037,Sports Pavilion,SPORTS_PAVILION,1956,615,1,FAIR,2024-07-05
12109,3037,Sports Store,STORAGE,1960,27,1,POOR,2020-05-31
12110,3038,Block E,CLASSROOM,1993,342,2,GOOD,2021-07-08
12111,3038,Administration Building,ADMIN,2016,201,1,GOOD,2022-01-08
12112,3038,Junior Toilets,TOILET_BLOCK,1968,186,1,FAIR,2020-01-04
12113,3038,Changing Rooms,SPORTS_PAVILION,2022,151,1,GOOD,2021-05-01
12114,3038,Sports Hall,GYM,2007,727,2,CRITICAL,2024-07-26
12115,3038,Learning Centre,LIBRARY,1959,795,2,FAIR,2023-11-11
12116,3038,Equipment Store,STORAGE,1990,73,1,FAIR,2021-03-22
12117,3040,Block E,CLASSROOM,1961,601,2,GOOD,2023-09-07
12118,3040,Administration Building,ADMIN,1995,188,2,GOOD,2020-05-15
12119,3040,Senior Toilets,TOILET_BLOCK,2005,193,1,GOOD,2023-11-15
12120,3040,Maintenance Shed,STORAGE,1991,88,1,GOOD,2020-06-07
12121,3040,Sports Hall,GYM,2007,686,2,GOOD,2023-10-12
12122,3040,Resource Centre,LIBRARY,1974,306,1,FAIR,2023-11-13
12123,3040,Metal Workshop,WORKSHOP,1989,742,2,FAIR,2022-02-10
12124,3041,Arts Block,CLASSROOM,1984,670,1,FAIR,2022-06-07
12125,3041,Staff Block,ADMIN,2015,644,2,GOOD,2020-09-11
12126,3041,Junior Toilets,TOILET_BLOCK,1996,274,1,GOOD,2020-04-29
12127,3041,Assembly Hall,HALL,1986,554,2,GOOD,2021-12-13
12128,3041,Cricket Pavilion,SPORTS_PAVILION,1973,527,1,FAIR,2020-09-09
12129,3043,Block E,CLASSROOM,2018,136,2,POOR,2020-06-02
12130,3043,Main Office,ADMIN,2020,615,2,CRITICAL,2023-08-15
12131,3043,Sports Amenities,TOILET_BLOCK,1998,50,1,POOR,2024-07-07
12132,3043,Assembly Hall,HALL,2017,56,2,GOOD,2024-10-07
12133,3044,Arts Block,CLASSROOM,1959,779,2,FAIR,2024-08-30
12134,3044,Staff Block,ADMIN,2008,206,1,FAIR,2023-10-23
12135,3044,Senior Toilets,TOILET_BLOCK,2015,276,1,FAIR,2020-07-09
12136,3044,Main Gymnasium,GYM,2011,367,2,GOOD,2023-05-04
12137,3045,Block C,CLASSROOM,2016,674,2,FAIR,2023-09-22
12138,3045,Main Office,ADMIN,2001,569,2,POOR,2024-04-15
12139,3045,Staff Facilities,TOILET_BLOCK,1950,63,1,POOR,2022-03-31
12140,3045,Learning Centre,LIBRARY,1970,746,1,GOOD,2024-05-26
12141,3045,Sports Pavilion,SPORTS_PAVILION,2018,99,1,FAIR,2020-04-15
12142,3045,Sports Hall,GYM,1999,353,2,FAIR,2022-05-16
12143,3045,Assembly Hall,HALL,2021,83,1,FAIR,2022-04-21
12144,3046,Block C,CLASSROOM,1988,527,1,GOOD,2021-01-16
12145,3046,Staff Block,ADMIN,1950,606,1,FAIR,2022-04-13
12146,3046,Sports Amenities,TOILET_BLOCK,1958,283,1,POOR,2021-04-19
12147,3046,School Library,LIBRARY,1959,716,1,FAIR,2023-11-08
12148,3046,Changing Rooms,SPORTS_PAVILION,2000,334,1,FAIR,2022-07-17
12149,3048,Block C,CLASSROOM,1999,316,2,FAIR,2021-07-23
12150,3048,Administration Building,ADMIN,2022,385,2,GOOD,2024-06-13
12151,3048,Sports Amenities,TOILET_BLOCK,1995,532,1,FAIR,2021-11-11
12152,3048,Technology Workshop,WORKSHOP,1991,632,1,POOR,2022-11-24
12153,3048,School Library,LIBRARY,1976,619,2,GOOD,2020-06-14
12154,3048,Cricket Pavilion,SPORTS_PAVILION,1961,711,1,FAIR,2021-01-30
12155,3048,Grounds Shed,STORAGE,1974,22,1,POOR,2020-03-28
12156,3048,Performing Arts Centre,HALL,1999,262,2,POOR,2020-09-02
12157,3050,Block E,CLASSROOM,2007,759,1,FAIR,2022-02-02
12158,3050,Staff Block,ADMIN,1974,336,1,POOR,2023-12-28
12159,3050,Junior Toilets,TOILET_BLOCK,1965,158,1,FAIR,2022-09-13
12160,3050,Resource Centre,LIBRARY,1998,745,1,GOOD,2023-04-15
12161,3051,Block C,CLASSROOM,1963,161,1,POOR,2021-09-06
12162,3051,Staff Block,ADMIN,2009,259,1,CRITICAL,2021-11-15
12163,3051,Sports Amenities,TOILET_BLOCK,1978,432,1,GOOD,2021-08-12
12164,3051,Technology Workshop,WORKSHOP,1979,362,1,FAIR,2022-09-19
12165,3053,Junior Block,CLASSROOM,1968,117,1,FAIR,2023-11-02
12166,3053,Administration Building,ADMIN,1953,747,2,POOR,2021-09-19
12167,3053,Sports Amenities,TOILET_BLOCK,2016,314,1,GOOD,2020-01-21
12168,3053,Sports Store,STORAGE,1963,73,1,FAIR,2024-05-13
12169,3053,Performing Arts Centre,HALL,1972,643,1,GOOD,2020-05-09
12170,3053,Learning Centre,LIBRARY,2013,577,1,GOOD,2021-11-25
12171,3055,Block D,CLASSROOM,1954,611,2,GOOD,2024-04-14
12172,3055,Administration Building,ADMIN,1961,718,1,GOOD,2021-09-03
12173,3055,Junior Toilets,TOILET_BLOCK,2014,668,1,POOR,2020-03-29
12174,3055,Sports Store,STORAGE,2012,88,1,POOR,2020-10-28
12175,3055,Wood Workshop,WORKSHOP,1969,733,2,GOOD,2024-07-13
12176,3056,Senior Block,CLASSROOM,2007,215,2,FAIR,2021-12-09
12177,3056,Staff Block,ADMIN,1952,682,2,FAIR,2021-05-17
12178,3056,Junior Toilets,TOILET_BLOCK,1984,563,1,POOR,2023-02-05
12179,3056,Equipment Store,STORAGE,1979,55,1,GOOD,2024-05-10
12180,3056,Technology Workshop,WORKSHOP,1998,418,2,FAIR,2021-06-08
12181,3056,Cricket Pavilion,SPORTS_PAVILION,1969,612,1,GOOD,2023-10-29
12182,3057,Arts Block,CLASSROOM,2015,350,2,GOOD,2020-04-09
12183,3057,Administration Building,ADMIN,1988,687,2,FAIR,2022-09-06
12184,3057,Senior Toilets,TOILET_BLOCK,2002,629,1,GOOD,2024-02-19
12185,3059,Block A,CLASSROOM,1960,245,2,FAIR,2020-06-25
12186,3059,Main Office,ADMIN,1997,432,2,FAIR,2020-08-20
12187,3059,Junior Toilets,TOILET_BLOCK,1961,611,1,GOOD,2022-09-04
12188,3059,Changing Rooms,SPORTS_PAVILION,1974,319,1,FAIR,2024-02-07
12189,3059,School Library,LIBRARY,1986,247,2,FAIR,2023-02-15
12190,3059,Performing Arts Centre,HALL,1957,697,1,GOOD,2023-06-05
12191,3059,Sports Hall,GYM,1958,385,1,GOOD,2023-08-12
12192,3060,Science Block,CLASSROOM,1965,206,1,GOOD,2020-08-30
12193,3060,Administration Building,ADMIN,1960,126,1,POOR,2023-08-07
12194,3060,Sports Amenities,TOILET_BLOCK,1995,454,1,GOOD,2024-07-30
12195,3062,Technology Block,CLASSROOM,1979,527,1,FAIR,2022-11-16
12196,3062,Staff Block,ADMIN,1955,94,2,POOR,2021-11-29
12197,3062,Staff Facilities,TOILET_BLOCK,1989,750,1,GOOD,2021-09-07
12198,3062,Maintenance Shed,STORAGE,1950,53,1,FAIR,2022-02-04
12199,3064,Block C,CLASSROOM,1987,649,1,GOOD,2023-07-26
12200,3064,Administration Building,ADMIN,1963,511,2,POOR,2021-02-02
12201,3064,Sports Amenities,TOILET_BLOCK,2009,564,1,POOR,2022-05-04
12202,3065,Block E,CLASSROOM,1989,432,1,FAIR,2021-08-09
12203,3065,Administration Building,ADMIN,2002,446,1,FAIR,2024-05-19
12204,3065,Junior Toilets,TOILET_BLOCK,1976,237,1,GOOD,2020-05-02
12205,3065,Main Gymnasium,GYM,1986,706,1,POOR,2022-01-19
12206,3065,Resource Centre,LIBRARY,2001,182,2,GOOD,2020-01-11
12207,3067,Technology Block,CLASSROOM,2004,689,1,FAIR,2023-05-04
12208,3067,Staff Block,ADMIN,1971,290,2,GOOD,2023-12-29
12209,3067,Sports Amenities,TOILET_BLOCK,2002,210,1,GOOD,2024-06-14
12210,3067,Sports Pavilion,SPORTS_PAVILION,1990,210,1,GOOD,2023-02-27
12211,3067,Maintenance Shed,STORAGE,1989,92,1,POOR,2021-03-30
12212,3068,Senior Block,CLASSROOM,1968,581,2,GOOD,2023-02-25
12213,3068,Administration Building,ADMIN,1956,326,2,FAIR,2021-11-20
12214,3068,Sports Amenities,TOILET_BLOCK,1982,394,1,GOOD,2021-06-20
12215,3068,Maintenance Shed,STORAGE,2008,76,1,FAIR,2023-04-08
12216,3068,Changing Rooms,SPORTS_PAVILION,1963,695,1,GOOD,2024-11-20
12217,3068,Sports Hall,GYM,1999,440,2,GOOD,2022-07-26
12218,3068,Assembly Hall,HALL,1958,603,2,CRITICAL,2022-10-15
12219,3068,Technology Workshop,WORKSHOP,2003,517,2,FAIR,2024-02-25
12220,3068,Learning Centre,LIBRARY,1969,758,1,GOOD,2024-01-13
12221,3070,Block B,CLASSROOM,1960,298,2,FAIR,2022-12-26
12222,3070,Main Office,ADMIN,1956,769,2,FAIR,2021-08-28
12223,3070,Sports Amenities,TOILET_BLOCK,1979,788,1,GOOD,2020-08-25
12224,3070,Food Technology,WORKSHOP,1993,418,1,POOR,2024-09-30
12225,3071,Block B,CLASSROOM,2000,737,2,GOOD,2020-04-03
12226,3071,Administration Building,ADMIN,2005,154,2,GOOD,2022-10-30
12227,3071,Senior Toilets,TOILET_BLOCK,1956,66,1,POOR,2023-09-01
12228,3071,School Library,LIBRARY,1972,152,2,FAIR,2020-06-09
12229,3071,Cricket Pavilion,SPORTS_PAVILION,2012,526,1,GOOD,2022-01-06
12230,3071,School Hall,HALL,2003,317,2,FAIR,2023-07-17
12231,3072,Arts Block,CLASSROOM,1955,378,1,FAIR,2022-11-03
12232,3072,Main Office,ADMIN,2016,83,2,FAIR,2024-09-27
12233,3072,Sports Amenities,TOILET_BLOCK,2021,793,1,POOR,2023-05-20
12234,3072,Technology Workshop,WORKSHOP,2015,557,2,FAIR,2021-08-14
12235,3072,School Library,LIBRARY,1997,277,1,FAIR,2023-07-07
12236,3072,Main Gymnasium,GYM,1974,664,1,GOOD,2021-10-31
12237,3073,Block C,CLASSROOM,1995,243,2,POOR,2022-11-11
12238,3073,Administration Building,ADMIN,1994,51,2,GOOD,2021-02-07
12239,3073,Senior Toilets,TOILET_BLOCK,1991,156,1,GOOD,2021-02-16
12240,3073,Performing Arts Centre,HALL,1983,209,2,CRITICAL,2023-05-01
12241,3073,Changing Rooms,SPORTS_PAVILION,1951,249,1,GOOD,2020-07-23
12242,3074,Junior Block,CLASSROOM,1980,229,2,POOR,2024-04-28
12243,3074,Administration Building,ADMIN,1962,232,1,FAIR,2020-02-01
12244,3074,Junior Toilets,TOILET_BLOCK,2022,686,1,FAIR,2021-10-29
12245,3075,Block A,CLASSROOM,2004,562,2,GOOD,2020-09-22
12246,3075,Staff Block,ADMIN,1966,666,1,FAIR,2020-03-23
12247,3075,Senior Toilets,TOILET_BLOCK,1984,553,1,FAIR,2023-05-28
12248,3075,Learning Centre,LIBRARY,1973,195,2,FAIR,2023-04-25
12249,3075,Wood Workshop,WORKSHOP,2002,704,2,POOR,2022-11-15
12250,3075,Sports Hall,GYM,1998,660,2,CRITICAL,2022-09-16
12251,3077,Technology Block,CLASSROOM,1977,240,1,GOOD,2023-08-03
12252,3077,Main Office,ADMIN,2016,701,1,FAIR,2021-12-17
12253,3077,Junior Toilets,TOILET_BLOCK,1961,700,1,POOR,2024-09-16
12254,3100,Block B,CLASSROOM,2007,570,2,CRITICAL,2021-06-18
12255,3100,Staff Block,ADMIN,1972,768,2,GOOD,2022-11-02
12256,3100,Sports Amenities,TOILET_BLOCK,2020,482,1,CRITICAL,2020-10-11
12257,3100,Main Gymnasium,GYM,2013,445,1,POOR,2020-02-03
12258,3101,Science Block,CLASSROOM,2018,654,2,FAIR,2022-08-14
12259,3101,Staff Block,ADMIN,1956,408,1,POOR,2022-09-11
12260,3101,Junior Toilets,TOILET_BLOCK,2000,791,1,FAIR,2021-03-08
12261,3101,Technology Workshop,WORKSHOP,1981,304,2,CRITICAL,2022-06-20
12262,3101,Sports Store,STORAGE,2001,62,1,CRITICAL,2022-11-11
12263,3101,Main Gymnasium,GYM,1971,303,1,POOR,2023-07-25
12264,3101,School Hall,HALL,1971,214,2,GOOD,2023-09-13
12265,3102,Block A,CLASSROOM,2012,588,1,POOR,2022-06-30
12266,3102,Staff Block,ADMIN,1964,287,2,POOR,2020-12-19
12267,3102,Senior Toilets,TOILET_BLOCK,1984,753,1,GOOD,2021-07-14
12268,3102,Metal Workshop,WORKSHOP,1964,203,2,POOR,2021-11-05
12269,3103,Block C,CLASSROOM,1972,746,2,GOOD,2021-10-26
12270,3103,Main Office,ADMIN,2019,499,1,FAIR,2021-01-27
12271,3103,Sports Amenities,TOILET_BLOCK,2016,265,1,FAIR,2021-03-09
12272,3103,Fitness Centre,GYM,1960,242,1,GOOD,2024-05-28
12273,3104,Technology Block,CLASSROOM,1988,345,1,FAIR,2022-09-13
12274,3104,Administration Building,ADMIN,1964,144,1,FAIR,2022-04-05
12275,3104,Sports Amenities,TOILET_BLOCK,2020,152,1,POOR,2022-11-26
12276,3106,Junior Block,CLASSROOM,1993,494,2,FAIR,2020-12-03
12277,3106,Main Office,ADMIN,1988,120,1,GOOD,2021-05-17
12278,3106,Senior Toilets,TOILET_BLOCK,1991,96,1,GOOD,2020-11-01
12279,3107,Arts Block,CLASSROOM,1952,183,2,GOOD,2020-02-19
12280,3107,Administration Building,ADMIN,1994,106,2,GOOD,2022-12-28
12281,3107,Junior Toilets,TOILET_BLOCK,2013,739,1,FAIR,2022-01-17
12282,3107,Changing Rooms,SPORTS_PAVILION,1965,347,1,POOR,2022-07-22
12283,3107,Resource Centre,LIBRARY,1955,121,2,GOOD,2020-04-02
12284,3107,Sports Hall,GYM,2010,406,1,GOOD,2024-08-26
12285,3113,Senior Block,CLASSROOM,1988,369,1,GOOD,2022-03-19
12286,3113,Administration Building,ADMIN,1956,440,1,POOR,2024-02-29
12287,3113,Sports Amenities,TOILET_BLOCK,1960,669,1,GOOD,2021-10-17
12288,3113,Assembly Hall,HALL,2020,431,1,POOR,2020-06-19
12289,3114,Block D,CLASSROOM,2021,526,2,FAIR,2020-03-25
12290,3114,Administration Building,ADMIN,1966,675,2,POOR,2022-11-24
12291,3114,Staff Facilities,TOILET_BLOCK,1973,131,1,FAIR,2022-09-10
12292,3114,Maintenance Shed,STORAGE,1963,24,1,GOOD,2022-08-31
12293,3115,Technology Block,CLASSROOM,1960,324,2,GOOD,2020-02-19
12294,3115,Staff Block,ADMIN,1965,67,2,FAIR,2023-05-24
12295,3115,Sports Amenities,TOILET_BLOCK,2007,445,1,GOOD,2022-10-08
12296,3115,Learning Centre,LIBRARY,1998,535,1,GOOD,2023-08-21
12297,3115,Sports Pavilion,SPORTS_PAVILION,2018,582,1,FAIR,2020-11-17
12298,3117,Block B,CLASSROOM,1959,420,2,GOOD,2023-04-20
12299,3117,Main Office,ADMIN,1971,60,2,GOOD,2022-07-18
12300,3117,Senior Toilets,TOILET_BLOCK,1961,229,1,GOOD,2020-04-18
12301,3117,Main Gymnasium,GYM,2021,170,2,GOOD,2021-11-16
12302,3117,Food Technology,WORKSHOP,1979,82,1,POOR,2020-02-20
12303,3118,Block B,CLASSROOM,1963,789,2,POOR,2024-03-27
12304,3118,Main Office,ADMIN,1988,308,1,FAIR,2024-02-10
12305,3118,Sports Amenities,TOILET_BLOCK,1977,154,1,GOOD,2021-12-05
12306,3119,Block A,CLASSROOM,2006,151,1,POOR,2021-03-21
12307,3119,Main Office,ADMIN,2009,441,1,GOOD,2021-03-19
12308,3119,Staff Facilities,TOILET_BLOCK,1959,332,1,POOR,2021-09-25
12309,3180,Block B,CLASSROOM,2003,719,2,FAIR,2022-01-29
12310,3180,Administration Building,ADMIN,2001,355,1,GOOD,2022-01-17
12311,3180,Staff Facilities,TOILET_BLOCK,1978,189,1,GOOD,2022-04-08
12312,3180,School Hall,HALL,2001,75,2,CRITICAL,2023-11-24
12313,3180,Resource Centre,LIBRARY,2019,306,1,POOR,2020-08-01
12314,3181,Science Block,CLASSROOM,1975,435,1,POOR,2022-10-30
12315,3181,Administration Building,ADMIN,1961,548,2,GOOD,2023-10-04
12316,3181,Junior Toilets,TOILET_BLOCK,2007,239,1,GOOD,2021-08-09
12317,3182,Senior Block,CLASSROOM,2021,135,1,FAIR,2021-12-02
12318,3182,Main Office,ADMIN,1984,791,1,FAIR,2022-05-08
12319,3182,Senior Toilets,TOILET_BLOCK,2020,174,1,GOOD,2024-08-20
12320,3182,Resource Centre,LIBRARY,2019,147,1,GOOD,2021-12-12
12321,3182,Sports Pavilion,SPORTS_PAVILION,1994,555,1,GOOD,2021-09-14
12322,3182,Assembly Hall,HALL,2020,680,2,GOOD,2022-03-27
12323,3182,Wood Workshop,WORKSHOP,1954,717,2,GOOD,2024-10-13
12324,3182,Sports Hall,GYM,2007,253,1,FAIR,2020-07-12
12325,3183,Block A,CLASSROOM,1992,543,1,FAIR,2020-10-02
12326,3183,Staff Block,ADMIN,1967,574,2,GOOD,2023-10-11
12327,3183,Junior Toilets,TOILET_BLOCK,1952,154,1,FAIR,2024-04-18
12328,3183,Sports Pavilion,SPORTS_PAVILION,1996,141,1,FAIR,2020-05-11
12329,3183,Wood Workshop,WORKSHOP,1957,578,2,GOOD,2022-10-11
12330,3183,Main Gymnasium,GYM,1974,307,1,CRITICAL,2021-01-16
12331,3183,School Hall,HALL,1982,779,1,GOOD,2020-09-12
12332,3184,Block C,CLASSROOM,1974,180,2,CRITICAL,2020-06-25
12333,3184,Staff Block,ADMIN,1954,609,2,GOOD,2024-04-14
12334,3184,Staff Facilities,TOILET_BLOCK,1992,187,1,GOOD,2023-04-08
12335,3184,Sports Store,STORAGE,1972,62,1,GOOD,2021-10-12
12336,3184,School Library,LIBRARY,1983,555,2,FAIR,2024-11-11
12337,3184,Sports Hall,GYM,1953,504,1,GOOD,2020-02-10
12338,3185,Block B,CLASSROOM,1966,734,1,FAIR,2024-03-22
12339,3185,Administration Building,ADMIN,1978,440,2,GOOD,2024-08-02
12340,3185,Junior Toilets,TOILET_BLOCK,1984,515,1,FAIR,2023-06-26
12341,3186,Arts Block,CLASSROOM,1978,591,1,FAIR,2024-07-26
12342,3186,Administration Building,ADMIN,1988,621,2,POOR,2021-03-12
12343,3186,Junior Toilets,TOILET_BLOCK,1996,474,1,GOOD,2020-01-26
12344,3186,Sports Store,STORAGE,1965,68,1,GOOD,2022-10-17
12345,3186,Resource Centre,LIBRARY,1992,451,1,FAIR,2020-12-03
12346,3187,Block A,CLASSROOM,1965,242,1,POOR,2020-08-16
12347,3187,Staff Block,ADMIN,1955,511,2,GOOD,2021-02-10
12348,3187,Sports Amenities,TOILET_BLOCK,1997,529,1,FAIR,2024-07-29
12349,3187,Sports Pavilion,SPORTS_PAVILION,2015,631,1,FAIR,2021-07-06
12350,3187,Grounds Shed,STORAGE,1963,22,1,GOOD,2024-05-31
12351,3187,Sports Hall,GYM,1997,484,1,CRITICAL,2023-04-26
12352,3188,Block A,CLASSROOM,1989,432,2,GOOD,2021-03-03
12353,3188,Main Office,ADMIN,1970,363,2,GOOD,2021-12-16
12354,3188,Senior Toilets,TOILET_BLOCK,1951,467,1,POOR,2021-06-15
12355,3188,Learning Centre,LIBRARY,1964,582,1,FAIR,2020-09-04
12356,3189,Block A,CLASSROOM,2001,663,2,GOOD,2023-06-02
12357,3189,Main Office,ADMIN,1962,96,1,FAIR,2021-12-10
12358,3189,Senior Toilets,TOILET_BLOCK,1991,439,1,GOOD,2023-04-30
12359,3189,Learning Centre,LIBRARY,2005,729,2,POOR,2020-02-03
12360,3189,Assembly Hall,HALL,1964,123,2,FAIR,2022-07-13
12361,3189,Metal Workshop,WORKSHOP,2012,206,1,FAIR,2021-09-18
12362,3189,Cricket Pavilion,SPORTS_PAVILION,1990,759,1,GOOD,2021-09-22
12363,3189,Fitness Centre,GYM,1965,718,2,POOR,2020-03-31
12364,3192,Block E,CLASSROOM,1966,631,1,POOR,2020-03-28
12365,3192,Main Office,ADMIN,1994,232,1,FAIR,2022-08-02
12366,3192,Junior Toilets,TOILET_BLOCK,1951,601,1,GOOD,2020-12-01
12367,3192,School Hall,HALL,1988,486,2,FAIR,2024-03-14
12368,3193,Senior Block,CLASSROOM,1953,780,2,FAIR,2023-11-28
12369,3193,Main Office,ADMIN,2004,80,1,FAIR,2020-01-26
12370,3193,Sports Amenities,TOILET_BLOCK,2014,169,1,GOOD,2023-03-11
12371,3193,Grounds Shed,STORAGE,1996,30,1,GOOD,2021-09-19
12372,3193,Main Gymnasium,GYM,2009,115,2,FAIR,2024-05-29
12373,3194,Block A,CLASSROOM,1988,707,2,FAIR,2024-02-29
12374,3194,Main Office,ADMIN,1979,557,1,FAIR,2020-11-10
12375,3194,Sports Amenities,TOILET_BLOCK,1993,710,1,GOOD,2022-07-22
12376,3194,Sports Store,STORAGE,2018,35,1,CRITICAL,2020-09-09
12377,3194,Sports Hall,GYM,2007,474,2,GOOD,2023-02-07
12378,3195,Block A,CLASSROOM,1987,748,2,GOOD,2021-05-29
12379,3195,Staff Block,ADMIN,1996,411,1,FAIR,2022-08-17
12380,3195,Staff Facilities,TOILET_BLOCK,2016,205,1,GOOD,2023-03-01
12381,3195,Grounds Shed,STORAGE,2005,62,1,FAIR,2023-04-02
12382,3196,Block C,CLASSROOM,1979,201,1,GOOD,2022-01-08
12383,3196,Main Office,ADMIN,1996,346,2,GOOD,2022-02-22
12384,3196,Sports Amenities,TOILET_BLOCK,2000,93,1,GOOD,2020-03-25
12385,3199,Junior Block,CLASSROOM,2022,88,2,GOOD,2024-02-05
12386,3199,Staff Block,ADMIN,2007,537,1,FAIR,2024-11-10
12387,3199,Senior Toilets,TOILET_BLOCK,1988,788,1,GOOD,2020-03-19
12388,3199,Maintenance Shed,STORAGE,1998,93,1,FAIR,2024-11-23
12389,3199,Performing Arts Centre,HALL,1952,703,1,GOOD,2021-09-05
12390,3200,Block D,CLASSROOM,1976,617,2,FAIR,2021-07-06
12391,3200,Administration Building,ADMIN,1968,75,2,FAIR,2022-04-23
12392,3200,Senior Toilets,TOILET_BLOCK,1983,164,1,GOOD,2020-04-12
12393,3200,Sports Pavilion,SPORTS_PAVILION,1954,341,1,FAIR,2023-08-14
12394,3200,School Library,LIBRARY,1959,166,1,POOR,2020-09-02
12395,3200,Equipment Store,STORAGE,1983,35,1,GOOD,2024-09-27
12396,3200,Main Gymnasium,GYM,1956,168,2,POOR,2024-10-18
12397,3200,School Hall,HALL,2003,96,2,GOOD,2021-06-16
12398,3201,Junior Block,CLASSROOM,1950,727,2,GOOD,2024-01-09
12399,3201,Administration Building,ADMIN,1974,555,2,FAIR,2021-09-06
12400,3201,Senior Toilets,TOILET_BLOCK,2021,85,1,GOOD,2022-04-14
12401,3201,Cricket Pavilion,SPORTS_PAVILION,1966,353,1,GOOD,2023-11-14
12402,3201,Assembly Hall,HALL,2001,776,1,POOR,2022-03-22
12403,3202,Block B,CLASSROOM,1976,673,2,CRITICAL,2023-02-28
12404,3202,Staff Block,ADMIN,1950,726,1,GOOD,2020-03-29
12405,3202,Sports Amenities,TOILET_BLOCK,2014,459,1,GOOD,2022-07-30
12406,3202,School Library,LIBRARY,1962,381,2,GOOD,2021-11-09
12407,3203,Arts Block,CLASSROOM,1958,144,2,GOOD,2023-03-16
12408,3203,Staff Block,ADMIN,1996,440,1,FAIR,2021-09-15
12409,3203,Sports Amenities,TOILET_BLOCK,1979,600,1,GOOD,2020-05-28
12410,3203,Sports Hall,GYM,1988,73,1,FAIR,2023-10-17
12411,3203,Grounds Shed,STORAGE,1999,36,1,GOOD,2023-01-07
12412,3203,School Library,LIBRARY,2010,227,1,GOOD,2021-10-22
12413,3204,Junior Block,CLASSROOM,2013,195,1,FAIR,2024-09-14
12414,3204,Main Office,ADMIN,2008,756,1,GOOD,2024-02-27
12415,3204,Senior Toilets,TOILET_BLOCK,1965,359,1,FAIR,2023-12-05
12416,3206,Block A,CLASSROOM,1971,586,2,POOR,2020-01-01
12417,3206,Main Office,ADMIN,2003,554,2,GOOD,2020-08-15
12418,3206,Junior Toilets,TOILET_BLOCK,1963,463,1,GOOD,2022-10-20
12419,3206,Fitness Centre,GYM,1977,393,2,GOOD,2022-02-12
12420,3206,School Library,LIBRARY,1991,352,1,FAIR,2022-05-07
12421,3207,Block E,CLASSROOM,1994,739,2,GOOD,2024-02-12
12422,3207,Administration Building,ADMIN,1951,558,2,GOOD,2023-06-25
12423,3207,Senior Toilets,TOILET_BLOCK,1970,519,1,FAIR,2023-09-06
12424,3208,Block C,CLASSROOM,1965,482,2,FAIR,2023-07-24
12425,3208,Main Office,ADMIN,1968,171,1,FAIR,2024-04-13
12426,3208,Sports Amenities,TOILET_BLOCK,1978,784,1,POOR,2020-05-05
12427,3208,Learning Centre,LIBRARY,1970,698,1,POOR,2021-12-02
12428,3208,Sports Hall,GYM,1981,661,2,GOOD,2021-11-09
12429,3208,Sports Pavilion,SPORTS_PAVILION,1980,306,1,GOOD,2022-12-11
12430,3209,Block E,CLASSROOM,1989,320,1,POOR,2024-05-12
12431,3209,Administration Building,ADMIN,1959,653,1,POOR,2021-01-17
12432,3209,Senior Toilets,TOILET_BLOCK,2002,391,1,GOOD,2022-04-16
12433,3209,Cricket Pavilion,SPORTS_PAVILION,1963,265,1,POOR,2020-10-23
12434,3209,Main Gymnasium,GYM,1995,441,1,GOOD,2021-05-03
12435,3209,Metal Workshop,WORKSHOP,1980,539,2,POOR,2021-08-17
12436,3209,Maintenance Shed,STORAGE,2000,75,1,GOOD,2021-03-12
12437,3210,Junior Block,CLASSROOM,1975,293,2,FAIR,2021-06-05
12438,3210,Main Office,ADMIN,1964,58,2,POOR,2021-08-26
12439,3210,Sports Amenities,TOILET_BLOCK,1956,403,1,GOOD,2021-10-12
12440,3210,Metal Workshop,WORKSHOP,1954,221,1,GOOD,2022-12-13
12441,3210,Sports Store,STORAGE,1973,21,1,GOOD,2020-11-03
12442,3210,Performing Arts Centre,HALL,1999,273,2,FAIR,2020-05-14
12443,3210,School Library,LIBRARY,1994,355,2,POOR,2023-02-04
12444,3212,Science Block,CLASSROOM,1994,144,1,GOOD,2022-11-05
12445,3212,Staff Block,ADMIN,1995,719,1,FAIR,2021-04-07
12446,3212,Senior Toilets,TOILET_BLOCK,1974,609,1,POOR,2020-01-15
12447,3212,Maintenance Shed,STORAGE,2010,58,1,POOR,2021-06-13
12448,3212,Technology Workshop,WORKSHOP,1952,422,2,CRITICAL,2022-12-27
12449,3213,Block D,CLASSROOM,1957,601,1,GOOD,2024-10-21
12450,3213,Staff Block,ADMIN,1953,610,1,FAIR,2022-05-16
12451,3213,Junior Toilets,TOILET_BLOCK,1957,512,1,GOOD,2022-10-05
12452,3213,Food Technology,WORKSHOP,2013,249,1,CRITICAL,2023-12-16
12453,3213,Learning Centre,LIBRARY,1986,778,1,POOR,2023-07-26
12454,3214,Junior Block,CLASSROOM,2005,86,1,FAIR,2021-09-18
12455,3214,Staff Block,ADMIN,2000,436,2,FAIR,2020-04-04
12456,3214,Senior Toilets,TOILET_BLOCK,2017,467,1,GOOD,2020-11-20
12457,3214,Main Gymnasium,GYM,1957,313,2,GOOD,2020-02-10
12458,3216,Technology Block,CLASSROOM,1975,697,2,GOOD,2021-01-16
12459,3216,Administration Building,ADMIN,1984,96,1,GOOD,2023-05-03
12460,3216,Junior Toilets,TOILET_BLOCK,1993,515,1,FAIR,2021-03-25
12461,3216,Sports Hall,GYM,1991,272,2,FAIR,2022-11-20
12462,3216,Sports Pavilion,SPORTS_PAVILION,2001,535,1,FAIR,2023-12-30
12463,3216,Food Technology,WORKSHOP,1977,679,1,GOOD,2022-06-04
12464,3216,School Hall,HALL,1968,701,2,FAIR,2023-02-03
12465,3216,Sports Store,STORAGE,1966,21,1,GOOD,2022-12-08
12466,3217,Block D,CLASSROOM,1992,685,1,GOOD,2021-03-19
12467,3217,Administration Building,ADMIN,1969,172,2,FAIR,2021-09-25
12468,3217,Staff Facilities,TOILET_BLOCK,1969,273,1,GOOD,2020-02-06
12469,3217,School Hall,HALL,1966,700,2,POOR,2021-07-17
12470,3219,Science Block,CLASSROOM,1957,331,2,FAIR,2023-03-18
12471,3219,Main Office,ADMIN,1981,222,2,POOR,2022-09-19
12472,3219,Senior Toilets,TOILET_BLOCK,2007,752,1,FAIR,2022-03-07
12473,3219,Sports Pavilion,SPORTS_PAVILION,1975,426,1,POOR,2020-06-14
12474,3219,Food Technology,WORKSHOP,1978,567,1,FAIR,2021-09-06
12475,3220,Senior Block,CLASSROOM,1997,443,2,POOR,2022-04-30
12476,3220,Main Office,ADMIN,1992,306,2,GOOD,2022-03-25
12477,3220,Senior Toilets,TOILET_BLOCK,2022,289,1,POOR,2020-12-29
12478,3220,Learning Centre,LIBRARY,1980,504,2,POOR,2021-11-03
12479,3221,Block C,CLASSROOM,1977,156,2,GOOD,2024-08-05
12480,3221,Administration Building,ADMIN,2018,647,1,CRITICAL,2024-03-01
12481,3221,Staff Facilities,TOILET_BLOCK,1964,733,1,GOOD,2021-07-14
12482,3221,Maintenance Shed,STORAGE,2017,94,1,POOR,2022-12-11
12483,3221,School Hall,HALL,2014,123,1,FAIR,2024-03-10
12484,3221,Sports Hall,GYM,1994,415,2,GOOD,2024-11-30
12485,3221,Changing Rooms,SPORTS_PAVILION,2006,314,1,FAIR,2021-02-13
12486,3222,Block C,CLASSROOM,1993,445,2,FAIR,2023-04-16
12487,3222,Staff Block,ADMIN,2020,758,2,GOOD,2022-10-04
12488,3222,Senior Toilets,TOILET_BLOCK,1962,285,1,GOOD,2020-06-26
12489,3223,Block B,CLASSROOM,1963,372,2,CRITICAL,2024-04-09
12490,3223,Administration Building,ADMIN,1994,643,2,FAIR,2021-02-13
12491,3223,Junior Toilets,TOILET_BLOCK,1964,329,1,FAIR,2021-05-02
12492,3224,Technology Block,CLASSROOM,1973,122,1,GOOD,2022-10-26
12493,3224,Administration Building,ADMIN,1958,232,1,GOOD,2023-01-02
12494,3224,Sports Amenities,TOILET_BLOCK,2019,430,1,FAIR,2024-11-30
12495,3224,Main Gymnasium,GYM,1963,218,1,GOOD,2022-07-30
12496,3224,Wood Workshop,WORKSHOP,1961,298,1,POOR,2023-05-23
12497,3225,Block A,CLASSROOM,1968,395,1,GOOD,2024-05-16
12498,3225,Staff Block,ADMIN,1967,544,2,POOR,2024-07-22
12499,3225,Staff Facilities,TOILET_BLOCK,1997,189,1,GOOD,2021-06-13
12500,3225,Performing Arts Centre,HALL,1965,556,1,GOOD,2021-09-23
12501,3226,Senior Block,CLASSROOM,1997,63,1,FAIR,2020-12-21
12502,3226,Staff Block,ADMIN,1971,532,2,CRITICAL,2021-03-07
12503,3226,Sports Amenities,TOILET_BLOCK,1951,195,1,GOOD,2022-09-28
12504,3226,Sports Hall,GYM,2001,707,2,GOOD,2022-09-16
12505,3226,Sports Store,STORAGE,2014,61,1,FAIR,2022-06-18
12506,3228,Block E,CLASSROOM,1965,293,2,GOOD,2022-09-29
12507,3228,Main Office,ADMIN,2005,270,2,FAIR,2023-09-24
12508,3228,Junior Toilets,TOILET_BLOCK,2002,771,1,FAIR,2023-02-20
12509,3229,Arts Block,CLASSROOM,1977,577,2,FAIR,2023-05-24
12510,3229,Main Office,ADMIN,1984,610,2,FAIR,2023-11-12
12511,3229,Sports Amenities,TOILET_BLOCK,2009,784,1,FAIR,2020-05-05
12512,3231,Block C,CLASSROOM,1994,755,2,GOOD,2022-07-20
12513,3231,Main Office,ADMIN,1963,332,1,GOOD,2022-07-03
12514,3231,Sports Amenities,TOILET_BLOCK,1970,651,1,FAIR,2024-01-17
12515,3231,Sports Pavilion,SPORTS_PAVILION,1968,451,1,GOOD,2023-10-12
12516,3231,Resource Centre,LIBRARY,1971,240,1,GOOD,2021-08-07
12517,3231,Fitness Centre,GYM,1951,555,2,FAIR,2023-04-21
12518,3231,School Hall,HALL,1977,685,2,FAIR,2021-03-13
12519,3233,Block D,CLASSROOM,1956,581,1,FAIR,2022-07-03
12520,3233,Staff Block,ADMIN,1995,406,1,CRITICAL,2024-08-13
12521,3233,Senior Toilets,TOILET_BLOCK,1996,626,1,GOOD,2021-08-24
12522,3233,School Hall,HALL,1976,424,1,GOOD,2021-07-05
12523,3233,Grounds Shed,STORAGE,1981,99,1,FAIR,2024-02-14
12524,3233,Metal Workshop,WORKSHOP,1956,514,1,CRITICAL,2021-01-11
12525,3233,Cricket Pavilion,SPORTS_PAVILION,1993,535,1,GOOD,2020-09-08
12526,3233,Learning Centre,LIBRARY,1979,317,2,FAIR,2024-10-24
12527,3233,Fitness Centre,GYM,1968,606,2,GOOD,2020-09-16
12528,3233,Arts Block,CLASSROOM,1969,308,2,POOR,2024-05-09
12529,3234,Block E,CLASSROOM,1980,554,2,POOR,2020-05-25
12530,3234,Administration Building,ADMIN,1966,132,2,POOR,2020-05-06
12531,3234,Sports Amenities,TOILET_BLOCK,2015,667,1,POOR,2020-03-06
12532,3234,Sports Store,STORAGE,2016,66,1,GOOD,2022-12-13
12533,3234,Performing Arts Centre,HALL,1991,386,1,GOOD,2023-12-05
12534,3234,Sports Hall,GYM,1983,524,1,CRITICAL,2021-07-06
12535,3234,Cricket Pavilion,SPORTS_PAVILION,1990,426,1,GOOD,2020-07-23
12536,3235,Junior Block,CLASSROOM,2006,152,2,POOR,2023-06-10
12537,3235,Staff Block,ADMIN,2009,410,2,GOOD,2024-11-07
12538,3235,Staff Facilities,TOILET_BLOCK,2007,573,1,POOR,2021-08-11
12539,3235,Sports Store,STORAGE,2009,70,1,FAIR,2020-05-08
12540,3236,Block C,CLASSROOM,1971,300,1,POOR,2022-07-18
12541,3236,Administration Building,ADMIN,2013,351,2,GOOD,2022-07-04
12542,3236,Junior Toilets,TOILET_BLOCK,1993,341,1,GOOD,2020-08-03
12543,3236,Equipment Store,STORAGE,2022,38,1,CRITICAL,2022-10-05
12544,3236,Fitness Centre,GYM,1985,83,2,GOOD,2020-09-11
12545,3236,Assembly Hall,HALL,2011,262,2,CRITICAL,2020-05-05
12546,3236,Learning Centre,LIBRARY,1986,341,2,FAIR,2020-04-11
12547,3236,Cricket Pavilion,SPORTS_PAVILION,2003,743,1,FAIR,2022-03-28
12548,3270,Arts Block,CLASSROOM,1983,134,1,FAIR,2021-08-14
12549,3270,Main Office,ADMIN,1962,728,2,GOOD,2024-09-01
12550,3270,Junior Toilets,TOILET_BLOCK,1956,422,1,FAIR,2024-06-06
12551,3271,Arts Block,CLASSROOM,1985,504,2,GOOD,2021-07-31
12552,3271,Staff Block,ADMIN,2020,171,2,FAIR,2023-03-25
12553,3271,Junior Toilets,TOILET_BLOCK,2019,738,1,FAIR,2023-07-16
12554,3271,Resource Centre,LIBRARY,1963,175,2,GOOD,2021-08-10
12555,3271,Wood Workshop,WORKSHOP,1977,280,2,FAIR,2021-02-19
12556,3271,Maintenance Shed,STORAGE,2004,80,1,GOOD,2020-05-24
12557,3271,School Hall,HALL,1953,688,1,GOOD,2023-01-05
12558,3273,Technology Block,CLASSROOM,2021,467,1,FAIR,2024-10-30
12559,3273,Administration Building,ADMIN,1982,77,1,POOR,2024-09-07
12560,3273,Sports Amenities,TOILET_BLOCK,2020,357,1,GOOD,2020-10-22
12561,3274,Junior Block,CLASSROOM,1981,489,1,FAIR,2023-06-07
12562,3274,Staff Block,ADMIN,1956,224,2,GOOD,2023-05-17
12563,3274,Staff Facilities,TOILET_BLOCK,1996,61,1,GOOD,2024-08-14
12564,3274,Wood Workshop,WORKSHOP,2009,386,1,GOOD,2024-01-04
12565,3274,School Library,LIBRARY,2019,316,1,FAIR,2021-07-11
12566,3275,Senior Block,CLASSROOM,1971,552,1,FAIR,2020-12-08
12567,3275,Main Office,ADMIN,1963,716,1,FAIR,2024-01-04
12568,3275,Sports Amenities,TOILET_BLOCK,2021,424,1,CRITICAL,2021-06-17
12569,3275,School Library,LIBRARY,1978,672,1,GOOD,2022-07-05
12570,3275,Sports Hall,GYM,1987,405,1,GOOD,2020-03-31
12571,3276,Arts Block,CLASSROOM,1999,766,2,FAIR,2022-07-14
12572,3276,Staff Block,ADMIN,2000,216,2,FAIR,2020-10-09
12573,3276,Staff Facilities,TOILET_BLOCK,2013,385,1,POOR,2023-08-13
12574,3276,School Hall,HALL,1980,169,1,GOOD,2022-12-13
12575,3276,Grounds Shed,STORAGE,1964,48,1,FAIR,2023-03-13
12576,3280,Arts Block,CLASSROOM,2003,782,1,GOOD,2022-01-05
12577,3280,Staff Block,ADMIN,1960,684,2,GOOD,2020-03-02
12578,3280,Senior Toilets,TOILET_BLOCK,1965,515,1,GOOD,2020-11-06
12579,3281,Block A,CLASSROOM,1967,272,1,GOOD,2023-06-16
12580,3281,Administration Building,ADMIN,1975,481,2,FAIR,2021-10-21
12581,3281,Junior Toilets,TOILET_BLOCK,1970,265,1,FAIR,2022-03-27
12582,3281,Learning Centre,LIBRARY,1956,317,2,FAIR,2023-10-02
12583,3281,Sports Store,STORAGE,1998,93,1,POOR,2021-09-09
12584,3281,Wood Workshop,WORKSHOP,1992,700,1,POOR,2024-07-03
12585,3281,Sports Pavilion,SPORTS_PAVILION,1994,300,1,GOOD,2024-02-26
12586,3282,Block C,CLASSROOM,1966,168,2,FAIR,2023-10-30
12587,3282,Staff Block,ADMIN,2003,94,2,FAIR,2021-12-10
12588,3282,Sports Amenities,TOILET_BLOCK,2009,374,1,FAIR,2022-09-24
12589,3282,Changing Rooms,SPORTS_PAVILION,1995,209,1,FAIR,2024-02-27
12590,3282,Equipment Store,STORAGE,1984,63,1,POOR,2021-04-14
12591,3283,Block B,CLASSROOM,1954,354,2,FAIR,2022-08-13
12592,3283,Main Office,ADMIN,2010,320,2,GOOD,2021-05-22
12593,3283,Staff Facilities,TOILET_BLOCK,1987,286,1,POOR,2023-01-13
12594,3284,Block D,CLASSROOM,1996,638,2,POOR,2023-01-17
12595,3284,Staff Block,ADMIN,1980,363,1,POOR,2024-04-08
12596,3284,Senior Toilets,TOILET_BLOCK,2018,112,1,FAIR,2022-07-28
12597,3284,Resource Centre,LIBRARY,1966,408,1,FAIR,2023-01-09
12598,3284,Performing Arts Centre,HALL,2009,694,2,FAIR,2023-06-29
12599,3285,Block B,CLASSROOM,1987,278,2,GOOD,2020-02-03
12600,3285,Administration Building,ADMIN,2015,728,2,CRITICAL,2024-02-24
12601,3285,Junior Toilets,TOILET_BLOCK,1986,185,1,GOOD,2020-08-11
12602,3287,Science Block,CLASSROOM,1954,646,2,FAIR,2024-09-04
12603,3287,Staff Block,ADMIN,2007,766,2,FAIR,2023-12-29
12604,3287,Staff Facilities,TOILET_BLOCK,1997,792,1,POOR,2023-02-12
12605,3287,Main Gymnasium,GYM,1960,296,2,POOR,2020-05-20
12606,3287,Metal Workshop,WORKSHOP,1960,581,1,GOOD,2021-03-25
12607,3287,Maintenance Shed,STORAGE,1951,47,1,GOOD,2022-08-11
12608,3287,Resource Centre,LIBRARY,1993,73,1,GOOD,2022-10-24
12609,3287,Cricket Pavilion,SPORTS_PAVILION,1997,603,1,GOOD,2023-02-19
12610,3287,Performing Arts Centre,HALL,1978,661,1,FAIR,2023-12-05
12611,3287,Arts Block,CLASSROOM,2004,289,2,FAIR,2023-01-18
12612,3287,Block A,CLASSROOM,1979,781,2,FAIR,2024-02-21
12613,3288,Block C,CLASSROOM,1992,467,1,GOOD,2023-05-18
12614,3288,Main Office,ADMIN,1965,645,2,GOOD,2022-12-24
12615,3288,Staff Facilities,TOILET_BLOCK,1973,765,1,POOR,2024-03-16
12616,3288,Technology Workshop,WORKSHOP,2009,234,1,FAIR,2023-12-13
12617,3289,Junior Block,CLASSROOM,1982,585,1,FAIR,2024-11-02
12618,3289,Main Office,ADMIN,1959,538,2,GOOD,2024-03-16
12619,3289,Sports Amenities,TOILET_BLOCK,1990,393,1,FAIR,2022-01-21
12620,3289,Resource Centre,LIBRARY,2013,232,1,POOR,2022-03-18
12621,3289,Assembly Hall,HALL,1966,734,2,GOOD,2023-11-20
12622,3289,Sports Hall,GYM,1999,121,2,CRITICAL,2021-03-29
12623,3289,Metal Workshop,WORKSHOP,2014,506,2,GOOD,2022-07-30
12624,3290,Technology Block,CLASSROOM,1951,607,1,POOR,2022-09-06
12625,3290,Administration Building,ADMIN,2017,733,2,GOOD,2020-03-01
12626,3290,Sports Amenities,TOILET_BLOCK,2019,279,1,FAIR,2021-12-05
12627,3291,Junior Block,CLASSROOM,1973,450,2,FAIR,2021-09-08
12628,3291,Main Office,ADMIN,2017,739,2,FAIR,2023-09-22
12629,3291,Senior Toilets,TOILET_BLOCK,1974,643,1,GOOD,2024-03-25
12630,3291,School Hall,HALL,2019,628,1,POOR,2021-10-04
12631,3291,Fitness Centre,GYM,2018,219,2,GOOD,2021-02-16
12632,3291,Learning Centre,LIBRARY,1974,433,2,GOOD,2022-11-13
12633,3291,Equipment Store,STORAGE,1997,53,1,GOOD,2020-08-10
12634,3291,Changing Rooms,SPORTS_PAVILION,2016,291,1,GOOD,2020-10-28
12635,3292,Block B,CLASSROOM,1965,194,1,FAIR,2020-11-26
12636,3292,Main Office,ADMIN,1976,516,2,FAIR,2024-06-24
12637,3292,Sports Amenities,TOILET_BLOCK,1964,704,1,FAIR,2022-03-19
12638,3292,Equipment Store,STORAGE,1990,42,1,POOR,2020-10-31
12639,3292,School Library,LIBRARY,1964,114,1,FAIR,2021-12-29
12640,3293,Arts Block,CLASSROOM,1973,347,2,GOOD,2022-02-23
12641,3293,Main Office,ADMIN,1984,146,2,GOOD,2021-08-01
12642,3293,Senior Toilets,TOILET_BLOCK,1971,744,1,GOOD,2022-07-21
12643,3293,Cricket Pavilion,SPORTS_PAVILION,2019,751,1,GOOD,2020-08-28
12644,3293,Performing Arts Centre,HALL,1951,265,2,GOOD,2021-04-07
12645,3295,Arts Block,CLASSROOM,2002,792,2,FAIR,2020-02-20
12646,3295,Administration Building,ADMIN,1977,562,1,GOOD,2021-03-31
12647,3295,Sports Amenities,TOILET_BLOCK,2020,656,1,GOOD,2024-08-23
12648,3295,Performing Arts Centre,HALL,1967,577,2,FAIR,2022-03-15
12649,3295,Fitness Centre,GYM,1989,370,2,FAIR,2020-09-01
12650,3299,Block C,CLASSROOM,2001,537,1,POOR,2020-01-01
12651,3299,Main Office,ADMIN,1973,119,1,GOOD,2024-03-21
12652,3299,Sports Amenities,TOILET_BLOCK,2007,92,1,FAIR,2022-09-23
12653,3299,Main Gymnasium,GYM,1979,583,2,GOOD,2024-10-04
12654,3299,Resource Centre,LIBRARY,1995,623,1,FAIR,2023-08-09
12655,3299,Cricket Pavilion,SPORTS_PAVILION,1989,203,1,POOR,2022-08-30
12656,3299,School Hall,HALL,1998,50,2,FAIR,2021-07-31
12657,3301,Block D,CLASSROOM,2005,57,2,FAIR,2024-08-06
12658,3301,Main Office,ADMIN,1973,454,1,GOOD,2024-08-26
12659,3301,Staff Facilities,TOILET_BLOCK,1987,791,1,GOOD,2023-10-16
12660,3301,Grounds Shed,STORAGE,2010,78,1,FAIR,2024-02-28
12661,3301,Changing Rooms,SPORTS_PAVILION,2010,127,1,POOR,2020-09-13
12662,3302,Junior Block,CLASSROOM,2020,637,2,POOR,2022-12-29
12663,3302,Staff Block,ADMIN,1958,648,2,POOR,2023-11-05
12664,3302,Sports Amenities,TOILET_BLOCK,1992,322,1,POOR,2023-06-06
12665,3302,Main Gymnasium,GYM,1978,108,2,POOR,2021-12-18
12666,3302,Performing Arts Centre,HALL,2020,314,1,POOR,2024-01-27
12667,3302,Sports Pavilion,SPORTS_PAVILION,1989,135,1,FAIR,2022-03-27
12668,3302,Technology Workshop,WORKSHOP,1957,542,2,GOOD,2021-03-08
12669,3302,Maintenance Shed,STORAGE,1999,47,1,POOR,2022-04-16
12670,3303,Block E,CLASSROOM,1971,509,2,GOOD,2024-10-24
12671,3303,Staff Block,ADMIN,1970,339,2,FAIR,2021-06-27
12672,3303,Staff Facilities,TOILET_BLOCK,2016,687,1,CRITICAL,2021-04-07
12673,3303,Maintenance Shed,STORAGE,1992,75,1,FAIR,2021-03-29
12674,3304,Science Block,CLASSROOM,1977,448,1,POOR,2020-08-23
12675,3304,Main Office,ADMIN,2009,651,2,POOR,2024-02-01
12676,3304,Senior Toilets,TOILET_BLOCK,1978,419,1,FAIR,2022-09-09
12677,3305,Arts Block,CLASSROOM,2011,485,1,POOR,2023-08-07
12678,3305,Administration Building,ADMIN,1954,746,2,FAIR,2023-03-30
12679,3305,Junior Toilets,TOILET_BLOCK,1953,783,1,GOOD,2022-12-28
12680,3305,Technology Workshop,WORKSHOP,2008,646,2,FAIR,2021-07-19
12681,3305,School Library,LIBRARY,1952,179,1,FAIR,2022-06-13
12682,3307,Senior Block,CLASSROOM,1982,449,2,FAIR,2022-06-09
12683,3307,Main Office,ADMIN,1986,560,2,GOOD,2020-08-08
12684,3307,Junior Toilets,TOILET_BLOCK,2010,216,1,GOOD,2024-04-01
12685,3308,Technology Block,CLASSROOM,2021,584,1,GOOD,2024-12-01
12686,3308,Staff Block,ADMIN,1963,93,1,FAIR,2022-03-10
12687,3308,Senior Toilets,TOILET_BLOCK,1960,283,1,GOOD,2021-09-10
12688,3308,Fitness Centre,GYM,1954,106,2,FAIR,2021-07-18
12689,3309,Senior Block,CLASSROOM,1963,650,2,GOOD,2024-02-28
12690,3309,Staff Block,ADMIN,2013,489,2,POOR,2020-04-06
12691,3309,Senior Toilets,TOILET_BLOCK,1957,69,1,FAIR,2022-04-07
12692,3309,Performing Arts Centre,HALL,1956,747,1,FAIR,2020-09-30
12693,3309,Fitness Centre,GYM,2013,146,1,FAIR,2022-09-29
12694,3310,Junior Block,CLASSROOM,2017,489,2,GOOD,2023-12-17
12695,3310,Staff Block,ADMIN,1996,102,1,FAIR,2020-01-26
12696,3310,Senior Toilets,TOILET_BLOCK,1988,388,1,FAIR,2021-07-23
12697,3310,Wood Workshop,WORKSHOP,2017,732,2,GOOD,2021-10-28
12698,3310,Performing Arts Centre,HALL,2014,172,1,GOOD,2020-11-11
12699,3310,Resource Centre,LIBRARY,1966,177,1,GOOD,2024-01-21
12700,3310,Sports Store,STORAGE,1961,37,1,GOOD,2023-12-20
12701,3310,Sports Hall,GYM,1961,364,1,GOOD,2023-03-22
12702,3313,Science Block,CLASSROOM,1969,670,2,POOR,2023-12-20
12703,3313,Main Office,ADMIN,2008,268,1,FAIR,2021-01-20
12704,3313,Senior Toilets,TOILET_BLOCK,1985,198,1,GOOD,2024-02-16
12705,3313,Technology Workshop,WORKSHOP,1952,797,1,FAIR,2024-07-09
12706,3313,Sports Pavilion,SPORTS_PAVILION,1967,135,1,FAIR,2020-02-21
12707,3314,Block D,CLASSROOM,1955,747,2,GOOD,2022-02-11
12708,3314,Administration Building,ADMIN,1981,84,2,FAIR,2022-09-05
12709,3314,Staff Facilities,TOILET_BLOCK,1996,225,1,GOOD,2020-09-09
12710,3314,Fitness Centre,GYM,1969,288,1,GOOD,2022-05-04
12711,3314,Grounds Shed,STORAGE,1995,99,1,POOR,2020-12-21
12712,3314,Sports Pavilion,SPORTS_PAVILION,2009,332,1,POOR,2023-09-05
12713,3314,School Hall,HALL,1975,677,2,GOOD,2024-04-05
12714,3314,Food Technology,WORKSHOP,1951,647,1,FAIR,2020-07-27
12715,3316,Block A,CLASSROOM,1987,503,2,POOR,2021-08-15
12716,3316,Main Office,ADMIN,2001,79,2,FAIR,2022-07-08
12717,3316,Senior Toilets,TOILET_BLOCK,2013,173,1,GOOD,2020-01-10
12718,3316,Technology Workshop,WORKSHOP,1976,703,2,FAIR,2023-04-23
12719,3316,School Library,LIBRARY,2014,569,2,FAIR,2022-06-26
12720,3316,Fitness Centre,GYM,1981,273,2,GOOD,2020-05-11
12721,3316,Assembly Hall,HALL,1988,562,1,GOOD,2020-02-17
12722,3316,Maintenance Shed,STORAGE,1976,71,1,POOR,2023-01-09
12723,3317,Technology Block,CLASSROOM,1954,65,1,FAIR,2022-05-23
12724,3317,Staff Block,ADMIN,1984,334,2,GOOD,2023-11-29
12725,3317,Junior Toilets,TOILET_BLOCK,2021,464,1,POOR,2021-01-07
12726,3317,Sports Hall,GYM,1984,424,2,GOOD,2024-11-13
12727,3317,School Library,LIBRARY,1978,374,1,POOR,2023-07-13
12728,3317,Technology Workshop,WORKSHOP,2015,152,1,GOOD,2020-04-12
12729,3317,Maintenance Shed,STORAGE,1982,35,1,FAIR,2020-03-16
12730,3317,Sports Pavilion,SPORTS_PAVILION,1985,200,1,GOOD,2020-07-18
12731,3318,Block B,CLASSROOM,1973,705,2,FAIR,2024-08-03
12732,3318,Staff Block,ADMIN,2015,257,1,FAIR,2020-08-01
12733,3318,Staff Facilities,TOILET_BLOCK,1973,386,1,FAIR,2021-08-16
12734,3318,School Hall,HALL,1996,692,1,GOOD,2020-09-01
12735,3318,Wood Workshop,WORKSHOP,1977,534,1,GOOD,2022-09-22
12736,3318,School Library,LIBRARY,1988,372,1,FAIR,2023-08-20
12737,3318,Sports Hall,GYM,1976,256,1,FAIR,2020-02-26
12738,3318,Grounds Shed,STORAGE,1990,39,1,FAIR,2024-07-31
12739,3321,Block A,CLASSROOM,1973,650,2,FAIR,2023-07-27
12740,3321,Staff Block,ADMIN,2018,520,1,FAIR,2020-06-23
12741,3321,Junior Toilets,TOILET_BLOCK,2013,408,1,FAIR,2024-06-30
12742,3322,Arts Block,CLASSROOM,1996,362,1,GOOD,2023-04-18
12743,3322,Administration Building,ADMIN,1996,122,2,POOR,2022-03-12
12744,3322,Junior Toilets,TOILET_BLOCK,1998,477,1,POOR,2023-06-04
12745,3322,Sports Hall,GYM,1967,558,2,FAIR,2021-03-02
12746,3323,Senior Block,CLASSROOM,1974,746,2,GOOD,2023-11-18
12747,3323,Staff Block,ADMIN,1995,161,2,GOOD,2020-08-11
12748,3323,Sports Amenities,TOILET_BLOCK,1981,454,1,FAIR,2022-06-08
12749,3323,Sports Hall,GYM,2017,368,1,POOR,2021-07-26
12750,3323,Performing Arts Centre,HALL,1988,408,2,GOOD,2023-03-22
12751,3323,Changing Rooms,SPORTS_PAVILION,2006,168,1,POOR,2024-08-09
12752,3323,Resource Centre,LIBRARY,2007,638,1,GOOD,2022-12-04
12753,3323,Metal Workshop,WORKSHOP,2020,236,1,GOOD,2020-11-08
12754,3323,Equipment Store,STORAGE,1993,79,1,POOR,2023-07-31
12755,3324,Arts Block,CLASSROOM,2015,774,1,FAIR,2023-02-04
12756,3324,Main Office,ADMIN,2018,664,2,GOOD,2020-11-19
12757,3324,Sports Amenities,TOILET_BLOCK,1953,593,1,FAIR,2024-11-15
12758,3324,Metal Workshop,WORKSHOP,1993,56,1,GOOD,2021-05-04
12759,3324,Main Gymnasium,GYM,1983,485,2,FAIR,2023-01-02
12760,3324,Learning Centre,LIBRARY,1992,236,1,POOR,2023-10-15
12761,3324,Sports Store,STORAGE,1976,82,1,GOOD,2021-01-26
12762,3324,Performing Arts Centre,HALL,1998,602,2,POOR,2022-04-28
12763,3324,Changing Rooms,SPORTS_PAVILION,1951,615,1,FAIR,2024-04-15
12764,3324,Block C,CLASSROOM,1976,330,1,GOOD,2021-05-25
12765,3324,Block A,CLASSROOM,1960,383,1,GOOD,2023-09-21
12766,3324,Technology Block,CLASSROOM,2012,452,2,GOOD,2021-12-01
12767,3325,Junior Block,CLASSROOM,1951,780,1,POOR,2021-09-18
12768,3325,Main Office,ADMIN,2018,732,2,FAIR,2022-12-13
12769,3325,Senior Toilets,TOILET_BLOCK,1952,75,1,FAIR,2020-10-29
12770,3326,Block D,CLASSROOM,1956,155,1,FAIR,2022-03-14
12771,3326,Administration Building,ADMIN,1968,138,2,FAIR,2020-05-03
12772,3326,Senior Toilets,TOILET_BLOCK,1970,79,1,FAIR,2020-03-12
12773,3326,Equipment Store,STORAGE,2003,97,1,FAIR,2023-04-18
12774,3326,Changing Rooms,SPORTS_PAVILION,1990,660,1,GOOD,2023-11-07
12775,3326,School Hall,HALL,1963,703,2,GOOD,2022-09-06
12776,3326,Technology Workshop,WORKSHOP,1984,70,1,POOR,2024-04-12
12777,3326,Fitness Centre,GYM,1954,409,1,GOOD,2020-01-18
12778,3327,Senior Block,CLASSROOM,1968,594,1,FAIR,2020-10-25
12779,3327,Staff Block,ADMIN,1981,84,1,FAIR,2021-08-04
12780,3327,Senior Toilets,TOILET_BLOCK,1972,745,1,GOOD,2020-12-10
12781,3329,Junior Block,CLASSROOM,1957,163,2,FAIR,2020-06-22
12782,3329,Main Office,ADMIN,1975,667,2,FAIR,2024-07-22
12783,3329,Junior Toilets,TOILET_BLOCK,1980,194,1,POOR,2023-03-15
12784,3331,Block D,CLASSROOM,1973,742,1,CRITICAL,2020-04-23
12785,3331,Staff Block,ADMIN,1973,569,2,GOOD,2021-02-27
12786,3331,Staff Facilities,TOILET_BLOCK,1954,225,1,POOR,2020-04-20
12787,3332,Senior Block,CLASSROOM,1986,198,2,GOOD,2023-11-07
12788,3332,Administration Building,ADMIN,1988,627,1,FAIR,2023-04-02
12789,3332,Junior Toilets,TOILET_BLOCK,1971,152,1,POOR,2023-09-11
12790,3334,Block A,CLASSROOM,2017,367,1,FAIR,2023-09-02
12791,3334,Administration Building,ADMIN,1982,300,1,FAIR,2021-01-08
12792,3334,Sports Amenities,TOILET_BLOCK,1998,162,1,FAIR,2024-10-15
12793,3334,Maintenance Shed,STORAGE,1967,63,1,POOR,2023-08-27
12794,3334,Sports Hall,GYM,1975,740,1,FAIR,2024-05-21
12795,3334,School Hall,HALL,1950,96,2,GOOD,2024-06-06
12796,3334,Cricket Pavilion,SPORTS_PAVILION,1953,372,1,FAIR,2020-03-05
12797,3334,Food Technology,WORKSHOP,1996,73,2,FAIR,2021-06-15
12798,3334,Learning Centre,LIBRARY,1995,169,1,GOOD,2021-07-23
12799,3334,Block C,CLASSROOM,1959,719,2,FAIR,2021-04-18
12800,3334,Block C,CLASSROOM,2018,146,1,POOR,2021-06-22
12801,3334,Science Block,CLASSROOM,2013,414,1,GOOD,2024-09-04
12802,3335,Junior Block,CLASSROOM,1964,751,1,GOOD,2022-04-06
12803,3335,Main Office,ADMIN,1995,176,1,GOOD,2021-04-04
12804,3335,Staff Facilities,TOILET_BLOCK,1972,168,1,FAIR,2020-10-21
12805,3335,Cricket Pavilion,SPORTS_PAVILION,1996,510,1,FAIR,2023-04-12
12806,3336,Science Block,CLASSROOM,2003,412,1,FAIR,2021-04-10
12807,3336,Administration Building,ADMIN,1959,339,2,FAIR,2022-02-27
12808,3336,Staff Facilities,TOILET_BLOCK,2016,110,1,POOR,2022-10-31
12809,3336,Changing Rooms,SPORTS_PAVILION,1996,603,1,POOR,2024-06-25
12810,3336,Main Gymnasium,GYM,1968,730,1,POOR,2021-10-06
12811,3338,Arts Block,CLASSROOM,1988,99,2,FAIR,2024-05-16
12812,3338,Administration Building,ADMIN,1950,774,1,POOR,2021-12-25
12813,3338,Junior Toilets,TOILET_BLOCK,1968,566,1,FAIR,2022-01-20
12814,3338,Maintenance Shed,STORAGE,2000,33,1,POOR,2024-08-17
12815,3338,Learning Centre,LIBRARY,1973,538,2,POOR,2020-04-07
12816,3338,Performing Arts Centre,HALL,1973,725,2,POOR,2023-06-05
12817,3338,Main Gymnasium,GYM,1997,473,1,POOR,2022-01-30
12818,3339,Block D,CLASSROOM,1981,796,1,GOOD,2024-07-11
12819,3339,Staff Block,ADMIN,1950,403,1,FAIR,2022-08-06
12820,3339,Senior Toilets,TOILET_BLOCK,2000,583,1,FAIR,2020-11-12
12821,3340,Arts Block,CLASSROOM,2008,94,2,POOR,2020-07-15
12822,3340,Main Office,ADMIN,1997,210,1,FAIR,2022-05-25
12823,3340,Junior Toilets,TOILET_BLOCK,1971,98,1,GOOD,2021-08-04
12824,3340,Cricket Pavilion,SPORTS_PAVILION,1963,184,1,FAIR,2022-07-23
12825,3340,Resource Centre,LIBRARY,2022,333,2,GOOD,2021-12-18
12826,3340,School Hall,HALL,2022,176,1,GOOD,2021-11-17
12827,3342,Block D,CLASSROOM,1978,586,2,GOOD,2020-02-29
12828,3342,Main Office,ADMIN,1992,434,2,CRITICAL,2023-05-07
12829,3342,Staff Facilities,TOILET_BLOCK,1989,305,1,FAIR,2020-07-10
12830,3342,Maintenance Shed,STORAGE,2014,73,1,GOOD,2022-12-10
12831,3342,Performing Arts Centre,HALL,1958,726,1,FAIR,2021-01-25
12832,3343,Block C,CLASSROOM,2017,444,1,GOOD,2022-11-05
12833,3343,Staff Block,ADMIN,1969,759,2,POOR,2020-02-11
12834,3343,Sports Amenities,TOILET_BLOCK,2000,567,1,FAIR,2024-04-18
12835,3343,Sports Hall,GYM,2021,625,2,POOR,2024-02-13
12836,3343,Grounds Shed,STORAGE,2013,51,1,GOOD,2022-07-08
12837,3346,Block E,CLASSROOM,1990,579,1,FAIR,2022-08-30
12838,3346,Main Office,ADMIN,1982,656,2,GOOD,2020-05-23
12839,3346,Junior Toilets,TOILET_BLOCK,1970,139,1,FAIR,2020-02-11
12840,3346,Main Gymnasium,GYM,2001,78,1,POOR,2021-05-06
12841,3346,Changing Rooms,SPORTS_PAVILION,1977,602,1,FAIR,2022-10-07
12842,3347,Senior Block,CLASSROOM,1951,233,1,GOOD,2022-02-03
12843,3347,Main Office,ADMIN,1974,659,2,GOOD,2021-10-22
12844,3347,Junior Toilets,TOILET_BLOCK,1982,321,1,GOOD,2022-06-10
12845,3347,Sports Pavilion,SPORTS_PAVILION,1993,231,1,FAIR,2020-02-22
12846,3347,Performing Arts Centre,HALL,1997,630,1,CRITICAL,2020-02-01
12847,3347,School Library,LIBRARY,1979,389,1,POOR,2021-06-09
12848,3348,Block E,CLASSROOM,1980,464,2,FAIR,2021-04-12
12849,3348,Main Office,ADMIN,1999,489,1,GOOD,2023-07-04
12850,3348,Senior Toilets,TOILET_BLOCK,1968,734,1,FAIR,2021-02-28
12851,3348,Fitness Centre,GYM,1992,54,2,FAIR,2021-04-20
12852,3348,Assembly Hall,HALL,1952,444,1,FAIR,2022-02-10
12853,3352,Technology Block,CLASSROOM,2022,85,1,POOR,2020-01-30
12854,3352,Staff Block,ADMIN,2018,233,1,GOOD,2023-09-25
12855,3352,Staff Facilities,TOILET_BLOCK,1989,257,1,GOOD,2021-08-03
12856,3352,Technology Workshop,WORKSHOP,1997,269,1,GOOD,2022-09-05
12857,3352,Learning Centre,LIBRARY,1986,430,2,POOR,2020-03-17
12858,3354,Arts Block,CLASSROOM,1983,306,1,CRITICAL,2024-11-12
12859,3354,Staff Block,ADMIN,1983,71,2,POOR,2020-08-18
12860,3354,Sports Amenities,TOILET_BLOCK,1951,141,1,POOR,2024-11-29
12861,3357,Junior Block,CLASSROOM,2004,717,1,POOR,2020-03-01
12862,3357,Staff Block,ADMIN,1979,426,1,GOOD,2022-02-18
12863,3357,Senior Toilets,TOILET_BLOCK,1967,662,1,FAIR,2024-11-20
12864,3359,Science Block,CLASSROOM,2009,771,2,FAIR,2020-03-28
12865,3359,Main Office,ADMIN,2000,70,2,POOR,2023-12-28
12866,3359,Sports Amenities,TOILET_BLOCK,1975,743,1,FAIR,2022-07-16
12867,3359,Maintenance Shed,STORAGE,1997,61,1,GOOD,2023-03-15
12868,3361,Block B,CLASSROOM,2004,57,1,FAIR,2020-08-01
12869,3361,Main Office,ADMIN,1963,713,2,FAIR,2024-08-25
12870,3361,Senior Toilets,TOILET_BLOCK,1979,460,1,GOOD,2024-08-15
12871,3361,Grounds Shed,STORAGE,1985,80,1,GOOD,2021-09-27
12872,3363,Senior Block,CLASSROOM,1968,494,2,POOR,2023-03-05
12873,3363,Staff Block,ADMIN,1959,131,1,POOR,2021-12-22
12874,3363,Junior Toilets,TOILET_BLOCK,1976,86,1,FAIR,2020-02-06
12875,3363,Sports Pavilion,SPORTS_PAVILION,2000,613,1,GOOD,2022-11-10
12876,3366,Senior Block,CLASSROOM,2014,477,1,FAIR,2023-06-23
12877,3366,Staff Block,ADMIN,2011,630,2,GOOD,2022-06-17
12878,3366,Staff Facilities,TOILET_BLOCK,1973,234,1,FAIR,2022-05-21
12879,3366,Fitness Centre,GYM,2020,595,2,FAIR,2021-05-01
12880,3366,Learning Centre,LIBRARY,1959,440,2,GOOD,2023-11-10
12881,3366,Sports Pavilion,SPORTS_PAVILION,1967,696,1,GOOD,2020-04-28
12882,3366,Sports Store,STORAGE,1955,74,1,POOR,2020-02-27
12883,3366,Food Technology,WORKSHOP,1956,412,2,FAIR,2020-09-02
12884,3367,Block E,CLASSROOM,1952,737,2,FAIR,2022-02-23
12885,3367,Main Office,ADMIN,1999,180,1,POOR,2024-09-25
12886,3367,Junior Toilets,TOILET_BLOCK,1955,786,1,FAIR,2022-04-30
12887,3367,Main Gymnasium,GYM,2006,638,1,GOOD,2024-02-29
12888,3367,Grounds Shed,STORAGE,1953,65,1,FAIR,2022-08-02
12889,3367,Cricket Pavilion,SPORTS_PAVILION,1962,188,1,FAIR,2022-10-07
12890,3367,Wood Workshop,WORKSHOP,2013,538,2,GOOD,2023-04-01
12891,3367,Resource Centre,LIBRARY,1982,427,1,GOOD,2022-04-19
12892,3368,Science Block,CLASSROOM,2013,199,1,GOOD,2020-01-11
12893,3368,Main Office,ADMIN,1971,785,2,GOOD,2023-05-06
12894,3368,Staff Facilities,TOILET_BLOCK,2013,168,1,FAIR,2022-08-26
12895,3368,Maintenance Shed,STORAGE,1954,47,1,FAIR,2020-04-19
12896,3369,Technology Block,CLASSROOM,1989,614,2,FAIR,2024-08-20
12897,3369,Administration Building,ADMIN,1995,322,2,GOOD,2022-04-12
12898,3369,Junior Toilets,TOILET_BLOCK,1959,679,1,GOOD,2020-09-09
12899,3370,Block B,CLASSROOM,2011,141,2,FAIR,2023-08-19
12900,3370,Staff Block,ADMIN,1997,63,1,POOR,2022-01-01
12901,3370,Staff Facilities,TOILET_BLOCK,2008,474,1,CRITICAL,2020-12-29
12902,3370,Changing Rooms,SPORTS_PAVILION,1963,566,1,POOR,2020-11-18
12903,3370,Fitness Centre,GYM,1987,659,2,GOOD,2023-12-22
12904,3371,Technology Block,CLASSROOM,1994,710,1,FAIR,2022-12-10
12905,3371,Staff Block,ADMIN,1995,688,2,GOOD,2021-03-13
12906,3371,Staff Facilities,TOILET_BLOCK,1979,334,1,FAIR,2023-12-16
12907,3372,Block A,CLASSROOM,1957,515,1,FAIR,2022-08-06
12908,3372,Administration Building,ADMIN,1993,611,2,POOR,2020-08-22
12909,3372,Senior Toilets,TOILET_BLOCK,1990,253,1,POOR,2022-08-11
12910,3372,School Hall,HALL,1994,472,2,GOOD,2023-01-10
12911,3372,Sports Hall,GYM,1975,694,1,GOOD,2022-09-18
12912,3372,School Library,LIBRARY,1955,62,1,POOR,2024-01-21
12913,3372,Maintenance Shed,STORAGE,1962,86,1,FAIR,2022-12-25
12914,3372,Changing Rooms,SPORTS_PAVILION,1959,54,1,FAIR,2020-02-14
12915,3372,Wood Workshop,WORKSHOP,1955,150,2,POOR,2024-04-26
12916,3372,Science Block,CLASSROOM,2005,682,1,FAIR,2020-07-10
12917,3372,Block B,CLASSROOM,1965,712,2,GOOD,2021-04-27
12918,3372,Block B,CLASSROOM,2018,600,2,GOOD,2021-06-27
12919,3373,Technology Block,CLASSROOM,1955,688,1,FAIR,2023-08-31
12920,3373,Administration Building,ADMIN,2014,733,2,POOR,2024-01-27
12921,3373,Junior Toilets,TOILET_BLOCK,2010,500,1,GOOD,2021-04-04
12922,3373,Sports Store,STORAGE,2020,90,1,FAIR,2020-08-17
12923,3373,Changing Rooms,SPORTS_PAVILION,1978,287,1,GOOD,2023-02-09
12924,3373,Performing Arts Centre,HALL,1973,250,2,GOOD,2020-06-04
12925,3373,Resource Centre,LIBRARY,2006,157,2,GOOD,2023-01-11
12926,3373,Sports Hall,GYM,2009,601,2,GOOD,2022-12-20
12927,3375,Junior Block,CLASSROOM,1979,684,1,GOOD,2021-01-03
12928,3375,Staff Block,ADMIN,2005,743,2,FAIR,2020-09-15
12929,3375,Staff Facilities,TOILET_BLOCK,1981,492,1,FAIR,2022-01-06
12930,3375,Learning Centre,LIBRARY,1983,670,1,GOOD,2023-03-16
12931,3376,Block A,CLASSROOM,2009,331,2,GOOD,2021-01-27
12932,3376,Administration Building,ADMIN,1958,478,2,FAIR,2022-09-12
12933,3376,Staff Facilities,TOILET_BLOCK,2022,324,1,FAIR,2020-11-09
12934,3376,Fitness Centre,GYM,1980,362,1,POOR,2022-02-18
12935,3376,Metal Workshop,WORKSHOP,1994,704,2,FAIR,2022-10-23
12936,3379,Arts Block,CLASSROOM,1981,789,1,POOR,2021-05-02
12937,3379,Staff Block,ADMIN,1978,339,2,FAIR,2020-12-27
12938,3379,Sports Amenities,TOILET_BLOCK,1951,395,1,CRITICAL,2022-04-02
12939,3379,Wood Workshop,WORKSHOP,2003,152,2,GOOD,2023-07-16
12940,3379,Main Gymnasium,GYM,1992,773,1,FAIR,2024-04-06
12941,3379,Changing Rooms,SPORTS_PAVILION,1966,384,1,GOOD,2023-08-22
12942,3380,Science Block,CLASSROOM,1956,145,2,GOOD,2022-07-25
12943,3380,Staff Block,ADMIN,1990,99,2,GOOD,2023-12-04
12944,3380,Junior Toilets,TOILET_BLOCK,2017,303,1,POOR,2022-09-29
12945,3380,School Hall,HALL,1985,242,1,GOOD,2022-07-24
12946,3380,Fitness Centre,GYM,2005,544,1,CRITICAL,2021-05-31
12947,3380,Wood Workshop,WORKSHOP,1980,508,1,GOOD,2021-06-06
12948,3380,Resource Centre,LIBRARY,1955,723,2,CRITICAL,2024-09-10
12949,3380,Cricket Pavilion,SPORTS_PAVILION,2014,795,1,FAIR,2024-05-08
12950,3381,Arts Block,CLASSROOM,2017,476,2,FAIR,2022-08-06
12951,3381,Main Office,ADMIN,1966,694,1,POOR,2023-01-03
12952,3381,Junior Toilets,TOILET_BLOCK,1972,394,1,GOOD,2022-04-25
12953,3381,Wood Workshop,WORKSHOP,1989,192,2,POOR,2024-07-28
12954,3381,Changing Rooms,SPORTS_PAVILION,1955,394,1,GOOD,2021-08-09
12955,3384,Block D,CLASSROOM,2006,440,2,GOOD,2021-06-07
12956,3384,Main Office,ADMIN,2019,135,2,GOOD,2021-12-30
12957,3384,Staff Facilities,TOILET_BLOCK,1971,156,1,POOR,2022-05-13
12958,3384,Changing Rooms,SPORTS_PAVILION,1976,545,1,FAIR,2022-03-14
12959,3384,Fitness Centre,GYM,1962,126,1,GOOD,2023-06-27
12960,3385,Block C,CLASSROOM,2020,84,2,CRITICAL,2020-04-23
12961,3385,Administration Building,ADMIN,1966,227,1,GOOD,2020-10-28
12962,3385,Sports Amenities,TOILET_BLOCK,1971,105,1,FAIR,2020-07-26
12963,3385,Sports Hall,GYM,2022,569,1,GOOD,2024-06-04
12964,3385,Assembly Hall,HALL,1951,420,1,FAIR,2020-12-10
12965,3387,Technology Block,CLASSROOM,2006,116,2,FAIR,2020-05-19
12966,3387,Administration Building,ADMIN,2005,232,1,CRITICAL,2021-06-05
12967,3387,Junior Toilets,TOILET_BLOCK,1955,713,1,GOOD,2023-02-07
12968,3387,Technology Workshop,WORKSHOP,1999,691,2,FAIR,2020-11-27
12969,3387,School Library,LIBRARY,2010,505,1,FAIR,2020-10-16
12970,3388,Junior Block,CLASSROOM,1976,458,2,FAIR,2022-08-23
12971,3388,Main Office,ADMIN,1990,659,2,CRITICAL,2022-04-15
12972,3388,Junior Toilets,TOILET_BLOCK,1991,53,1,POOR,2024-08-13
12973,3388,Sports Pavilion,SPORTS_PAVILION,1980,53,1,GOOD,2023-01-07
12974,3388,Equipment Store,STORAGE,1988,62,1,FAIR,2022-02-02
12975,3388,Sports Hall,GYM,1963,506,2,GOOD,2022-10-17
12976,3388,Resource Centre,LIBRARY,1957,758,1,FAIR,2020-07-10
12977,3389,Block B,CLASSROOM,1974,539,2,POOR,2021-08-01
12978,3389,Administration Building,ADMIN,2001,606,2,GOOD,2020-01-05
12979,3389,Staff Facilities,TOILET_BLOCK,2021,139,1,FAIR,2023-03-27
12980,3389,Food Technology,WORKSHOP,2003,120,1,GOOD,2022-06-29
12981,3389,Learning Centre,LIBRARY,1955,766,1,GOOD,2021-05-05
12982,3389,Cricket Pavilion,SPORTS_PAVILION,2004,250,1,GOOD,2022-03-28
12983,3389,Sports Hall,GYM,1985,728,2,GOOD,2021-12-28
12984,3389,Assembly Hall,HALL,1991,450,1,GOOD,2022-04-13
12985,3389,Maintenance Shed,STORAGE,1992,83,1,FAIR,2022-10-31
12986,3391,Science Block,CLASSROOM,1973,643,2,FAIR,2022-08-08
12987,3391,Main Office,ADMIN,1970,509,2,POOR,2021-09-21
12988,3391,Sports Amenities,TOILET_BLOCK,2003,494,1,GOOD,2020-06-30
12989,3391,Cricket Pavilion,SPORTS_PAVILION,1952,403,1,FAIR,2020-02-19
12990,3391,Assembly Hall,HALL,1963,190,2,FAIR,2023-08-01
12991,3392,Block D,CLASSROOM,1950,355,1,FAIR,2023-09-17
12992,3392,Main Office,ADMIN,1952,314,1,POOR,2020-05-22
12993,3392,Junior Toilets,TOILET_BLOCK,1979,266,1,GOOD,2022-02-11
12994,3393,Junior Block,CLASSROOM,1998,514,1,GOOD,2020-11-16
12995,3393,Main Office,ADMIN,1996,332,1,FAIR,2024-12-01
12996,3393,Senior Toilets,TOILET_BLOCK,2014,316,1,FAIR,2021-01-03
12997,3393,Fitness Centre,GYM,1973,194,2,FAIR,2020-11-15
12998,3393,Wood Workshop,WORKSHOP,1977,107,1,FAIR,2022-05-27
12999,3394,Block A,CLASSROOM,1984,465,2,GOOD,2022-10-21
13000,3394,Staff Block,ADMIN,2011,127,1,POOR,2022-06-30
13001,3394,Staff Facilities,TOILET_BLOCK,1967,687,1,POOR,2024-04-12
13002,3394,Learning Centre,LIBRARY,1966,136,1,POOR,2024-06-15
13003,3394,Changing Rooms,SPORTS_PAVILION,1987,241,1,POOR,2021-12-22
13004,3396,Block B,CLASSROOM,1972,208,2,GOOD,2021-08-18
13005,3396,Main Office,ADMIN,2004,755,2,FAIR,2021-02-11
13006,3396,Junior Toilets,TOILET_BLOCK,2017,433,1,POOR,2023-11-13
13007,3396,Maintenance Shed,STORAGE,2018,62,1,FAIR,2020-07-23
13008,3396,School Hall,HALL,1981,312,2,FAIR,2020-05-24
13009,3397,Technology Block,CLASSROOM,2008,555,1,FAIR,2023-10-20
13010,3397,Main Office,ADMIN,2015,309,1,FAIR,2023-06-03
13011,3397,Sports Amenities,TOILET_BLOCK,2012,205,1,POOR,2023-11-15
13012,3398,Science Block,CLASSROOM,2016,272,1,FAIR,2024-10-23
13013,3398,Administration Building,ADMIN,1952,424,2,FAIR,2024-03-30
13014,3398,Senior Toilets,TOILET_BLOCK,1992,155,1,GOOD,2023-06-03
13015,3398,Equipment Store,STORAGE,2017,33,1,GOOD,2021-01-17
13016,3401,Block E,CLASSROOM,2018,296,1,FAIR,2024-09-03
13017,3401,Main Office,ADMIN,1966,70,1,GOOD,2020-04-29
13018,3401,Junior Toilets,TOILET_BLOCK,1989,505,1,FAIR,2020-12-14
13019,3401,Main Gymnasium,GYM,1983,742,2,POOR,2021-02-11
13020,3402,Senior Block,CLASSROOM,1986,319,1,POOR,2020-09-14
13021,3402,Staff Block,ADMIN,1969,154,2,GOOD,2020-07-30
13022,3402,Junior Toilets,TOILET_BLOCK,1957,776,1,GOOD,2020-10-11
13023,3406,Block B,CLASSROOM,1957,161,1,GOOD,2021-11-11
13024,3406,Main Office,ADMIN,1980,140,2,GOOD,2022-10-30
13025,3406,Senior Toilets,TOILET_BLOCK,1995,735,1,GOOD,2020-06-19
13026,3407,Block C,CLASSROOM,1995,419,1,FAIR,2024-09-26
13027,3407,Staff Block,ADMIN,1968,474,2,GOOD,2023-12-26
13028,3407,Senior Toilets,TOILET_BLOCK,1962,702,1,FAIR,2021-12-11
13029,3410,Block C,CLASSROOM,1951,797,1,FAIR,2020-02-28
13030,3410,Main Office,ADMIN,1995,606,2,POOR,2021-01-15
13031,3410,Staff Facilities,TOILET_BLOCK,1974,507,1,POOR,2021-04-22
13032,3410,Equipment Store,STORAGE,1958,62,1,FAIR,2022-01-21
13033,3410,Cricket Pavilion,SPORTS_PAVILION,1972,214,1,GOOD,2024-06-28
13034,3410,Assembly Hall,HALL,1950,549,2,GOOD,2023-01-11
13035,3410,Food Technology,WORKSHOP,1985,406,1,POOR,2023-03-07
13036,3411,Block C,CLASSROOM,1979,689,2,GOOD,2022-09-29
13037,3411,Staff Block,ADMIN,1993,468,1,POOR,2023-03-05
13038,3411,Sports Amenities,TOILET_BLOCK,1963,170,1,FAIR,2021-03-15
13039,3411,Resource Centre,LIBRARY,2004,208,2,FAIR,2024-04-17
13040,3411,Food Technology,WORKSHOP,1972,781,2,FAIR,2024-09-28
13041,3412,Technology Block,CLASSROOM,1979,652,2,CRITICAL,2021-06-13
13042,3412,Administration Building,ADMIN,1950,289,2,GOOD,2023-05-19
13043,3412,Sports Amenities,TOILET_BLOCK,1950,695,1,POOR,2020-03-29
13044,3412,Assembly Hall,HALL,1977,647,2,FAIR,2021-08-21
13045,3412,School Library,LIBRARY,2016,673,2,FAIR,2021-04-01
13046,3412,Technology Workshop,WORKSHOP,1966,453,2,GOOD,2020-08-10
13047,3412,Sports Hall,GYM,2019,88,2,GOOD,2022-08-26
13048,3412,Sports Pavilion,SPORTS_PAVILION,2015,265,1,GOOD,2022-11-07
13049,3412,Maintenance Shed,STORAGE,1978,32,1,GOOD,2023-03-09
13050,3413,Arts Block,CLASSROOM,1973,165,2,FAIR,2021-06-27
13051,3413,Administration Building,ADMIN,1954,694,1,POOR,2022-07-10
13052,3413,Staff Facilities,TOILET_BLOCK,1955,146,1,GOOD,2020-10-18
13053,3413,Technology Workshop,WORKSHOP,1985,188,1,FAIR,2020-02-20
13054,3413,Grounds Shed,STORAGE,1989,53,1,GOOD,2021-07-01
13055,3415,Arts Block,CLASSROOM,2022,633,1,FAIR,2024-04-03
13056,3415,Administration Building,ADMIN,2000,475,1,POOR,2021-10-10
13057,3415,Staff Facilities,TOILET_BLOCK,2018,437,1,GOOD,2021-08-08
13058,3415,Changing Rooms,SPORTS_PAVILION,1989,558,1,POOR,2023-02-17
13059,3415,Metal Workshop,WORKSHOP,1957,356,1,FAIR,2024-06-01
13060,3418,Senior Block,CLASSROOM,1978,276,2,GOOD,2020-11-05
13061,3418,Staff Block,ADMIN,2007,431,1,GOOD,2023-09-03
13062,3418,Junior Toilets,TOILET_BLOCK,2021,696,1,FAIR,2021-10-07
13063,3418,Changing Rooms,SPORTS_PAVILION,1953,759,1,GOOD,2021-01-29
13064,3419,Senior Block,CLASSROOM,2017,352,2,FAIR,2023-01-11
13065,3419,Staff Block,ADMIN,1959,658,1,GOOD,2024-03-13
13066,3419,Junior Toilets,TOILET_BLOCK,2021,493,1,FAIR,2023-07-13
13067,3419,Metal Workshop,WORKSHOP,2013,55,1,FAIR,2024-10-13
13068,3419,Assembly Hall,HALL,1997,567,1,FAIR,2022-11-24
13069,3425,Block E,CLASSROOM,1995,71,2,FAIR,2024-11-20
13070,3425,Main Office,ADMIN,1972,410,1,GOOD,2021-08-25
13071,3425,Junior Toilets,TOILET_BLOCK,1969,73,1,GOOD,2024-06-22
13072,3425,Fitness Centre,GYM,1977,329,2,FAIR,2023-02-17
13073,3425,Performing Arts Centre,HALL,2013,591,1,GOOD,2021-06-29
13074,3425,Sports Pavilion,SPORTS_PAVILION,2009,71,1,POOR,2024-04-23
13075,3425,Sports Store,STORAGE,2012,80,1,GOOD,2021-10-12
13076,3425,Resource Centre,LIBRARY,1998,488,2,GOOD,2023-01-08
13077,3426,Arts Block,CLASSROOM,1974,176,2,GOOD,2021-11-12
13078,3426,Staff Block,ADMIN,1965,65,2,FAIR,2021-04-22
13079,3426,Junior Toilets,TOILET_BLOCK,1983,693,1,FAIR,2020-10-22
13080,3426,Sports Store,STORAGE,1954,74,1,POOR,2024-10-08
13081,3429,Block A,CLASSROOM,1993,369,1,FAIR,2021-07-05
13082,3429,Administration Building,ADMIN,2009,230,1,GOOD,2024-10-30
13083,3429,Staff Facilities,TOILET_BLOCK,1993,57,1,GOOD,2020-10-02
13084,3429,Performing Arts Centre,HALL,1987,673,1,FAIR,2021-07-26
13085,3429,Resource Centre,LIBRARY,1989,189,1,FAIR,2023-03-25
13086,3429,Main Gymnasium,GYM,1969,664,1,GOOD,2023-09-08
13087,3429,Sports Store,STORAGE,1969,72,1,CRITICAL,2020-12-08
13088,3429,Food Technology,WORKSHOP,2011,57,2,FAIR,2023-12-21
13089,3429,Changing Rooms,SPORTS_PAVILION,2018,493,1,GOOD,2023-04-26
13090,3432,Block E,CLASSROOM,1962,313,1,GOOD,2021-03-12
13091,3432,Main Office,ADMIN,1993,511,1,GOOD,2023-05-12
13092,3432,Staff Facilities,TOILET_BLOCK,1987,444,1,GOOD,2023-09-04
13093,3432,Food Technology,WORKSHOP,1967,395,1,GOOD,2021-08-20
13094,3434,Technology Block,CLASSROOM,1963,359,1,GOOD,2021-04-14
13095,3434,Main Office,ADMIN,2002,101,2,FAIR,2022-09-01
13096,3434,Sports Amenities,TOILET_BLOCK,2022,235,1,FAIR,2022-01-10
13097,3434,Cricket Pavilion,SPORTS_PAVILION,2006,472,1,FAIR,2024-06-19
13098,3434,Sports Store,STORAGE,1984,82,1,GOOD,2022-06-01
13099,3434,School Library,LIBRARY,1985,569,2,POOR,2022-12-01
13100,3436,Block D,CLASSROOM,1953,141,1,POOR,2021-03-06
13101,3436,Administration Building,ADMIN,1990,545,2,POOR,2023-07-14
13102,3436,Sports Amenities,TOILET_BLOCK,2004,621,1,GOOD,2020-06-04
13103,3436,Assembly Hall,HALL,2019,578,1,GOOD,2021-06-25
13104,3436,Changing Rooms,SPORTS_PAVILION,2018,779,1,GOOD,2023-06-24
13105,3436,Learning Centre,LIBRARY,2002,365,2,POOR,2020-07-11
13106,3436,Wood Workshop,WORKSHOP,1975,121,1,FAIR,2023-10-09
13107,3436,Equipment Store,STORAGE,1983,31,1,FAIR,2023-09-30
13108,3441,Arts Block,CLASSROOM,2018,637,1,FAIR,2022-10-19
13109,3441,Administration Building,ADMIN,1960,298,1,FAIR,2021-02-05
13110,3441,Junior Toilets,TOILET_BLOCK,1950,77,1,GOOD,2023-11-25
13111,3441,Changing Rooms,SPORTS_PAVILION,1970,721,1,GOOD,2020-11-10
13112,3442,Block B,CLASSROOM,1980,718,2,GOOD,2024-08-25
13113,3442,Administration Building,ADMIN,1979,676,1,GOOD,2022-04-14
13114,3442,Senior Toilets,TOILET_BLOCK,1953,534,1,GOOD,2024-05-29
13115,3442,Main Gymnasium,GYM,1979,52,2,FAIR,2021-07-31
13116,3442,Food Technology,WORKSHOP,1953,403,1,FAIR,2023-06-05
13117,3443,Block D,CLASSROOM,1978,420,2,FAIR,2022-01-18
13118,3443,Administration Building,ADMIN,1995,338,1,GOOD,2023-03-18
13119,3443,Senior Toilets,TOILET_BLOCK,1950,285,1,FAIR,2021-04-07
13120,3443,Metal Workshop,WORKSHOP,2013,333,1,FAIR,2022-03-13
13121,3443,Sports Store,STORAGE,2002,88,1,POOR,2023-04-21
13122,3443,Fitness Centre,GYM,1965,571,2,GOOD,2023-04-28
13123,3445,Block C,CLASSROOM,1996,390,1,GOOD,2022-08-13
13124,3445,Administration Building,ADMIN,2005,504,2,POOR,2021-01-09
13125,3445,Staff Facilities,TOILET_BLOCK,1976,206,1,FAIR,2021-08-26
13126,3447,Science Block,CLASSROOM,1954,572,1,POOR,2021-01-06
13127,3447,Staff Block,ADMIN,1986,153,2,FAIR,2023-10-14
13128,3447,Senior Toilets,TOILET_BLOCK,2007,620,1,GOOD,2024-03-03
13129,3449,Block B,CLASSROOM,1956,68,1,GOOD,2020-03-24
13130,3449,Administration Building,ADMIN,1985,501,2,GOOD,2020-01-30
13131,3449,Junior Toilets,TOILET_BLOCK,1963,660,1,GOOD,2020-07-31
13132,3449,Food Technology,WORKSHOP,2002,121,2,FAIR,2024-02-15
13133,3449,Learning Centre,LIBRARY,1960,262,1,GOOD,2024-10-04
13134,3450,Block E,CLASSROOM,1969,220,1,GOOD,2024-01-05
13135,3450,Main Office,ADMIN,2016,76,2,GOOD,2020-06-20
13136,3450,Staff Facilities,TOILET_BLOCK,2017,163,1,POOR,2023-02-18
13137,3450,Metal Workshop,WORKSHOP,1952,767,2,GOOD,2022-08-18
13138,3450,School Library,LIBRARY,1991,125,2,GOOD,2022-01-10
13139,3450,Sports Pavilion,SPORTS_PAVILION,2003,129,1,GOOD,2023-09-20
13140,3450,Sports Hall,GYM,2008,756,1,GOOD,2022-09-24
13141,3450,Equipment Store,STORAGE,1958,39,1,GOOD,2021-06-24
13142,3451,Block B,CLASSROOM,2012,454,2,GOOD,2021-01-13
13143,3451,Administration Building,ADMIN,2013,474,2,GOOD,2022-12-21
13144,3451,Senior Toilets,TOILET_BLOCK,2008,666,1,GOOD,2024-09-16
13145,3451,Resource Centre,LIBRARY,2019,248,1,FAIR,2023-06-03
13146,3451,Cricket Pavilion,SPORTS_PAVILION,1982,488,1,GOOD,2020-07-02
13147,3452,Block B,CLASSROOM,2008,363,2,GOOD,2023-05-23
13148,3452,Administration Building,ADMIN,1989,229,2,POOR,2023-11-09
13149,3452,Sports Amenities,TOILET_BLOCK,2019,182,1,FAIR,2020-02-27
13150,3452,Performing Arts Centre,HALL,1957,746,2,CRITICAL,2021-03-09
13151,3454,Senior Block,CLASSROOM,1987,82,1,GOOD,2023-06-30
13152,3454,Administration Building,ADMIN,1968,535,2,FAIR,2022-09-23
13153,3454,Staff Facilities,TOILET_BLOCK,1995,144,1,GOOD,2022-07-02
13154,3454,Assembly Hall,HALL,1969,369,1,GOOD,2021-06-08
13155,3454,Maintenance Shed,STORAGE,1997,95,1,FAIR,2022-06-01
13156,3455,Senior Block,CLASSROOM,2022,780,2,POOR,2023-07-12
13157,3455,Administration Building,ADMIN,1967,396,2,GOOD,2023-10-16
13158,3455,Staff Facilities,TOILET_BLOCK,2006,345,1,POOR,2021-09-07
13159,3455,Metal Workshop,WORKSHOP,1980,107,1,POOR,2024-02-27
13160,3455,Performing Arts Centre,HALL,1965,397,1,FAIR,2024-09-25
13161,3455,Sports Hall,GYM,1992,112,1,POOR,2021-12-27
13162,3461,Block B,CLASSROOM,2009,634,1,FAIR,2020-05-25
13163,3461,Staff Block,ADMIN,1957,452,1,GOOD,2020-07-19
13164,3461,Sports Amenities,TOILET_BLOCK,1951,520,1,FAIR,2021-10-20
13165,3461,Wood Workshop,WORKSHOP,1991,766,2,FAIR,2023-01-04
13166,3461,Sports Store,STORAGE,1978,90,1,POOR,2020-12-07
13167,3461,Performing Arts Centre,HALL,2010,269,1,POOR,2024-08-19
13168,3461,Changing Rooms,SPORTS_PAVILION,2019,664,1,GOOD,2023-01-19
13169,3462,Block D,CLASSROOM,1973,779,1,FAIR,2021-11-05
13170,3462,Staff Block,ADMIN,2006,423,2,FAIR,2021-12-28
13171,3462,Staff Facilities,TOILET_BLOCK,1970,178,1,FAIR,2020-01-16
13172,3462,Performing Arts Centre,HALL,1974,547,1,FAIR,2021-07-14
13173,3463,Technology Block,CLASSROOM,2021,481,1,FAIR,2023-04-29
13174,3463,Main Office,ADMIN,1959,584,1,FAIR,2022-07-28
13175,3463,Staff Facilities,TOILET_BLOCK,2013,200,1,POOR,2021-05-24
13176,3463,Changing Rooms,SPORTS_PAVILION,1969,193,1,FAIR,2023-12-27
13177,3463,School Library,LIBRARY,1991,563,1,FAIR,2022-08-27
13178,3464,Senior Block,CLASSROOM,1986,536,2,GOOD,2021-07-15
13179,3464,Main Office,ADMIN,2011,310,1,GOOD,2024-01-12
13180,3464,Junior Toilets,TOILET_BLOCK,1992,249,1,GOOD,2024-10-15
13181,3466,Block A,CLASSROOM,1984,435,2,FAIR,2023-11-11
13182,3466,Staff Block,ADMIN,2011,280,1,FAIR,2021-11-01
13183,3466,Junior Toilets,TOILET_BLOCK,2007,444,1,POOR,2024-07-23
13184,3466,School Library,LIBRARY,1988,507,1,GOOD,2021-07-19
13185,3466,Fitness Centre,GYM,1950,537,2,CRITICAL,2022-02-16
13186,3466,Cricket Pavilion,SPORTS_PAVILION,1981,225,1,GOOD,2020-01-19
13187,3466,Sports Store,STORAGE,1973,35,1,CRITICAL,2024-02-18
13188,3467,Science Block,CLASSROOM,1987,688,2,FAIR,2020-10-21
13189,3467,Staff Block,ADMIN,2014,324,1,GOOD,2024-01-25
13190,3467,Sports Amenities,TOILET_BLOCK,1990,203,1,FAIR,2023-01-17
13191,3467,Sports Store,STORAGE,1957,42,1,GOOD,2022-02-20
13192,3467,Learning Centre,LIBRARY,1985,320,1,FAIR,2024-11-10
13193,3467,School Hall,HALL,1987,60,1,GOOD,2023-01-25
13194,3467,Sports Hall,GYM,1992,372,2,POOR,2024-07-19
13195,3470,Block C,CLASSROOM,1961,574,2,GOOD,2021-12-26
13196,3470,Main Office,ADMIN,1995,174,2,GOOD,2020-04-18
13197,3470,Sports Amenities,TOILET_BLOCK,1983,733,1,POOR,2022-10-03
13198,3470,Fitness Centre,GYM,1999,645,2,FAIR,2022-07-06
13199,3470,Technology Workshop,WORKSHOP,1992,687,2,POOR,2022-05-04
13200,3470,Resource Centre,LIBRARY,1950,575,1,GOOD,2024-11-24
13201,3470,Grounds Shed,STORAGE,1986,73,1,POOR,2020-05-10
13202,3472,Technology Block,CLASSROOM,1970,676,1,POOR,2023-06-02
13203,3472,Administration Building,ADMIN,1966,146,2,FAIR,2022-11-05
13204,3472,Senior Toilets,TOILET_BLOCK,1976,390,1,POOR,2024-06-17
13205,3472,Sports Store,STORAGE,1981,32,1,FAIR,2020-12-23
13206,3472,Food Technology,WORKSHOP,1982,570,2,FAIR,2020-12-07
13207,3476,Arts Block,CLASSROOM,1967,717,1,FAIR,2024-01-15
13208,3476,Staff Block,ADMIN,1974,763,2,FAIR,2024-11-25
13209,3476,Staff Facilities,TOILET_BLOCK,1980,443,1,FAIR,2020-05-03
13210,3476,Grounds Shed,STORAGE,1985,93,1,CRITICAL,2023-04-22
13211,3477,Junior Block,CLASSROOM,1967,79,1,CRITICAL,2021-11-09
13212,3477,Main Office,ADMIN,1984,166,1,POOR,2023-01-22
13213,3477,Junior Toilets,TOILET_BLOCK,1952,238,1,CRITICAL,2020-11-02
13214,3477,Resource Centre,LIBRARY,1978,291,1,FAIR,2023-03-11
13215,3477,Fitness Centre,GYM,2015,641,2,FAIR,2022-11-14
13216,3477,Equipment Store,STORAGE,1997,39,1,GOOD,2020-03-29
13217,3477,School Hall,HALL,2007,471,1,GOOD,2021-07-08
13218,3477,Food Technology,WORKSHOP,1983,718,1,POOR,2021-05-19
13219,3478,Block A,CLASSROOM,1964,213,1,GOOD,2022-10-01
13220,3478,Staff Block,ADMIN,2009,119,1,FAIR,2022-03-09
13221,3478,Senior Toilets,TOILET_BLOCK,2022,168,1,GOOD,2024-06-05
13222,3478,School Hall,HALL,2005,130,1,GOOD,2020-12-02
13223,3478,Grounds Shed,STORAGE,1986,58,1,POOR,2024-01-20
13224,3478,Sports Hall,GYM,1975,269,2,CRITICAL,2021-02-21
13225,3478,Learning Centre,LIBRARY,1995,735,1,GOOD,2023-11-02
13226,3478,Cricket Pavilion,SPORTS_PAVILION,1982,686,1,GOOD,2024-08-02
13227,3478,Metal Workshop,WORKSHOP,1954,436,1,GOOD,2021-02-20
13228,3478,Block B,CLASSROOM,1966,369,1,GOOD,2023-10-07
13229,3478,Senior Block,CLASSROOM,2012,423,2,FAIR,2022-02-02
13230,3478,Arts Block,CLASSROOM,2002,483,1,GOOD,2020-04-18
13231,3479,Technology Block,CLASSROOM,1994,787,1,GOOD,2024-06-22
13232,3479,Staff Block,ADMIN,1955,584,1,GOOD,2020-05-25
13233,3479,Sports Amenities,TOILET_BLOCK,1975,533,1,POOR,2023-01-22
13234,3479,Sports Pavilion,SPORTS_PAVILION,2015,357,1,GOOD,2023-03-20
13235,3479,Grounds Shed,STORAGE,1991,83,1,FAIR,2023-01-02
13236,3479,Performing Arts Centre,HALL,2002,673,2,GOOD,2020-01-08
13237,3479,Resource Centre,LIBRARY,1997,545,1,GOOD,2021-03-17
13238,3480,Arts Block,CLASSROOM,2018,130,2,GOOD,2020-10-11
13239,3480,Main Office,ADMIN,1952,160,1,GOOD,2020-08-30
13240,3480,Sports Amenities,TOILET_BLOCK,1970,235,1,GOOD,2024-10-28
13241,3481,Block D,CLASSROOM,1982,211,2,POOR,2021-02-27
13242,3481,Staff Block,ADMIN,1983,205,1,FAIR,2020-12-05
13243,3481,Sports Amenities,TOILET_BLOCK,1985,566,1,CRITICAL,2021-07-20
13244,3481,Changing Rooms,SPORTS_PAVILION,1971,178,1,GOOD,2022-07-03
13245,3481,Grounds Shed,STORAGE,1955,55,1,FAIR,2020-05-09
13246,3481,Wood Workshop,WORKSHOP,1974,240,2,FAIR,2024-11-13
13247,3481,School Library,LIBRARY,2002,505,1,FAIR,2024-07-27
13248,3483,Junior Block,CLASSROOM,1966,208,2,FAIR,2023-07-13
13249,3483,Administration Building,ADMIN,1956,505,2,GOOD,2022-08-16
13250,3483,Junior Toilets,TOILET_BLOCK,1967,755,1,GOOD,2023-10-14
13251,3483,Fitness Centre,GYM,1970,228,2,GOOD,2022-06-19
13252,3483,Assembly Hall,HALL,2016,787,2,GOOD,2022-10-15
13253,3483,Cricket Pavilion,SPORTS_PAVILION,1961,162,1,FAIR,2020-01-13
13254,3483,Wood Workshop,WORKSHOP,1976,126,1,POOR,2020-04-13
13255,3483,Sports Store,STORAGE,2015,84,1,FAIR,2024-01-14
13256,3484,Block E,CLASSROOM,1994,380,1,GOOD,2023-04-24
13257,3484,Staff Block,ADMIN,2002,338,1,POOR,2023-10-25
13258,3484,Staff Facilities,TOILET_BLOCK,2005,549,1,FAIR,2020-11-22
13259,3484,School Hall,HALL,1993,730,2,GOOD,2020-09-18
13260,3484,Fitness Centre,GYM,1986,499,2,GOOD,2022-05-09
13261,3484,Changing Rooms,SPORTS_PAVILION,1951,483,1,GOOD,2023-12-21
13262,3484,Food Technology,WORKSHOP,1977,439,1,GOOD,2024-07-03
13263,3484,Learning Centre,LIBRARY,2022,296,1,GOOD,2022-07-18
13264,3485,Block B,CLASSROOM,1988,303,1,GOOD,2021-04-11
13265,3485,Administration Building,ADMIN,1978,634,2,GOOD,2021-10-27
13266,3485,Senior Toilets,TOILET_BLOCK,1987,768,1,FAIR,2021-03-31
13267,3485,Metal Workshop,WORKSHOP,1988,611,2,POOR,2023-02-23
13268,3485,Sports Hall,GYM,1958,89,2,FAIR,2023-11-01
13269,3485,Resource Centre,LIBRARY,1951,501,2,CRITICAL,2020-09-10
13270,3488,Arts Block,CLASSROOM,2000,439,2,POOR,2020-11-21
13271,3488,Staff Block,ADMIN,1960,729,1,POOR,2023-12-01
13272,3488,Sports Amenities,TOILET_BLOCK,1990,632,1,GOOD,2023-07-07
13273,3488,Resource Centre,LIBRARY,1985,495,2,FAIR,2022-03-15
13274,3488,School Hall,HALL,1983,397,1,FAIR,2022-01-31
13275,3488,Main Gymnasium,GYM,1988,686,1,GOOD,2024-06-02
13276,3488,Changing Rooms,SPORTS_PAVILION,2019,743,1,POOR,2023-10-29
13277,3488,Maintenance Shed,STORAGE,2015,86,1,POOR,2021-09-04
13278,3489,Senior Block,CLASSROOM,1993,576,2,GOOD,2022-08-30
13279,3489,Administration Building,ADMIN,2014,172,1,FAIR,2020-09-12
13280,3489,Sports Amenities,TOILET_BLOCK,1971,394,1,POOR,2024-08-26
13281,3489,Fitness Centre,GYM,1989,508,2,FAIR,2024-05-10
13282,3489,Changing Rooms,SPORTS_PAVILION,1972,608,1,FAIR,2020-06-04
13283,3490,Science Block,CLASSROOM,2007,401,2,GOOD,2024-01-01
13284,3490,Administration Building,ADMIN,2008,710,1,FAIR,2024-10-27
13285,3490,Senior Toilets,TOILET_BLOCK,1962,67,1,GOOD,2022-01-28
13286,3492,Block D,CLASSROOM,1962,472,1,POOR,2023-06-10
13287,3492,Administration Building,ADMIN,1980,552,1,GOOD,2023-06-15
13288,3492,Staff Facilities,TOILET_BLOCK,1956,146,1,FAIR,2023-11-22
13289,3492,School Hall,HALL,2008,362,2,POOR,2021-04-14
13290,3492,Grounds Shed,STORAGE,2002,56,1,FAIR,2022-08-02
13291,3493,Block A,CLASSROOM,2000,742,2,GOOD,2022-12-03
13292,3493,Administration Building,ADMIN,1959,750,1,FAIR,2023-09-18
13293,3493,Sports Amenities,TOILET_BLOCK,1987,90,1,GOOD,2020-10-03
13294,3493,Grounds Shed,STORAGE,2022,53,1,POOR,2022-11-08
13295,3493,School Library,LIBRARY,1956,751,1,POOR,2021-04-06
13296,3493,Sports Hall,GYM,1996,188,2,POOR,2023-07-07
13297,3493,School Hall,HALL,1998,636,1,FAIR,2022-11-26
13298,3495,Block B,CLASSROOM,2014,708,2,POOR,2022-01-26
13299,3495,Staff Block,ADMIN,1984,167,1,POOR,2023-05-25
13300,3495,Sports Amenities,TOILET_BLOCK,1952,176,1,GOOD,2020-11-08
13301,3495,Fitness Centre,GYM,2014,544,2,POOR,2023-10-27
13302,3495,Sports Pavilion,SPORTS_PAVILION,1970,550,1,GOOD,2021-07-21
13303,3496,Senior Block,CLASSROOM,2022,397,2,GOOD,2022-12-05
13304,3496,Main Office,ADMIN,1962,422,2,GOOD,2024-06-30
13305,3496,Junior Toilets,TOILET_BLOCK,1997,566,1,GOOD,2024-07-05
13306,3496,Assembly Hall,HALL,1988,265,2,FAIR,2023-08-29
13307,3496,Sports Store,STORAGE,1997,81,1,GOOD,2022-05-13
13308,3496,Wood Workshop,WORKSHOP,1980,735,2,GOOD,2020-07-02
13309,3496,Resource Centre,LIBRARY,1956,126,2,GOOD,2022-02-14
13310,3496,Sports Hall,GYM,1998,596,2,FAIR,2022-07-30
13311,3498,Technology Block,CLASSROOM,2022,442,1,GOOD,2021-12-24
13312,3498,Administration Building,ADMIN,2003,273,2,POOR,2022-01-27
13313,3498,Staff Facilities,TOILET_BLOCK,2020,700,1,GOOD,2022-09-12
13314,3498,Performing Arts Centre,HALL,2020,344,2,FAIR,2020-07-24
13315,3498,Sports Store,STORAGE,1966,54,1,GOOD,2020-04-21
13316,3501,Senior Block,CLASSROOM,2015,200,2,GOOD,2024-04-02
13317,3501,Administration Building,ADMIN,2008,226,2,CRITICAL,2023-08-19
13318,3501,Sports Amenities,TOILET_BLOCK,1979,236,1,GOOD,2022-11-16
13319,3501,Cricket Pavilion,SPORTS_PAVILION,1995,265,1,FAIR,2024-06-08
13320,3502,Block C,CLASSROOM,1985,66,1,GOOD,2020-04-14
13321,3502,Staff Block,ADMIN,1971,533,2,FAIR,2021-06-23
13322,3502,Senior Toilets,TOILET_BLOCK,1958,111,1,GOOD,2020-03-23
13323,3502,Food Technology,WORKSHOP,2013,647,1,CRITICAL,2020-08-28
13324,3503,Block E,CLASSROOM,2018,659,2,POOR,2021-02-07
13325,3503,Administration Building,ADMIN,1997,717,1,CRITICAL,2024-09-24
13326,3503,Senior Toilets,TOILET_BLOCK,1968,223,1,POOR,2024-06-30
13327,3503,Assembly Hall,HALL,1987,591,2,POOR,2020-03-02
13328,3504,Science Block,CLASSROOM,2008,425,1,GOOD,2023-05-24
13329,3504,Administration Building,ADMIN,1987,531,1,FAIR,2021-01-11
13330,3504,Junior Toilets,TOILET_BLOCK,2012,658,1,GOOD,2022-11-30
13331,3504,Learning Centre,LIBRARY,1975,544,1,GOOD,2020-03-02
13332,3504,Fitness Centre,GYM,1969,770,1,POOR,2020-05-02
13333,3504,Wood Workshop,WORKSHOP,1999,392,2,FAIR,2020-08-26
13334,3504,Sports Pavilion,SPORTS_PAVILION,1969,415,1,FAIR,2020-08-15
13335,3505,Block C,CLASSROOM,1955,165,1,GOOD,2024-09-27
13336,3505,Administration Building,ADMIN,1999,258,2,GOOD,2021-04-01
13337,3505,Senior Toilets,TOILET_BLOCK,1978,465,1,GOOD,2023-03-05
13338,3505,Cricket Pavilion,SPORTS_PAVILION,2013,772,1,GOOD,2024-09-10
13339,3505,Fitness Centre,GYM,1982,451,1,FAIR,2023-03-08
13340,3505,Metal Workshop,WORKSHOP,1992,665,2,FAIR,2020-01-24
13341,3505,Performing Arts Centre,HALL,1976,710,1,GOOD,2021-04-04
13342,3506,Block C,CLASSROOM,1950,65,2,GOOD,2020-02-02
13343,3506,Staff Block,ADMIN,1979,323,2,FAIR,2023-06-19
13344,3506,Junior Toilets,TOILET_BLOCK,1973,557,1,GOOD,2024-05-25
13345,3506,Changing Rooms,SPORTS_PAVILION,1990,148,1,FAIR,2021-12-17
13346,3506,Wood Workshop,WORKSHOP,1953,543,1,POOR,2022-01-06
13347,3506,Maintenance Shed,STORAGE,2001,90,1,FAIR,2024-08-14
13348,3506,Learning Centre,LIBRARY,1998,723,1,POOR,2022-08-26
13349,3506,Fitness Centre,GYM,1980,640,2,FAIR,2023-09-28
13350,3506,Assembly Hall,HALL,2019,199,2,FAIR,2024-07-28
13351,3506,Junior Block,CLASSROOM,1953,534,2,POOR,2022-05-29
13352,3506,Science Block,CLASSROOM,1967,262,2,POOR,2021-06-14
13353,3507,Block D,CLASSROOM,2015,736,2,CRITICAL,2023-12-16
13354,3507,Main Office,ADMIN,1971,708,1,FAIR,2023-12-13
13355,3507,Sports Amenities,TOILET_BLOCK,1976,308,1,GOOD,2023-03-15
13356,3507,Sports Pavilion,SPORTS_PAVILION,1982,548,1,GOOD,2020-12-02
13357,3507,Learning Centre,LIBRARY,2012,333,1,GOOD,2022-01-28
13358,3507,Wood Workshop,WORKSHOP,1997,203,1,GOOD,2021-01-21
13359,3507,Sports Hall,GYM,1950,78,2,FAIR,2023-04-13
13360,3508,Block B,CLASSROOM,2021,549,2,GOOD,2020-02-27
13361,3508,Main Office,ADMIN,2005,508,1,FAIR,2022-03-05
13362,3508,Junior Toilets,TOILET_BLOCK,1981,226,1,POOR,2020-08-10
13363,3508,Fitness Centre,GYM,1953,191,2,FAIR,2021-01-21
13364,3508,Assembly Hall,HALL,1996,466,2,GOOD,2020-03-11
13365,3509,Senior Block,CLASSROOM,2009,730,2,GOOD,2021-06-13
13366,3509,Administration Building,ADMIN,1972,757,1,GOOD,2022-04-30
13367,3509,Sports Amenities,TOILET_BLOCK,2019,693,1,FAIR,2020-03-04
13368,3509,Sports Hall,GYM,1982,228,2,FAIR,2020-02-11
13369,3509,Cricket Pavilion,SPORTS_PAVILION,1998,649,1,FAIR,2023-05-08
13370,3510,Block E,CLASSROOM,1989,351,2,FAIR,2024-11-09
13371,3510,Staff Block,ADMIN,1974,97,1,FAIR,2024-05-26
13372,3510,Staff Facilities,TOILET_BLOCK,1991,735,1,GOOD,2023-06-30
13373,3510,Sports Store,STORAGE,2018,20,1,POOR,2024-09-28
13374,3510,Metal Workshop,WORKSHOP,2020,79,2,POOR,2021-12-10
13375,3510,Sports Hall,GYM,1966,765,1,GOOD,2024-04-24
13376,3510,Resource Centre,LIBRARY,1977,374,1,GOOD,2024-09-02
13377,3510,Changing Rooms,SPORTS_PAVILION,1982,100,1,GOOD,2022-05-03
13378,3512,Senior Block,CLASSROOM,2005,401,2,POOR,2022-01-06
13379,3512,Staff Block,ADMIN,1997,259,2,GOOD,2024-03-17
13380,3512,Sports Amenities,TOILET_BLOCK,1982,77,1,GOOD,2023-09-11
13381,3512,Metal Workshop,WORKSHOP,2002,716,1,FAIR,2020-02-20
13382,3512,Changing Rooms,SPORTS_PAVILION,1958,701,1,FAIR,2021-02-18
13383,3512,Maintenance Shed,STORAGE,1957,60,1,GOOD,2024-02-02
13384,3512,School Library,LIBRARY,1992,537,1,GOOD,2022-10-30
13385,3515,Block D,CLASSROOM,2022,83,1,GOOD,2020-04-26
13386,3515,Administration Building,ADMIN,2007,719,2,GOOD,2021-06-09
13387,3515,Junior Toilets,TOILET_BLOCK,2006,304,1,FAIR,2022-03-09
13388,3515,Metal Workshop,WORKSHOP,1965,216,1,FAIR,2022-11-24
13389,3516,Block D,CLASSROOM,1955,507,2,GOOD,2023-03-17
13390,3516,Staff Block,ADMIN,1974,443,1,POOR,2024-10-20
13391,3516,Senior Toilets,TOILET_BLOCK,1979,711,1,POOR,2022-08-28
13392,3516,Sports Store,STORAGE,2018,89,1,GOOD,2020-07-23
13393,3516,Cricket Pavilion,SPORTS_PAVILION,1989,355,1,FAIR,2021-02-09
13394,3516,Resource Centre,LIBRARY,1976,400,1,GOOD,2020-01-14
13395,3517,Block E,CLASSROOM,2001,567,2,POOR,2022-11-21
13396,3517,Staff Block,ADMIN,1969,696,2,GOOD,2024-08-08
13397,3517,Staff Facilities,TOILET_BLOCK,1981,621,1,FAIR,2021-01-24
13398,3518,Block C,CLASSROOM,2005,411,1,FAIR,2022-08-23
13399,3518,Administration Building,ADMIN,1974,299,1,GOOD,2023-01-26
13400,3518,Junior Toilets,TOILET_BLOCK,1950,569,1,POOR,2022-10-03
13401,3518,Grounds Shed,STORAGE,1957,97,1,CRITICAL,2021-05-06
13402,3518,Sports Hall,GYM,1956,645,1,GOOD,2022-09-08
13403,3518,Learning Centre,LIBRARY,1955,603,1,GOOD,2020-03-01
13404,3518,Changing Rooms,SPORTS_PAVILION,1966,778,1,FAIR,2023-02-14
13405,3518,School Hall,HALL,1977,747,1,GOOD,2023-09-07
13406,3518,Wood Workshop,WORKSHOP,2019,269,2,GOOD,2020-04-12
13407,3518,Block B,CLASSROOM,1996,647,1,POOR,2020-08-17
13408,3519,Block C,CLASSROOM,1952,730,1,FAIR,2022-12-28
13409,3519,Administration Building,ADMIN,1992,484,2,FAIR,2024-10-30
13410,3519,Sports Amenities,TOILET_BLOCK,1986,90,1,CRITICAL,2024-04-09
13411,3519,Maintenance Shed,STORAGE,2015,75,1,GOOD,2020-03-07
13412,3520,Senior Block,CLASSROOM,2017,220,1,POOR,2022-07-26
13413,3520,Administration Building,ADMIN,2018,246,1,POOR,2022-05-15
13414,3520,Staff Facilities,TOILET_BLOCK,1996,543,1,GOOD,2024-09-14
13415,3521,Block C,CLASSROOM,2006,260,2,POOR,2021-06-24
13416,3521,Administration Building,ADMIN,1958,178,2,FAIR,2020-04-23
13417,3521,Senior Toilets,TOILET_BLOCK,1994,269,1,GOOD,2022-02-04
13418,3523,Block A,CLASSROOM,1974,244,1,POOR,2020-01-06
13419,3523,Staff Block,ADMIN,1962,636,1,POOR,2021-01-13
13420,3523,Sports Amenities,TOILET_BLOCK,2012,515,1,GOOD,2023-03-23
13421,3527,Block B,CLASSROOM,2010,669,1,FAIR,2023-10-11
13422,3527,Main Office,ADMIN,1960,432,1,CRITICAL,2021-06-04
13423,3527,Junior Toilets,TOILET_BLOCK,1968,234,1,GOOD,2021-01-10
13424,3527,Main Gymnasium,GYM,1998,313,2,GOOD,2022-05-19
13425,3527,Cricket Pavilion,SPORTS_PAVILION,1981,728,1,FAIR,2021-11-28
13426,3527,Performing Arts Centre,HALL,1993,582,2,FAIR,2023-10-21
13427,3528,Block C,CLASSROOM,1967,476,1,FAIR,2021-10-06
13428,3528,Main Office,ADMIN,1987,146,1,FAIR,2023-05-21
13429,3528,Senior Toilets,TOILET_BLOCK,1966,659,1,GOOD,2024-10-06
13430,3529,Block D,CLASSROOM,1990,119,1,FAIR,2022-01-14
13431,3529,Staff Block,ADMIN,2004,685,1,POOR,2024-03-24
13432,3529,Junior Toilets,TOILET_BLOCK,1969,436,1,FAIR,2024-10-27
13433,3529,School Library,LIBRARY,1968,101,2,GOOD,2021-05-07
13434,3530,Block D,CLASSROOM,1996,778,1,POOR,2020-10-27
13435,3530,Staff Block,ADMIN,2018,210,1,POOR,2024-02-07
13436,3530,Sports Amenities,TOILET_BLOCK,2015,235,1,FAIR,2021-06-20
13437,3531,Block E,CLASSROOM,1974,263,2,FAIR,2024-10-20
13438,3531,Main Office,ADMIN,1950,711,1,FAIR,2023-02-26
13439,3531,Sports Amenities,TOILET_BLOCK,2020,769,1,FAIR,2021-04-30
13440,3531,Equipment Store,STORAGE,1975,80,1,POOR,2022-12-14
13441,3531,Sports Pavilion,SPORTS_PAVILION,2017,198,1,POOR,2022-02-07
13442,3531,Resource Centre,LIBRARY,1974,739,2,POOR,2020-11-05
13443,3531,Fitness Centre,GYM,2018,579,2,GOOD,2024-02-16
13444,3531,School Hall,HALL,2004,255,2,FAIR,2020-10-20
13445,3532,Block C,CLASSROOM,1955,679,2,FAIR,2020-11-29
13446,3532,Staff Block,ADMIN,2017,99,2,FAIR,2022-12-01
13447,3532,Sports Amenities,TOILET_BLOCK,1992,416,1,GOOD,2020-02-24
13448,3532,Resource Centre,LIBRARY,1986,587,1,FAIR,2024-04-06
13449,3532,Assembly Hall,HALL,1960,138,1,GOOD,2022-03-12
13450,3533,Block B,CLASSROOM,2011,618,2,FAIR,2024-01-01
13451,3533,Main Office,ADMIN,2018,187,1,FAIR,2022-07-08
13452,3533,Sports Amenities,TOILET_BLOCK,1973,605,1,POOR,2021-08-06
13453,3533,Wood Workshop,WORKSHOP,1998,330,1,FAIR,2020-09-24
13454,3533,Learning Centre,LIBRARY,1959,180,2,GOOD,2024-04-15
13455,3533,Fitness Centre,GYM,1965,183,2,FAIR,2024-04-07
13456,3533,Sports Pavilion,SPORTS_PAVILION,1971,739,1,GOOD,2020-04-07
13457,3533,Assembly Hall,HALL,1964,140,2,POOR,2020-04-16
13458,3534,Senior Block,CLASSROOM,1963,633,2,GOOD,2024-08-13
13459,3534,Staff Block,ADMIN,2000,207,1,POOR,2022-08-02
13460,3534,Sports Amenities,TOILET_BLOCK,1989,522,1,FAIR,2020-05-18
13461,3534,Sports Hall,GYM,1979,493,2,FAIR,2022-02-28
13462,3534,Assembly Hall,HALL,2021,466,2,GOOD,2024-08-17
13463,3535,Junior Block,CLASSROOM,2012,111,1,GOOD,2022-06-04
13464,3535,Administration Building,ADMIN,1987,499,1,GOOD,2024-12-02
13465,3535,Sports Amenities,TOILET_BLOCK,1995,55,1,GOOD,2022-03-04
13466,3535,Sports Hall,GYM,2006,492,1,FAIR,2024-10-03
13467,3536,Technology Block,CLASSROOM,2003,171,1,POOR,2021-06-03
13468,3536,Administration Building,ADMIN,1950,562,1,FAIR,2020-03-12
13469,3536,Sports Amenities,TOILET_BLOCK,2012,386,1,POOR,2020-02-24
13470,3537,Block C,CLASSROOM,1996,161,2,GOOD,2022-06-01
13471,3537,Staff Block,ADMIN,1974,579,2,FAIR,2022-05-17
13472,3537,Senior Toilets,TOILET_BLOCK,2021,772,1,GOOD,2020-04-05
13473,3537,Resource Centre,LIBRARY,1963,568,2,FAIR,2024-01-24
13474,3538,Science Block,CLASSROOM,2004,705,2,CRITICAL,2020-04-24
13475,3538,Staff Block,ADMIN,2018,204,2,FAIR,2022-07-10
13476,3538,Sports Amenities,TOILET_BLOCK,1988,503,1,FAIR,2021-10-25
13477,3538,Fitness Centre,GYM,1989,205,1,FAIR,2024-03-12
13478,3538,Grounds Shed,STORAGE,1971,69,1,FAIR,2022-06-30
13479,3538,Food Technology,WORKSHOP,1963,521,2,GOOD,2022-08-06
13480,3539,Block A,CLASSROOM,2015,171,2,POOR,2020-11-20
13481,3539,Administration Building,ADMIN,1985,367,2,FAIR,2022-11-22
13482,3539,Junior Toilets,TOILET_BLOCK,1991,733,1,POOR,2023-04-13
13483,3539,Main Gymnasium,GYM,1956,479,1,FAIR,2022-01-12
13484,3539,Resource Centre,LIBRARY,1976,126,1,GOOD,2023-10-06
13485,3540,Junior Block,CLASSROOM,1985,597,2,GOOD,2020-09-29
13486,3540,Staff Block,ADMIN,1986,333,1,FAIR,2020-10-18
13487,3540,Staff Facilities,TOILET_BLOCK,1961,255,1,FAIR,2024-05-11
13488,3540,Learning Centre,LIBRARY,2002,421,2,FAIR,2022-12-05
13489,3542,Senior Block,CLASSROOM,1958,672,2,POOR,2022-06-18
13490,3542,Administration Building,ADMIN,2019,367,1,POOR,2024-03-17
13491,3542,Senior Toilets,TOILET_BLOCK,1993,780,1,POOR,2024-08-08
13492,3543,Block D,CLASSROOM,1957,564,1,FAIR,2021-10-23
13493,3543,Administration Building,ADMIN,1980,120,2,GOOD,2020-11-22
13494,3543,Sports Amenities,TOILET_BLOCK,1970,501,1,FAIR,2020-01-13
13495,3543,Fitness Centre,GYM,1997,647,2,GOOD,2022-07-06
13496,3544,Block D,CLASSROOM,1990,601,1,POOR,2023-11-07
13497,3544,Administration Building,ADMIN,1957,301,1,FAIR,2023-02-12
13498,3544,Senior Toilets,TOILET_BLOCK,1978,413,1,POOR,2023-09-22
13499,3544,School Hall,HALL,1962,89,2,FAIR,2020-05-03
13500,3546,Arts Block,CLASSROOM,1979,434,1,GOOD,2024-11-12
13501,3546,Main Office,ADMIN,1974,472,1,FAIR,2024-07-21
13502,3546,Senior Toilets,TOILET_BLOCK,1998,635,1,FAIR,2023-04-03
13503,3546,Wood Workshop,WORKSHOP,2022,249,2,GOOD,2024-07-07
13504,3546,Performing Arts Centre,HALL,2008,799,1,FAIR,2020-03-09
13505,3546,Maintenance Shed,STORAGE,1993,28,1,POOR,2022-08-02
13506,3547,Technology Block,CLASSROOM,1959,123,1,FAIR,2023-03-09
13507,3547,Administration Building,ADMIN,1965,174,1,POOR,2022-08-16
13508,3547,Senior Toilets,TOILET_BLOCK,2015,424,1,GOOD,2024-11-01
13509,3547,Technology Workshop,WORKSHOP,1987,379,2,GOOD,2021-04-29
13510,3547,Sports Hall,GYM,1964,407,2,GOOD,2020-09-09
13511,3547,Cricket Pavilion,SPORTS_PAVILION,2017,656,1,FAIR,2020-07-09
13512,3547,Performing Arts Centre,HALL,2005,636,1,FAIR,2021-10-31
13513,3549,Arts Block,CLASSROOM,1982,237,2,FAIR,2024-07-27
13514,3549,Staff Block,ADMIN,1993,710,1,GOOD,2020-04-18
13515,3549,Senior Toilets,TOILET_BLOCK,1960,597,1,FAIR,2023-09-07
13516,3549,Wood Workshop,WORKSHOP,2017,386,2,FAIR,2023-02-18
13517,3549,Sports Hall,GYM,2010,725,1,POOR,2022-11-17
13518,3549,Learning Centre,LIBRARY,1983,431,1,FAIR,2021-12-04
13519,3549,School Hall,HALL,1966,628,1,GOOD,2020-03-03
13520,3553,Junior Block,CLASSROOM,1965,429,2,POOR,2020-09-08
13521,3553,Main Office,ADMIN,1997,223,1,POOR,2022-03-21
13522,3553,Senior Toilets,TOILET_BLOCK,2006,266,1,FAIR,2023-12-24
13523,3554,Technology Block,CLASSROOM,1975,651,2,GOOD,2021-08-25
13524,3554,Administration Building,ADMIN,1950,684,1,GOOD,2023-11-06
13525,3554,Staff Facilities,TOILET_BLOCK,1988,360,1,GOOD,2020-03-16
13526,3554,Main Gymnasium,GYM,1968,549,2,GOOD,2022-08-30
13527,3554,Food Technology,WORKSHOP,1985,67,1,GOOD,2020-01-08
13528,3555,Block A,CLASSROOM,2000,61,1,POOR,2020-06-24
13529,3555,Administration Building,ADMIN,1996,456,2,POOR,2023-05-29
13530,3555,Sports Amenities,TOILET_BLOCK,1985,315,1,GOOD,2023-07-05
13531,3555,Assembly Hall,HALL,2018,68,1,GOOD,2020-11-15
13532,3555,Maintenance Shed,STORAGE,2000,44,1,FAIR,2021-11-30
13533,3555,Learning Centre,LIBRARY,1984,349,1,GOOD,2022-09-30
13534,3555,Sports Pavilion,SPORTS_PAVILION,1958,697,1,FAIR,2024-09-04
13535,3555,Food Technology,WORKSHOP,2003,316,1,FAIR,2024-03-02
13536,3557,Block E,CLASSROOM,1960,374,1,POOR,2024-04-27
13537,3557,Administration Building,ADMIN,1998,712,1,FAIR,2022-07-06
13538,3557,Senior Toilets,TOILET_BLOCK,2022,553,1,GOOD,2024-05-25
13539,3557,School Hall,HALL,1959,400,1,GOOD,2021-04-14
13540,3557,Main Gymnasium,GYM,1953,754,2,FAIR,2021-02-08
13541,3557,Sports Store,STORAGE,1983,21,1,POOR,2020-04-17
13542,3557,Technology Workshop,WORKSHOP,1958,337,1,GOOD,2023-03-09
13543,3557,Learning Centre,LIBRARY,2008,716,2,FAIR,2020-09-15
13544,3561,Block D,CLASSROOM,2009,81,2,GOOD,2024-08-23
13545,3561,Administration Building,ADMIN,1974,318,1,CRITICAL,2021-09-08
13546,3561,Senior Toilets,TOILET_BLOCK,1995,550,1,GOOD,2023-03-29
13547,3561,Learning Centre,LIBRARY,1976,668,1,CRITICAL,2023-05-08
13548,3561,Sports Store,STORAGE,1959,32,1,CRITICAL,2023-12-17
13549,3561,Cricket Pavilion,SPORTS_PAVILION,1999,516,1,POOR,2021-09-16
13550,3563,Arts Block,CLASSROOM,1984,686,2,FAIR,2020-03-04
13551,3563,Staff Block,ADMIN,2002,544,1,POOR,2020-03-20
13552,3563,Sports Amenities,TOILET_BLOCK,1952,325,1,GOOD,2021-04-20
13553,3563,Assembly Hall,HALL,1999,215,2,FAIR,2022-11-26
13554,3565,Block E,CLASSROOM,1990,749,1,POOR,2024-07-10
13555,3565,Staff Block,ADMIN,1963,136,1,POOR,2021-03-30
13556,3565,Staff Facilities,TOILET_BLOCK,1971,596,1,GOOD,2024-01-08
13557,3565,Sports Hall,GYM,1978,192,2,GOOD,2021-11-18
13558,3566,Junior Block,CLASSROOM,1993,397,1,POOR,2023-06-22
13559,3566,Staff Block,ADMIN,1954,639,1,FAIR,2021-02-15
13560,3566,Senior Toilets,TOILET_BLOCK,2009,619,1,POOR,2020-10-08
13561,3566,Changing Rooms,SPORTS_PAVILION,1984,525,1,POOR,2024-11-18
13562,3566,Main Gymnasium,GYM,1962,69,2,FAIR,2022-07-13
13563,3567,Block B,CLASSROOM,2007,129,1,GOOD,2020-03-05
13564,3567,Administration Building,ADMIN,2018,320,2,POOR,2023-05-01
13565,3567,Junior Toilets,TOILET_BLOCK,1966,626,1,FAIR,2023-11-15
13566,3567,Sports Pavilion,SPORTS_PAVILION,1975,403,1,GOOD,2020-01-30
13567,3569,Arts Block,CLASSROOM,2011,596,2,POOR,2022-09-23
13568,3569,Main Office,ADMIN,1995,247,1,POOR,2020-03-12
13569,3569,Junior Toilets,TOILET_BLOCK,1984,687,1,GOOD,2024-04-26
13570,3569,Metal Workshop,WORKSHOP,1970,361,2,FAIR,2022-04-13
13571,3570,Block A,CLASSROOM,1956,114,1,FAIR,2024-01-05
13572,3570,Main Office,ADMIN,1959,189,1,GOOD,2024-07-28
13573,3570,Junior Toilets,TOILET_BLOCK,1969,585,1,GOOD,2020-05-01
13574,3570,Resource Centre,LIBRARY,2000,335,1,GOOD,2023-07-16
13575,3570,Equipment Store,STORAGE,2019,22,1,GOOD,2023-10-15
13576,3570,Main Gymnasium,GYM,2006,291,1,FAIR,2024-02-15
13577,3570,Sports Pavilion,SPORTS_PAVILION,1951,535,1,GOOD,2022-09-11
13578,3571,Block E,CLASSROOM,1951,238,1,POOR,2020-02-28
13579,3571,Main Office,ADMIN,1997,161,2,FAIR,2021-05-04
13580,3571,Staff Facilities,TOILET_BLOCK,1994,577,1,GOOD,2024-01-25
13581,3571,Performing Arts Centre,HALL,2009,629,1,GOOD,2021-05-31
13582,3571,Sports Pavilion,SPORTS_PAVILION,1963,641,1,POOR,2022-06-23
13583,3571,Grounds Shed,STORAGE,1991,53,1,FAIR,2021-09-30
13584,3571,Main Gymnasium,GYM,2000,535,2,FAIR,2021-11-30
13585,3571,Learning Centre,LIBRARY,2008,603,2,FAIR,2023-01-31
13586,3572,Technology Block,CLASSROOM,2016,725,1,POOR,2021-09-24
13587,3572,Staff Block,ADMIN,2021,602,1,GOOD,2023-09-27
13588,3572,Senior Toilets,TOILET_BLOCK,2020,507,1,CRITICAL,2022-09-03
13589,3572,School Library,LIBRARY,1978,615,1,FAIR,2023-11-02
13590,3572,Performing Arts Centre,HALL,1992,188,2,GOOD,2024-07-13
13591,3572,Technology Workshop,WORKSHOP,2015,300,2,FAIR,2021-02-17
13592,3572,Grounds Shed,STORAGE,2012,92,1,FAIR,2020-10-12
13593,3573,Senior Block,CLASSROOM,1977,78,1,GOOD,2020-11-11
13594,3573,Staff Block,ADMIN,1970,364,2,GOOD,2020-07-14
13595,3573,Staff Facilities,TOILET_BLOCK,2011,459,1,POOR,2022-01-08
13596,3573,Sports Hall,GYM,1990,426,2,FAIR,2022-01-26
13597,3574,Block B,CLASSROOM,2014,356,2,POOR,2021-05-23
13598,3574,Administration Building,ADMIN,2003,611,1,FAIR,2022-03-15
13599,3574,Senior Toilets,TOILET_BLOCK,2015,748,1,FAIR,2023-06-06
13600,3574,Assembly Hall,HALL,1951,597,2,FAIR,2020-06-22
13601,3574,Changing Rooms,SPORTS_PAVILION,1987,620,1,FAIR,2023-10-04
13602,3576,Junior Block,CLASSROOM,2015,591,1,FAIR,2021-03-27
13603,3576,Main Office,ADMIN,1980,450,1,FAIR,2020-06-11
13604,3576,Junior Toilets,TOILET_BLOCK,1966,437,1,POOR,2023-12-07
13605,3576,Fitness Centre,GYM,1951,153,2,GOOD,2024-11-18
13606,3576,Cricket Pavilion,SPORTS_PAVILION,1979,60,1,FAIR,2023-01-23
13607,3577,Block B,CLASSROOM,1995,188,2,FAIR,2020-09-22
13608,3577,Administration Building,ADMIN,1974,574,1,CRITICAL,2021-09-22
13609,3577,Sports Amenities,TOILET_BLOCK,1979,432,1,POOR,2021-02-02
13610,3577,Maintenance Shed,STORAGE,1965,79,1,FAIR,2020-10-29
13611,3577,Learning Centre,LIBRARY,1971,428,1,FAIR,2020-03-05
13612,3577,Fitness Centre,GYM,2018,480,2,CRITICAL,2023-08-27
13613,3577,Assembly Hall,HALL,2001,261,1,POOR,2022-01-04
13614,3577,Food Technology,WORKSHOP,1977,373,2,FAIR,2023-04-02
13615,3579,Block B,CLASSROOM,1960,596,1,GOOD,2022-03-09
13616,3579,Administration Building,ADMIN,1984,308,2,POOR,2022-07-14
13617,3579,Sports Amenities,TOILET_BLOCK,2022,563,1,CRITICAL,2024-02-12
13618,3580,Senior Block,CLASSROOM,1961,270,2,FAIR,2021-12-15
13619,3580,Staff Block,ADMIN,1975,559,2,FAIR,2020-01-23
13620,3580,Junior Toilets,TOILET_BLOCK,1965,102,1,FAIR,2022-03-15
13621,3581,Science Block,CLASSROOM,2015,758,2,GOOD,2021-02-19
13622,3581,Administration Building,ADMIN,1959,628,1,GOOD,2020-04-18
13623,3581,Senior Toilets,TOILET_BLOCK,1981,113,1,GOOD,2022-06-28
13624,3581,Grounds Shed,STORAGE,1956,94,1,GOOD,2021-02-14
13625,3581,Technology Workshop,WORKSHOP,2006,283,1,FAIR,2024-08-13
13626,3585,Senior Block,CLASSROOM,1969,620,1,FAIR,2022-12-05
13627,3585,Staff Block,ADMIN,1954,683,1,CRITICAL,2021-03-09
13628,3585,Sports Amenities,TOILET_BLOCK,1985,490,1,POOR,2022-06-23
13629,3585,Equipment Store,STORAGE,1979,65,1,FAIR,2023-09-25
13630,3586,Technology Block,CLASSROOM,2018,401,2,CRITICAL,2020-07-14
13631,3586,Staff Block,ADMIN,2002,534,1,FAIR,2021-01-10
13632,3586,Staff Facilities,TOILET_BLOCK,1985,79,1,FAIR,2021-11-10
13633,3586,Resource Centre,LIBRARY,1956,389,2,POOR,2020-06-23
13634,3586,Fitness Centre,GYM,1952,417,1,FAIR,2021-09-26
13635,3587,Technology Block,CLASSROOM,1965,144,1,FAIR,2022-01-21
13636,3587,Staff Block,ADMIN,2021,99,2,POOR,2023-10-15
13637,3587,Staff Facilities,TOILET_BLOCK,2013,254,1,GOOD,2020-12-18
13638,3587,Equipment Store,STORAGE,1953,63,1,GOOD,2023-04-03
13639,3587,Fitness Centre,GYM,1985,197,2,FAIR,2021-01-19
13640,3588,Arts Block,CLASSROOM,1965,259,2,FAIR,2023-08-24
13641,3588,Main Office,ADMIN,1967,667,1,FAIR,2022-08-22
13642,3588,Sports Amenities,TOILET_BLOCK,2016,604,1,GOOD,2023-07-21
13643,3588,Equipment Store,STORAGE,1957,68,1,FAIR,2024-08-22
13644,3588,Learning Centre,LIBRARY,1980,534,2,POOR,2024-09-09
13645,3589,Block D,CLASSROOM,2015,125,1,FAIR,2022-03-25
13646,3589,Administration Building,ADMIN,2008,157,2,FAIR,2021-12-04
13647,3589,Senior Toilets,TOILET_BLOCK,1982,261,1,FAIR,2022-03-27
13648,3589,Wood Workshop,WORKSHOP,1954,524,1,FAIR,2020-12-17
13649,3589,Main Gymnasium,GYM,1955,507,2,GOOD,2023-08-29
13650,3591,Science Block,CLASSROOM,1953,766,1,GOOD,2023-04-28
13651,3591,Staff Block,ADMIN,1969,744,2,GOOD,2024-08-09
13652,3591,Senior Toilets,TOILET_BLOCK,1987,647,1,FAIR,2020-02-02
13653,3591,Main Gymnasium,GYM,1987,363,1,GOOD,2023-09-13
13654,3591,Technology Workshop,WORKSHOP,2001,284,2,GOOD,2021-03-11
13655,3591,School Hall,HALL,2012,334,1,GOOD,2020-05-24
13656,3591,Changing Rooms,SPORTS_PAVILION,2010,703,1,GOOD,2024-03-20
13657,3591,Resource Centre,LIBRARY,2003,164,2,POOR,2023-02-26
13658,3592,Block E,CLASSROOM,1974,175,2,FAIR,2022-11-07
13659,3592,Administration Building,ADMIN,2013,602,1,GOOD,2022-12-10
13660,3592,Staff Facilities,TOILET_BLOCK,1964,237,1,GOOD,2023-06-11
13661,3594,Technology Block,CLASSROOM,1976,275,1,FAIR,2023-04-30
13662,3594,Administration Building,ADMIN,2013,369,2,FAIR,2023-03-30
13663,3594,Sports Amenities,TOILET_BLOCK,2007,594,1,GOOD,2024-05-25
13664,3597,Arts Block,CLASSROOM,1997,714,2,POOR,2021-10-16
13665,3597,Staff Block,ADMIN,1987,236,2,FAIR,2022-08-05
13666,3597,Sports Amenities,TOILET_BLOCK,2019,215,1,FAIR,2020-10-04
13667,3599,Junior Block,CLASSROOM,2017,708,1,GOOD,2024-07-25
13668,3599,Staff Block,ADMIN,2016,408,1,GOOD,2023-04-09
13669,3599,Junior Toilets,TOILET_BLOCK,1990,230,1,POOR,2024-03-01
13670,3600,Block C,CLASSROOM,1986,725,1,POOR,2023-04-05
13671,3600,Administration Building,ADMIN,1999,186,2,FAIR,2022-03-24
13672,3600,Junior Toilets,TOILET_BLOCK,1999,544,1,GOOD,2021-04-03
13673,3600,Wood Workshop,WORKSHOP,1967,356,2,CRITICAL,2020-03-16
13674,3600,Resource Centre,LIBRARY,1997,428,1,GOOD,2021-11-11
13675,3600,School Hall,HALL,2008,538,2,GOOD,2020-05-02
13676,3600,Main Gymnasium,GYM,1969,411,1,CRITICAL,2022-08-16
13677,3600,Sports Store,STORAGE,1960,79,1,POOR,2023-12-24
13678,3600,Cricket Pavilion,SPORTS_PAVILION,1977,492,1,GOOD,2020-10-18
13679,3600,Block C,CLASSROOM,1998,549,1,POOR,2020-03-13
13680,3600,Science Block,CLASSROOM,2001,645,2,GOOD,2023-08-25
13681,3602,Junior Block,CLASSROOM,1953,240,1,FAIR,2022-01-30
13682,3602,Main Office,ADMIN,2014,185,1,CRITICAL,2022-08-07
13683,3602,Senior Toilets,TOILET_BLOCK,1975,674,1,FAIR,2020-09-29
13684,3602,Metal Workshop,WORKSHOP,1982,791,2,FAIR,2024-07-22
13685,3602,Assembly Hall,HALL,1991,218,2,FAIR,2020-03-03
13686,3612,Block D,CLASSROOM,1980,749,1,FAIR,2022-02-04
13687,3612,Staff Block,ADMIN,1950,731,2,GOOD,2022-12-05
13688,3612,Senior Toilets,TOILET_BLOCK,1971,256,1,GOOD,2024-06-18
13689,3612,Assembly Hall,HALL,1956,165,2,GOOD,2024-04-23
13690,3612,Resource Centre,LIBRARY,2001,159,1,GOOD,2023-04-14
13691,3612,Sports Hall,GYM,2015,728,1,GOOD,2023-09-11
13692,3612,Changing Rooms,SPORTS_PAVILION,1988,475,1,FAIR,2020-08-13
13693,3612,Metal Workshop,WORKSHOP,2021,426,2,FAIR,2024-11-25
13694,3612,Grounds Shed,STORAGE,1985,20,1,FAIR,2021-08-02
13695,3612,Block D,CLASSROOM,2017,213,1,GOOD,2021-05-20
13696,3612,Block A,CLASSROOM,1988,521,2,FAIR,2023-10-12
13697,3618,Technology Block,CLASSROOM,2014,628,1,FAIR,2024-10-16
13698,3618,Administration Building,ADMIN,1956,678,2,POOR,2023-12-28
13699,3618,Senior Toilets,TOILET_BLOCK,1977,386,1,FAIR,2024-06-04
13700,3619,Technology Block,CLASSROOM,1997,465,2,CRITICAL,2024-04-15
13701,3619,Staff Block,ADMIN,1974,148,1,FAIR,2022-06-15
13702,3619,Staff Facilities,TOILET_BLOCK,1979,97,1,FAIR,2023-11-14
13703,3625,Science Block,CLASSROOM,1961,114,2,CRITICAL,2021-02-01
13704,3625,Staff Block,ADMIN,1997,59,2,POOR,2024-11-26
13705,3625,Junior Toilets,TOILET_BLOCK,1964,283,1,CRITICAL,2022-09-30
13706,3625,Learning Centre,LIBRARY,1984,687,2,FAIR,2021-04-13
13707,3625,Grounds Shed,STORAGE,2005,32,1,GOOD,2021-04-01
13708,3625,Fitness Centre,GYM,2012,295,2,POOR,2022-01-03
13709,3625,School Hall,HALL,1964,216,1,POOR,2023-01-18
13710,3625,Changing Rooms,SPORTS_PAVILION,1967,652,1,GOOD,2021-09-21
13711,3625,Technology Workshop,WORKSHOP,2008,642,2,FAIR,2024-02-19
13712,3628,Arts Block,CLASSROOM,2001,249,2,GOOD,2023-08-20
13713,3628,Administration Building,ADMIN,1969,352,1,POOR,2023-12-31
13714,3628,Junior Toilets,TOILET_BLOCK,1970,389,1,FAIR,2022-06-26
13715,3628,Learning Centre,LIBRARY,1962,82,2,FAIR,2022-06-25
13716,3628,Food Technology,WORKSHOP,1983,461,2,GOOD,2024-02-08
13717,3630,Block E,CLASSROOM,1993,673,1,GOOD,2021-06-11
13718,3630,Staff Block,ADMIN,1962,612,2,GOOD,2020-05-29
13719,3630,Junior Toilets,TOILET_BLOCK,2011,55,1,GOOD,2024-09-02
13720,3630,Sports Hall,GYM,1983,388,2,FAIR,2023-10-11
13721,3630,Changing Rooms,SPORTS_PAVILION,1950,514,1,GOOD,2023-01-02
13722,3630,Resource Centre,LIBRARY,1951,429,2,GOOD,2023-01-29
13723,3630,Food Technology,WORKSHOP,2016,531,1,GOOD,2024-05-08
13724,3630,Grounds Shed,STORAGE,1997,86,1,POOR,2022-10-19
13725,3641,Block D,CLASSROOM,2011,499,1,GOOD,2022-08-31
13726,3641,Main Office,ADMIN,1952,765,2,FAIR,2021-11-26
13727,3641,Staff Facilities,TOILET_BLOCK,1988,607,1,GOOD,2024-03-02
13728,3679,Senior Block,CLASSROOM,1997,525,2,FAIR,2021-11-06
13729,3679,Main Office,ADMIN,1960,491,1,FAIR,2023-06-13
13730,3679,Staff Facilities,TOILET_BLOCK,1991,558,1,GOOD,2020-05-22
13731,3680,Science Block,CLASSROOM,1950,335,2,FAIR,2023-11-01
13732,3680,Administration Building,ADMIN,1976,67,2,GOOD,2024-10-16
13733,3680,Junior Toilets,TOILET_BLOCK,1970,356,1,FAIR,2021-07-13
13734,3681,Junior Block,CLASSROOM,1973,213,2,POOR,2021-10-06
13735,3681,Staff Block,ADMIN,2014,66,1,POOR,2023-12-08
13736,3681,Senior Toilets,TOILET_BLOCK,1968,213,1,GOOD,2021-02-11
13737,3682,Technology Block,CLASSROOM,1973,505,1,GOOD,2020-01-29
13738,3682,Staff Block,ADMIN,2010,711,2,POOR,2024-02-29
13739,3682,Junior Toilets,TOILET_BLOCK,1979,764,1,GOOD,2023-02-03
13740,3683,Technology Block,CLASSROOM,2017,636,1,FAIR,2024-09-02
13741,3683,Main Office,ADMIN,1990,604,1,FAIR,2021-07-14
13742,3683,Junior Toilets,TOILET_BLOCK,1956,574,1,POOR,2024-07-15
13743,3684,Block E,CLASSROOM,1994,717,1,GOOD,2022-01-25
13744,3684,Staff Block,ADMIN,1985,437,1,GOOD,2021-05-13
13745,3684,Senior Toilets,TOILET_BLOCK,2021,477,1,GOOD,2020-06-23
13746,3684,Sports Store,STORAGE,1999,98,1,GOOD,2023-01-26
13747,3684,Main Gymnasium,GYM,1995,497,1,GOOD,2023-07-10
13748,3685,Arts Block,CLASSROOM,2013,613,2,GOOD,2020-10-19
13749,3685,Staff Block,ADMIN,1984,551,1,GOOD,2023-08-03
13750,3685,Senior Toilets,TOILET_BLOCK,1972,130,1,FAIR,2021-09-08
13751,3685,School Library,LIBRARY,2011,232,1,FAIR,2020-04-14
13752,3686,Block D,CLASSROOM,1975,112,2,GOOD,2021-09-29
13753,3686,Administration Building,ADMIN,2010,294,1,FAIR,2023-07-05
13754,3686,Staff Facilities,TOILET_BLOCK,2013,466,1,FAIR,2021-06-08
13755,3687,Block E,CLASSROOM,1993,279,1,GOOD,2020-05-08
13756,3687,Staff Block,ADMIN,1983,731,1,POOR,2020-06-06
13757,3687,Junior Toilets,TOILET_BLOCK,1996,217,1,FAIR,2020-04-24
13758,3687,Fitness Centre,GYM,2013,405,2,GOOD,2022-11-25
13759,3689,Science Block,CLASSROOM,1997,354,1,FAIR,2022-08-06
13760,3689,Administration Building,ADMIN,1967,352,1,FAIR,2022-06-03
13761,3689,Sports Amenities,TOILET_BLOCK,2022,90,1,FAIR,2021-10-30
13762,3689,Cricket Pavilion,SPORTS_PAVILION,1999,339,1,FAIR,2020-11-27
13763,3690,Arts Block,CLASSROOM,1990,566,1,FAIR,2020-01-24
13764,3690,Staff Block,ADMIN,1999,218,1,FAIR,2020-10-20
13765,3690,Staff Facilities,TOILET_BLOCK,1952,62,1,GOOD,2024-01-25
13766,3690,Cricket Pavilion,SPORTS_PAVILION,1958,605,1,GOOD,2023-10-08
13767,3691,Block E,CLASSROOM,2011,360,2,GOOD,2024-01-16
13768,3691,Staff Block,ADMIN,1996,570,2,FAIR,2024-02-01
13769,3691,Junior Toilets,TOILET_BLOCK,2020,262,1,FAIR,2024-05-03
13770,3698,Science Block,CLASSROOM,1987,535,2,FAIR,2021-03-29
13771,3698,Main Office,ADMIN,1976,573,1,FAIR,2021-01-27
13772,3698,Senior Toilets,TOILET_BLOCK,2010,528,1,GOOD,2023-09-15
13773,3699,Block A,CLASSROOM,1960,539,1,FAIR,2022-03-10
13774,3699,Administration Building,ADMIN,1951,184,1,GOOD,2023-08-15
13775,3699,Junior Toilets,TOILET_BLOCK,1957,349,1,POOR,2023-08-25
13776,3700,Technology Block,CLASSROOM,2018,62,2,POOR,2022-07-17
13777,3700,Administration Building,ADMIN,1971,505,1,FAIR,2020-07-14
13778,3700,Sports Amenities,TOILET_BLOCK,1993,351,1,FAIR,2024-01-23
13779,3700,Performing Arts Centre,HALL,2020,382,1,FAIR,2023-09-19
13780,3700,Cricket Pavilion,SPORTS_PAVILION,2010,131,1,GOOD,2024-07-29
13781,3700,School Library,LIBRARY,1989,152,1,GOOD,2021-04-13
13782,3700,Equipment Store,STORAGE,2000,33,1,POOR,2022-05-25
13783,3700,Sports Hall,GYM,1975,293,1,POOR,2021-11-26
13784,3701,Technology Block,CLASSROOM,1978,471,1,GOOD,2021-08-12
13785,3701,Main Office,ADMIN,2016,82,2,POOR,2021-05-08
13786,3701,Staff Facilities,TOILET_BLOCK,1953,494,1,FAIR,2020-09-28
13787,3701,Sports Store,STORAGE,2019,42,1,GOOD,2024-08-19
13788,3701,Sports Hall,GYM,1994,723,2,FAIR,2021-05-31
13789,3701,Assembly Hall,HALL,1993,570,1,FAIR,2022-07-09
13790,3701,School Library,LIBRARY,1985,210,1,POOR,2023-12-05
13791,3701,Sports Pavilion,SPORTS_PAVILION,1991,188,1,FAIR,2021-12-02
13792,3703,Block C,CLASSROOM,1990,677,2,GOOD,2020-08-16
13793,3703,Main Office,ADMIN,2010,445,2,FAIR,2023-12-12
13794,3703,Sports Amenities,TOILET_BLOCK,1964,188,1,CRITICAL,2024-10-26
13795,3703,Maintenance Shed,STORAGE,1970,64,1,FAIR,2024-12-02
13796,3703,School Hall,HALL,1966,313,2,GOOD,2022-01-16
13797,3703,Fitness Centre,GYM,1983,676,2,GOOD,2021-09-22
13798,3703,Metal Workshop,WORKSHOP,1969,798,1,FAIR,2020-08-13
13799,3704,Junior Block,CLASSROOM,1979,406,2,FAIR,2021-11-05
13800,3704,Staff Block,ADMIN,1960,319,1,FAIR,2023-09-20
13801,3704,Staff Facilities,TOILET_BLOCK,2002,101,1,FAIR,2022-02-01
13802,3704,Fitness Centre,GYM,1980,638,2,POOR,2022-09-04
13803,3704,Changing Rooms,SPORTS_PAVILION,2005,574,1,POOR,2023-12-06
13804,3706,Junior Block,CLASSROOM,1953,669,1,GOOD,2020-07-15
13805,3706,Administration Building,ADMIN,1979,780,2,FAIR,2021-06-02
13806,3706,Staff Facilities,TOILET_BLOCK,1974,212,1,POOR,2023-11-21
13807,3706,Cricket Pavilion,SPORTS_PAVILION,1968,693,1,FAIR,2024-01-21
13808,3706,Assembly Hall,HALL,2004,409,1,POOR,2023-03-23
13809,3706,Equipment Store,STORAGE,1992,58,1,GOOD,2024-11-19
13810,3707,Block A,CLASSROOM,2020,117,1,GOOD,2023-01-28
13811,3707,Administration Building,ADMIN,2007,397,1,FAIR,2022-12-09
13812,3707,Staff Facilities,TOILET_BLOCK,1993,756,1,GOOD,2023-03-05
13813,3707,Assembly Hall,HALL,1954,119,2,GOOD,2024-11-19
13814,3707,Equipment Store,STORAGE,2010,68,1,POOR,2022-07-25
13815,3707,Fitness Centre,GYM,1972,798,1,CRITICAL,2020-12-15
13816,3709,Block E,CLASSROOM,1959,390,2,GOOD,2023-05-02
13817,3709,Administration Building,ADMIN,1985,174,1,GOOD,2023-08-17
13818,3709,Staff Facilities,TOILET_BLOCK,1980,325,1,GOOD,2023-06-08
13819,3709,Performing Arts Centre,HALL,1966,460,1,GOOD,2021-04-29
13820,3709,Metal Workshop,WORKSHOP,1957,422,2,FAIR,2024-08-29
13821,3710,Block C,CLASSROOM,1979,175,1,FAIR,2021-12-05
13822,3710,Staff Block,ADMIN,2010,758,2,CRITICAL,2023-05-10
13823,3710,Senior Toilets,TOILET_BLOCK,1993,484,1,FAIR,2022-02-15
13824,3710,Cricket Pavilion,SPORTS_PAVILION,1976,639,1,FAIR,2023-11-01
13825,3710,Equipment Store,STORAGE,2007,53,1,FAIR,2023-10-01
13826,3710,Wood Workshop,WORKSHOP,1997,363,2,GOOD,2023-07-24
13827,3711,Block B,CLASSROOM,1981,501,1,CRITICAL,2024-10-04
13828,3711,Main Office,ADMIN,1977,135,2,CRITICAL,2024-10-06
13829,3711,Staff Facilities,TOILET_BLOCK,1967,300,1,GOOD,2022-01-13
13830,3711,Technology Workshop,WORKSHOP,2012,690,1,GOOD,2021-04-11
13831,3711,Main Gymnasium,GYM,2004,351,2,GOOD,2020-10-02
13832,3711,Resource Centre,LIBRARY,1982,384,2,FAIR,2021-05-13
13833,3716,Science Block,CLASSROOM,1955,603,2,CRITICAL,2023-02-03
13834,3716,Main Office,ADMIN,1988,157,1,GOOD,2020-05-21
13835,3716,Staff Facilities,TOILET_BLOCK,1970,337,1,GOOD,2023-05-15
13836,3716,Sports Pavilion,SPORTS_PAVILION,1959,201,1,GOOD,2023-07-07
13837,3716,Wood Workshop,WORKSHOP,1965,338,2,GOOD,2022-07-02
13838,3718,Block A,CLASSROOM,2005,224,1,FAIR,2022-03-21
13839,3718,Main Office,ADMIN,1964,739,2,POOR,2021-08-09
13840,3718,Senior Toilets,TOILET_BLOCK,1991,254,1,GOOD,2022-12-25
13841,3718,Performing Arts Centre,HALL,1973,150,2,GOOD,2021-06-21
13842,3719,Block C,CLASSROOM,2010,51,2,FAIR,2021-01-07
13843,3719,Staff Block,ADMIN,1964,734,2,FAIR,2021-03-31
13844,3719,Junior Toilets,TOILET_BLOCK,2017,670,1,FAIR,2023-08-05
13845,3723,Block B,CLASSROOM,2014,517,1,CRITICAL,2023-12-04
13846,3723,Main Office,ADMIN,1998,787,1,POOR,2020-03-05
13847,3723,Junior Toilets,TOILET_BLOCK,1956,364,1,FAIR,2023-08-21
13848,3723,Sports Hall,GYM,1953,94,1,GOOD,2020-07-18
13849,3724,Technology Block,CLASSROOM,1965,590,1,POOR,2023-10-06
13850,3724,Staff Block,ADMIN,1972,549,2,GOOD,2024-10-24
13851,3724,Sports Amenities,TOILET_BLOCK,1981,571,1,CRITICAL,2020-04-20
13852,3725,Senior Block,CLASSROOM,2012,126,1,GOOD,2022-09-09
13853,3725,Staff Block,ADMIN,1986,351,2,GOOD,2022-02-23
13854,3725,Junior Toilets,TOILET_BLOCK,2011,285,1,GOOD,2021-11-02
13855,3725,Equipment Store,STORAGE,1953,75,1,FAIR,2021-02-05
13856,3725,Sports Hall,GYM,1965,239,2,POOR,2022-08-11
13857,3727,Science Block,CLASSROOM,1986,180,1,GOOD,2022-11-07
13858,3727,Staff Block,ADMIN,1961,171,1,GOOD,2022-12-24
13859,3727,Senior Toilets,TOILET_BLOCK,1972,630,1,GOOD,2022-09-16
13860,3727,Sports Pavilion,SPORTS_PAVILION,1972,714,1,FAIR,2022-08-02
13861,3727,School Library,LIBRARY,2011,354,2,FAIR,2020-07-19
13862,3729,Science Block,CLASSROOM,1963,144,1,FAIR,2024-06-01
13863,3729,Main Office,ADMIN,1993,76,1,POOR,2023-01-16
13864,3729,Staff Facilities,TOILET_BLOCK,1952,533,1,FAIR,2020-08-16
13865,3729,Learning Centre,LIBRARY,1953,279,1,FAIR,2022-05-23
13866,3729,Sports Pavilion,SPORTS_PAVILION,2008,654,1,GOOD,2020-05-14
13867,3731,Junior Block,CLASSROOM,1959,248,1,FAIR,2021-09-11
13868,3731,Administration Building,ADMIN,2010,501,1,GOOD,2024-05-28
13869,3731,Junior Toilets,TOILET_BLOCK,1950,252,1,POOR,2021-12-31
13870,3731,Food Technology,WORKSHOP,2018,53,2,FAIR,2024-09-29
13871,3731,Grounds Shed,STORAGE,2007,83,1,POOR,2022-05-05
13872,3731,Cricket Pavilion,SPORTS_PAVILION,1957,586,1,POOR,2024-10-12
13873,3731,Fitness Centre,GYM,1963,597,1,POOR,2023-08-11
13874,3731,School Library,LIBRARY,1964,515,2,POOR,2021-04-16
13875,3732,Arts Block,CLASSROOM,1975,87,1,GOOD,2021-01-20
13876,3732,Administration Building,ADMIN,1955,626,2,FAIR,2024-02-17
13877,3732,Junior Toilets,TOILET_BLOCK,1967,595,1,FAIR,2020-12-13
13878,3732,Equipment Store,STORAGE,1989,55,1,FAIR,2021-08-30
13879,3733,Block A,CLASSROOM,2002,677,1,FAIR,2021-03-05
13880,3733,Administration Building,ADMIN,1978,695,1,GOOD,2021-01-05
13881,3733,Staff Facilities,TOILET_BLOCK,1998,256,1,GOOD,2021-08-23
13882,3733,Grounds Shed,STORAGE,1954,50,1,FAIR,2024-01-16
13883,3733,School Hall,HALL,1978,366,1,FAIR,2020-01-30
13884,3736,Technology Block,CLASSROOM,2021,120,1,GOOD,2021-10-17
13885,3736,Administration Building,ADMIN,2016,564,1,GOOD,2021-06-07
13886,3736,Senior Toilets,TOILET_BLOCK,1958,697,1,GOOD,2020-04-04
13887,3736,Sports Pavilion,SPORTS_PAVILION,1978,568,1,GOOD,2023-04-06
13888,3736,Assembly Hall,HALL,1976,629,2,FAIR,2021-05-09
13889,3736,Fitness Centre,GYM,1995,109,1,GOOD,2021-12-29
13890,3736,School Library,LIBRARY,2018,565,2,FAIR,2023-02-18
13891,3737,Block A,CLASSROOM,2005,359,2,GOOD,2020-12-10
13892,3737,Staff Block,ADMIN,1990,206,2,GOOD,2024-04-15
13893,3737,Junior Toilets,TOILET_BLOCK,1991,626,1,GOOD,2021-05-29
13894,3737,Assembly Hall,HALL,2006,321,2,POOR,2021-07-12
13895,3737,Sports Store,STORAGE,2003,35,1,GOOD,2022-10-14
13896,3737,Sports Pavilion,SPORTS_PAVILION,1977,297,1,FAIR,2021-04-14
13897,3738,Block E,CLASSROOM,2022,538,1,FAIR,2022-09-09
13898,3738,Main Office,ADMIN,1977,466,2,POOR,2023-01-09
13899,3738,Sports Amenities,TOILET_BLOCK,1999,564,1,GOOD,2021-05-02
13900,3740,Science Block,CLASSROOM,1955,331,2,FAIR,2023-08-21
13901,3740,Main Office,ADMIN,1986,186,2,FAIR,2023-09-24
13902,3740,Junior Toilets,TOILET_BLOCK,2022,448,1,GOOD,2021-07-14
13903,3740,Assembly Hall,HALL,1953,503,2,FAIR,2020-05-07
13904,3740,Sports Store,STORAGE,1993,87,1,GOOD,2021-02-11
13905,3741,Arts Block,CLASSROOM,1981,675,2,GOOD,2024-08-11
13906,3741,Main Office,ADMIN,2018,623,2,GOOD,2023-10-28
13907,3741,Staff Facilities,TOILET_BLOCK,1992,179,1,FAIR,2021-03-20
13908,3741,Sports Pavilion,SPORTS_PAVILION,1973,132,1,CRITICAL,2020-07-13
13909,3741,Performing Arts Centre,HALL,1990,700,2,FAIR,2020-08-19
13910,3741,Sports Store,STORAGE,2015,33,1,FAIR,2020-09-04
13911,3741,Resource Centre,LIBRARY,1964,92,2,FAIR,2020-03-28
13912,3742,Block C,CLASSROOM,2002,685,2,FAIR,2021-09-12
13913,3742,Main Office,ADMIN,1998,736,1,FAIR,2021-08-05
13914,3742,Senior Toilets,TOILET_BLOCK,2000,250,1,FAIR,2024-01-05
13915,3742,Maintenance Shed,STORAGE,1986,63,1,POOR,2020-03-02
13916,3742,Wood Workshop,WORKSHOP,1978,535,2,GOOD,2024-06-02
13917,3742,Learning Centre,LIBRARY,2014,309,2,FAIR,2022-11-19
13918,3742,Changing Rooms,SPORTS_PAVILION,1994,627,1,POOR,2020-02-25
13919,3742,Fitness Centre,GYM,1990,758,1,GOOD,2021-04-10
13920,3743,Technology Block,CLASSROOM,2006,714,1,FAIR,2022-05-31
13921,3743,Staff Block,ADMIN,2009,66,1,FAIR,2022-08-29
13922,3743,Staff Facilities,TOILET_BLOCK,1992,164,1,GOOD,2021-10-29
13923,3743,Cricket Pavilion,SPORTS_PAVILION,2019,144,1,FAIR,2023-01-25
13924,3743,Equipment Store,STORAGE,2001,25,1,GOOD,2021-02-01
13925,3745,Technology Block,CLASSROOM,1963,397,1,FAIR,2023-01-01
13926,3745,Staff Block,ADMIN,1997,56,2,FAIR,2023-05-20
13927,3745,Staff Facilities,TOILET_BLOCK,2019,700,1,FAIR,2021-09-21
13928,3745,Grounds Shed,STORAGE,1950,79,1,GOOD,2022-11-03
13929,3746,Senior Block,CLASSROOM,2006,190,1,POOR,2022-07-16
13930,3746,Staff Block,ADMIN,1979,496,2,GOOD,2021-07-11
13931,3746,Staff Facilities,TOILET_BLOCK,2021,224,1,FAIR,2020-07-27
13932,3746,Maintenance Shed,STORAGE,2016,65,1,FAIR,2022-09-22
13933,3746,Fitness Centre,GYM,2002,397,2,GOOD,2022-10-12
13934,3747,Junior Block,CLASSROOM,1975,208,2,GOOD,2020-02-05
13935,3747,Staff Block,ADMIN,2012,737,2,FAIR,2020-02-27
13936,3747,Sports Amenities,TOILET_BLOCK,1992,85,1,POOR,2021-11-22
13937,3747,Assembly Hall,HALL,1969,181,2,FAIR,2021-05-13
13938,3747,Sports Pavilion,SPORTS_PAVILION,1992,94,1,GOOD,2020-01-13
13939,3749,Arts Block,CLASSROOM,2004,324,1,GOOD,2022-10-05
13940,3749,Staff Block,ADMIN,1969,507,1,FAIR,2022-06-13
13941,3749,Junior Toilets,TOILET_BLOCK,1986,384,1,POOR,2022-01-02
13942,3749,Sports Store,STORAGE,2014,72,1,GOOD,2023-02-25
13943,3753,Junior Block,CLASSROOM,1975,582,2,GOOD,2022-02-01
13944,3753,Administration Building,ADMIN,1966,338,1,GOOD,2020-02-17
13945,3753,Senior Toilets,TOILET_BLOCK,1958,450,1,POOR,2023-01-23
13946,3753,Main Gymnasium,GYM,1955,610,2,FAIR,2021-04-26
13947,3753,Grounds Shed,STORAGE,1995,21,1,GOOD,2023-08-20
13948,3753,Wood Workshop,WORKSHOP,1950,69,1,CRITICAL,2022-01-27
13949,3754,Senior Block,CLASSROOM,1992,281,1,FAIR,2022-05-28
13950,3754,Administration Building,ADMIN,1963,777,1,GOOD,2024-04-21
13951,3754,Senior Toilets,TOILET_BLOCK,1971,362,1,POOR,2020-11-25
13952,3754,Assembly Hall,HALL,1968,196,2,POOR,2021-03-21
13953,3755,Block B,CLASSROOM,2009,501,1,GOOD,2021-03-25
13954,3755,Main Office,ADMIN,1952,386,2,GOOD,2022-01-25
13955,3755,Sports Amenities,TOILET_BLOCK,2022,456,1,POOR,2023-06-01
13956,3755,Resource Centre,LIBRARY,2015,102,1,POOR,2022-10-13
13957,3756,Junior Block,CLASSROOM,1994,600,1,FAIR,2022-11-13
13958,3756,Main Office,ADMIN,1950,205,2,GOOD,2024-05-12
13959,3756,Junior Toilets,TOILET_BLOCK,1995,81,1,FAIR,2024-03-20
13960,3756,Metal Workshop,WORKSHOP,2015,720,1,POOR,2022-12-02
13961,3761,Block E,CLASSROOM,1979,376,2,GOOD,2022-04-03
13962,3761,Main Office,ADMIN,2016,615,1,POOR,2023-05-12
13963,3761,Staff Facilities,TOILET_BLOCK,1990,237,1,POOR,2021-01-07
13964,3761,Fitness Centre,GYM,2020,785,1,GOOD,2020-10-14
13965,3762,Block B,CLASSROOM,2004,682,1,GOOD,2022-06-09
13966,3762,Main Office,ADMIN,1961,641,1,FAIR,2022-02-25
13967,3762,Junior Toilets,TOILET_BLOCK,1999,169,1,GOOD,2023-11-13
13968,3764,Block E,CLASSROOM,1963,430,1,GOOD,2023-07-18
13969,3764,Main Office,ADMIN,1974,187,2,GOOD,2023-11-09
13970,3764,Sports Amenities,TOILET_BLOCK,2019,579,1,GOOD,2020-01-24
13971,3764,Learning Centre,LIBRARY,2005,715,2,GOOD,2020-07-31
13972,3765,Block E,CLASSROOM,1996,520,2,GOOD,2021-10-22
13973,3765,Staff Block,ADMIN,1952,203,1,FAIR,2024-04-16
13974,3765,Junior Toilets,TOILET_BLOCK,1992,142,1,GOOD,2022-11-24
13975,3765,Sports Store,STORAGE,1970,73,1,POOR,2022-07-31
13976,3765,Food Technology,WORKSHOP,1998,784,2,GOOD,2021-01-08
13977,3767,Block E,CLASSROOM,1953,385,1,POOR,2020-11-23
13978,3767,Main Office,ADMIN,1996,413,1,POOR,2023-08-18
13979,3767,Senior Toilets,TOILET_BLOCK,2013,712,1,GOOD,2024-05-29
13980,3767,Wood Workshop,WORKSHOP,1997,660,1,CRITICAL,2023-06-07
13981,3768,Junior Block,CLASSROOM,1971,182,1,FAIR,2021-09-21
13982,3768,Main Office,ADMIN,1987,551,1,FAIR,2020-10-23
13983,3768,Sports Amenities,TOILET_BLOCK,1976,158,1,FAIR,2024-08-26
13984,3768,Food Technology,WORKSHOP,2017,218,1,POOR,2022-04-30
13985,3768,Resource Centre,LIBRARY,2010,433,2,FAIR,2024-10-23
13986,3768,Sports Pavilion,SPORTS_PAVILION,2022,315,1,POOR,2023-09-23
13987,3771,Block C,CLASSROOM,1987,157,2,GOOD,2021-08-12
13988,3771,Main Office,ADMIN,1956,179,2,FAIR,2024-07-23
13989,3771,Junior Toilets,TOILET_BLOCK,1952,713,1,CRITICAL,2020-02-10
13990,3771,Changing Rooms,SPORTS_PAVILION,1978,452,1,POOR,2022-12-20
13991,3771,Main Gymnasium,GYM,2019,694,1,FAIR,2024-11-07
13992,3772,Senior Block,CLASSROOM,1987,630,1,GOOD,2020-05-16
13993,3772,Administration Building,ADMIN,1964,414,1,GOOD,2023-04-15
13994,3772,Senior Toilets,TOILET_BLOCK,1961,484,1,CRITICAL,2022-02-24
13995,3772,Performing Arts Centre,HALL,1984,704,1,GOOD,2023-10-20
13996,3772,School Library,LIBRARY,1979,147,2,CRITICAL,2021-09-22
13997,3776,Senior Block,CLASSROOM,2006,266,2,FAIR,2024-05-11
13998,3776,Administration Building,ADMIN,1989,784,1,GOOD,2023-12-18
13999,3776,Staff Facilities,TOILET_BLOCK,2022,340,1,POOR,2020-05-23
14000,3776,Food Technology,WORKSHOP,2011,485,1,POOR,2024-01-18
14001,3776,Assembly Hall,HALL,2001,764,1,FAIR,2022-12-24
14002,3776,Changing Rooms,SPORTS_PAVILION,2022,537,1,FAIR,2020-02-17
14003,3778,Senior Block,CLASSROOM,2022,303,1,FAIR,2022-05-17
14004,3778,Main Office,ADMIN,1978,641,1,GOOD,2021-01-11
14005,3778,Junior Toilets,TOILET_BLOCK,1972,586,1,GOOD,2021-12-18
14006,3778,Maintenance Shed,STORAGE,2018,20,1,GOOD,2020-09-18
14007,3778,Performing Arts Centre,HALL,1960,117,1,GOOD,2022-11-24
14008,3778,Sports Hall,GYM,2020,699,1,GOOD,2021-06-15
14009,3779,Block D,CLASSROOM,1951,727,1,POOR,2024-07-04
14010,3779,Main Office,ADMIN,1959,218,2,GOOD,2024-03-30
14011,3779,Junior Toilets,TOILET_BLOCK,1984,197,1,FAIR,2021-08-11
14012,3779,Metal Workshop,WORKSHOP,2019,632,1,GOOD,2022-07-31
14013,3783,Block C,CLASSROOM,1991,602,2,GOOD,2020-08-05
14014,3783,Main Office,ADMIN,1991,695,1,POOR,2021-03-11
14015,3783,Junior Toilets,TOILET_BLOCK,2019,133,1,GOOD,2024-08-12
14016,3783,Fitness Centre,GYM,1953,342,2,GOOD,2021-05-30
14017,3784,Junior Block,CLASSROOM,1961,238,1,POOR,2021-05-01
14018,3784,Main Office,ADMIN,1991,233,1,POOR,2024-09-15
14019,3784,Staff Facilities,TOILET_BLOCK,1979,511,1,FAIR,2021-05-06
14020,3784,Performing Arts Centre,HALL,2002,574,2,GOOD,2021-05-13
14021,3784,Sports Pavilion,SPORTS_PAVILION,1993,261,1,CRITICAL,2020-08-09
14022,3785,Senior Block,CLASSROOM,1985,552,2,POOR,2020-11-10
14023,3785,Main Office,ADMIN,2021,404,1,FAIR,2024-06-24
14024,3785,Junior Toilets,TOILET_BLOCK,1988,105,1,FAIR,2024-03-22
14025,3788,Block A,CLASSROOM,1965,351,1,GOOD,2022-05-15
14026,3788,Administration Building,ADMIN,1956,415,1,GOOD,2023-03-27
14027,3788,Junior Toilets,TOILET_BLOCK,1991,124,1,GOOD,2021-07-12
14028,3788,School Hall,HALL,1957,619,2,FAIR,2022-04-28
14029,3788,Food Technology,WORKSHOP,1952,561,2,GOOD,2024-09-28
14030,3789,Junior Block,CLASSROOM,2011,468,2,POOR,2022-07-31
14031,3789,Administration Building,ADMIN,1988,702,1,FAIR,2020-08-17
14032,3789,Senior Toilets,TOILET_BLOCK,2002,112,1,FAIR,2024-03-10
14033,3790,Junior Block,CLASSROOM,2002,347,1,POOR,2023-01-12
14034,3790,Main Office,ADMIN,1950,347,2,FAIR,2022-02-10
14035,3790,Sports Amenities,TOILET_BLOCK,1961,758,1,GOOD,2021-09-06
14036,3795,Block D,CLASSROOM,2014,733,1,FAIR,2023-02-10
14037,3795,Staff Block,ADMIN,1959,749,2,POOR,2024-07-30
14038,3795,Senior Toilets,TOILET_BLOCK,1984,727,1,GOOD,2023-02-28
14039,3797,Block D,CLASSROOM,2010,120,2,FAIR,2021-12-02
14040,3797,Staff Block,ADMIN,2009,668,1,FAIR,2024-11-21
14041,3797,Senior Toilets,TOILET_BLOCK,1992,582,1,GOOD,2022-08-27
14042,3798,Block E,CLASSROOM,1950,126,2,GOOD,2021-01-13
14043,3798,Administration Building,ADMIN,2016,55,1,GOOD,2021-10-09
14044,3798,Senior Toilets,TOILET_BLOCK,1963,296,1,FAIR,2023-05-23
14045,3798,Main Gymnasium,GYM,1950,424,1,GOOD,2020-03-30
14046,3798,Performing Arts Centre,HALL,1981,695,1,GOOD,2021-09-27
14047,3801,Block B,CLASSROOM,1975,578,1,FAIR,2020-08-04
14048,3801,Main Office,ADMIN,1968,598,2,GOOD,2022-06-27
14049,3801,Junior Toilets,TOILET_BLOCK,1950,258,1,FAIR,2021-03-03
14050,3802,Block D,CLASSROOM,1964,526,2,FAIR,2020-03-16
14051,3802,Staff Block,ADMIN,2007,628,1,POOR,2022-09-29
14052,3802,Sports Amenities,TOILET_BLOCK,2009,769,1,GOOD,2021-12-16
14053,3802,Food Technology,WORKSHOP,1955,97,1,FAIR,2021-11-13
14054,3802,Resource Centre,LIBRARY,1966,411,1,POOR,2024-01-22
14055,3803,Block A,CLASSROOM,1989,580,2,GOOD,2021-09-10
14056,3803,Staff Block,ADMIN,2001,785,1,FAIR,2021-04-23
14057,3803,Sports Amenities,TOILET_BLOCK,1950,517,1,GOOD,2024-09-25
14058,3805,Block E,CLASSROOM,2005,554,1,FAIR,2023-03-16
14059,3805,Administration Building,ADMIN,1951,472,2,FAIR,2022-04-18
14060,3805,Staff Facilities,TOILET_BLOCK,1964,598,1,GOOD,2021-07-04
14061,3807,Arts Block,CLASSROOM,1955,439,1,GOOD,2024-08-31
14062,3807,Administration Building,ADMIN,1952,364,1,FAIR,2023-01-27
14063,3807,Senior Toilets,TOILET_BLOCK,2011,460,1,FAIR,2021-12-09
14064,3808,Technology Block,CLASSROOM,2005,226,2,GOOD,2023-04-23
14065,3808,Administration Building,ADMIN,2017,178,2,GOOD,2022-01-03
14066,3808,Junior Toilets,TOILET_BLOCK,2006,793,1,POOR,2021-07-26
14067,3808,Sports Hall,GYM,1969,465,1,POOR,2023-08-07
14068,3811,Junior Block,CLASSROOM,2011,415,1,FAIR,2020-12-28
14069,3811,Staff Block,ADMIN,1952,169,1,GOOD,2020-03-08
14070,3811,Sports Amenities,TOILET_BLOCK,1969,233,1,FAIR,2022-01-02
14071,3812,Technology Block,CLASSROOM,1982,127,2,FAIR,2020-11-12
14072,3812,Staff Block,ADMIN,1965,722,1,POOR,2023-03-27
14073,3812,Senior Toilets,TOILET_BLOCK,1992,347,1,FAIR,2020-02-07
14074,3812,Main Gymnasium,GYM,2022,115,1,GOOD,2024-10-24
14075,3812,Assembly Hall,HALL,1987,757,1,GOOD,2024-10-18
14076,3812,School Library,LIBRARY,1969,88,1,GOOD,2023-03-17
14077,3812,Equipment Store,STORAGE,1983,61,1,GOOD,2023-04-11
14078,3812,Sports Pavilion,SPORTS_PAVILION,1960,306,1,GOOD,2021-02-06
14079,3815,Block C,CLASSROOM,1953,317,1,GOOD,2021-12-14
14080,3815,Administration Building,ADMIN,1967,369,2,GOOD,2024-07-26
14081,3815,Senior Toilets,TOILET_BLOCK,1973,746,1,POOR,2024-11-07
14082,3816,Block E,CLASSROOM,1990,672,2,FAIR,2024-03-23
14083,3816,Main Office,ADMIN,2007,469,2,GOOD,2024-05-28
14084,3816,Staff Facilities,TOILET_BLOCK,1992,470,1,FAIR,2021-09-22
14085,3817,Arts Block,CLASSROOM,2007,422,1,FAIR,2022-04-12
14086,3817,Staff Block,ADMIN,2016,243,2,FAIR,2021-08-12
14087,3817,Junior Toilets,TOILET_BLOCK,1989,382,1,FAIR,2021-02-18
14088,3817,Sports Hall,GYM,1995,145,1,FAIR,2023-02-06
14089,3819,Block D,CLASSROOM,1997,787,2,GOOD,2021-12-30
14090,3819,Administration Building,ADMIN,1975,510,2,FAIR,2021-02-16
14091,3819,Junior Toilets,TOILET_BLOCK,1971,176,1,POOR,2020-10-30
14092,3819,Main Gymnasium,GYM,1954,222,1,FAIR,2024-10-31
14093,3820,Technology Block,CLASSROOM,1980,55,2,GOOD,2020-10-19
14094,3820,Staff Block,ADMIN,1972,81,2,FAIR,2020-12-15
14095,3820,Staff Facilities,TOILET_BLOCK,2001,216,1,GOOD,2023-04-24
14096,3820,Sports Hall,GYM,1978,726,1,GOOD,2024-06-19
14097,3820,Learning Centre,LIBRARY,2014,457,2,CRITICAL,2024-01-18
14098,3822,Block C,CLASSROOM,2009,112,1,POOR,2024-01-08
14099,3822,Administration Building,ADMIN,1990,357,2,FAIR,2020-02-08
14100,3822,Junior Toilets,TOILET_BLOCK,1997,337,1,POOR,2021-03-29
14101,3822,Metal Workshop,WORKSHOP,2017,61,2,GOOD,2021-10-21
14102,3823,Block B,CLASSROOM,1990,263,1,GOOD,2022-03-01
14103,3823,Staff Block,ADMIN,1974,717,1,POOR,2020-03-20
14104,3823,Sports Amenities,TOILET_BLOCK,1974,668,1,GOOD,2020-07-11
14105,3823,Resource Centre,LIBRARY,1951,530,2,GOOD,2021-03-04
14106,3823,Changing Rooms,SPORTS_PAVILION,1975,634,1,POOR,2022-02-22
14107,3824,Block E,CLASSROOM,1953,90,1,POOR,2023-08-20
14108,3824,Staff Block,ADMIN,1991,198,1,POOR,2022-05-07
14109,3824,Junior Toilets,TOILET_BLOCK,2011,488,1,CRITICAL,2022-03-21
14110,3825,Arts Block,CLASSROOM,2018,201,1,FAIR,2022-09-11
14111,3825,Staff Block,ADMIN,1952,621,1,FAIR,2020-02-04
14112,3825,Junior Toilets,TOILET_BLOCK,1989,364,1,FAIR,2023-05-25
14113,3825,Wood Workshop,WORKSHOP,2003,705,1,POOR,2024-07-16
14114,3825,Learning Centre,LIBRARY,1978,82,1,FAIR,2020-09-03
14115,3826,Senior Block,CLASSROOM,2016,651,1,FAIR,2022-01-07
14116,3826,Main Office,ADMIN,1964,778,2,GOOD,2023-04-10
14117,3826,Senior Toilets,TOILET_BLOCK,1993,238,1,FAIR,2022-06-04
14118,3826,Learning Centre,LIBRARY,1966,669,1,GOOD,2024-07-07
14119,3826,Sports Store,STORAGE,1974,31,1,GOOD,2021-05-21
14120,3827,Technology Block,CLASSROOM,1955,651,2,POOR,2024-05-30
14121,3827,Administration Building,ADMIN,1983,729,1,GOOD,2021-04-07
14122,3827,Staff Facilities,TOILET_BLOCK,1979,388,1,GOOD,2020-09-13
14123,3827,Technology Workshop,WORKSHOP,1967,256,1,FAIR,2022-05-30
14124,3827,Assembly Hall,HALL,1996,120,1,FAIR,2022-10-10
14125,3829,Science Block,CLASSROOM,1986,304,2,GOOD,2021-06-10
14126,3829,Staff Block,ADMIN,1955,358,1,GOOD,2024-06-14
14127,3829,Staff Facilities,TOILET_BLOCK,2019,89,1,GOOD,2024-04-09
14128,3829,Technology Workshop,WORKSHOP,1981,231,1,GOOD,2023-11-15
14129,3830,Junior Block,CLASSROOM,1955,351,1,GOOD,2021-08-20
14130,3830,Administration Building,ADMIN,1961,149,1,FAIR,2023-11-10
14131,3830,Junior Toilets,TOILET_BLOCK,1994,672,1,FAIR,2023-09-15
14132,3830,Maintenance Shed,STORAGE,1978,45,1,GOOD,2021-12-28
14133,3831,Science Block,CLASSROOM,1975,292,2,FAIR,2022-12-14
14134,3831,Staff Block,ADMIN,1979,735,2,FAIR,2021-11-14
14135,3831,Staff Facilities,TOILET_BLOCK,1971,297,1,FAIR,2023-08-28
14136,3832,Block A,CLASSROOM,2018,739,1,POOR,2023-11-14
14137,3832,Main Office,ADMIN,1968,306,2,FAIR,2024-01-28
14138,3832,Junior Toilets,TOILET_BLOCK,1988,244,1,GOOD,2021-07-28
14139,3834,Block D,CLASSROOM,1997,278,2,CRITICAL,2023-05-01
14140,3834,Administration Building,ADMIN,1991,555,1,GOOD,2020-05-20
14141,3834,Senior Toilets,TOILET_BLOCK,2011,68,1,CRITICAL,2024-08-21
14142,3835,Block B,CLASSROOM,1998,141,2,GOOD,2024-11-05
14143,3835,Staff Block,ADMIN,2015,418,1,POOR,2024-10-22
14144,3835,Sports Amenities,TOILET_BLOCK,1985,61,1,GOOD,2021-06-25
14145,3835,Resource Centre,LIBRARY,2009,53,2,GOOD,2021-07-02
14146,3835,Cricket Pavilion,SPORTS_PAVILION,1959,270,1,GOOD,2020-06-07
14147,3835,Food Technology,WORKSHOP,1964,739,2,GOOD,2021-06-04
14148,3835,Main Gymnasium,GYM,1952,655,1,FAIR,2023-10-04
14149,3836,Block D,CLASSROOM,1972,309,1,POOR,2024-10-18
14150,3836,Staff Block,ADMIN,1969,700,1,FAIR,2024-10-01
14151,3836,Sports Amenities,TOILET_BLOCK,1951,141,1,CRITICAL,2022-08-12
14152,3837,Junior Block,CLASSROOM,1998,430,1,FAIR,2024-01-08
14153,3837,Administration Building,ADMIN,2009,499,2,FAIR,2023-11-13
14154,3837,Junior Toilets,TOILET_BLOCK,1967,385,1,GOOD,2022-03-19
14155,3837,Technology Workshop,WORKSHOP,1996,536,2,GOOD,2022-07-12
14156,3837,Fitness Centre,GYM,1995,388,1,POOR,2021-09-04
14157,3839,Block D,CLASSROOM,1978,547,1,POOR,2023-06-14
14158,3839,Staff Block,ADMIN,1964,637,1,GOOD,2021-10-24
14159,3839,Junior Toilets,TOILET_BLOCK,1975,634,1,POOR,2020-06-04
14160,3839,Metal Workshop,WORKSHOP,1967,659,1,FAIR,2021-07-27
14161,3839,Sports Store,STORAGE,1966,96,1,CRITICAL,2023-09-26
14162,3839,Sports Pavilion,SPORTS_PAVILION,1999,740,1,CRITICAL,2024-07-10
14163,3839,Fitness Centre,GYM,2017,749,1,GOOD,2022-12-15
14164,3840,Science Block,CLASSROOM,1972,417,2,FAIR,2024-02-17
14165,3840,Main Office,ADMIN,1957,673,1,GOOD,2021-11-29
14166,3840,Staff Facilities,TOILET_BLOCK,2007,720,1,POOR,2021-06-07
14167,3840,Cricket Pavilion,SPORTS_PAVILION,2016,583,1,FAIR,2021-12-06
14168,3841,Block E,CLASSROOM,2003,667,1,POOR,2022-01-27
14169,3841,Staff Block,ADMIN,1998,568,2,GOOD,2024-05-30
14170,3841,Staff Facilities,TOILET_BLOCK,1975,440,1,FAIR,2022-01-10
14171,3841,Changing Rooms,SPORTS_PAVILION,1966,577,1,FAIR,2021-07-30
14172,3841,Food Technology,WORKSHOP,1965,603,1,POOR,2023-10-08
14173,3841,Grounds Shed,STORAGE,1960,74,1,GOOD,2022-06-17
14174,3841,School Hall,HALL,2004,787,1,FAIR,2022-08-28
14175,3841,Main Gymnasium,GYM,2011,515,2,GOOD,2020-07-22
14176,3842,Block A,CLASSROOM,2000,247,2,FAIR,2023-12-13
14177,3842,Administration Building,ADMIN,2008,531,2,GOOD,2021-11-25
14178,3842,Senior Toilets,TOILET_BLOCK,2012,636,1,GOOD,2024-10-22
14179,3842,Metal Workshop,WORKSHOP,1961,428,2,CRITICAL,2021-09-09
14180,3843,Science Block,CLASSROOM,2020,160,1,GOOD,2021-02-14
14181,3843,Main Office,ADMIN,1998,376,2,FAIR,2024-08-26
14182,3843,Junior Toilets,TOILET_BLOCK,2019,110,1,FAIR,2022-05-18
14183,3843,Wood Workshop,WORKSHOP,2022,366,2,FAIR,2023-05-14
14184,3844,Block D,CLASSROOM,2008,720,1,FAIR,2022-06-04
14185,3844,Administration Building,ADMIN,2002,644,2,GOOD,2024-01-01
14186,3844,Junior Toilets,TOILET_BLOCK,2011,653,1,FAIR,2023-10-19
14187,3844,Maintenance Shed,STORAGE,2013,48,1,CRITICAL,2024-04-05
14188,3844,Assembly Hall,HALL,1992,761,1,CRITICAL,2023-11-22
14189,3845,Arts Block,CLASSROOM,1975,257,1,POOR,2021-09-10
14190,3845,Administration Building,ADMIN,1982,444,2,FAIR,2020-12-13
14191,3845,Senior Toilets,TOILET_BLOCK,2004,381,1,FAIR,2020-07-26
14192,3845,Main Gymnasium,GYM,1962,304,2,POOR,2022-05-28
14193,3847,Block B,CLASSROOM,1974,217,2,POOR,2021-07-12
14194,3847,Staff Block,ADMIN,2020,364,1,GOOD,2022-05-29
14195,3847,Sports Amenities,TOILET_BLOCK,1975,113,1,POOR,2024-11-20
14196,3850,Block E,CLASSROOM,1988,217,2,FAIR,2022-10-28
14197,3850,Staff Block,ADMIN,2004,656,2,FAIR,2023-07-13
14198,3850,Senior Toilets,TOILET_BLOCK,1996,512,1,FAIR,2023-04-23
14199,3851,Senior Block,CLASSROOM,1960,717,2,GOOD,2021-04-27
14200,3851,Staff Block,ADMIN,1952,124,2,GOOD,2021-05-12
14201,3851,Staff Facilities,TOILET_BLOCK,1971,104,1,POOR,2022-07-12
14202,3851,Learning Centre,LIBRARY,1974,143,2,GOOD,2022-01-01
14203,3852,Technology Block,CLASSROOM,2022,707,2,GOOD,2023-11-23
14204,3852,Administration Building,ADMIN,2018,62,1,FAIR,2024-12-02
14205,3852,Staff Facilities,TOILET_BLOCK,2009,378,1,GOOD,2022-01-03
14206,3855,Block C,CLASSROOM,2009,583,2,POOR,2024-08-27
14207,3855,Staff Block,ADMIN,1979,95,1,FAIR,2020-07-28
14208,3855,Junior Toilets,TOILET_BLOCK,1968,536,1,FAIR,2021-03-23
14209,3857,Junior Block,CLASSROOM,1964,270,2,CRITICAL,2022-11-02
14210,3857,Staff Block,ADMIN,1966,194,1,FAIR,2023-11-29
14211,3857,Junior Toilets,TOILET_BLOCK,1952,146,1,CRITICAL,2023-04-16
14212,3857,Food Technology,WORKSHOP,1981,588,1,GOOD,2024-10-19
14213,3857,Sports Pavilion,SPORTS_PAVILION,2018,643,1,GOOD,2020-05-19
14214,3858,Technology Block,CLASSROOM,2017,574,2,POOR,2020-07-12
14215,3858,Administration Building,ADMIN,2010,749,1,FAIR,2021-09-03
14216,3858,Senior Toilets,TOILET_BLOCK,1983,270,1,GOOD,2024-10-26
14217,3859,Block C,CLASSROOM,1980,406,1,FAIR,2021-03-23
14218,3859,Administration Building,ADMIN,2013,104,2,FAIR,2024-03-03
14219,3859,Senior Toilets,TOILET_BLOCK,1960,435,1,POOR,2022-07-19
14220,3859,Equipment Store,STORAGE,1974,44,1,GOOD,2020-05-21
14221,3859,Changing Rooms,SPORTS_PAVILION,1978,333,1,CRITICAL,2023-06-14
14222,3859,Food Technology,WORKSHOP,1993,710,2,POOR,2022-07-05
14223,3859,Fitness Centre,GYM,1977,289,1,FAIR,2023-04-27
14224,3859,Resource Centre,LIBRARY,1953,97,2,CRITICAL,2022-08-22
14225,3861,Senior Block,CLASSROOM,2018,354,2,GOOD,2022-05-18
14226,3861,Main Office,ADMIN,2022,282,1,GOOD,2020-10-28
14227,3861,Senior Toilets,TOILET_BLOCK,1968,333,1,GOOD,2023-03-20
14228,3861,Changing Rooms,SPORTS_PAVILION,1972,108,1,GOOD,2021-04-17
14229,3861,Sports Hall,GYM,1993,278,2,CRITICAL,2021-09-21
14230,3862,Science Block,CLASSROOM,1961,769,2,GOOD,2024-10-06
14231,3862,Main Office,ADMIN,1990,581,1,GOOD,2022-01-25
14232,3862,Senior Toilets,TOILET_BLOCK,1982,640,1,GOOD,2022-04-02
14233,3864,Block A,CLASSROOM,1973,257,1,FAIR,2022-03-03
14234,3864,Administration Building,ADMIN,1953,742,2,GOOD,2023-05-04
14235,3864,Sports Amenities,TOILET_BLOCK,1979,793,1,GOOD,2024-04-08
14236,3864,Main Gymnasium,GYM,1961,140,2,CRITICAL,2024-03-14
14237,3864,Equipment Store,STORAGE,1993,89,1,POOR,2024-09-01
14238,3930,Science Block,CLASSROOM,1994,611,2,FAIR,2021-09-30
14239,3930,Main Office,ADMIN,1965,256,1,GOOD,2020-11-29
14240,3930,Senior Toilets,TOILET_BLOCK,2002,167,1,GOOD,2023-12-31
14241,3930,Main Gymnasium,GYM,2017,706,1,GOOD,2023-06-03
14242,3930,Sports Store,STORAGE,1998,44,1,FAIR,2022-05-24
14243,3930,School Library,LIBRARY,2010,502,1,GOOD,2021-09-07
14244,3930,Food Technology,WORKSHOP,1959,169,1,POOR,2024-07-22
14245,3932,Block D,CLASSROOM,1970,629,2,POOR,2024-07-17
14246,3932,Staff Block,ADMIN,1958,310,1,FAIR,2020-01-23
14247,3932,Staff Facilities,TOILET_BLOCK,1963,308,1,GOOD,2024-06-30
14248,3935,Block C,CLASSROOM,2006,385,2,FAIR,2021-05-06
14249,3935,Administration Building,ADMIN,1992,492,1,GOOD,2021-05-02
14250,3935,Senior Toilets,TOILET_BLOCK,2004,245,1,GOOD,2023-03-20
14251,3935,Wood Workshop,WORKSHOP,2007,525,1,CRITICAL,2021-07-26
14252,3938,Arts Block,CLASSROOM,2015,75,1,FAIR,2022-11-23
14253,3938,Staff Block,ADMIN,1966,491,2,FAIR,2023-04-17
14254,3938,Senior Toilets,TOILET_BLOCK,1959,619,1,GOOD,2024-01-01
14255,3938,Equipment Store,STORAGE,1994,68,1,FAIR,2021-10-26
14256,3943,Science Block,CLASSROOM,1992,563,1,GOOD,2023-12-08
14257,3943,Administration Building,ADMIN,2013,481,1,GOOD,2021-12-11
14258,3943,Staff Facilities,TOILET_BLOCK,1953,442,1,GOOD,2023-10-13
14259,3943,Wood Workshop,WORKSHOP,1977,357,1,FAIR,2021-06-30
14260,3946,Arts Block,CLASSROOM,2001,546,1,FAIR,2024-06-12
14261,3946,Main Office,ADMIN,1958,440,2,CRITICAL,2022-03-24
14262,3946,Junior Toilets,TOILET_BLOCK,1975,232,1,GOOD,2020-10-02
14263,3947,Junior Block,CLASSROOM,2017,790,1,POOR,2023-08-13
14264,3947,Main Office,ADMIN,1959,466,1,GOOD,2023-05-14
14265,3947,Staff Facilities,TOILET_BLOCK,1980,428,1,GOOD,2021-05-21
14266,3947,Equipment Store,STORAGE,1998,86,1,FAIR,2020-10-25
14267,3947,School Hall,HALL,1978,791,2,POOR,2022-04-01
14268,3953,Block B,CLASSROOM,2009,143,1,FAIR,2021-03-08
14269,3953,Staff Block,ADMIN,2002,265,1,GOOD,2023-08-13
14270,3953,Sports Amenities,TOILET_BLOCK,2013,782,1,GOOD,2022-03-01
14271,3955,Arts Block,CLASSROOM,1999,194,2,FAIR,2022-11-24
14272,3955,Main Office,ADMIN,1969,514,2,GOOD,2020-02-29
14273,3955,Junior Toilets,TOILET_BLOCK,1968,719,1,FAIR,2023-11-02
14274,3955,Sports Hall,GYM,1953,319,2,GOOD,2024-11-11
14275,3955,Cricket Pavilion,SPORTS_PAVILION,2013,363,1,POOR,2024-08-04
14276,3956,Junior Block,CLASSROOM,1974,419,1,GOOD,2020-09-03
14277,3956,Staff Block,ADMIN,1980,152,2,CRITICAL,2022-04-29
14278,3956,Sports Amenities,TOILET_BLOCK,1984,73,1,GOOD,2020-05-02
14279,3956,School Hall,HALL,2019,615,2,FAIR,2022-07-18
14280,3956,Learning Centre,LIBRARY,1954,425,1,POOR,2022-10-02
14281,3956,Changing Rooms,SPORTS_PAVILION,1987,305,1,FAIR,2021-07-06
14282,3956,Maintenance Shed,STORAGE,1999,66,1,FAIR,2020-04-14
14283,3956,Technology Workshop,WORKSHOP,1975,390,2,GOOD,2024-10-30
14284,3957,Block E,CLASSROOM,2012,659,2,GOOD,2024-07-31
14285,3957,Main Office,ADMIN,1951,247,2,FAIR,2023-02-18
14286,3957,Staff Facilities,TOILET_BLOCK,2000,373,1,FAIR,2022-11-16
14287,3957,Changing Rooms,SPORTS_PAVILION,2005,362,1,GOOD,2020-04-13
14288,3961,Block C,CLASSROOM,1991,770,1,FAIR,2023-06-25
14289,3961,Main Office,ADMIN,2006,599,1,FAIR,2021-12-30
14290,3961,Senior Toilets,TOILET_BLOCK,1964,697,1,GOOD,2021-09-10
14291,3961,Assembly Hall,HALL,1954,232,1,GOOD,2022-02-26
14292,3961,Maintenance Shed,STORAGE,1989,52,1,GOOD,2023-08-12
14293,3963,Block C,CLASSROOM,2012,493,1,GOOD,2023-07-04
14294,3963,Main Office,ADMIN,2007,285,1,FAIR,2022-06-01
14295,3963,Junior Toilets,TOILET_BLOCK,1996,350,1,POOR,2023-08-09
14296,3963,Changing Rooms,SPORTS_PAVILION,1994,592,1,GOOD,2020-07-08
14297,3964,Technology Block,CLASSROOM,2005,521,2,FAIR,2022-08-10
14298,3964,Staff Block,ADMIN,2016,311,1,CRITICAL,2021-01-20
14299,3964,Sports Amenities,TOILET_BLOCK,2017,223,1,FAIR,2020-01-13
14300,3964,Metal Workshop,WORKSHOP,2003,792,1,GOOD,2022-06-21
14301,3964,Cricket Pavilion,SPORTS_PAVILION,2009,473,1,GOOD,2023-03-23
14302,3966,Block D,CLASSROOM,1951,311,2,POOR,2021-04-30
14303,3966,Staff Block,ADMIN,1960,152,2,CRITICAL,2024-09-19
14304,3966,Sports Amenities,TOILET_BLOCK,1968,653,1,FAIR,2024-11-04
14305,3967,Technology Block,CLASSROOM,2006,316,2,POOR,2023-10-11
14306,3967,Staff Block,ADMIN,1952,506,2,FAIR,2021-09-09
14307,3967,Junior Toilets,TOILET_BLOCK,1980,362,1,POOR,2022-06-29
14308,3967,Wood Workshop,WORKSHOP,2003,520,2,FAIR,2020-05-26
14309,3967,Sports Store,STORAGE,2005,45,1,POOR,2024-09-05
14310,3967,Fitness Centre,GYM,1955,234,2,POOR,2024-02-28
14311,3973,Technology Block,CLASSROOM,2002,233,1,FAIR,2021-04-28
14312,3973,Administration Building,ADMIN,1989,597,1,POOR,2020-12-02
14313,3973,Senior Toilets,TOILET_BLOCK,1955,329,1,GOOD,2020-02-13
14314,3975,Arts Block,CLASSROOM,1985,187,1,POOR,2020-09-09
14315,3975,Main Office,ADMIN,1953,430,1,CRITICAL,2022-01-24
14316,3975,Junior Toilets,TOILET_BLOCK,1967,484,1,FAIR,2020-10-07
14317,3975,School Library,LIBRARY,1999,119,1,POOR,2022-09-21
14318,3975,Cricket Pavilion,SPORTS_PAVILION,1993,534,1,GOOD,2021-10-26
14319,3977,Block B,CLASSROOM,1962,64,1,GOOD,2021-07-09
14320,3977,Administration Building,ADMIN,1952,486,2,FAIR,2024-04-04
14321,3977,Senior Toilets,TOILET_BLOCK,1969,150,1,GOOD,2022-07-14
14322,3977,Food Technology,WORKSHOP,1953,318,1,GOOD,2023-11-28
14323,3977,Performing Arts Centre,HALL,1958,628,2,FAIR,2020-02-12
14324,3980,Block E,CLASSROOM,1987,620,2,GOOD,2024-07-28
14325,3980,Staff Block,ADMIN,1962,760,2,GOOD,2024-06-16
14326,3980,Senior Toilets,TOILET_BLOCK,2012,112,1,FAIR,2020-08-17
14327,3980,Sports Hall,GYM,2017,185,1,FAIR,2020-05-26
14328,3982,Senior Block,CLASSROOM,2003,776,2,GOOD,2020-08-07
14329,3982,Main Office,ADMIN,1960,682,2,POOR,2022-12-10
14330,3982,Staff Facilities,TOILET_BLOCK,2019,654,1,GOOD,2021-08-24
14331,3982,Technology Workshop,WORKSHOP,1956,789,1,FAIR,2020-11-08
14332,3984,Senior Block,CLASSROOM,2019,146,2,CRITICAL,2024-09-13
14333,3984,Main Office,ADMIN,2014,201,2,POOR,2020-10-29
14334,3984,Staff Facilities,TOILET_BLOCK,1950,655,1,GOOD,2024-04-24
14335,3986,Senior Block,CLASSROOM,1953,341,1,POOR,2023-01-05
14336,3986,Administration Building,ADMIN,1958,253,2,FAIR,2021-01-09
14337,3986,Senior Toilets,TOILET_BLOCK,1984,784,1,POOR,2021-05-29
14338,3990,Science Block,CLASSROOM,1956,625,2,FAIR,2020-10-25
14339,3990,Main Office,ADMIN,1983,107,1,GOOD,2022-09-02
14340,3990,Sports Amenities,TOILET_BLOCK,1964,68,1,GOOD,2021-12-04
14341,3991,Junior Block,CLASSROOM,2020,515,2,GOOD,2023-06-04
14342,3991,Main Office,ADMIN,1962,470,2,FAIR,2023-02-23
14343,3991,Junior Toilets,TOILET_BLOCK,2004,598,1,FAIR,2024-10-14
14344,3997,Block E,CLASSROOM,2005,423,1,FAIR,2020-06-18
14345,3997,Staff Block,ADMIN,2005,162,1,GOOD,2022-10-15
14346,3997,Senior Toilets,TOILET_BLOCK,2021,262,1,POOR,2021-07-15
14347,4000,Science Block,CLASSROOM,1972,224,2,GOOD,2023-03-10
14348,4000,Administration Building,ADMIN,1951,572,1,FAIR,2023-10-13
14349,4000,Junior Toilets,TOILET_BLOCK,1991,520,1,POOR,2021-10-09
14350,4000,School Library,LIBRARY,1973,126,1,GOOD,2022-12-09
14351,4000,Cricket Pavilion,SPORTS_PAVILION,1950,232,1,GOOD,2020-08-23
14352,4001,Block A,CLASSROOM,2017,652,2,CRITICAL,2021-03-22
14353,4001,Main Office,ADMIN,1991,66,1,GOOD,2020-09-24
14354,4001,Junior Toilets,TOILET_BLOCK,2001,607,1,GOOD,2023-03-07
14355,4001,Learning Centre,LIBRARY,2000,210,1,FAIR,2022-06-07
14356,4001,Metal Workshop,WORKSHOP,1966,207,2,CRITICAL,2022-06-09
14357,4003,Block A,CLASSROOM,1987,255,1,GOOD,2022-06-25
14358,4003,Staff Block,ADMIN,2008,204,1,GOOD,2022-08-19
14359,4003,Senior Toilets,TOILET_BLOCK,2007,80,1,GOOD,2020-02-01
14360,4003,School Library,LIBRARY,1977,273,2,CRITICAL,2020-10-08
14361,4003,Technology Workshop,WORKSHOP,2008,154,1,GOOD,2023-01-24
14362,4005,Block B,CLASSROOM,1971,290,1,POOR,2022-02-17
14363,4005,Main Office,ADMIN,2015,691,1,FAIR,2024-11-27
14364,4005,Sports Amenities,TOILET_BLOCK,2017,754,1,GOOD,2020-11-10
14365,4005,Main Gymnasium,GYM,1998,170,1,FAIR,2023-12-01
14366,4005,Food Technology,WORKSHOP,2018,780,2,FAIR,2022-08-20
14367,4005,Resource Centre,LIBRARY,1994,486,1,GOOD,2021-09-09
14368,4005,Sports Store,STORAGE,1996,47,1,FAIR,2020-06-09
14369,4005,Assembly Hall,HALL,1958,588,2,GOOD,2022-07-08
14370,4005,Sports Pavilion,SPORTS_PAVILION,2011,580,1,FAIR,2022-09-16
14371,4006,Block B,CLASSROOM,1975,166,1,FAIR,2024-04-30
14372,4006,Staff Block,ADMIN,1971,580,2,GOOD,2024-08-02
14373,4006,Sports Amenities,TOILET_BLOCK,1959,197,1,FAIR,2023-10-19
14374,4007,Senior Block,CLASSROOM,1962,771,2,GOOD,2024-05-25
14375,4007,Administration Building,ADMIN,1958,415,2,POOR,2022-02-01
14376,4007,Staff Facilities,TOILET_BLOCK,1997,467,1,GOOD,2020-05-04
14377,4008,Junior Block,CLASSROOM,1987,219,1,CRITICAL,2020-12-18
14378,4008,Administration Building,ADMIN,2001,331,1,GOOD,2024-11-29
14379,4008,Sports Amenities,TOILET_BLOCK,1970,482,1,GOOD,2024-09-26
14380,4011,Technology Block,CLASSROOM,1983,97,1,POOR,2023-08-10
14381,4011,Administration Building,ADMIN,1987,331,2,GOOD,2023-08-30
14382,4011,Staff Facilities,TOILET_BLOCK,1978,368,1,GOOD,2020-07-01
14383,4011,School Hall,HALL,1986,507,2,GOOD,2021-10-22
14384,4013,Technology Block,CLASSROOM,2022,524,2,GOOD,2024-04-27
14385,4013,Main Office,ADMIN,1977,722,2,FAIR,2023-11-03
14386,4013,Staff Facilities,TOILET_BLOCK,2002,76,1,GOOD,2020-04-12
14387,4013,School Hall,HALL,1973,609,1,FAIR,2024-10-30
14388,4014,Technology Block,CLASSROOM,1955,73,2,GOOD,2024-01-27
14389,4014,Staff Block,ADMIN,2016,340,1,POOR,2021-10-01
14390,4014,Sports Amenities,TOILET_BLOCK,1975,100,1,GOOD,2022-01-03
14391,4014,Performing Arts Centre,HALL,1963,483,1,FAIR,2024-06-28
14392,4014,Main Gymnasium,GYM,1970,312,2,POOR,2021-10-19
14393,4014,Changing Rooms,SPORTS_PAVILION,1970,546,1,POOR,2024-05-24
14394,4014,Metal Workshop,WORKSHOP,1966,647,1,FAIR,2021-02-02
14395,4014,School Library,LIBRARY,2002,669,1,FAIR,2024-10-18
14396,4016,Science Block,CLASSROOM,1950,260,1,GOOD,2020-04-05
14397,4016,Staff Block,ADMIN,1956,402,2,FAIR,2023-02-12
14398,4016,Junior Toilets,TOILET_BLOCK,1952,227,1,POOR,2023-06-28
14399,4016,Main Gymnasium,GYM,1984,410,2,GOOD,2023-08-02
14400,4017,Arts Block,CLASSROOM,2014,583,1,GOOD,2020-01-27
14401,4017,Administration Building,ADMIN,2019,97,2,GOOD,2023-08-14
14402,4017,Staff Facilities,TOILET_BLOCK,2011,172,1,POOR,2024-04-16
14403,4017,Metal Workshop,WORKSHOP,1979,194,1,GOOD,2020-05-14
14404,4018,Senior Block,CLASSROOM,1999,533,2,GOOD,2022-02-04
14405,4018,Staff Block,ADMIN,1989,679,1,FAIR,2022-12-21
14406,4018,Junior Toilets,TOILET_BLOCK,1964,516,1,GOOD,2024-03-24
14407,4018,Food Technology,WORKSHOP,2008,657,1,GOOD,2020-02-17
14408,4019,Block E,CLASSROOM,2022,90,2,FAIR,2020-04-03
14409,4019,Staff Block,ADMIN,2015,397,2,POOR,2024-03-04
14410,4019,Staff Facilities,TOILET_BLOCK,2004,132,1,CRITICAL,2020-06-20
14411,4020,Block A,CLASSROOM,1976,183,2,FAIR,2023-05-04
14412,4020,Administration Building,ADMIN,1988,781,2,POOR,2022-07-25
14413,4020,Junior Toilets,TOILET_BLOCK,1992,307,1,GOOD,2022-08-07
14414,4020,Performing Arts Centre,HALL,2004,190,2,POOR,2021-10-24
14415,4020,Maintenance Shed,STORAGE,1998,79,1,CRITICAL,2020-02-26
14416,4020,Cricket Pavilion,SPORTS_PAVILION,1954,759,1,GOOD,2022-07-28
14417,4021,Senior Block,CLASSROOM,1970,621,2,FAIR,2023-06-10
14418,4021,Administration Building,ADMIN,2000,699,2,FAIR,2023-10-31
14419,4021,Junior Toilets,TOILET_BLOCK,1985,638,1,FAIR,2022-04-22
14420,4021,Technology Workshop,WORKSHOP,2012,382,1,GOOD,2023-11-12
14421,4022,Block B,CLASSROOM,2002,112,2,GOOD,2023-09-09
14422,4022,Staff Block,ADMIN,1975,591,2,POOR,2023-06-03
14423,4022,Staff Facilities,TOILET_BLOCK,2013,234,1,GOOD,2020-05-25
14424,4022,Equipment Store,STORAGE,1966,35,1,FAIR,2024-06-26
14425,4022,Fitness Centre,GYM,1997,704,1,FAIR,2022-07-05
14426,4022,Metal Workshop,WORKSHOP,2005,755,2,POOR,2022-01-11
14427,4022,Assembly Hall,HALL,1961,720,1,GOOD,2021-04-28
14428,4022,School Library,LIBRARY,1965,550,2,FAIR,2020-09-11
14429,4023,Technology Block,CLASSROOM,1952,555,2,POOR,2020-11-19
14430,4023,Staff Block,ADMIN,1950,537,1,FAIR,2022-12-27
14431,4023,Staff Facilities,TOILET_BLOCK,2005,298,1,FAIR,2024-04-16
14432,4023,Fitness Centre,GYM,2002,288,2,GOOD,2020-06-22
14433,4023,School Hall,HALL,1963,100,2,FAIR,2022-02-23
14434,4026,Junior Block,CLASSROOM,2003,162,1,GOOD,2024-11-15
14435,4026,Staff Block,ADMIN,2009,253,1,GOOD,2021-05-30
14436,4026,Junior Toilets,TOILET_BLOCK,1996,353,1,POOR,2020-06-25
14437,4026,School Hall,HALL,1996,89,2,FAIR,2022-08-31
14438,4026,Learning Centre,LIBRARY,2000,624,2,FAIR,2024-11-22
14439,4026,Fitness Centre,GYM,1979,531,1,GOOD,2021-08-31
14440,4026,Changing Rooms,SPORTS_PAVILION,2012,71,1,GOOD,2021-04-12
14441,4027,Science Block,CLASSROOM,1981,355,1,POOR,2021-10-24
14442,4027,Administration Building,ADMIN,1984,599,1,FAIR,2021-09-04
14443,4027,Sports Amenities,TOILET_BLOCK,2006,652,1,POOR,2020-10-10
14444,4027,Grounds Shed,STORAGE,1995,25,1,GOOD,2024-03-26
14445,4028,Technology Block,CLASSROOM,2021,64,2,POOR,2021-06-10
14446,4028,Main Office,ADMIN,1971,576,2,GOOD,2022-10-17
14447,4028,Staff Facilities,TOILET_BLOCK,1995,230,1,POOR,2021-10-11
14448,4028,Grounds Shed,STORAGE,2008,25,1,FAIR,2024-04-16
14449,4029,Arts Block,CLASSROOM,1976,455,2,GOOD,2021-11-19
14450,4029,Main Office,ADMIN,2018,103,1,FAIR,2023-11-26
14451,4029,Senior Toilets,TOILET_BLOCK,2021,712,1,FAIR,2024-03-24
14452,4029,Changing Rooms,SPORTS_PAVILION,1969,205,1,POOR,2023-02-07
14453,4030,Block E,CLASSROOM,2013,517,1,FAIR,2021-09-08
14454,4030,Staff Block,ADMIN,2006,343,2,FAIR,2024-05-10
14455,4030,Staff Facilities,TOILET_BLOCK,1979,449,1,GOOD,2024-11-19
14456,4030,Performing Arts Centre,HALL,1975,175,1,CRITICAL,2020-11-28
14457,4030,Cricket Pavilion,SPORTS_PAVILION,2021,139,1,GOOD,2020-12-24
14458,4032,Block C,CLASSROOM,1997,295,2,FAIR,2022-08-19
14459,4032,Main Office,ADMIN,1992,770,2,FAIR,2021-03-31
14460,4032,Sports Amenities,TOILET_BLOCK,1999,556,1,FAIR,2020-06-16
14461,4032,Learning Centre,LIBRARY,1991,758,1,FAIR,2023-12-25
14462,4034,Block D,CLASSROOM,2022,212,1,FAIR,2021-10-10
14463,4034,Main Office,ADMIN,1993,294,1,FAIR,2022-01-25
14464,4034,Sports Amenities,TOILET_BLOCK,1950,95,1,FAIR,2020-10-04
14465,4034,Sports Hall,GYM,2003,205,2,CRITICAL,2021-03-28
14466,4034,Assembly Hall,HALL,1963,436,2,GOOD,2022-01-23
14467,4035,Junior Block,CLASSROOM,1975,194,1,POOR,2022-02-24
14468,4035,Administration Building,ADMIN,2001,596,2,GOOD,2023-08-16
14469,4035,Junior Toilets,TOILET_BLOCK,1974,590,1,GOOD,2023-08-09
14470,4035,Sports Pavilion,SPORTS_PAVILION,1989,682,1,FAIR,2024-04-28
14471,4035,Grounds Shed,STORAGE,1966,96,1,POOR,2024-07-13
14472,4036,Science Block,CLASSROOM,2013,204,1,POOR,2021-09-05
14473,4036,Main Office,ADMIN,1957,767,2,FAIR,2023-12-04
14474,4036,Senior Toilets,TOILET_BLOCK,1976,98,1,GOOD,2021-01-14
14475,4037,Block E,CLASSROOM,2008,315,2,FAIR,2023-03-05
14476,4037,Main Office,ADMIN,1964,369,1,GOOD,2020-05-23
14477,4037,Senior Toilets,TOILET_BLOCK,1987,405,1,GOOD,2020-07-04
14478,4046,Technology Block,CLASSROOM,1969,645,1,CRITICAL,2022-12-21
14479,4046,Staff Block,ADMIN,1979,348,1,FAIR,2022-09-27
14480,4046,Junior Toilets,TOILET_BLOCK,1975,241,1,GOOD,2024-03-22
14481,4047,Junior Block,CLASSROOM,1976,702,1,CRITICAL,2021-08-12
14482,4047,Administration Building,ADMIN,1964,349,2,GOOD,2023-03-10
14483,4047,Staff Facilities,TOILET_BLOCK,1974,169,1,FAIR,2020-08-27
14484,4047,Sports Pavilion,SPORTS_PAVILION,1987,362,1,POOR,2022-02-21
14485,4047,Resource Centre,LIBRARY,1952,601,2,GOOD,2023-07-19
14486,4047,Equipment Store,STORAGE,1973,29,1,GOOD,2020-12-31
14487,4050,Block E,CLASSROOM,1991,739,1,GOOD,2020-03-21
14488,4050,Staff Block,ADMIN,1971,235,1,POOR,2022-05-10
14489,4050,Staff Facilities,TOILET_BLOCK,1977,195,1,POOR,2020-06-26
14490,4050,Performing Arts Centre,HALL,2003,528,2,FAIR,2024-06-13
14491,4050,Fitness Centre,GYM,1982,314,1,FAIR,2021-08-16
14492,4052,Senior Block,CLASSROOM,2018,701,2,FAIR,2020-12-20
14493,4052,Administration Building,ADMIN,1964,342,2,GOOD,2022-11-15
14494,4052,Staff Facilities,TOILET_BLOCK,1995,491,1,GOOD,2021-11-14
14495,4052,Changing Rooms,SPORTS_PAVILION,1981,725,1,GOOD,2021-09-22
14496,4052,Grounds Shed,STORAGE,1973,72,1,GOOD,2021-07-03
14497,4052,Main Gymnasium,GYM,1967,65,1,FAIR,2020-06-18
14498,4052,Technology Workshop,WORKSHOP,1973,398,1,POOR,2020-01-13
14499,4052,Assembly Hall,HALL,1956,206,2,POOR,2022-07-29
14500,4053,Junior Block,CLASSROOM,2004,376,2,FAIR,2023-09-22
14501,4053,Main Office,ADMIN,2008,182,2,FAIR,2024-01-16
14502,4053,Staff Facilities,TOILET_BLOCK,1979,411,1,FAIR,2023-04-30
14503,4053,Food Technology,WORKSHOP,2011,595,1,GOOD,2024-07-30
14504,4053,Sports Store,STORAGE,1974,40,1,GOOD,2021-10-17
14505,4054,Science Block,CLASSROOM,2006,607,2,FAIR,2024-04-05
14506,4054,Staff Block,ADMIN,1983,678,2,GOOD,2023-12-20
14507,4054,Sports Amenities,TOILET_BLOCK,1950,708,1,POOR,2023-02-04
14508,4100,Block D,CLASSROOM,2016,220,1,FAIR,2022-06-15
14509,4100,Staff Block,ADMIN,1962,362,2,GOOD,2023-05-15
14510,4100,Sports Amenities,TOILET_BLOCK,2020,792,1,FAIR,2020-03-20
14511,4100,Metal Workshop,WORKSHOP,1952,247,1,GOOD,2023-04-09
14512,4100,Equipment Store,STORAGE,2007,36,1,GOOD,2020-05-28
14513,4101,Senior Block,CLASSROOM,1991,552,2,GOOD,2024-01-17
14514,4101,Main Office,ADMIN,1963,476,1,GOOD,2023-09-01
14515,4101,Staff Facilities,TOILET_BLOCK,1972,497,1,POOR,2022-04-08
14516,4101,Fitness Centre,GYM,1973,682,1,FAIR,2020-10-14
14517,4101,Maintenance Shed,STORAGE,1955,92,1,FAIR,2024-05-04
14518,4104,Senior Block,CLASSROOM,2006,514,1,FAIR,2022-10-01
14519,4104,Staff Block,ADMIN,2017,589,1,POOR,2020-01-26
14520,4104,Senior Toilets,TOILET_BLOCK,1990,84,1,GOOD,2024-02-10
14521,4105,Block A,CLASSROOM,1982,771,1,POOR,2020-07-23
14522,4105,Main Office,ADMIN,1953,78,1,CRITICAL,2023-03-07
14523,4105,Junior Toilets,TOILET_BLOCK,1954,631,1,POOR,2021-10-04
14524,4107,Block A,CLASSROOM,1951,738,1,GOOD,2024-11-14
14525,4107,Administration Building,ADMIN,1983,771,2,GOOD,2023-05-29
14526,4107,Senior Toilets,TOILET_BLOCK,2013,97,1,FAIR,2023-03-16
14527,4108,Senior Block,CLASSROOM,1970,189,2,GOOD,2023-05-25
14528,4108,Administration Building,ADMIN,2016,260,1,FAIR,2023-12-06
14529,4108,Sports Amenities,TOILET_BLOCK,2015,270,1,POOR,2023-01-15
14530,4108,Sports Store,STORAGE,1989,85,1,POOR,2024-07-11
14531,4108,Learning Centre,LIBRARY,1984,373,1,CRITICAL,2023-07-14
14532,4108,Metal Workshop,WORKSHOP,1951,605,2,GOOD,2022-03-25
14533,4108,Cricket Pavilion,SPORTS_PAVILION,1976,171,1,FAIR,2021-10-01
14534,4109,Technology Block,CLASSROOM,1991,321,2,GOOD,2024-10-31
14535,4109,Main Office,ADMIN,2003,184,2,POOR,2023-09-02
14536,4109,Senior Toilets,TOILET_BLOCK,1967,650,1,GOOD,2022-10-17
14537,4109,Equipment Store,STORAGE,2021,76,1,POOR,2021-06-21
14538,4111,Block E,CLASSROOM,2002,185,2,FAIR,2021-02-27
14539,4111,Main Office,ADMIN,2013,50,1,FAIR,2024-11-29
14540,4111,Staff Facilities,TOILET_BLOCK,1992,392,1,FAIR,2020-11-20
14541,4111,Food Technology,WORKSHOP,1965,196,1,FAIR,2023-03-28
14542,4111,Main Gymnasium,GYM,1976,549,2,GOOD,2021-11-08
14543,4112,Science Block,CLASSROOM,1961,553,1,POOR,2021-12-27
14544,4112,Main Office,ADMIN,1973,326,2,POOR,2024-06-08
14545,4112,Junior Toilets,TOILET_BLOCK,1985,405,1,GOOD,2021-02-04
14546,4116,Science Block,CLASSROOM,1951,157,1,GOOD,2023-03-05
14547,4116,Staff Block,ADMIN,1966,753,2,FAIR,2021-05-12
14548,4116,Staff Facilities,TOILET_BLOCK,2005,746,1,POOR,2023-12-31
14549,4116,Changing Rooms,SPORTS_PAVILION,1964,152,1,GOOD,2020-11-30
14550,4116,Maintenance Shed,STORAGE,2016,66,1,FAIR,2023-08-30
14551,4116,Wood Workshop,WORKSHOP,1994,601,2,GOOD,2022-12-06
14552,4116,Main Gymnasium,GYM,1957,608,1,POOR,2023-06-16
14553,4116,School Hall,HALL,1957,704,1,POOR,2022-10-27
14554,4116,Learning Centre,LIBRARY,2014,594,1,FAIR,2023-07-12
14555,4117,Block B,CLASSROOM,1952,597,2,GOOD,2024-07-04
14556,4117,Administration Building,ADMIN,1978,381,2,GOOD,2024-10-30
14557,4117,Sports Amenities,TOILET_BLOCK,2002,155,1,GOOD,2020-10-05
14558,4117,Main Gymnasium,GYM,1973,120,1,FAIR,2021-04-04
14559,4117,Food Technology,WORKSHOP,1964,637,2,GOOD,2021-07-18
14560,4118,Block E,CLASSROOM,2010,765,1,GOOD,2020-04-30
14561,4118,Staff Block,ADMIN,2020,107,1,FAIR,2024-10-20
14562,4118,Junior Toilets,TOILET_BLOCK,1977,554,1,FAIR,2021-07-20
14563,4118,School Hall,HALL,2007,424,2,FAIR,2023-06-09
14564,4118,Technology Workshop,WORKSHOP,1953,688,1,FAIR,2022-08-09
14565,4118,Main Gymnasium,GYM,1968,167,1,GOOD,2023-03-24
14566,4118,Maintenance Shed,STORAGE,1992,63,1,GOOD,2022-05-09
14567,4119,Block D,CLASSROOM,1986,217,1,GOOD,2023-08-24
14568,4119,Staff Block,ADMIN,1992,791,2,GOOD,2024-06-28
14569,4119,Staff Facilities,TOILET_BLOCK,2013,58,1,POOR,2024-03-05
14570,4119,Grounds Shed,STORAGE,2022,32,1,GOOD,2022-10-21
14571,4121,Block C,CLASSROOM,1988,401,1,GOOD,2024-03-02
14572,4121,Administration Building,ADMIN,1969,257,1,FAIR,2021-11-02
14573,4121,Staff Facilities,TOILET_BLOCK,1955,686,1,FAIR,2022-05-30
14574,4121,Wood Workshop,WORKSHOP,1991,170,1,GOOD,2024-01-14
14575,4122,Technology Block,CLASSROOM,2009,757,1,GOOD,2024-04-26
14576,4122,Administration Building,ADMIN,2002,664,2,GOOD,2022-01-27
14577,4122,Junior Toilets,TOILET_BLOCK,1986,504,1,FAIR,2023-08-07
14578,4122,Grounds Shed,STORAGE,2001,59,1,GOOD,2024-09-01
14579,4123,Junior Block,CLASSROOM,1960,294,2,CRITICAL,2021-12-20
14580,4123,Main Office,ADMIN,1997,211,2,GOOD,2024-11-25
14581,4123,Sports Amenities,TOILET_BLOCK,1958,724,1,GOOD,2022-01-19
14582,4123,Learning Centre,LIBRARY,1956,597,1,FAIR,2024-11-14
14583,4123,Sports Pavilion,SPORTS_PAVILION,1973,600,1,FAIR,2023-09-26
14584,4125,Senior Block,CLASSROOM,1978,83,1,FAIR,2023-09-25
14585,4125,Main Office,ADMIN,2017,684,2,FAIR,2023-03-08
14586,4125,Junior Toilets,TOILET_BLOCK,1987,410,1,GOOD,2022-09-15
14587,4125,Performing Arts Centre,HALL,2006,384,1,FAIR,2023-10-26
14588,4125,Cricket Pavilion,SPORTS_PAVILION,2022,133,1,FAIR,2020-07-08
14589,4125,Wood Workshop,WORKSHOP,1965,290,2,POOR,2024-08-29
14590,4125,Sports Store,STORAGE,1988,90,1,FAIR,2023-02-25
14591,4125,Sports Hall,GYM,1972,250,1,POOR,2021-06-21
14592,4126,Technology Block,CLASSROOM,1992,330,2,GOOD,2020-01-26
14593,4126,Administration Building,ADMIN,1961,564,2,GOOD,2024-06-14
14594,4126,Sports Amenities,TOILET_BLOCK,2007,568,1,GOOD,2021-08-20
14595,4126,School Hall,HALL,1953,749,2,GOOD,2020-05-05
14596,4129,Junior Block,CLASSROOM,2020,600,2,POOR,2022-01-11
14597,4129,Main Office,ADMIN,1953,717,1,FAIR,2022-05-21
14598,4129,Junior Toilets,TOILET_BLOCK,2017,499,1,POOR,2021-03-22
14599,4129,School Hall,HALL,1979,272,2,FAIR,2020-05-19
14600,4130,Science Block,CLASSROOM,2005,788,1,GOOD,2023-09-05
14601,4130,Administration Building,ADMIN,1958,680,1,FAIR,2024-04-17
14602,4130,Junior Toilets,TOILET_BLOCK,1970,202,1,GOOD,2021-12-10
14603,4131,Block A,CLASSROOM,2016,679,1,GOOD,2020-12-16
14604,4131,Staff Block,ADMIN,1959,106,2,GOOD,2020-03-22
14605,4131,Staff Facilities,TOILET_BLOCK,1991,73,1,FAIR,2024-03-23
14606,4132,Block C,CLASSROOM,2019,291,2,FAIR,2024-05-16
14607,4132,Staff Block,ADMIN,2013,430,1,FAIR,2024-06-07
14608,4132,Staff Facilities,TOILET_BLOCK,1998,257,1,FAIR,2021-10-10
14609,4132,Main Gymnasium,GYM,1997,62,2,CRITICAL,2024-10-08
14610,4132,Performing Arts Centre,HALL,2010,367,1,GOOD,2023-06-21
14611,4133,Block C,CLASSROOM,1997,473,2,FAIR,2024-07-23
14612,4133,Staff Block,ADMIN,1957,213,2,FAIR,2020-09-07
14613,4133,Senior Toilets,TOILET_BLOCK,1989,270,1,FAIR,2022-06-01
14614,4133,Maintenance Shed,STORAGE,1985,85,1,POOR,2022-07-21
14615,4133,Changing Rooms,SPORTS_PAVILION,1953,163,1,FAIR,2024-08-21
14616,4133,Wood Workshop,WORKSHOP,1953,432,1,FAIR,2023-03-01
14617,4133,Fitness Centre,GYM,2022,440,2,GOOD,2022-03-18
14618,4133,School Hall,HALL,1994,777,2,FAIR,2020-05-20
14619,4134,Block E,CLASSROOM,1963,621,2,FAIR,2024-02-24
14620,4134,Staff Block,ADMIN,1991,571,1,GOOD,2023-12-13
14621,4134,Staff Facilities,TOILET_BLOCK,2001,625,1,GOOD,2021-02-18
14622,4134,Fitness Centre,GYM,2000,765,1,GOOD,2020-12-03
14623,4134,Cricket Pavilion,SPORTS_PAVILION,1974,557,1,FAIR,2024-09-21
14624,4135,Technology Block,CLASSROOM,1953,337,2,POOR,2023-11-18
14625,4135,Main Office,ADMIN,1992,697,2,FAIR,2024-10-16
14626,4135,Sports Amenities,TOILET_BLOCK,1971,644,1,POOR,2021-11-03
14627,4135,Maintenance Shed,STORAGE,1969,93,1,GOOD,2024-10-30
14628,4135,Assembly Hall,HALL,1987,389,2,POOR,2021-03-13
14629,4135,Food Technology,WORKSHOP,1963,415,1,FAIR,2020-03-29
14630,4135,Fitness Centre,GYM,1968,244,2,GOOD,2024-10-11
14631,4136,Block C,CLASSROOM,2014,716,1,GOOD,2024-01-26
14632,4136,Administration Building,ADMIN,1993,458,1,GOOD,2021-10-03
14633,4136,Sports Amenities,TOILET_BLOCK,1976,390,1,FAIR,2023-05-31
14634,4136,Performing Arts Centre,HALL,1991,88,2,FAIR,2024-04-16
14635,4136,Fitness Centre,GYM,1994,266,2,GOOD,2022-07-09
14636,4138,Junior Block,CLASSROOM,1980,225,2,GOOD,2021-02-02
14637,4138,Main Office,ADMIN,1989,522,1,FAIR,2023-06-09
14638,4138,Staff Facilities,TOILET_BLOCK,1987,134,1,GOOD,2020-05-11
14639,4138,Learning Centre,LIBRARY,1988,448,2,GOOD,2021-09-02
14640,4138,Equipment Store,STORAGE,2017,43,1,GOOD,2022-03-19
14641,4138,Technology Workshop,WORKSHOP,2002,315,1,GOOD,2020-01-10
14642,4138,Fitness Centre,GYM,2020,730,1,FAIR,2022-04-22
14643,4140,Science Block,CLASSROOM,1982,80,2,FAIR,2020-06-26
14644,4140,Administration Building,ADMIN,1988,301,2,GOOD,2020-09-01
14645,4140,Sports Amenities,TOILET_BLOCK,2020,150,1,GOOD,2024-01-18
14646,4140,Resource Centre,LIBRARY,2001,428,1,FAIR,2021-05-31
14647,4140,Metal Workshop,WORKSHOP,1977,597,2,POOR,2022-03-27
14648,4140,Sports Store,STORAGE,2008,45,1,GOOD,2024-10-04
14649,4141,Junior Block,CLASSROOM,2006,780,1,GOOD,2021-05-21
14650,4141,Staff Block,ADMIN,1966,277,1,POOR,2022-10-21
14651,4141,Senior Toilets,TOILET_BLOCK,1967,491,1,FAIR,2023-09-25
14652,4141,Learning Centre,LIBRARY,1958,169,2,GOOD,2020-05-02
14653,4141,Maintenance Shed,STORAGE,1969,81,1,GOOD,2020-12-03
14654,4141,School Hall,HALL,1994,165,1,GOOD,2020-04-05
14655,4141,Cricket Pavilion,SPORTS_PAVILION,1978,157,1,FAIR,2022-07-01
14656,4141,Sports Hall,GYM,2008,548,2,GOOD,2021-11-12
14657,4141,Wood Workshop,WORKSHOP,2010,120,1,GOOD,2020-11-23
14658,4141,Junior Block,CLASSROOM,2015,548,1,POOR,2022-05-17
14659,4141,Block B,CLASSROOM,1985,112,2,GOOD,2023-09-05
14660,4143,Block A,CLASSROOM,1981,483,1,FAIR,2021-12-25
14661,4143,Administration Building,ADMIN,2004,594,1,FAIR,2024-12-04
14662,4143,Staff Facilities,TOILET_BLOCK,2022,677,1,GOOD,2023-02-08
14663,4143,Sports Store,STORAGE,2021,93,1,GOOD,2022-07-12
14664,4144,Block C,CLASSROOM,1983,652,2,POOR,2023-08-31
14665,4144,Main Office,ADMIN,2001,558,1,FAIR,2020-08-24
14666,4144,Sports Amenities,TOILET_BLOCK,1972,603,1,GOOD,2021-04-24
14667,4144,Assembly Hall,HALL,1957,561,1,FAIR,2020-06-30
14668,4145,Science Block,CLASSROOM,1976,532,1,POOR,2022-09-28
14669,4145,Main Office,ADMIN,1995,674,2,GOOD,2020-05-20
14670,4145,Junior Toilets,TOILET_BLOCK,1950,121,1,POOR,2022-03-17
14671,4145,Changing Rooms,SPORTS_PAVILION,1997,507,1,GOOD,2020-02-02
14672,4146,Technology Block,CLASSROOM,1966,449,2,GOOD,2022-06-02
14673,4146,Main Office,ADMIN,1982,346,1,GOOD,2021-09-10
14674,4146,Junior Toilets,TOILET_BLOCK,1979,742,1,CRITICAL,2020-11-25
14675,4146,Resource Centre,LIBRARY,1973,152,2,GOOD,2023-07-25
14676,4146,Metal Workshop,WORKSHOP,1987,412,2,GOOD,2023-08-11
14677,4147,Block B,CLASSROOM,2007,630,1,POOR,2021-09-27
14678,4147,Staff Block,ADMIN,1959,570,2,FAIR,2022-08-05
14679,4147,Junior Toilets,TOILET_BLOCK,2017,59,1,POOR,2021-07-14
14680,4149,Block B,CLASSROOM,1988,418,1,POOR,2022-02-19
14681,4149,Administration Building,ADMIN,1965,609,2,GOOD,2024-06-24
14682,4149,Sports Amenities,TOILET_BLOCK,2004,174,1,FAIR,2021-05-09
14683,4149,Resource Centre,LIBRARY,1954,530,1,GOOD,2024-11-24
14684,4149,Technology Workshop,WORKSHOP,1979,74,1,POOR,2024-08-16
14685,4149,Performing Arts Centre,HALL,1997,534,1,POOR,2021-02-24
14686,4150,Senior Block,CLASSROOM,1990,296,1,FAIR,2024-05-08
14687,4150,Main Office,ADMIN,1996,69,1,GOOD,2020-07-16
14688,4150,Sports Amenities,TOILET_BLOCK,2007,516,1,FAIR,2020-06-07
14689,4150,Equipment Store,STORAGE,2014,53,1,GOOD,2023-12-09
14690,4150,Performing Arts Centre,HALL,1995,414,2,GOOD,2021-11-23
14691,4151,Block C,CLASSROOM,1976,576,2,POOR,2024-11-05
14692,4151,Main Office,ADMIN,2015,357,2,GOOD,2024-10-21
14693,4151,Senior Toilets,TOILET_BLOCK,1995,798,1,FAIR,2020-08-30
14694,4151,Performing Arts Centre,HALL,1967,389,1,GOOD,2020-06-22
14695,4154,Block C,CLASSROOM,2020,662,2,GOOD,2022-03-18
14696,4154,Main Office,ADMIN,1982,62,1,GOOD,2024-11-16
14697,4154,Junior Toilets,TOILET_BLOCK,1952,644,1,FAIR,2021-04-23
14698,4154,Main Gymnasium,GYM,2002,433,1,FAIR,2020-12-28
14699,4156,Arts Block,CLASSROOM,1989,177,2,FAIR,2021-05-12
14700,4156,Administration Building,ADMIN,1996,255,2,FAIR,2022-04-10
14701,4156,Junior Toilets,TOILET_BLOCK,1973,676,1,GOOD,2020-05-01
14702,4157,Technology Block,CLASSROOM,2018,427,2,GOOD,2023-10-14
14703,4157,Administration Building,ADMIN,2003,113,2,POOR,2022-10-04
14704,4157,Junior Toilets,TOILET_BLOCK,1999,407,1,FAIR,2023-10-03
14705,4158,Block D,CLASSROOM,1965,221,1,POOR,2024-02-23
14706,4158,Staff Block,ADMIN,1975,149,1,POOR,2022-04-12
14707,4158,Sports Amenities,TOILET_BLOCK,1982,464,1,FAIR,2021-01-26
14708,4158,Assembly Hall,HALL,1979,749,2,GOOD,2023-11-28
14709,4158,Resource Centre,LIBRARY,2016,740,2,GOOD,2021-06-29
14710,4158,Grounds Shed,STORAGE,1962,23,1,GOOD,2022-11-20
14711,4158,Cricket Pavilion,SPORTS_PAVILION,1994,422,1,GOOD,2024-08-29
14712,4158,Main Gymnasium,GYM,1966,391,1,GOOD,2020-07-06
14713,4158,Food Technology,WORKSHOP,1975,61,2,GOOD,2023-02-19
14714,4158,Block B,CLASSROOM,1973,173,1,POOR,2020-11-05
14715,4158,Technology Block,CLASSROOM,2010,80,1,FAIR,2022-11-03
14716,4160,Science Block,CLASSROOM,1963,575,2,FAIR,2021-12-26
14717,4160,Staff Block,ADMIN,1979,776,1,FAIR,2021-12-23
14718,4160,Senior Toilets,TOILET_BLOCK,2021,415,1,GOOD,2020-10-26
14719,4160,Metal Workshop,WORKSHOP,1984,108,1,POOR,2020-09-07
14720,4160,Sports Hall,GYM,1963,382,1,FAIR,2022-06-15
14721,4204,Block B,CLASSROOM,1981,706,2,CRITICAL,2024-10-12
14722,4204,Administration Building,ADMIN,2021,760,2,FAIR,2020-07-17
14723,4204,Junior Toilets,TOILET_BLOCK,1967,262,1,POOR,2020-03-02
14724,4204,Metal Workshop,WORKSHOP,1957,515,2,FAIR,2022-11-21
14725,4204,Cricket Pavilion,SPORTS_PAVILION,1977,286,1,GOOD,2024-05-11
14726,4204,Sports Store,STORAGE,2006,50,1,POOR,2020-02-15
14727,4205,Block B,CLASSROOM,1958,584,2,GOOD,2021-02-18
14728,4205,Administration Building,ADMIN,1951,203,2,POOR,2023-07-17
14729,4205,Junior Toilets,TOILET_BLOCK,1997,348,1,GOOD,2021-04-23
14730,4205,Wood Workshop,WORKSHOP,1967,369,1,POOR,2024-05-20
14731,4205,Cricket Pavilion,SPORTS_PAVILION,1999,536,1,FAIR,2021-06-13
14732,4207,Technology Block,CLASSROOM,1972,446,1,FAIR,2022-01-17
14733,4207,Staff Block,ADMIN,2014,721,1,GOOD,2021-05-30
14734,4207,Senior Toilets,TOILET_BLOCK,1984,776,1,FAIR,2024-01-05
14735,4208,Science Block,CLASSROOM,2001,547,2,GOOD,2021-03-14
14736,4208,Staff Block,ADMIN,1977,748,1,GOOD,2022-09-25
14737,4208,Staff Facilities,TOILET_BLOCK,1951,117,1,FAIR,2021-06-05
14738,4208,Learning Centre,LIBRARY,2022,180,1,GOOD,2023-04-20
14739,4208,Equipment Store,STORAGE,1959,97,1,GOOD,2022-11-24
14740,4209,Block C,CLASSROOM,2006,408,2,FAIR,2022-07-24
14741,4209,Administration Building,ADMIN,1985,702,2,FAIR,2023-04-08
14742,4209,Sports Amenities,TOILET_BLOCK,2005,125,1,FAIR,2023-09-01
14743,4211,Block C,CLASSROOM,1968,199,2,GOOD,2022-09-12
14744,4211,Administration Building,ADMIN,1967,435,1,POOR,2022-02-26
14745,4211,Sports Amenities,TOILET_BLOCK,2018,333,1,POOR,2021-05-16
14746,4212,Arts Block,CLASSROOM,1986,637,1,POOR,2022-04-19
14747,4212,Main Office,ADMIN,1973,338,2,GOOD,2020-02-16
14748,4212,Senior Toilets,TOILET_BLOCK,2009,701,1,GOOD,2021-04-16
14749,4212,Resource Centre,LIBRARY,1981,80,2,FAIR,2023-04-01
14750,4212,Fitness Centre,GYM,1954,90,2,GOOD,2020-08-30
14751,4212,Food Technology,WORKSHOP,2012,787,2,POOR,2023-04-24
14752,4212,Equipment Store,STORAGE,1995,80,1,POOR,2024-10-31
14753,4212,School Hall,HALL,1999,799,2,FAIR,2022-01-13
14754,4217,Technology Block,CLASSROOM,2014,555,2,GOOD,2020-09-16
14755,4217,Administration Building,ADMIN,1992,531,1,FAIR,2022-04-01
14756,4217,Junior Toilets,TOILET_BLOCK,1951,227,1,POOR,2023-06-06
14757,4217,Assembly Hall,HALL,1951,723,1,POOR,2022-08-18
14758,4218,Junior Block,CLASSROOM,1980,229,1,POOR,2021-12-08
14759,4218,Staff Block,ADMIN,1957,151,2,FAIR,2024-08-10
14760,4218,Staff Facilities,TOILET_BLOCK,1952,290,1,POOR,2021-06-16
14761,4218,Equipment Store,STORAGE,1980,81,1,FAIR,2023-12-25
14762,4223,Senior Block,CLASSROOM,2014,567,1,POOR,2022-05-26
14763,4223,Administration Building,ADMIN,1996,778,2,FAIR,2020-06-23
14764,4223,Sports Amenities,TOILET_BLOCK,1952,564,1,POOR,2021-04-06
14765,4223,Grounds Shed,STORAGE,1963,97,1,FAIR,2024-05-23
14766,4223,Main Gymnasium,GYM,2003,621,1,CRITICAL,2022-10-29
14767,4226,Block B,CLASSROOM,1981,250,2,FAIR,2024-02-22
14768,4226,Administration Building,ADMIN,1978,460,1,FAIR,2021-08-24
14769,4226,Staff Facilities,TOILET_BLOCK,1974,416,1,FAIR,2023-08-12
14770,4226,Main Gymnasium,GYM,1999,386,2,GOOD,2020-11-15
14771,4226,Cricket Pavilion,SPORTS_PAVILION,2000,272,1,GOOD,2024-10-02
14772,4227,Junior Block,CLASSROOM,1978,783,1,GOOD,2020-04-18
14773,4227,Main Office,ADMIN,2013,420,1,POOR,2023-10-01
14774,4227,Junior Toilets,TOILET_BLOCK,1966,134,1,GOOD,2020-04-01
14775,4227,Resource Centre,LIBRARY,2004,482,1,FAIR,2024-06-24
14776,4227,Equipment Store,STORAGE,1993,91,1,FAIR,2022-10-23
14777,4227,Assembly Hall,HALL,1996,449,2,CRITICAL,2021-05-16
14778,4227,Main Gymnasium,GYM,1968,391,2,FAIR,2022-12-02
14779,4227,Cricket Pavilion,SPORTS_PAVILION,1971,770,1,FAIR,2024-11-04
14780,4228,Block B,CLASSROOM,2006,538,2,POOR,2024-03-16
14781,4228,Administration Building,ADMIN,2006,91,2,FAIR,2024-08-24
14782,4228,Sports Amenities,TOILET_BLOCK,1965,740,1,CRITICAL,2023-08-30
14783,4228,Resource Centre,LIBRARY,2022,376,2,GOOD,2021-11-02
14784,4229,Block D,CLASSROOM,1958,183,1,GOOD,2021-10-02
14785,4229,Administration Building,ADMIN,2015,418,2,GOOD,2024-03-28
14786,4229,Junior Toilets,TOILET_BLOCK,2003,173,1,FAIR,2020-09-09
14787,4229,Food Technology,WORKSHOP,1970,609,1,CRITICAL,2022-01-29
14788,4229,Main Gymnasium,GYM,1989,252,2,FAIR,2023-12-20
14789,4230,Block D,CLASSROOM,1966,89,2,GOOD,2023-01-07
14790,4230,Administration Building,ADMIN,1990,759,2,FAIR,2024-07-11
14791,4230,Junior Toilets,TOILET_BLOCK,1969,653,1,GOOD,2020-01-13
14792,4230,Technology Workshop,WORKSHOP,1990,288,1,GOOD,2020-04-14
14793,4535,Science Block,CLASSROOM,2005,642,2,GOOD,2022-04-02
14794,4535,Main Office,ADMIN,2021,601,2,GOOD,2024-06-26
14795,4535,Staff Facilities,TOILET_BLOCK,2013,758,1,POOR,2022-09-02
14796,4541,Senior Block,CLASSROOM,1997,512,2,POOR,2023-08-06
14797,4541,Staff Block,ADMIN,1984,449,1,FAIR,2021-11-11
14798,4541,Sports Amenities,TOILET_BLOCK,1981,702,1,GOOD,2021-08-23
14799,4541,Changing Rooms,SPORTS_PAVILION,2007,160,1,CRITICAL,2022-04-20
14800,4543,Block B,CLASSROOM,2017,258,2,GOOD,2021-02-17
14801,4543,Administration Building,ADMIN,2014,124,1,CRITICAL,2024-01-02
14802,4543,Senior Toilets,TOILET_BLOCK,1981,480,1,FAIR,2021-04-25
14803,4543,Assembly Hall,HALL,2017,391,2,GOOD,2023-10-23
14804,4543,Main Gymnasium,GYM,1976,613,2,GOOD,2023-07-15
14805,4545,Block E,CLASSROOM,1963,557,2,CRITICAL,2021-01-18
14806,4545,Administration Building,ADMIN,1979,438,2,POOR,2021-03-08
14807,4545,Junior Toilets,TOILET_BLOCK,2015,183,1,GOOD,2021-12-05
14808,4546,Senior Block,CLASSROOM,1977,520,2,GOOD,2023-01-16
14809,4546,Staff Block,ADMIN,1951,685,1,POOR,2024-06-10
14810,4546,Staff Facilities,TOILET_BLOCK,2009,253,1,POOR,2022-09-14
14811,4547,Senior Block,CLASSROOM,1965,511,1,GOOD,2022-08-13
14812,4547,Staff Block,ADMIN,2003,284,2,FAIR,2020-09-07
14813,4547,Staff Facilities,TOILET_BLOCK,1958,329,1,FAIR,2023-05-01
14814,4547,Equipment Store,STORAGE,1951,89,1,CRITICAL,2021-07-25
14815,4547,School Hall,HALL,2001,336,2,POOR,2021-06-02
14816,4548,Block D,CLASSROOM,1956,660,1,POOR,2022-01-05
14817,4548,Main Office,ADMIN,1981,445,2,GOOD,2020-11-12
14818,4548,Sports Amenities,TOILET_BLOCK,1953,472,1,FAIR,2024-01-08
14819,4549,Block D,CLASSROOM,2000,93,1,FAIR,2023-11-23
14820,4549,Main Office,ADMIN,1957,451,1,GOOD,2023-12-17
14821,4549,Sports Amenities,TOILET_BLOCK,2014,413,1,FAIR,2020-07-18
14822,4550,Science Block,CLASSROOM,2020,291,1,FAIR,2023-06-26
14823,4550,Staff Block,ADMIN,1961,674,2,GOOD,2024-07-08
14824,4550,Sports Amenities,TOILET_BLOCK,2011,532,1,FAIR,2024-09-18
14825,4550,Grounds Shed,STORAGE,2000,62,1,GOOD,2021-08-04
14826,4552,Junior Block,CLASSROOM,1953,310,2,POOR,2020-08-28
14827,4552,Administration Building,ADMIN,1996,73,2,POOR,2021-05-24
14828,4552,Junior Toilets,TOILET_BLOCK,1982,606,1,GOOD,2023-10-12
14829,4552,Learning Centre,LIBRARY,1996,580,2,POOR,2023-11-17
14830,4559,Block B,CLASSROOM,2005,462,1,CRITICAL,2022-03-20
14831,4559,Administration Building,ADMIN,1990,744,2,POOR,2020-02-17
14832,4559,Junior Toilets,TOILET_BLOCK,1958,304,1,GOOD,2020-10-03
14833,4559,Technology Workshop,WORKSHOP,1986,470,1,GOOD,2021-07-05
14834,4559,Cricket Pavilion,SPORTS_PAVILION,1951,320,1,GOOD,2020-02-15
14835,4560,Senior Block,CLASSROOM,1960,209,2,GOOD,2024-06-26
14836,4560,Main Office,ADMIN,1969,171,1,GOOD,2023-01-20
14837,4560,Sports Amenities,TOILET_BLOCK,2010,587,1,GOOD,2022-12-16
14838,4566,Science Block,CLASSROOM,2020,307,2,FAIR,2021-01-25
14839,4566,Staff Block,ADMIN,1980,254,2,GOOD,2020-11-24
14840,4566,Junior Toilets,TOILET_BLOCK,2020,515,1,FAIR,2022-01-21
14841,4566,Learning Centre,LIBRARY,2012,359,1,GOOD,2021-10-12
14842,4566,Wood Workshop,WORKSHOP,2007,793,1,POOR,2023-12-15
14843,4582,Arts Block,CLASSROOM,1979,743,1,POOR,2022-10-03
14844,4582,Staff Block,ADMIN,1957,676,1,FAIR,2022-11-19
14845,4582,Junior Toilets,TOILET_BLOCK,2012,583,1,GOOD,2023-10-22
14846,4582,Assembly Hall,HALL,1981,320,1,FAIR,2024-07-22
14847,6070,Arts Block,CLASSROOM,2010,347,2,POOR,2022-10-08
14848,6070,Administration Building,ADMIN,2012,775,2,FAIR,2024-02-26
14849,6070,Senior Toilets,TOILET_BLOCK,1953,87,1,FAIR,2021-01-29
14850,6070,Wood Workshop,WORKSHOP,1972,404,1,FAIR,2020-03-27
14851,6070,Maintenance Shed,STORAGE,1957,51,1,POOR,2022-03-28
14852,6070,Performing Arts Centre,HALL,1966,705,2,FAIR,2022-03-12
14853,6070,Main Gymnasium,GYM,1970,222,2,POOR,2020-05-14
14854,6109,Block D,CLASSROOM,1995,139,2,GOOD,2023-12-04
14855,6109,Main Office,ADMIN,1978,270,1,CRITICAL,2023-12-14
14856,6109,Sports Amenities,TOILET_BLOCK,2020,546,1,FAIR,2020-05-05
14857,6109,Sports Hall,GYM,1992,302,2,FAIR,2024-09-17
14858,6110,Block E,CLASSROOM,2017,690,1,GOOD,2023-04-24
14859,6110,Main Office,ADMIN,2018,329,2,GOOD,2021-12-18
14860,6110,Senior Toilets,TOILET_BLOCK,1981,237,1,FAIR,2023-02-24
14861,6110,Learning Centre,LIBRARY,1975,777,1,FAIR,2020-04-09
14862,6111,Block E,CLASSROOM,1951,312,2,POOR,2020-09-28
14863,6111,Staff Block,ADMIN,1963,491,2,GOOD,2021-04-05
14864,6111,Junior Toilets,TOILET_BLOCK,1994,633,1,GOOD,2023-02-05
14865,6111,School Library,LIBRARY,2016,323,2,POOR,2021-02-27
14866,6113,Block B,CLASSROOM,1975,412,2,GOOD,2021-09-24
14867,6113,Main Office,ADMIN,1992,551,2,GOOD,2020-03-02
14868,6113,Senior Toilets,TOILET_BLOCK,1952,339,1,FAIR,2021-04-23
14869,6116,Block B,CLASSROOM,1963,589,1,GOOD,2020-07-06
14870,6116,Main Office,ADMIN,1986,68,1,POOR,2021-08-03
14871,6116,Staff Facilities,TOILET_BLOCK,2018,469,1,GOOD,2021-10-23
14872,6116,Sports Pavilion,SPORTS_PAVILION,2005,399,1,GOOD,2023-06-10
14873,6117,Block C,CLASSROOM,2018,126,2,POOR,2020-09-26
14874,6117,Administration Building,ADMIN,1963,250,1,FAIR,2021-10-29
14875,6117,Senior Toilets,TOILET_BLOCK,1971,686,1,GOOD,2021-01-07
14876,6117,School Hall,HALL,1972,486,2,CRITICAL,2023-02-26
14877,6117,Grounds Shed,STORAGE,1969,24,1,FAIR,2023-09-20
14878,6118,Block E,CLASSROOM,1991,313,1,GOOD,2022-04-26
14879,6118,Administration Building,ADMIN,1994,712,2,POOR,2021-11-08
14880,6118,Staff Facilities,TOILET_BLOCK,1987,342,1,POOR,2022-04-22
14881,6118,Sports Hall,GYM,1966,427,2,POOR,2021-05-26
14882,6119,Arts Block,CLASSROOM,1970,92,1,FAIR,2020-09-07
14883,6119,Administration Building,ADMIN,2016,403,1,POOR,2020-03-16
14884,6119,Staff Facilities,TOILET_BLOCK,1977,346,1,POOR,2022-03-12
14885,6119,Metal Workshop,WORKSHOP,1978,356,1,GOOD,2022-04-05
14886,6119,Changing Rooms,SPORTS_PAVILION,1970,377,1,FAIR,2020-07-21
14887,6124,Senior Block,CLASSROOM,1995,456,2,FAIR,2022-02-21
14888,6124,Administration Building,ADMIN,1996,293,2,FAIR,2022-11-02
14889,6124,Sports Amenities,TOILET_BLOCK,1989,481,1,POOR,2020-02-29
14890,6124,Grounds Shed,STORAGE,2001,46,1,FAIR,2020-11-07
14891,6125,Block D,CLASSROOM,1996,615,1,FAIR,2022-02-08
14892,6125,Main Office,ADMIN,1971,148,1,GOOD,2023-12-07
14893,6125,Senior Toilets,TOILET_BLOCK,2016,556,1,GOOD,2023-04-09
14894,6125,Equipment Store,STORAGE,2018,48,1,GOOD,2024-03-04
14895,6126,Block E,CLASSROOM,2009,701,1,FAIR,2020-12-23
14896,6126,Main Office,ADMIN,1959,172,2,GOOD,2021-06-17
14897,6126,Senior Toilets,TOILET_BLOCK,1956,645,1,POOR,2021-10-08
14898,6127,Block B,CLASSROOM,1959,744,2,GOOD,2023-05-05
14899,6127,Administration Building,ADMIN,2012,315,1,FAIR,2024-10-11
14900,6127,Junior Toilets,TOILET_BLOCK,1958,447,1,POOR,2020-10-18
14901,6127,School Library,LIBRARY,2011,575,1,GOOD,2020-04-28
14902,6127,Cricket Pavilion,SPORTS_PAVILION,1986,143,1,GOOD,2024-06-21
14903,6128,Block A,CLASSROOM,2008,584,2,FAIR,2021-12-26
14904,6128,Staff Block,ADMIN,2020,389,1,GOOD,2022-09-11
14905,6128,Senior Toilets,TOILET_BLOCK,1991,400,1,FAIR,2021-02-17
14906,6128,Metal Workshop,WORKSHOP,2008,300,1,POOR,2022-09-10
14907,6741,Block E,CLASSROOM,1982,428,2,POOR,2024-04-12
14908,6741,Staff Block,ADMIN,2006,577,1,GOOD,2021-12-15
14909,6741,Senior Toilets,TOILET_BLOCK,1965,289,1,CRITICAL,2022-07-11
14910,6741,Technology Workshop,WORKSHOP,1985,429,1,POOR,2021-11-22
14911,6741,Fitness Centre,GYM,1993,598,1,FAIR,2021-12-24
14912,6741,School Hall,HALL,2009,512,2,FAIR,2020-06-13
14913,6741,Learning Centre,LIBRARY,1988,769,1,FAIR,2024-01-26
14914,6741,Changing Rooms,SPORTS_PAVILION,2011,69,1,GOOD,2020-09-06
14915,6742,Block D,CLASSROOM,1957,638,1,GOOD,2024-01-26
14916,6742,Main Office,ADMIN,1953,560,2,GOOD,2021-03-18
14917,6742,Staff Facilities,TOILET_BLOCK,1960,71,1,POOR,2024-02-27
14918,6742,Grounds Shed,STORAGE,1955,66,1,GOOD,2022-01-28
14919,6742,Cricket Pavilion,SPORTS_PAVILION,1985,667,1,FAIR,2020-11-03
14920,6742,Fitness Centre,GYM,2008,170,2,POOR,2021-08-13
14921,6742,Resource Centre,LIBRARY,1992,336,2,GOOD,2022-08-23
14922,6742,School Hall,HALL,2017,600,2,GOOD,2020-11-06
14923,6742,Technology Workshop,WORKSHOP,1950,472,2,POOR,2023-04-26
14924,6759,Junior Block,CLASSROOM,2020,794,2,GOOD,2023-03-23
14925,6759,Staff Block,ADMIN,2016,753,1,FAIR,2022-08-13
14926,6759,Junior Toilets,TOILET_BLOCK,2006,622,1,POOR,2020-05-31
14927,6759,Metal Workshop,WORKSHOP,2012,73,1,GOOD,2022-08-24
14928,6759,Equipment Store,STORAGE,1962,98,1,POOR,2024-04-17
14929,6760,Block A,CLASSROOM,1957,169,2,GOOD,2023-02-12
14930,6760,Administration Building,ADMIN,1953,294,1,FAIR,2021-06-25
14931,6760,Senior Toilets,TOILET_BLOCK,1965,744,1,FAIR,2020-11-18
14932,6760,Wood Workshop,WORKSHOP,1984,662,2,GOOD,2024-01-06
14933,6760,Sports Store,STORAGE,2002,34,1,POOR,2024-05-13
14934,6760,Main Gymnasium,GYM,1973,330,2,FAIR,2024-02-05
14935,6760,Assembly Hall,HALL,2021,552,2,GOOD,2020-06-07
14936,6760,Learning Centre,LIBRARY,1952,643,1,GOOD,2021-07-29
14937,6760,Changing Rooms,SPORTS_PAVILION,1963,172,1,GOOD,2024-09-30
14938,6763,Block E,CLASSROOM,1991,474,2,GOOD,2023-10-10
14939,6763,Main Office,ADMIN,1952,256,1,GOOD,2020-04-04
14940,6763,Junior Toilets,TOILET_BLOCK,1962,581,1,POOR,2022-06-14
14941,6763,Main Gymnasium,GYM,2016,410,2,FAIR,2021-08-10
14942,6763,Resource Centre,LIBRARY,1956,352,2,GOOD,2023-03-13
14943,6763,Food Technology,WORKSHOP,2012,195,1,GOOD,2023-10-19
14944,6763,Equipment Store,STORAGE,2007,81,1,POOR,2024-07-06
14945,6763,Performing Arts Centre,HALL,2013,629,1,FAIR,2021-04-21
14946,6763,Changing Rooms,SPORTS_PAVILION,1976,718,1,FAIR,2023-06-07
14947,6763,Block D,CLASSROOM,2000,120,2,FAIR,2021-10-12
14948,6763,Block B,CLASSROOM,2010,726,1,GOOD,2024-02-27
14949,6783,Senior Block,CLASSROOM,1961,348,2,GOOD,2020-09-30
14950,6783,Staff Block,ADMIN,1997,136,1,POOR,2023-02-16
14951,6783,Junior Toilets,TOILET_BLOCK,1966,463,1,POOR,2022-10-06
14952,6783,Main Gymnasium,GYM,1962,83,2,FAIR,2023-02-08
14953,6783,Changing Rooms,SPORTS_PAVILION,1988,321,1,FAIR,2023-04-11
14954,6788,Block D,CLASSROOM,1959,382,1,POOR,2024-08-25
14955,6788,Administration Building,ADMIN,1960,147,1,FAIR,2023-09-30
14956,6788,Junior Toilets,TOILET_BLOCK,1994,88,1,CRITICAL,2023-01-03
14957,6788,Food Technology,WORKSHOP,1953,713,1,FAIR,2023-11-07
14958,6788,School Hall,HALL,2005,752,2,GOOD,2021-08-29
14959,6788,Cricket Pavilion,SPORTS_PAVILION,1985,498,1,GOOD,2021-11-01
14960,6788,Resource Centre,LIBRARY,1959,451,2,GOOD,2024-11-26
14961,6788,Sports Store,STORAGE,1980,83,1,GOOD,2021-04-30
14962,6788,Fitness Centre,GYM,1984,600,1,POOR,2020-08-19
14963,6788,Block A,CLASSROOM,1990,729,2,FAIR,2021-12-19
14964,6788,Senior Block,CLASSROOM,2020,181,2,GOOD,2022-01-17
14965,6788,Block D,CLASSROOM,1994,162,2,FAIR,2023-02-23
14966,6920,Arts Block,CLASSROOM,1975,207,1,POOR,2023-08-14
14967,6920,Main Office,ADMIN,1981,769,2,FAIR,2024-02-16
14968,6920,Sports Amenities,TOILET_BLOCK,1995,381,1,GOOD,2021-01-06
14969,6920,Maintenance Shed,STORAGE,2013,57,1,GOOD,2021-03-09
14970,6920,Main Gymnasium,GYM,2011,592,1,FAIR,2020-08-30
14971,6920,Sports Pavilion,SPORTS_PAVILION,1982,78,1,GOOD,2021-02-13
14972,6920,Metal Workshop,WORKSHOP,2018,220,1,POOR,2020-10-31
14973,6920,Resource Centre,LIBRARY,2017,426,1,FAIR,2023-12-10
14974,6920,School Hall,HALL,1952,332,2,GOOD,2024-09-11
14975,6920,Junior Block,CLASSROOM,2021,346,1,FAIR,2021-05-19
14976,6920,Arts Block,CLASSROOM,1968,533,2,GOOD,2023-10-12
14977,6921,Junior Block,CLASSROOM,2008,146,1,GOOD,2023-08-05
14978,6921,Main Office,ADMIN,1992,486,2,GOOD,2022-02-14
14979,6921,Staff Facilities,TOILET_BLOCK,2000,696,1,FAIR,2020-11-02
14980,6921,Maintenance Shed,STORAGE,1950,26,1,GOOD,2021-09-21
14981,6921,Fitness Centre,GYM,1959,416,1,GOOD,2021-04-10
14982,6921,School Hall,HALL,2002,195,2,FAIR,2021-11-14
14983,6921,Resource Centre,LIBRARY,2000,441,1,GOOD,2024-01-22
14984,6921,Wood Workshop,WORKSHOP,2021,510,2,POOR,2021-06-19
14985,6922,Arts Block,CLASSROOM,1990,732,1,GOOD,2021-10-09
14986,6922,Administration Building,ADMIN,1997,594,2,FAIR,2023-08-17
14987,6922,Staff Facilities,TOILET_BLOCK,1981,176,1,GOOD,2021-01-18
14988,6922,Wood Workshop,WORKSHOP,1998,238,2,GOOD,2024-02-08
14989,6922,Performing Arts Centre,HALL,2014,792,1,GOOD,2023-12-30
14990,6922,Sports Hall,GYM,2010,142,1,GOOD,2020-12-10
14991,6922,Equipment Store,STORAGE,1967,59,1,POOR,2020-07-16
14992,6922,Changing Rooms,SPORTS_PAVILION,2005,329,1,FAIR,2024-05-28
14993,6929,Science Block,CLASSROOM,1963,277,2,GOOD,2024-11-29
14994,6929,Administration Building,ADMIN,2021,391,1,POOR,2021-06-17
14995,6929,Sports Amenities,TOILET_BLOCK,2003,217,1,GOOD,2022-08-31
14996,6929,Sports Store,STORAGE,1969,78,1,GOOD,2024-05-21
14997,6929,Sports Pavilion,SPORTS_PAVILION,1952,241,1,POOR,2021-02-19
14998,6929,Metal Workshop,WORKSHOP,2012,267,1,GOOD,2023-09-30
14999,6929,Resource Centre,LIBRARY,1999,197,2,GOOD,2021-10-15
15000,6929,School Hall,HALL,1978,708,1,POOR,2020-03-04
15001,6930,Block A,CLASSROOM,1960,421,1,GOOD,2022-10-09
15002,6930,Staff Block,ADMIN,1995,601,2,GOOD,2023-12-18
15003,6930,Sports Amenities,TOILET_BLOCK,1979,492,1,GOOD,2020-10-31
15004,6930,Resource Centre,LIBRARY,1973,577,1,FAIR,2023-09-26
15005,6930,Sports Pavilion,SPORTS_PAVILION,1992,679,1,GOOD,2022-05-07
15006,6930,Food Technology,WORKSHOP,1959,406,2,GOOD,2021-08-22
15007,6930,School Hall,HALL,1953,349,2,FAIR,2024-01-18
15008,6930,Sports Hall,GYM,1963,568,1,GOOD,2023-12-03
15009,6930,Sports Store,STORAGE,2020,70,1,POOR,2023-08-10
15010,6932,Junior Block,CLASSROOM,1957,699,2,GOOD,2021-01-11
15011,6932,Main Office,ADMIN,1968,457,1,CRITICAL,2022-11-06
15012,6932,Staff Facilities,TOILET_BLOCK,1993,384,1,FAIR,2021-01-22
15013,6932,Technology Workshop,WORKSHOP,1957,475,1,GOOD,2024-11-28
15014,6932,Sports Pavilion,SPORTS_PAVILION,1958,735,1,GOOD,2022-05-11
15015,6932,Fitness Centre,GYM,1985,707,2,FAIR,2023-02-12
15016,6937,Science Block,CLASSROOM,2017,301,2,GOOD,2020-02-19
15017,6937,Main Office,ADMIN,1976,119,1,GOOD,2023-04-05
15018,6937,Junior Toilets,TOILET_BLOCK,1954,519,1,GOOD,2021-10-21
15019,6937,Changing Rooms,SPORTS_PAVILION,1961,681,1,FAIR,2024-02-09
15020,6937,School Library,LIBRARY,1967,482,2,POOR,2020-04-19
15021,6937,Wood Workshop,WORKSHOP,1950,172,1,GOOD,2023-11-27
15022,6937,Fitness Centre,GYM,1977,80,2,GOOD,2020-01-04
15023,6937,Sports Store,STORAGE,2014,50,1,POOR,2021-12-22
15024,6939,Block E,CLASSROOM,1995,398,1,FAIR,2023-02-20
15025,6939,Staff Block,ADMIN,2020,618,2,FAIR,2023-06-06
15026,6939,Junior Toilets,TOILET_BLOCK,1981,736,1,GOOD,2023-03-26
15027,6939,Sports Pavilion,SPORTS_PAVILION,2005,174,1,GOOD,2024-09-03
15028,6939,Wood Workshop,WORKSHOP,1958,578,2,POOR,2024-10-21
15029,6939,School Library,LIBRARY,1987,293,1,FAIR,2024-06-11
15030,6939,School Hall,HALL,1994,394,2,FAIR,2024-07-03
15031,6940,Block C,CLASSROOM,1975,624,2,FAIR,2020-10-24
15032,6940,Administration Building,ADMIN,2009,127,1,FAIR,2024-03-22
15033,6940,Staff Facilities,TOILET_BLOCK,1970,530,1,CRITICAL,2024-09-21
15034,6940,Maintenance Shed,STORAGE,1962,36,1,FAIR,2024-01-04
15035,6940,Main Gymnasium,GYM,2020,95,2,GOOD,2021-10-24
15036,6940,Cricket Pavilion,SPORTS_PAVILION,1991,89,1,GOOD,2023-02-28
15037,6941,Block C,CLASSROOM,2013,137,2,CRITICAL,2021-03-26
15038,6941,Staff Block,ADMIN,1980,159,1,FAIR,2023-10-08
15039,6941,Staff Facilities,TOILET_BLOCK,1952,740,1,GOOD,2021-03-13
15040,6941,Changing Rooms,SPORTS_PAVILION,2007,386,1,GOOD,2024-11-07
15041,6941,School Hall,HALL,1958,455,1,GOOD,2020-08-28
15042,6941,Food Technology,WORKSHOP,1995,426,2,FAIR,2022-10-12
15043,6941,Grounds Shed,STORAGE,1950,64,1,POOR,2021-03-04
15044,6944,Block C,CLASSROOM,1979,162,1,GOOD,2024-01-08
15045,6944,Administration Building,ADMIN,1950,729,2,GOOD,2022-06-20
15046,6944,Senior Toilets,TOILET_BLOCK,1960,346,1,GOOD,2024-04-25
15047,6944,Cricket Pavilion,SPORTS_PAVILION,1982,113,1,FAIR,2023-01-02
15048,6944,Performing Arts Centre,HALL,2014,593,1,FAIR,2023-07-10
15049,6944,Resource Centre,LIBRARY,2006,599,2,CRITICAL,2020-05-10
15050,6944,Sports Store,STORAGE,1966,70,1,GOOD,2024-08-04
15051,6944,Fitness Centre,GYM,1974,316,2,POOR,2023-10-24
15052,6944,Technology Workshop,WORKSHOP,1951,186,1,POOR,2023-03-28
15053,6944,Block B,CLASSROOM,2012,608,1,FAIR,2021-08-04
15054,6944,Arts Block,CLASSROOM,2015,751,2,FAIR,2023-09-20
15055,6944,Senior Block,CLASSROOM,1987,217,2,FAIR,2020-01-23
15056,6945,Block B,CLASSROOM,1980,113,2,CRITICAL,2021-05-18
15057,6945,Main Office,ADMIN,1983,412,2,GOOD,2023-04-22
15058,6945,Senior Toilets,TOILET_BLOCK,1958,235,1,CRITICAL,2024-01-02
15059,6945,Equipment Store,STORAGE,1965,23,1,GOOD,2022-08-01
15060,6945,Main Gymnasium,GYM,1990,286,2,POOR,2024-11-27
15061,6945,Wood Workshop,WORKSHOP,1991,490,2,GOOD,2021-09-05
15062,6946,Block C,CLASSROOM,1996,216,2,FAIR,2022-05-03
15063,6946,Main Office,ADMIN,1999,722,2,FAIR,2022-09-24
15064,6946,Senior Toilets,TOILET_BLOCK,1965,451,1,CRITICAL,2022-04-06
15065,6946,School Hall,HALL,1955,291,2,FAIR,2023-03-08
15066,6946,Sports Pavilion,SPORTS_PAVILION,2018,282,1,FAIR,2021-09-25
15067,6946,Grounds Shed,STORAGE,1995,86,1,GOOD,2023-06-29
15068,6946,Food Technology,WORKSHOP,2015,605,1,GOOD,2024-04-16
15069,6946,Resource Centre,LIBRARY,1986,199,1,POOR,2020-08-28
15070,6946,Fitness Centre,GYM,1996,783,2,GOOD,2024-10-19
15071,6946,Block A,CLASSROOM,1978,259,2,FAIR,2020-03-10
15072,6946,Block A,CLASSROOM,2020,88,1,FAIR,2021-03-05
15073,6946,Senior Block,CLASSROOM,1956,74,1,FAIR,2021-02-21
15074,6947,Block E,CLASSROOM,1980,272,2,GOOD,2022-11-19
15075,6947,Staff Block,ADMIN,1954,499,2,POOR,2024-10-17
15076,6947,Junior Toilets,TOILET_BLOCK,1993,237,1,GOOD,2023-01-10
15077,6947,Changing Rooms,SPORTS_PAVILION,1982,239,1,FAIR,2023-04-26
15078,6947,Equipment Store,STORAGE,2019,49,1,GOOD,2022-09-23
15079,6947,Wood Workshop,WORKSHOP,1959,568,1,POOR,2022-09-17
15080,6947,Main Gymnasium,GYM,1958,677,2,POOR,2022-03-13
15081,6947,Resource Centre,LIBRARY,1985,518,2,FAIR,2022-08-01
15082,6947,Assembly Hall,HALL,1966,482,1,GOOD,2021-04-27
15083,6947,Block D,CLASSROOM,1973,86,1,FAIR,2021-10-31
15084,6947,Senior Block,CLASSROOM,1964,775,1,POOR,2022-04-24
15085,6948,Science Block,CLASSROOM,2002,438,1,GOOD,2024-05-09
15086,6948,Administration Building,ADMIN,1984,72,2,GOOD,2021-06-10
15087,6948,Sports Amenities,TOILET_BLOCK,2019,535,1,GOOD,2023-12-25
15088,6948,School Hall,HALL,1958,82,2,FAIR,2022-02-15
15089,6948,Learning Centre,LIBRARY,1971,491,2,GOOD,2020-09-26
15090,6948,Wood Workshop,WORKSHOP,1981,293,1,CRITICAL,2022-11-15
15091,6948,Cricket Pavilion,SPORTS_PAVILION,1960,61,1,POOR,2023-08-01
15092,6948,Maintenance Shed,STORAGE,1984,43,1,GOOD,2024-04-15
15093,6948,Sports Hall,GYM,2010,201,2,GOOD,2024-04-24
15094,6948,Junior Block,CLASSROOM,1954,195,2,FAIR,2021-02-28
15095,6955,Block E,CLASSROOM,1971,732,1,GOOD,2020-08-18
15096,6955,Staff Block,ADMIN,2005,90,2,GOOD,2022-06-11
15097,6955,Senior Toilets,TOILET_BLOCK,1991,395,1,GOOD,2022-06-05
15098,6955,Cricket Pavilion,SPORTS_PAVILION,2012,224,1,CRITICAL,2022-06-19
15099,6955,Wood Workshop,WORKSHOP,2021,764,1,POOR,2022-08-04
15100,6955,Fitness Centre,GYM,1983,374,1,FAIR,2024-01-07
15101,6955,Learning Centre,LIBRARY,1985,209,1,POOR,2021-12-28
15102,6955,Maintenance Shed,STORAGE,2022,32,1,FAIR,2021-05-07
15103,6959,Block E,CLASSROOM,1980,761,2,POOR,2020-09-18
15104,6959,Administration Building,ADMIN,1979,278,2,FAIR,2022-05-24
15105,6959,Senior Toilets,TOILET_BLOCK,1994,361,1,FAIR,2022-06-07
15106,6959,Assembly Hall,HALL,1951,386,1,FAIR,2024-04-02
15107,6959,Grounds Shed,STORAGE,1999,95,1,CRITICAL,2024-08-30
15108,6959,Sports Hall,GYM,2007,223,1,FAIR,2021-02-07
15109,6959,Cricket Pavilion,SPORTS_PAVILION,2019,425,1,GOOD,2021-03-01
15110,6959,School Library,LIBRARY,1990,68,2,FAIR,2020-01-12
15111,6960,Block C,CLASSROOM,2008,690,1,FAIR,2023-08-27
15112,6960,Main Office,ADMIN,2020,515,2,POOR,2023-11-10
15113,6960,Staff Facilities,TOILET_BLOCK,1965,582,1,GOOD,2024-11-15
15114,6960,Sports Pavilion,SPORTS_PAVILION,1996,526,1,POOR,2024-01-12
15115,6960,Resource Centre,LIBRARY,2014,111,1,GOOD,2023-07-10
15116,6960,Food Technology,WORKSHOP,2001,438,1,FAIR,2021-05-29
15117,6960,Sports Store,STORAGE,1990,89,1,FAIR,2020-05-23
15118,6960,Assembly Hall,HALL,2010,521,1,GOOD,2023-02-27
15119,6960,Fitness Centre,GYM,1969,328,2,GOOD,2020-04-04
15120,6960,Block B,CLASSROOM,2006,491,1,FAIR,2021-07-09
15121,6960,Science Block,CLASSROOM,1969,746,1,FAIR,2023-08-25
15122,6962,Arts Block,CLASSROOM,1969,192,2,GOOD,2023-03-04
15123,6962,Administration Building,ADMIN,1981,373,1,POOR,2023-04-27
15124,6962,Sports Amenities,TOILET_BLOCK,1958,235,1,POOR,2022-02-08
15125,6962,School Library,LIBRARY,1984,560,2,FAIR,2024-10-28
15126,6962,Performing Arts Centre,HALL,2013,618,1,POOR,2020-05-09
15127,6962,Wood Workshop,WORKSHOP,1959,775,2,FAIR,2020-04-07
15128,6962,Fitness Centre,GYM,1977,95,1,GOOD,2020-07-24
15129,6963,Junior Block,CLASSROOM,1959,593,1,FAIR,2021-06-28
15130,6963,Main Office,ADMIN,1987,300,1,FAIR,2022-10-31
15131,6963,Sports Amenities,TOILET_BLOCK,1956,242,1,GOOD,2021-07-22
15132,6963,Fitness Centre,GYM,1991,259,1,GOOD,2021-12-30
15133,6963,Wood Workshop,WORKSHOP,1954,584,2,CRITICAL,2024-08-26
15134,6963,Sports Pavilion,SPORTS_PAVILION,1956,681,1,GOOD,2021-10-12
15135,6963,School Library,LIBRARY,1973,310,2,FAIR,2021-01-09
15136,6963,Performing Arts Centre,HALL,2019,641,1,POOR,2024-02-04
15137,6967,Senior Block,CLASSROOM,2001,550,2,GOOD,2022-12-29
15138,6967,Administration Building,ADMIN,2017,50,1,FAIR,2020-01-29
15139,6967,Sports Amenities,TOILET_BLOCK,1952,112,1,FAIR,2022-09-18
15140,6967,Main Gymnasium,GYM,1961,219,1,POOR,2023-02-19
15141,6967,Equipment Store,STORAGE,1972,27,1,FAIR,2024-02-11
15142,6967,Resource Centre,LIBRARY,2005,354,2,FAIR,2022-03-04
15143,6967,Sports Pavilion,SPORTS_PAVILION,1996,488,1,FAIR,2022-01-10
15144,6967,Food Technology,WORKSHOP,2020,461,1,GOOD,2024-04-21
15145,6967,School Hall,HALL,2005,533,2,GOOD,2021-09-19
15146,6967,Junior Block,CLASSROOM,1969,622,1,FAIR,2023-04-25
15147,6975,Block C,CLASSROOM,1963,670,2,GOOD,2022-08-15
15148,6975,Administration Building,ADMIN,2003,719,2,GOOD,2024-12-01
15149,6975,Junior Toilets,TOILET_BLOCK,1984,633,1,FAIR,2024-05-17
15150,6975,Technology Workshop,WORKSHOP,1971,77,2,FAIR,2023-04-04
15151,6975,Sports Store,STORAGE,2005,54,1,FAIR,2024-04-20
15152,6975,Sports Pavilion,SPORTS_PAVILION,1996,754,1,FAIR,2022-07-26
15153,6975,Sports Hall,GYM,2021,320,1,FAIR,2020-02-21
15154,6975,School Library,LIBRARY,2005,594,2,GOOD,2023-09-09
15155,6976,Arts Block,CLASSROOM,2022,747,2,POOR,2020-01-28
15156,6976,Staff Block,ADMIN,1963,690,1,GOOD,2022-12-31
15157,6976,Junior Toilets,TOILET_BLOCK,1983,682,1,GOOD,2021-03-23
15158,6976,Cricket Pavilion,SPORTS_PAVILION,1970,327,1,POOR,2023-02-10
15159,6976,Learning Centre,LIBRARY,2013,601,2,GOOD,2021-02-03
15160,6976,Performing Arts Centre,HALL,1961,747,1,GOOD,2023-10-24
15161,6976,Metal Workshop,WORKSHOP,2019,438,2,FAIR,2023-09-10
15162,6976,Grounds Shed,STORAGE,1950,87,1,POOR,2023-01-13
15163,6976,Fitness Centre,GYM,2004,205,1,CRITICAL,2020-08-16
15164,6977,Block B,CLASSROOM,1983,366,1,FAIR,2020-10-17
15165,6977,Main Office,ADMIN,1999,521,2,GOOD,2021-10-04
15166,6977,Sports Amenities,TOILET_BLOCK,2017,192,1,POOR,2020-09-25
15167,6977,Grounds Shed,STORAGE,2012,24,1,POOR,2024-05-06
15168,6977,Technology Workshop,WORKSHOP,1963,520,1,FAIR,2023-12-05
15169,6977,Cricket Pavilion,SPORTS_PAVILION,1999,501,1,GOOD,2022-10-27
15170,6977,School Library,LIBRARY,2000,247,2,GOOD,2021-10-11
15171,6977,Assembly Hall,HALL,2022,242,2,CRITICAL,2023-02-17
15172,6978,Block D,CLASSROOM,1961,507,1,GOOD,2021-12-28
15173,6978,Administration Building,ADMIN,1985,771,2,POOR,2023-09-01
15174,6978,Sports Amenities,TOILET_BLOCK,1996,390,1,FAIR,2022-04-11
15175,6978,Maintenance Shed,STORAGE,1992,43,1,GOOD,2024-01-07
15176,6978,Changing Rooms,SPORTS_PAVILION,1994,620,1,POOR,2023-04-28
15177,6980,Science Block,CLASSROOM,1995,340,2,GOOD,2020-09-22
15178,6980,Main Office,ADMIN,2008,493,2,GOOD,2021-12-03
15179,6980,Staff Facilities,TOILET_BLOCK,2009,181,1,GOOD,2023-06-23
15180,6980,Grounds Shed,STORAGE,2014,81,1,GOOD,2024-04-01
15181,6980,Main Gymnasium,GYM,1992,202,2,GOOD,2024-01-20
15182,6980,Sports Pavilion,SPORTS_PAVILION,1992,611,1,POOR,2020-08-15
15183,6980,School Library,LIBRARY,1969,720,1,GOOD,2024-04-04
15184,6980,School Hall,HALL,2006,243,2,FAIR,2020-01-01
15185,6980,Food Technology,WORKSHOP,2021,349,2,CRITICAL,2020-07-19
15186,6980,Block E,CLASSROOM,1950,475,1,GOOD,2023-12-06
15187,6980,Arts Block,CLASSROOM,1958,101,1,CRITICAL,2020-10-09
15188,6980,Science Block,CLASSROOM,2005,266,1,FAIR,2023-11-06
