person_id,site_id,first_name,last_name,role,email,phone,start_date,is_active
1,1,Nikau,Gray,PRINCIPAL,nikau.gray@tekuraotekao.school.nz,023-698-4651,2020-03-29,True
2,1,Ruby,Kumar,SITE_MANAGER,ruby.kumar@tekuraotekao.school.nz,022-993-8714,2020-01-18,True
3,1,Aria,Roberts,HS_REP,aria.roberts@tekuraotekao.school.nz,023-461-7098,2022-01-03,True
4,1,Nathan,Henare,CARETAKER,nathan.henare@tekuraotekao.school.nz,028-436-4702,2021-02-05,True
5,2,Grace,Johnston,PRINCIPAL,grace.johnston@taipaareaschool.school.nz,025-743-4703,2020-01-20,True
6,2,Scott,Russell,SITE_MANAGER,scott.russell@taipaareaschool.school.nz,021-909-5891,2021-06-07,True
7,2,Amelia,Jones,HS_REP,amelia.jones@taipaareaschool.school.nz,028-262-7672,2022-04-25,True
8,2,Jessica,Mitchell,CARETAKER,jessica.mitchell@taipaareaschool.school.nz,026-591-9919,2020-07-22,True
9,3,Rachel,Palmer,PRINCIPAL,rachel.palmer@kaitaiacollege.school.nz,028-970-3489,2021-12-15,True
10,3,Holly,Robinson,SITE_MANAGER,holly.robinson@kaitaiacollege.school.nz,027-689-3593,2020-12-10,True
11,3,Matiu,Tamati,HS_REP,matiu.tamati@kaitaiacollege.school.nz,027-627-5082,2022-04-14,True
12,4,Tia,Jones,PRINCIPAL,tia.jones@whangaroacolleg.school.nz,024-984-5980,2021-10-08,True
13,4,Ethan,Singh,SITE_MANAGER,ethan.singh@whangaroacolleg.school.nz,025-202-3646,2022-07-01,True
14,4,Georgia,Turner,HS_REP,georgia.turner@whangaroacolleg.school.nz,025-810-1480,2022-06-24,True
15,5,Kauri,Hamilton,PRINCIPAL,kauri.hamilton@kerikerihighsch.school.nz,028-250-9046,2021-07-02,True
16,5,Ben,Rewi,SITE_MANAGER,ben.rewi@kerikerihighsch.school.nz,026-632-3496,2020-05-10,True
17,5,Sam,Hill,HS_REP,sam.hill@kerikerihighsch.school.nz,024-969-3929,2020-03-31,True
18,6,Mason,Te Huia,PRINCIPAL,mason.te huia@broadwoodareasc.school.nz,027-733-3057,2022-05-01,True
19,6,Shane,Edwards,SITE_MANAGER,shane.edwards@broadwoodareasc.school.nz,026-285-4086,2020-11-16,True
20,6,James,Harawira,HS_REP,james.harawira@broadwoodareasc.school.nz,028-754-6929,2021-03-13,True
21,6,Ryan,Stewart,CARETAKER,ryan.stewart@broadwoodareasc.school.nz,022-994-2398,2020-08-21,True
22,7,Jack,Martin,PRINCIPAL,jack.martin@okaihaucollege.school.nz,024-930-4763,2022-06-03,True
23,7,Kylie,Gray,SITE_MANAGER,kylie.gray@okaihaucollege.school.nz,021-455-3837,2021-02-18,True
24,7,Emma,Te Huia,HS_REP,emma.te huia@okaihaucollege.school.nz,025-521-3024,2020-09-05,True
25,8,Aroha,Taylor,PRINCIPAL,aroha.taylor@bayofislandscol.school.nz,023-796-9677,2021-11-14,True
26,8,Kauri,Palmer,SITE_MANAGER,kauri.palmer@bayofislandscol.school.nz,022-708-1900,2020-02-22,True
27,8,Matthew,Stewart,HS_REP,matthew.stewart@bayofislandscol.school.nz,025-591-2407,2022-08-19,True
28,9,James,Gray,PRINCIPAL,james.gray@northlandcolleg.school.nz,021-278-8495,2022-02-03,True
29,9,Mark,Baker,SITE_MANAGER,mark.baker@northlandcolleg.school.nz,024-812-7451,2021-07-17,True
30,9,Tia,Campbell,HS_REP,tia.campbell@northlandcolleg.school.nz,024-583-8220,2021-07-07,True
31,9,Scott,Smith,CARETAKER,scott.smith@northlandcolleg.school.nz,028-398-8787,2021-11-15,True
32,10,Shane,Russell,PRINCIPAL,shane.russell@tekurataumataop.school.nz,021-671-3534,2020-05-01,True
33,10,Grant,Edwards,SITE_MANAGER,grant.edwards@tekurataumataop.school.nz,022-777-7358,2022-04-25,True
34,10,Jessica,Martin,HS_REP,jessica.martin@tekurataumataop.school.nz,026-732-4420,2020-11-21,True
35,11,Tia,Harris,PRINCIPAL,tia.harris@opononiareascho.school.nz,021-974-1888,2020-11-22,True
36,11,Joanne,Russell,SITE_MANAGER,joanne.russell@opononiareascho.school.nz,021-418-6453,2021-10-06,True
37,11,Isla,Anderson,HS_REP,isla.anderson@opononiareascho.school.nz,024-895-6576,2022-07-10,True
38,11,Ethan,Gallagher,CARETAKER,ethan.gallagher@opononiareascho.school.nz,027-549-3821,2021-01-17,True
39,12,Isla,Rewi,PRINCIPAL,isla.rewi@tauraroaareasch.school.nz,025-207-6830,2020-07-18,True
40,12,Joanne,Mitchell,SITE_MANAGER,joanne.mitchell@tauraroaareasch.school.nz,025-299-7290,2022-08-15,True
41,12,Mere,Hamilton,HS_REP,mere.hamilton@tauraroaareasch.school.nz,023-840-7868,2022-04-26,True
42,12,Jessica,Johnston,CARETAKER,jessica.johnston@tauraroaareasch.school.nz,021-269-1788,2021-08-03,True
43,13,Michelle,Robinson,PRINCIPAL,michelle.robinson@tekamohighschoo.school.nz,022-752-2231,2021-05-23,True
44,13,Noah,Burns,SITE_MANAGER,noah.burns@tekamohighschoo.school.nz,026-953-7373,2022-03-10,True
45,13,Reuben,Bennett,HS_REP,reuben.bennett@tekamohighschoo.school.nz,022-786-9935,2021-03-29,True
46,14,Tracey,Turner,PRINCIPAL,tracey.turner@tikipungahighsc.school.nz,022-942-4582,2020-09-17,True
47,14,Kylie,Henderson,SITE_MANAGER,kylie.henderson@tikipungahighsc.school.nz,023-245-7430,2021-08-23,True
48,14,Lisa,Nguyen,HS_REP,lisa.nguyen@tikipungahighsc.school.nz,028-398-4248,2021-09-03,True
49,15,Freya,Martin,PRINCIPAL,freya.martin@whangāreiboyshi.school.nz,023-737-2073,2022-01-24,True
50,15,Simon,Harawira,SITE_MANAGER,simon.harawira@whangāreiboyshi.school.nz,021-293-6923,2020-01-21,True
51,15,Georgia,Kumar,HS_REP,georgia.kumar@whangāreiboyshi.school.nz,021-821-8476,2020-09-22,True
52,16,Hemi,Mahuta,PRINCIPAL,hemi.mahuta@whangāreigirlsh.school.nz,025-105-6378,2020-06-27,True
53,16,Wiremu,Mahuta,SITE_MANAGER,wiremu.mahuta@whangāreigirlsh.school.nz,022-830-9910,2020-02-15,True
54,16,Brooke,Stewart,HS_REP,brooke.stewart@whangāreigirlsh.school.nz,028-115-9958,2021-06-15,True
55,16,Liam,Clarke,CARETAKER,liam.clarke@whangāreigirlsh.school.nz,027-800-4711,2020-06-03,True
56,17,Amelia,Lee,PRINCIPAL,amelia.lee@pompalliercatho.school.nz,027-780-9781,2022-07-03,True
57,17,Stacey,Murray,SITE_MANAGER,stacey.murray@pompalliercatho.school.nz,022-614-7684,2022-03-21,True
58,17,Craig,Green,HS_REP,craig.green@pompalliercatho.school.nz,021-248-2627,2022-03-20,True
59,18,Maia,Stewart,PRINCIPAL,maia.stewart@mangakahiaareas.school.nz,023-902-5469,2020-06-15,True
60,18,Jessica,Mahuta,SITE_MANAGER,jessica.mahuta@mangakahiaareas.school.nz,027-667-8732,2022-04-20,True
61,18,Matthew,Collins,HS_REP,matthew.collins@mangakahiaareas.school.nz,027-521-6493,2020-06-21,True
62,19,Kauri,Turner,PRINCIPAL,kauri.turner@dargavillehighs.school.nz,026-239-5531,2022-01-19,True
63,19,Wiremu,Harris,SITE_MANAGER,wiremu.harris@dargavillehighs.school.nz,028-894-6939,2020-02-05,True
64,19,Mason,Hamilton,HS_REP,mason.hamilton@dargavillehighs.school.nz,023-536-5332,2020-09-21,True
65,19,Matthew,White,CARETAKER,matthew.white@dargavillehighs.school.nz,022-173-9249,2022-08-18,True
66,20,Scott,Wong,PRINCIPAL,scott.wong@breambaycollege.school.nz,025-406-3853,2020-10-18,True
67,20,Mason,Harris,SITE_MANAGER,mason.harris@breambaycollege.school.nz,022-731-6588,2020-02-14,True
68,20,Sophie,Kim,HS_REP,sophie.kim@breambaycollege.school.nz,026-775-5774,2020-01-06,True
69,20,Andrew,Morgan,CARETAKER,andrew.morgan@breambaycollege.school.nz,021-665-2232,2020-03-28,True
70,21,Sam,Edwards,PRINCIPAL,sam.edwards@otamateahighsch.school.nz,022-344-5006,2021-11-16,True
71,21,Emma,Mitchell,SITE_MANAGER,emma.mitchell@otamateahighsch.school.nz,021-314-8085,2022-03-25,True
72,21,Luke,Clarke,HS_REP,luke.clarke@otamateahighsch.school.nz,027-771-5053,2021-08-25,True
73,21,Emma,Hamilton,CARETAKER,emma.hamilton@otamateahighsch.school.nz,026-929-4221,2020-07-19,True
74,22,Tracey,Williams,PRINCIPAL,tracey.williams@ruawaicollege.school.nz,024-414-7424,2022-04-22,True
75,22,Tane,White,SITE_MANAGER,tane.white@ruawaicollege.school.nz,024-283-3483,2021-01-21,True
76,22,Ihaia,Tamati,HS_REP,ihaia.tamati@ruawaicollege.school.nz,023-214-7289,2021-04-07,True
77,22,Shane,White,CARETAKER,shane.white@ruawaicollege.school.nz,024-991-5375,2021-03-17,True
78,23,Michael,Baker,PRINCIPAL,michael.baker@rodneycollege.school.nz,021-353-8282,2020-03-22,True
79,23,Simon,Wilson,SITE_MANAGER,simon.wilson@rodneycollege.school.nz,022-405-3072,2022-06-16,True
80,23,Brooke,Wilson,HS_REP,brooke.wilson@rodneycollege.school.nz,025-224-4853,2020-05-14,True
81,23,Kaia,Rewi,CARETAKER,kaia.rewi@rodneycollege.school.nz,021-865-4298,2020-06-24,True
82,24,Simon,Thompson,PRINCIPAL,simon.thompson@mahurangicolleg.school.nz,024-813-8441,2020-06-18,True
83,24,Max,Parker,SITE_MANAGER,max.parker@mahurangicolleg.school.nz,023-384-3148,2021-04-18,True
84,24,Ruby,Russell,HS_REP,ruby.russell@mahurangicolleg.school.nz,024-642-9091,2021-04-08,True
85,25,David,Johnston,PRINCIPAL,david.johnston@orewacollege.school.nz,021-802-7643,2021-04-21,True
86,25,Isla,Tamati,SITE_MANAGER,isla.tamati@orewacollege.school.nz,023-397-3573,2021-07-19,True
87,25,Isla,Clarke,HS_REP,isla.clarke@orewacollege.school.nz,021-282-1358,2022-06-09,True
88,25,Ethan,Roberts,CARETAKER,ethan.roberts@orewacollege.school.nz,024-403-4363,2020-12-29,True
89,26,Ben,Clarke,PRINCIPAL,ben.clarke@kaiparacollege.school.nz,026-714-1296,2020-04-29,True
90,26,Mason,Collins,SITE_MANAGER,mason.collins@kaiparacollege.school.nz,024-993-2781,2022-03-14,True
91,26,Nikau,Smith,HS_REP,nikau.smith@kaiparacollege.school.nz,023-778-1159,2022-04-24,True
92,27,Nikau,Lee,PRINCIPAL,nikau.lee@longbaycollege.school.nz,025-333-2232,2021-12-07,True
93,27,Ryan,Johnston,SITE_MANAGER,ryan.johnston@longbaycollege.school.nz,022-986-1981,2020-03-15,True
94,27,Lisa,Tamati,HS_REP,lisa.tamati@longbaycollege.school.nz,023-792-6405,2021-07-30,True
95,27,Hayley,Henderson,CARETAKER,hayley.henderson@longbaycollege.school.nz,027-721-3846,2020-02-23,True
96,28,Amelia,Young,PRINCIPAL,amelia.young@rangitotocolleg.school.nz,021-376-5980,2021-04-09,True
97,28,Moana,Williams,SITE_MANAGER,moana.williams@rangitotocolleg.school.nz,027-224-2428,2021-02-16,True
98,28,Olivia,Henderson,HS_REP,olivia.henderson@rangitotocolleg.school.nz,023-177-8025,2021-04-24,True
99,29,Nikau,Walker,PRINCIPAL,nikau.walker@kristinschool.school.nz,023-948-8623,2021-06-21,True
100,29,Amelia,Baker,SITE_MANAGER,amelia.baker@kristinschool.school.nz,023-905-8960,2021-12-04,True
101,29,Scott,Te Huia,HS_REP,scott.te huia@kristinschool.school.nz,025-956-9755,2020-02-24,True
102,29,Amber,Anderson,CARETAKER,amber.anderson@kristinschool.school.nz,024-429-5304,2020-02-23,True
103,30,David,Mahuta,PRINCIPAL,david.mahuta@glenfieldcolleg.school.nz,023-323-8384,2021-05-03,True
104,30,Amelia,Smith,SITE_MANAGER,amelia.smith@glenfieldcolleg.school.nz,025-582-9486,2022-05-09,True
105,30,Grace,Anderson,HS_REP,grace.anderson@glenfieldcolleg.school.nz,023-272-8531,2022-01-14,True
106,30,Rawiri,Walker,CARETAKER,rawiri.walker@glenfieldcolleg.school.nz,023-284-7495,2021-08-12,True
107,31,Tracey,Palmer,PRINCIPAL,tracey.palmer@birkenheadcolle.school.nz,021-302-2126,2022-04-06,True
108,31,Sophie,Robinson,SITE_MANAGER,sophie.robinson@birkenheadcolle.school.nz,024-890-3408,2021-01-14,True
109,31,Emma,Smith,HS_REP,emma.smith@birkenheadcolle.school.nz,026-153-7068,2020-05-12,True
110,31,Josh,Johnston,CARETAKER,josh.johnston@birkenheadcolle.school.nz,026-282-5309,2020-09-09,True
111,32,Sarah,Edwards,PRINCIPAL,sarah.edwards@northcotecolleg.school.nz,026-300-9814,2022-06-26,True
112,32,Michael,Taylor,SITE_MANAGER,michael.taylor@northcotecolleg.school.nz,023-714-5436,2020-08-14,True
113,32,Grant,Rewi,HS_REP,grant.rewi@northcotecolleg.school.nz,026-949-9725,2022-08-16,True
114,35,Sarah,Mahuta,PRINCIPAL,sarah.mahuta@carmelcollege.school.nz,021-177-9737,2021-02-02,True
115,35,Luke,Turner,SITE_MANAGER,luke.turner@carmelcollege.school.nz,027-562-8467,2021-09-25,True
116,35,Simon,Turner,HS_REP,simon.turner@carmelcollege.school.nz,025-301-2994,2020-01-26,True
117,36,Ben,Singh,PRINCIPAL,ben.singh@takapunagrammar.school.nz,021-885-8958,2021-01-29,True
118,36,Aroha,Wright,SITE_MANAGER,aroha.wright@takapunagrammar.school.nz,028-532-8298,2020-04-25,True
119,36,Grace,Kumar,HS_REP,grace.kumar@takapunagrammar.school.nz,026-740-6164,2021-04-19,True
120,37,Liam,Te Huia,PRINCIPAL,liam.te huia@westlakeboyshig.school.nz,022-156-7641,2021-02-03,True
121,37,Isla,Campbell,SITE_MANAGER,isla.campbell@westlakeboyshig.school.nz,026-496-7788,2022-03-01,True
122,37,Ethan,Kim,HS_REP,ethan.kim@westlakeboyshig.school.nz,021-994-5179,2021-10-22,True
123,37,Nicola,Young,CARETAKER,nicola.young@westlakeboyshig.school.nz,023-998-4947,2021-08-03,True
124,38,Max,Wilson,PRINCIPAL,max.wilson@westlakegirlshi.school.nz,021-992-6111,2022-06-01,True
125,38,Grant,Martin,SITE_MANAGER,grant.martin@westlakegirlshi.school.nz,021-518-9328,2022-04-02,True
126,38,Ihaia,Turner,HS_REP,ihaia.turner@westlakegirlshi.school.nz,022-607-2387,2021-01-20,True
127,38,Kauri,Johnston,CARETAKER,kauri.johnston@westlakegirlshi.school.nz,026-458-3998,2021-03-25,True
128,39,Paula,Brown,PRINCIPAL,paula.brown@rosminicollege.school.nz,025-732-9344,2022-08-05,True
129,39,Scott,Fitzgerald,SITE_MANAGER,scott.fitzgerald@rosminicollege.school.nz,021-213-6192,2020-11-14,True
130,39,Mere,Kumar,HS_REP,mere.kumar@rosminicollege.school.nz,022-903-9458,2021-03-09,True
131,40,Scott,Fitzgerald,PRINCIPAL,scott.fitzgerald@rutherfordcolle.school.nz,028-220-1681,2020-10-01,True
132,40,Tracey,Hill,SITE_MANAGER,tracey.hill@rutherfordcolle.school.nz,023-841-1460,2022-07-01,True
133,40,Michael,Parker,HS_REP,michael.parker@rutherfordcolle.school.nz,021-346-2374,2022-05-13,True
134,41,Simon,Scott,PRINCIPAL,simon.scott@macleanscollege.school.nz,021-496-5478,2021-02-05,True
135,41,Mere,Morgan,SITE_MANAGER,mere.morgan@macleanscollege.school.nz,024-919-5909,2020-12-25,True
136,41,Ihaia,Young,HS_REP,ihaia.young@macleanscollege.school.nz,021-496-9153,2022-07-16,True
137,42,Andrew,Harawira,PRINCIPAL,andrew.harawira@greenbayhighsch.school.nz,025-779-4743,2020-12-06,True
138,42,Tane,Cooper,SITE_MANAGER,tane.cooper@greenbayhighsch.school.nz,025-629-9517,2020-10-25,True
139,42,Zara,Green,HS_REP,zara.green@greenbayhighsch.school.nz,028-462-3617,2021-09-23,True
140,42,Holly,Lee,CARETAKER,holly.lee@greenbayhighsch.school.nz,023-572-9727,2022-02-20,True
141,43,Kaia,Rewi,PRINCIPAL,kaia.rewi@masseyhighschoo.school.nz,021-925-1450,2022-06-12,True
142,43,Joanne,Taylor,SITE_MANAGER,joanne.taylor@masseyhighschoo.school.nz,022-345-7585,2021-07-16,True
143,43,Lisa,Scott,HS_REP,lisa.scott@masseyhighschoo.school.nz,024-703-2268,2022-03-30,True
144,44,Kaia,Henderson,PRINCIPAL,kaia.henderson@waitakerecolleg.school.nz,027-649-4213,2020-02-01,True
145,44,Sam,Lee,SITE_MANAGER,sam.lee@waitakerecolleg.school.nz,027-805-5421,2021-08-20,True
146,44,Daniel,Baker,HS_REP,daniel.baker@waitakerecolleg.school.nz,021-744-8823,2022-09-09,True
147,45,Joanne,Baker,PRINCIPAL,joanne.baker@hendersonhighsc.school.nz,021-264-8326,2020-04-26,True
148,45,Ryan,Henderson,SITE_MANAGER,ryan.henderson@hendersonhighsc.school.nz,026-910-3714,2020-09-24,True
149,45,Hayley,Watson,HS_REP,hayley.watson@hendersonhighsc.school.nz,026-355-9117,2020-07-15,True
150,45,Rachel,Patel,CARETAKER,rachel.patel@hendersonhighsc.school.nz,022-829-1823,2021-11-14,True
151,46,Maia,Jones,PRINCIPAL,maia.jones@listoncollege.school.nz,027-476-4288,2020-08-30,True
152,46,Wiremu,Gray,SITE_MANAGER,wiremu.gray@listoncollege.school.nz,022-271-1738,2020-12-09,True
153,46,Nikau,Collins,HS_REP,nikau.collins@listoncollege.school.nz,021-829-4654,2020-12-07,True
154,47,Brooke,Chen,PRINCIPAL,brooke.chen@stdominicscatho.school.nz,022-372-9561,2021-08-15,True
155,47,Ruby,Baker,SITE_MANAGER,ruby.baker@stdominicscatho.school.nz,024-998-1110,2020-02-08,True
156,47,Zara,Turner,HS_REP,zara.turner@stdominicscatho.school.nz,021-973-2259,2020-04-18,True
157,47,Noah,Gallagher,CARETAKER,noah.gallagher@stdominicscatho.school.nz,028-746-8717,2021-10-05,True
158,48,Max,Gallagher,PRINCIPAL,max.gallagher@westernspringsc.school.nz,023-737-8541,2020-10-10,True
159,48,Emma,Harris,SITE_MANAGER,emma.harris@westernspringsc.school.nz,026-260-7712,2020-03-03,True
160,48,Andrew,Henderson,HS_REP,andrew.henderson@westernspringsc.school.nz,023-827-2522,2022-05-30,True
161,49,Grace,Burns,PRINCIPAL,grace.burns@selwyncollege.school.nz,026-962-1298,2022-07-29,True
162,49,James,Williams,SITE_MANAGER,james.williams@selwyncollege.school.nz,022-673-6252,2021-01-15,True
163,49,Grant,Turner,HS_REP,grant.turner@selwyncollege.school.nz,028-380-4530,2020-01-17,True
164,49,Wiremu,Morgan,CARETAKER,wiremu.morgan@selwyncollege.school.nz,021-598-8294,2021-12-15,True
165,50,Amber,Walker,PRINCIPAL,amber.walker@stmaryscollege(.school.nz,026-914-4297,2021-07-12,True
166,50,Rachel,Nguyen,SITE_MANAGER,rachel.nguyen@stmaryscollege(.school.nz,027-927-4435,2020-02-20,True
167,50,Josh,Palmer,HS_REP,josh.palmer@stmaryscollege(.school.nz,022-979-5855,2020-10-04,True
168,50,Sophie,Chen,CARETAKER,sophie.chen@stmaryscollege(.school.nz,022-480-1970,2020-03-09,True
169,51,Shane,Gallagher,PRINCIPAL,shane.gallagher@stpaulscollege(.school.nz,028-853-2411,2022-01-06,True
170,51,Maia,Brown,SITE_MANAGER,maia.brown@stpaulscollege(.school.nz,025-807-1401,2020-03-12,True
171,51,Sarah,Te Huia,HS_REP,sarah.te huia@stpaulscollege(.school.nz,024-928-7905,2020-05-11,True
172,51,David,Henderson,CARETAKER,david.henderson@stpaulscollege(.school.nz,022-901-1667,2022-02-16,True
173,52,Aroha,Cooper,PRINCIPAL,aroha.cooper@tyndaleparkchri.school.nz,024-303-6741,2021-02-05,True
174,52,Ihaia,Harawira,SITE_MANAGER,ihaia.harawira@tyndaleparkchri.school.nz,027-801-2614,2020-12-25,True
175,52,Andrew,Smith,HS_REP,andrew.smith@tyndaleparkchri.school.nz,023-931-9559,2021-05-31,True
176,52,Zara,Patel,CARETAKER,zara.patel@tyndaleparkchri.school.nz,022-778-8965,2021-04-01,True
177,53,Josh,Henare,PRINCIPAL,josh.henare@aucklandgirlsgr.school.nz,022-866-3794,2020-06-22,True
178,53,Grant,White,SITE_MANAGER,grant.white@aucklandgirlsgr.school.nz,026-590-7194,2021-06-19,True
179,53,Anika,Te Huia,HS_REP,anika.te huia@aucklandgirlsgr.school.nz,021-695-9343,2021-04-07,True
180,54,Anika,Harris,PRINCIPAL,anika.harris@aucklandgrammar.school.nz,024-357-2753,2020-07-08,True
181,54,Mason,Kim,SITE_MANAGER,mason.kim@aucklandgrammar.school.nz,023-352-9885,2021-07-13,True
182,54,Ihaia,Mitchell,HS_REP,ihaia.mitchell@aucklandgrammar.school.nz,022-125-3284,2020-07-31,True
183,54,Josh,Taukiri,CARETAKER,josh.taukiri@aucklandgrammar.school.nz,028-698-3193,2022-02-22,True
184,57,Matthew,Rewi,PRINCIPAL,matthew.rewi@tamakicollege.school.nz,024-797-6516,2020-05-10,True
185,57,Finn,Russell,SITE_MANAGER,finn.russell@tamakicollege.school.nz,021-784-3953,2022-03-10,True
186,57,Sam,White,HS_REP,sam.white@tamakicollege.school.nz,028-996-8902,2022-04-15,True
187,58,Liam,Wilson,PRINCIPAL,liam.wilson@tangaroacollege.school.nz,022-101-5134,2020-06-04,True
188,58,Karen,Wilson,SITE_MANAGER,karen.wilson@tangaroacollege.school.nz,027-113-3617,2020-06-22,True
189,58,Mason,Harawira,HS_REP,mason.harawira@tangaroacollege.school.nz,024-594-4141,2022-06-02,True
190,59,Grant,Wong,PRINCIPAL,grant.wong@sacredheartcoll.school.nz,026-766-8210,2020-11-13,True
191,59,Karen,Williams,SITE_MANAGER,karen.williams@sacredheartcoll.school.nz,026-691-7229,2022-03-20,True
192,59,Rawiri,Watson,HS_REP,rawiri.watson@sacredheartcoll.school.nz,027-899-4441,2020-01-29,True
193,59,Maia,Martin,CARETAKER,maia.martin@sacredheartcoll.school.nz,022-101-9412,2021-04-10,True
194,60,Rawiri,Parker,PRINCIPAL,rawiri.parker@saintkentigerng.school.nz,025-840-9371,2022-07-24,True
195,60,Ethan,Nguyen,SITE_MANAGER,ethan.nguyen@saintkentigerng.school.nz,028-262-8992,2020-04-09,True
196,60,Georgia,Campbell,HS_REP,georgia.campbell@saintkentigerng.school.nz,024-750-3179,2022-03-10,True
197,61,Liam,Lee,PRINCIPAL,liam.lee@baradenecollege.school.nz,022-443-4837,2020-01-13,True
198,61,Hemi,Williams,SITE_MANAGER,hemi.williams@baradenecollege.school.nz,023-847-4801,2021-01-24,True
199,61,Matthew,Fraser,HS_REP,matthew.fraser@baradenecollege.school.nz,027-195-9910,2021-10-27,True
200,62,Luke,Baker,PRINCIPAL,luke.baker@stpeterscollege.school.nz,025-875-6577,2020-02-02,True
201,62,Grant,Russell,SITE_MANAGER,grant.russell@stpeterscollege.school.nz,024-180-9083,2020-08-12,True
202,62,Zara,Collins,HS_REP,zara.collins@stpeterscollege.school.nz,022-260-1586,2021-03-16,True
203,63,Michelle,King,PRINCIPAL,michelle.king@marcellincolleg.school.nz,022-858-4948,2022-06-03,True
204,63,Ryan,Henare,SITE_MANAGER,ryan.henare@marcellincolleg.school.nz,026-848-1058,2020-03-17,True
205,63,Andrew,Chen,HS_REP,andrew.chen@marcellincolleg.school.nz,026-783-3699,2021-07-17,True
206,64,Ruby,Turner,PRINCIPAL,ruby.turner@epsomgirlsgramm.school.nz,022-755-4768,2020-07-20,True
207,64,Brooke,Gallagher,SITE_MANAGER,brooke.gallagher@epsomgirlsgramm.school.nz,022-552-9150,2022-06-06,True
208,64,Maia,Martin,HS_REP,maia.martin@epsomgirlsgramm.school.nz,026-784-5849,2021-02-08,True
209,64,Caleb,Hill,CARETAKER,caleb.hill@epsomgirlsgramm.school.nz,026-762-5974,2021-06-30,True
210,65,Freya,Burns,PRINCIPAL,freya.burns@glendowiecolleg.school.nz,021-600-1101,2021-11-01,True
211,65,Tia,Mahuta,SITE_MANAGER,tia.mahuta@glendowiecolleg.school.nz,026-168-5063,2021-12-10,True
212,65,Brooke,Wright,HS_REP,brooke.wright@glendowiecolleg.school.nz,028-377-5444,2020-12-31,True
213,65,Brooke,Wright,CARETAKER,brooke.wright@glendowiecolleg.school.nz,021-429-8279,2022-08-07,True
214,66,Sarah,Gallagher,PRINCIPAL,sarah.gallagher@dilworthschool.school.nz,026-907-7863,2022-02-04,True
215,66,Mere,King,SITE_MANAGER,mere.king@dilworthschool.school.nz,024-900-8016,2021-11-26,True
216,66,Wiremu,Nguyen,HS_REP,wiremu.nguyen@dilworthschool.school.nz,024-207-9762,2022-01-24,True
217,67,Ethan,Hall,PRINCIPAL,ethan.hall@diocesanschoolf.school.nz,025-619-3162,2022-01-08,True
218,67,Nikau,Williams,SITE_MANAGER,nikau.williams@diocesanschoolf.school.nz,026-697-1838,2020-12-11,True
219,67,Josh,Green,HS_REP,josh.green@diocesanschoolf.school.nz,026-857-1029,2021-04-01,True
220,67,Shane,Gray,CARETAKER,shane.gray@diocesanschoolf.school.nz,025-125-5455,2022-05-18,True
221,68,Caleb,Harris,PRINCIPAL,caleb.harris@stcuthbertscoll.school.nz,022-681-3006,2021-12-01,True
222,68,Nikau,Harawira,SITE_MANAGER,nikau.harawira@stcuthbertscoll.school.nz,028-133-9927,2022-05-09,True
223,68,Ethan,Jones,HS_REP,ethan.jones@stcuthbertscoll.school.nz,022-274-3479,2021-04-24,True
224,69,Freya,Baker,PRINCIPAL,freya.baker@mtalbertgrammar.school.nz,023-366-3851,2022-09-16,True
225,69,Simon,Wright,SITE_MANAGER,simon.wright@mtalbertgrammar.school.nz,026-503-8734,2022-05-17,True
226,69,Moana,Robinson,HS_REP,moana.robinson@mtalbertgrammar.school.nz,026-901-9724,2022-09-16,True
227,70,Aroha,Wright,PRINCIPAL,aroha.wright@maristcollege.school.nz,025-213-1477,2020-06-03,True
228,70,Grace,Jones,SITE_MANAGER,grace.jones@maristcollege.school.nz,023-398-1067,2022-07-15,True
229,70,Olivia,Taylor,HS_REP,olivia.taylor@maristcollege.school.nz,027-774-1300,2020-07-23,True
230,70,Hayley,Wright,CARETAKER,hayley.wright@maristcollege.school.nz,022-401-4689,2020-04-25,True
231,74,Stacey,Roberts,PRINCIPAL,stacey.roberts@mtroskillgramma.school.nz,028-746-9256,2021-08-13,True
232,74,Scott,Parker,SITE_MANAGER,scott.parker@mtroskillgramma.school.nz,026-919-6427,2020-05-25,True
233,74,Matthew,Harris,HS_REP,matthew.harris@mtroskillgramma.school.nz,022-510-9568,2022-06-25,True
234,74,Anika,Henderson,CARETAKER,anika.henderson@mtroskillgramma.school.nz,023-680-1325,2022-04-02,True
235,75,Liam,Kim,PRINCIPAL,liam.kim@lynfieldcollege.school.nz,024-112-2813,2020-01-29,True
236,75,Jack,Walker,SITE_MANAGER,jack.walker@lynfieldcollege.school.nz,022-987-9130,2020-04-07,True
237,75,Kylie,Martin,HS_REP,kylie.martin@lynfieldcollege.school.nz,025-929-5085,2022-05-20,True
238,77,Hayley,Smith,PRINCIPAL,hayley.smith@bethlehemcolleg.school.nz,023-783-4542,2022-01-03,True
239,77,Rawiri,Young,SITE_MANAGER,rawiri.young@bethlehemcolleg.school.nz,024-598-3439,2020-01-23,True
240,77,Anika,Palmer,HS_REP,anika.palmer@bethlehemcolleg.school.nz,022-286-8195,2021-12-31,True
241,77,Noah,Rewi,CARETAKER,noah.rewi@bethlehemcolleg.school.nz,023-926-7905,2020-02-17,True
242,78,Ihaia,Palmer,PRINCIPAL,ihaia.palmer@avondalecollege.school.nz,022-158-7702,2020-10-01,True
243,78,Ryan,Young,SITE_MANAGER,ryan.young@avondalecollege.school.nz,022-408-8561,2021-07-14,True
244,78,Aria,Hamilton,HS_REP,aria.hamilton@avondalecollege.school.nz,027-103-8316,2022-08-13,True
245,78,Hayley,Singh,CARETAKER,hayley.singh@avondalecollege.school.nz,027-962-2546,2021-07-11,True
246,79,Stacey,Hamilton,PRINCIPAL,stacey.hamilton@edgewatercolleg.school.nz,027-784-7525,2022-01-25,True
247,79,Kauri,Patel,SITE_MANAGER,kauri.patel@edgewatercolleg.school.nz,027-849-4022,2021-10-31,True
248,79,Georgia,Campbell,HS_REP,georgia.campbell@edgewatercolleg.school.nz,022-655-7373,2020-08-11,True
249,79,Shane,Harris,CARETAKER,shane.harris@edgewatercolleg.school.nz,022-895-5992,2021-03-11,True
250,80,Moana,Te Huia,PRINCIPAL,moana.te huia@pakūrangacolleg.school.nz,025-693-5789,2020-08-31,True
251,80,Sophie,Fraser,SITE_MANAGER,sophie.fraser@pakūrangacolleg.school.nz,026-761-5228,2020-03-03,True
252,80,Jack,Taukiri,HS_REP,jack.taukiri@pakūrangacolleg.school.nz,026-800-5933,2020-04-03,True
253,81,Maia,Wilson,PRINCIPAL,maia.wilson@saintkentigernc.school.nz,023-506-4245,2020-09-19,True
254,81,Tane,Robinson,SITE_MANAGER,tane.robinson@saintkentigernc.school.nz,024-179-5582,2022-05-15,True
255,81,Karen,Henderson,HS_REP,karen.henderson@saintkentigernc.school.nz,023-292-2295,2022-02-14,True
256,81,Sophie,Mitchell,CARETAKER,sophie.mitchell@saintkentigernc.school.nz,026-541-8701,2020-05-26,True
257,82,Craig,Chen,PRINCIPAL,craig.chen@aidanfieldchris.school.nz,021-694-1724,2021-04-15,True
258,82,Craig,Wong,SITE_MANAGER,craig.wong@aidanfieldchris.school.nz,028-466-5229,2020-03-23,True
259,82,Moana,Henderson,HS_REP,moana.henderson@aidanfieldchris.school.nz,026-692-1196,2020-10-16,True
260,83,Moana,Scott,PRINCIPAL,moana.scott@kelstonboyshigh.school.nz,026-760-4639,2022-08-29,True
261,83,Andrew,Lee,SITE_MANAGER,andrew.lee@kelstonboyshigh.school.nz,025-481-4791,2022-08-09,True
262,83,Nathan,Crawford,HS_REP,nathan.crawford@kelstonboyshigh.school.nz,028-960-2571,2021-03-11,True
263,83,Max,Harris,CARETAKER,max.harris@kelstonboyshigh.school.nz,026-240-3617,2020-12-25,True
264,84,Grant,Scott,PRINCIPAL,grant.scott@kelstongirlscol.school.nz,022-187-8977,2022-09-02,True
265,84,Ethan,Fraser,SITE_MANAGER,ethan.fraser@kelstongirlscol.school.nz,022-842-3145,2022-04-03,True
266,84,Liam,Hill,HS_REP,liam.hill@kelstongirlscol.school.nz,024-221-9865,2021-11-15,True
267,84,Georgia,Murray,CARETAKER,georgia.murray@kelstongirlscol.school.nz,025-280-3884,2021-05-19,True
268,85,Shane,Lee,PRINCIPAL,shane.lee@onetreehillcoll.school.nz,027-460-5162,2022-07-25,True
269,85,Liam,Parker,SITE_MANAGER,liam.parker@onetreehillcoll.school.nz,024-143-7920,2022-02-12,True
270,85,Tane,Tamati,HS_REP,tane.tamati@onetreehillcoll.school.nz,028-845-2471,2020-03-20,True
271,86,Finn,Scott,PRINCIPAL,finn.scott@onehungahighsch.school.nz,023-545-7476,2021-01-18,True
272,86,Aroha,Kim,SITE_MANAGER,aroha.kim@onehungahighsch.school.nz,026-122-5289,2021-02-20,True
273,86,Aria,Burns,HS_REP,aria.burns@onehungahighsch.school.nz,021-742-4213,2021-03-25,True
274,87,Shane,Scott,PRINCIPAL,shane.scott@howickcollege.school.nz,028-566-8875,2021-04-12,True
275,87,Michelle,Murray,SITE_MANAGER,michelle.murray@howickcollege.school.nz,026-330-6720,2020-08-24,True
276,87,Kaia,Brown,HS_REP,kaia.brown@howickcollege.school.nz,028-626-2603,2021-05-04,True
277,87,Emma,Martin,CARETAKER,emma.martin@howickcollege.school.nz,022-218-7522,2021-02-16,True
278,88,Ihaia,Taylor,PRINCIPAL,ihaia.taylor@otahuhucollege.school.nz,025-365-8980,2021-07-25,True
279,88,Paula,Te Huia,SITE_MANAGER,paula.te huia@otahuhucollege.school.nz,026-124-9514,2020-04-14,True
280,88,Liam,Harris,HS_REP,liam.harris@otahuhucollege.school.nz,024-146-8837,2020-10-22,True
281,89,Hemi,Stewart,PRINCIPAL,hemi.stewart@kingscollege.school.nz,021-939-4738,2021-08-18,True
282,89,Nicola,Burns,SITE_MANAGER,nicola.burns@kingscollege.school.nz,028-694-6378,2020-05-03,True
283,89,Holly,Smith,HS_REP,holly.smith@kingscollege.school.nz,027-886-2174,2021-08-11,True
284,89,Paula,Crawford,CARETAKER,paula.crawford@kingscollege.school.nz,023-759-3313,2021-12-22,True
285,90,Tracey,Nguyen,PRINCIPAL,tracey.nguyen@mcauleyhighscho.school.nz,028-505-2927,2021-01-16,True
286,90,Rawiri,Gallagher,SITE_MANAGER,rawiri.gallagher@mcauleyhighscho.school.nz,022-554-1872,2021-04-04,True
287,90,Jack,Hamilton,HS_REP,jack.hamilton@mcauleyhighscho.school.nz,025-946-6849,2020-07-07,True
288,91,Sarah,Gray,PRINCIPAL,sarah.gray@mangerecollege.school.nz,024-894-4281,2021-04-11,True
289,91,Tane,Robinson,SITE_MANAGER,tane.robinson@mangerecollege.school.nz,027-549-7448,2022-03-18,True
290,91,Tracey,Scott,HS_REP,tracey.scott@mangerecollege.school.nz,025-314-2831,2020-03-24,True
291,91,Ben,Baker,CARETAKER,ben.baker@mangerecollege.school.nz,023-584-9298,2020-01-29,True
292,93,Brooke,Turner,PRINCIPAL,brooke.turner@aucklandseventh.school.nz,023-742-6548,2020-09-09,True
293,93,Shane,Collins,SITE_MANAGER,shane.collins@aucklandseventh.school.nz,021-350-7678,2022-04-11,True
294,93,Noah,Crawford,HS_REP,noah.crawford@aucklandseventh.school.nz,025-261-8247,2021-04-27,True
295,94,Matiu,Turner,PRINCIPAL,matiu.turner@delasallecolleg.school.nz,022-847-1571,2020-04-18,True
296,94,Sam,Turner,SITE_MANAGER,sam.turner@delasallecolleg.school.nz,023-117-4456,2022-01-01,True
297,94,Mark,Hamilton,HS_REP,mark.hamilton@delasallecolleg.school.nz,025-767-4434,2020-11-28,True
298,94,Amelia,Johnston,CARETAKER,amelia.johnston@delasallecolleg.school.nz,026-933-2498,2020-05-26,True
299,95,Ryan,Tamati,PRINCIPAL,ryan.tamati@papatoetoehighs.school.nz,026-527-5157,2021-04-04,True
300,95,Grant,Russell,SITE_MANAGER,grant.russell@papatoetoehighs.school.nz,026-446-4567,2022-03-08,True
301,95,Daniel,Anderson,HS_REP,daniel.anderson@papatoetoehighs.school.nz,021-164-5082,2022-05-23,True
302,96,Paula,Young,PRINCIPAL,paula.young@aorerecollege.school.nz,021-286-2069,2020-06-11,True
303,96,Ihaia,Harawira,SITE_MANAGER,ihaia.harawira@aorerecollege.school.nz,025-583-6169,2020-08-13,True
304,96,Michelle,Harris,HS_REP,michelle.harris@aorerecollege.school.nz,021-189-1156,2020-02-25,True
305,96,Zara,Walker,CARETAKER,zara.walker@aorerecollege.school.nz,024-510-6211,2022-05-27,True
306,97,Scott,Henare,PRINCIPAL,scott.henare@siredmundhillar.school.nz,027-384-1181,2021-07-04,True
307,97,Jack,Gray,SITE_MANAGER,jack.gray@siredmundhillar.school.nz,021-956-5667,2020-12-08,True
308,97,Kaia,Patel,HS_REP,kaia.patel@siredmundhillar.school.nz,026-583-5480,2021-11-18,True
309,97,Andrew,Parker,CARETAKER,andrew.parker@siredmundhillar.school.nz,023-361-4430,2022-01-18,True
310,99,Mark,Johnston,PRINCIPAL,mark.johnston@manurewahighsch.school.nz,022-873-4945,2020-04-10,True
311,99,Georgia,Martin,SITE_MANAGER,georgia.martin@manurewahighsch.school.nz,025-409-5208,2020-12-05,True
312,99,Tane,Morgan,HS_REP,tane.morgan@manurewahighsch.school.nz,027-931-5606,2020-03-23,True
313,99,Andrew,Taylor,CARETAKER,andrew.taylor@manurewahighsch.school.nz,027-315-4406,2020-07-30,True
314,100,Michael,Wilson,PRINCIPAL,michael.wilson@tehaikuraakiwa.school.nz,028-903-7837,2020-12-16,True
315,100,Ihaia,Young,SITE_MANAGER,ihaia.young@tehaikuraakiwa.school.nz,026-330-8553,2020-09-18,True
316,100,Paula,Turner,HS_REP,paula.turner@tehaikuraakiwa.school.nz,022-292-3138,2020-02-03,True
317,100,Isla,Te Huia,CARETAKER,isla.te huia@tehaikuraakiwa.school.nz,021-113-6240,2020-04-29,True
318,101,Brooke,Burns,PRINCIPAL,brooke.burns@papakurahighsch.school.nz,026-837-4068,2021-03-19,True
319,101,Anika,White,SITE_MANAGER,anika.white@papakurahighsch.school.nz,027-702-7010,2020-12-28,True
320,101,Tane,Brown,HS_REP,tane.brown@papakurahighsch.school.nz,022-525-7540,2020-08-31,True
321,101,Kauri,Young,CARETAKER,kauri.young@papakurahighsch.school.nz,022-722-1991,2021-08-27,True
322,102,Kaia,Scott,PRINCIPAL,kaia.scott@rosehillcollege.school.nz,023-825-7706,2021-09-30,True
323,102,Caleb,Williams,SITE_MANAGER,caleb.williams@rosehillcollege.school.nz,023-876-4957,2020-08-20,True
324,102,Tracey,Fitzgerald,HS_REP,tracey.fitzgerald@rosehillcollege.school.nz,023-862-1291,2020-02-17,True
325,103,Holly,Brown,PRINCIPAL,holly.brown@pukekohehighsch.school.nz,021-706-3656,2020-06-15,True
326,103,Kylie,Roberts,SITE_MANAGER,kylie.roberts@pukekohehighsch.school.nz,027-843-4093,2020-01-12,True
327,103,Jack,Tamati,HS_REP,jack.tamati@pukekohehighsch.school.nz,023-452-9110,2022-02-11,True
328,103,Tia,Mahuta,CARETAKER,tia.mahuta@pukekohehighsch.school.nz,022-946-2244,2022-05-10,True
329,104,Wiremu,Burns,PRINCIPAL,wiremu.burns@wesleycollege.school.nz,022-477-5473,2021-10-26,True
330,104,Joanne,Palmer,SITE_MANAGER,joanne.palmer@wesleycollege.school.nz,022-987-9111,2020-06-28,True
331,104,Nathan,Watson,HS_REP,nathan.watson@wesleycollege.school.nz,028-136-6356,2021-05-18,True
332,104,Joanne,Parker,CARETAKER,joanne.parker@wesleycollege.school.nz,024-747-3610,2020-08-25,True
333,105,Scott,Kumar,PRINCIPAL,scott.kumar@waiukucollege.school.nz,021-774-2249,2021-04-19,True
334,105,Andrew,Henare,SITE_MANAGER,andrew.henare@waiukucollege.school.nz,021-634-9589,2021-07-03,True
335,105,Mason,Nguyen,HS_REP,mason.nguyen@waiukucollege.school.nz,023-375-9116,2021-08-12,True
336,105,Craig,Watson,CARETAKER,craig.watson@waiukucollege.school.nz,021-373-4566,2020-10-05,True
337,106,Ihaia,Murray,PRINCIPAL,ihaia.murray@tuakaucollege.school.nz,027-902-5458,2021-07-31,True
338,106,Hayley,Wong,SITE_MANAGER,hayley.wong@tuakaucollege.school.nz,025-185-4615,2020-01-16,True
339,106,Noah,Robinson,HS_REP,noah.robinson@tuakaucollege.school.nz,021-117-3388,2021-01-13,True
340,108,Rachel,Hall,PRINCIPAL,rachel.hall@onewheroareasch.school.nz,024-799-2554,2021-05-25,True
341,108,Matthew,Stewart,SITE_MANAGER,matthew.stewart@onewheroareasch.school.nz,021-702-1291,2022-05-15,True
342,108,Josh,Kumar,HS_REP,josh.kumar@onewheroareasch.school.nz,023-579-2563,2022-09-07,True
343,108,Matthew,Jones,CARETAKER,matthew.jones@onewheroareasch.school.nz,028-229-2763,2021-06-13,True
344,109,Emma,Wright,PRINCIPAL,emma.wright@coromandelareas.school.nz,022-268-6868,2022-03-20,True
345,109,Sarah,Edwards,SITE_MANAGER,sarah.edwards@coromandelareas.school.nz,021-435-8572,2022-02-26,True
346,109,Amber,Hall,HS_REP,amber.hall@coromandelareas.school.nz,027-214-8857,2022-01-01,True
347,110,Grace,Gray,PRINCIPAL,grace.gray@mercurybayareas.school.nz,023-491-1968,2021-05-08,True
348,110,Matiu,Kumar,SITE_MANAGER,matiu.kumar@mercurybayareas.school.nz,022-567-8786,2021-08-24,True
349,110,Nicola,Te Huia,HS_REP,nicola.te huia@mercurybayareas.school.nz,021-602-1529,2022-09-17,True
350,111,Ben,Johnston,PRINCIPAL,ben.johnston@thameshighschoo.school.nz,026-768-8730,2020-05-30,True
351,111,Rawiri,Morgan,SITE_MANAGER,rawiri.morgan@thameshighschoo.school.nz,024-875-3401,2022-06-05,True
352,111,Daniel,Young,HS_REP,daniel.young@thameshighschoo.school.nz,021-603-6972,2020-02-19,True
353,111,Reuben,Gallagher,CARETAKER,reuben.gallagher@thameshighschoo.school.nz,026-954-2065,2021-07-05,True
354,112,Michelle,Martin,PRINCIPAL,michelle.martin@haurakiplainsco.school.nz,024-311-3392,2022-04-07,True
355,112,Brooke,Gallagher,SITE_MANAGER,brooke.gallagher@haurakiplainsco.school.nz,023-261-2189,2021-02-07,True
356,112,Matthew,Wilson,HS_REP,matthew.wilson@haurakiplainsco.school.nz,026-383-8082,2021-11-20,True
357,113,Finn,Rewi,PRINCIPAL,finn.rewi@paeroacollege.school.nz,026-630-3527,2020-09-04,True
358,113,Josh,Nguyen,SITE_MANAGER,josh.nguyen@paeroacollege.school.nz,024-328-5511,2021-10-21,True
359,113,Finn,Gray,HS_REP,finn.gray@paeroacollege.school.nz,023-403-1930,2022-07-03,True
360,114,Max,Edwards,PRINCIPAL,max.edwards@waihicollege.school.nz,025-158-1578,2021-10-29,True
361,114,Simon,Palmer,SITE_MANAGER,simon.palmer@waihicollege.school.nz,024-438-5699,2020-10-14,True
362,114,Kauri,Wright,HS_REP,kauri.wright@waihicollege.school.nz,028-756-2158,2020-04-16,True
363,115,Anika,Gray,PRINCIPAL,anika.gray@tekauwhatacolle.school.nz,027-294-2785,2020-10-20,True
364,115,Liam,Scott,SITE_MANAGER,liam.scott@tekauwhatacolle.school.nz,023-484-9976,2021-10-03,True
365,115,Simon,Turner,HS_REP,simon.turner@tekauwhatacolle.school.nz,021-935-4093,2022-07-26,True
366,115,Stacey,Jones,CARETAKER,stacey.jones@tekauwhatacolle.school.nz,028-629-5818,2021-11-11,True
367,116,Moana,Green,PRINCIPAL,moana.green@tearohacollege.school.nz,024-980-9337,2022-05-18,True
368,116,Jessica,Cooper,SITE_MANAGER,jessica.cooper@tearohacollege.school.nz,025-904-8383,2022-05-23,True
369,116,Karen,Fraser,HS_REP,karen.fraser@tearohacollege.school.nz,027-907-3151,2020-07-30,True
370,116,Joanne,Lee,CARETAKER,joanne.lee@tearohacollege.school.nz,028-372-2897,2021-01-30,True
371,117,Simon,White,PRINCIPAL,simon.white@katikaticollege.school.nz,022-723-7287,2021-04-01,True
372,117,Amber,Robinson,SITE_MANAGER,amber.robinson@katikaticollege.school.nz,028-190-2004,2021-09-26,True
373,117,Wiremu,Mahuta,HS_REP,wiremu.mahuta@katikaticollege.school.nz,028-100-9688,2020-04-27,True
374,117,Amber,Edwards,CARETAKER,amber.edwards@katikaticollege.school.nz,021-493-7521,2020-05-09,True
375,118,Mark,Walker,PRINCIPAL,mark.walker@mountmaunganuic.school.nz,024-742-8123,2020-05-19,True
376,118,Mason,Kim,SITE_MANAGER,mason.kim@mountmaunganuic.school.nz,024-875-5711,2021-02-21,True
377,118,Aria,Clarke,HS_REP,aria.clarke@mountmaunganuic.school.nz,022-703-6358,2022-09-20,True
378,119,Stacey,Mahuta,PRINCIPAL,stacey.mahuta@huntlycollege.school.nz,021-222-7484,2021-03-05,True
379,119,Amelia,Green,SITE_MANAGER,amelia.green@huntlycollege.school.nz,026-780-5353,2020-08-31,True
380,119,Ihaia,Patel,HS_REP,ihaia.patel@huntlycollege.school.nz,025-259-7044,2020-05-08,True
381,119,Max,Te Huia,CARETAKER,max.te huia@huntlycollege.school.nz,021-750-5606,2021-08-14,True
382,120,Andrew,Young,PRINCIPAL,andrew.young@ōtūmoetaicolleg.school.nz,028-351-9195,2021-09-30,True
383,120,Craig,Lee,SITE_MANAGER,craig.lee@ōtūmoetaicolleg.school.nz,025-797-5499,2020-07-02,True
384,120,Stacey,Robinson,HS_REP,stacey.robinson@ōtūmoetaicolleg.school.nz,024-389-2956,2020-10-05,True
385,121,Olivia,Singh,PRINCIPAL,olivia.singh@taurangaboyscol.school.nz,024-992-3972,2021-05-17,True
386,121,Simon,Campbell,SITE_MANAGER,simon.campbell@taurangaboyscol.school.nz,028-550-3543,2022-04-16,True
387,121,Nathan,Fitzgerald,HS_REP,nathan.fitzgerald@taurangaboyscol.school.nz,026-458-6442,2022-01-31,True
388,121,Hemi,Gallagher,CARETAKER,hemi.gallagher@taurangaboyscol.school.nz,028-909-8193,2022-06-06,True
389,122,Josh,Wong,PRINCIPAL,josh.wong@taurangagirlsco.school.nz,027-491-6267,2021-12-28,True
390,122,Amber,Wright,SITE_MANAGER,amber.wright@taurangagirlsco.school.nz,025-672-8292,2020-02-21,True
391,122,Zara,Harawira,HS_REP,zara.harawira@taurangagirlsco.school.nz,022-193-9725,2021-12-22,True
392,122,Zara,Henare,CARETAKER,zara.henare@taurangagirlsco.school.nz,022-235-6676,2021-05-17,True
393,123,Michelle,Taylor,PRINCIPAL,michelle.taylor@tepukehighschoo.school.nz,027-886-1911,2021-02-20,True
394,123,Grant,Bennett,SITE_MANAGER,grant.bennett@tepukehighschoo.school.nz,027-632-4801,2022-04-18,True
395,123,Jack,Wilson,HS_REP,jack.wilson@tepukehighschoo.school.nz,028-234-2649,2020-05-29,True
396,124,Shane,Fraser,PRINCIPAL,shane.fraser@matamatacollege.school.nz,025-380-5740,2020-03-20,True
397,124,Sophie,Singh,SITE_MANAGER,sophie.singh@matamatacollege.school.nz,027-218-5943,2020-10-04,True
398,124,Amelia,Gallagher,HS_REP,amelia.gallagher@matamatacollege.school.nz,027-668-1319,2022-06-27,True
399,124,Holly,Nguyen,CARETAKER,holly.nguyen@matamatacollege.school.nz,027-607-8670,2021-05-16,True
400,125,Reuben,Nguyen,PRINCIPAL,reuben.nguyen@raglanareaschoo.school.nz,027-572-9716,2021-06-16,True
401,125,Tane,Burns,SITE_MANAGER,tane.burns@raglanareaschoo.school.nz,023-794-2537,2022-08-24,True
402,125,Reuben,Hill,HS_REP,reuben.hill@raglanareaschoo.school.nz,025-248-4225,2020-10-17,True
403,126,Caleb,Scott,PRINCIPAL,caleb.scott@morrinsvillecol.school.nz,027-543-8592,2022-07-02,True
404,126,Tia,Parker,SITE_MANAGER,tia.parker@morrinsvillecol.school.nz,024-905-7133,2021-01-17,True
405,126,Zara,Fraser,HS_REP,zara.fraser@morrinsvillecol.school.nz,022-805-1387,2021-02-14,True
406,127,Tracey,Murray,PRINCIPAL,tracey.murray@ngaruawahiahigh.school.nz,025-370-4117,2020-10-29,True
407,127,Ruby,Mitchell,SITE_MANAGER,ruby.mitchell@ngaruawahiahigh.school.nz,027-862-3040,2021-09-05,True
408,127,Andrew,Johnston,HS_REP,andrew.johnston@ngaruawahiahigh.school.nz,028-707-9718,2020-09-12,True
409,127,Georgia,Martin,CARETAKER,georgia.martin@ngaruawahiahigh.school.nz,028-647-1139,2022-01-03,True
410,129,Michelle,Williams,PRINCIPAL,michelle.williams@fairfieldcolleg.school.nz,026-468-6752,2020-09-24,True
411,129,Tane,Baker,SITE_MANAGER,tane.baker@fairfieldcolleg.school.nz,028-507-9748,2021-04-18,True
412,129,Donna,Taukiri,HS_REP,donna.taukiri@fairfieldcolleg.school.nz,023-155-6519,2020-05-20,True
413,129,Tane,Gray,CARETAKER,tane.gray@fairfieldcolleg.school.nz,024-443-5936,2020-06-15,True
414,130,Nikau,Gray,PRINCIPAL,nikau.gray@stpaulscollegia.school.nz,025-631-7444,2020-05-23,True
415,130,Michael,Clarke,SITE_MANAGER,michael.clarke@stpaulscollegia.school.nz,027-401-6463,2020-04-01,True
416,130,Charlotte,Turner,HS_REP,charlotte.turner@stpaulscollegia.school.nz,024-224-3563,2020-11-24,True
417,130,Olivia,Williams,CARETAKER,olivia.williams@stpaulscollegia.school.nz,024-510-5487,2021-11-05,True
418,131,Brooke,Mitchell,PRINCIPAL,brooke.mitchell@hamiltonboyshig.school.nz,028-819-7975,2022-09-13,True
419,131,Maia,Walker,SITE_MANAGER,maia.walker@hamiltonboyshig.school.nz,026-725-8614,2020-04-07,True
420,131,Lisa,Fraser,HS_REP,lisa.fraser@hamiltonboyshig.school.nz,025-901-1714,2022-03-01,True
421,131,Nathan,Hill,CARETAKER,nathan.hill@hamiltonboyshig.school.nz,022-119-8456,2021-11-10,True
422,132,Shane,Robinson,PRINCIPAL,shane.robinson@hamiltongirlshi.school.nz,026-430-6016,2020-03-17,True
423,132,Caleb,Taylor,SITE_MANAGER,caleb.taylor@hamiltongirlshi.school.nz,021-226-2282,2020-04-24,True
424,132,Max,Collins,HS_REP,max.collins@hamiltongirlshi.school.nz,022-569-1938,2020-11-06,True
425,132,Ruby,Clarke,CARETAKER,ruby.clarke@hamiltongirlshi.school.nz,024-139-3038,2021-08-29,True
426,133,Sophie,Green,PRINCIPAL,sophie.green@raphaelhouserud.school.nz,028-412-5610,2020-04-23,True
427,133,Anika,Taylor,SITE_MANAGER,anika.taylor@raphaelhouserud.school.nz,024-232-9827,2021-03-29,True
428,133,Sarah,White,HS_REP,sarah.white@raphaelhouserud.school.nz,022-106-9008,2020-06-21,True
429,134,Anika,Baker,PRINCIPAL,anika.baker@flaxmerecollege.school.nz,023-963-6455,2021-12-11,True
430,134,Emma,Nguyen,SITE_MANAGER,emma.nguyen@flaxmerecollege.school.nz,025-698-4625,2020-03-03,True
431,134,Lisa,Johnston,HS_REP,lisa.johnston@flaxmerecollege.school.nz,024-380-8224,2021-03-13,True
432,134,Noah,Kumar,CARETAKER,noah.kumar@flaxmerecollege.school.nz,022-335-9124,2020-06-15,True
433,135,Ethan,Green,PRINCIPAL,ethan.green@fraserhighschoo.school.nz,026-123-9286,2021-04-02,True
434,135,Emma,Nguyen,SITE_MANAGER,emma.nguyen@fraserhighschoo.school.nz,028-786-7926,2021-11-04,True
435,135,Sophie,Wong,HS_REP,sophie.wong@fraserhighschoo.school.nz,026-890-1794,2020-02-17,True
436,136,Mere,Smith,PRINCIPAL,mere.smith@stjohnscollege(.school.nz,023-493-1150,2021-07-11,True
437,136,Ihaia,Gallagher,SITE_MANAGER,ihaia.gallagher@stjohnscollege(.school.nz,025-101-3144,2020-04-08,True
438,136,Zara,Singh,HS_REP,zara.singh@stjohnscollege(.school.nz,028-319-3148,2022-04-29,True
439,136,Tracey,Green,CARETAKER,tracey.green@stjohnscollege(.school.nz,024-687-1945,2022-08-06,True
440,138,Amelia,Baker,PRINCIPAL,amelia.baker@hillcresthighsc.school.nz,026-921-1884,2020-10-10,True
441,138,Kaia,Walker,SITE_MANAGER,kaia.walker@hillcresthighsc.school.nz,025-912-1467,2022-03-13,True
442,138,Freya,Kumar,HS_REP,freya.kumar@hillcresthighsc.school.nz,027-912-3665,2021-04-24,True
443,138,Reuben,Te Huia,CARETAKER,reuben.te huia@hillcresthighsc.school.nz,025-628-5771,2022-07-25,True
444,139,Max,Fitzgerald,PRINCIPAL,max.fitzgerald@sacredheartgirl.school.nz,028-560-5304,2020-01-20,True
445,139,Emma,Rewi,SITE_MANAGER,emma.rewi@sacredheartgirl.school.nz,021-243-7623,2022-05-18,True
446,139,Liam,Henderson,HS_REP,liam.henderson@sacredheartgirl.school.nz,021-111-9208,2021-10-22,True
447,139,Brooke,Edwards,CARETAKER,brooke.edwards@sacredheartgirl.school.nz,022-961-8443,2020-06-30,True
448,140,Ihaia,Johnston,PRINCIPAL,ihaia.johnston@waikatodiocesan.school.nz,027-962-9742,2021-04-01,True
449,140,Daniel,Jones,SITE_MANAGER,daniel.jones@waikatodiocesan.school.nz,027-563-1744,2021-04-22,True
450,140,Tracey,Wright,HS_REP,tracey.wright@waikatodiocesan.school.nz,027-497-6695,2022-03-06,True
451,141,Olivia,Palmer,PRINCIPAL,olivia.palmer@stpetersschool(.school.nz,025-147-3200,2020-04-12,True
452,141,Matthew,Hall,SITE_MANAGER,matthew.hall@stpetersschool(.school.nz,025-404-8375,2020-01-22,True
453,141,Caleb,Robinson,HS_REP,caleb.robinson@stpetersschool(.school.nz,028-621-2404,2022-01-20,True
454,141,Reuben,Wright,CARETAKER,reuben.wright@stpetersschool(.school.nz,021-312-5242,2022-06-24,True
455,142,Anika,Russell,PRINCIPAL,anika.russell@cambridgehighsc.school.nz,027-116-1346,2022-01-16,True
456,142,Finn,Hall,SITE_MANAGER,finn.hall@cambridgehighsc.school.nz,028-274-7217,2021-04-14,True
457,142,Max,Burns,HS_REP,max.burns@cambridgehighsc.school.nz,022-642-5365,2020-04-22,True
458,143,Hayley,Hamilton,PRINCIPAL,hayley.hamilton@tridenthighscho.school.nz,027-157-9596,2022-06-19,True
459,143,Aroha,Watson,SITE_MANAGER,aroha.watson@tridenthighscho.school.nz,024-650-7622,2021-02-01,True
460,143,James,Russell,HS_REP,james.russell@tridenthighscho.school.nz,026-295-5296,2022-02-24,True
461,143,Brooke,Mitchell,CARETAKER,brooke.mitchell@tridenthighscho.school.nz,025-143-3981,2021-11-19,True
462,144,Liam,Edwards,PRINCIPAL,liam.edwards@whakatanehighsc.school.nz,028-772-3700,2022-07-19,True
463,144,Reuben,Martin,SITE_MANAGER,reuben.martin@whakatanehighsc.school.nz,021-680-7246,2020-08-14,True
464,144,Sophie,Martin,HS_REP,sophie.martin@whakatanehighsc.school.nz,024-390-4713,2020-09-28,True
465,145,Kauri,Campbell,PRINCIPAL,kauri.campbell@rangitaikicolle.school.nz,027-894-4473,2020-05-22,True
466,145,Ryan,Cooper,SITE_MANAGER,ryan.cooper@rangitaikicolle.school.nz,026-855-6536,2021-09-07,True
467,145,Donna,Burns,HS_REP,donna.burns@rangitaikicolle.school.nz,024-691-8282,2022-07-05,True
468,145,Max,Cooper,CARETAKER,max.cooper@rangitaikicolle.school.nz,021-866-5721,2021-02-23,True
469,146,Amber,King,PRINCIPAL,amber.king@teawamutucolleg.school.nz,023-170-7331,2020-05-27,True
470,146,Mere,Martin,SITE_MANAGER,mere.martin@teawamutucolleg.school.nz,023-344-9471,2022-06-07,True
471,146,Sophie,Watson,HS_REP,sophie.watson@teawamutucolleg.school.nz,024-549-2163,2021-12-26,True
472,146,Craig,Bennett,CARETAKER,craig.bennett@teawamutucolleg.school.nz,028-497-6843,2021-05-01,True
473,148,Ruby,Harawira,PRINCIPAL,ruby.harawira@opotikicollege.school.nz,024-370-3676,2020-05-27,True
474,148,Aroha,Johnston,SITE_MANAGER,aroha.johnston@opotikicollege.school.nz,025-792-2940,2022-04-27,True
475,148,Nicola,Singh,HS_REP,nicola.singh@opotikicollege.school.nz,021-400-9041,2022-01-07,True
476,151,Caleb,Lee,PRINCIPAL,caleb.lee@westernheightsh.school.nz,026-374-4284,2021-09-29,True
477,151,Chris,Taukiri,SITE_MANAGER,chris.taukiri@westernheightsh.school.nz,027-810-9492,2020-12-10,True
478,151,Max,Parker,HS_REP,max.parker@westernheightsh.school.nz,023-271-5504,2020-05-08,True
479,152,Ryan,White,PRINCIPAL,ryan.white@rotoruaboyshigh.school.nz,022-916-9536,2020-04-11,True
480,152,Aria,Rewi,SITE_MANAGER,aria.rewi@rotoruaboyshigh.school.nz,021-212-4357,2021-07-14,True
481,152,James,Hall,HS_REP,james.hall@rotoruaboyshigh.school.nz,022-357-1683,2022-06-16,True
482,153,Tracey,Fitzgerald,PRINCIPAL,tracey.fitzgerald@rotoruagirlshig.school.nz,026-258-3823,2022-01-21,True
483,153,Ben,Russell,SITE_MANAGER,ben.russell@rotoruagirlshig.school.nz,024-565-5647,2020-09-02,True
484,153,Matthew,Robinson,HS_REP,matthew.robinson@rotoruagirlshig.school.nz,027-370-5845,2021-09-11,True
485,154,Ruby,Smith,PRINCIPAL,ruby.smith@rotorualakeshig.school.nz,021-985-6852,2020-01-19,True
486,154,Liam,Hall,SITE_MANAGER,liam.hall@rotorualakeshig.school.nz,022-286-8056,2021-07-18,True
487,154,Brooke,Kumar,HS_REP,brooke.kumar@rotorualakeshig.school.nz,026-389-3751,2020-03-31,True
488,157,Sam,Martin,PRINCIPAL,sam.martin@ōtorohangacolle.school.nz,026-231-1597,2021-03-16,True
489,157,Georgia,Palmer,SITE_MANAGER,georgia.palmer@ōtorohangacolle.school.nz,027-949-8766,2022-07-13,True
490,157,Hayley,Morgan,HS_REP,hayley.morgan@ōtorohangacolle.school.nz,026-672-7890,2022-02-04,True
491,157,Grace,Williams,CARETAKER,grace.williams@ōtorohangacolle.school.nz,024-344-9943,2020-10-28,True
492,158,Scott,Patel,PRINCIPAL,scott.patel@tokoroahighscho.school.nz,027-418-2443,2021-03-17,True
493,158,Caleb,Te Huia,SITE_MANAGER,caleb.te huia@tokoroahighscho.school.nz,021-201-9879,2021-12-28,True
494,158,Kaia,Scott,HS_REP,kaia.scott@tokoroahighscho.school.nz,023-179-3531,2020-12-15,True
495,159,Grace,Rewi,PRINCIPAL,grace.rewi@forestviewhighs.school.nz,028-992-9951,2021-03-06,True
496,159,Hayley,Hamilton,SITE_MANAGER,hayley.hamilton@forestviewhighs.school.nz,024-234-8946,2020-04-26,True
497,159,Holly,Wright,HS_REP,holly.wright@forestviewhighs.school.nz,024-750-4417,2020-06-27,True
498,159,Ethan,Baker,CARETAKER,ethan.baker@forestviewhighs.school.nz,023-744-8951,2022-03-12,True
499,160,Finn,Campbell,PRINCIPAL,finn.campbell@tekuitihighscho.school.nz,027-446-7310,2022-08-30,True
500,160,Zara,Henderson,SITE_MANAGER,zara.henderson@tekuitihighscho.school.nz,022-915-4178,2022-05-26,True
501,160,Moana,Smith,HS_REP,moana.smith@tekuitihighscho.school.nz,025-202-3806,2022-01-08,True
502,160,Nikau,Crawford,CARETAKER,nikau.crawford@tekuitihighscho.school.nz,028-381-9100,2020-04-10,True
503,161,Chris,Harris,PRINCIPAL,chris.harris@benneydaleschoo.school.nz,024-223-9746,2020-01-13,True
504,161,Andrew,Williams,SITE_MANAGER,andrew.williams@benneydaleschoo.school.nz,023-318-2175,2021-06-09,True
505,161,Rawiri,Johnston,HS_REP,rawiri.johnston@benneydaleschoo.school.nz,027-147-3025,2021-08-09,True
506,161,Michael,Scott,CARETAKER,michael.scott@benneydaleschoo.school.nz,021-811-7669,2022-08-31,True
507,162,Finn,Henare,PRINCIPAL,finn.henare@piopiocollege.school.nz,022-699-8748,2021-01-20,True
508,162,Mark,Taukiri,SITE_MANAGER,mark.taukiri@piopiocollege.school.nz,025-465-5778,2022-08-05,True
509,162,Liam,Green,HS_REP,liam.green@piopiocollege.school.nz,028-608-4516,2022-03-13,True
510,164,Donna,Cooper,PRINCIPAL,donna.cooper@reporoacollege.school.nz,021-300-8452,2020-01-25,True
511,164,Hemi,Tamati,SITE_MANAGER,hemi.tamati@reporoacollege.school.nz,021-485-6456,2020-04-16,True
512,164,Grace,Rewi,HS_REP,grace.rewi@reporoacollege.school.nz,028-643-7145,2022-04-24,True
513,166,Noah,Burns,PRINCIPAL,noah.burns@tauharacollege.school.nz,028-891-9104,2022-01-28,True
514,166,James,Parker,SITE_MANAGER,james.parker@tauharacollege.school.nz,027-549-6803,2022-04-02,True
515,166,Kaia,Patel,HS_REP,kaia.patel@tauharacollege.school.nz,023-142-5072,2020-06-21,True
516,167,Craig,Wong,PRINCIPAL,craig.wong@taupo-nui-a-tia.school.nz,026-859-4464,2022-05-28,True
517,167,Rachel,Clarke,SITE_MANAGER,rachel.clarke@taupo-nui-a-tia.school.nz,027-905-8323,2021-12-13,True
518,167,Craig,Jones,HS_REP,craig.jones@taupo-nui-a-tia.school.nz,022-638-6510,2021-08-26,True
519,169,Brooke,Gray,PRINCIPAL,brooke.gray@taumarunuihighs.school.nz,025-674-7491,2022-04-14,True
520,169,Rachel,King,SITE_MANAGER,rachel.king@taumarunuihighs.school.nz,028-762-4246,2020-03-12,True
521,169,Tracey,Palmer,HS_REP,tracey.palmer@taumarunuihighs.school.nz,024-365-4255,2020-04-26,True
522,169,Finn,Russell,CARETAKER,finn.russell@taumarunuihighs.school.nz,021-668-1681,2020-04-10,True
523,170,Reuben,Watson,PRINCIPAL,reuben.watson@waitarahighscho.school.nz,027-467-6222,2020-12-28,True
524,170,Grant,Hamilton,SITE_MANAGER,grant.hamilton@waitarahighscho.school.nz,022-663-2263,2021-07-11,True
525,170,Craig,Walker,HS_REP,craig.walker@waitarahighscho.school.nz,022-720-4340,2022-08-15,True
526,171,Luke,Martin,PRINCIPAL,luke.martin@newplymouthboys.school.nz,026-170-4727,2020-03-08,True
527,171,Moana,Martin,SITE_MANAGER,moana.martin@newplymouthboys.school.nz,022-702-1112,2021-08-27,True
528,171,Sam,Hall,HS_REP,sam.hall@newplymouthboys.school.nz,027-626-9379,2021-11-16,True
529,171,Tia,Tamati,CARETAKER,tia.tamati@newplymouthboys.school.nz,022-722-3970,2020-02-25,True
530,172,Matthew,Hall,PRINCIPAL,matthew.hall@newplymouthgirl.school.nz,021-460-8956,2020-09-24,True
531,172,Daniel,Green,SITE_MANAGER,daniel.green@newplymouthgirl.school.nz,025-177-3375,2021-04-21,True
532,172,Craig,Walker,HS_REP,craig.walker@newplymouthgirl.school.nz,027-454-9916,2020-05-17,True
533,172,Rachel,Henare,CARETAKER,rachel.henare@newplymouthgirl.school.nz,028-424-6706,2020-04-23,True
534,173,Shane,Fraser,PRINCIPAL,shane.fraser@spotswoodcolleg.school.nz,021-802-6452,2021-08-10,True
535,173,Chris,Kim,SITE_MANAGER,chris.kim@spotswoodcolleg.school.nz,021-539-7239,2022-02-15,True
536,173,Georgia,Gallagher,HS_REP,georgia.gallagher@spotswoodcolleg.school.nz,022-770-7388,2020-10-31,True
537,173,Donna,Campbell,CARETAKER,donna.campbell@spotswoodcolleg.school.nz,025-786-4616,2021-06-01,True
538,174,Nicola,White,PRINCIPAL,nicola.white@sacredheartgirl.school.nz,026-618-9727,2021-07-01,True
539,174,Matthew,Thompson,SITE_MANAGER,matthew.thompson@sacredheartgirl.school.nz,027-910-5120,2021-10-23,True
540,174,Max,Mitchell,HS_REP,max.mitchell@sacredheartgirl.school.nz,024-293-9160,2020-07-17,True
541,174,Hayley,Morgan,CARETAKER,hayley.morgan@sacredheartgirl.school.nz,026-261-7735,2021-01-13,True
542,175,Kaia,Scott,PRINCIPAL,kaia.scott@francisdouglasm.school.nz,021-750-3564,2021-04-10,True
543,175,James,White,SITE_MANAGER,james.white@francisdouglasm.school.nz,023-360-3877,2022-05-28,True
544,175,Holly,Murray,HS_REP,holly.murray@francisdouglasm.school.nz,026-487-5383,2022-06-19,True
545,175,Simon,King,CARETAKER,simon.king@francisdouglasm.school.nz,022-632-5209,2020-05-12,True
546,176,Holly,Johnston,PRINCIPAL,holly.johnston@ohuravalleyprim.school.nz,026-456-9507,2021-01-17,True
547,176,Craig,Hall,SITE_MANAGER,craig.hall@ohuravalleyprim.school.nz,025-716-2523,2022-08-19,True
548,176,Sarah,Harris,HS_REP,sarah.harris@ohuravalleyprim.school.nz,027-969-7258,2020-01-03,True
549,176,Ryan,Turner,CARETAKER,ryan.turner@ohuravalleyprim.school.nz,021-372-3324,2022-04-28,True
550,177,Hemi,Wilson,PRINCIPAL,hemi.wilson@inglewoodhighsc.school.nz,026-443-9545,2022-08-15,True
551,177,Reuben,Edwards,SITE_MANAGER,reuben.edwards@inglewoodhighsc.school.nz,028-847-3764,2020-09-17,True
552,177,Grant,Kim,HS_REP,grant.kim@inglewoodhighsc.school.nz,026-920-5311,2022-04-02,True
553,177,Finn,White,CARETAKER,finn.white@inglewoodhighsc.school.nz,022-134-8926,2020-02-09,True
554,179,Amber,Fitzgerald,PRINCIPAL,amber.fitzgerald@stratfordhighsc.school.nz,021-459-4325,2021-08-21,True
555,179,Finn,Stewart,SITE_MANAGER,finn.stewart@stratfordhighsc.school.nz,025-930-4007,2022-03-23,True
556,179,Kylie,Watson,HS_REP,kylie.watson@stratfordhighsc.school.nz,021-370-5273,2021-09-03,True
557,180,Donna,Cooper,PRINCIPAL,donna.cooper@taranakidiocesa.school.nz,025-177-1006,2021-02-11,True
558,180,Isla,Russell,SITE_MANAGER,isla.russell@taranakidiocesa.school.nz,025-498-4844,2022-02-27,True
559,180,Andrew,Brown,HS_REP,andrew.brown@taranakidiocesa.school.nz,024-759-5751,2021-05-29,True
560,181,Freya,Lee,PRINCIPAL,freya.lee@opunakehighscho.school.nz,025-552-6796,2020-01-02,True
561,181,Ethan,Turner,SITE_MANAGER,ethan.turner@opunakehighscho.school.nz,024-884-8465,2021-05-17,True
562,181,Ben,Lee,HS_REP,ben.lee@opunakehighscho.school.nz,024-500-6809,2021-04-26,True
563,181,Mark,Wilson,CARETAKER,mark.wilson@opunakehighscho.school.nz,025-512-6659,2022-01-17,True
564,183,Tracey,Turner,PRINCIPAL,tracey.turner@ruapehucollege.school.nz,022-331-2212,2020-02-19,True
565,183,Scott,Te Huia,SITE_MANAGER,scott.te huia@ruapehucollege.school.nz,027-670-1377,2020-11-11,True
566,183,Rawiri,Lee,HS_REP,rawiri.lee@ruapehucollege.school.nz,025-882-1940,2021-08-21,True
567,185,Sarah,Thompson,PRINCIPAL,sarah.thompson@pateaareaschool.school.nz,022-148-3961,2021-04-05,True
568,185,Ryan,Cooper,SITE_MANAGER,ryan.cooper@pateaareaschool.school.nz,021-622-1085,2022-03-30,True
569,185,Mason,Stewart,HS_REP,mason.stewart@pateaareaschool.school.nz,025-955-3879,2020-05-05,True
570,187,Nicola,Fitzgerald,PRINCIPAL,nicola.fitzgerald@whanganuicityco.school.nz,026-169-1007,2020-10-26,True
571,187,Mere,Murray,SITE_MANAGER,mere.murray@whanganuicityco.school.nz,025-191-8553,2020-05-01,True
572,187,Daniel,Anderson,HS_REP,daniel.anderson@whanganuicityco.school.nz,022-508-4098,2020-09-28,True
573,188,Liam,Smith,PRINCIPAL,liam.smith@whanganuigirlsc.school.nz,028-415-1631,2020-08-07,True
574,188,Ben,Henare,SITE_MANAGER,ben.henare@whanganuigirlsc.school.nz,024-553-9172,2020-10-27,True
575,188,Grant,Mahuta,HS_REP,grant.mahuta@whanganuigirlsc.school.nz,027-153-2282,2022-04-13,True
576,189,Ruby,Williams,PRINCIPAL,ruby.williams@whanganuihighsc.school.nz,025-367-4863,2021-11-25,True
577,189,Matiu,Watson,SITE_MANAGER,matiu.watson@whanganuihighsc.school.nz,027-470-4856,2022-03-19,True
578,189,Paula,Green,HS_REP,paula.green@whanganuihighsc.school.nz,027-698-3910,2022-06-11,True
579,190,Stacey,Jones,PRINCIPAL,stacey.jones@cullinanecolleg.school.nz,027-912-8068,2020-12-27,True
580,190,Finn,Parker,SITE_MANAGER,finn.parker@cullinanecolleg.school.nz,028-225-2883,2022-09-12,True
581,190,Hayley,Fitzgerald,HS_REP,hayley.fitzgerald@cullinanecolleg.school.nz,026-379-9057,2022-04-22,True
582,190,Donna,Henare,CARETAKER,donna.henare@cullinanecolleg.school.nz,025-773-8269,2021-04-29,True
583,191,Ben,Roberts,PRINCIPAL,ben.roberts@longburnadventi.school.nz,025-244-5049,2022-08-01,True
584,191,Nicola,Wilson,SITE_MANAGER,nicola.wilson@longburnadventi.school.nz,025-967-3206,2021-02-16,True
585,191,Ihaia,Martin,HS_REP,ihaia.martin@longburnadventi.school.nz,022-840-6172,2021-06-30,True
586,192,Simon,Lee,PRINCIPAL,simon.lee@whanganuicolleg.school.nz,025-673-9400,2021-03-03,True
587,192,Sam,Green,SITE_MANAGER,sam.green@whanganuicolleg.school.nz,027-200-5410,2022-08-14,True
588,192,Kauri,Mitchell,HS_REP,kauri.mitchell@whanganuicolleg.school.nz,022-337-9185,2020-09-27,True
589,192,Ben,Mahuta,CARETAKER,ben.mahuta@whanganuicolleg.school.nz,027-214-9985,2022-03-28,True
590,195,Mere,Baker,PRINCIPAL,mere.baker@rangitīkeicolle.school.nz,026-199-1459,2021-09-17,True
591,195,Mark,Burns,SITE_MANAGER,mark.burns@rangitīkeicolle.school.nz,022-214-5156,2020-10-07,True
592,195,Finn,White,HS_REP,finn.white@rangitīkeicolle.school.nz,027-743-1240,2022-04-11,True
593,196,Mere,Crawford,PRINCIPAL,mere.crawford@ngatawadiocesan.school.nz,021-230-8637,2022-01-26,True
594,196,Mason,Murray,SITE_MANAGER,mason.murray@ngatawadiocesan.school.nz,026-418-9326,2022-08-10,True
595,196,Kauri,Morgan,HS_REP,kauri.morgan@ngatawadiocesan.school.nz,027-595-4096,2022-03-02,True
596,197,Ben,Young,PRINCIPAL,ben.young@feildinghighsch.school.nz,027-106-2989,2020-08-27,True
597,197,Kaia,Edwards,SITE_MANAGER,kaia.edwards@feildinghighsch.school.nz,021-626-8335,2021-08-01,True
598,197,Lisa,Chen,HS_REP,lisa.chen@feildinghighsch.school.nz,023-112-3345,2021-07-18,True
599,197,Stacey,Russell,CARETAKER,stacey.russell@feildinghighsch.school.nz,027-626-7654,2021-12-17,True
600,198,Grace,King,PRINCIPAL,grace.king@awatapucollege.school.nz,028-412-7314,2021-01-21,True
601,198,Kauri,Watson,SITE_MANAGER,kauri.watson@awatapucollege.school.nz,026-395-6188,2022-05-27,True
602,198,Georgia,Williams,HS_REP,georgia.williams@awatapucollege.school.nz,023-228-4676,2022-03-29,True
603,199,Lisa,Turner,PRINCIPAL,lisa.turner@hatopaoracolleg.school.nz,021-697-7123,2020-06-28,True
604,199,Karen,Henderson,SITE_MANAGER,karen.henderson@hatopaoracolleg.school.nz,024-153-1499,2022-04-12,True
605,199,Rachel,Palmer,HS_REP,rachel.palmer@hatopaoracolleg.school.nz,024-710-3692,2022-02-02,True
606,199,Matthew,Fraser,CARETAKER,matthew.fraser@hatopaoracolleg.school.nz,021-926-8204,2020-03-29,True
607,200,Hemi,Wong,PRINCIPAL,hemi.wong@freyberghighsch.school.nz,021-114-3838,2022-05-23,True
608,200,Ihaia,Gray,SITE_MANAGER,ihaia.gray@freyberghighsch.school.nz,024-502-8949,2022-06-05,True
609,200,Craig,Harris,HS_REP,craig.harris@freyberghighsch.school.nz,025-191-2039,2022-02-06,True
610,200,Jessica,Hall,CARETAKER,jessica.hall@freyberghighsch.school.nz,025-479-5822,2020-05-01,True
611,201,Isla,King,PRINCIPAL,isla.king@queenelizabethc.school.nz,025-554-8503,2022-02-27,True
612,201,Caleb,Murray,SITE_MANAGER,caleb.murray@queenelizabethc.school.nz,024-654-1226,2020-04-30,True
613,201,Nikau,Te Huia,HS_REP,nikau.te huia@queenelizabethc.school.nz,022-943-3317,2020-11-06,True
614,201,James,Gallagher,CARETAKER,james.gallagher@queenelizabethc.school.nz,023-794-3665,2022-03-09,True
615,202,Shane,Smith,PRINCIPAL,shane.smith@palmerstonnorth.school.nz,026-220-3509,2022-09-14,True
616,202,Grant,Morgan,SITE_MANAGER,grant.morgan@palmerstonnorth.school.nz,023-432-9860,2022-06-07,True
617,202,Aria,Wright,HS_REP,aria.wright@palmerstonnorth.school.nz,028-547-6048,2020-07-31,True
618,203,Isla,Martin,PRINCIPAL,isla.martin@palmerstonnorth.school.nz,023-988-4341,2022-02-28,True
619,203,Josh,Kumar,SITE_MANAGER,josh.kumar@palmerstonnorth.school.nz,024-330-6905,2021-11-22,True
620,203,Lisa,Russell,HS_REP,lisa.russell@palmerstonnorth.school.nz,024-761-3178,2021-08-06,True
621,203,Shane,Kumar,CARETAKER,shane.kumar@palmerstonnorth.school.nz,022-678-8468,2021-11-26,True
622,204,Liam,Clarke,PRINCIPAL,liam.clarke@stpeterscollege.school.nz,021-499-4238,2022-09-19,True
623,204,Mason,Henderson,SITE_MANAGER,mason.henderson@stpeterscollege.school.nz,025-397-3790,2020-11-18,True
624,204,Sam,Lee,HS_REP,sam.lee@stpeterscollege.school.nz,025-906-8396,2020-11-15,True
625,205,Hemi,Henderson,PRINCIPAL,hemi.henderson@manawatūcollege.school.nz,027-421-7387,2022-07-22,True
626,205,Rachel,Harawira,SITE_MANAGER,rachel.harawira@manawatūcollege.school.nz,021-250-6320,2022-04-08,True
627,205,Charlotte,Johnston,HS_REP,charlotte.johnston@manawatūcollege.school.nz,023-942-6215,2020-10-08,True
628,206,Luke,Taylor,PRINCIPAL,luke.taylor@ngatamemorialco.school.nz,023-181-4811,2022-06-06,True
629,206,Stacey,Thompson,SITE_MANAGER,stacey.thompson@ngatamemorialco.school.nz,028-523-3480,2021-01-08,True
630,206,Ihaia,Stewart,HS_REP,ihaia.stewart@ngatamemorialco.school.nz,026-131-4846,2022-01-30,True
631,206,Charlotte,Taukiri,CARETAKER,charlotte.taukiri@ngatamemorialco.school.nz,028-163-1674,2021-02-23,True
632,208,Wiremu,Gallagher,PRINCIPAL,wiremu.gallagher@lyttonhighschoo.school.nz,028-171-6477,2020-10-02,True
633,208,Sam,Henare,SITE_MANAGER,sam.henare@lyttonhighschoo.school.nz,022-315-3910,2022-09-15,True
634,208,Ethan,Green,HS_REP,ethan.green@lyttonhighschoo.school.nz,028-320-5982,2021-03-25,True
635,208,Scott,Tamati,CARETAKER,scott.tamati@lyttonhighschoo.school.nz,022-282-1955,2020-10-08,True
636,209,Amelia,Wong,PRINCIPAL,amelia.wong@gisborneboyshig.school.nz,024-683-2984,2020-09-17,True
637,209,Michelle,Baker,SITE_MANAGER,michelle.baker@gisborneboyshig.school.nz,023-221-6402,2020-11-12,True
638,209,Grace,Watson,HS_REP,grace.watson@gisborneboyshig.school.nz,024-258-5683,2022-08-21,True
639,210,Craig,Harris,PRINCIPAL,craig.harris@gisbornegirlshi.school.nz,023-691-2338,2021-08-19,True
640,210,Stacey,Tamati,SITE_MANAGER,stacey.tamati@gisbornegirlshi.school.nz,028-993-1167,2021-02-08,True
641,210,Josh,Mitchell,HS_REP,josh.mitchell@gisbornegirlshi.school.nz,022-896-7828,2020-02-02,True
642,210,Finn,Stewart,CARETAKER,finn.stewart@gisbornegirlshi.school.nz,027-356-2746,2020-10-31,True
643,211,Anika,Mahuta,PRINCIPAL,anika.mahuta@campioncollege.school.nz,025-377-4984,2021-12-01,True
644,211,Mason,Fraser,SITE_MANAGER,mason.fraser@campioncollege.school.nz,026-215-3470,2022-01-04,True
645,211,Jack,Brown,HS_REP,jack.brown@campioncollege.school.nz,024-958-4635,2021-12-25,True
646,211,Amber,Collins,CARETAKER,amber.collins@campioncollege.school.nz,026-111-9111,2022-01-19,True
647,212,Sarah,Lee,PRINCIPAL,sarah.lee@tolagabayareasc.school.nz,028-421-1140,2020-12-06,True
648,212,Shane,Rewi,SITE_MANAGER,shane.rewi@tolagabayareasc.school.nz,022-496-6784,2021-07-27,True
649,212,Charlotte,Walker,HS_REP,charlotte.walker@tolagabayareasc.school.nz,026-792-7322,2020-11-24,True
650,214,Mark,Mitchell,PRINCIPAL,mark.mitchell@wairoacollege.school.nz,021-542-5695,2020-06-28,True
651,214,Olivia,Burns,SITE_MANAGER,olivia.burns@wairoacollege.school.nz,028-964-4142,2020-01-08,True
652,214,Chris,Hill,HS_REP,chris.hill@wairoacollege.school.nz,025-434-5578,2020-09-29,True
653,214,Ihaia,Stewart,CARETAKER,ihaia.stewart@wairoacollege.school.nz,026-787-7600,2020-03-21,True
654,215,Kylie,Rewi,PRINCIPAL,kylie.rewi@taradalehighsch.school.nz,026-766-4362,2022-01-07,True
655,215,Donna,Young,SITE_MANAGER,donna.young@taradalehighsch.school.nz,026-345-1241,2021-07-14,True
656,215,Josh,Jones,HS_REP,josh.jones@taradalehighsch.school.nz,025-532-4266,2021-06-07,True
657,216,Kaia,Burns,PRINCIPAL,kaia.burns@napierboyshighs.school.nz,026-352-2082,2022-01-13,True
658,216,Zara,Stewart,SITE_MANAGER,zara.stewart@napierboyshighs.school.nz,021-245-6571,2021-12-16,True
659,216,Caleb,Fraser,HS_REP,caleb.fraser@napierboyshighs.school.nz,028-879-7905,2021-04-14,True
660,217,Freya,Taylor,PRINCIPAL,freya.taylor@napiergirlshigh.school.nz,025-961-9215,2022-05-13,True
661,217,Andrew,Murray,SITE_MANAGER,andrew.murray@napiergirlshigh.school.nz,028-378-8379,2021-07-15,True
662,217,Karen,Wong,HS_REP,karen.wong@napiergirlshigh.school.nz,022-924-5722,2022-06-28,True
663,218,Ben,Turner,PRINCIPAL,ben.turner@tamateahighscho.school.nz,021-560-5083,2021-06-18,True
664,218,Nicola,Burns,SITE_MANAGER,nicola.burns@tamateahighscho.school.nz,027-882-4061,2021-03-14,True
665,218,Olivia,Gray,HS_REP,olivia.gray@tamateahighscho.school.nz,025-224-3961,2021-03-09,True
666,218,Donna,Roberts,CARETAKER,donna.roberts@tamateahighscho.school.nz,023-503-1511,2021-02-12,True
667,219,David,Clarke,PRINCIPAL,david.clarke@sacredheartcoll.school.nz,022-175-1564,2022-07-17,True
668,219,Kylie,Edwards,SITE_MANAGER,kylie.edwards@sacredheartcoll.school.nz,028-600-7351,2020-11-04,True
669,219,Luke,Chen,HS_REP,luke.chen@sacredheartcoll.school.nz,022-150-7923,2020-01-08,True
670,219,Hemi,Fitzgerald,CARETAKER,hemi.fitzgerald@sacredheartcoll.school.nz,025-672-2124,2022-07-28,True
671,220,Ruby,Hill,PRINCIPAL,ruby.hill@williamcolensoc.school.nz,024-689-6822,2020-04-27,True
672,220,Mere,Henare,SITE_MANAGER,mere.henare@williamcolensoc.school.nz,025-454-2842,2020-05-18,True
673,220,Anika,Gray,HS_REP,anika.gray@williamcolensoc.school.nz,028-442-6862,2020-10-30,True
674,220,Wiremu,White,CARETAKER,wiremu.white@williamcolensoc.school.nz,024-448-9915,2021-03-23,True
675,221,Amelia,Tamati,PRINCIPAL,amelia.tamati@tewharekuraorua.school.nz,027-916-4163,2020-12-27,True
676,221,Nicola,Collins,SITE_MANAGER,nicola.collins@tewharekuraorua.school.nz,022-340-9629,2021-03-08,True
677,221,Simon,Thompson,HS_REP,simon.thompson@tewharekuraorua.school.nz,022-525-5134,2022-08-09,True
678,221,Caleb,Kim,CARETAKER,caleb.kim@tewharekuraorua.school.nz,025-740-1038,2021-09-29,True
679,222,Matthew,Wong,PRINCIPAL,matthew.wong@stjosephsmaorig.school.nz,025-501-1498,2022-03-15,True
680,222,Grace,Hall,SITE_MANAGER,grace.hall@stjosephsmaorig.school.nz,022-928-9372,2020-04-24,True
681,222,Tia,Robinson,HS_REP,tia.robinson@stjosephsmaorig.school.nz,022-629-7633,2022-06-06,True
682,223,Michael,Wong,PRINCIPAL,michael.wong@havelocknorthhi.school.nz,022-633-2745,2021-01-20,True
683,223,Matiu,Lee,SITE_MANAGER,matiu.lee@havelocknorthhi.school.nz,024-509-1138,2021-07-16,True
684,223,Caleb,Morgan,HS_REP,caleb.morgan@havelocknorthhi.school.nz,025-203-1515,2020-02-27,True
685,223,Kylie,Hamilton,CARETAKER,kylie.hamilton@havelocknorthhi.school.nz,027-814-1976,2021-07-12,True
686,224,Anika,Nguyen,PRINCIPAL,anika.nguyen@ionacollege.school.nz,022-933-3167,2020-02-21,True
687,224,Finn,Singh,SITE_MANAGER,finn.singh@ionacollege.school.nz,026-159-1108,2020-05-22,True
688,224,James,Green,HS_REP,james.green@ionacollege.school.nz,022-515-8416,2021-08-14,True
689,224,Rawiri,Nguyen,CARETAKER,rawiri.nguyen@ionacollege.school.nz,025-270-1414,2020-08-02,True
690,225,Jessica,Clarke,PRINCIPAL,jessica.clarke@woodfordhouse.school.nz,024-457-2713,2020-10-29,True
691,225,Tane,Russell,SITE_MANAGER,tane.russell@woodfordhouse.school.nz,028-602-5025,2020-03-27,True
692,225,Grant,Stewart,HS_REP,grant.stewart@woodfordhouse.school.nz,023-763-9808,2020-09-13,True
693,226,Nikau,Tamati,PRINCIPAL,nikau.tamati@stjohnscollege(.school.nz,027-829-8580,2022-07-14,True
694,226,Kylie,Fitzgerald,SITE_MANAGER,kylie.fitzgerald@stjohnscollege(.school.nz,022-417-3023,2020-06-29,True
695,226,Aria,Campbell,HS_REP,aria.campbell@stjohnscollege(.school.nz,028-933-9679,2022-01-28,True
696,226,Liam,Gallagher,CARETAKER,liam.gallagher@stjohnscollege(.school.nz,023-610-7254,2022-05-16,True
697,227,Stacey,Young,PRINCIPAL,stacey.young@hastingsboyshig.school.nz,025-239-5469,2020-05-28,True
698,227,David,Taylor,SITE_MANAGER,david.taylor@hastingsboyshig.school.nz,026-768-9395,2020-07-06,True
699,227,Kauri,Rewi,HS_REP,kauri.rewi@hastingsboyshig.school.nz,022-754-5287,2021-04-26,True
700,227,Liam,Mitchell,CARETAKER,liam.mitchell@hastingsboyshig.school.nz,027-198-2474,2022-03-19,True
701,228,Shane,Cooper,PRINCIPAL,shane.cooper@hastingsgirlshi.school.nz,027-763-8302,2020-07-04,True
702,228,Ryan,Henare,SITE_MANAGER,ryan.henare@hastingsgirlshi.school.nz,021-686-1113,2020-12-18,True
703,228,Kauri,Henderson,HS_REP,kauri.henderson@hastingsgirlshi.school.nz,021-242-9920,2022-09-22,True
704,229,Shane,Singh,PRINCIPAL,shane.singh@karamūhighschoo.school.nz,023-364-2486,2021-02-10,True
705,229,Scott,Fitzgerald,SITE_MANAGER,scott.fitzgerald@karamūhighschoo.school.nz,022-238-9826,2021-11-12,True
706,229,Jack,Taukiri,HS_REP,jack.taukiri@karamūhighschoo.school.nz,026-503-3963,2021-07-30,True
707,230,Andrew,Henderson,PRINCIPAL,andrew.henderson@lindisfarnecoll.school.nz,022-336-5080,2022-08-25,True
708,230,Luke,Morgan,SITE_MANAGER,luke.morgan@lindisfarnecoll.school.nz,026-947-5733,2020-02-03,True
709,230,Josh,Gray,HS_REP,josh.gray@lindisfarnecoll.school.nz,027-602-7818,2022-09-14,True
710,231,Tane,Taukiri,PRINCIPAL,tane.taukiri@taikurarudolfst.school.nz,025-539-8677,2022-07-31,True
711,231,Wiremu,Harris,SITE_MANAGER,wiremu.harris@taikurarudolfst.school.nz,027-937-8793,2020-03-11,True
712,231,Ihaia,Gallagher,HS_REP,ihaia.gallagher@taikurarudolfst.school.nz,027-670-5040,2020-03-02,True
713,232,Wiremu,Fraser,PRINCIPAL,wiremu.fraser@teautecollege.school.nz,028-446-2591,2021-12-24,True
714,232,Tia,Watson,SITE_MANAGER,tia.watson@teautecollege.school.nz,024-335-5987,2021-12-19,True
715,232,Sarah,Taukiri,HS_REP,sarah.taukiri@teautecollege.school.nz,026-132-4734,2021-11-07,True
716,233,Joanne,King,PRINCIPAL,joanne.king@centralhawkesba.school.nz,028-457-3797,2020-04-02,True
717,233,Donna,Hall,SITE_MANAGER,donna.hall@centralhawkesba.school.nz,026-914-2421,2021-05-09,True
718,233,Aria,Baker,HS_REP,aria.baker@centralhawkesba.school.nz,026-670-2442,2021-05-09,True
719,233,Emma,Mitchell,CARETAKER,emma.mitchell@centralhawkesba.school.nz,025-986-8302,2020-10-14,True
720,234,Charlotte,Fraser,PRINCIPAL,charlotte.fraser@dannevirkehighs.school.nz,026-640-4401,2022-03-15,True
721,234,Jessica,Mitchell,SITE_MANAGER,jessica.mitchell@dannevirkehighs.school.nz,021-964-1272,2021-01-26,True
722,234,Amber,Thompson,HS_REP,amber.thompson@dannevirkehighs.school.nz,023-481-8161,2021-03-05,True
723,234,Kylie,Smith,CARETAKER,kylie.smith@dannevirkehighs.school.nz,021-481-1882,2020-02-29,True
724,235,Zara,Smith,PRINCIPAL,zara.smith@tararuacollege.school.nz,027-300-8747,2020-03-15,True
725,235,Ryan,Johnston,SITE_MANAGER,ryan.johnston@tararuacollege.school.nz,022-809-8650,2020-06-13,True
726,235,Ihaia,Campbell,HS_REP,ihaia.campbell@tararuacollege.school.nz,023-292-8250,2021-08-09,True
727,235,Ruby,Clarke,CARETAKER,ruby.clarke@tararuacollege.school.nz,024-251-5306,2021-01-15,True
728,236,Ethan,Wilson,PRINCIPAL,ethan.wilson@horowhenuacolle.school.nz,023-359-2125,2021-03-17,True
729,236,Simon,Fitzgerald,SITE_MANAGER,simon.fitzgerald@horowhenuacolle.school.nz,025-262-9021,2020-12-24,True
730,236,Liam,Kim,HS_REP,liam.kim@horowhenuacolle.school.nz,023-508-9469,2022-08-28,True
731,237,Emma,Young,PRINCIPAL,emma.young@waiopehucollege.school.nz,025-860-1486,2021-02-16,True
732,237,Aria,Hall,SITE_MANAGER,aria.hall@waiopehucollege.school.nz,022-418-1631,2022-07-04,True
733,237,Andrew,Te Huia,HS_REP,andrew.te huia@waiopehucollege.school.nz,026-810-8423,2022-01-02,True
734,240,Tracey,Mahuta,PRINCIPAL,tracey.mahuta@otakicollege.school.nz,025-707-5131,2022-03-25,True
735,240,Nicola,Murray,SITE_MANAGER,nicola.murray@otakicollege.school.nz,022-377-9654,2020-10-20,True
736,240,Kauri,Russell,HS_REP,kauri.russell@otakicollege.school.nz,025-373-2973,2022-05-20,True
737,240,Shane,White,CARETAKER,shane.white@otakicollege.school.nz,024-370-6887,2022-08-19,True
738,241,Donna,Harris,PRINCIPAL,donna.harris@wairarapacolleg.school.nz,024-932-1061,2021-10-08,True
739,241,Nathan,Hamilton,SITE_MANAGER,nathan.hamilton@wairarapacolleg.school.nz,026-452-3149,2020-09-30,True
740,241,Matiu,Stewart,HS_REP,matiu.stewart@wairarapacolleg.school.nz,023-212-1824,2022-02-12,True
741,241,Aroha,White,CARETAKER,aroha.white@wairarapacolleg.school.nz,021-863-6364,2021-05-12,True
742,242,Brooke,Taylor,PRINCIPAL,brooke.taylor@solwaycollege.school.nz,024-982-6104,2021-10-09,True
743,242,Finn,Hamilton,SITE_MANAGER,finn.hamilton@solwaycollege.school.nz,027-903-6640,2022-01-03,True
744,242,Paula,Bennett,HS_REP,paula.bennett@solwaycollege.school.nz,028-944-8011,2020-12-24,True
745,242,Isla,Watson,CARETAKER,isla.watson@solwaycollege.school.nz,024-146-2029,2021-02-22,True
746,243,Michael,Brown,PRINCIPAL,michael.brown@mākouracollege.school.nz,022-638-8088,2020-06-05,True
747,243,Michelle,Thompson,SITE_MANAGER,michelle.thompson@mākouracollege.school.nz,027-589-3165,2021-10-27,True
748,243,Holly,Thompson,HS_REP,holly.thompson@mākouracollege.school.nz,022-554-1045,2022-06-10,True
749,244,Finn,Williams,PRINCIPAL,finn.williams@chanelcollege.school.nz,028-590-9549,2020-11-16,True
750,244,Sarah,Gallagher,SITE_MANAGER,sarah.gallagher@chanelcollege.school.nz,023-143-6613,2022-06-30,True
751,244,Rawiri,Nguyen,HS_REP,rawiri.nguyen@chanelcollege.school.nz,022-172-6873,2020-08-27,True
752,245,Lisa,Johnston,PRINCIPAL,lisa.johnston@rathkealecolleg.school.nz,027-727-7434,2020-08-15,True
753,245,Max,Turner,SITE_MANAGER,max.turner@rathkealecolleg.school.nz,023-600-7329,2022-05-12,True
754,245,Anika,Chen,HS_REP,anika.chen@rathkealecolleg.school.nz,027-964-4211,2022-03-25,True
755,246,Anika,Te Huia,PRINCIPAL,anika.te huia@stmatthewscolle.school.nz,028-250-8691,2020-10-21,True
756,246,David,Wright,SITE_MANAGER,david.wright@stmatthewscolle.school.nz,021-495-6240,2020-10-24,True
757,246,Maia,Hamilton,HS_REP,maia.hamilton@stmatthewscolle.school.nz,021-135-5169,2020-07-12,True
758,247,Josh,Taylor,PRINCIPAL,josh.taylor@kāpiticollege.school.nz,025-277-3233,2022-06-11,True
759,247,David,Fitzgerald,SITE_MANAGER,david.fitzgerald@kāpiticollege.school.nz,023-248-6611,2020-09-07,True
760,247,Aria,Williams,HS_REP,aria.williams@kāpiticollege.school.nz,024-357-9505,2020-12-25,True
761,247,Daniel,Russell,CARETAKER,daniel.russell@kāpiticollege.school.nz,021-591-7636,2022-02-20,True
762,248,Tia,Stewart,PRINCIPAL,tia.stewart@paraparaumucoll.school.nz,028-750-6135,2020-03-30,True
763,248,Hemi,Brown,SITE_MANAGER,hemi.brown@paraparaumucoll.school.nz,022-764-2277,2021-07-02,True
764,248,Lisa,Mitchell,HS_REP,lisa.mitchell@paraparaumucoll.school.nz,023-392-1243,2020-04-18,True
765,249,Sam,Lee,PRINCIPAL,sam.lee@kuranuicollege.school.nz,024-192-8388,2020-09-04,True
766,249,Paula,Murray,SITE_MANAGER,paula.murray@kuranuicollege.school.nz,028-159-2461,2022-06-22,True
767,249,Craig,Burns,HS_REP,craig.burns@kuranuicollege.school.nz,027-588-9716,2022-04-09,True
768,250,Jack,Harris,PRINCIPAL,jack.harris@upperhuttcolleg.school.nz,021-544-6416,2020-05-13,True
769,250,Holly,Patel,SITE_MANAGER,holly.patel@upperhuttcolleg.school.nz,025-738-5443,2021-12-19,True
770,250,Rawiri,Lee,HS_REP,rawiri.lee@upperhuttcolleg.school.nz,022-660-8512,2022-07-18,True
771,250,Craig,Rewi,CARETAKER,craig.rewi@upperhuttcolleg.school.nz,023-319-3642,2020-04-07,True
772,251,Jack,Hall,PRINCIPAL,jack.hall@heretaungacolle.school.nz,025-157-5396,2022-02-07,True
773,251,Sophie,Stewart,SITE_MANAGER,sophie.stewart@heretaungacolle.school.nz,023-183-3809,2021-07-06,True
774,251,David,Harris,HS_REP,david.harris@heretaungacolle.school.nz,022-684-3376,2022-01-02,True
775,251,Moana,Harris,CARETAKER,moana.harris@heretaungacolle.school.nz,023-653-2703,2020-06-27,True
776,252,Luke,Henderson,PRINCIPAL,luke.henderson@stpatrickscolle.school.nz,028-601-2756,2021-06-06,True
777,252,Simon,Te Huia,SITE_MANAGER,simon.te huia@stpatrickscolle.school.nz,025-379-2834,2020-08-19,True
778,252,Reuben,Te Huia,HS_REP,reuben.te huia@stpatrickscolle.school.nz,021-649-1123,2021-10-11,True
779,252,Noah,Fitzgerald,CARETAKER,noah.fitzgerald@stpatrickscolle.school.nz,025-595-1513,2020-01-09,True
780,253,Charlotte,Taylor,PRINCIPAL,charlotte.taylor@aoteacollege.school.nz,026-591-5157,2021-09-28,True
781,253,Shane,Brown,SITE_MANAGER,shane.brown@aoteacollege.school.nz,025-574-9699,2020-06-03,True
782,253,Zara,Harawira,HS_REP,zara.harawira@aoteacollege.school.nz,025-526-5880,2022-07-10,True
783,254,Kaia,Baker,PRINCIPAL,kaia.baker@manacollege.school.nz,022-984-1480,2020-07-05,True
784,254,James,Jones,SITE_MANAGER,james.jones@manacollege.school.nz,027-242-4308,2020-10-30,True
785,254,Andrew,Stewart,HS_REP,andrew.stewart@manacollege.school.nz,026-163-7335,2022-01-06,True
786,254,Liam,Brown,CARETAKER,liam.brown@manacollege.school.nz,025-784-8791,2021-09-08,True
787,255,Rawiri,Murray,PRINCIPAL,rawiri.murray@poriruacollege.school.nz,025-988-8273,2020-01-23,True
788,255,Matiu,Bennett,SITE_MANAGER,matiu.bennett@poriruacollege.school.nz,026-580-4718,2020-06-04,True
789,255,Daniel,Williams,HS_REP,daniel.williams@poriruacollege.school.nz,023-357-8098,2022-09-26,True
790,255,Shane,Wright,CARETAKER,shane.wright@poriruacollege.school.nz,022-539-7272,2022-05-07,True
791,256,Moana,Morgan,PRINCIPAL,moana.morgan@bishopviardcoll.school.nz,021-263-1790,2021-01-18,True
792,256,Nicola,Hall,SITE_MANAGER,nicola.hall@bishopviardcoll.school.nz,025-740-7391,2022-05-02,True
793,256,Karen,Taukiri,HS_REP,karen.taukiri@bishopviardcoll.school.nz,028-334-6748,2022-03-16,True
794,257,Noah,Robinson,PRINCIPAL,noah.robinson@tawacollege.school.nz,027-640-1024,2021-01-19,True
795,257,James,Edwards,SITE_MANAGER,james.edwards@tawacollege.school.nz,023-903-4816,2022-08-29,True
796,257,Georgia,Morgan,HS_REP,georgia.morgan@tawacollege.school.nz,021-145-1358,2020-09-01,True
797,257,Amelia,Williams,CARETAKER,amelia.williams@tawacollege.school.nz,024-874-3223,2021-02-01,True
798,258,Maia,King,PRINCIPAL,maia.king@taitacollege.school.nz,024-296-6063,2020-03-22,True
799,258,David,Rewi,SITE_MANAGER,david.rewi@taitacollege.school.nz,027-716-5922,2020-02-08,True
800,258,Tia,Williams,HS_REP,tia.williams@taitacollege.school.nz,028-585-7344,2022-09-13,True
801,259,Karen,Harawira,PRINCIPAL,karen.harawira@naenaecollege.school.nz,025-634-4039,2021-03-18,True
802,259,Georgia,Thompson,SITE_MANAGER,georgia.thompson@naenaecollege.school.nz,028-403-4549,2021-01-02,True
803,259,Emma,Mahuta,HS_REP,emma.mahuta@naenaecollege.school.nz,025-597-4867,2022-07-03,True
804,259,Rawiri,Green,CARETAKER,rawiri.green@naenaecollege.school.nz,027-883-6811,2020-11-30,True
805,260,Craig,Murray,PRINCIPAL,craig.murray@stbernardscolle.school.nz,024-784-5301,2020-12-16,True
806,260,Amber,King,SITE_MANAGER,amber.king@stbernardscolle.school.nz,023-647-2832,2021-09-04,True
807,260,Matiu,Jones,HS_REP,matiu.jones@stbernardscolle.school.nz,021-867-6354,2020-04-21,True
808,260,Ben,Hill,CARETAKER,ben.hill@stbernardscolle.school.nz,026-339-6562,2020-06-24,True
809,261,Scott,Nguyen,PRINCIPAL,scott.nguyen@huttvalleyhighs.school.nz,021-266-7680,2020-05-01,True
810,261,Zara,Morgan,SITE_MANAGER,zara.morgan@huttvalleyhighs.school.nz,022-621-1984,2021-11-16,True
811,261,Tracey,White,HS_REP,tracey.white@huttvalleyhighs.school.nz,023-320-2568,2022-04-26,True
812,261,Josh,Anderson,CARETAKER,josh.anderson@huttvalleyhighs.school.nz,023-551-6189,2021-11-05,True
813,262,Grant,Green,PRINCIPAL,grant.green@sacredheartcoll.school.nz,027-543-8471,2022-02-22,True
814,262,Donna,Scott,SITE_MANAGER,donna.scott@sacredheartcoll.school.nz,027-147-4580,2020-09-12,True
815,262,Luke,Gallagher,HS_REP,luke.gallagher@sacredheartcoll.school.nz,026-841-5272,2021-07-21,True
816,262,Josh,Tamati,CARETAKER,josh.tamati@sacredheartcoll.school.nz,028-101-7396,2021-03-29,True
817,263,Rawiri,Roberts,PRINCIPAL,rawiri.roberts@chiltonsaintjam.school.nz,023-786-5089,2022-02-18,True
818,263,Freya,Kumar,SITE_MANAGER,freya.kumar@chiltonsaintjam.school.nz,027-363-5671,2022-01-28,True
819,263,Grace,Harawira,HS_REP,grace.harawira@chiltonsaintjam.school.nz,027-221-8796,2020-06-26,True
820,263,Sophie,Te Huia,CARETAKER,sophie.te huia@chiltonsaintjam.school.nz,026-205-4325,2022-08-26,True
821,265,Tracey,Wright,PRINCIPAL,tracey.wright@storanscollege.school.nz,028-531-7513,2021-08-11,True
822,265,Holly,Singh,SITE_MANAGER,holly.singh@storanscollege.school.nz,024-144-9798,2020-11-14,True
823,265,Wiremu,Baker,HS_REP,wiremu.baker@storanscollege.school.nz,024-149-6464,2020-06-15,True
824,265,Moana,Turner,CARETAKER,moana.turner@storanscollege.school.nz,027-921-2245,2020-02-22,True
825,266,Mark,Russell,PRINCIPAL,mark.russell@waipachristians.school.nz,026-329-7914,2022-05-04,True
826,266,Matiu,Cooper,SITE_MANAGER,matiu.cooper@waipachristians.school.nz,022-499-3924,2020-03-31,True
827,266,Kylie,Robinson,HS_REP,kylie.robinson@waipachristians.school.nz,021-615-4196,2020-03-01,True
828,266,Tia,Tamati,CARETAKER,tia.tamati@waipachristians.school.nz,027-465-8985,2021-11-04,True
829,268,Hemi,Stewart,PRINCIPAL,hemi.stewart@newlandscollege.school.nz,028-907-7767,2020-11-13,True
830,268,Matthew,Martin,SITE_MANAGER,matthew.martin@newlandscollege.school.nz,022-556-7561,2022-01-22,True
831,268,Wiremu,Campbell,HS_REP,wiremu.campbell@newlandscollege.school.nz,026-294-3450,2021-03-07,True
832,268,Donna,Robinson,CARETAKER,donna.robinson@newlandscollege.school.nz,023-937-1653,2020-03-07,True
833,269,Simon,Clarke,PRINCIPAL,simon.clarke@onslowcollege.school.nz,025-350-1510,2020-04-17,True
834,269,Hayley,Hamilton,SITE_MANAGER,hayley.hamilton@onslowcollege.school.nz,024-396-1147,2021-06-24,True
835,269,Rawiri,Harris,HS_REP,rawiri.harris@onslowcollege.school.nz,021-116-5480,2021-02-18,True
836,269,Hemi,Tamati,CARETAKER,hemi.tamati@onslowcollege.school.nz,028-980-3331,2020-11-16,True
837,272,Isla,Burns,PRINCIPAL,isla.burns@wellingtongirls.school.nz,026-978-6468,2022-06-02,True
838,272,Hemi,Walker,SITE_MANAGER,hemi.walker@wellingtongirls.school.nz,023-514-1172,2020-03-09,True
839,272,Josh,Young,HS_REP,josh.young@wellingtongirls.school.nz,024-588-6281,2020-03-01,True
840,272,Zara,Collins,CARETAKER,zara.collins@wellingtongirls.school.nz,022-914-1742,2020-05-25,True
841,273,Paula,Young,PRINCIPAL,paula.young@wellingtonhighs.school.nz,026-963-2566,2022-05-04,True
842,273,Karen,Anderson,SITE_MANAGER,karen.anderson@wellingtonhighs.school.nz,023-779-6457,2020-10-10,True
843,273,Freya,Williams,HS_REP,freya.williams@wellingtonhighs.school.nz,028-501-1364,2021-04-01,True
844,273,Caleb,Palmer,CARETAKER,caleb.palmer@wellingtonhighs.school.nz,023-853-2692,2021-01-14,True
845,274,Ihaia,Henare,PRINCIPAL,ihaia.henare@wellingtoneastg.school.nz,021-358-2937,2022-02-02,True
846,274,Olivia,Mahuta,SITE_MANAGER,olivia.mahuta@wellingtoneastg.school.nz,026-259-7254,2022-02-06,True
847,274,Hemi,Harris,HS_REP,hemi.harris@wellingtoneastg.school.nz,021-141-1544,2022-09-01,True
848,274,Amelia,Taukiri,CARETAKER,amelia.taukiri@wellingtoneastg.school.nz,027-114-3036,2022-05-28,True
849,275,Reuben,Palmer,PRINCIPAL,reuben.palmer@wellingtoncolle.school.nz,021-804-3363,2021-03-15,True
850,275,Chris,Gray,SITE_MANAGER,chris.gray@wellingtoncolle.school.nz,028-616-8578,2020-02-26,True
851,275,Hayley,Stewart,HS_REP,hayley.stewart@wellingtoncolle.school.nz,027-695-1002,2020-12-13,True
852,276,Holly,Russell,PRINCIPAL,holly.russell@stpatrickscolle.school.nz,022-233-2158,2021-09-22,True
853,276,Rachel,Hill,SITE_MANAGER,rachel.hill@stpatrickscolle.school.nz,028-800-6610,2020-04-06,True
854,276,Sophie,Harawira,HS_REP,sophie.harawira@stpatrickscolle.school.nz,028-145-9763,2022-04-06,True
855,277,Scott,Wright,PRINCIPAL,scott.wright@rongotaicollege.school.nz,028-116-4344,2020-06-22,True
856,277,Noah,Edwards,SITE_MANAGER,noah.edwards@rongotaicollege.school.nz,028-681-3114,2020-05-01,True
857,277,Michael,Smith,HS_REP,michael.smith@rongotaicollege.school.nz,028-787-9823,2020-07-16,True
858,277,Grace,Robinson,CARETAKER,grace.robinson@rongotaicollege.school.nz,028-562-2455,2020-06-16,True
859,278,Amber,Harris,PRINCIPAL,amber.harris@queenmargaretco.school.nz,027-190-5624,2022-06-14,True
860,278,Kylie,Hamilton,SITE_MANAGER,kylie.hamilton@queenmargaretco.school.nz,026-527-6994,2021-12-10,True
861,278,Rawiri,Anderson,HS_REP,rawiri.anderson@queenmargaretco.school.nz,027-117-2426,2022-07-23,True
862,279,Shane,Gallagher,PRINCIPAL,shane.gallagher@tkkmohoaniwaiti.school.nz,024-504-8835,2020-06-06,True
863,279,Lisa,Burns,SITE_MANAGER,lisa.burns@tkkmohoaniwaiti.school.nz,026-915-7311,2020-07-30,True
864,279,Freya,Walker,HS_REP,freya.walker@tkkmohoaniwaiti.school.nz,023-145-7937,2022-09-01,True
865,279,Kaia,Edwards,CARETAKER,kaia.edwards@tkkmohoaniwaiti.school.nz,023-719-1587,2020-01-16,True
866,280,Finn,Hamilton,PRINCIPAL,finn.hamilton@samuelmarsdenco.school.nz,023-191-4551,2021-10-14,True
867,280,Georgia,Gray,SITE_MANAGER,georgia.gray@samuelmarsdenco.school.nz,028-752-8304,2021-06-29,True
868,280,Moana,Chen,HS_REP,moana.chen@samuelmarsdenco.school.nz,021-434-8055,2020-12-08,True
869,281,Sophie,Green,PRINCIPAL,sophie.green@scotscollege.school.nz,026-199-2338,2020-08-17,True
870,281,Lisa,Palmer,SITE_MANAGER,lisa.palmer@scotscollege.school.nz,022-966-9315,2022-06-09,True
871,281,Caleb,Cooper,HS_REP,caleb.cooper@scotscollege.school.nz,025-291-2300,2020-03-31,True
872,281,Craig,White,CARETAKER,craig.white@scotscollege.school.nz,021-423-8123,2021-02-17,True
873,282,Lisa,Roberts,PRINCIPAL,lisa.roberts@tekuraamorangio.school.nz,022-299-7871,2022-08-30,True
874,282,Grant,Williams,SITE_MANAGER,grant.williams@tekuraamorangio.school.nz,027-903-7047,2020-10-12,True
875,282,Craig,Young,HS_REP,craig.young@tekuraamorangio.school.nz,024-862-9330,2022-08-25,True
876,282,Donna,Collins,CARETAKER,donna.collins@tekuraamorangio.school.nz,025-645-7471,2020-11-06,True
877,283,Freya,Roberts,PRINCIPAL,freya.roberts@otamateachristi.school.nz,022-430-4701,2022-08-28,True
878,283,Amelia,Mahuta,SITE_MANAGER,amelia.mahuta@otamateachristi.school.nz,023-116-3987,2021-06-10,True
879,283,Finn,Edwards,HS_REP,finn.edwards@otamateachristi.school.nz,023-749-6793,2022-01-11,True
880,284,Sam,Wilson,PRINCIPAL,sam.wilson@stcatherinescol.school.nz,027-247-8881,2020-03-20,True
881,284,Daniel,Clarke,SITE_MANAGER,daniel.clarke@stcatherinescol.school.nz,027-608-4671,2020-09-28,True
882,284,Zara,Nguyen,HS_REP,zara.nguyen@stcatherinescol.school.nz,028-360-4731,2021-10-23,True
883,286,Kauri,Collins,PRINCIPAL,kauri.collins@stmaryscollege(.school.nz,027-847-7045,2022-07-05,True
884,286,Wiremu,Mitchell,SITE_MANAGER,wiremu.mitchell@stmaryscollege(.school.nz,023-959-1106,2020-11-08,True
885,286,Amber,Brown,HS_REP,amber.brown@stmaryscollege(.school.nz,023-375-2259,2021-05-03,True
886,286,Finn,Mitchell,CARETAKER,finn.mitchell@stmaryscollege(.school.nz,024-620-2041,2020-10-16,True
887,287,Brooke,Morgan,PRINCIPAL,brooke.morgan@queencharlottec.school.nz,026-801-1395,2022-07-14,True
888,287,Olivia,Baker,SITE_MANAGER,olivia.baker@queencharlottec.school.nz,026-775-1494,2020-07-29,True
889,287,Kylie,Clarke,HS_REP,kylie.clarke@queencharlottec.school.nz,025-305-2154,2021-07-22,True
890,288,Kauri,Rewi,PRINCIPAL,kauri.rewi@marlboroughboys.school.nz,021-482-3885,2020-06-30,True
891,288,Tane,Roberts,SITE_MANAGER,tane.roberts@marlboroughboys.school.nz,021-527-9387,2022-01-12,True
892,288,Ben,Henderson,HS_REP,ben.henderson@marlboroughboys.school.nz,021-525-5225,2021-02-20,True
893,288,Michelle,Jones,CARETAKER,michelle.jones@marlboroughboys.school.nz,027-617-8512,2021-06-26,True
894,289,Zara,Palmer,PRINCIPAL,zara.palmer@marlboroughgirl.school.nz,022-778-7644,2020-07-30,True
895,289,Zara,Clarke,SITE_MANAGER,zara.clarke@marlboroughgirl.school.nz,026-248-6016,2020-02-15,True
896,289,David,Wilson,HS_REP,david.wilson@marlboroughgirl.school.nz,028-838-1828,2022-02-12,True
897,290,Rawiri,Taukiri,PRINCIPAL,rawiri.taukiri@collingwoodarea.school.nz,025-261-8030,2021-09-19,True
898,290,Stacey,Kim,SITE_MANAGER,stacey.kim@collingwoodarea.school.nz,021-204-2073,2020-12-10,True
899,290,Brooke,White,HS_REP,brooke.white@collingwoodarea.school.nz,024-474-1504,2021-06-15,True
900,291,Max,Hall,PRINCIPAL,max.hall@raivalleyareasc.school.nz,024-598-9969,2020-12-13,True
901,291,Charlotte,Smith,SITE_MANAGER,charlotte.smith@raivalleyareasc.school.nz,027-459-8417,2021-05-24,True
902,291,Jessica,Watson,HS_REP,jessica.watson@raivalleyareasc.school.nz,028-450-4542,2021-04-05,True
903,292,Grace,Henderson,PRINCIPAL,grace.henderson@goldenbayhighsc.school.nz,024-131-2141,2021-02-13,True
904,292,Scott,Palmer,SITE_MANAGER,scott.palmer@goldenbayhighsc.school.nz,021-425-1204,2020-01-12,True
905,292,Daniel,Rewi,HS_REP,daniel.rewi@goldenbayhighsc.school.nz,025-726-7186,2021-07-16,True
906,293,Freya,Mitchell,PRINCIPAL,freya.mitchell@naylandcollege.school.nz,021-941-4971,2020-03-05,True
907,293,Nathan,Burns,SITE_MANAGER,nathan.burns@naylandcollege.school.nz,021-477-7933,2021-10-02,True
908,293,Shane,Gallagher,HS_REP,shane.gallagher@naylandcollege.school.nz,024-917-2737,2021-09-02,True
909,294,Josh,Scott,PRINCIPAL,josh.scott@nelsoncollege.school.nz,025-271-3280,2021-09-13,True
910,294,Joanne,Collins,SITE_MANAGER,joanne.collins@nelsoncollege.school.nz,026-657-8223,2020-08-09,True
911,294,Holly,Hamilton,HS_REP,holly.hamilton@nelsoncollege.school.nz,024-439-7270,2020-06-08,True
912,294,Kaia,Nguyen,CARETAKER,kaia.nguyen@nelsoncollege.school.nz,026-846-8782,2020-07-23,True
913,295,Tane,Cooper,PRINCIPAL,tane.cooper@nelsoncollegefo.school.nz,027-778-2396,2021-06-21,True
914,295,Ben,Mitchell,SITE_MANAGER,ben.mitchell@nelsoncollegefo.school.nz,021-906-2526,2021-04-20,True
915,295,Matthew,Harawira,HS_REP,matthew.harawira@nelsoncollegefo.school.nz,028-720-4832,2020-05-28,True
916,296,Scott,Watson,PRINCIPAL,scott.watson@waimeacollege.school.nz,022-636-2090,2022-08-03,True
917,296,Ryan,Crawford,SITE_MANAGER,ryan.crawford@waimeacollege.school.nz,024-135-5032,2021-04-27,True
918,296,Anika,Young,HS_REP,anika.young@waimeacollege.school.nz,022-678-3565,2021-01-12,True
919,296,Aria,Brown,CARETAKER,aria.brown@waimeacollege.school.nz,025-890-3505,2020-05-23,True
920,297,Amber,Kim,PRINCIPAL,amber.kim@tapaweraareasch.school.nz,022-389-7853,2020-11-01,True
921,297,Grace,Tamati,SITE_MANAGER,grace.tamati@tapaweraareasch.school.nz,027-200-2234,2020-07-20,True
922,297,Reuben,Walker,HS_REP,reuben.walker@tapaweraareasch.school.nz,022-132-9725,2022-05-21,True
923,298,Grant,Clarke,PRINCIPAL,grant.clarke@motuekahighscho.school.nz,021-107-4083,2021-02-17,True
924,298,Kaia,Stewart,SITE_MANAGER,kaia.stewart@motuekahighscho.school.nz,027-635-5597,2022-04-18,True
925,298,Caleb,Gallagher,HS_REP,caleb.gallagher@motuekahighscho.school.nz,025-515-9626,2020-10-23,True
926,299,Lisa,Lee,PRINCIPAL,lisa.lee@murchisonareasc.school.nz,025-507-3515,2021-12-27,True
927,299,Karen,Mitchell,SITE_MANAGER,karen.mitchell@murchisonareasc.school.nz,025-591-8588,2020-02-05,True
928,299,Emma,White,HS_REP,emma.white@murchisonareasc.school.nz,027-970-2546,2022-06-29,True
929,300,Ruby,Gray,PRINCIPAL,ruby.gray@karameaareascho.school.nz,027-248-4765,2022-08-07,True
930,300,Donna,Cooper,SITE_MANAGER,donna.cooper@karameaareascho.school.nz,028-512-4112,2022-01-14,True
931,300,Michelle,Tamati,HS_REP,michelle.tamati@karameaareascho.school.nz,025-439-2289,2020-02-24,True
932,301,James,Martin,PRINCIPAL,james.martin@bullerhighschoo.school.nz,028-966-7285,2020-04-24,True
933,301,Kaia,Murray,SITE_MANAGER,kaia.murray@bullerhighschoo.school.nz,025-153-3479,2020-07-04,True
934,301,Sarah,Kim,HS_REP,sarah.kim@bullerhighschoo.school.nz,023-782-2883,2020-06-17,True
935,301,Stacey,Jones,CARETAKER,stacey.jones@bullerhighschoo.school.nz,025-584-8391,2022-09-14,True
936,303,Matiu,Clarke,PRINCIPAL,matiu.clarke@greymouthhighsc.school.nz,025-542-9558,2021-12-02,True
937,303,Josh,Young,SITE_MANAGER,josh.young@greymouthhighsc.school.nz,027-874-6357,2020-10-30,True
938,303,David,Crawford,HS_REP,david.crawford@greymouthhighsc.school.nz,022-443-3633,2021-06-16,True
939,303,Mason,Anderson,CARETAKER,mason.anderson@greymouthhighsc.school.nz,024-738-1920,2021-10-10,True
940,304,Rawiri,Thompson,PRINCIPAL,rawiri.thompson@johnpauliihighs.school.nz,028-918-6585,2021-03-25,True
941,304,Brooke,Edwards,SITE_MANAGER,brooke.edwards@johnpauliihighs.school.nz,028-812-8590,2021-03-16,True
942,304,Sophie,Fitzgerald,HS_REP,sophie.fitzgerald@johnpauliihighs.school.nz,021-535-4974,2020-11-28,True
943,305,Mark,Thompson,PRINCIPAL,mark.thompson@westlandhighsch.school.nz,021-270-5711,2021-10-19,True
944,305,Wiremu,Taylor,SITE_MANAGER,wiremu.taylor@westlandhighsch.school.nz,024-771-6827,2021-03-23,True
945,305,Michelle,Jones,HS_REP,michelle.jones@westlandhighsch.school.nz,028-528-2072,2021-10-26,True
946,306,Freya,Patel,PRINCIPAL,freya.patel@southwestlandar.school.nz,026-618-5424,2020-06-02,True
947,306,Nicola,Bennett,SITE_MANAGER,nicola.bennett@southwestlandar.school.nz,022-405-5438,2020-10-12,True
948,306,Rachel,White,HS_REP,rachel.white@southwestlandar.school.nz,023-902-2309,2020-07-15,True
949,307,Tia,Crawford,PRINCIPAL,tia.crawford@kaikōurahighsch.school.nz,028-447-9512,2021-12-24,True
950,307,Mere,Johnston,SITE_MANAGER,mere.johnston@kaikōurahighsch.school.nz,021-813-5457,2021-06-16,True
951,307,Tane,Hall,HS_REP,tane.hall@kaikōurahighsch.school.nz,028-313-4226,2020-12-15,True
952,307,Simon,Watson,CARETAKER,simon.watson@kaikōurahighsch.school.nz,027-902-4496,2020-04-03,True
953,308,Georgia,Jones,PRINCIPAL,georgia.jones@amuriareaschool.school.nz,027-352-2313,2021-12-29,True
954,308,Olivia,Smith,SITE_MANAGER,olivia.smith@amuriareaschool.school.nz,027-675-6982,2021-07-24,True
955,308,Holly,Stewart,HS_REP,holly.stewart@amuriareaschool.school.nz,028-815-5808,2020-11-19,True
956,308,Nicola,Rewi,CARETAKER,nicola.rewi@amuriareaschool.school.nz,021-709-7940,2022-08-15,True
957,309,Emma,Jones,PRINCIPAL,emma.jones@cheviotareascho.school.nz,022-790-7544,2021-06-30,True
958,309,Finn,Rewi,SITE_MANAGER,finn.rewi@cheviotareascho.school.nz,028-464-6891,2020-01-30,True
959,309,Rachel,Patel,HS_REP,rachel.patel@cheviotareascho.school.nz,022-685-9581,2022-07-12,True
960,309,Andrew,Baker,CARETAKER,andrew.baker@cheviotareascho.school.nz,027-568-4813,2020-11-08,True
961,310,Lisa,Brown,PRINCIPAL,lisa.brown@oxfordareaschoo.school.nz,024-773-6800,2020-06-06,True
962,310,Brooke,Wong,SITE_MANAGER,brooke.wong@oxfordareaschoo.school.nz,022-914-5269,2021-03-24,True
963,310,Joanne,Gray,HS_REP,joanne.gray@oxfordareaschoo.school.nz,024-604-2306,2021-09-27,True
964,311,Simon,Scott,PRINCIPAL,simon.scott@hurunuicollege.school.nz,027-958-5814,2022-09-09,True
965,311,Ben,King,SITE_MANAGER,ben.king@hurunuicollege.school.nz,027-248-6237,2020-05-04,True
966,311,Joanne,Te Huia,HS_REP,joanne.te huia@hurunuicollege.school.nz,024-993-4056,2020-09-29,True
967,311,Lisa,Bennett,CARETAKER,lisa.bennett@hurunuicollege.school.nz,025-650-9871,2020-03-28,True
968,312,Tane,Kumar,PRINCIPAL,tane.kumar@rangiorahighsch.school.nz,026-285-3434,2022-09-21,True
969,312,Aroha,Watson,SITE_MANAGER,aroha.watson@rangiorahighsch.school.nz,021-280-4162,2021-06-01,True
970,312,Nathan,Cooper,HS_REP,nathan.cooper@rangiorahighsch.school.nz,021-459-5220,2021-03-01,True
971,314,Sam,Green,PRINCIPAL,sam.green@kaiapoihighscho.school.nz,024-239-1468,2022-07-19,True
972,314,Max,Hall,SITE_MANAGER,max.hall@kaiapoihighscho.school.nz,025-955-2889,2020-12-24,True
973,314,Scott,Green,HS_REP,scott.green@kaiapoihighscho.school.nz,024-756-2662,2021-05-26,True
974,315,Emma,Hall,PRINCIPAL,emma.hall@stbedescollege.school.nz,023-124-5792,2021-01-02,True
975,315,Brooke,Nguyen,SITE_MANAGER,brooke.nguyen@stbedescollege.school.nz,027-928-5479,2020-03-27,True
976,315,Tia,Johnston,HS_REP,tia.johnston@stbedescollege.school.nz,027-398-2418,2020-04-27,True
977,316,Finn,Fitzgerald,PRINCIPAL,finn.fitzgerald@papanuihighscho.school.nz,026-763-9061,2022-01-27,True
978,316,Ben,Hamilton,SITE_MANAGER,ben.hamilton@papanuihighscho.school.nz,027-877-5937,2021-08-06,True
979,316,Freya,Young,HS_REP,freya.young@papanuihighscho.school.nz,028-821-6960,2020-12-06,True
980,316,Michael,Russell,CARETAKER,michael.russell@papanuihighscho.school.nz,025-436-7624,2021-02-06,True
981,317,Matthew,Brown,PRINCIPAL,matthew.brown@christchurchadv.school.nz,024-367-2539,2020-03-24,True
982,317,Max,Anderson,SITE_MANAGER,max.anderson@christchurchadv.school.nz,027-583-6965,2021-04-11,True
983,317,Noah,Fraser,HS_REP,noah.fraser@christchurchadv.school.nz,026-377-9668,2021-01-28,True
984,317,Max,Chen,CARETAKER,max.chen@christchurchadv.school.nz,022-720-4288,2021-10-09,True
985,318,Moana,Taylor,PRINCIPAL,moana.taylor@standrewscolleg.school.nz,022-891-3267,2020-12-18,True
986,318,Liam,Lee,SITE_MANAGER,liam.lee@standrewscolleg.school.nz,024-601-9348,2022-01-13,True
987,318,Nicola,Taylor,HS_REP,nicola.taylor@standrewscolleg.school.nz,028-392-6690,2022-05-16,True
988,318,Isla,Jones,CARETAKER,isla.jones@standrewscolleg.school.nz,024-720-9902,2022-03-24,True
989,319,Rachel,Hall,PRINCIPAL,rachel.hall@burnsidehighsch.school.nz,028-649-1890,2022-01-26,True
990,319,Andrew,Hill,SITE_MANAGER,andrew.hill@burnsidehighsch.school.nz,026-839-6345,2022-01-16,True
991,319,Aria,Mahuta,HS_REP,aria.mahuta@burnsidehighsch.school.nz,027-972-8119,2022-08-15,True
992,319,Nicola,King,CARETAKER,nicola.king@burnsidehighsch.school.nz,025-984-6805,2022-08-12,True
993,320,Holly,Taukiri,PRINCIPAL,holly.taukiri@mairehauhighsch.school.nz,022-925-1997,2021-04-23,True
994,320,Karen,Hall,SITE_MANAGER,karen.hall@mairehauhighsch.school.nz,026-491-1916,2020-01-28,True
995,320,Luke,Mahuta,HS_REP,luke.mahuta@mairehauhighsch.school.nz,023-746-2162,2020-12-08,True
996,321,Donna,Nguyen,PRINCIPAL,donna.nguyen@shirleyboyshigh.school.nz,026-925-2141,2022-01-10,True
997,321,Liam,Gray,SITE_MANAGER,liam.gray@shirleyboyshigh.school.nz,026-344-8310,2020-01-15,True
998,321,Rawiri,Singh,HS_REP,rawiri.singh@shirleyboyshigh.school.nz,023-606-7408,2020-02-26,True
999,324,Tracey,Wilson,PRINCIPAL,tracey.wilson@avonsidegirlshi.school.nz,023-386-8864,2021-08-12,True
1000,324,Tracey,Lee,SITE_MANAGER,tracey.lee@avonsidegirlshi.school.nz,027-976-2661,2021-05-19,True
1001,324,Ben,Hall,HS_REP,ben.hall@avonsidegirlshi.school.nz,022-857-6414,2020-11-20,True
1002,325,Hayley,Parker,PRINCIPAL,hayley.parker@rangirurugirlss.school.nz,021-615-7473,2020-11-21,True
1003,325,Georgia,Williams,SITE_MANAGER,georgia.williams@rangirurugirlss.school.nz,025-479-6449,2022-02-07,True
1004,325,Brooke,Turner,HS_REP,brooke.turner@rangirurugirlss.school.nz,028-498-4851,2020-01-16,True
1005,326,Mason,Kumar,PRINCIPAL,mason.kumar@villamariacolle.school.nz,023-493-6300,2021-03-01,True
1006,326,Emma,Bennett,SITE_MANAGER,emma.bennett@villamariacolle.school.nz,022-931-9285,2022-06-27,True
1007,326,Michelle,Stewart,HS_REP,michelle.stewart@villamariacolle.school.nz,022-211-8170,2022-02-23,True
1008,326,Shane,Green,CARETAKER,shane.green@villamariacolle.school.nz,028-819-5075,2021-05-26,True
1009,327,Ben,Taylor,PRINCIPAL,ben.taylor@christchurchboy.school.nz,027-879-6748,2021-07-12,True
1010,327,Liam,Young,SITE_MANAGER,liam.young@christchurchboy.school.nz,021-128-5239,2020-07-17,True
1011,327,Luke,Roberts,HS_REP,luke.roberts@christchurchboy.school.nz,026-355-7105,2021-08-04,True
1012,327,Olivia,Morgan,CARETAKER,olivia.morgan@christchurchboy.school.nz,023-891-9590,2022-06-29,True
1013,328,Noah,Kim,PRINCIPAL,noah.kim@christchurchgir.school.nz,028-602-6418,2021-09-25,True
1014,328,Ruby,Collins,SITE_MANAGER,ruby.collins@christchurchgir.school.nz,028-520-4271,2020-11-01,True
1015,328,Matthew,Murray,HS_REP,matthew.murray@christchurchgir.school.nz,023-984-1127,2021-03-22,True
1016,328,Charlotte,Patel,CARETAKER,charlotte.patel@christchurchgir.school.nz,022-827-6286,2020-11-18,True
1017,329,Lisa,Cooper,PRINCIPAL,lisa.cooper@mangakinoschool.school.nz,024-381-4728,2021-11-16,True
1018,329,Sarah,Parker,SITE_MANAGER,sarah.parker@mangakinoschool.school.nz,024-814-8873,2022-03-11,True
1019,329,Nicola,Te Huia,HS_REP,nicola.te huia@mangakinoschool.school.nz,025-902-3283,2020-12-18,True
1020,329,Shane,Williams,CARETAKER,shane.williams@mangakinoschool.school.nz,021-813-4928,2020-02-10,True
1021,330,Ethan,Gallagher,PRINCIPAL,ethan.gallagher@christscollege.school.nz,026-781-1435,2020-01-20,True
1022,330,Hayley,Cooper,SITE_MANAGER,hayley.cooper@christscollege.school.nz,022-815-1636,2022-08-14,True
1023,330,Anika,Patel,HS_REP,anika.patel@christscollege.school.nz,025-819-5116,2020-07-17,True
1024,331,Nicola,Jones,PRINCIPAL,nicola.jones@stthomasofcante.school.nz,022-879-4419,2020-08-08,True
1025,331,Emma,Burns,SITE_MANAGER,emma.burns@stthomasofcante.school.nz,027-240-2972,2022-06-04,True
1026,331,Reuben,Turner,HS_REP,reuben.turner@stthomasofcante.school.nz,026-931-3352,2020-05-09,True
1027,333,Finn,Bennett,PRINCIPAL,finn.bennett@stmargaretscoll.school.nz,022-539-1745,2020-12-29,True
1028,333,Grace,Thompson,SITE_MANAGER,grace.thompson@stmargaretscoll.school.nz,022-802-9377,2021-10-19,True
1029,333,Tane,Hill,HS_REP,tane.hill@stmargaretscoll.school.nz,026-885-1801,2021-12-12,True
1030,334,Simon,Singh,PRINCIPAL,simon.singh@riccartonhighsc.school.nz,024-449-1815,2022-07-05,True
1031,334,Jack,Kim,SITE_MANAGER,jack.kim@riccartonhighsc.school.nz,021-532-2241,2022-07-13,True
1032,334,Michelle,Murray,HS_REP,michelle.murray@riccartonhighsc.school.nz,027-864-9931,2021-07-01,True
1033,334,Reuben,Palmer,CARETAKER,reuben.palmer@riccartonhighsc.school.nz,026-422-9496,2021-06-27,True
1034,335,Noah,Rewi,PRINCIPAL,noah.rewi@middletongrange.school.nz,023-354-2095,2021-07-27,True
1035,335,Daniel,Kumar,SITE_MANAGER,daniel.kumar@middletongrange.school.nz,028-138-7408,2020-04-25,True
1036,335,Finn,Harris,HS_REP,finn.harris@middletongrange.school.nz,027-590-7722,2022-04-05,True
1037,335,Donna,Jones,CARETAKER,donna.jones@middletongrange.school.nz,028-953-2309,2021-12-19,True
1038,336,Rawiri,Hill,PRINCIPAL,rawiri.hill@tepunawaiowaipa.school.nz,024-707-5786,2021-07-25,True
1039,336,Rachel,Stewart,SITE_MANAGER,rachel.stewart@tepunawaiowaipa.school.nz,027-242-1178,2020-10-21,True
1040,336,Donna,Brown,HS_REP,donna.brown@tepunawaiowaipa.school.nz,027-920-3255,2022-03-06,True
1041,336,Nikau,Martin,CARETAKER,nikau.martin@tepunawaiowaipa.school.nz,025-545-1562,2022-08-17,True
1042,337,Hemi,Kumar,PRINCIPAL,hemi.kumar@tearataicollege.school.nz,021-847-8183,2021-01-01,True
1043,337,Nathan,Edwards,SITE_MANAGER,nathan.edwards@tearataicollege.school.nz,022-994-1634,2022-05-24,True
1044,337,Rawiri,Kumar,HS_REP,rawiri.kumar@tearataicollege.school.nz,026-790-9219,2022-06-03,True
1045,337,Isla,Nguyen,CARETAKER,isla.nguyen@tearataicollege.school.nz,025-256-5487,2020-04-04,True
1046,338,Georgia,Smith,PRINCIPAL,georgia.smith@hornbyhighschoo.school.nz,022-711-8946,2022-04-29,True
1047,338,Sarah,Russell,SITE_MANAGER,sarah.russell@hornbyhighschoo.school.nz,025-499-7544,2020-01-19,True
1048,338,Joanne,Cooper,HS_REP,joanne.cooper@hornbyhighschoo.school.nz,024-270-7772,2021-09-02,True
1049,339,Michael,Turner,PRINCIPAL,michael.turner@tekuratuaruaoho.school.nz,022-848-3232,2020-04-11,True
1050,339,Noah,White,SITE_MANAGER,noah.white@tekuratuaruaoho.school.nz,023-111-6076,2022-01-07,True
1051,339,Kaia,Clarke,HS_REP,kaia.clarke@tekuratuaruaoho.school.nz,023-638-4904,2020-04-15,True
1052,339,Georgia,Lee,CARETAKER,georgia.lee@tekuratuaruaoho.school.nz,025-230-5598,2021-06-14,True
1053,340,Ruby,King,PRINCIPAL,ruby.king@cashmerehighsch.school.nz,026-367-3207,2021-11-26,True
1054,340,Jessica,Tamati,SITE_MANAGER,jessica.tamati@cashmerehighsch.school.nz,024-994-3410,2022-04-19,True
1055,340,Nicola,Henderson,HS_REP,nicola.henderson@cashmerehighsch.school.nz,024-327-2305,2022-05-06,True
1056,341,Matthew,Young,PRINCIPAL,matthew.young@hillviewchristi.school.nz,026-776-5501,2022-04-06,True
1057,341,Nicola,Hamilton,SITE_MANAGER,nicola.hamilton@hillviewchristi.school.nz,026-353-4352,2021-11-11,True
1058,341,Ruby,Young,HS_REP,ruby.young@hillviewchristi.school.nz,024-447-7419,2022-05-17,True
1059,343,Amelia,Patel,PRINCIPAL,amelia.patel@mariancollege.school.nz,024-138-1751,2020-11-12,True
1060,343,Wiremu,Crawford,SITE_MANAGER,wiremu.crawford@mariancollege.school.nz,028-735-1746,2021-04-17,True
1061,343,Nicola,Crawford,HS_REP,nicola.crawford@mariancollege.school.nz,023-182-5595,2022-06-30,True
1062,343,Aroha,Murray,CARETAKER,aroha.murray@mariancollege.school.nz,021-508-8838,2020-11-21,True
1063,344,Mere,Taylor,PRINCIPAL,mere.taylor@westminsterchri.school.nz,024-205-9271,2022-09-26,True
1064,344,Emma,Gallagher,SITE_MANAGER,emma.gallagher@westminsterchri.school.nz,028-638-6673,2020-07-04,True
1065,344,Aroha,King,HS_REP,aroha.king@westminsterchri.school.nz,025-333-8995,2020-04-26,True
1066,346,Tia,King,PRINCIPAL,tia.king@darfieldhighsch.school.nz,024-549-4085,2021-02-27,True
1067,346,Zara,Bennett,SITE_MANAGER,zara.bennett@darfieldhighsch.school.nz,021-564-6656,2022-05-24,True
1068,346,Zara,Tamati,HS_REP,zara.tamati@darfieldhighsch.school.nz,026-560-5477,2020-04-14,True
1069,346,Ethan,Scott,CARETAKER,ethan.scott@darfieldhighsch.school.nz,026-737-1446,2022-06-23,True
1070,347,James,Watson,PRINCIPAL,james.watson@lincolnhighscho.school.nz,025-924-9520,2021-04-28,True
1071,347,David,Mitchell,SITE_MANAGER,david.mitchell@lincolnhighscho.school.nz,028-953-6733,2022-04-08,True
1072,347,Sarah,Walker,HS_REP,sarah.walker@lincolnhighscho.school.nz,021-428-3998,2020-12-12,True
1073,347,Kauri,Martin,CARETAKER,kauri.martin@lincolnhighscho.school.nz,023-901-6785,2021-08-25,True
1074,348,Olivia,Fitzgerald,PRINCIPAL,olivia.fitzgerald@mounthuttcolleg.school.nz,024-252-2254,2022-02-02,True
1075,348,Tane,Scott,SITE_MANAGER,tane.scott@mounthuttcolleg.school.nz,028-627-6720,2022-06-21,True
1076,348,Matiu,Rewi,HS_REP,matiu.rewi@mounthuttcolleg.school.nz,025-270-3929,2021-06-29,True
1077,348,Shane,Crawford,CARETAKER,shane.crawford@mounthuttcolleg.school.nz,026-633-6034,2022-06-17,True
1078,349,Luke,Green,PRINCIPAL,luke.green@ellesmerecolleg.school.nz,021-426-1223,2020-06-02,True
1079,349,Ihaia,Lee,SITE_MANAGER,ihaia.lee@ellesmerecolleg.school.nz,028-257-9862,2020-12-21,True
1080,349,Jack,Chen,HS_REP,jack.chen@ellesmerecolleg.school.nz,028-970-6107,2020-09-27,True
1081,349,Zara,Morgan,CARETAKER,zara.morgan@ellesmerecolleg.school.nz,024-261-9132,2022-09-10,True
1082,350,Mason,Crawford,PRINCIPAL,mason.crawford@akaroaareaschoo.school.nz,028-544-2898,2020-05-13,True
1083,350,Scott,Harris,SITE_MANAGER,scott.harris@akaroaareaschoo.school.nz,026-175-2375,2022-04-26,True
1084,350,Shane,Singh,HS_REP,shane.singh@akaroaareaschoo.school.nz,024-541-9057,2020-08-26,True
1085,351,Georgia,Burns,PRINCIPAL,georgia.burns@ashburtoncolleg.school.nz,022-327-7176,2021-04-08,True
1086,351,Brooke,Mahuta,SITE_MANAGER,brooke.mahuta@ashburtoncolleg.school.nz,025-526-3411,2022-07-23,True
1087,351,Georgia,Parker,HS_REP,georgia.parker@ashburtoncolleg.school.nz,026-134-6256,2020-01-29,True
1088,351,Freya,Burns,CARETAKER,freya.burns@ashburtoncolleg.school.nz,025-818-8982,2020-12-17,True
1089,352,Matiu,Watson,PRINCIPAL,matiu.watson@geraldinehighsc.school.nz,027-292-4672,2021-06-25,True
1090,352,Grace,Scott,SITE_MANAGER,grace.scott@geraldinehighsc.school.nz,024-606-3885,2021-05-29,True
1091,352,Hayley,Smith,HS_REP,hayley.smith@geraldinehighsc.school.nz,026-813-4145,2020-02-08,True
1092,352,Joanne,Scott,CARETAKER,joanne.scott@geraldinehighsc.school.nz,024-720-2263,2021-10-04,True
1093,353,Tracey,Turner,PRINCIPAL,tracey.turner@mackenziecolleg.school.nz,027-994-6658,2022-03-24,True
1094,353,Holly,Jones,SITE_MANAGER,holly.jones@mackenziecolleg.school.nz,026-143-7966,2020-05-05,True
1095,353,Mark,Crawford,HS_REP,mark.crawford@mackenziecolleg.school.nz,025-293-5389,2021-07-17,True
1096,354,Finn,Jones,PRINCIPAL,finn.jones@opihicollege.school.nz,022-453-6388,2021-04-05,True
1097,354,Ihaia,Robinson,SITE_MANAGER,ihaia.robinson@opihicollege.school.nz,021-537-2752,2022-08-13,True
1098,354,Jessica,Hamilton,HS_REP,jessica.hamilton@opihicollege.school.nz,026-558-7729,2022-04-05,True
1099,357,Matiu,Harawira,PRINCIPAL,matiu.harawira@craigheaddioces.school.nz,026-225-9231,2022-04-28,True
1100,357,Lisa,Watson,SITE_MANAGER,lisa.watson@craigheaddioces.school.nz,023-215-3151,2022-05-25,True
1101,357,Simon,Turner,HS_REP,simon.turner@craigheaddioces.school.nz,027-877-2941,2022-02-22,True
1102,357,Amber,Smith,CARETAKER,amber.smith@craigheaddioces.school.nz,021-608-7153,2022-06-30,True
1103,358,Brooke,Hill,PRINCIPAL,brooke.hill@roncallicollege.school.nz,025-365-8016,2022-02-24,True
1104,358,Paula,Williams,SITE_MANAGER,paula.williams@roncallicollege.school.nz,026-804-3962,2021-10-31,True
1105,358,Kauri,Watson,HS_REP,kauri.watson@roncallicollege.school.nz,021-655-8229,2020-06-12,True
1106,359,Ihaia,Thompson,PRINCIPAL,ihaia.thompson@mountainviewhig.school.nz,024-842-5929,2021-12-12,True
1107,359,Noah,Chen,SITE_MANAGER,noah.chen@mountainviewhig.school.nz,024-904-7239,2021-12-24,True
1108,359,Matthew,Murray,HS_REP,matthew.murray@mountainviewhig.school.nz,021-704-4477,2021-03-11,True
1109,360,Aria,Smith,PRINCIPAL,aria.smith@timaruboyshighs.school.nz,026-406-5441,2022-01-31,True
1110,360,Ben,Hamilton,SITE_MANAGER,ben.hamilton@timaruboyshighs.school.nz,025-438-6472,2021-03-23,True
1111,360,Holly,Harawira,HS_REP,holly.harawira@timaruboyshighs.school.nz,024-349-2492,2021-06-01,True
1112,360,Wiremu,Harawira,CARETAKER,wiremu.harawira@timaruboyshighs.school.nz,027-561-4145,2020-11-11,True
1113,361,Jack,Harawira,PRINCIPAL,jack.harawira@timarugirlshigh.school.nz,026-772-9488,2020-10-14,True
1114,361,Scott,Singh,SITE_MANAGER,scott.singh@timarugirlshigh.school.nz,027-154-9710,2022-06-10,True
1115,361,Matiu,Edwards,HS_REP,matiu.edwards@timarugirlshigh.school.nz,023-730-6634,2021-11-28,True
1116,361,Tia,Gray,CARETAKER,tia.gray@timarugirlshigh.school.nz,028-514-1232,2022-07-11,True
1117,362,Brooke,Cooper,PRINCIPAL,brooke.cooper@waimatehighscho.school.nz,023-792-2668,2022-09-22,True
1118,362,Mark,Harawira,SITE_MANAGER,mark.harawira@waimatehighscho.school.nz,023-324-9530,2020-06-08,True
1119,362,Paula,Thompson,HS_REP,paula.thompson@waimatehighscho.school.nz,025-837-7461,2022-05-25,True
1120,362,Hemi,Henare,CARETAKER,hemi.henare@waimatehighscho.school.nz,022-415-4860,2021-08-11,True
1121,363,Tane,Watson,PRINCIPAL,tane.watson@waitakivalleysc.school.nz,024-338-2924,2021-02-08,True
1122,363,David,Roberts,SITE_MANAGER,david.roberts@waitakivalleysc.school.nz,027-120-1550,2020-01-05,True
1123,363,Amber,Anderson,HS_REP,amber.anderson@waitakivalleysc.school.nz,024-101-9990,2020-01-20,True
1124,363,Kylie,Gallagher,CARETAKER,kylie.gallagher@waitakivalleysc.school.nz,022-828-6613,2020-02-10,True
1125,365,Moana,Thompson,PRINCIPAL,moana.thompson@waitakiboyshigh.school.nz,026-994-8070,2021-01-17,True
1126,365,Finn,Te Huia,SITE_MANAGER,finn.te huia@waitakiboyshigh.school.nz,024-910-2587,2020-09-05,True
1127,365,David,Patel,HS_REP,david.patel@waitakiboyshigh.school.nz,023-176-3949,2020-01-30,True
1128,365,Chris,Hall,CARETAKER,chris.hall@waitakiboyshigh.school.nz,022-214-5310,2020-07-12,True
1129,366,Amber,Collins,PRINCIPAL,amber.collins@waitakigirlshig.school.nz,026-177-7388,2022-07-02,True
1130,366,Ihaia,Smith,SITE_MANAGER,ihaia.smith@waitakigirlshig.school.nz,026-562-8934,2020-12-23,True
1131,366,Nathan,Martin,HS_REP,nathan.martin@waitakigirlshig.school.nz,028-202-2848,2021-04-01,True
1132,368,Moana,Collins,PRINCIPAL,moana.collins@thecathedralgra.school.nz,025-635-5232,2022-03-27,True
1133,368,Kylie,Singh,SITE_MANAGER,kylie.singh@thecathedralgra.school.nz,024-829-3504,2021-01-29,True
1134,368,Simon,Patel,HS_REP,simon.patel@thecathedralgra.school.nz,028-512-5226,2022-07-18,True
1135,368,Ethan,Collins,CARETAKER,ethan.collins@thecathedralgra.school.nz,027-214-4370,2020-10-12,True
1136,369,James,Walker,PRINCIPAL,james.walker@stkevinscollege.school.nz,028-842-1985,2021-06-14,True
1137,369,Brooke,Palmer,SITE_MANAGER,brooke.palmer@stkevinscollege.school.nz,022-924-1215,2021-01-07,True
1138,369,Noah,Collins,HS_REP,noah.collins@stkevinscollege.school.nz,023-222-3097,2021-11-29,True
1139,369,Aria,Stewart,CARETAKER,aria.stewart@stkevinscollege.school.nz,021-143-3695,2021-06-12,True
1140,370,Brooke,Jones,PRINCIPAL,brooke.jones@maniototoareasc.school.nz,027-942-3194,2020-12-03,True
1141,370,Josh,Walker,SITE_MANAGER,josh.walker@maniototoareasc.school.nz,025-585-1575,2021-04-05,True
1142,370,Amber,Gray,HS_REP,amber.gray@maniototoareasc.school.nz,027-890-6833,2020-03-25,True
1143,370,Sarah,Robinson,CARETAKER,sarah.robinson@maniototoareasc.school.nz,021-723-7813,2022-03-21,True
1144,371,Aroha,Gray,PRINCIPAL,aroha.gray@eastotagohighsc.school.nz,028-645-8163,2022-07-21,True
1145,371,Grant,Turner,SITE_MANAGER,grant.turner@eastotagohighsc.school.nz,025-104-9896,2020-09-04,True
1146,371,Hayley,Green,HS_REP,hayley.green@eastotagohighsc.school.nz,021-553-4963,2020-09-24,True
1147,372,Freya,Hall,PRINCIPAL,freya.hall@dunstanhighscho.school.nz,021-941-7763,2022-02-09,True
1148,372,Kylie,Gallagher,SITE_MANAGER,kylie.gallagher@dunstanhighscho.school.nz,024-257-2524,2022-06-30,True
1149,372,Luke,Singh,HS_REP,luke.singh@dunstanhighscho.school.nz,024-982-3842,2021-01-14,True
1150,373,Ben,Mitchell,PRINCIPAL,ben.mitchell@cromwellcollege.school.nz,025-825-3944,2020-03-25,True
1151,373,Moana,White,SITE_MANAGER,moana.white@cromwellcollege.school.nz,027-317-1295,2020-06-27,True
1152,373,Tane,Patel,HS_REP,tane.patel@cromwellcollege.school.nz,027-115-2046,2021-12-17,True
1153,374,Amelia,Gallagher,PRINCIPAL,amelia.gallagher@wakatipuhighsch.school.nz,025-437-1780,2020-04-25,True
1154,374,Mason,Rewi,SITE_MANAGER,mason.rewi@wakatipuhighsch.school.nz,024-906-9673,2020-03-06,True
1155,374,Aria,Robinson,HS_REP,aria.robinson@wakatipuhighsch.school.nz,021-428-7667,2020-02-20,True
1156,375,Lisa,Collins,PRINCIPAL,lisa.collins@roxburghareasch.school.nz,023-440-5114,2020-02-19,True
1157,375,Finn,Kim,SITE_MANAGER,finn.kim@roxburghareasch.school.nz,023-640-6232,2021-07-10,True
1158,375,Ryan,Crawford,HS_REP,ryan.crawford@roxburghareasch.school.nz,024-642-8293,2020-10-05,True
1159,375,Mere,Green,CARETAKER,mere.green@roxburghareasch.school.nz,024-557-5960,2020-01-02,True
1160,376,Caleb,Kumar,PRINCIPAL,caleb.kumar@loganparkhighsc.school.nz,024-537-7488,2021-02-20,True
1161,376,Nicola,Murray,SITE_MANAGER,nicola.murray@loganparkhighsc.school.nz,023-447-5409,2020-04-30,True
1162,376,Matthew,Hill,HS_REP,matthew.hill@loganparkhighsc.school.nz,024-257-2477,2022-07-28,True
1163,376,Georgia,Rewi,CARETAKER,georgia.rewi@loganparkhighsc.school.nz,021-409-7785,2021-06-28,True
1164,377,David,Taukiri,PRINCIPAL,david.taukiri@otagoboyshighsc.school.nz,021-971-7950,2022-04-02,True
1165,377,Tane,Rewi,SITE_MANAGER,tane.rewi@otagoboyshighsc.school.nz,022-654-5698,2020-12-09,True
1166,377,Kylie,Hamilton,HS_REP,kylie.hamilton@otagoboyshighsc.school.nz,026-766-1999,2020-10-21,True
1167,378,Aroha,Walker,PRINCIPAL,aroha.walker@otagogirlshighs.school.nz,022-542-3769,2021-03-21,True
1168,378,Tracey,Robinson,SITE_MANAGER,tracey.robinson@otagogirlshighs.school.nz,026-789-5460,2020-01-03,True
1169,378,Josh,Murray,HS_REP,josh.murray@otagogirlshighs.school.nz,025-437-8948,2020-08-28,True
1170,380,Ihaia,Edwards,PRINCIPAL,ihaia.edwards@sthildascollegi.school.nz,025-903-8385,2020-08-14,True
1171,380,Mason,Rewi,SITE_MANAGER,mason.rewi@sthildascollegi.school.nz,022-537-8039,2021-01-27,True
1172,380,Finn,Tamati,HS_REP,finn.tamati@sthildascollegi.school.nz,026-633-5624,2021-04-25,True
1173,380,Paula,Henare,CARETAKER,paula.henare@sthildascollegi.school.nz,022-535-4186,2020-04-12,True
1174,381,Scott,Henare,PRINCIPAL,scott.henare@kaikoraivalleyc.school.nz,025-709-4254,2020-12-20,True
1175,381,Nathan,Crawford,SITE_MANAGER,nathan.crawford@kaikoraivalleyc.school.nz,022-862-6454,2022-06-25,True
1176,381,David,Rewi,HS_REP,david.rewi@kaikoraivalleyc.school.nz,023-754-2314,2022-01-28,True
1177,381,Kaia,Walker,CARETAKER,kaia.walker@kaikoraivalleyc.school.nz,021-377-7417,2021-03-31,True
1178,382,Matiu,Baker,PRINCIPAL,matiu.baker@bayfieldhighsch.school.nz,026-736-1586,2021-07-23,True
1179,382,Wiremu,King,SITE_MANAGER,wiremu.king@bayfieldhighsch.school.nz,027-334-8150,2021-09-13,True
1180,382,Charlotte,Te Huia,HS_REP,charlotte.te huia@bayfieldhighsch.school.nz,022-510-7651,2021-09-10,True
1181,382,Stacey,Johnston,CARETAKER,stacey.johnston@bayfieldhighsch.school.nz,021-505-2063,2021-10-18,True
1182,383,Sam,Gray,PRINCIPAL,sam.gray@kingshighschool.school.nz,028-206-6712,2020-07-29,True
1183,383,Charlotte,Bennett,SITE_MANAGER,charlotte.bennett@kingshighschool.school.nz,027-561-8432,2021-09-04,True
1184,383,Stacey,Brown,HS_REP,stacey.brown@kingshighschool.school.nz,026-319-5066,2021-10-01,True
1185,383,Liam,Baker,CARETAKER,liam.baker@kingshighschool.school.nz,022-867-3018,2022-02-20,True
1186,384,Kauri,Stewart,PRINCIPAL,kauri.stewart@queenshighschoo.school.nz,027-359-6505,2020-05-01,True
1187,384,Hayley,King,SITE_MANAGER,hayley.king@queenshighschoo.school.nz,027-373-2928,2021-07-02,True
1188,384,Moana,White,HS_REP,moana.white@queenshighschoo.school.nz,021-794-4760,2020-06-02,True
1189,386,Ben,Hall,PRINCIPAL,ben.hall@columbacollege.school.nz,024-722-8496,2020-03-12,True
1190,386,Hayley,Turner,SITE_MANAGER,hayley.turner@columbacollege.school.nz,024-639-7611,2022-07-12,True
1191,386,Reuben,Morgan,HS_REP,reuben.morgan@columbacollege.school.nz,024-652-4079,2022-09-12,True
1192,387,Noah,Hall,PRINCIPAL,noah.hall@johnmcglashanco.school.nz,024-328-2190,2020-08-11,True
1193,387,Matiu,Scott,SITE_MANAGER,matiu.scott@johnmcglashanco.school.nz,028-235-2304,2020-02-29,True
1194,387,Matthew,Stewart,HS_REP,matthew.stewart@johnmcglashanco.school.nz,021-737-5835,2021-05-13,True
1195,387,Luke,King,CARETAKER,luke.king@johnmcglashanco.school.nz,022-874-8350,2021-06-21,True
1196,390,Ryan,Jones,PRINCIPAL,ryan.jones@lawrenceareasch.school.nz,028-620-8608,2022-07-26,True
1197,390,Josh,Turner,SITE_MANAGER,josh.turner@lawrenceareasch.school.nz,022-945-2293,2022-05-27,True
1198,390,Nicola,Stewart,HS_REP,nicola.stewart@lawrenceareasch.school.nz,026-671-5809,2020-11-02,True
1199,391,Shane,Kumar,PRINCIPAL,shane.kumar@bluemountaincol.school.nz,026-567-6056,2021-10-18,True
1200,391,Emma,Singh,SITE_MANAGER,emma.singh@bluemountaincol.school.nz,023-614-6190,2020-10-01,True
1201,391,Georgia,Hill,HS_REP,georgia.hill@bluemountaincol.school.nz,024-186-8648,2020-06-04,True
1202,391,Sam,King,CARETAKER,sam.king@bluemountaincol.school.nz,023-579-2692,2020-12-29,True
1203,392,Simon,Fitzgerald,PRINCIPAL,simon.fitzgerald@tokomairirohigh.school.nz,025-517-9693,2020-01-12,True
1204,392,Caleb,Baker,SITE_MANAGER,caleb.baker@tokomairirohigh.school.nz,023-877-6694,2020-11-08,True
1205,392,David,Edwards,HS_REP,david.edwards@tokomairirohigh.school.nz,026-410-3932,2021-11-26,True
1206,393,Liam,Henderson,PRINCIPAL,liam.henderson@southotagohighs.school.nz,022-612-1027,2022-08-12,True
1207,393,Josh,Baker,SITE_MANAGER,josh.baker@southotagohighs.school.nz,027-359-4482,2020-07-05,True
1208,393,Brooke,Baker,HS_REP,brooke.baker@southotagohighs.school.nz,024-932-7292,2020-12-15,True
1209,394,Mere,Kumar,PRINCIPAL,mere.kumar@thecatlinsareas.school.nz,021-557-1881,2021-10-06,True
1210,394,Kaia,Walker,SITE_MANAGER,kaia.walker@thecatlinsareas.school.nz,028-988-3429,2021-07-05,True
1211,394,Emma,Thompson,HS_REP,emma.thompson@thecatlinsareas.school.nz,027-887-6614,2021-06-03,True
1212,394,Holly,Parker,CARETAKER,holly.parker@thecatlinsareas.school.nz,021-161-7519,2020-12-14,True
1213,395,Michael,Fraser,PRINCIPAL,michael.fraser@northernsouthla.school.nz,025-898-2104,2021-03-07,True
1214,395,Shane,Henare,SITE_MANAGER,shane.henare@northernsouthla.school.nz,027-711-8119,2022-06-22,True
1215,395,Sarah,Roberts,HS_REP,sarah.roberts@northernsouthla.school.nz,025-675-2027,2022-06-04,True
1216,395,Kauri,Burns,CARETAKER,kauri.burns@northernsouthla.school.nz,023-388-3862,2022-08-23,True
1217,397,Sophie,Patel,PRINCIPAL,sophie.patel@stpeterscollege.school.nz,023-756-3258,2022-07-03,True
1218,397,Ruby,Edwards,SITE_MANAGER,ruby.edwards@stpeterscollege.school.nz,027-531-7001,2020-06-24,True
1219,397,Donna,White,HS_REP,donna.white@stpeterscollege.school.nz,021-631-2564,2022-06-17,True
1220,398,Georgia,Tamati,PRINCIPAL,georgia.tamati@takitimuprimary.school.nz,022-132-2541,2021-02-10,True
1221,398,Amber,Smith,SITE_MANAGER,amber.smith@takitimuprimary.school.nz,023-544-7200,2022-07-18,True
1222,398,Kylie,Edwards,HS_REP,kylie.edwards@takitimuprimary.school.nz,025-429-1435,2020-07-22,True
1223,399,Hayley,Singh,PRINCIPAL,hayley.singh@centralsouthlan.school.nz,026-361-3572,2021-09-03,True
1224,399,Paula,Nguyen,SITE_MANAGER,paula.nguyen@centralsouthlan.school.nz,028-401-1865,2021-09-11,True
1225,399,Stacey,Kim,HS_REP,stacey.kim@centralsouthlan.school.nz,021-250-8930,2020-04-30,True
1226,399,Moana,Burns,CARETAKER,moana.burns@centralsouthlan.school.nz,028-413-8916,2022-08-01,True
1227,400,Ryan,Gallagher,PRINCIPAL,ryan.gallagher@fiordlandcolleg.school.nz,026-418-4543,2021-12-18,True
1228,400,Maia,Roberts,SITE_MANAGER,maia.roberts@fiordlandcolleg.school.nz,023-449-2902,2020-01-17,True
1229,400,Brooke,Singh,HS_REP,brooke.singh@fiordlandcolleg.school.nz,024-518-3659,2021-03-11,True
1230,400,Josh,Brown,CARETAKER,josh.brown@fiordlandcolleg.school.nz,024-822-4927,2021-06-09,True
1231,401,Matiu,Brown,PRINCIPAL,matiu.brown@menziescollege.school.nz,024-970-5382,2020-08-20,True
1232,401,Max,Te Huia,SITE_MANAGER,max.te huia@menziescollege.school.nz,021-208-8407,2021-03-12,True
1233,401,Jack,Collins,HS_REP,jack.collins@menziescollege.school.nz,025-500-8059,2022-07-10,True
1234,401,Georgia,Rewi,CARETAKER,georgia.rewi@menziescollege.school.nz,026-630-4579,2022-06-08,True
1235,402,Joanne,Hill,PRINCIPAL,joanne.hill@waiauareaschool.school.nz,026-239-2374,2020-06-16,True
1236,402,Rawiri,Russell,SITE_MANAGER,rawiri.russell@waiauareaschool.school.nz,023-915-9862,2021-08-06,True
1237,402,Ryan,Brown,HS_REP,ryan.brown@waiauareaschool.school.nz,023-107-6598,2022-06-28,True
1238,404,Hayley,Crawford,PRINCIPAL,hayley.crawford@southlandboyshi.school.nz,028-573-9940,2022-03-28,True
1239,404,Hemi,Mitchell,SITE_MANAGER,hemi.mitchell@southlandboyshi.school.nz,021-874-1103,2021-11-07,True
1240,404,Liam,Bennett,HS_REP,liam.bennett@southlandboyshi.school.nz,023-127-5494,2020-07-30,True
1241,404,Caleb,Hill,CARETAKER,caleb.hill@southlandboyshi.school.nz,025-578-5314,2020-02-10,True
1242,405,Paula,Rewi,PRINCIPAL,paula.rewi@southlandgirlsh.school.nz,024-289-5477,2020-06-18,True
1243,405,Grace,Kim,SITE_MANAGER,grace.kim@southlandgirlsh.school.nz,023-576-2606,2022-05-09,True
1244,405,David,Lee,HS_REP,david.lee@southlandgirlsh.school.nz,027-184-3677,2022-07-31,True
1245,405,Daniel,Crawford,CARETAKER,daniel.crawford@southlandgirlsh.school.nz,028-882-5229,2021-06-16,True
1246,408,Finn,Harawira,PRINCIPAL,finn.harawira@verdoncollege.school.nz,023-124-9986,2021-07-12,True
1247,408,Ruby,Mitchell,SITE_MANAGER,ruby.mitchell@verdoncollege.school.nz,028-771-8849,2020-07-17,True
1248,408,Sam,Baker,HS_REP,sam.baker@verdoncollege.school.nz,027-439-1126,2021-01-12,True
1249,409,Michelle,Morgan,PRINCIPAL,michelle.morgan@aparimacollege.school.nz,026-944-5524,2022-01-12,True
1250,409,Michelle,Brown,SITE_MANAGER,michelle.brown@aparimacollege.school.nz,022-547-3646,2020-04-19,True
1251,409,Ryan,Stewart,HS_REP,ryan.stewart@aparimacollege.school.nz,028-335-7309,2020-08-28,True
1252,409,Freya,Tamati,CARETAKER,freya.tamati@aparimacollege.school.nz,027-361-7630,2020-11-08,True
1253,418,Freya,Patel,PRINCIPAL,freya.patel@rangioranewlife.school.nz,028-284-3263,2021-08-13,True
1254,418,Ruby,Bennett,SITE_MANAGER,ruby.bennett@rangioranewlife.school.nz,026-649-7742,2022-03-26,True
1255,418,Georgia,Thompson,HS_REP,georgia.thompson@rangioranewlife.school.nz,021-366-5415,2020-03-30,True
1256,418,Maia,Taylor,CARETAKER,maia.taylor@rangioranewlife.school.nz,027-101-4380,2022-02-08,True
1257,419,Chris,Singh,PRINCIPAL,chris.singh@rudolfsteinersc.school.nz,022-714-5295,2021-06-21,True
1258,419,Nathan,Fitzgerald,SITE_MANAGER,nathan.fitzgerald@rudolfsteinersc.school.nz,025-307-1818,2021-07-28,True
1259,419,Amelia,Taylor,HS_REP,amelia.taylor@rudolfsteinersc.school.nz,025-229-2375,2020-06-07,True
1260,421,Grace,Nguyen,PRINCIPAL,grace.nguyen@richmondviewsch.school.nz,022-294-7602,2020-08-12,True
1261,421,Ihaia,White,SITE_MANAGER,ihaia.white@richmondviewsch.school.nz,022-465-2651,2021-01-23,True
1262,421,Sam,Patel,HS_REP,sam.patel@richmondviewsch.school.nz,023-256-3235,2020-03-04,True
1263,421,David,Jones,CARETAKER,david.jones@richmondviewsch.school.nz,027-818-1678,2020-08-30,True
1264,422,Josh,Gray,PRINCIPAL,josh.gray@faithcityschool.school.nz,021-657-2313,2021-04-15,True
1265,422,Chris,Kumar,SITE_MANAGER,chris.kumar@faithcityschool.school.nz,027-195-5476,2020-01-07,True
1266,422,Maia,Parker,HS_REP,maia.parker@faithcityschool.school.nz,026-219-1294,2020-12-19,True
1267,422,Luke,Mitchell,CARETAKER,luke.mitchell@faithcityschool.school.nz,024-689-2842,2020-07-06,True
1268,424,Brooke,Kim,PRINCIPAL,brooke.kim@michaelparkscho.school.nz,023-126-6722,2020-11-21,True
1269,424,Andrew,Clarke,SITE_MANAGER,andrew.clarke@michaelparkscho.school.nz,026-741-4303,2021-09-16,True
1270,424,Craig,Wright,HS_REP,craig.wright@michaelparkscho.school.nz,024-470-3579,2022-03-05,True
1271,428,Karen,Burns,PRINCIPAL,karen.burns@whangamataareas.school.nz,025-393-3118,2022-03-04,True
1272,428,Ihaia,Robinson,SITE_MANAGER,ihaia.robinson@whangamataareas.school.nz,021-257-8151,2022-09-15,True
1273,428,Charlotte,Smith,HS_REP,charlotte.smith@whangamataareas.school.nz,028-186-5188,2022-05-09,True
1274,428,James,Singh,CARETAKER,james.singh@whangamataareas.school.nz,025-389-8654,2020-02-19,True
1275,429,Tracey,Nguyen,PRINCIPAL,tracey.nguyen@excellerecolleg.school.nz,025-249-4322,2021-06-17,True
1276,429,Hemi,Brown,SITE_MANAGER,hemi.brown@excellerecolleg.school.nz,026-373-6277,2022-09-13,True
1277,429,Karen,Russell,HS_REP,karen.russell@excellerecolleg.school.nz,027-891-3599,2022-09-25,True
1278,432,Caleb,Smith,PRINCIPAL,caleb.smith@kingswayschool.school.nz,026-658-1024,2022-08-08,True
1279,432,Sophie,Taukiri,SITE_MANAGER,sophie.taukiri@kingswayschool.school.nz,021-280-9985,2020-11-30,True
1280,432,Karen,Taukiri,HS_REP,karen.taukiri@kingswayschool.school.nz,021-869-8904,2021-04-23,True
1281,432,Sam,Smith,CARETAKER,sam.smith@kingswayschool.school.nz,027-686-7219,2020-09-22,True
1282,435,Mere,Smith,PRINCIPAL,mere.smith@hukareregirlsco.school.nz,022-212-1022,2020-09-16,True
1283,435,Holly,Henderson,SITE_MANAGER,holly.henderson@hukareregirlsco.school.nz,026-436-5427,2022-05-25,True
1284,435,Hemi,Cooper,HS_REP,hemi.cooper@hukareregirlsco.school.nz,021-655-7583,2021-04-20,True
1285,436,Jack,Robinson,PRINCIPAL,jack.robinson@springbankschoo.school.nz,027-755-7100,2020-01-28,True
1286,436,Jack,Tamati,SITE_MANAGER,jack.tamati@springbankschoo.school.nz,026-668-6133,2021-02-15,True
1287,436,Isla,Burns,HS_REP,isla.burns@springbankschoo.school.nz,028-973-6501,2021-12-23,True
1288,439,Michael,Robinson,PRINCIPAL,michael.robinson@totaracollegeof.school.nz,028-484-6854,2020-05-02,True
1289,439,Nathan,Brown,SITE_MANAGER,nathan.brown@totaracollegeof.school.nz,022-524-9935,2021-05-23,True
1290,439,Jessica,Watson,HS_REP,jessica.watson@totaracollegeof.school.nz,026-278-8209,2020-03-26,True
1291,440,Matthew,Kumar,PRINCIPAL,matthew.kumar@pinehurstschool.school.nz,028-338-8236,2021-06-06,True
1292,440,Chris,Taukiri,SITE_MANAGER,chris.taukiri@pinehurstschool.school.nz,025-278-4122,2020-02-12,True
1293,440,Ruby,Kim,HS_REP,ruby.kim@pinehurstschool.school.nz,024-360-3695,2022-06-21,True
1294,440,Hayley,Henare,CARETAKER,hayley.henare@pinehurstschool.school.nz,025-857-6475,2021-01-22,True
1295,441,Amelia,Collins,PRINCIPAL,amelia.collins@acgstrathallan.school.nz,028-404-4208,2020-03-06,True
1296,441,Michael,Murray,SITE_MANAGER,michael.murray@acgstrathallan.school.nz,023-861-2953,2021-08-11,True
1297,441,Kauri,Brown,HS_REP,kauri.brown@acgstrathallan.school.nz,027-556-1895,2022-01-19,True
1298,443,David,Chen,PRINCIPAL,david.chen@hastingschristi.school.nz,028-435-3271,2020-07-07,True
1299,443,Max,Hall,SITE_MANAGER,max.hall@hastingschristi.school.nz,024-307-1983,2022-04-14,True
1300,443,Paula,Fraser,HS_REP,paula.fraser@hastingschristi.school.nz,027-391-8039,2020-02-04,True
1301,451,Sarah,Green,PRINCIPAL,sarah.green@hamiltonchristi.school.nz,022-392-8067,2020-08-05,True
1302,451,Nicola,Taylor,SITE_MANAGER,nicola.taylor@hamiltonchristi.school.nz,028-853-9135,2022-07-03,True
1303,451,Ethan,Henare,HS_REP,ethan.henare@hamiltonchristi.school.nz,024-569-2456,2020-01-28,True
1304,452,Karen,Nguyen,PRINCIPAL,karen.nguyen@southerncrossca.school.nz,025-359-3843,2020-12-27,True
1305,452,Grant,Johnston,SITE_MANAGER,grant.johnston@southerncrossca.school.nz,022-589-8284,2021-04-25,True
1306,452,Finn,Collins,HS_REP,finn.collins@southerncrossca.school.nz,023-161-9777,2021-01-19,True
1307,453,Nathan,Singh,PRINCIPAL,nathan.singh@kadimahschool.school.nz,024-824-6253,2022-03-31,True
1308,453,Hayley,Watson,SITE_MANAGER,hayley.watson@kadimahschool.school.nz,022-614-3119,2021-09-30,True
1309,453,Brooke,Russell,HS_REP,brooke.russell@kadimahschool.school.nz,026-656-1563,2021-10-07,True
1310,453,Maia,Harawira,CARETAKER,maia.harawira@kadimahschool.school.nz,028-676-9893,2020-12-03,True
1311,454,James,Scott,PRINCIPAL,james.scott@stdominicscolle.school.nz,028-630-4012,2021-01-09,True
1312,454,Finn,Young,SITE_MANAGER,finn.young@stdominicscolle.school.nz,022-530-5321,2022-03-07,True
1313,454,Kaia,Henare,HS_REP,kaia.henare@stdominicscolle.school.nz,026-378-3519,2021-05-18,True
1314,456,Nikau,Edwards,PRINCIPAL,nikau.edwards@pukekohechristi.school.nz,024-316-6575,2022-02-15,True
1315,456,Tia,Watson,SITE_MANAGER,tia.watson@pukekohechristi.school.nz,021-128-4815,2022-09-26,True
1316,456,Tracey,Clarke,HS_REP,tracey.clarke@pukekohechristi.school.nz,028-743-7935,2020-08-27,True
1317,456,Grace,Robinson,CARETAKER,grace.robinson@pukekohechristi.school.nz,025-274-9956,2020-10-28,True
1318,460,Nicola,Brown,PRINCIPAL,nicola.brown@ateacollege.school.nz,026-188-8879,2021-04-11,True
1319,460,Kauri,Parker,SITE_MANAGER,kauri.parker@ateacollege.school.nz,027-614-5203,2021-03-14,True
1320,460,Ruby,Te Huia,HS_REP,ruby.te huia@ateacollege.school.nz,022-451-6414,2020-05-20,True
1321,462,Brooke,Burns,PRINCIPAL,brooke.burns@amburyparkcentr.school.nz,023-719-9214,2021-12-19,True
1322,462,James,Campbell,SITE_MANAGER,james.campbell@amburyparkcentr.school.nz,026-345-3943,2020-12-09,True
1323,462,Ethan,Palmer,HS_REP,ethan.palmer@amburyparkcentr.school.nz,023-157-7144,2020-11-07,True
1324,463,Donna,Young,PRINCIPAL,donna.young@tkkmotuhakeotaw.school.nz,026-995-8608,2020-06-27,True
1325,463,Amber,Kim,SITE_MANAGER,amber.kim@tkkmotuhakeotaw.school.nz,027-172-8251,2022-08-14,True
1326,463,Ethan,Tamati,HS_REP,ethan.tamati@tkkmotuhakeotaw.school.nz,026-934-6943,2020-05-18,True
1327,463,Nikau,Gallagher,CARETAKER,nikau.gallagher@tkkmotuhakeotaw.school.nz,027-557-6912,2020-07-14,True
1328,465,Grant,Tamati,PRINCIPAL,grant.tamati@manatamariki.school.nz,024-827-8652,2020-04-24,True
1329,465,Isla,Thompson,SITE_MANAGER,isla.thompson@manatamariki.school.nz,027-717-8974,2022-03-11,True
1330,465,Matiu,Stewart,HS_REP,matiu.stewart@manatamariki.school.nz,027-583-8461,2022-04-24,True
1331,466,Ruby,Hill,PRINCIPAL,ruby.hill@manukauchristia.school.nz,025-624-7591,2020-11-13,True
1332,466,Tracey,Kumar,SITE_MANAGER,tracey.kumar@manukauchristia.school.nz,024-555-9200,2020-03-25,True
1333,466,Jessica,Thompson,HS_REP,jessica.thompson@manukauchristia.school.nz,025-543-6220,2022-01-11,True
1334,466,Reuben,Cooper,CARETAKER,reuben.cooper@manukauchristia.school.nz,025-753-8120,2020-08-10,True
1335,471,Zara,Collins,PRINCIPAL,zara.collins@zayedcollegefor.school.nz,025-823-7794,2020-04-05,True
1336,471,Aroha,Fitzgerald,SITE_MANAGER,aroha.fitzgerald@zayedcollegefor.school.nz,027-590-5369,2020-12-16,True
1337,471,Ruby,Mahuta,HS_REP,ruby.mahuta@zayedcollegefor.school.nz,023-387-1929,2020-10-11,True
1338,472,Ryan,Harawira,PRINCIPAL,ryan.harawira@oneschoolglobal.school.nz,027-528-4020,2022-03-10,True
1339,472,Charlotte,Hamilton,SITE_MANAGER,charlotte.hamilton@oneschoolglobal.school.nz,025-334-7331,2020-10-18,True
1340,472,Luke,Harawira,HS_REP,luke.harawira@oneschoolglobal.school.nz,023-878-5007,2022-01-21,True
1341,472,Georgia,Fitzgerald,CARETAKER,georgia.fitzgerald@oneschoolglobal.school.nz,028-166-1932,2020-06-11,True
1342,476,Rawiri,Gray,PRINCIPAL,rawiri.gray@tongariroschool.school.nz,023-903-5987,2022-06-04,True
1343,476,Rachel,Hall,SITE_MANAGER,rachel.hall@tongariroschool.school.nz,026-626-6196,2021-05-18,True
1344,476,Simon,Fraser,HS_REP,simon.fraser@tongariroschool.school.nz,025-467-8105,2020-11-24,True
1345,476,Matthew,Baker,CARETAKER,matthew.baker@tongariroschool.school.nz,027-329-3547,2021-08-13,True
1346,478,Luke,Tamati,PRINCIPAL,luke.tamati@wainuiomatahigh.school.nz,023-783-2924,2022-04-25,True
1347,478,Moana,Fitzgerald,SITE_MANAGER,moana.fitzgerald@wainuiomatahigh.school.nz,023-630-3499,2020-05-31,True
1348,478,Charlotte,Harris,HS_REP,charlotte.harris@wainuiomatahigh.school.nz,026-344-2955,2022-07-03,True
1349,478,Caleb,Campbell,CARETAKER,caleb.campbell@wainuiomatahigh.school.nz,025-955-8112,2022-06-27,True
1350,481,Grant,Burns,PRINCIPAL,grant.burns@cityimpactchurc.school.nz,028-492-3728,2022-05-01,True
1351,481,Kaia,Tamati,SITE_MANAGER,kaia.tamati@cityimpactchurc.school.nz,023-678-2051,2022-01-20,True
1352,481,Nathan,Green,HS_REP,nathan.green@cityimpactchurc.school.nz,028-371-1545,2021-01-08,True
1353,482,Matthew,Wong,PRINCIPAL,matthew.wong@aquinascollege.school.nz,023-262-5759,2022-03-30,True
1354,482,Luke,Scott,SITE_MANAGER,luke.scott@aquinascollege.school.nz,021-238-2533,2020-07-02,True
1355,482,Charlotte,Brown,HS_REP,charlotte.brown@aquinascollege.school.nz,023-916-8341,2020-05-31,True
1356,484,Sophie,Mitchell,PRINCIPAL,sophie.mitchell@wentworthcolleg.school.nz,023-977-4144,2021-11-15,True
1357,484,Caleb,Anderson,SITE_MANAGER,caleb.anderson@wentworthcolleg.school.nz,027-679-7085,2022-06-04,True
1358,484,Daniel,Nguyen,HS_REP,daniel.nguyen@wentworthcolleg.school.nz,028-167-4182,2022-02-19,True
1359,484,Aroha,Tamati,CARETAKER,aroha.tamati@wentworthcolleg.school.nz,021-666-9924,2022-01-29,True
1360,485,Wiremu,White,PRINCIPAL,wiremu.white@taumataschool.school.nz,027-481-5051,2022-04-22,True
1361,485,Aroha,Green,SITE_MANAGER,aroha.green@taumataschool.school.nz,027-375-7040,2022-06-16,True
1362,485,Wiremu,Lee,HS_REP,wiremu.lee@taumataschool.school.nz,028-854-5223,2022-09-20,True
1363,485,Lisa,Scott,CARETAKER,lisa.scott@taumataschool.school.nz,022-318-6748,2021-12-14,True
1364,487,Karen,Gray,PRINCIPAL,karen.gray@mthobsonacademy.school.nz,025-473-4294,2022-06-09,True
1365,487,Amelia,Palmer,SITE_MANAGER,amelia.palmer@mthobsonacademy.school.nz,023-276-8114,2020-08-02,True
1366,487,Ben,Lee,HS_REP,ben.lee@mthobsonacademy.school.nz,028-950-7400,2021-07-20,True
1367,488,Kaia,Te Huia,PRINCIPAL,kaia.te huia@ngātaiāteawhare.school.nz,027-885-7980,2022-07-24,True
1368,488,Ruby,Kumar,SITE_MANAGER,ruby.kumar@ngātaiāteawhare.school.nz,025-823-4830,2022-01-17,True
1369,488,Caleb,Nguyen,HS_REP,caleb.nguyen@ngātaiāteawhare.school.nz,025-208-3810,2020-05-29,True
1370,488,Chris,Clarke,CARETAKER,chris.clarke@ngātaiāteawhare.school.nz,024-519-7313,2021-01-06,True
1371,491,Zara,Henderson,PRINCIPAL,zara.henderson@sanctamariacoll.school.nz,023-807-3697,2020-05-15,True
1372,491,Rachel,Watson,SITE_MANAGER,rachel.watson@sanctamariacoll.school.nz,024-199-2216,2022-04-05,True
1373,491,Ben,Wong,HS_REP,ben.wong@sanctamariacoll.school.nz,027-506-6208,2022-01-17,True
1374,491,Moana,Hall,CARETAKER,moana.hall@sanctamariacoll.school.nz,022-149-6234,2022-05-28,True
1375,494,Brooke,Rewi,PRINCIPAL,brooke.rewi@putārurucollege.school.nz,024-604-2656,2020-08-01,True
1376,494,Amber,Wong,SITE_MANAGER,amber.wong@putārurucollege.school.nz,027-242-7817,2022-01-15,True
1377,494,Josh,Clarke,HS_REP,josh.clarke@putārurucollege.school.nz,025-903-2380,2020-06-30,True
1378,494,Chris,Palmer,CARETAKER,chris.palmer@putārurucollege.school.nz,022-755-9280,2020-07-28,True
1379,495,Tane,Nguyen,PRINCIPAL,tane.nguyen@taiericollege.school.nz,026-663-3431,2020-10-10,True
1380,495,Noah,Russell,SITE_MANAGER,noah.russell@taiericollege.school.nz,027-892-6718,2022-08-15,True
1381,495,Chris,Singh,HS_REP,chris.singh@taiericollege.school.nz,024-580-6185,2021-04-04,True
1382,495,Chris,Patel,CARETAKER,chris.patel@taiericollege.school.nz,025-480-2395,2021-08-07,True
1383,496,Charlotte,Russell,PRINCIPAL,charlotte.russell@reeftonareascho.school.nz,025-263-7960,2021-05-19,True
1384,496,Grace,Hamilton,SITE_MANAGER,grace.hamilton@reeftonareascho.school.nz,025-528-5062,2022-02-22,True
1385,496,Anika,Wright,HS_REP,anika.wright@reeftonareascho.school.nz,027-969-7260,2022-05-04,True
1386,496,Rachel,Taukiri,CARETAKER,rachel.taukiri@reeftonareascho.school.nz,027-281-3553,2021-04-18,True
1387,497,Sarah,Young,PRINCIPAL,sarah.young@tekuraohirangi.school.nz,026-784-9531,2020-03-06,True
1388,497,Rawiri,Mitchell,SITE_MANAGER,rawiri.mitchell@tekuraohirangi.school.nz,026-833-6867,2020-03-23,True
1389,497,Nicola,Harawira,HS_REP,nicola.harawira@tekuraohirangi.school.nz,026-353-6266,2021-07-30,True
1390,498,Caleb,Kim,PRINCIPAL,caleb.kim@teahootekurapou.school.nz,021-438-8502,2022-02-04,True
1391,498,Wiremu,Wong,SITE_MANAGER,wiremu.wong@teahootekurapou.school.nz,023-365-9374,2022-02-18,True
1392,498,Olivia,Hall,HS_REP,olivia.hall@teahootekurapou.school.nz,028-244-3763,2022-07-15,True
1393,498,Liam,Thompson,CARETAKER,liam.thompson@teahootekurapou.school.nz,021-473-7175,2022-09-03,True
1394,506,Ben,King,PRINCIPAL,ben.king@drurychristians.school.nz,026-258-9535,2021-12-04,True
1395,506,Nathan,Wilson,SITE_MANAGER,nathan.wilson@drurychristians.school.nz,027-978-3611,2020-06-02,True
1396,506,Sam,Harawira,HS_REP,sam.harawira@drurychristians.school.nz,026-568-1612,2022-05-25,True
1397,506,Finn,Mahuta,CARETAKER,finn.mahuta@drurychristians.school.nz,022-470-9368,2020-07-21,True
1398,514,Anika,Baker,PRINCIPAL,anika.baker@kimioraschool.school.nz,025-942-6300,2022-07-25,True
1399,514,Grace,Fraser,SITE_MANAGER,grace.fraser@kimioraschool.school.nz,022-689-1745,2021-03-01,True
1400,514,Sarah,Hill,HS_REP,sarah.hill@kimioraschool.school.nz,025-761-2217,2022-07-27,True
1401,518,Grant,Nguyen,PRINCIPAL,grant.nguyen@kingsleaschool.school.nz,024-645-6922,2020-05-28,True
1402,518,Grant,Green,SITE_MANAGER,grant.green@kingsleaschool.school.nz,024-982-7034,2022-05-02,True
1403,518,Daniel,Lee,HS_REP,daniel.lee@kingsleaschool.school.nz,021-108-6524,2020-08-02,True
1404,518,Karen,Edwards,CARETAKER,karen.edwards@kingsleaschool.school.nz,026-806-7815,2021-11-13,True
1405,522,Caleb,Lee,PRINCIPAL,caleb.lee@tewhānauoōtūmat.school.nz,023-116-5620,2021-02-16,True
1406,522,Ruby,Rewi,SITE_MANAGER,ruby.rewi@tewhānauoōtūmat.school.nz,028-641-2760,2020-09-28,True
1407,522,Reuben,Green,HS_REP,reuben.green@tewhānauoōtūmat.school.nz,028-334-1681,2022-02-23,True
1408,522,Joanne,Smith,CARETAKER,joanne.smith@tewhānauoōtūmat.school.nz,022-535-8272,2020-01-05,True
1409,525,Hemi,Harawira,PRINCIPAL,hemi.harawira@salisburyschool.school.nz,023-534-5367,2022-05-29,True
1410,525,Nathan,Wright,SITE_MANAGER,nathan.wright@salisburyschool.school.nz,023-353-8304,2022-03-14,True
1411,525,Jessica,Gallagher,HS_REP,jessica.gallagher@salisburyschool.school.nz,024-816-1451,2022-02-15,True
1412,527,Hemi,Burns,PRINCIPAL,hemi.burns@twizelareaschoo.school.nz,022-244-8185,2021-03-22,True
1413,527,Maia,Williams,SITE_MANAGER,maia.williams@twizelareaschoo.school.nz,025-626-7689,2022-08-14,True
1414,527,Sarah,Johnston,HS_REP,sarah.johnston@twizelareaschoo.school.nz,025-404-4376,2021-05-04,True
1415,528,Mere,Gray,PRINCIPAL,mere.gray@ponatahichristi.school.nz,022-767-8592,2020-10-19,True
1416,528,Mere,Walker,SITE_MANAGER,mere.walker@ponatahichristi.school.nz,024-161-5475,2022-05-15,True
1417,528,Karen,Kumar,HS_REP,karen.kumar@ponatahichristi.school.nz,024-711-9918,2022-03-22,True
1418,528,Zara,Roberts,CARETAKER,zara.roberts@ponatahichristi.school.nz,024-810-3114,2020-07-05,True
1419,530,Joanne,Green,PRINCIPAL,joanne.green@waihekehighscho.school.nz,026-490-7206,2021-12-23,True
1420,530,Jessica,Russell,SITE_MANAGER,jessica.russell@waihekehighscho.school.nz,025-799-8035,2022-04-18,True
1421,530,Charlotte,Singh,HS_REP,charlotte.singh@waihekehighscho.school.nz,023-245-2414,2022-09-22,True
1422,530,Kauri,Hamilton,CARETAKER,kauri.hamilton@waihekehighscho.school.nz,023-813-9769,2020-05-08,True
1423,531,Stacey,Fraser,PRINCIPAL,stacey.fraser@catholiccathedr.school.nz,024-802-5329,2021-12-22,True
1424,531,Kylie,Scott,SITE_MANAGER,kylie.scott@catholiccathedr.school.nz,023-218-6460,2022-01-06,True
1425,531,Rawiri,Chen,HS_REP,rawiri.chen@catholiccathedr.school.nz,028-863-7519,2022-08-22,True
1426,531,Max,Te Huia,CARETAKER,max.te huia@catholiccathedr.school.nz,022-797-8508,2021-09-29,True
1427,532,Olivia,Lee,PRINCIPAL,olivia.lee@johnpaulcollege.school.nz,021-961-9759,2021-03-15,True
1428,532,Ryan,Hill,SITE_MANAGER,ryan.hill@johnpaulcollege.school.nz,025-115-7797,2021-10-20,True
1429,532,Scott,King,HS_REP,scott.king@johnpaulcollege.school.nz,027-690-4761,2020-09-11,True
1430,533,Paula,Thompson,PRINCIPAL,paula.thompson@mtaspiringcolle.school.nz,024-985-3004,2021-10-21,True
1431,533,Caleb,Tamati,SITE_MANAGER,caleb.tamati@mtaspiringcolle.school.nz,027-716-5906,2022-08-15,True
1432,533,Michael,Clarke,HS_REP,michael.clarke@mtaspiringcolle.school.nz,021-597-5138,2021-05-29,True
1433,536,Aroha,Thompson,PRINCIPAL,aroha.thompson@trinitycatholic.school.nz,023-108-9786,2022-02-28,True
1434,536,Reuben,Stewart,SITE_MANAGER,reuben.stewart@trinitycatholic.school.nz,024-499-1799,2021-05-29,True
1435,536,Michael,Tamati,HS_REP,michael.tamati@trinitycatholic.school.nz,024-628-2098,2020-09-24,True
1436,539,Kaia,Thompson,PRINCIPAL,kaia.thompson@waikatowaldorfs.school.nz,023-248-9880,2020-04-13,True
1437,539,Tia,Gray,SITE_MANAGER,tia.gray@waikatowaldorfs.school.nz,021-226-4604,2022-01-25,True
1438,539,Amelia,Henderson,HS_REP,amelia.henderson@waikatowaldorfs.school.nz,023-288-7059,2021-11-03,True
1439,539,Scott,Gallagher,CARETAKER,scott.gallagher@waikatowaldorfs.school.nz,027-859-6170,2020-09-26,True
1440,544,Caleb,Harris,PRINCIPAL,caleb.harris@al-madinahschoo.school.nz,022-492-7819,2022-08-06,True
1441,544,Paula,Martin,SITE_MANAGER,paula.martin@al-madinahschoo.school.nz,022-201-2180,2022-03-29,True
1442,544,Ihaia,King,HS_REP,ihaia.king@al-madinahschoo.school.nz,026-626-4562,2021-06-18,True
1443,545,Kauri,Henare,PRINCIPAL,kauri.henare@tekuratoituotew.school.nz,022-528-8233,2020-08-20,True
1444,545,Sarah,Burns,SITE_MANAGER,sarah.burns@tekuratoituotew.school.nz,025-102-4058,2021-02-22,True
1445,545,Anika,Tamati,HS_REP,anika.tamati@tekuratoituotew.school.nz,028-679-4648,2020-12-13,True
1446,545,Ryan,Singh,CARETAKER,ryan.singh@tekuratoituotew.school.nz,024-884-9456,2021-05-10,True
1447,546,Lisa,Taylor,PRINCIPAL,lisa.taylor@whitbycollegiat.school.nz,024-133-9215,2022-04-24,True
1448,546,Kaia,Kumar,SITE_MANAGER,kaia.kumar@whitbycollegiat.school.nz,027-791-3691,2020-02-03,True
1449,546,Kylie,Young,HS_REP,kylie.young@whitbycollegiat.school.nz,027-789-4052,2021-04-13,True
1450,548,David,Harris,PRINCIPAL,david.harris@auroracollege.school.nz,024-883-7882,2022-09-25,True
1451,548,Aria,Roberts,SITE_MANAGER,aria.roberts@auroracollege.school.nz,023-907-1265,2022-09-22,True
1452,548,Kylie,Fitzgerald,HS_REP,kylie.fitzgerald@auroracollege.school.nz,022-991-5498,2022-06-09,True
1453,548,Mason,Singh,CARETAKER,mason.singh@auroracollege.school.nz,023-377-3721,2020-01-13,True
1454,549,Amber,Tamati,PRINCIPAL,amber.tamati@taihapeareascho.school.nz,028-394-3683,2021-07-27,True
1455,549,Joanne,Chen,SITE_MANAGER,joanne.chen@taihapeareascho.school.nz,024-448-6850,2021-06-08,True
1456,549,Jack,Murray,HS_REP,jack.murray@taihapeareascho.school.nz,024-496-3730,2021-01-08,True
1457,549,Brooke,Edwards,CARETAKER,brooke.edwards@taihapeareascho.school.nz,028-730-6481,2021-09-16,True
1458,550,Chris,Jones,PRINCIPAL,chris.jones@tewahaorerekohu.school.nz,022-296-5527,2021-01-20,True
1459,550,Ethan,Watson,SITE_MANAGER,ethan.watson@tewahaorerekohu.school.nz,022-131-4070,2020-12-15,True
1460,550,Matthew,Green,HS_REP,matthew.green@tewahaorerekohu.school.nz,027-313-9241,2021-10-27,True
1461,551,Anika,Parker,PRINCIPAL,anika.parker@coastaltaranaki.school.nz,021-481-3659,2021-11-25,True
1462,551,Jack,Walker,SITE_MANAGER,jack.walker@coastaltaranaki.school.nz,027-811-3779,2021-04-07,True
1463,551,Nathan,Mahuta,HS_REP,nathan.mahuta@coastaltaranaki.school.nz,027-853-2077,2020-09-13,True
1464,551,Holly,Chen,CARETAKER,holly.chen@coastaltaranaki.school.nz,021-966-9083,2021-06-04,True
1465,552,Isla,Clarke,PRINCIPAL,isla.clarke@jameshargestcol.school.nz,021-870-8755,2021-06-28,True
1466,552,Simon,Watson,SITE_MANAGER,simon.watson@jameshargestcol.school.nz,022-172-8210,2022-02-22,True
1467,552,Karen,Wright,HS_REP,karen.wright@jameshargestcol.school.nz,022-226-3663,2022-05-03,True
1468,553,James,Walker,PRINCIPAL,james.walker@missionheightsj.school.nz,028-619-7252,2022-04-11,True
1469,553,Craig,Tamati,SITE_MANAGER,craig.tamati@missionheightsj.school.nz,022-976-6258,2022-03-09,True
1470,553,Donna,Kumar,HS_REP,donna.kumar@missionheightsj.school.nz,026-592-8523,2022-07-07,True
1471,553,Ihaia,Baker,CARETAKER,ihaia.baker@missionheightsj.school.nz,022-769-2165,2021-07-13,True
1472,555,Kauri,Kim,PRINCIPAL,kauri.kim@tangaroacollege.school.nz,024-498-2320,2022-01-06,True
1473,555,Sarah,Harris,SITE_MANAGER,sarah.harris@tangaroacollege.school.nz,027-308-6036,2021-02-23,True
1474,555,Paula,Wilson,HS_REP,paula.wilson@tangaroacollege.school.nz,021-969-3717,2021-05-03,True
1475,555,Tane,Green,CARETAKER,tane.green@tangaroacollege.school.nz,022-786-1955,2020-10-16,True
1476,557,Ben,Gray,PRINCIPAL,ben.gray@holyfamilyschoo.school.nz,027-918-6614,2020-11-19,True
1477,557,Max,Collins,SITE_MANAGER,max.collins@holyfamilyschoo.school.nz,022-205-8938,2021-07-28,True
1478,557,David,Burns,HS_REP,david.burns@holyfamilyschoo.school.nz,026-327-1672,2020-05-06,True
1479,558,Craig,White,PRINCIPAL,craig.white@tkkmotekurakoki.school.nz,027-894-8454,2022-05-27,True
1480,558,Chris,Morgan,SITE_MANAGER,chris.morgan@tkkmotekurakoki.school.nz,027-466-3616,2020-11-09,True
1481,558,Donna,Mitchell,HS_REP,donna.mitchell@tkkmotekurakoki.school.nz,028-268-7152,2020-09-27,True
1482,559,Sophie,Gallagher,PRINCIPAL,sophie.gallagher@tekuraotewainui.school.nz,026-586-7398,2020-05-28,True
1483,559,Ruby,Fraser,SITE_MANAGER,ruby.fraser@tekuraotewainui.school.nz,023-379-1509,2021-10-02,True
1484,559,Caleb,Jones,HS_REP,caleb.jones@tekuraotewainui.school.nz,023-668-4059,2020-05-22,True
1485,563,Moana,Mitchell,PRINCIPAL,moana.mitchell@albanyseniorhig.school.nz,027-755-8979,2021-07-10,True
1486,563,Georgia,Stewart,SITE_MANAGER,georgia.stewart@albanyseniorhig.school.nz,023-732-9503,2021-10-24,True
1487,563,Tia,Wong,HS_REP,tia.wong@albanyseniorhig.school.nz,021-416-6544,2021-03-03,True
1488,564,Ryan,Fitzgerald,PRINCIPAL,ryan.fitzgerald@ormistonseniorc.school.nz,027-598-2955,2021-04-16,True
1489,564,Amelia,Nguyen,SITE_MANAGER,amelia.nguyen@ormistonseniorc.school.nz,026-632-8397,2022-07-31,True
1490,564,Grace,Hall,HS_REP,grace.hall@ormistonseniorc.school.nz,022-743-4744,2021-05-05,True
1491,564,Aria,Scott,CARETAKER,aria.scott@ormistonseniorc.school.nz,025-783-3536,2022-05-24,True
1492,565,Isla,Chen,PRINCIPAL,isla.chen@stonefieldsscho.school.nz,022-319-8026,2021-06-25,True
1493,565,Tracey,Stewart,SITE_MANAGER,tracey.stewart@stonefieldsscho.school.nz,021-867-5124,2020-12-12,True
1494,565,Kylie,Baker,HS_REP,kylie.baker@stonefieldsscho.school.nz,022-387-8986,2020-06-25,True
1495,566,Tracey,Gray,PRINCIPAL,tracey.gray@maraekakahoscho.school.nz,023-520-3351,2021-09-22,True
1496,566,Grace,Thompson,SITE_MANAGER,grace.thompson@maraekakahoscho.school.nz,022-622-7507,2021-01-28,True
1497,566,Max,Patel,HS_REP,max.patel@maraekakahoscho.school.nz,024-408-9031,2020-09-03,True
1498,567,Karen,Bennett,PRINCIPAL,karen.bennett@tewharekuraotek.school.nz,021-413-2910,2021-01-06,True
1499,567,Freya,Turner,SITE_MANAGER,freya.turner@tewharekuraotek.school.nz,025-830-1822,2020-07-21,True
1500,567,Kaia,Wong,HS_REP,kaia.wong@tewharekuraotek.school.nz,027-461-8466,2020-11-26,True
1501,570,Amber,Lee,PRINCIPAL,amber.lee@missionheightsp.school.nz,022-275-4049,2020-12-27,True
1502,570,Kylie,Gray,SITE_MANAGER,kylie.gray@missionheightsp.school.nz,021-570-2162,2020-12-28,True
1503,570,Nathan,King,HS_REP,nathan.king@missionheightsp.school.nz,025-902-4856,2021-11-23,True
1504,571,Nikau,Hamilton,PRINCIPAL,nikau.hamilton@acgsunderland.school.nz,028-811-5213,2022-07-10,True
1505,571,Michelle,Young,SITE_MANAGER,michelle.young@acgsunderland.school.nz,028-425-2380,2021-09-18,True
1506,571,Aroha,Gray,HS_REP,aroha.gray@acgsunderland.school.nz,021-311-4324,2021-09-27,True
1507,572,Charlotte,Johnston,PRINCIPAL,charlotte.johnston@tematauruprimar.school.nz,022-915-7996,2022-05-29,True
1508,572,Tia,Te Huia,SITE_MANAGER,tia.te huia@tematauruprimar.school.nz,025-385-8046,2020-05-12,True
1509,572,Ihaia,Chen,HS_REP,ihaia.chen@tematauruprimar.school.nz,026-354-2923,2022-09-21,True
1510,577,Caleb,Young,PRINCIPAL,caleb.young@tetotaraprimary.school.nz,025-419-5720,2022-04-28,True
1511,577,Shane,Smith,SITE_MANAGER,shane.smith@tetotaraprimary.school.nz,021-451-5453,2020-06-03,True
1512,577,David,Singh,HS_REP,david.singh@tetotaraprimary.school.nz,021-682-2456,2022-07-06,True
1513,579,Maia,Stewart,PRINCIPAL,maia.stewart@knightsstreamsc.school.nz,028-181-6142,2022-04-06,True
1514,579,Wiremu,Collins,SITE_MANAGER,wiremu.collins@knightsstreamsc.school.nz,027-971-2884,2020-07-31,True
1515,579,Ben,Rewi,HS_REP,ben.rewi@knightsstreamsc.school.nz,027-952-6977,2020-11-28,True
1516,584,Donna,Singh,PRINCIPAL,donna.singh@westrollestonpr.school.nz,028-240-8051,2020-08-23,True
1517,584,Finn,Stewart,SITE_MANAGER,finn.stewart@westrollestonpr.school.nz,022-733-1601,2020-12-27,True
1518,584,Caleb,Morgan,HS_REP,caleb.morgan@westrollestonpr.school.nz,026-589-9244,2022-04-14,True
1519,585,Maia,King,PRINCIPAL,maia.king@arariraspringsp.school.nz,024-715-8707,2020-06-05,True
1520,585,Aroha,Bennett,SITE_MANAGER,aroha.bennett@arariraspringsp.school.nz,025-458-6518,2022-09-15,True
1521,585,Sam,Edwards,HS_REP,sam.edwards@arariraspringsp.school.nz,022-843-2142,2021-11-10,True
1522,585,Scott,Baker,CARETAKER,scott.baker@arariraspringsp.school.nz,025-473-8996,2022-01-19,True
1523,586,Kauri,King,PRINCIPAL,kauri.king@shotoverprimary.school.nz,023-355-9935,2022-07-27,True
1524,586,Ruby,Johnston,SITE_MANAGER,ruby.johnston@shotoverprimary.school.nz,028-179-2225,2021-09-19,True
1525,586,Sophie,Gray,HS_REP,sophie.gray@shotoverprimary.school.nz,025-924-9442,2020-01-25,True
1526,586,Amber,Jones,CARETAKER,amber.jones@shotoverprimary.school.nz,027-743-7984,2021-01-14,True
1527,588,Tracey,Hall,PRINCIPAL,tracey.hall@hingaiapeninsul.school.nz,024-219-6159,2020-01-13,True
1528,588,Tia,Palmer,SITE_MANAGER,tia.palmer@hingaiapeninsul.school.nz,024-967-7662,2022-01-10,True
1529,588,Craig,Mitchell,HS_REP,craig.mitchell@hingaiapeninsul.school.nz,024-322-6067,2021-02-03,True
1530,588,Andrew,Harawira,CARETAKER,andrew.harawira@hingaiapeninsul.school.nz,028-672-6066,2021-12-25,True
1531,589,Rachel,Tamati,PRINCIPAL,rachel.tamati@tekuraongaruahi.school.nz,021-950-3286,2021-05-12,True
1532,589,Noah,Kumar,SITE_MANAGER,noah.kumar@tekuraongaruahi.school.nz,025-512-4659,2022-05-16,True
1533,589,Nathan,Williams,HS_REP,nathan.williams@tekuraongaruahi.school.nz,028-463-3264,2021-06-24,True
1534,589,Stacey,Kumar,CARETAKER,stacey.kumar@tekuraongaruahi.school.nz,027-189-4614,2022-04-25,True
1535,593,Moana,Taylor,PRINCIPAL,moana.taylor@teuhootenikaupr.school.nz,026-639-5818,2020-06-15,True
1536,593,Simon,Martin,SITE_MANAGER,simon.martin@teuhootenikaupr.school.nz,027-225-3317,2021-10-16,True
1537,593,Mason,Chen,HS_REP,mason.chen@teuhootenikaupr.school.nz,027-312-4357,2020-11-17,True
1538,594,Michael,Walker,PRINCIPAL,michael.walker@tekurarauiti.school.nz,023-127-5510,2020-04-30,True
1539,594,Grant,Russell,SITE_MANAGER,grant.russell@tekurarauiti.school.nz,028-717-3118,2021-11-16,True
1540,594,Michael,Russell,HS_REP,michael.russell@tekurarauiti.school.nz,025-532-8857,2020-10-14,True
1541,594,Donna,Morgan,CARETAKER,donna.morgan@tekurarauiti.school.nz,028-822-4427,2021-12-14,True
1542,595,Sophie,Anderson,PRINCIPAL,sophie.anderson@kauriflatsschoo.school.nz,024-589-1533,2021-02-09,True
1543,595,Freya,Tamati,SITE_MANAGER,freya.tamati@kauriflatsschoo.school.nz,021-687-1549,2021-05-17,True
1544,595,Tane,Turner,HS_REP,tane.turner@kauriflatsschoo.school.nz,021-335-4497,2022-06-04,True
1545,600,Jack,Anderson,PRINCIPAL,jack.anderson@tkkmongaringaom.school.nz,028-558-4464,2021-08-23,True
1546,600,Jack,Martin,SITE_MANAGER,jack.martin@tkkmongaringaom.school.nz,028-341-7488,2022-08-21,True
1547,600,Kaia,Smith,HS_REP,kaia.smith@tkkmongaringaom.school.nz,025-910-6553,2020-08-31,True
1548,601,Ethan,Burns,PRINCIPAL,ethan.burns@kumeroaschool.school.nz,025-841-3064,2022-06-08,True
1549,601,David,Wright,SITE_MANAGER,david.wright@kumeroaschool.school.nz,028-850-5413,2020-04-02,True
1550,601,Daniel,King,HS_REP,daniel.king@kumeroaschool.school.nz,027-423-7538,2021-11-23,True
1551,601,Josh,Te Huia,CARETAKER,josh.te huia@kumeroaschool.school.nz,027-286-6645,2022-06-01,True
1552,603,Reuben,Chen,PRINCIPAL,reuben.chen@kingsgateschool.school.nz,026-205-8942,2022-08-06,True
1553,603,Nathan,Walker,SITE_MANAGER,nathan.walker@kingsgateschool.school.nz,025-920-6554,2021-09-18,True
1554,603,Shane,Johnston,HS_REP,shane.johnston@kingsgateschool.school.nz,025-863-1657,2021-03-12,True
1555,603,Sarah,Tamati,CARETAKER,sarah.tamati@kingsgateschool.school.nz,022-721-3659,2020-10-26,True
1556,604,Hemi,Hill,PRINCIPAL,hemi.hill@goldengrovescho.school.nz,026-291-4847,2021-05-03,True
1557,604,Hayley,Stewart,SITE_MANAGER,hayley.stewart@goldengrovescho.school.nz,021-561-3780,2021-01-30,True
1558,604,Michael,Martin,HS_REP,michael.martin@goldengrovescho.school.nz,026-909-4976,2020-07-27,True
1559,604,Matiu,Parker,CARETAKER,matiu.parker@goldengrovescho.school.nz,021-519-8453,2020-03-28,True
1560,605,Finn,Collins,PRINCIPAL,finn.collins@wentworthprimar.school.nz,023-248-3121,2020-05-05,True
1561,605,Hemi,Kumar,SITE_MANAGER,hemi.kumar@wentworthprimar.school.nz,027-672-8582,2021-07-04,True
1562,605,Ihaia,Te Huia,HS_REP,ihaia.te huia@wentworthprimar.school.nz,027-978-5778,2020-04-04,True
1563,605,Zara,Robinson,CARETAKER,zara.robinson@wentworthprimar.school.nz,024-301-4749,2021-01-28,True
1564,607,James,Bennett,PRINCIPAL,james.bennett@bigrockprimarys.school.nz,024-101-2092,2021-11-06,True
1565,607,Jessica,Baker,SITE_MANAGER,jessica.baker@bigrockprimarys.school.nz,027-529-1428,2021-06-07,True
1566,607,Sarah,Wright,HS_REP,sarah.wright@bigrockprimarys.school.nz,023-317-4447,2022-03-18,True
1567,607,Tracey,Clarke,CARETAKER,tracey.clarke@bigrockprimarys.school.nz,024-572-7264,2020-12-11,True
1568,608,Daniel,Morgan,PRINCIPAL,daniel.morgan@ashburtonchrist.school.nz,022-331-5256,2020-01-14,True
1569,608,Kaia,Tamati,SITE_MANAGER,kaia.tamati@ashburtonchrist.school.nz,021-481-3750,2021-09-22,True
1570,608,Grace,Stewart,HS_REP,grace.stewart@ashburtonchrist.school.nz,021-104-5890,2021-01-28,True
1571,612,Brooke,Collins,PRINCIPAL,brooke.collins@henderson-teenp.school.nz,021-251-7918,2022-06-17,True
1572,612,Donna,Roberts,SITE_MANAGER,donna.roberts@henderson-teenp.school.nz,028-407-2856,2021-10-04,True
1573,612,Rawiri,Lee,HS_REP,rawiri.lee@henderson-teenp.school.nz,024-917-5771,2022-05-19,True
1574,612,Rachel,Hill,CARETAKER,rachel.hill@henderson-teenp.school.nz,028-737-2614,2022-06-13,True
1575,614,David,Taukiri,PRINCIPAL,david.taukiri@amesburyschool.school.nz,022-904-8375,2020-05-22,True
1576,614,Craig,Mahuta,SITE_MANAGER,craig.mahuta@amesburyschool.school.nz,023-644-9988,2021-10-05,True
1577,614,Aria,Burns,HS_REP,aria.burns@amesburyschool.school.nz,024-512-4681,2021-11-04,True
1578,615,Michael,Harris,PRINCIPAL,michael.harris@rototunaseniorh.school.nz,025-583-1804,2020-07-19,True
1579,615,Wiremu,Parker,SITE_MANAGER,wiremu.parker@rototunaseniorh.school.nz,028-631-5444,2021-05-27,True
1580,615,Chris,Nguyen,HS_REP,chris.nguyen@rototunaseniorh.school.nz,024-264-2006,2021-07-15,True
1581,616,Josh,Walker,PRINCIPAL,josh.walker@murihikuyoungpa.school.nz,023-710-6183,2022-02-19,True
1582,616,Grant,Taukiri,SITE_MANAGER,grant.taukiri@murihikuyoungpa.school.nz,024-673-9211,2021-11-24,True
1583,616,Wiremu,Russell,HS_REP,wiremu.russell@murihikuyoungpa.school.nz,023-434-4755,2022-06-25,True
1584,616,Aroha,Anderson,CARETAKER,aroha.anderson@murihikuyoungpa.school.nz,022-405-9305,2020-02-29,True
1585,618,Holly,Kim,PRINCIPAL,holly.kim@sanctamariacath.school.nz,025-308-5571,2022-02-12,True
1586,618,Aroha,Henderson,SITE_MANAGER,aroha.henderson@sanctamariacath.school.nz,026-215-5086,2021-01-29,True
1587,618,Freya,Gallagher,HS_REP,freya.gallagher@sanctamariacath.school.nz,025-200-1600,2022-08-22,True
1588,618,Paula,Hall,CARETAKER,paula.hall@sanctamariacath.school.nz,022-193-7707,2021-09-06,True
1589,620,Liam,Hamilton,PRINCIPAL,liam.hamilton@huanuicollege.school.nz,027-602-7923,2020-06-18,True
1590,620,James,Baker,SITE_MANAGER,james.baker@huanuicollege.school.nz,024-189-2477,2021-04-11,True
1591,620,Shane,Mahuta,HS_REP,shane.mahuta@huanuicollege.school.nz,028-733-5504,2021-09-30,True
1592,622,Tia,Harawira,PRINCIPAL,tia.harawira@silverstreamchr.school.nz,021-795-5265,2022-07-18,True
1593,622,Daniel,Stewart,SITE_MANAGER,daniel.stewart@silverstreamchr.school.nz,022-779-6093,2021-05-03,True
1594,622,Rawiri,Johnston,HS_REP,rawiri.johnston@silverstreamchr.school.nz,021-167-8330,2021-08-16,True
1595,622,James,Jones,CARETAKER,james.jones@silverstreamchr.school.nz,028-303-9986,2020-10-05,True
1596,624,Grace,White,PRINCIPAL,grace.white@tekarakaareasch.school.nz,024-861-9476,2022-09-03,True
1597,624,Aria,Henare,SITE_MANAGER,aria.henare@tekarakaareasch.school.nz,028-837-5276,2020-01-11,True
1598,624,Stacey,Collins,HS_REP,stacey.collins@tekarakaareasch.school.nz,021-502-9326,2020-09-20,True
1599,625,Shane,Russell,PRINCIPAL,shane.russell@tamaohoschool.school.nz,026-452-4355,2020-01-08,True
1600,625,Josh,King,SITE_MANAGER,josh.king@tamaohoschool.school.nz,023-133-9335,2022-06-06,True
1601,625,Mere,Scott,HS_REP,mere.scott@tamaohoschool.school.nz,024-187-2492,2021-06-29,True
1602,625,Kaia,King,CARETAKER,kaia.king@tamaohoschool.school.nz,025-992-1726,2020-08-13,True
1603,628,Grant,Gallagher,PRINCIPAL,grant.gallagher@tkkmotuiatemata.school.nz,025-327-9791,2021-11-01,True
1604,628,Kauri,Fitzgerald,SITE_MANAGER,kauri.fitzgerald@tkkmotuiatemata.school.nz,022-463-3402,2021-09-23,True
1605,628,Max,Hall,HS_REP,max.hall@tkkmotuiatemata.school.nz,023-486-9930,2022-04-15,True
1606,630,Anika,Mitchell,PRINCIPAL,anika.mitchell@tekuramāoriongā.school.nz,023-105-5290,2021-07-31,True
1607,630,Ryan,Turner,SITE_MANAGER,ryan.turner@tekuramāoriongā.school.nz,024-856-1976,2020-08-23,True
1608,630,Max,Brown,HS_REP,max.brown@tekuramāoriongā.school.nz,026-696-6189,2022-03-09,True
1609,630,Aria,Wright,CARETAKER,aria.wright@tekuramāoriongā.school.nz,023-546-7046,2022-02-13,True
1610,631,Mason,Wong,PRINCIPAL,mason.wong@kiaarohacampus.school.nz,025-483-7265,2020-10-16,True
1611,631,Paula,Fitzgerald,SITE_MANAGER,paula.fitzgerald@kiaarohacampus.school.nz,021-952-3998,2021-07-28,True
1612,631,Ruby,Edwards,HS_REP,ruby.edwards@kiaarohacampus.school.nz,021-733-1920,2021-01-29,True
1613,631,James,Anderson,CARETAKER,james.anderson@kiaarohacampus.school.nz,025-682-6211,2021-12-19,True
1614,632,Rachel,Palmer,PRINCIPAL,rachel.palmer@taiwananga.school.nz,028-978-5073,2020-02-11,True
1615,632,Jessica,Fitzgerald,SITE_MANAGER,jessica.fitzgerald@taiwananga.school.nz,028-521-7218,2022-01-11,True
1616,632,Grace,Hill,HS_REP,grace.hill@taiwananga.school.nz,022-159-4925,2021-05-21,True
1617,632,Aria,Henderson,CARETAKER,aria.henderson@taiwananga.school.nz,025-689-8243,2020-11-11,True
1618,633,Kaia,Tamati,PRINCIPAL,kaia.tamati@kingsviewschool.school.nz,027-487-1059,2021-09-04,True
1619,633,Tracey,Edwards,SITE_MANAGER,tracey.edwards@kingsviewschool.school.nz,024-310-7801,2021-09-03,True
1620,633,Paula,Russell,HS_REP,paula.russell@kingsviewschool.school.nz,021-212-5277,2022-02-20,True
1621,639,Sophie,Parker,PRINCIPAL,sophie.parker@paharakeketeenp.school.nz,028-582-6061,2021-01-23,True
1622,639,Luke,Hamilton,SITE_MANAGER,luke.hamilton@paharakeketeenp.school.nz,026-159-3772,2020-08-03,True
1623,639,Chris,Baker,HS_REP,chris.baker@paharakeketeenp.school.nz,023-387-5526,2020-01-21,True
1624,641,Charlotte,Parker,PRINCIPAL,charlotte.parker@tewharekuraonga.school.nz,028-115-9830,2022-04-06,True
1625,641,Hayley,Green,SITE_MANAGER,hayley.green@tewharekuraonga.school.nz,022-257-1135,2021-06-23,True
1626,641,Matthew,Singh,HS_REP,matthew.singh@tewharekuraonga.school.nz,026-480-6131,2022-01-04,True
1627,641,Charlotte,Rewi,CARETAKER,charlotte.rewi@tewharekuraonga.school.nz,021-393-3317,2020-11-14,True
1628,647,Zara,Brown,PRINCIPAL,zara.brown@bathgateparksch.school.nz,024-511-3652,2021-07-30,True
1629,647,Wiremu,Robinson,SITE_MANAGER,wiremu.robinson@bathgateparksch.school.nz,022-702-6774,2021-02-23,True
1630,647,Kaia,Wright,HS_REP,kaia.wright@bathgateparksch.school.nz,021-474-6978,2022-06-27,True
1631,647,Holly,Chen,CARETAKER,holly.chen@bathgateparksch.school.nz,022-289-2703,2020-08-15,True
1632,648,Nathan,Hall,PRINCIPAL,nathan.hall@carisbrookschoo.school.nz,022-664-5806,2022-01-22,True
1633,648,Charlotte,Rewi,SITE_MANAGER,charlotte.rewi@carisbrookschoo.school.nz,028-135-6276,2021-12-02,True
1634,648,Ruby,Brown,HS_REP,ruby.brown@carisbrookschoo.school.nz,024-984-9824,2021-02-25,True
1635,651,Nathan,Williams,PRINCIPAL,nathan.williams@tewhatatauoputa.school.nz,021-585-1548,2020-11-14,True
1636,651,Sarah,Edwards,SITE_MANAGER,sarah.edwards@tewhatatauoputa.school.nz,026-568-1080,2020-05-18,True
1637,651,Nathan,Green,HS_REP,nathan.green@tewhatatauoputa.school.nz,023-334-9478,2021-07-26,True
1638,654,Aroha,Parker,PRINCIPAL,aroha.parker@rollestoncolleg.school.nz,026-570-3378,2021-11-24,True
1639,654,Zara,Harawira,SITE_MANAGER,zara.harawira@rollestoncolleg.school.nz,027-143-2942,2022-06-19,True
1640,654,Chris,Roberts,HS_REP,chris.roberts@rollestoncolleg.school.nz,027-645-3979,2022-02-16,True
1641,655,Shane,Scott,PRINCIPAL,shane.scott@kawerauputauaki.school.nz,028-653-1677,2022-09-18,True
1642,655,Sophie,Thompson,SITE_MANAGER,sophie.thompson@kawerauputauaki.school.nz,027-158-6552,2021-06-30,True
1643,655,Kauri,Green,HS_REP,kauri.green@kawerauputauaki.school.nz,026-712-4499,2022-06-16,True
1644,658,Brooke,Edwards,PRINCIPAL,brooke.edwards@muruparaareasch.school.nz,028-906-5820,2022-08-31,True
1645,658,Isla,Watson,SITE_MANAGER,isla.watson@muruparaareasch.school.nz,024-734-5480,2020-01-03,True
1646,658,Amelia,Taylor,HS_REP,amelia.taylor@muruparaareasch.school.nz,022-475-4379,2020-02-22,True
1647,658,Chris,Wong,CARETAKER,chris.wong@muruparaareasch.school.nz,027-997-3724,2022-03-22,True
1648,660,Rachel,Murray,PRINCIPAL,rachel.murray@kahurangischool.school.nz,023-171-7703,2021-10-22,True
1649,660,Georgia,Hamilton,SITE_MANAGER,georgia.hamilton@kahurangischool.school.nz,021-357-3222,2021-06-10,True
1650,660,Moana,Green,HS_REP,moana.green@kahurangischool.school.nz,026-156-7778,2022-03-02,True
1651,661,Freya,Nguyen,PRINCIPAL,freya.nguyen@tarawerahighsch.school.nz,026-514-7806,2022-02-23,True
1652,661,Daniel,Harris,SITE_MANAGER,daniel.harris@tarawerahighsch.school.nz,026-506-6323,2020-01-06,True
1653,661,James,Taylor,HS_REP,james.taylor@tarawerahighsch.school.nz,028-348-8391,2022-01-17,True
1654,661,Amber,Fraser,CARETAKER,amber.fraser@tarawerahighsch.school.nz,023-829-5665,2021-12-10,True
1655,670,Aria,Gray,PRINCIPAL,aria.gray@nelsonteenparen.school.nz,023-765-9128,2021-09-08,True
1656,670,Ben,Kim,SITE_MANAGER,ben.kim@nelsonteenparen.school.nz,022-396-7456,2022-09-14,True
1657,670,Sarah,Fitzgerald,HS_REP,sarah.fitzgerald@nelsonteenparen.school.nz,025-120-7276,2021-11-26,True
1658,671,Josh,Scott,PRINCIPAL,josh.scott@waikatomontesso.school.nz,026-759-6496,2020-07-11,True
1659,671,Scott,Kim,SITE_MANAGER,scott.kim@waikatomontesso.school.nz,022-686-2366,2020-05-10,True
1660,671,Tane,Hamilton,HS_REP,tane.hamilton@waikatomontesso.school.nz,026-384-6780,2021-12-16,True
1661,674,Isla,Murray,PRINCIPAL,isla.murray@levinteenparent.school.nz,024-307-1438,2021-02-20,True
1662,674,Nikau,Fitzgerald,SITE_MANAGER,nikau.fitzgerald@levinteenparent.school.nz,022-877-1213,2022-09-07,True
1663,674,Shane,Brown,HS_REP,shane.brown@levinteenparent.school.nz,026-615-2548,2020-11-07,True
1664,683,Joanne,Gray,PRINCIPAL,joanne.gray@aotawhitiunlimi.school.nz,021-530-3395,2022-06-28,True
1665,683,Tia,Chen,SITE_MANAGER,tia.chen@aotawhitiunlimi.school.nz,023-858-3134,2020-08-25,True
1666,683,Stacey,Brown,HS_REP,stacey.brown@aotawhitiunlimi.school.nz,024-117-8166,2020-02-03,True
1667,684,Noah,Campbell,PRINCIPAL,noah.campbell@tewakaunuaschoo.school.nz,028-480-3993,2022-04-05,True
1668,684,Tracey,Baker,SITE_MANAGER,tracey.baker@tewakaunuaschoo.school.nz,021-378-2512,2022-07-30,True
1669,684,Ruby,Hill,HS_REP,ruby.hill@tewakaunuaschoo.school.nz,025-634-6503,2022-05-08,True
1670,684,Ben,Taylor,CARETAKER,ben.taylor@tewakaunuaschoo.school.nz,023-591-4879,2022-08-07,True
1671,685,Aroha,Parker,PRINCIPAL,aroha.parker@waitākiriprimar.school.nz,024-212-6867,2021-01-23,True
1672,685,Isla,Burns,SITE_MANAGER,isla.burns@waitākiriprimar.school.nz,023-581-9744,2022-07-06,True
1673,685,Nicola,Baker,HS_REP,nicola.baker@waitākiriprimar.school.nz,028-182-2590,2022-02-11,True
1674,686,Ben,Jones,PRINCIPAL,ben.jones@lytteltonprimar.school.nz,021-455-3757,2021-05-31,True
1675,686,Ihaia,Wilson,SITE_MANAGER,ihaia.wilson@lytteltonprimar.school.nz,026-465-5713,2021-11-20,True
1676,686,Daniel,Palmer,HS_REP,daniel.palmer@lytteltonprimar.school.nz,024-767-9122,2020-01-03,True
1677,686,Noah,Stewart,CARETAKER,noah.stewart@lytteltonprimar.school.nz,021-739-3403,2020-10-02,True
1678,688,Zara,Martin,PRINCIPAL,zara.martin@ormistonprimary.school.nz,024-946-5954,2022-07-30,True
1679,688,Olivia,Russell,SITE_MANAGER,olivia.russell@ormistonprimary.school.nz,021-781-6227,2022-01-11,True
1680,688,Luke,Wong,HS_REP,luke.wong@ormistonprimary.school.nz,023-222-3398,2020-08-17,True
1681,696,Olivia,Anderson,PRINCIPAL,olivia.anderson@rāwhitischool.school.nz,023-539-8131,2022-01-02,True
1682,696,Grant,King,SITE_MANAGER,grant.king@rāwhitischool.school.nz,021-948-6588,2021-09-03,True
1683,696,Wiremu,Chen,HS_REP,wiremu.chen@rāwhitischool.school.nz,023-348-1858,2020-08-24,True
1684,704,Donna,Nguyen,PRINCIPAL,donna.nguyen@haeatacommunity.school.nz,027-530-7825,2021-01-28,True
1685,704,Craig,Chen,SITE_MANAGER,craig.chen@haeatacommunity.school.nz,023-307-8456,2021-07-29,True
1686,704,Holly,Hamilton,HS_REP,holly.hamilton@haeatacommunity.school.nz,023-800-6346,2022-05-17,True
1687,704,Chris,Nguyen,CARETAKER,chris.nguyen@haeatacommunity.school.nz,025-550-2656,2020-08-25,True
1688,705,Lisa,Singh,PRINCIPAL,lisa.singh@tetipuwhenuaopa.school.nz,027-847-7055,2020-03-17,True
1689,705,Maia,Collins,SITE_MANAGER,maia.collins@tetipuwhenuaopa.school.nz,022-364-4355,2020-11-07,True
1690,705,Nathan,Cooper,HS_REP,nathan.cooper@tetipuwhenuaopa.school.nz,024-906-6563,2022-01-17,True
1691,705,Kauri,Chen,CARETAKER,kauri.chen@tetipuwhenuaopa.school.nz,024-162-8610,2020-07-04,True
1692,706,Max,Gray,PRINCIPAL,max.gray@tepāorākaihautū.school.nz,028-993-2163,2021-08-07,True
1693,706,Joanne,Kim,SITE_MANAGER,joanne.kim@tepāorākaihautū.school.nz,021-541-4057,2021-04-11,True
1694,706,Rachel,Roberts,HS_REP,rachel.roberts@tepāorākaihautū.school.nz,026-848-2819,2021-06-04,True
1695,707,Nikau,Harawira,PRINCIPAL,nikau.harawira@acgtauranga.school.nz,028-417-4607,2020-07-30,True
1696,707,Michelle,Parker,SITE_MANAGER,michelle.parker@acgtauranga.school.nz,021-626-6477,2020-07-02,True
1697,707,Reuben,Murray,HS_REP,reuben.murray@acgtauranga.school.nz,025-971-4073,2020-04-11,True
1698,708,Matiu,Wilson,PRINCIPAL,matiu.wilson@rototunajuniorh.school.nz,028-342-4838,2020-06-06,True
1699,708,Grace,Crawford,SITE_MANAGER,grace.crawford@rototunajuniorh.school.nz,023-543-9686,2022-04-07,True
1700,708,Ryan,Clarke,HS_REP,ryan.clarke@rototunajuniorh.school.nz,022-777-6129,2022-05-11,True
1701,708,Tracey,Baker,CARETAKER,tracey.baker@rototunajuniorh.school.nz,027-388-1590,2021-12-23,True
1702,709,Matiu,Campbell,PRINCIPAL,matiu.campbell@ormistonjuniorc.school.nz,025-641-3320,2021-04-15,True
1703,709,David,Lee,SITE_MANAGER,david.lee@ormistonjuniorc.school.nz,027-168-4204,2022-05-03,True
1704,709,Ben,Young,HS_REP,ben.young@ormistonjuniorc.school.nz,028-557-4658,2021-09-17,True
1705,710,Caleb,Fitzgerald,PRINCIPAL,caleb.fitzgerald@rollestonchrist.school.nz,026-422-9293,2021-10-05,True
1706,710,Wiremu,Turner,SITE_MANAGER,wiremu.turner@rollestonchrist.school.nz,022-902-5409,2021-03-28,True
1707,710,Nathan,Hamilton,HS_REP,nathan.hamilton@rollestonchrist.school.nz,026-620-2946,2022-05-18,True
1708,712,Wiremu,Watson,PRINCIPAL,wiremu.watson@terōhutuwhio.school.nz,022-742-8184,2020-10-16,True
1709,712,Tia,Roberts,SITE_MANAGER,tia.roberts@terōhutuwhio.school.nz,027-410-9358,2022-03-31,True
1710,712,Emma,Jones,HS_REP,emma.jones@terōhutuwhio.school.nz,023-660-1482,2020-05-24,True
1711,712,Finn,Brown,CARETAKER,finn.brown@terōhutuwhio.school.nz,023-945-5926,2021-01-26,True
1712,717,Stacey,Taylor,PRINCIPAL,stacey.taylor@whakataneteenpa.school.nz,025-637-8532,2022-04-07,True
1713,717,Donna,Gallagher,SITE_MANAGER,donna.gallagher@whakataneteenpa.school.nz,025-203-5311,2022-02-15,True
1714,717,Grant,Baker,HS_REP,grant.baker@whakataneteenpa.school.nz,021-216-8029,2020-11-18,True
1715,719,Josh,Green,PRINCIPAL,josh.green@tekurakaupapama.school.nz,024-503-3840,2021-12-10,True
1716,719,Holly,Edwards,SITE_MANAGER,holly.edwards@tekurakaupapama.school.nz,024-459-7815,2020-12-07,True
1717,719,Grace,Gallagher,HS_REP,grace.gallagher@tekurakaupapama.school.nz,023-387-4873,2021-01-25,True
1718,719,Nathan,Cooper,CARETAKER,nathan.cooper@tekurakaupapama.school.nz,025-228-5110,2020-10-23,True
1719,724,Ethan,Green,PRINCIPAL,ethan.green@temanawaōpāpāmo.school.nz,026-337-7567,2021-11-26,True
1720,724,Jessica,Murray,SITE_MANAGER,jessica.murray@temanawaōpāpāmo.school.nz,026-693-2446,2021-08-08,True
1721,724,Donna,Mahuta,HS_REP,donna.mahuta@temanawaōpāpāmo.school.nz,025-509-9107,2021-05-04,True
1722,725,Kaia,Murray,PRINCIPAL,kaia.murray@scottpointschoo.school.nz,023-649-6096,2022-01-29,True
1723,725,Mason,Campbell,SITE_MANAGER,mason.campbell@scottpointschoo.school.nz,024-147-9672,2020-05-03,True
1724,725,Tia,Hamilton,HS_REP,tia.hamilton@scottpointschoo.school.nz,024-855-4188,2022-08-02,True
1725,728,Sarah,Wong,PRINCIPAL,sarah.wong@merakimontessor.school.nz,022-226-4549,2020-01-03,True
1726,728,Maia,Fitzgerald,SITE_MANAGER,maia.fitzgerald@merakimontessor.school.nz,023-356-7218,2021-05-20,True
1727,728,Georgia,Parker,HS_REP,georgia.parker@merakimontessor.school.nz,027-814-5289,2020-05-02,True
1728,729,Karen,Young,PRINCIPAL,karen.young@northlandcolleg.school.nz,028-910-8370,2020-04-27,True
1729,729,Rachel,Te Huia,SITE_MANAGER,rachel.te huia@northlandcolleg.school.nz,027-837-5433,2021-10-30,True
1730,729,Matthew,Burns,HS_REP,matthew.burns@northlandcolleg.school.nz,026-600-1919,2022-09-19,True
1731,730,Luke,Mahuta,PRINCIPAL,luke.mahuta@porangahauschoo.school.nz,022-507-4579,2020-03-29,True
1732,730,Finn,Palmer,SITE_MANAGER,finn.palmer@porangahauschoo.school.nz,025-246-1765,2022-08-29,True
1733,730,Liam,Campbell,HS_REP,liam.campbell@porangahauschoo.school.nz,026-659-1469,2022-01-21,True
1734,730,Simon,Thompson,CARETAKER,simon.thompson@porangahauschoo.school.nz,027-993-4941,2021-08-15,True
1735,737,Grace,King,PRINCIPAL,grace.king@tekurakaupapama.school.nz,024-957-9713,2020-03-11,True
1736,737,Rawiri,Hall,SITE_MANAGER,rawiri.hall@tekurakaupapama.school.nz,022-170-3649,2021-09-25,True
1737,737,Tia,Hill,HS_REP,tia.hill@tekurakaupapama.school.nz,028-513-7714,2022-04-28,True
1738,738,Daniel,Johnston,PRINCIPAL,daniel.johnston@stfrancisofassi.school.nz,022-669-1893,2020-11-19,True
1739,738,Nicola,Watson,SITE_MANAGER,nicola.watson@stfrancisofassi.school.nz,025-302-1533,2022-06-15,True
1740,738,Rawiri,Taylor,HS_REP,rawiri.taylor@stfrancisofassi.school.nz,024-510-8851,2022-06-08,True
1741,739,Charlotte,Watson,PRINCIPAL,charlotte.watson@manukura.school.nz,026-662-2951,2022-06-13,True
1742,739,Tane,Wilson,SITE_MANAGER,tane.wilson@manukura.school.nz,026-434-5717,2021-07-07,True
1743,739,Aria,Watson,HS_REP,aria.watson@manukura.school.nz,024-214-1014,2022-07-01,True
1744,742,Reuben,Rewi,PRINCIPAL,reuben.rewi@tekuraotewhānau.school.nz,028-225-1011,2021-09-19,True
1745,742,Rawiri,Gray,SITE_MANAGER,rawiri.gray@tekuraotewhānau.school.nz,025-433-8380,2020-01-01,True
1746,742,Paula,Mahuta,HS_REP,paula.mahuta@tekuraotewhānau.school.nz,022-600-2583,2021-06-27,True
1747,742,Finn,Collins,CARETAKER,finn.collins@tekuraotewhānau.school.nz,023-104-1971,2021-11-04,True
1748,743,Amelia,Mahuta,PRINCIPAL,amelia.mahuta@holytrinitycath.school.nz,021-893-7313,2021-12-19,True
1749,743,Ihaia,Taukiri,SITE_MANAGER,ihaia.taukiri@holytrinitycath.school.nz,026-671-5149,2021-08-14,True
1750,743,Aroha,Taylor,HS_REP,aroha.taylor@holytrinitycath.school.nz,021-162-6346,2022-08-21,True
1751,746,Joanne,Taylor,PRINCIPAL,joanne.taylor@tekurawhakatipu.school.nz,026-370-6297,2021-07-13,True
1752,746,Mason,Williams,SITE_MANAGER,mason.williams@tekurawhakatipu.school.nz,026-505-4732,2021-09-11,True
1753,746,Zara,Scott,HS_REP,zara.scott@tekurawhakatipu.school.nz,021-991-2758,2020-06-06,True
1754,747,Grant,Palmer,PRINCIPAL,grant.palmer@tekuraotakekāra.school.nz,021-568-7061,2022-09-17,True
1755,747,Stacey,Smith,SITE_MANAGER,stacey.smith@tekuraotakekāra.school.nz,023-779-8427,2022-08-16,True
1756,747,Jack,Stewart,HS_REP,jack.stewart@tekuraotakekāra.school.nz,028-469-7205,2022-07-28,True
1757,748,Chris,Hill,PRINCIPAL,chris.hill@ngākōroaschool.school.nz,024-280-7809,2020-12-02,True
1758,748,Max,White,SITE_MANAGER,max.white@ngākōroaschool.school.nz,028-160-4835,2022-01-06,True
1759,748,Ethan,Russell,HS_REP,ethan.russell@ngākōroaschool.school.nz,021-786-5006,2021-07-05,True
1760,752,Nathan,Gallagher,PRINCIPAL,nathan.gallagher@summitpointscho.school.nz,023-185-7154,2020-03-27,True
1761,752,Aria,Green,SITE_MANAGER,aria.green@summitpointscho.school.nz,028-530-8853,2022-08-24,True
1762,752,Moana,Morgan,HS_REP,moana.morgan@summitpointscho.school.nz,024-408-6467,2020-10-21,True
1763,764,Kauri,Singh,PRINCIPAL,kauri.singh@ahutoetoeschool.school.nz,024-841-3187,2020-05-22,True
1764,764,Donna,Henderson,SITE_MANAGER,donna.henderson@ahutoetoeschool.school.nz,026-702-5524,2021-05-22,True
1765,764,Kylie,Scott,HS_REP,kylie.scott@ahutoetoeschool.school.nz,022-933-1422,2020-03-07,True
1766,767,Karen,Green,PRINCIPAL,karen.green@nukumeaprimarys.school.nz,027-579-7672,2021-06-12,True
1767,767,Rachel,Young,SITE_MANAGER,rachel.young@nukumeaprimarys.school.nz,022-720-9468,2020-05-20,True
1768,767,Nicola,Robinson,HS_REP,nicola.robinson@nukumeaprimarys.school.nz,023-717-3382,2021-12-09,True
1769,767,Zara,Te Huia,CARETAKER,zara.te huia@nukumeaprimarys.school.nz,025-966-3889,2020-08-07,True
1770,774,Donna,Young,PRINCIPAL,donna.young@matuangaruschoo.school.nz,028-267-3331,2021-02-17,True
1771,774,Ihaia,Burns,SITE_MANAGER,ihaia.burns@matuangaruschoo.school.nz,028-306-2945,2022-02-27,True
1772,774,Jessica,Morgan,HS_REP,jessica.morgan@matuangaruschoo.school.nz,023-318-4720,2020-11-10,True
1773,779,Matiu,Harris,PRINCIPAL,matiu.harris@fossilbayschool.school.nz,028-487-2534,2021-05-03,True
1774,779,Stacey,Edwards,SITE_MANAGER,stacey.edwards@fossilbayschool.school.nz,027-904-8966,2021-04-13,True
1775,779,Nikau,Watson,HS_REP,nikau.watson@fossilbayschool.school.nz,021-275-7333,2021-10-06,True
1776,780,Josh,Martin,PRINCIPAL,josh.martin@teaomāramaschoo.school.nz,022-358-3605,2021-04-19,True
1777,780,Nicola,Green,SITE_MANAGER,nicola.green@teaomāramaschoo.school.nz,024-939-2400,2021-03-27,True
1778,780,Ben,Green,HS_REP,ben.green@teaomāramaschoo.school.nz,022-612-5601,2022-07-30,True
1779,781,Maia,Clarke,PRINCIPAL,maia.clarke@jirehchristians.school.nz,027-677-9294,2022-09-16,True
1780,781,Kylie,Morgan,SITE_MANAGER,kylie.morgan@jirehchristians.school.nz,027-616-3234,2021-07-03,True
1781,781,Maia,Nguyen,HS_REP,maia.nguyen@jirehchristians.school.nz,026-602-3317,2021-06-23,True
1782,787,Moana,Henare,PRINCIPAL,moana.henare@aucklandmontess.school.nz,026-761-5500,2022-02-21,True
1783,787,Aria,Jones,SITE_MANAGER,aria.jones@aucklandmontess.school.nz,028-156-4896,2021-10-16,True
1784,787,Grace,Tamati,HS_REP,grace.tamati@aucklandmontess.school.nz,021-719-5431,2020-06-09,True
1785,840,Tia,Stewart,PRINCIPAL,tia.stewart@centralauckland.school.nz,027-320-8955,2020-09-07,True
1786,840,Chris,Burns,SITE_MANAGER,chris.burns@centralauckland.school.nz,023-747-3857,2020-09-21,True
1787,840,Maia,Brown,HS_REP,maia.brown@centralauckland.school.nz,027-350-6904,2020-02-04,True
1788,846,Joanne,Thompson,PRINCIPAL,joanne.thompson@suzanneaubertca.school.nz,022-960-4289,2020-06-10,True
1789,846,Emma,Te Huia,SITE_MANAGER,emma.te huia@suzanneaubertca.school.nz,025-387-8025,2020-02-16,True
1790,846,Joanne,Mitchell,HS_REP,joanne.mitchell@suzanneaubertca.school.nz,022-636-4419,2021-03-18,True
1791,846,Stacey,Hill,CARETAKER,stacey.hill@suzanneaubertca.school.nz,023-624-3766,2020-12-30,True
1792,847,Grant,Mahuta,PRINCIPAL,grant.mahuta@futureschool.school.nz,024-518-2303,2021-08-27,True
1793,847,Georgia,Gallagher,SITE_MANAGER,georgia.gallagher@futureschool.school.nz,025-640-7139,2020-12-02,True
1794,847,David,Brown,HS_REP,david.brown@futureschool.school.nz,026-620-8950,2021-09-06,True
1795,854,Ethan,Te Huia,PRINCIPAL,ethan.te huia@vanguardmilitar.school.nz,021-903-7130,2021-12-18,True
1796,854,Caleb,Palmer,SITE_MANAGER,caleb.palmer@vanguardmilitar.school.nz,028-410-1257,2020-01-25,True
1797,854,Anika,King,HS_REP,anika.king@vanguardmilitar.school.nz,027-585-5361,2021-04-08,True
1798,871,Aria,Hall,PRINCIPAL,aria.hall@terangihakahaka.school.nz,028-116-1849,2021-07-11,True
1799,871,Nathan,Watson,SITE_MANAGER,nathan.watson@terangihakahaka.school.nz,023-686-6249,2021-08-05,True
1800,871,Reuben,Harawira,HS_REP,reuben.harawira@terangihakahaka.school.nz,025-941-4295,2021-11-07,True
1801,872,Finn,Baker,PRINCIPAL,finn.baker@tekōpukuhigh.school.nz,028-115-1296,2021-01-06,True
1802,872,Grace,Kim,SITE_MANAGER,grace.kim@tekōpukuhigh.school.nz,028-291-9263,2020-12-07,True
1803,872,Ruby,Murray,HS_REP,ruby.murray@tekōpukuhigh.school.nz,025-360-6604,2021-06-02,True
1804,872,Ethan,Wilson,CARETAKER,ethan.wilson@tekōpukuhigh.school.nz,026-472-1857,2022-08-12,True
1805,873,Freya,Watson,PRINCIPAL,freya.watson@tearatikaacadem.school.nz,024-706-2313,2022-07-28,True
1806,873,Caleb,Nguyen,SITE_MANAGER,caleb.nguyen@tearatikaacadem.school.nz,024-353-9303,2020-02-29,True
1807,873,Matiu,Martin,HS_REP,matiu.martin@tearatikaacadem.school.nz,021-192-4970,2021-11-27,True
1808,874,Ryan,Young,PRINCIPAL,ryan.young@pacificadvances.school.nz,027-622-1703,2020-11-27,True
1809,874,Nathan,Kumar,SITE_MANAGER,nathan.kumar@pacificadvances.school.nz,021-895-1683,2021-09-23,True
1810,874,Kaia,Hill,HS_REP,kaia.hill@pacificadvances.school.nz,023-168-5734,2021-12-22,True
1811,876,Max,Martin,PRINCIPAL,max.martin@southaucklandmi.school.nz,028-451-8973,2020-05-26,True
1812,876,Tane,Bennett,SITE_MANAGER,tane.bennett@southaucklandmi.school.nz,024-922-6910,2022-01-04,True
1813,876,Max,Henare,HS_REP,max.henare@southaucklandmi.school.nz,027-445-2668,2020-03-06,True
1814,876,David,Campbell,CARETAKER,david.campbell@southaucklandmi.school.nz,028-260-4067,2021-05-04,True
1815,877,Zara,Wilson,PRINCIPAL,zara.wilson@middleschoolwes.school.nz,024-227-3243,2021-06-16,True
1816,877,Freya,Williams,SITE_MANAGER,freya.williams@middleschoolwes.school.nz,022-777-1287,2020-10-12,True
1817,877,Jessica,Hill,HS_REP,jessica.hill@middleschoolwes.school.nz,024-785-1943,2020-10-09,True
1818,877,Ruby,Brown,CARETAKER,ruby.brown@middleschoolwes.school.nz,024-662-4473,2021-02-26,True
1819,878,Jack,Parker,PRINCIPAL,jack.parker@tewharekuraongā.school.nz,026-739-1072,2020-11-21,True
1820,878,Ben,Smith,SITE_MANAGER,ben.smith@tewharekuraongā.school.nz,028-916-2259,2020-09-13,True
1821,878,Kaia,Cooper,HS_REP,kaia.cooper@tewharekuraongā.school.nz,022-198-2121,2022-08-12,True
1822,879,Aroha,Te Huia,PRINCIPAL,aroha.te huia@riseupacademy.school.nz,024-959-2212,2020-12-21,True
1823,879,Olivia,Singh,SITE_MANAGER,olivia.singh@riseupacademy.school.nz,026-767-2560,2020-12-18,True
1824,879,Hayley,Tamati,HS_REP,hayley.tamati@riseupacademy.school.nz,025-523-9699,2022-04-13,True
1825,880,Maia,Walker,PRINCIPAL,maia.walker@waateaschool.school.nz,022-369-8862,2020-05-23,True
1826,880,Emma,Green,SITE_MANAGER,emma.green@waateaschool.school.nz,021-542-7705,2021-11-19,True
1827,880,Amber,Campbell,HS_REP,amber.campbell@waateaschool.school.nz,026-175-4597,2020-01-28,True
1828,881,Rachel,Mahuta,PRINCIPAL,rachel.mahuta@tūrangatangatar.school.nz,026-409-9036,2020-01-03,True
1829,881,Charlotte,Wong,SITE_MANAGER,charlotte.wong@tūrangatangatar.school.nz,021-328-2939,2020-07-03,True
1830,881,Holly,Wright,HS_REP,holly.wright@tūrangatangatar.school.nz,027-240-2565,2020-12-22,True
1831,881,Rawiri,Tamati,CARETAKER,rawiri.tamati@tūrangatangatar.school.nz,023-583-8281,2022-02-19,True
1832,900,Moana,Turner,PRINCIPAL,moana.turner@a1studentschool.school.nz,025-221-5512,2022-09-01,True
1833,900,Paula,Taylor,SITE_MANAGER,paula.taylor@a1studentschool.school.nz,025-538-4820,2022-05-12,True
1834,900,Tia,Jones,HS_REP,tia.jones@a1studentschool.school.nz,026-830-5055,2021-11-09,True
1835,903,Michael,Anderson,PRINCIPAL,michael.anderson@kotakureo-deafe.school.nz,028-365-7734,2020-12-25,True
1836,903,Stacey,Smith,SITE_MANAGER,stacey.smith@kotakureo-deafe.school.nz,022-298-6506,2022-06-25,True
1837,903,Hayley,Turner,HS_REP,hayley.turner@kotakureo-deafe.school.nz,024-133-2184,2020-06-21,True
1838,904,Amber,King,PRINCIPAL,amber.king@greenschoolnewz.school.nz,024-968-6703,2022-06-21,True
1839,904,Lisa,Henderson,SITE_MANAGER,lisa.henderson@greenschoolnewz.school.nz,021-158-1938,2022-03-20,True
1840,904,Scott,Stewart,HS_REP,scott.stewart@greenschoolnewz.school.nz,026-181-7828,2022-07-23,True
1841,921,Tracey,Harawira,PRINCIPAL,tracey.harawira@crimsonglobalac.school.nz,022-696-5410,2022-08-28,True
1842,921,Zara,Hall,SITE_MANAGER,zara.hall@crimsonglobalac.school.nz,024-533-7930,2020-03-23,True
1843,921,Jack,Morgan,HS_REP,jack.morgan@crimsonglobalac.school.nz,028-965-5408,2020-08-21,True
1844,932,Scott,Wong,PRINCIPAL,scott.wong@tekuraāiwiopawa.school.nz,028-429-3218,2020-03-08,True
1845,932,Holly,Lee,SITE_MANAGER,holly.lee@tekuraāiwiopawa.school.nz,025-984-3798,2020-04-25,True
1846,932,Olivia,Scott,HS_REP,olivia.scott@tekuraāiwiopawa.school.nz,026-233-6842,2021-04-18,True
1847,932,Georgia,Robinson,CARETAKER,georgia.robinson@tekuraāiwiopawa.school.nz,022-404-8575,2020-06-08,True
1848,941,Luke,Jones,PRINCIPAL,luke.jones@iqraschool.school.nz,025-464-2022,2021-08-23,True
1849,941,Emma,Fitzgerald,SITE_MANAGER,emma.fitzgerald@iqraschool.school.nz,027-115-5545,2021-03-27,True
1850,941,Simon,Walker,HS_REP,simon.walker@iqraschool.school.nz,028-480-2777,2020-12-08,True
1851,941,Zara,Hill,CARETAKER,zara.hill@iqraschool.school.nz,022-172-6855,2021-09-06,True
1852,946,Kylie,Murray,PRINCIPAL,kylie.murray@motuekasteiners.school.nz,021-439-7577,2020-11-17,True
1853,946,Caleb,Brown,SITE_MANAGER,caleb.brown@motuekasteiners.school.nz,023-766-7975,2020-04-30,True
1854,946,Liam,Chen,HS_REP,liam.chen@motuekasteiners.school.nz,025-530-8561,2020-06-12,True
1855,949,Karen,Stewart,PRINCIPAL,karen.stewart@stignatiusofloy.school.nz,027-870-4025,2022-05-16,True
1856,949,Mason,Stewart,SITE_MANAGER,mason.stewart@stignatiusofloy.school.nz,023-677-1051,2021-05-05,True
1857,949,Grace,Kim,HS_REP,grace.kim@stignatiusofloy.school.nz,025-258-2605,2021-10-23,True
1858,949,Rachel,Hall,CARETAKER,rachel.hall@stignatiusofloy.school.nz,022-439-2720,2022-05-13,True
1859,956,Josh,Kim,PRINCIPAL,josh.kim@harvestchristia.school.nz,027-945-6694,2021-06-30,True
1860,956,Scott,Fitzgerald,SITE_MANAGER,scott.fitzgerald@harvestchristia.school.nz,025-478-1387,2021-03-30,True
1861,956,Amber,Fraser,HS_REP,amber.fraser@harvestchristia.school.nz,022-410-8894,2020-08-20,True
1862,958,Finn,Russell,PRINCIPAL,finn.russell@ligerleadership.school.nz,021-373-9098,2020-09-25,True
1863,958,Grant,Martin,SITE_MANAGER,grant.martin@ligerleadership.school.nz,025-706-7042,2021-12-16,True
1864,958,Ryan,Fraser,HS_REP,ryan.fraser@ligerleadership.school.nz,026-726-2638,2022-02-12,True
1865,960,Kylie,Hall,PRINCIPAL,kylie.hall@tkkmotūtūtaraki.school.nz,023-941-1192,2020-10-29,True
1866,960,Max,Crawford,SITE_MANAGER,max.crawford@tkkmotūtūtaraki.school.nz,021-608-5382,2020-04-29,True
1867,960,Michael,Wilson,HS_REP,michael.wilson@tkkmotūtūtaraki.school.nz,027-568-3457,2021-06-22,True
1868,960,Michelle,Morgan,CARETAKER,michelle.morgan@tkkmotūtūtaraki.school.nz,023-592-1986,2021-05-15,True
1869,961,Hayley,Roberts,PRINCIPAL,hayley.roberts@tepaepaeoaotea.school.nz,023-488-1461,2020-03-11,True
1870,961,Shane,Murray,SITE_MANAGER,shane.murray@tepaepaeoaotea.school.nz,021-132-5837,2022-05-10,True
1871,961,Olivia,Turner,HS_REP,olivia.turner@tepaepaeoaotea.school.nz,022-989-1614,2021-08-18,True
1872,962,Olivia,Campbell,PRINCIPAL,olivia.campbell@terauhoropito.school.nz,024-747-9419,2021-11-09,True
1873,962,Nicola,Baker,SITE_MANAGER,nicola.baker@terauhoropito.school.nz,023-362-1087,2021-01-23,True
1874,962,Kauri,Scott,HS_REP,kauri.scott@terauhoropito.school.nz,022-629-8155,2020-04-04,True
1875,962,Freya,Campbell,CARETAKER,freya.campbell@terauhoropito.school.nz,026-826-6227,2021-11-22,True
1876,1000,Freya,Collins,PRINCIPAL,freya.collins@ahiparaschool.school.nz,023-110-5381,2021-02-23,True
1877,1000,Kaia,Tamati,SITE_MANAGER,kaia.tamati@ahiparaschool.school.nz,026-626-2881,2021-02-21,True
1878,1000,Nicola,Collins,HS_REP,nicola.collins@ahiparaschool.school.nz,021-762-6315,2021-01-21,True
1879,1001,Zara,Stewart,PRINCIPAL,zara.stewart@arangaschool.school.nz,028-382-7999,2022-02-23,True
1880,1001,Freya,Roberts,SITE_MANAGER,freya.roberts@arangaschool.school.nz,021-385-9140,2021-05-05,True
1881,1001,Craig,Rewi,HS_REP,craig.rewi@arangaschool.school.nz,022-534-7951,2020-06-13,True
1882,1001,Reuben,Burns,CARETAKER,reuben.burns@arangaschool.school.nz,027-376-3499,2020-03-21,True
1883,1002,Max,Hamilton,PRINCIPAL,max.hamilton@arapohueschool.school.nz,026-914-7108,2021-10-24,True
1884,1002,Finn,Edwards,SITE_MANAGER,finn.edwards@arapohueschool.school.nz,021-881-6972,2020-11-29,True
1885,1002,Freya,Gray,HS_REP,freya.gray@arapohueschool.school.nz,028-853-1133,2022-03-03,True
1886,1004,Kaia,Watson,PRINCIPAL,kaia.watson@awanuischool.school.nz,026-141-5946,2021-11-14,True
1887,1004,Rawiri,Robinson,SITE_MANAGER,rawiri.robinson@awanuischool.school.nz,022-547-3141,2021-03-15,True
1888,1004,Shane,Robinson,HS_REP,shane.robinson@awanuischool.school.nz,027-484-7342,2020-06-26,True
1889,1004,Charlotte,Parker,CARETAKER,charlotte.parker@awanuischool.school.nz,027-784-8887,2020-02-10,True
1890,1007,Charlotte,Bennett,PRINCIPAL,charlotte.bennett@blomfieldspecia.school.nz,023-967-9537,2022-03-08,True
1891,1007,Jessica,Scott,SITE_MANAGER,jessica.scott@blomfieldspecia.school.nz,022-364-3589,2022-06-14,True
1892,1007,Rachel,Mitchell,HS_REP,rachel.mitchell@blomfieldspecia.school.nz,027-658-9582,2021-08-15,True
1893,1008,Aroha,Harawira,PRINCIPAL,aroha.harawira@dargavilleinter.school.nz,026-303-7630,2020-05-30,True
1894,1008,Craig,Roberts,SITE_MANAGER,craig.roberts@dargavilleinter.school.nz,021-634-6203,2021-06-09,True
1895,1008,Ihaia,Patel,HS_REP,ihaia.patel@dargavilleinter.school.nz,026-263-3506,2021-01-19,True
1896,1009,Sam,Gallagher,PRINCIPAL,sam.gallagher@dargavilleprima.school.nz,021-340-9908,2020-08-30,True
1897,1009,Sam,Walker,SITE_MANAGER,sam.walker@dargavilleprima.school.nz,023-261-3972,2020-03-08,True
1898,1009,Brooke,Tamati,HS_REP,brooke.tamati@dargavilleprima.school.nz,028-181-8238,2022-01-30,True
1899,1009,Noah,Taukiri,CARETAKER,noah.taukiri@dargavilleprima.school.nz,023-678-7642,2020-04-25,True
1900,1011,Max,Bennett,PRINCIPAL,max.bennett@glenbervieschoo.school.nz,026-259-3708,2020-09-16,True
1901,1011,Ethan,Turner,SITE_MANAGER,ethan.turner@glenbervieschoo.school.nz,021-285-5621,2020-01-17,True
1902,1011,Luke,Henderson,HS_REP,luke.henderson@glenbervieschoo.school.nz,027-956-8353,2022-03-23,True
1903,1013,David,Te Huia,PRINCIPAL,david.te huia@herekinoschool.school.nz,026-903-1570,2021-11-19,True
1904,1013,Sophie,Morgan,SITE_MANAGER,sophie.morgan@herekinoschool.school.nz,023-514-8360,2020-03-29,True
1905,1013,Sophie,Crawford,HS_REP,sophie.crawford@herekinoschool.school.nz,022-164-9859,2020-09-14,True
1906,1013,Brooke,Scott,CARETAKER,brooke.scott@herekinoschool.school.nz,021-364-4380,2021-07-30,True
1907,1014,Olivia,Turner,PRINCIPAL,olivia.turner@hikurangischool.school.nz,024-653-3122,2021-07-25,True
1908,1014,Jessica,Scott,SITE_MANAGER,jessica.scott@hikurangischool.school.nz,022-136-8047,2021-12-13,True
1909,1014,Wiremu,White,HS_REP,wiremu.white@hikurangischool.school.nz,023-151-5731,2020-08-31,True
1910,1015,Josh,Campbell,PRINCIPAL,josh.campbell@horahoraschool(.school.nz,028-803-4570,2022-02-21,True
1911,1015,Michael,Campbell,SITE_MANAGER,michael.campbell@horahoraschool(.school.nz,027-555-8221,2022-06-07,True
1912,1015,Tracey,Henderson,HS_REP,tracey.henderson@horahoraschool(.school.nz,022-808-6440,2020-05-25,True
1913,1015,Nicola,Russell,CARETAKER,nicola.russell@horahoraschool(.school.nz,021-254-3540,2021-12-09,True
1914,1016,Michael,Taylor,PRINCIPAL,michael.taylor@horekeschool.school.nz,025-254-9707,2021-06-05,True
1915,1016,Kaia,Anderson,SITE_MANAGER,kaia.anderson@horekeschool.school.nz,027-918-1797,2021-12-12,True
1916,1016,Ruby,Parker,HS_REP,ruby.parker@horekeschool.school.nz,026-159-2783,2021-07-18,True
1917,1017,Luke,Campbell,PRINCIPAL,luke.campbell@hukerenuischool.school.nz,021-757-7553,2020-03-30,True
1918,1017,Olivia,Smith,SITE_MANAGER,olivia.smith@hukerenuischool.school.nz,027-721-6248,2020-05-12,True
1919,1017,Michael,Henare,HS_REP,michael.henare@hukerenuischool.school.nz,028-759-4031,2021-12-24,True
1920,1018,Sarah,Roberts,PRINCIPAL,sarah.roberts@hurupakischool.school.nz,022-884-8816,2022-09-01,True
1921,1018,Sarah,Gallagher,SITE_MANAGER,sarah.gallagher@hurupakischool.school.nz,028-176-4072,2022-06-22,True
1922,1018,Zara,Wong,HS_REP,zara.wong@hurupakischool.school.nz,027-494-9418,2022-01-05,True
1923,1018,Freya,Murray,CARETAKER,freya.murray@hurupakischool.school.nz,027-976-3811,2021-01-17,True
1924,1019,Ben,Turner,PRINCIPAL,ben.turner@kaeoschool.school.nz,021-312-6406,2021-11-30,True
1925,1019,Matiu,Brown,SITE_MANAGER,matiu.brown@kaeoschool.school.nz,025-195-1943,2021-02-26,True
1926,1019,Charlotte,White,HS_REP,charlotte.white@kaeoschool.school.nz,026-176-1447,2022-08-17,True
1927,1020,Craig,Gray,PRINCIPAL,craig.gray@kaihuvalleyscho.school.nz,023-338-8082,2020-10-31,True
1928,1020,Kylie,Kumar,SITE_MANAGER,kylie.kumar@kaihuvalleyscho.school.nz,028-582-6254,2020-08-19,True
1929,1020,Ihaia,Green,HS_REP,ihaia.green@kaihuvalleyscho.school.nz,027-805-1221,2020-06-09,True
1930,1021,Kaia,Clarke,PRINCIPAL,kaia.clarke@kaikoheeastscho.school.nz,022-725-8850,2022-01-24,True
1931,1021,David,Thompson,SITE_MANAGER,david.thompson@kaikoheeastscho.school.nz,022-196-8859,2021-10-29,True
1932,1021,David,Brown,HS_REP,david.brown@kaikoheeastscho.school.nz,027-620-1186,2021-06-18,True
1933,1022,Max,Young,PRINCIPAL,max.young@kaikoheintermed.school.nz,023-360-4815,2021-08-06,True
1934,1022,Sophie,Lee,SITE_MANAGER,sophie.lee@kaikoheintermed.school.nz,025-299-5452,2021-04-17,True
1935,1022,Freya,Morgan,HS_REP,freya.morgan@kaikoheintermed.school.nz,022-256-5490,2021-05-28,True
1936,1023,Olivia,Palmer,PRINCIPAL,olivia.palmer@kaikohewestscho.school.nz,022-761-7918,2021-06-07,True
1937,1023,Amber,Singh,SITE_MANAGER,amber.singh@kaikohewestscho.school.nz,026-821-5413,2022-05-11,True
1938,1023,James,Murray,HS_REP,james.murray@kaikohewestscho.school.nz,028-285-2717,2020-04-22,True
1939,1023,Tracey,Taukiri,CARETAKER,tracey.taukiri@kaikohewestscho.school.nz,027-533-5105,2022-05-25,True
1940,1024,Andrew,Baker,PRINCIPAL,andrew.baker@kaingaroaschool.school.nz,028-298-1160,2020-02-13,True
1941,1024,Mark,Fraser,SITE_MANAGER,mark.fraser@kaingaroaschool.school.nz,023-142-9455,2022-04-07,True
1942,1024,Jack,Roberts,HS_REP,jack.roberts@kaingaroaschool.school.nz,028-950-4698,2022-07-03,True
1943,1025,Mason,Lee,PRINCIPAL,mason.lee@kaitaiaintermed.school.nz,028-214-6254,2021-06-02,True
1944,1025,Grant,Russell,SITE_MANAGER,grant.russell@kaitaiaintermed.school.nz,028-868-9866,2022-07-16,True
1945,1025,Josh,Chen,HS_REP,josh.chen@kaitaiaintermed.school.nz,024-500-9789,2021-09-26,True
1946,1026,Holly,Thompson,PRINCIPAL,holly.thompson@kaitaiaschool.school.nz,028-963-3423,2020-12-23,True
1947,1026,Mere,Russell,SITE_MANAGER,mere.russell@kaitaiaschool.school.nz,021-216-6737,2022-05-23,True
1948,1026,Moana,Crawford,HS_REP,moana.crawford@kaitaiaschool.school.nz,026-174-7655,2021-02-03,True
1949,1026,Sarah,Murray,CARETAKER,sarah.murray@kaitaiaschool.school.nz,025-426-3556,2022-07-27,True
1950,1027,Nathan,Green,PRINCIPAL,nathan.green@kaiwakaschool.school.nz,025-792-3751,2021-06-17,True
1951,1027,Lisa,Russell,SITE_MANAGER,lisa.russell@kaiwakaschool.school.nz,025-799-8286,2020-06-01,True
1952,1027,Josh,Gray,HS_REP,josh.gray@kaiwakaschool.school.nz,023-827-5253,2020-05-30,True
1953,1028,Luke,Burns,PRINCIPAL,luke.burns@totaragrovescho.school.nz,021-807-9750,2021-05-05,True
1954,1028,Paula,Tamati,SITE_MANAGER,paula.tamati@totaragrovescho.school.nz,027-564-1481,2022-03-25,True
1955,1028,Anika,Robinson,HS_REP,anika.robinson@totaragrovescho.school.nz,028-946-4323,2022-06-03,True
1956,1028,Grant,Hamilton,CARETAKER,grant.hamilton@totaragrovescho.school.nz,027-535-7663,2020-05-07,True
1957,1029,Nikau,Williams,PRINCIPAL,nikau.williams@tekamointermedi.school.nz,024-719-8972,2020-08-19,True
1958,1029,Max,Brown,SITE_MANAGER,max.brown@tekamointermedi.school.nz,027-133-9508,2020-11-11,True
1959,1029,Daniel,Jones,HS_REP,daniel.jones@tekamointermedi.school.nz,028-431-7065,2020-12-17,True
1960,1030,Sarah,Hamilton,PRINCIPAL,sarah.hamilton@tekamoschool.school.nz,023-612-7752,2021-08-24,True
1961,1030,Josh,Williams,SITE_MANAGER,josh.williams@tekamoschool.school.nz,024-824-1144,2022-08-14,True
1962,1030,Mason,Green,HS_REP,mason.green@tekamoschool.school.nz,028-326-4543,2021-10-31,True
1963,1030,Ihaia,Burns,CARETAKER,ihaia.burns@tekamoschool.school.nz,023-158-8380,2020-08-13,True
1964,1031,Kauri,Henare,PRINCIPAL,kauri.henare@karetuschool.school.nz,026-235-6033,2020-04-30,True
1965,1031,Georgia,Singh,SITE_MANAGER,georgia.singh@karetuschool.school.nz,023-895-8430,2020-01-24,True
1966,1031,Rawiri,Harawira,HS_REP,rawiri.harawira@karetuschool.school.nz,022-365-7334,2021-01-03,True
1967,1032,Tia,Kumar,PRINCIPAL,tia.kumar@kaurihohorescho.school.nz,024-244-7344,2021-02-28,True
1968,1032,Joanne,Young,SITE_MANAGER,joanne.young@kaurihohorescho.school.nz,026-410-4637,2021-03-17,True
1969,1032,Chris,Mitchell,HS_REP,chris.mitchell@kaurihohorescho.school.nz,022-679-8550,2021-10-02,True
1970,1033,Kylie,Baker,PRINCIPAL,kylie.baker@kawakawaprimary.school.nz,022-426-8668,2020-04-19,True
1971,1033,Scott,Rewi,SITE_MANAGER,scott.rewi@kawakawaprimary.school.nz,025-134-1100,2022-07-25,True
1972,1033,David,Hall,HS_REP,david.hall@kawakawaprimary.school.nz,022-715-7091,2022-09-01,True
1973,1034,Scott,Palmer,PRINCIPAL,scott.palmer@kerikeriprimary.school.nz,024-265-4047,2020-01-28,True
1974,1034,Emma,Henare,SITE_MANAGER,emma.henare@kerikeriprimary.school.nz,027-670-2370,2021-02-08,True
1975,1034,Aria,Stewart,HS_REP,aria.stewart@kerikeriprimary.school.nz,027-897-6380,2021-06-16,True
1976,1034,Emma,Collins,CARETAKER,emma.collins@kerikeriprimary.school.nz,023-504-3183,2020-07-12,True
1977,1035,Amber,Burns,PRINCIPAL,amber.burns@kohukohuschool.school.nz,024-448-9882,2022-03-14,True
1978,1035,Nathan,Henderson,SITE_MANAGER,nathan.henderson@kohukohuschool.school.nz,024-102-2251,2022-06-30,True
1979,1035,Freya,Russell,HS_REP,freya.russell@kohukohuschool.school.nz,027-653-8297,2020-10-31,True
1980,1036,Grant,Bennett,PRINCIPAL,grant.bennett@kokopuschool.school.nz,026-548-3306,2021-11-30,True
1981,1036,Ruby,Palmer,SITE_MANAGER,ruby.palmer@kokopuschool.school.nz,026-745-1769,2021-04-26,True
1982,1036,Paula,Tamati,HS_REP,paula.tamati@kokopuschool.school.nz,027-409-6059,2022-08-17,True
1983,1037,Stacey,Patel,PRINCIPAL,stacey.patel@mangamukaschool.school.nz,028-517-3485,2022-01-25,True
1984,1037,Jessica,Burns,SITE_MANAGER,jessica.burns@mangamukaschool.school.nz,028-951-7967,2020-09-23,True
1985,1037,Finn,King,HS_REP,finn.king@mangamukaschool.school.nz,024-733-5073,2021-06-29,True
1986,1038,Rawiri,Palmer,PRINCIPAL,rawiri.palmer@mangawhaibeachs.school.nz,028-891-5645,2020-08-19,True
1987,1038,Georgia,Clarke,SITE_MANAGER,georgia.clarke@mangawhaibeachs.school.nz,022-909-3306,2022-05-16,True
1988,1038,Shane,Harawira,HS_REP,shane.harawira@mangawhaibeachs.school.nz,026-762-5505,2022-09-21,True
1989,1038,Maia,Kumar,CARETAKER,maia.kumar@mangawhaibeachs.school.nz,027-299-9147,2021-09-15,True
1990,1039,Michelle,Mahuta,PRINCIPAL,michelle.mahuta@mangonuischool.school.nz,023-779-3018,2020-09-14,True
1991,1039,Grace,Fitzgerald,SITE_MANAGER,grace.fitzgerald@mangonuischool.school.nz,024-168-4416,2020-08-08,True
1992,1039,Tia,Cooper,HS_REP,tia.cooper@mangonuischool.school.nz,028-774-2119,2021-01-19,True
1993,1042,Kaia,Chen,PRINCIPAL,kaia.chen@matakoheschool.school.nz,023-298-8930,2021-03-28,True
1994,1042,Joanne,Gallagher,SITE_MANAGER,joanne.gallagher@matakoheschool.school.nz,022-387-9123,2021-08-05,True
1995,1042,Finn,Martin,HS_REP,finn.martin@matakoheschool.school.nz,028-686-6621,2022-05-03,True
1996,1043,Daniel,Turner,PRINCIPAL,daniel.turner@matarauschool.school.nz,027-388-5732,2021-02-17,True
1997,1043,Georgia,Campbell,SITE_MANAGER,georgia.campbell@matarauschool.school.nz,021-847-4365,2022-04-21,True
1998,1043,Matthew,Campbell,HS_REP,matthew.campbell@matarauschool.school.nz,027-231-6979,2022-04-17,True
1999,1044,Ruby,Smith,PRINCIPAL,ruby.smith@matauribayschoo.school.nz,023-134-5841,2022-07-03,True
2000,1044,Kylie,Nguyen,SITE_MANAGER,kylie.nguyen@matauribayschoo.school.nz,025-398-1035,2022-05-23,True
2001,1044,Nikau,Burns,HS_REP,nikau.burns@matauribayschoo.school.nz,022-355-3614,2020-06-10,True
2002,1046,Grant,Williams,PRINCIPAL,grant.williams@tekuraomātiheti.school.nz,023-399-4661,2021-08-07,True
2003,1046,Andrew,Wright,SITE_MANAGER,andrew.wright@tekuraomātiheti.school.nz,026-787-7453,2020-07-25,True
2004,1046,Rawiri,Clarke,HS_REP,rawiri.clarke@tekuraomātiheti.school.nz,025-576-7825,2020-05-29,True
2005,1047,Tracey,Chen,PRINCIPAL,tracey.chen@maungakarameasc.school.nz,026-943-9273,2022-05-04,True
2006,1047,Anika,King,SITE_MANAGER,anika.king@maungakarameasc.school.nz,027-817-3518,2020-04-15,True
2007,1047,Nicola,Hall,HS_REP,nicola.hall@maungakarameasc.school.nz,022-620-8099,2021-11-07,True
2008,1048,Liam,Singh,PRINCIPAL,liam.singh@maungataperesch.school.nz,025-515-4765,2021-05-12,True
2009,1048,Ben,Patel,SITE_MANAGER,ben.patel@maungataperesch.school.nz,026-607-4308,2020-02-08,True
2010,1048,Josh,Jones,HS_REP,josh.jones@maungataperesch.school.nz,024-907-2378,2020-05-03,True
2011,1049,Rachel,Crawford,PRINCIPAL,rachel.crawford@maungaturotosch.school.nz,026-427-6210,2020-06-29,True
2012,1049,Moana,Baker,SITE_MANAGER,moana.baker@maungaturotosch.school.nz,021-403-6987,2021-01-06,True
2013,1049,Donna,King,HS_REP,donna.king@maungaturotosch.school.nz,026-473-7917,2022-04-27,True
2014,1049,Sarah,Lee,CARETAKER,sarah.lee@maungaturotosch.school.nz,023-275-8361,2021-09-07,True
2015,1050,Emma,King,PRINCIPAL,emma.king@maunuschool.school.nz,025-302-4619,2021-08-02,True
2016,1050,Caleb,Henare,SITE_MANAGER,caleb.henare@maunuschool.school.nz,027-409-6136,2020-05-06,True
2017,1050,Sarah,Robinson,HS_REP,sarah.robinson@maunuschool.school.nz,026-372-6353,2020-12-04,True
2018,1050,Wiremu,Jones,CARETAKER,wiremu.jones@maunuschool.school.nz,028-963-7231,2021-11-11,True
2019,1052,Maia,Gallagher,PRINCIPAL,maia.gallagher@morningsidescho.school.nz,023-280-3775,2020-07-01,True
2020,1052,Sophie,Clarke,SITE_MANAGER,sophie.clarke@morningsidescho.school.nz,027-620-3435,2020-02-22,True
2021,1052,Joanne,Campbell,HS_REP,joanne.campbell@morningsidescho.school.nz,027-440-2659,2020-03-23,True
2022,1053,Daniel,Hall,PRINCIPAL,daniel.hall@motatauschool.school.nz,023-472-6904,2021-12-04,True
2023,1053,Simon,Walker,SITE_MANAGER,simon.walker@motatauschool.school.nz,022-819-9651,2020-04-06,True
2024,1053,Isla,Singh,HS_REP,isla.singh@motatauschool.school.nz,022-107-5515,2020-05-22,True
2025,1055,Wiremu,Te Huia,PRINCIPAL,wiremu.te huia@ngatakischool.school.nz,024-466-2129,2021-11-21,True
2026,1055,Emma,Te Huia,SITE_MANAGER,emma.te huia@ngatakischool.school.nz,025-161-9035,2021-10-26,True
2027,1055,Noah,Hill,HS_REP,noah.hill@ngatakischool.school.nz,028-828-9408,2021-02-12,True
2028,1056,Holly,Robinson,PRINCIPAL,holly.robinson@ngunguruschool.school.nz,024-894-9470,2022-05-17,True
2029,1056,Wiremu,Roberts,SITE_MANAGER,wiremu.roberts@ngunguruschool.school.nz,027-591-4751,2020-07-23,True
2030,1056,Chris,Harris,HS_REP,chris.harris@ngunguruschool.school.nz,022-822-9450,2020-10-14,True
2031,1058,Josh,Turner,PRINCIPAL,josh.turner@ohaeawaischool.school.nz,026-917-6253,2020-09-06,True
2032,1058,Tracey,Scott,SITE_MANAGER,tracey.scott@ohaeawaischool.school.nz,028-150-7958,2020-10-06,True
2033,1058,Josh,Fraser,HS_REP,josh.fraser@ohaeawaischool.school.nz,024-361-7752,2020-02-28,True
2034,1058,Daniel,Burns,CARETAKER,daniel.burns@ohaeawaischool.school.nz,026-368-1553,2020-08-26,True
2035,1059,Hayley,Watson,PRINCIPAL,hayley.watson@okaihauprimarys.school.nz,026-870-7231,2020-08-03,True
2036,1059,Zara,King,SITE_MANAGER,zara.king@okaihauprimarys.school.nz,024-883-4142,2020-05-26,True
2037,1059,Rachel,Burns,HS_REP,rachel.burns@okaihauprimarys.school.nz,028-599-8492,2020-07-30,True
2038,1060,Craig,Crawford,PRINCIPAL,craig.crawford@tekuraoōmanaia.school.nz,023-874-6056,2020-11-03,True
2039,1060,Jessica,Robinson,SITE_MANAGER,jessica.robinson@tekuraoōmanaia.school.nz,024-635-6051,2020-02-01,True
2040,1060,Isla,Parker,HS_REP,isla.parker@tekuraoōmanaia.school.nz,024-389-8718,2022-07-02,True
2041,1061,Sophie,Harawira,PRINCIPAL,sophie.harawira@onetreepointsch.school.nz,022-210-8281,2021-01-13,True
2042,1061,Scott,Kim,SITE_MANAGER,scott.kim@onetreepointsch.school.nz,026-897-7627,2020-08-19,True
2043,1061,Shane,Hill,HS_REP,shane.hill@onetreepointsch.school.nz,028-276-1143,2021-03-24,True
2044,1061,Ryan,Watson,CARETAKER,ryan.watson@onetreepointsch.school.nz,021-634-2082,2022-06-01,True
2045,1062,Sophie,Walker,PRINCIPAL,sophie.walker@onerahischool.school.nz,028-339-1494,2020-08-15,True
2046,1062,Reuben,Fraser,SITE_MANAGER,reuben.fraser@onerahischool.school.nz,025-239-9588,2020-12-18,True
2047,1062,Grace,Patel,HS_REP,grace.patel@onerahischool.school.nz,024-629-3898,2022-06-27,True
2048,1063,Freya,Campbell,PRINCIPAL,freya.campbell@opuaschool.school.nz,022-204-8456,2021-02-23,True
2049,1063,Ruby,Murray,SITE_MANAGER,ruby.murray@opuaschool.school.nz,027-945-5841,2020-07-01,True
2050,1063,Mere,King,HS_REP,mere.king@opuaschool.school.nz,027-298-6734,2022-02-21,True
2051,1065,Donna,Hall,PRINCIPAL,donna.hall@oromahoeschool.school.nz,022-841-6806,2021-06-15,True
2052,1065,Kaia,Walker,SITE_MANAGER,kaia.walker@oromahoeschool.school.nz,021-732-4856,2022-04-20,True
2053,1065,Ihaia,Stewart,HS_REP,ihaia.stewart@oromahoeschool.school.nz,027-529-7945,2021-09-19,True
2054,1065,Amber,Patel,CARETAKER,amber.patel@oromahoeschool.school.nz,028-403-1482,2020-06-30,True
2055,1066,Maia,Harris,PRINCIPAL,maia.harris@oruaitischool.school.nz,021-257-6931,2020-08-07,True
2056,1066,Ben,Kim,SITE_MANAGER,ben.kim@oruaitischool.school.nz,028-267-3248,2021-10-11,True
2057,1066,Mason,Gray,HS_REP,mason.gray@oruaitischool.school.nz,027-313-3947,2022-09-08,True
2058,1068,Caleb,Patel,PRINCIPAL,caleb.patel@otaikavalleysch.school.nz,027-363-9219,2021-05-20,True
2059,1068,Reuben,White,SITE_MANAGER,reuben.white@otaikavalleysch.school.nz,022-103-8057,2022-05-26,True
2060,1068,Karen,Walker,HS_REP,karen.walker@otaikavalleysch.school.nz,028-642-5284,2021-07-13,True
2061,1069,Joanne,Burns,PRINCIPAL,joanne.burns@tekuraootangare.school.nz,026-364-4358,2022-07-27,True
2062,1069,Nikau,Harawira,SITE_MANAGER,nikau.harawira@tekuraootangare.school.nz,024-508-7685,2021-06-04,True
2063,1069,Karen,Brown,HS_REP,karen.brown@tekuraootangare.school.nz,022-652-5103,2020-07-13,True
2064,1069,Anika,Young,CARETAKER,anika.young@tekuraootangare.school.nz,028-450-7353,2022-04-23,True
2065,1071,Amber,Bennett,PRINCIPAL,amber.bennett@oturuschool.school.nz,027-187-9846,2020-12-14,True
2066,1071,Zara,Thompson,SITE_MANAGER,zara.thompson@oturuschool.school.nz,028-224-2529,2022-04-29,True
2067,1071,Aria,Roberts,HS_REP,aria.roberts@oturuschool.school.nz,021-570-3558,2022-04-15,True
2068,1072,Moana,Hill,PRINCIPAL,moana.hill@paihiaschool.school.nz,021-335-3289,2021-04-22,True
2069,1072,Sophie,Hall,SITE_MANAGER,sophie.hall@paihiaschool.school.nz,022-914-7975,2020-02-17,True
2070,1072,Noah,Cooper,HS_REP,noah.cooper@paihiaschool.school.nz,027-395-7385,2021-12-15,True
2071,1073,Grace,Gray,PRINCIPAL,grace.gray@pakarakaschool.school.nz,023-804-3702,2021-08-25,True
2072,1073,Daniel,Lee,SITE_MANAGER,daniel.lee@pakarakaschool.school.nz,022-640-3261,2020-02-16,True
2073,1073,Amber,Collins,HS_REP,amber.collins@pakarakaschool.school.nz,021-320-6707,2020-04-17,True
2074,1073,Craig,Campbell,CARETAKER,craig.campbell@pakarakaschool.school.nz,026-373-1829,2020-05-13,True
2075,1074,Ihaia,Bennett,PRINCIPAL,ihaia.bennett@pakirischool.school.nz,027-468-2503,2021-04-30,True
2076,1074,Rawiri,Mitchell,SITE_MANAGER,rawiri.mitchell@pakirischool.school.nz,022-676-9202,2020-05-22,True
2077,1074,Moana,Stewart,HS_REP,moana.stewart@pakirischool.school.nz,023-172-4183,2021-10-29,True
2078,1074,David,White,CARETAKER,david.white@pakirischool.school.nz,026-780-3795,2020-04-06,True
2079,1075,Aroha,Anderson,PRINCIPAL,aroha.anderson@pakotaischool.school.nz,027-826-1591,2020-05-15,True
2080,1075,Nicola,Henare,SITE_MANAGER,nicola.henare@pakotaischool.school.nz,026-539-4352,2020-11-06,True
2081,1075,Karen,Murray,HS_REP,karen.murray@pakotaischool.school.nz,024-344-8157,2020-11-13,True
2082,1075,Donna,Roberts,CARETAKER,donna.roberts@pakotaischool.school.nz,025-819-2340,2020-04-13,True
2083,1076,Ruby,Russell,PRINCIPAL,ruby.russell@pamapuriaschool.school.nz,023-461-8299,2020-07-30,True
2084,1076,Ryan,Robinson,SITE_MANAGER,ryan.robinson@pamapuriaschool.school.nz,025-963-1450,2020-09-11,True
2085,1076,Stacey,Walker,HS_REP,stacey.walker@pamapuriaschool.school.nz,024-570-6903,2020-05-16,True
2086,1077,Daniel,Martin,PRINCIPAL,daniel.martin@paparoaschool.school.nz,028-166-4159,2021-08-09,True
2087,1077,Georgia,Kumar,SITE_MANAGER,georgia.kumar@paparoaschool.school.nz,026-782-3061,2020-05-10,True
2088,1077,Andrew,Fraser,HS_REP,andrew.fraser@paparoaschool.school.nz,021-730-7210,2020-03-18,True
2089,1077,Andrew,Mitchell,CARETAKER,andrew.mitchell@paparoaschool.school.nz,025-931-5844,2020-11-03,True
2090,1078,Liam,Tamati,PRINCIPAL,liam.tamati@paparoreschool.school.nz,022-182-1513,2022-04-05,True
2091,1078,Michael,Bennett,SITE_MANAGER,michael.bennett@paparoreschool.school.nz,027-306-6851,2022-03-12,True
2092,1078,Tia,Hill,HS_REP,tia.hill@paparoreschool.school.nz,023-156-3762,2020-05-22,True
2093,1078,Ethan,Walker,CARETAKER,ethan.walker@paparoreschool.school.nz,026-840-3148,2021-09-02,True
2094,1080,Tia,Gray,PRINCIPAL,tia.gray@paruabayschool.school.nz,024-906-3156,2021-02-17,True
2095,1080,Jack,Rewi,SITE_MANAGER,jack.rewi@paruabayschool.school.nz,024-544-7027,2022-07-11,True
2096,1080,Isla,Campbell,HS_REP,isla.campbell@paruabayschool.school.nz,024-330-6119,2021-12-05,True
2097,1080,Max,Kumar,CARETAKER,max.kumar@paruabayschool.school.nz,028-196-5055,2021-01-09,True
2098,1081,Matiu,White,PRINCIPAL,matiu.white@periaschool.school.nz,027-766-2167,2020-02-06,True
2099,1081,Amber,Jones,SITE_MANAGER,amber.jones@periaschool.school.nz,027-981-4970,2020-11-13,True
2100,1081,Moana,Taukiri,HS_REP,moana.taukiri@periaschool.school.nz,025-176-3675,2021-03-25,True
2101,1082,Jack,Wright,PRINCIPAL,jack.wright@pompalliercatho.school.nz,023-529-5812,2020-12-20,True
2102,1082,Hayley,Crawford,SITE_MANAGER,hayley.crawford@pompalliercatho.school.nz,027-461-2831,2020-02-27,True
2103,1082,Emma,Gallagher,HS_REP,emma.gallagher@pompalliercatho.school.nz,021-145-9921,2020-10-22,True
2104,1082,Craig,Stewart,CARETAKER,craig.stewart@pompalliercatho.school.nz,023-428-8834,2021-09-06,True
2105,1083,Ruby,Wright,PRINCIPAL,ruby.wright@porotischool.school.nz,024-751-7582,2020-05-31,True
2106,1083,Amber,Campbell,SITE_MANAGER,amber.campbell@porotischool.school.nz,021-766-8566,2020-05-14,True
2107,1083,Andrew,White,HS_REP,andrew.white@porotischool.school.nz,021-260-9023,2020-03-17,True
2108,1084,Karen,Gray,PRINCIPAL,karen.gray@portlandschoolt.school.nz,023-697-5805,2022-03-15,True
2109,1084,Mere,Hamilton,SITE_MANAGER,mere.hamilton@portlandschoolt.school.nz,027-293-3882,2022-04-16,True
2110,1084,Wiremu,White,HS_REP,wiremu.white@portlandschoolt.school.nz,025-230-6939,2021-08-28,True
2111,1084,Sophie,Cooper,CARETAKER,sophie.cooper@portlandschoolt.school.nz,022-814-4664,2020-05-05,True
2112,1085,Moana,Roberts,PRINCIPAL,moana.roberts@poutoschool.school.nz,026-922-6472,2022-08-23,True
2113,1085,Kaia,Singh,SITE_MANAGER,kaia.singh@poutoschool.school.nz,024-812-7548,2020-01-31,True
2114,1085,Daniel,Anderson,HS_REP,daniel.anderson@poutoschool.school.nz,025-789-6687,2021-08-31,True
2115,1085,Ruby,Walker,CARETAKER,ruby.walker@poutoschool.school.nz,027-819-8286,2021-07-15,True
2116,1086,Sarah,Fraser,PRINCIPAL,sarah.fraser@pukenuischool(k.school.nz,022-321-1076,2020-09-20,True
2117,1086,Anika,Collins,SITE_MANAGER,anika.collins@pukenuischool(k.school.nz,027-419-3796,2021-09-18,True
2118,1086,Aroha,Patel,HS_REP,aroha.patel@pukenuischool(k.school.nz,027-218-1682,2021-08-05,True
2119,1087,Ethan,Robinson,PRINCIPAL,ethan.robinson@pukepotoschool.school.nz,027-922-7119,2020-04-27,True
2120,1087,Aroha,Harawira,SITE_MANAGER,aroha.harawira@pukepotoschool.school.nz,027-151-8482,2021-10-19,True
2121,1087,Tia,Bennett,HS_REP,tia.bennett@pukepotoschool.school.nz,026-358-3473,2020-11-13,True
2122,1089,Matiu,Roberts,PRINCIPAL,matiu.roberts@puruaschool.school.nz,028-286-6599,2020-09-07,True
2123,1089,Ben,Stewart,SITE_MANAGER,ben.stewart@puruaschool.school.nz,024-157-2416,2020-11-12,True
2124,1089,Karen,Smith,HS_REP,karen.smith@puruaschool.school.nz,024-273-5846,2021-07-28,True
2125,1092,Jack,Fitzgerald,PRINCIPAL,jack.fitzgerald@raurimuavenuesc.school.nz,023-232-3575,2022-01-19,True
2126,1092,Stacey,Campbell,SITE_MANAGER,stacey.campbell@raurimuavenuesc.school.nz,025-524-2651,2020-11-27,True
2127,1092,Matiu,Nguyen,HS_REP,matiu.nguyen@raurimuavenuesc.school.nz,024-433-1594,2020-12-07,True
2128,1093,Sam,Roberts,PRINCIPAL,sam.roberts@raweneschool.school.nz,027-277-6623,2022-09-21,True
2129,1093,Brooke,White,SITE_MANAGER,brooke.white@raweneschool.school.nz,024-153-4410,2021-02-05,True
2130,1093,Lisa,Kim,HS_REP,lisa.kim@raweneschool.school.nz,027-125-6192,2022-03-17,True
2131,1093,Ruby,Parker,CARETAKER,ruby.parker@raweneschool.school.nz,025-545-4337,2021-03-23,True
2132,1094,Sarah,Russell,PRINCIPAL,sarah.russell@ruakākāschool.school.nz,022-736-1170,2022-04-27,True
2133,1094,Noah,Henderson,SITE_MANAGER,noah.henderson@ruakākāschool.school.nz,026-302-5925,2020-11-07,True
2134,1094,Rachel,Clarke,HS_REP,rachel.clarke@ruakākāschool.school.nz,023-429-9423,2021-05-05,True
2135,1095,Tane,Parker,PRINCIPAL,tane.parker@ruawaiprimarysc.school.nz,028-845-2484,2022-02-27,True
2136,1095,Aroha,Harawira,SITE_MANAGER,aroha.harawira@ruawaiprimarysc.school.nz,025-353-5105,2020-06-21,True
2137,1095,Luke,Wright,HS_REP,luke.wright@ruawaiprimarysc.school.nz,021-669-2704,2021-12-29,True
2138,1095,Olivia,Harawira,CARETAKER,olivia.harawira@ruawaiprimarysc.school.nz,026-261-1535,2021-07-29,True
2139,1096,Moana,Mitchell,PRINCIPAL,moana.mitchell@russellschool(b.school.nz,025-661-8098,2020-04-22,True
2140,1096,Hayley,Edwards,SITE_MANAGER,hayley.edwards@russellschool(b.school.nz,024-957-9477,2020-03-03,True
2141,1096,Donna,Robinson,HS_REP,donna.robinson@russellschool(b.school.nz,024-243-2926,2021-08-06,True
2142,1096,Ethan,Wright,CARETAKER,ethan.wright@russellschool(b.school.nz,025-342-4245,2020-09-23,True
2143,1097,Matthew,Hill,PRINCIPAL,matthew.hill@selwynparkschoo.school.nz,021-143-9184,2021-10-28,True
2144,1097,David,Green,SITE_MANAGER,david.green@selwynparkschoo.school.nz,026-843-1843,2021-08-04,True
2145,1097,Scott,Nguyen,HS_REP,scott.nguyen@selwynparkschoo.school.nz,027-226-9818,2021-12-10,True
2146,1097,James,Hall,CARETAKER,james.hall@selwynparkschoo.school.nz,021-372-5274,2021-06-27,True
2147,1098,Finn,King,PRINCIPAL,finn.king@stjosephscathol.school.nz,025-189-7886,2020-01-31,True
2148,1098,Ben,Collins,SITE_MANAGER,ben.collins@stjosephscathol.school.nz,024-644-6268,2021-07-22,True
2149,1098,Ethan,Singh,HS_REP,ethan.singh@stjosephscathol.school.nz,022-430-9727,2022-01-04,True
2150,1100,Moana,Taylor,PRINCIPAL,moana.taylor@tekuraohatohohe.school.nz,024-766-6565,2021-11-05,True
2151,1100,Grant,Kumar,SITE_MANAGER,grant.kumar@tekuraohatohohe.school.nz,027-141-4019,2022-03-19,True
2152,1100,Hemi,Taylor,HS_REP,hemi.taylor@tekuraohatohohe.school.nz,027-558-6933,2020-03-21,True
2153,1100,Mark,Anderson,CARETAKER,mark.anderson@tekuraohatohohe.school.nz,028-712-5334,2020-05-29,True
2154,1104,Michelle,Baker,PRINCIPAL,michelle.baker@tangiteroriasch.school.nz,026-638-9545,2021-04-04,True
2155,1104,Lisa,Fitzgerald,SITE_MANAGER,lisa.fitzgerald@tangiteroriasch.school.nz,021-338-1473,2020-10-05,True
2156,1104,Tracey,Watson,HS_REP,tracey.watson@tangiteroriasch.school.nz,023-553-3249,2021-04-18,True
2157,1104,Finn,Watson,CARETAKER,finn.watson@tangiteroriasch.school.nz,025-656-8065,2022-05-28,True
2158,1105,Chris,Roberts,PRINCIPAL,chris.roberts@tangowahinescho.school.nz,022-482-5590,2021-01-12,True
2159,1105,Brooke,Singh,SITE_MANAGER,brooke.singh@tangowahinescho.school.nz,021-224-4314,2020-08-24,True
2160,1105,Luke,Kim,HS_REP,luke.kim@tangowahinescho.school.nz,025-595-6633,2021-04-10,True
2161,1106,Ethan,Harris,PRINCIPAL,ethan.harris@taporaschool.school.nz,024-638-3897,2020-02-22,True
2162,1106,Matiu,Mitchell,SITE_MANAGER,matiu.mitchell@taporaschool.school.nz,021-492-3158,2020-04-22,True
2163,1106,Reuben,Taukiri,HS_REP,reuben.taukiri@taporaschool.school.nz,026-725-6058,2020-06-19,True
2164,1107,Maia,Johnston,PRINCIPAL,maia.johnston@tauhoaschool.school.nz,026-295-5840,2022-04-08,True
2165,1107,Sam,Henderson,SITE_MANAGER,sam.henderson@tauhoaschool.school.nz,026-920-7555,2022-06-03,True
2166,1107,Finn,Chen,HS_REP,finn.chen@tauhoaschool.school.nz,028-223-5647,2021-10-15,True
2167,1109,Anika,Stewart,PRINCIPAL,anika.stewart@tehapuaschool.school.nz,027-769-4464,2021-10-25,True
2168,1109,Karen,Martin,SITE_MANAGER,karen.martin@tehapuaschool.school.nz,022-714-2474,2020-05-07,True
2169,1109,Michelle,Young,HS_REP,michelle.young@tehapuaschool.school.nz,022-107-3999,2021-08-19,True
2170,1110,Craig,Smith,PRINCIPAL,craig.smith@tehoroschool(wh.school.nz,027-135-8270,2021-04-30,True
2171,1110,Nathan,Collins,SITE_MANAGER,nathan.collins@tehoroschool(wh.school.nz,022-160-1799,2022-09-15,True
2172,1110,Matthew,Campbell,HS_REP,matthew.campbell@tehoroschool(wh.school.nz,021-478-6639,2022-01-23,True
2173,1111,Moana,Gray,PRINCIPAL,moana.gray@tekopuruschool.school.nz,028-181-7487,2022-06-14,True
2174,1111,Freya,Wright,SITE_MANAGER,freya.wright@tekopuruschool.school.nz,024-351-8697,2021-06-26,True
2175,1111,Olivia,Bennett,HS_REP,olivia.bennett@tekopuruschool.school.nz,024-808-6161,2020-07-23,True
2176,1112,Brooke,Clarke,PRINCIPAL,brooke.clarke@tetakarangi.school.nz,027-202-8202,2021-06-26,True
2177,1112,Matiu,Taukiri,SITE_MANAGER,matiu.taukiri@tetakarangi.school.nz,026-350-4462,2022-09-25,True
2178,1112,Matiu,Kumar,HS_REP,matiu.kumar@tetakarangi.school.nz,022-293-9725,2020-12-01,True
2179,1113,Donna,Fraser,PRINCIPAL,donna.fraser@tikipungaprimar.school.nz,027-113-9016,2022-07-06,True
2180,1113,Hemi,Te Huia,SITE_MANAGER,hemi.te huia@tikipungaprimar.school.nz,026-950-4091,2022-08-10,True
2181,1113,Wiremu,Murray,HS_REP,wiremu.murray@tikipungaprimar.school.nz,026-592-6705,2020-10-25,True
2182,1114,Paula,Wright,PRINCIPAL,paula.wright@tinopaischool.school.nz,025-268-3076,2020-01-18,True
2183,1114,Ruby,Anderson,SITE_MANAGER,ruby.anderson@tinopaischool.school.nz,027-817-8423,2021-08-08,True
2184,1114,Olivia,Roberts,HS_REP,olivia.roberts@tinopaischool.school.nz,024-136-6046,2022-03-15,True
2185,1114,Finn,Gallagher,CARETAKER,finn.gallagher@tinopaischool.school.nz,028-210-3990,2021-09-24,True
2186,1115,Liam,Nguyen,PRINCIPAL,liam.nguyen@tomarataschool.school.nz,021-185-6781,2021-08-27,True
2187,1115,Josh,Robinson,SITE_MANAGER,josh.robinson@tomarataschool.school.nz,027-225-8303,2020-08-13,True
2188,1115,Nathan,Martin,HS_REP,nathan.martin@tomarataschool.school.nz,028-447-6140,2021-10-22,True
2189,1115,Olivia,Taylor,CARETAKER,olivia.taylor@tomarataschool.school.nz,024-239-2169,2022-09-16,True
2190,1116,Olivia,Wong,PRINCIPAL,olivia.wong@totaranorthscho.school.nz,021-233-3121,2020-03-02,True
2191,1116,Ethan,Turner,SITE_MANAGER,ethan.turner@totaranorthscho.school.nz,026-189-6709,2021-12-21,True
2192,1116,Noah,Clarke,HS_REP,noah.clarke@totaranorthscho.school.nz,025-899-8154,2020-09-14,True
2193,1116,Amber,Campbell,CARETAKER,amber.campbell@totaranorthscho.school.nz,021-918-8175,2022-04-23,True
2194,1119,Kaia,Wilson,PRINCIPAL,kaia.wilson@umaweraschool.school.nz,027-674-7946,2021-09-12,True
2195,1119,Joanne,Brown,SITE_MANAGER,joanne.brown@umaweraschool.school.nz,026-149-3531,2020-11-05,True
2196,1119,Noah,Hill,HS_REP,noah.hill@umaweraschool.school.nz,022-582-4231,2021-09-02,True
2197,1119,Matthew,Turner,CARETAKER,matthew.turner@umaweraschool.school.nz,023-576-8430,2020-05-08,True
2198,1120,Tia,Fitzgerald,PRINCIPAL,tia.fitzgerald@tekuraowaihārar.school.nz,026-259-8916,2020-09-30,True
2199,1120,Stacey,Stewart,SITE_MANAGER,stacey.stewart@tekuraowaihārar.school.nz,021-869-9938,2021-11-05,True
2200,1120,Josh,Mitchell,HS_REP,josh.mitchell@tekuraowaihārar.school.nz,027-807-5267,2020-11-01,True
2201,1120,Grant,Martin,CARETAKER,grant.martin@tekuraowaihārar.school.nz,028-957-4384,2022-09-03,True
2202,1122,Jessica,Fitzgerald,PRINCIPAL,jessica.fitzgerald@waimaschool.school.nz,026-450-4525,2020-04-22,True
2203,1122,Andrew,Lee,SITE_MANAGER,andrew.lee@waimaschool.school.nz,023-270-9638,2021-05-18,True
2204,1122,Andrew,Johnston,HS_REP,andrew.johnston@waimaschool.school.nz,028-251-3637,2022-08-24,True
2205,1124,Luke,Tamati,PRINCIPAL,luke.tamati@waiotiraschool.school.nz,026-291-5465,2021-12-31,True
2206,1124,Simon,Campbell,SITE_MANAGER,simon.campbell@waiotiraschool.school.nz,028-847-1430,2021-10-01,True
2207,1124,Shane,Kumar,HS_REP,shane.kumar@waiotiraschool.school.nz,021-223-1149,2022-01-31,True
2208,1125,Tane,Martin,PRINCIPAL,tane.martin@waipuschool.school.nz,021-844-9676,2021-07-05,True
2209,1125,Reuben,Nguyen,SITE_MANAGER,reuben.nguyen@waipuschool.school.nz,021-125-8888,2020-12-03,True
2210,1125,Hemi,White,HS_REP,hemi.white@waipuschool.school.nz,025-534-6146,2020-06-15,True
2211,1126,Georgia,Walker,PRINCIPAL,georgia.walker@wellsfordschool.school.nz,026-766-7790,2021-06-19,True
2212,1126,Hayley,Clarke,SITE_MANAGER,hayley.clarke@wellsfordschool.school.nz,021-675-5406,2020-05-05,True
2213,1126,Mason,Hamilton,HS_REP,mason.hamilton@wellsfordschool.school.nz,025-555-4678,2021-12-16,True
2214,1126,Charlotte,Brown,CARETAKER,charlotte.brown@wellsfordschool.school.nz,021-107-9254,2022-07-12,True
2215,1127,Maia,Stewart,PRINCIPAL,maia.stewart@whananakischool.school.nz,025-422-7088,2021-05-13,True
2216,1127,Georgia,Palmer,SITE_MANAGER,georgia.palmer@whananakischool.school.nz,025-127-8114,2021-09-16,True
2217,1127,Anika,Crawford,HS_REP,anika.crawford@whananakischool.school.nz,021-238-6965,2021-03-21,True
2218,1128,Ihaia,Parker,PRINCIPAL,ihaia.parker@whangareiheadss.school.nz,028-454-9688,2021-03-28,True
2219,1128,Sam,Morgan,SITE_MANAGER,sam.morgan@whangareiheadss.school.nz,024-727-4133,2020-02-17,True
2220,1128,Craig,Walker,HS_REP,craig.walker@whangareiheadss.school.nz,025-520-6390,2021-01-07,True
2221,1129,Joanne,King,PRINCIPAL,joanne.king@whangareiinterm.school.nz,022-968-6064,2020-01-03,True
2222,1129,Tane,Williams,SITE_MANAGER,tane.williams@whangareiinterm.school.nz,022-631-6086,2020-01-27,True
2223,1129,Josh,Kim,HS_REP,josh.kim@whangareiinterm.school.nz,023-922-4023,2020-04-17,True
2224,1129,Emma,Nguyen,CARETAKER,emma.nguyen@whangareiinterm.school.nz,025-997-1842,2022-08-08,True
2225,1130,Freya,Harawira,PRINCIPAL,freya.harawira@whangareischool.school.nz,028-704-9572,2021-02-27,True
2226,1130,Caleb,Walker,SITE_MANAGER,caleb.walker@whangareischool.school.nz,027-963-4573,2020-04-22,True
2227,1130,Finn,Singh,HS_REP,finn.singh@whangareischool.school.nz,026-599-8960,2022-02-23,True
2228,1131,Isla,Scott,PRINCIPAL,isla.scott@whauvalleyschoo.school.nz,025-696-2914,2020-12-03,True
2229,1131,David,Green,SITE_MANAGER,david.green@whauvalleyschoo.school.nz,022-161-9886,2022-07-02,True
2230,1131,Hayley,Tamati,HS_REP,hayley.tamati@whauvalleyschoo.school.nz,025-975-8378,2022-04-20,True
2231,1138,Isla,Chen,PRINCIPAL,isla.chen@renewschool.school.nz,021-286-6436,2021-07-03,True
2232,1138,Lisa,Anderson,SITE_MANAGER,lisa.anderson@renewschool.school.nz,026-441-3591,2022-08-19,True
2233,1138,Emma,Taukiri,HS_REP,emma.taukiri@renewschool.school.nz,026-652-1364,2020-03-23,True
2234,1138,James,Young,CARETAKER,james.young@renewschool.school.nz,028-419-2389,2022-06-01,True
2235,1139,Craig,Wong,PRINCIPAL,craig.wong@laketaupochrist.school.nz,021-114-2845,2022-04-14,True
2236,1139,Josh,Tamati,SITE_MANAGER,josh.tamati@laketaupochrist.school.nz,025-588-6732,2020-12-27,True
2237,1139,Freya,Clarke,HS_REP,freya.clarke@laketaupochrist.school.nz,026-107-5427,2021-08-03,True
2238,1139,Ryan,Murray,CARETAKER,ryan.murray@laketaupochrist.school.nz,021-757-4222,2021-12-09,True
2239,1142,Kauri,Clarke,PRINCIPAL,kauri.clarke@tkkmotakapau.school.nz,026-858-6876,2022-03-05,True
2240,1142,Luke,Singh,SITE_MANAGER,luke.singh@tkkmotakapau.school.nz,028-760-3826,2021-05-28,True
2241,1142,Nicola,Roberts,HS_REP,nicola.roberts@tkkmotakapau.school.nz,024-544-1268,2020-12-21,True
2242,1143,Donna,Jones,PRINCIPAL,donna.jones@tkkmongamokopun.school.nz,021-281-6871,2020-03-12,True
2243,1143,Grace,Green,SITE_MANAGER,grace.green@tkkmongamokopun.school.nz,026-604-1472,2020-03-23,True
2244,1143,Hemi,Mahuta,HS_REP,hemi.mahuta@tkkmongamokopun.school.nz,022-588-2084,2020-01-14,True
2245,1147,Aria,Clarke,PRINCIPAL,aria.clarke@terangianiwaniw.school.nz,023-778-7203,2021-10-22,True
2246,1147,Josh,Cooper,SITE_MANAGER,josh.cooper@terangianiwaniw.school.nz,028-556-8959,2022-07-05,True
2247,1147,Maia,Kumar,HS_REP,maia.kumar@terangianiwaniw.school.nz,028-461-7175,2022-07-26,True
2248,1147,Ben,Rewi,CARETAKER,ben.rewi@terangianiwaniw.school.nz,027-439-6102,2021-01-21,True
2249,1148,Craig,Williams,PRINCIPAL,craig.williams@nelsonchristian.school.nz,023-903-8300,2020-05-21,True
2250,1148,Michelle,Gray,SITE_MANAGER,michelle.gray@nelsonchristian.school.nz,023-203-4241,2020-05-06,True
2251,1148,Craig,Chen,HS_REP,craig.chen@nelsonchristian.school.nz,024-548-3522,2021-12-31,True
2252,1149,Michael,Henare,PRINCIPAL,michael.henare@sonrisechristia.school.nz,025-901-8967,2020-04-07,True
2253,1149,Ryan,King,SITE_MANAGER,ryan.king@sonrisechristia.school.nz,023-973-3126,2021-04-13,True
2254,1149,Isla,Campbell,HS_REP,isla.campbell@sonrisechristia.school.nz,027-870-7463,2020-07-17,True
2255,1149,Hemi,Hamilton,CARETAKER,hemi.hamilton@sonrisechristia.school.nz,025-906-3835,2020-09-19,True
2256,1151,Matiu,Taylor,PRINCIPAL,matiu.taylor@tkkmotepuahaowa.school.nz,023-493-1941,2020-02-19,True
2257,1151,Amber,Burns,SITE_MANAGER,amber.burns@tkkmotepuahaowa.school.nz,022-896-8675,2021-10-05,True
2258,1151,Ruby,Fraser,HS_REP,ruby.fraser@tkkmotepuahaowa.school.nz,022-343-1484,2021-03-13,True
2259,1153,Max,Morgan,PRINCIPAL,max.morgan@tkkmotekoutu.school.nz,022-919-3920,2022-05-01,True
2260,1153,Georgia,Henare,SITE_MANAGER,georgia.henare@tkkmotekoutu.school.nz,023-154-4589,2022-08-05,True
2261,1153,Grant,Clarke,HS_REP,grant.clarke@tkkmotekoutu.school.nz,027-495-9004,2022-09-25,True
2262,1153,Emma,Gray,CARETAKER,emma.gray@tkkmotekoutu.school.nz,025-318-8948,2021-08-25,True
2263,1154,Ruby,White,PRINCIPAL,ruby.white@tkkmoterawhitir.school.nz,027-785-2033,2022-05-09,True
2264,1154,Chris,Henare,SITE_MANAGER,chris.henare@tkkmoterawhitir.school.nz,023-977-1652,2021-05-20,True
2265,1154,Mason,Burns,HS_REP,mason.burns@tkkmoterawhitir.school.nz,022-795-4865,2021-01-02,True
2266,1156,Michelle,Roberts,PRINCIPAL,michelle.roberts@horizonschool.school.nz,026-450-2689,2021-08-24,True
2267,1156,Ihaia,Stewart,SITE_MANAGER,ihaia.stewart@horizonschool.school.nz,024-813-1586,2020-04-18,True
2268,1156,Karen,Hall,HS_REP,karen.hall@horizonschool.school.nz,023-747-8697,2021-09-25,True
2269,1156,Donna,Young,CARETAKER,donna.young@horizonschool.school.nz,024-124-8123,2022-07-22,True
2270,1164,Shane,Turner,PRINCIPAL,shane.turner@evergladeschool.school.nz,025-836-8990,2022-06-21,True
2271,1164,Grace,Te Huia,SITE_MANAGER,grace.te huia@evergladeschool.school.nz,026-345-9834,2021-08-21,True
2272,1164,Max,Johnston,HS_REP,max.johnston@evergladeschool.school.nz,028-965-1165,2022-08-11,True
2273,1165,Ethan,Taukiri,PRINCIPAL,ethan.taukiri@tkkmoruamata.school.nz,026-267-2748,2020-07-02,True
2274,1165,Max,King,SITE_MANAGER,max.king@tkkmoruamata.school.nz,028-396-3987,2021-11-26,True
2275,1165,Chris,Campbell,HS_REP,chris.campbell@tkkmoruamata.school.nz,028-654-4451,2020-08-09,True
2276,1165,Rachel,Kumar,CARETAKER,rachel.kumar@tkkmoruamata.school.nz,021-701-2047,2020-07-11,True
2277,1167,Ben,Edwards,PRINCIPAL,ben.edwards@wanakaprimarysc.school.nz,026-538-1249,2021-05-03,True
2278,1167,Sophie,Harawira,SITE_MANAGER,sophie.harawira@wanakaprimarysc.school.nz,022-375-4406,2020-04-13,True
2279,1167,Ryan,Johnston,HS_REP,ryan.johnston@wanakaprimarysc.school.nz,024-629-2737,2021-06-07,True
2280,1168,Joanne,Mitchell,PRINCIPAL,joanne.mitchell@emmanuelchristi.school.nz,021-292-4489,2020-04-24,True
2281,1168,Olivia,Anderson,SITE_MANAGER,olivia.anderson@emmanuelchristi.school.nz,026-968-2843,2022-03-09,True
2282,1168,Shane,Thompson,HS_REP,shane.thompson@emmanuelchristi.school.nz,028-548-6217,2021-12-27,True
2283,1169,Lisa,Edwards,PRINCIPAL,lisa.edwards@paeroachristian.school.nz,022-587-3372,2021-05-12,True
2284,1169,Reuben,Campbell,SITE_MANAGER,reuben.campbell@paeroachristian.school.nz,021-857-4649,2022-03-16,True
2285,1169,Maia,Burns,HS_REP,maia.burns@paeroachristian.school.nz,026-143-5439,2020-12-23,True
2286,1170,Kauri,Collins,PRINCIPAL,kauri.collins@whakatanesdasch.school.nz,025-700-4358,2022-02-08,True
2287,1170,Ruby,Chen,SITE_MANAGER,ruby.chen@whakatanesdasch.school.nz,024-949-7672,2022-02-26,True
2288,1170,Luke,Watson,HS_REP,luke.watson@whakatanesdasch.school.nz,028-642-1223,2022-03-15,True
2289,1172,Ryan,Anderson,PRINCIPAL,ryan.anderson@cornerstonechri.school.nz,021-110-1903,2021-06-16,True
2290,1172,Olivia,Mahuta,SITE_MANAGER,olivia.mahuta@cornerstonechri.school.nz,028-209-5594,2021-11-17,True
2291,1172,Jessica,Burns,HS_REP,jessica.burns@cornerstonechri.school.nz,027-482-6751,2021-06-03,True
2292,1175,Sam,Green,PRINCIPAL,sam.green@kaikohechristia.school.nz,027-777-8267,2021-11-30,True
2293,1175,Jessica,Smith,SITE_MANAGER,jessica.smith@kaikohechristia.school.nz,027-534-8014,2022-09-18,True
2294,1175,Maia,Fraser,HS_REP,maia.fraser@kaikohechristia.school.nz,021-343-4877,2021-05-30,True
2295,1177,Josh,Morgan,PRINCIPAL,josh.morgan@tehuruhischool.school.nz,026-996-1772,2020-11-07,True
2296,1177,Chris,Parker,SITE_MANAGER,chris.parker@tehuruhischool.school.nz,022-260-6526,2020-08-31,True
2297,1177,Mark,Clarke,HS_REP,mark.clarke@tehuruhischool.school.nz,021-997-9996,2020-05-13,True
2298,1178,Jessica,Hall,PRINCIPAL,jessica.hall@tasmanbaychrist.school.nz,022-888-3940,2021-08-20,True
2299,1178,Wiremu,Cooper,SITE_MANAGER,wiremu.cooper@tasmanbaychrist.school.nz,024-285-4496,2020-10-04,True
2300,1178,Ryan,Gallagher,HS_REP,ryan.gallagher@tasmanbaychrist.school.nz,023-156-6242,2020-08-17,True
2301,1178,Rachel,Lee,CARETAKER,rachel.lee@tasmanbaychrist.school.nz,028-393-9623,2020-03-03,True
2302,1179,Kauri,Watson,PRINCIPAL,kauri.watson@maranathachrist.school.nz,027-861-2368,2021-01-21,True
2303,1179,Rachel,Edwards,SITE_MANAGER,rachel.edwards@maranathachrist.school.nz,022-244-9817,2020-08-04,True
2304,1179,Karen,Walker,HS_REP,karen.walker@maranathachrist.school.nz,021-238-8855,2022-07-12,True
2305,1184,Sophie,Fraser,PRINCIPAL,sophie.fraser@hāwerachristian.school.nz,028-555-8672,2022-04-24,True
2306,1184,Michelle,Gallagher,SITE_MANAGER,michelle.gallagher@hāwerachristian.school.nz,027-497-1960,2021-04-17,True
2307,1184,Ihaia,Nguyen,HS_REP,ihaia.nguyen@hāwerachristian.school.nz,025-644-6978,2020-06-25,True
2308,1185,Caleb,Williams,PRINCIPAL,caleb.williams@matahuischool.school.nz,027-764-5031,2022-08-23,True
2309,1185,Paula,Anderson,SITE_MANAGER,paula.anderson@matahuischool.school.nz,024-181-2181,2020-07-31,True
2310,1185,Stacey,Taukiri,HS_REP,stacey.taukiri@matahuischool.school.nz,021-430-8515,2022-07-02,True
2311,1186,James,Scott,PRINCIPAL,james.scott@matamatachristi.school.nz,027-500-7058,2021-05-11,True
2312,1186,Luke,Morgan,SITE_MANAGER,luke.morgan@matamatachristi.school.nz,022-629-9612,2020-07-04,True
2313,1186,Karen,Cooper,HS_REP,karen.cooper@matamatachristi.school.nz,023-820-1013,2020-09-29,True
2314,1187,Craig,Martin,PRINCIPAL,craig.martin@taurangawaldorf.school.nz,024-547-3231,2021-06-02,True
2315,1187,Simon,Wright,SITE_MANAGER,simon.wright@taurangawaldorf.school.nz,024-780-8265,2022-06-29,True
2316,1187,Maia,Edwards,HS_REP,maia.edwards@taurangawaldorf.school.nz,026-614-4256,2020-03-03,True
2317,1189,Lisa,Clarke,PRINCIPAL,lisa.clarke@wāoramontessori.school.nz,026-187-1930,2021-09-26,True
2318,1189,Hayley,Wong,SITE_MANAGER,hayley.wong@wāoramontessori.school.nz,028-875-8449,2020-03-05,True
2319,1189,Shane,Nguyen,HS_REP,shane.nguyen@wāoramontessori.school.nz,024-231-3666,2022-08-03,True
2320,1189,Noah,Scott,CARETAKER,noah.scott@wāoramontessori.school.nz,026-522-1007,2020-04-04,True
2321,1190,Donna,White,PRINCIPAL,donna.white@elimchristianco.school.nz,027-809-2000,2021-05-23,True
2322,1190,Caleb,Taylor,SITE_MANAGER,caleb.taylor@elimchristianco.school.nz,025-120-2494,2021-07-16,True
2323,1190,Mere,Thompson,HS_REP,mere.thompson@elimchristianco.school.nz,027-681-8139,2021-12-27,True
2324,1190,Tracey,Thompson,CARETAKER,tracey.thompson@elimchristianco.school.nz,024-722-7823,2020-08-28,True
2325,1192,Karen,Johnston,PRINCIPAL,karen.johnston@dunedinrudolfst.school.nz,028-140-9980,2021-04-14,True
2326,1192,Daniel,Wright,SITE_MANAGER,daniel.wright@dunedinrudolfst.school.nz,027-641-9900,2020-12-30,True
2327,1192,Moana,Singh,HS_REP,moana.singh@dunedinrudolfst.school.nz,025-900-9509,2022-05-27,True
2328,1194,James,Palmer,PRINCIPAL,james.palmer@redbeachschool.school.nz,025-223-5552,2021-05-12,True
2329,1194,Chris,Hall,SITE_MANAGER,chris.hall@redbeachschool.school.nz,023-633-7235,2021-12-15,True
2330,1194,Max,Rewi,HS_REP,max.rewi@redbeachschool.school.nz,021-797-9525,2020-07-10,True
2331,1195,Caleb,Stewart,PRINCIPAL,caleb.stewart@adventureschool.school.nz,021-508-9201,2020-03-02,True
2332,1195,David,White,SITE_MANAGER,david.white@adventureschool.school.nz,025-801-2470,2021-12-05,True
2333,1195,Anika,Jones,HS_REP,anika.jones@adventureschool.school.nz,022-839-4122,2022-03-14,True
2334,1195,Amelia,Collins,CARETAKER,amelia.collins@adventureschool.school.nz,021-446-4630,2020-04-03,True
2335,1200,Sarah,Gallagher,PRINCIPAL,sarah.gallagher@ahuroaschool.school.nz,021-474-9039,2021-02-05,True
2336,1200,Sarah,Mahuta,SITE_MANAGER,sarah.mahuta@ahuroaschool.school.nz,025-212-1418,2022-09-02,True
2337,1200,Tane,King,HS_REP,tane.king@ahuroaschool.school.nz,021-722-1468,2022-07-03,True
2338,1201,Ruby,Singh,PRINCIPAL,ruby.singh@akaakaschool.school.nz,022-555-3402,2022-07-06,True
2339,1201,Grace,Edwards,SITE_MANAGER,grace.edwards@akaakaschool.school.nz,026-690-9959,2020-01-11,True
2340,1201,Grant,Anderson,HS_REP,grant.anderson@akaakaschool.school.nz,025-113-9512,2022-03-08,True
2341,1202,Karen,Morgan,PRINCIPAL,karen.morgan@albanyschool.school.nz,023-170-4402,2021-05-18,True
2342,1202,Emma,Walker,SITE_MANAGER,emma.walker@albanyschool.school.nz,022-770-5172,2020-02-12,True
2343,1202,Aroha,Taylor,HS_REP,aroha.taylor@albanyschool.school.nz,028-499-6240,2020-08-29,True
2344,1203,Hemi,Williams,PRINCIPAL,hemi.williams@alfristonschool.school.nz,022-776-5909,2020-08-19,True
2345,1203,Grant,Singh,SITE_MANAGER,grant.singh@alfristonschool.school.nz,025-942-8069,2022-05-22,True
2346,1203,Liam,Collins,HS_REP,liam.collins@alfristonschool.school.nz,022-761-5627,2021-01-11,True
2347,1204,Grace,Tamati,PRINCIPAL,grace.tamati@anchorageparksc.school.nz,026-863-9028,2020-06-01,True
2348,1204,David,Thompson,SITE_MANAGER,david.thompson@anchorageparksc.school.nz,021-775-4960,2021-06-01,True
2349,1204,Nathan,Kim,HS_REP,nathan.kim@anchorageparksc.school.nz,025-304-3369,2020-11-07,True
2350,1204,Rachel,Murray,CARETAKER,rachel.murray@anchorageparksc.school.nz,023-438-3968,2020-10-07,True
2351,1206,Ihaia,Bennett,PRINCIPAL,ihaia.bennett@arahoeschool.school.nz,027-669-2137,2020-11-12,True
2352,1206,Tia,Baker,SITE_MANAGER,tia.baker@arahoeschool.school.nz,021-143-8437,2020-12-01,True
2353,1206,Luke,Wong,HS_REP,luke.wong@arahoeschool.school.nz,026-860-7956,2022-02-03,True
2354,1206,Andrew,Lee,CARETAKER,andrew.lee@arahoeschool.school.nz,024-131-9771,2020-12-22,True
2355,1207,Caleb,Cooper,PRINCIPAL,caleb.cooper@ararimuschool.school.nz,024-614-8302,2021-12-23,True
2356,1207,Matthew,Fraser,SITE_MANAGER,matthew.fraser@ararimuschool.school.nz,022-290-9432,2020-03-21,True
2357,1207,Ethan,Brown,HS_REP,ethan.brown@ararimuschool.school.nz,027-686-5600,2021-01-28,True
2358,1208,Wiremu,Crawford,PRINCIPAL,wiremu.crawford@ardmoreschool.school.nz,026-564-5872,2022-05-13,True
2359,1208,Michelle,Murray,SITE_MANAGER,michelle.murray@ardmoreschool.school.nz,021-727-1504,2022-08-05,True
2360,1208,Matiu,Anderson,HS_REP,matiu.anderson@ardmoreschool.school.nz,021-391-5988,2020-03-29,True
2361,1209,Isla,Cooper,PRINCIPAL,isla.cooper@arohanuispecial.school.nz,023-973-5229,2022-02-02,True
2362,1209,Amber,Brown,SITE_MANAGER,amber.brown@arohanuispecial.school.nz,024-271-6301,2020-11-11,True
2363,1209,Rachel,Scott,HS_REP,rachel.scott@arohanuispecial.school.nz,021-332-1485,2020-03-03,True
2364,1209,Amelia,Scott,CARETAKER,amelia.scott@arohanuispecial.school.nz,023-749-2659,2020-03-23,True
2365,1210,Holly,Henderson,PRINCIPAL,holly.henderson@northernhealths.school.nz,024-177-4234,2020-11-20,True
2366,1210,Mere,Murray,SITE_MANAGER,mere.murray@northernhealths.school.nz,026-962-1545,2020-10-14,True
2367,1210,Georgia,Murray,HS_REP,georgia.murray@northernhealths.school.nz,028-826-6573,2021-11-13,True
2368,1210,Mason,Jones,CARETAKER,mason.jones@northernhealths.school.nz,024-507-6512,2021-06-23,True
2369,1211,Aria,Mahuta,PRINCIPAL,aria.mahuta@aucklandnormali.school.nz,023-611-1058,2021-05-13,True
2370,1211,Zara,Te Huia,SITE_MANAGER,zara.te huia@aucklandnormali.school.nz,023-782-2099,2021-02-18,True
2371,1211,Matiu,White,HS_REP,matiu.white@aucklandnormali.school.nz,028-893-5868,2021-04-04,True
2372,1211,Ryan,Burns,CARETAKER,ryan.burns@aucklandnormali.school.nz,021-509-3443,2022-08-02,True
2373,1212,Amber,Taylor,PRINCIPAL,amber.taylor@avondaleinterme.school.nz,022-490-8735,2020-10-20,True
2374,1212,Nathan,Taukiri,SITE_MANAGER,nathan.taukiri@avondaleinterme.school.nz,021-876-3803,2022-08-13,True
2375,1212,Ruby,Russell,HS_REP,ruby.russell@avondaleinterme.school.nz,024-941-8268,2022-08-10,True
2376,1212,Tracey,Clarke,CARETAKER,tracey.clarke@avondaleinterme.school.nz,025-521-9283,2021-03-24,True
2377,1213,Emma,Tamati,PRINCIPAL,emma.tamati@avondaleprimary.school.nz,025-818-5725,2020-10-28,True
2378,1213,Simon,Nguyen,SITE_MANAGER,simon.nguyen@avondaleprimary.school.nz,023-349-6772,2021-01-08,True
2379,1213,Ryan,Gray,HS_REP,ryan.gray@avondaleprimary.school.nz,022-776-2486,2021-01-27,True
2380,1213,Nicola,Kumar,CARETAKER,nicola.kumar@avondaleprimary.school.nz,023-780-9580,2021-06-18,True
2381,1214,Simon,Cooper,PRINCIPAL,simon.cooper@awhitudistricts.school.nz,023-370-2628,2020-10-16,True
2382,1214,Brooke,Harawira,SITE_MANAGER,brooke.harawira@awhitudistricts.school.nz,022-577-2727,2022-04-02,True
2383,1214,Michael,Gray,HS_REP,michael.gray@awhitudistricts.school.nz,023-550-5358,2021-01-22,True
2384,1214,Holly,Wilson,CARETAKER,holly.wilson@awhitudistricts.school.nz,021-398-3102,2020-05-28,True
2385,1215,Mere,Kumar,PRINCIPAL,mere.kumar@sirdouglasbader.school.nz,023-877-8167,2020-03-15,True
2386,1215,Kylie,Walker,SITE_MANAGER,kylie.walker@sirdouglasbader.school.nz,027-220-8787,2021-09-14,True
2387,1215,Ihaia,Cooper,HS_REP,ihaia.cooper@sirdouglasbader.school.nz,021-239-2924,2022-05-13,True
2388,1216,Hemi,Gray,PRINCIPAL,hemi.gray@baileyroadschoo.school.nz,026-378-4667,2022-03-26,True
2389,1216,Olivia,Edwards,SITE_MANAGER,olivia.edwards@baileyroadschoo.school.nz,024-439-2945,2022-03-01,True
2390,1216,Jessica,Te Huia,HS_REP,jessica.te huia@baileyroadschoo.school.nz,024-694-2781,2020-08-23,True
2391,1217,Anika,Watson,PRINCIPAL,anika.watson@siredmundhillar.school.nz,028-556-1046,2020-05-21,True
2392,1217,Sam,Parker,SITE_MANAGER,sam.parker@siredmundhillar.school.nz,021-263-3978,2020-05-29,True
2393,1217,Jack,Scott,HS_REP,jack.scott@siredmundhillar.school.nz,025-641-5300,2020-12-03,True
2394,1217,Georgia,Turner,CARETAKER,georgia.turner@siredmundhillar.school.nz,022-252-3684,2020-11-27,True
2395,1218,Jessica,Hamilton,PRINCIPAL,jessica.hamilton@bairdsmainfreig.school.nz,028-397-1104,2022-06-13,True
2396,1218,Brooke,Palmer,SITE_MANAGER,brooke.palmer@bairdsmainfreig.school.nz,021-259-3831,2020-10-03,True
2397,1218,Tia,Bennett,HS_REP,tia.bennett@bairdsmainfreig.school.nz,024-248-9978,2021-10-15,True
2398,1218,Maia,Kim,CARETAKER,maia.kim@bairdsmainfreig.school.nz,027-128-6169,2020-01-14,True
2399,1219,Hemi,Te Huia,PRINCIPAL,hemi.te huia@balmoralschool(.school.nz,021-621-8436,2022-03-14,True
2400,1219,Scott,Tamati,SITE_MANAGER,scott.tamati@balmoralschool(.school.nz,022-295-6482,2021-02-11,True
2401,1219,Maia,Watson,HS_REP,maia.watson@balmoralschool(.school.nz,024-706-2028,2021-09-28,True
2402,1220,Sarah,Lee,PRINCIPAL,sarah.lee@bayfieldschool.school.nz,024-182-4591,2020-05-24,True
2403,1220,Emma,Cooper,SITE_MANAGER,emma.cooper@bayfieldschool.school.nz,024-642-9017,2022-02-24,True
2404,1220,Matiu,Henare,HS_REP,matiu.henare@bayfieldschool.school.nz,024-646-4455,2020-05-15,True
2405,1220,Moana,Scott,CARETAKER,moana.scott@bayfieldschool.school.nz,024-211-9755,2022-04-18,True
2406,1221,Rawiri,Young,PRINCIPAL,rawiri.young@bayswaterschool.school.nz,028-431-7834,2021-09-21,True
2407,1221,Lisa,Fitzgerald,SITE_MANAGER,lisa.fitzgerald@bayswaterschool.school.nz,028-896-6292,2022-04-17,True
2408,1221,Liam,Cooper,HS_REP,liam.cooper@bayswaterschool.school.nz,021-524-1674,2021-12-08,True
2409,1222,Reuben,Thompson,PRINCIPAL,reuben.thompson@bayviewschool.school.nz,023-326-6290,2021-04-03,True
2410,1222,Georgia,Robinson,SITE_MANAGER,georgia.robinson@bayviewschool.school.nz,027-630-7439,2021-11-09,True
2411,1222,James,Murray,HS_REP,james.murray@bayviewschool.school.nz,025-265-2418,2021-05-21,True
2412,1223,Michelle,Rewi,PRINCIPAL,michelle.rewi@beachhavenschoo.school.nz,024-192-6115,2021-12-01,True
2413,1223,Lisa,Bennett,SITE_MANAGER,lisa.bennett@beachhavenschoo.school.nz,027-916-4029,2020-07-03,True
2414,1223,Nicola,Te Huia,HS_REP,nicola.te huia@beachhavenschoo.school.nz,022-629-9696,2022-05-30,True
2415,1224,Holly,Walker,PRINCIPAL,holly.walker@beachlandsschoo.school.nz,021-527-6490,2021-03-31,True
2416,1224,Ryan,Mitchell,SITE_MANAGER,ryan.mitchell@beachlandsschoo.school.nz,022-139-9906,2022-05-11,True
2417,1224,Chris,Jones,HS_REP,chris.jones@beachlandsschoo.school.nz,026-778-5289,2021-04-03,True
2418,1224,Isla,Hill,CARETAKER,isla.hill@beachlandsschoo.school.nz,024-323-9101,2022-05-07,True
2419,1225,Kaia,Johnston,PRINCIPAL,kaia.johnston@belmontintermed.school.nz,028-362-8169,2021-07-01,True
2420,1225,Moana,Wilson,SITE_MANAGER,moana.wilson@belmontintermed.school.nz,025-959-9362,2020-08-05,True
2421,1225,Hayley,Palmer,HS_REP,hayley.palmer@belmontintermed.school.nz,025-663-5925,2020-11-02,True
2422,1225,David,King,CARETAKER,david.king@belmontintermed.school.nz,024-694-8852,2020-09-28,True
2423,1226,Kylie,Clarke,PRINCIPAL,kylie.clarke@belmontschool(a.school.nz,021-149-4933,2020-01-03,True
2424,1226,Tia,Chen,SITE_MANAGER,tia.chen@belmontschool(a.school.nz,025-162-9035,2021-10-19,True
2425,1226,Ryan,Patel,HS_REP,ryan.patel@belmontschool(a.school.nz,022-747-8044,2022-04-11,True
2426,1226,Amber,Jones,CARETAKER,amber.jones@belmontschool(a.school.nz,021-130-6147,2022-08-21,True
2427,1227,Grant,Bennett,PRINCIPAL,grant.bennett@birdwoodschool.school.nz,024-904-2662,2020-09-22,True
2428,1227,Zara,Walker,SITE_MANAGER,zara.walker@birdwoodschool.school.nz,027-749-2818,2022-03-17,True
2429,1227,Nikau,Burns,HS_REP,nikau.burns@birdwoodschool.school.nz,021-768-4198,2022-01-17,True
2430,1228,Sarah,Stewart,PRINCIPAL,sarah.stewart@birkdaleinterme.school.nz,026-150-9876,2022-01-23,True
2431,1228,Kauri,Taylor,SITE_MANAGER,kauri.taylor@birkdaleinterme.school.nz,022-544-2670,2021-07-30,True
2432,1228,Michelle,Harris,HS_REP,michelle.harris@birkdaleinterme.school.nz,025-783-8290,2022-01-21,True
2433,1229,Freya,Scott,PRINCIPAL,freya.scott@birkdalenorthsc.school.nz,023-120-3692,2021-05-11,True
2434,1229,Hemi,Wong,SITE_MANAGER,hemi.wong@birkdalenorthsc.school.nz,026-982-1056,2020-01-19,True
2435,1229,Ethan,Williams,HS_REP,ethan.williams@birkdalenorthsc.school.nz,021-196-1652,2020-04-08,True
2436,1229,Scott,Fitzgerald,CARETAKER,scott.fitzgerald@birkdalenorthsc.school.nz,027-607-2975,2021-11-06,True
2437,1230,Aroha,Hall,PRINCIPAL,aroha.hall@birkdaleprimary.school.nz,023-347-3519,2022-07-01,True
2438,1230,Craig,Gray,SITE_MANAGER,craig.gray@birkdaleprimary.school.nz,027-126-3838,2021-11-04,True
2439,1230,Grant,Crawford,HS_REP,grant.crawford@birkdaleprimary.school.nz,025-313-4350,2021-12-26,True
2440,1231,Amelia,Mitchell,PRINCIPAL,amelia.mitchell@birkenheadschoo.school.nz,021-836-9341,2020-05-14,True
2441,1231,Kauri,Crawford,SITE_MANAGER,kauri.crawford@birkenheadschoo.school.nz,021-801-3879,2020-03-15,True
2442,1231,Holly,Wilson,HS_REP,holly.wilson@birkenheadschoo.school.nz,026-230-1784,2020-08-21,True
2443,1231,Andrew,Clarke,CARETAKER,andrew.clarke@birkenheadschoo.school.nz,024-970-3950,2021-01-10,True
2444,1232,Sarah,Henderson,PRINCIPAL,sarah.henderson@blockhousebayin.school.nz,027-376-9113,2021-11-13,True
2445,1232,Emma,Hill,SITE_MANAGER,emma.hill@blockhousebayin.school.nz,028-873-6070,2020-03-04,True
2446,1232,Simon,Taukiri,HS_REP,simon.taukiri@blockhousebayin.school.nz,025-717-7483,2022-08-27,True
2447,1233,Daniel,Wilson,PRINCIPAL,daniel.wilson@blockhousebaysc.school.nz,021-313-5716,2020-06-16,True
2448,1233,Olivia,Palmer,SITE_MANAGER,olivia.palmer@blockhousebaysc.school.nz,023-484-2282,2020-11-24,True
2449,1233,Tracey,Henare,HS_REP,tracey.henare@blockhousebaysc.school.nz,023-646-1738,2022-08-09,True
2450,1233,Hayley,Scott,CARETAKER,hayley.scott@blockhousebaysc.school.nz,024-894-4656,2020-12-19,True
2451,1234,Tia,Murray,PRINCIPAL,tia.murray@bombayschool.school.nz,027-194-1013,2021-10-12,True
2452,1234,Kylie,King,SITE_MANAGER,kylie.king@bombayschool.school.nz,023-565-4247,2020-09-12,True
2453,1234,Jessica,Roberts,HS_REP,jessica.roberts@bombayschool.school.nz,022-867-3851,2020-06-15,True
2454,1235,Kylie,Te Huia,PRINCIPAL,kylie.te huia@botanydownsscho.school.nz,021-767-2276,2022-07-22,True
2455,1235,Nicola,Wong,SITE_MANAGER,nicola.wong@botanydownsscho.school.nz,028-805-2137,2020-07-05,True
2456,1235,Kaia,Harawira,HS_REP,kaia.harawira@botanydownsscho.school.nz,027-849-4546,2021-07-26,True
2457,1236,Shane,Brown,PRINCIPAL,shane.brown@brookbyschool.school.nz,021-895-6400,2022-02-14,True
2458,1236,Emma,Mahuta,SITE_MANAGER,emma.mahuta@brookbyschool.school.nz,028-148-2464,2022-06-04,True
2459,1236,Donna,Russell,HS_REP,donna.russell@brookbyschool.school.nz,026-741-8537,2022-02-17,True
2460,1236,Shane,Edwards,CARETAKER,shane.edwards@brookbyschool.school.nz,028-916-1882,2020-10-13,True
2461,1237,Jessica,Baker,PRINCIPAL,jessica.baker@brownsbayschool.school.nz,024-193-3139,2020-10-25,True
2462,1237,Kauri,Singh,SITE_MANAGER,kauri.singh@brownsbayschool.school.nz,022-747-8847,2020-07-18,True
2463,1237,Freya,Crawford,HS_REP,freya.crawford@brownsbayschool.school.nz,023-642-6529,2020-02-04,True
2464,1238,James,Anderson,PRINCIPAL,james.anderson@brucemclarenint.school.nz,026-876-7769,2021-02-13,True
2465,1238,Kauri,Taylor,SITE_MANAGER,kauri.taylor@brucemclarenint.school.nz,024-700-9077,2020-04-07,True
2466,1238,Holly,Thompson,HS_REP,holly.thompson@brucemclarenint.school.nz,027-625-7001,2022-04-23,True
2467,1239,Amber,Campbell,PRINCIPAL,amber.campbell@bucklandschool.school.nz,024-406-9954,2021-02-03,True
2468,1239,Sarah,Jones,SITE_MANAGER,sarah.jones@bucklandschool.school.nz,025-513-3966,2022-03-14,True
2469,1239,Tracey,Walker,HS_REP,tracey.walker@bucklandschool.school.nz,027-111-9537,2021-11-07,True
2470,1239,Ethan,Robinson,CARETAKER,ethan.robinson@bucklandschool.school.nz,022-300-2160,2022-02-07,True
2471,1240,Tracey,Stewart,PRINCIPAL,tracey.stewart@bucklandsbeachi.school.nz,024-295-5918,2021-04-26,True
2472,1240,Tia,Wright,SITE_MANAGER,tia.wright@bucklandsbeachi.school.nz,026-904-2217,2020-01-12,True
2473,1240,Aria,Wilson,HS_REP,aria.wilson@bucklandsbeachi.school.nz,028-710-6390,2021-07-12,True
2474,1240,Donna,Singh,CARETAKER,donna.singh@bucklandsbeachi.school.nz,022-714-4379,2022-01-25,True
2475,1241,Rachel,Martin,PRINCIPAL,rachel.martin@bucklandsbeachp.school.nz,027-285-3225,2020-04-04,True
2476,1241,Olivia,Gallagher,SITE_MANAGER,olivia.gallagher@bucklandsbeachp.school.nz,024-714-3245,2021-04-12,True
2477,1241,Olivia,Henderson,HS_REP,olivia.henderson@bucklandsbeachp.school.nz,022-602-5111,2022-07-13,True
2478,1242,Donna,White,PRINCIPAL,donna.white@campbellsbaysch.school.nz,023-729-7417,2021-02-16,True
2479,1242,Mark,Harris,SITE_MANAGER,mark.harris@campbellsbaysch.school.nz,021-253-5124,2020-10-25,True
2480,1242,Daniel,Campbell,HS_REP,daniel.campbell@campbellsbaysch.school.nz,021-343-4688,2020-03-16,True
2481,1242,Max,Morgan,CARETAKER,max.morgan@campbellsbaysch.school.nz,026-353-3358,2022-09-25,True
2482,1243,Grant,King,PRINCIPAL,grant.king@chaucerschool.school.nz,025-186-2074,2021-08-20,True
2483,1243,Kaia,Robinson,SITE_MANAGER,kaia.robinson@chaucerschool.school.nz,025-884-6292,2020-11-24,True
2484,1243,Scott,Edwards,HS_REP,scott.edwards@chaucerschool.school.nz,022-372-2281,2021-09-01,True
2485,1243,Reuben,Williams,CARETAKER,reuben.williams@chaucerschool.school.nz,027-422-2009,2021-10-02,True
2486,1244,Chris,Taukiri,PRINCIPAL,chris.taukiri@chelseaschool.school.nz,024-897-4343,2020-06-27,True
2487,1244,Reuben,Hamilton,SITE_MANAGER,reuben.hamilton@chelseaschool.school.nz,024-448-6500,2022-09-01,True
2488,1244,Wiremu,Roberts,HS_REP,wiremu.roberts@chelseaschool.school.nz,021-291-1259,2021-09-16,True
2489,1244,Sophie,Watson,CARETAKER,sophie.watson@chelseaschool.school.nz,022-358-7424,2021-05-10,True
2490,1245,Scott,Patel,PRINCIPAL,scott.patel@christthekingca.school.nz,025-324-7456,2022-07-07,True
2491,1245,Maia,Burns,SITE_MANAGER,maia.burns@christthekingca.school.nz,022-814-1152,2022-04-13,True
2492,1245,Freya,Rewi,HS_REP,freya.rewi@christthekingca.school.nz,025-903-2288,2020-02-14,True
2493,1245,Aroha,Wright,CARETAKER,aroha.wright@christthekingca.school.nz,028-923-5635,2022-06-20,True
2494,1246,Tracey,Gallagher,PRINCIPAL,tracey.gallagher@churchillparksc.school.nz,028-814-8805,2021-07-28,True
2495,1246,Noah,Clarke,SITE_MANAGER,noah.clarke@churchillparksc.school.nz,021-316-9925,2020-06-24,True
2496,1246,Ethan,Wright,HS_REP,ethan.wright@churchillparksc.school.nz,021-683-2108,2020-10-21,True
2497,1247,Aroha,Baker,PRINCIPAL,aroha.baker@claytonparkscho.school.nz,025-824-4189,2020-09-03,True
2498,1247,Nicola,Thompson,SITE_MANAGER,nicola.thompson@claytonparkscho.school.nz,022-431-3188,2020-03-07,True
2499,1247,Emma,Tamati,HS_REP,emma.tamati@claytonparkscho.school.nz,026-232-9482,2020-02-04,True
2500,1248,Tracey,Green,PRINCIPAL,tracey.green@clendonparkscho.school.nz,023-850-7247,2022-04-13,True
2501,1248,Wiremu,Burns,SITE_MANAGER,wiremu.burns@clendonparkscho.school.nz,027-331-7251,2021-06-14,True
2502,1248,Sam,King,HS_REP,sam.king@clendonparkscho.school.nz,027-607-7591,2022-02-01,True
2503,1248,Charlotte,Collins,CARETAKER,charlotte.collins@clendonparkscho.school.nz,021-522-7581,2022-06-14,True
2504,1249,Maia,Kumar,PRINCIPAL,maia.kumar@clevedonschool.school.nz,027-795-4891,2022-08-05,True
2505,1249,Nathan,Te Huia,SITE_MANAGER,nathan.te huia@clevedonschool.school.nz,022-839-3690,2021-11-07,True
2506,1249,Craig,Green,HS_REP,craig.green@clevedonschool.school.nz,025-369-1059,2020-09-15,True
2507,1249,David,Nguyen,CARETAKER,david.nguyen@clevedonschool.school.nz,024-708-7543,2021-11-24,True
2508,1251,Jack,Collins,PRINCIPAL,jack.collins@siredmundhillar.school.nz,025-102-8144,2021-10-24,True
2509,1251,Mark,Thompson,SITE_MANAGER,mark.thompson@siredmundhillar.school.nz,023-354-2656,2022-01-06,True
2510,1251,Brooke,Mahuta,HS_REP,brooke.mahuta@siredmundhillar.school.nz,022-886-7360,2022-09-07,True
2511,1252,Stacey,Te Huia,PRINCIPAL,stacey.te huia@coatesvillescho.school.nz,028-941-2009,2020-09-17,True
2512,1252,Kylie,Taylor,SITE_MANAGER,kylie.taylor@coatesvillescho.school.nz,021-169-2355,2020-10-19,True
2513,1252,Lisa,Harawira,HS_REP,lisa.harawira@coatesvillescho.school.nz,021-513-6414,2020-07-31,True
2514,1253,Tia,White,PRINCIPAL,tia.white@cocklebayschool.school.nz,021-251-8155,2020-11-08,True
2515,1253,Daniel,Campbell,SITE_MANAGER,daniel.campbell@cocklebayschool.school.nz,026-319-6828,2020-10-05,True
2516,1253,Simon,Morgan,HS_REP,simon.morgan@cocklebayschool.school.nz,026-476-5352,2022-04-01,True
2517,1253,Simon,Scott,CARETAKER,simon.scott@cocklebayschool.school.nz,022-415-4830,2021-03-22,True
2518,1254,Hemi,Burns,PRINCIPAL,hemi.burns@colwillschoolma.school.nz,026-563-4477,2020-06-19,True
2519,1254,Georgia,King,SITE_MANAGER,georgia.king@colwillschoolma.school.nz,026-212-4977,2021-12-14,True
2520,1254,Ihaia,Edwards,HS_REP,ihaia.edwards@colwillschoolma.school.nz,024-759-8681,2022-02-27,True
2521,1254,Ruby,Smith,CARETAKER,ruby.smith@colwillschoolma.school.nz,025-574-8090,2022-05-21,True
2522,1255,Charlotte,Wright,PRINCIPAL,charlotte.wright@conifergrovesch.school.nz,022-850-3434,2021-06-08,True
2523,1255,Aroha,Lee,SITE_MANAGER,aroha.lee@conifergrovesch.school.nz,023-726-4498,2021-04-24,True
2524,1255,Reuben,Mahuta,HS_REP,reuben.mahuta@conifergrovesch.school.nz,028-992-9382,2021-09-06,True
2525,1255,Kylie,Wilson,CARETAKER,kylie.wilson@conifergrovesch.school.nz,028-178-2333,2020-08-28,True
2526,1256,Grant,Taukiri,PRINCIPAL,grant.taukiri@cornwallparkdis.school.nz,026-585-7590,2020-08-15,True
2527,1256,Zara,Kim,SITE_MANAGER,zara.kim@cornwallparkdis.school.nz,027-428-8224,2022-03-14,True
2528,1256,Zara,Robinson,HS_REP,zara.robinson@cornwallparkdis.school.nz,024-583-3136,2020-11-25,True
2529,1256,Mark,Wong,CARETAKER,mark.wong@cornwallparkdis.school.nz,026-600-6522,2020-03-05,True
2530,1257,Brooke,Fitzgerald,PRINCIPAL,brooke.fitzgerald@cosgroveschool.school.nz,027-273-7432,2021-12-09,True
2531,1257,Craig,Rewi,SITE_MANAGER,craig.rewi@cosgroveschool.school.nz,025-305-3510,2020-11-29,True
2532,1257,Nikau,Young,HS_REP,nikau.young@cosgroveschool.school.nz,024-189-1619,2020-10-29,True
2533,1257,Simon,Wright,CARETAKER,simon.wright@cosgroveschool.school.nz,021-660-2029,2020-04-03,True
2534,1258,Michelle,Collins,PRINCIPAL,michelle.collins@dairyflatschool.school.nz,024-381-5338,2021-11-03,True
2535,1258,Kaia,Taukiri,SITE_MANAGER,kaia.taukiri@dairyflatschool.school.nz,025-693-4489,2021-09-22,True
2536,1258,Mere,Rewi,HS_REP,mere.rewi@dairyflatschool.school.nz,026-971-1285,2020-04-29,True
2537,1258,Noah,Watson,CARETAKER,noah.watson@dairyflatschool.school.nz,025-255-3949,2022-05-12,True
2538,1259,Tane,Morgan,PRINCIPAL,tane.morgan@dawsonschool.school.nz,028-723-5699,2021-05-05,True
2539,1259,Nathan,Russell,SITE_MANAGER,nathan.russell@dawsonschool.school.nz,027-898-8979,2020-03-30,True
2540,1259,Maia,Taukiri,HS_REP,maia.taukiri@dawsonschool.school.nz,025-361-1877,2021-05-15,True
2541,1260,Aria,Kim,PRINCIPAL,aria.kim@devonportprimar.school.nz,027-669-8037,2021-11-25,True
2542,1260,Liam,Henderson,SITE_MANAGER,liam.henderson@devonportprimar.school.nz,021-309-6087,2022-05-22,True
2543,1260,Matthew,Palmer,HS_REP,matthew.palmer@devonportprimar.school.nz,022-535-1156,2020-07-19,True
2544,1260,Mark,Nguyen,CARETAKER,mark.nguyen@devonportprimar.school.nz,022-797-9130,2022-01-26,True
2545,1261,Michelle,Young,PRINCIPAL,michelle.young@dominionroadsch.school.nz,028-123-6279,2022-07-30,True
2546,1261,Ethan,Lee,SITE_MANAGER,ethan.lee@dominionroadsch.school.nz,026-247-3537,2020-10-04,True
2547,1261,Luke,Wong,HS_REP,luke.wong@dominionroadsch.school.nz,027-734-3822,2020-12-15,True
2548,1262,Matthew,King,PRINCIPAL,matthew.king@donbuckschool.school.nz,025-904-5042,2021-12-18,True
2549,1262,Scott,Taylor,SITE_MANAGER,scott.taylor@donbuckschool.school.nz,028-148-5528,2020-01-30,True
2550,1262,Tane,Watson,HS_REP,tane.watson@donbuckschool.school.nz,025-528-1170,2021-07-16,True
2551,1263,Tracey,Baker,PRINCIPAL,tracey.baker@druryschool.school.nz,024-495-8229,2020-01-24,True
2552,1263,Craig,Harawira,SITE_MANAGER,craig.harawira@druryschool.school.nz,025-649-5616,2020-08-14,True
2553,1263,Amelia,Kumar,HS_REP,amelia.kumar@druryschool.school.nz,022-828-2941,2021-02-09,True
2554,1264,Brooke,Patel,PRINCIPAL,brooke.patel@easttamakischoo.school.nz,026-436-2626,2021-11-02,True
2555,1264,Josh,King,SITE_MANAGER,josh.king@easttamakischoo.school.nz,022-295-3569,2021-09-30,True
2556,1264,Donna,Martin,HS_REP,donna.martin@easttamakischoo.school.nz,021-856-3204,2022-07-25,True
2557,1265,Liam,Wong,PRINCIPAL,liam.wong@edendaleschool(.school.nz,025-124-8168,2022-07-19,True
2558,1265,Joanne,Crawford,SITE_MANAGER,joanne.crawford@edendaleschool(.school.nz,028-248-3194,2021-05-13,True
2559,1265,Mere,White,HS_REP,mere.white@edendaleschool(.school.nz,027-669-7505,2022-03-01,True
2560,1266,Ryan,Taylor,PRINCIPAL,ryan.taylor@edmontonschool.school.nz,022-351-9701,2021-12-13,True
2561,1266,Sarah,Robinson,SITE_MANAGER,sarah.robinson@edmontonschool.school.nz,028-851-4519,2020-08-10,True
2562,1266,Moana,Crawford,HS_REP,moana.crawford@edmontonschool.school.nz,026-363-7581,2020-10-25,True
2563,1267,Kaia,Gallagher,PRINCIPAL,kaia.gallagher@edmundhillarysc.school.nz,023-543-2966,2021-01-09,True
2564,1267,Kylie,Thompson,SITE_MANAGER,kylie.thompson@edmundhillarysc.school.nz,028-245-9535,2021-12-26,True
2565,1267,Sarah,Williams,HS_REP,sarah.williams@edmundhillarysc.school.nz,027-662-3915,2020-01-02,True
2566,1268,Wiremu,Hill,PRINCIPAL,wiremu.hill@ellerslieschool.school.nz,021-133-8623,2020-06-04,True
2567,1268,Luke,Kumar,SITE_MANAGER,luke.kumar@ellerslieschool.school.nz,021-712-7161,2021-05-10,True
2568,1268,Sam,Brown,HS_REP,sam.brown@ellerslieschool.school.nz,025-648-5229,2021-08-17,True
2569,1269,Sophie,Cooper,PRINCIPAL,sophie.cooper@elmparkschool.school.nz,021-368-7709,2020-12-03,True
2570,1269,Caleb,Taylor,SITE_MANAGER,caleb.taylor@elmparkschool.school.nz,027-326-7582,2021-10-01,True
2571,1269,Aroha,Williams,HS_REP,aroha.williams@elmparkschool.school.nz,025-992-5747,2022-06-16,True
2572,1269,Donna,King,CARETAKER,donna.king@elmparkschool.school.nz,022-632-3200,2022-08-08,True
2573,1270,Amelia,Wright,PRINCIPAL,amelia.wright@epsomnormalscho.school.nz,026-297-5234,2021-03-23,True
2574,1270,Ihaia,Hamilton,SITE_MANAGER,ihaia.hamilton@epsomnormalscho.school.nz,023-868-3931,2021-09-24,True
2575,1270,Wiremu,Young,HS_REP,wiremu.young@epsomnormalscho.school.nz,027-503-2635,2020-11-30,True
2576,1270,Holly,Fitzgerald,CARETAKER,holly.fitzgerald@epsomnormalscho.school.nz,027-526-8527,2020-02-11,True
2577,1271,Luke,Campbell,PRINCIPAL,luke.campbell@fairburnschool.school.nz,023-914-6520,2021-09-09,True
2578,1271,Daniel,White,SITE_MANAGER,daniel.white@fairburnschool.school.nz,022-740-7122,2021-12-05,True
2579,1271,Josh,Morgan,HS_REP,josh.morgan@fairburnschool.school.nz,026-705-9840,2020-07-06,True
2580,1271,Noah,Rewi,CARETAKER,noah.rewi@fairburnschool.school.nz,023-550-3596,2021-12-31,True
2581,1272,Andrew,Harris,PRINCIPAL,andrew.harris@farmcoveinterme.school.nz,023-293-3466,2021-11-08,True
2582,1272,Andrew,Burns,SITE_MANAGER,andrew.burns@farmcoveinterme.school.nz,026-301-7353,2022-07-30,True
2583,1272,Max,Collins,HS_REP,max.collins@farmcoveinterme.school.nz,025-867-7156,2020-10-07,True
2584,1272,Rawiri,Kumar,CARETAKER,rawiri.kumar@farmcoveinterme.school.nz,026-851-9532,2022-01-29,True
2585,1273,Grace,White,PRINCIPAL,grace.white@favonaschool.school.nz,024-344-7839,2021-10-08,True
2586,1273,Mark,Nguyen,SITE_MANAGER,mark.nguyen@favonaschool.school.nz,028-885-8078,2020-01-17,True
2587,1273,Josh,Wright,HS_REP,josh.wright@favonaschool.school.nz,021-445-5909,2022-08-11,True
2588,1274,Simon,Young,PRINCIPAL,simon.young@fergusoninterme.school.nz,027-265-6565,2020-11-25,True
2589,1274,Olivia,Hill,SITE_MANAGER,olivia.hill@fergusoninterme.school.nz,028-109-5763,2020-05-03,True
2590,1274,Anika,White,HS_REP,anika.white@fergusoninterme.school.nz,021-472-8667,2022-05-14,True
2591,1275,Joanne,Harris,PRINCIPAL,joanne.harris@finlaysonparksc.school.nz,024-513-9551,2022-08-04,True
2592,1275,Andrew,Turner,SITE_MANAGER,andrew.turner@finlaysonparksc.school.nz,022-877-6400,2022-03-21,True
2593,1275,Aria,Harris,HS_REP,aria.harris@finlaysonparksc.school.nz,026-684-7054,2022-05-27,True
2594,1275,Ethan,Robinson,CARETAKER,ethan.robinson@finlaysonparksc.school.nz,025-485-8724,2020-02-27,True
2595,1276,Mark,Wilson,PRINCIPAL,mark.wilson@flanshawroadsch.school.nz,023-649-8073,2021-09-26,True
2596,1276,Emma,Crawford,SITE_MANAGER,emma.crawford@flanshawroadsch.school.nz,022-428-4466,2021-11-29,True
2597,1276,Kauri,Wright,HS_REP,kauri.wright@flanshawroadsch.school.nz,023-938-7078,2021-02-17,True
2598,1276,Anika,Crawford,CARETAKER,anika.crawford@flanshawroadsch.school.nz,023-133-6960,2022-05-18,True
2599,1277,Matthew,Rewi,PRINCIPAL,matthew.rewi@flatbushschool.school.nz,025-492-6771,2021-06-22,True
2600,1277,Sophie,Russell,SITE_MANAGER,sophie.russell@flatbushschool.school.nz,021-120-6028,2020-09-19,True
2601,1277,Kaia,Clarke,HS_REP,kaia.clarke@flatbushschool.school.nz,023-564-8280,2021-06-16,True
2602,1277,Joanne,Clarke,CARETAKER,joanne.clarke@flatbushschool.school.nz,023-539-9156,2022-08-21,True
2603,1278,Josh,Chen,PRINCIPAL,josh.chen@forresthillscho.school.nz,026-815-2985,2020-11-13,True
2604,1278,Charlotte,Parker,SITE_MANAGER,charlotte.parker@forresthillscho.school.nz,023-948-3984,2022-07-03,True
2605,1278,Nathan,Chen,HS_REP,nathan.chen@forresthillscho.school.nz,024-133-3256,2022-08-31,True
2606,1278,Lisa,Morgan,CARETAKER,lisa.morgan@forresthillscho.school.nz,025-450-2489,2020-02-14,True
2607,1279,Amelia,Johnston,PRINCIPAL,amelia.johnston@freemansbayscho.school.nz,027-248-2610,2020-11-02,True
2608,1279,Karen,Robinson,SITE_MANAGER,karen.robinson@freemansbayscho.school.nz,028-782-9061,2021-10-31,True
2609,1279,Scott,Palmer,HS_REP,scott.palmer@freemansbayscho.school.nz,021-425-4233,2020-01-24,True
2610,1279,Charlotte,Chen,CARETAKER,charlotte.chen@freemansbayscho.school.nz,021-796-1542,2020-07-03,True
2611,1280,Andrew,Kim,PRINCIPAL,andrew.kim@freybergcommuni.school.nz,022-611-4693,2021-12-22,True
2612,1280,Kylie,Campbell,SITE_MANAGER,kylie.campbell@freybergcommuni.school.nz,022-832-2561,2020-05-29,True
2613,1280,Jack,Roberts,HS_REP,jack.roberts@freybergcommuni.school.nz,025-515-5941,2021-08-09,True
2614,1280,Ihaia,Campbell,CARETAKER,ihaia.campbell@freybergcommuni.school.nz,026-347-7461,2021-05-20,True
2615,1281,Charlotte,Hall,PRINCIPAL,charlotte.hall@fruitvaleroadsc.school.nz,026-955-3467,2022-09-15,True
2616,1281,James,Nguyen,SITE_MANAGER,james.nguyen@fruitvaleroadsc.school.nz,025-912-5394,2020-11-16,True
2617,1281,Grace,Fitzgerald,HS_REP,grace.fitzgerald@fruitvaleroadsc.school.nz,027-728-2229,2021-03-01,True
2618,1281,David,Bennett,CARETAKER,david.bennett@fruitvaleroadsc.school.nz,021-269-9472,2020-06-20,True
2619,1282,Jack,Harris,PRINCIPAL,jack.harris@gladstoneschool.school.nz,028-203-9167,2021-03-24,True
2620,1282,Kauri,Russell,SITE_MANAGER,kauri.russell@gladstoneschool.school.nz,021-644-2404,2022-05-13,True
2621,1282,Matiu,Thompson,HS_REP,matiu.thompson@gladstoneschool.school.nz,021-103-6483,2020-03-16,True
2622,1282,Craig,Brown,CARETAKER,craig.brown@gladstoneschool.school.nz,028-154-3943,2021-12-14,True
2623,1283,Sophie,Harawira,PRINCIPAL,sophie.harawira@glamorganschool.school.nz,026-656-5080,2022-05-05,True
2624,1283,Caleb,Parker,SITE_MANAGER,caleb.parker@glamorganschool.school.nz,022-265-8080,2020-03-11,True
2625,1283,Simon,Clarke,HS_REP,simon.clarke@glamorganschool.school.nz,028-757-6804,2020-11-09,True
2626,1284,Grace,Harawira,PRINCIPAL,grace.harawira@glenedeninterme.school.nz,024-327-3042,2020-12-13,True
2627,1284,Reuben,Singh,SITE_MANAGER,reuben.singh@glenedeninterme.school.nz,026-939-8506,2021-10-24,True
2628,1284,Aroha,Watson,HS_REP,aroha.watson@glenedeninterme.school.nz,028-662-7630,2020-04-30,True
2629,1284,Hayley,Williams,CARETAKER,hayley.williams@glenedeninterme.school.nz,024-928-9078,2021-01-15,True
2630,1285,Michelle,Baker,PRINCIPAL,michelle.baker@glenedenschool.school.nz,022-343-3508,2020-02-27,True
2631,1285,Chris,Parker,SITE_MANAGER,chris.parker@glenedenschool.school.nz,025-624-5625,2022-03-29,True
2632,1285,Isla,Murray,HS_REP,isla.murray@glenedenschool.school.nz,021-358-2338,2021-04-08,True
2633,1287,Paula,Te Huia,PRINCIPAL,paula.te huia@gleninnesschool.school.nz,028-143-9161,2020-03-01,True
2634,1287,Daniel,White,SITE_MANAGER,daniel.white@gleninnesschool.school.nz,025-444-4974,2020-09-21,True
2635,1287,Liam,King,HS_REP,liam.king@gleninnesschool.school.nz,022-586-9301,2021-07-19,True
2636,1287,Ruby,Gallagher,CARETAKER,ruby.gallagher@gleninnesschool.school.nz,027-399-1480,2020-01-24,True
2637,1289,Matiu,Gray,PRINCIPAL,matiu.gray@glentaylorschoo.school.nz,027-285-2118,2021-02-23,True
2638,1289,Noah,Wright,SITE_MANAGER,noah.wright@glentaylorschoo.school.nz,022-282-5460,2021-12-14,True
2639,1289,Amber,Roberts,HS_REP,amber.roberts@glentaylorschoo.school.nz,026-610-5443,2022-07-29,True
2640,1290,Daniel,Fitzgerald,PRINCIPAL,daniel.fitzgerald@glenavonschool.school.nz,023-144-4791,2020-03-06,True
2641,1290,Donna,Scott,SITE_MANAGER,donna.scott@glenavonschool.school.nz,021-815-3192,2020-10-12,True
2642,1290,Josh,Clarke,HS_REP,josh.clarke@glenavonschool.school.nz,021-726-5817,2021-11-05,True
2643,1290,Freya,Brown,CARETAKER,freya.brown@glenavonschool.school.nz,024-828-7380,2020-10-23,True
2644,1291,Joanne,Fraser,PRINCIPAL,joanne.fraser@glenbraeprimary.school.nz,021-286-3680,2022-02-14,True
2645,1291,Mason,Brown,SITE_MANAGER,mason.brown@glenbraeprimary.school.nz,024-422-1830,2021-09-19,True
2646,1291,Max,Gallagher,HS_REP,max.gallagher@glenbraeprimary.school.nz,022-506-8906,2022-01-16,True
2647,1292,Craig,Collins,PRINCIPAL,craig.collins@glenbrookschool.school.nz,028-631-3207,2020-06-18,True
2648,1292,Jack,Gallagher,SITE_MANAGER,jack.gallagher@glenbrookschool.school.nz,021-831-5944,2020-08-19,True
2649,1292,Ihaia,Anderson,HS_REP,ihaia.anderson@glenbrookschool.school.nz,026-716-1175,2021-09-13,True
2650,1293,Matiu,Brown,PRINCIPAL,matiu.brown@glendeneschool.school.nz,023-387-9210,2022-04-21,True
2651,1293,Charlotte,Roberts,SITE_MANAGER,charlotte.roberts@glendeneschool.school.nz,025-123-5085,2020-04-21,True
2652,1293,Paula,Kim,HS_REP,paula.kim@glendeneschool.school.nz,025-917-3630,2022-07-29,True
2653,1294,Ihaia,Hall,PRINCIPAL,ihaia.hall@glendowieschool.school.nz,025-600-4049,2020-07-08,True
2654,1294,Sam,Jones,SITE_MANAGER,sam.jones@glendowieschool.school.nz,025-752-4613,2021-01-14,True
2655,1294,Kauri,Palmer,HS_REP,kauri.palmer@glendowieschool.school.nz,022-147-6151,2021-03-01,True
2656,1295,Mark,Harris,PRINCIPAL,mark.harris@glenfieldinterm.school.nz,022-302-6580,2022-07-06,True
2657,1295,Sarah,Baker,SITE_MANAGER,sarah.baker@glenfieldinterm.school.nz,027-714-7388,2022-06-15,True
2658,1295,Jack,Singh,HS_REP,jack.singh@glenfieldinterm.school.nz,022-799-2048,2022-06-24,True
2659,1296,Luke,Robinson,PRINCIPAL,luke.robinson@glenfieldprimar.school.nz,021-231-2065,2020-02-06,True
2660,1296,Michelle,Hamilton,SITE_MANAGER,michelle.hamilton@glenfieldprimar.school.nz,024-395-1748,2021-10-23,True
2661,1296,Tracey,Hill,HS_REP,tracey.hill@glenfieldprimar.school.nz,024-598-2126,2021-05-26,True
2662,1297,Ben,Robinson,PRINCIPAL,ben.robinson@goodshepherdsch.school.nz,025-589-5272,2020-06-06,True
2663,1297,Emma,Russell,SITE_MANAGER,emma.russell@goodshepherdsch.school.nz,023-225-1339,2021-02-10,True
2664,1297,Anika,Taylor,HS_REP,anika.taylor@goodshepherdsch.school.nz,024-617-8139,2022-04-06,True
2665,1298,Luke,Parker,PRINCIPAL,luke.parker@greenbayprimary.school.nz,021-608-4277,2020-11-29,True
2666,1298,Charlotte,Roberts,SITE_MANAGER,charlotte.roberts@greenbayprimary.school.nz,024-993-9169,2021-05-16,True
2667,1298,Craig,Tamati,HS_REP,craig.tamati@greenbayprimary.school.nz,022-861-2586,2020-10-17,True
2668,1298,Hemi,Parker,CARETAKER,hemi.parker@greenbayprimary.school.nz,024-748-7318,2020-12-20,True
2669,1299,Aroha,Bennett,PRINCIPAL,aroha.bennett@greenhitheschoo.school.nz,028-660-1603,2020-09-28,True
2670,1299,Noah,Thompson,SITE_MANAGER,noah.thompson@greenhitheschoo.school.nz,021-693-9119,2021-09-04,True
2671,1299,Max,Fitzgerald,HS_REP,max.fitzgerald@greenhitheschoo.school.nz,028-860-9214,2020-11-11,True
2672,1300,Nicola,Nguyen,PRINCIPAL,nicola.nguyen@greenmeadowsint.school.nz,021-452-5380,2020-01-30,True
2673,1300,Nikau,White,SITE_MANAGER,nikau.white@greenmeadowsint.school.nz,021-105-4409,2020-10-10,True
2674,1300,Noah,Edwards,HS_REP,noah.edwards@greenmeadowsint.school.nz,026-383-7167,2022-06-04,True
2675,1300,Matiu,Walker,CARETAKER,matiu.walker@greenmeadowsint.school.nz,022-653-2573,2020-12-25,True
2676,1301,Amber,Kim,PRINCIPAL,amber.kim@greylynnschool.school.nz,025-856-4490,2022-02-09,True
2677,1301,Chris,Rewi,SITE_MANAGER,chris.rewi@greylynnschool.school.nz,021-990-9795,2021-09-18,True
2678,1301,Aria,Harawira,HS_REP,aria.harawira@greylynnschool.school.nz,026-682-4363,2020-12-03,True
2679,1301,Mark,Morgan,CARETAKER,mark.morgan@greylynnschool.school.nz,021-322-4530,2021-01-24,True
2680,1302,Michelle,Cooper,PRINCIPAL,michelle.cooper@halseydrivescho.school.nz,023-517-5305,2020-10-22,True
2681,1302,Zara,Wong,SITE_MANAGER,zara.wong@halseydrivescho.school.nz,022-287-1398,2020-05-09,True
2682,1302,Liam,Russell,HS_REP,liam.russell@halseydrivescho.school.nz,026-425-1351,2020-12-05,True
2683,1302,Sarah,Gallagher,CARETAKER,sarah.gallagher@halseydrivescho.school.nz,025-282-4031,2022-05-18,True
2684,1303,Liam,Campbell,PRINCIPAL,liam.campbell@harrisvillescho.school.nz,027-281-5724,2020-02-19,True
2685,1303,Michael,Chen,SITE_MANAGER,michael.chen@harrisvillescho.school.nz,026-563-8971,2021-10-30,True
2686,1303,Freya,King,HS_REP,freya.king@harrisvillescho.school.nz,024-781-4461,2021-01-09,True
2687,1304,Maia,Morgan,PRINCIPAL,maia.morgan@haurakischool.school.nz,026-315-6589,2021-07-06,True
2688,1304,Rachel,Palmer,SITE_MANAGER,rachel.palmer@haurakischool.school.nz,021-613-9066,2021-03-06,True
2689,1304,Kauri,Bennett,HS_REP,kauri.bennett@haurakischool.school.nz,026-770-7085,2021-01-24,True
2690,1304,Mere,Hamilton,CARETAKER,mere.hamilton@haurakischool.school.nz,024-972-5176,2021-02-12,True
2691,1305,Emma,Campbell,PRINCIPAL,emma.campbell@hayparkschool.school.nz,022-489-1224,2020-03-18,True
2692,1305,Rachel,Mitchell,SITE_MANAGER,rachel.mitchell@hayparkschool.school.nz,022-468-4817,2021-11-14,True
2693,1305,Tane,Martin,HS_REP,tane.martin@hayparkschool.school.nz,026-576-6711,2020-04-03,True
2694,1306,Hayley,Cooper,PRINCIPAL,hayley.cooper@helensvillescho.school.nz,028-733-9594,2020-01-30,True
2695,1306,Daniel,Palmer,SITE_MANAGER,daniel.palmer@helensvillescho.school.nz,023-107-7013,2022-03-04,True
2696,1306,Zara,Cooper,HS_REP,zara.cooper@helensvillescho.school.nz,026-910-8582,2022-04-28,True
2697,1306,Brooke,Murray,CARETAKER,brooke.murray@helensvillescho.school.nz,025-757-4432,2022-07-17,True
2698,1307,Ihaia,Thompson,PRINCIPAL,ihaia.thompson@hendersoninterm.school.nz,022-516-1404,2022-05-09,True
2699,1307,Holly,Hill,SITE_MANAGER,holly.hill@hendersoninterm.school.nz,025-116-6854,2022-02-05,True
2700,1307,Aria,Clarke,HS_REP,aria.clarke@hendersoninterm.school.nz,022-731-5059,2021-10-15,True
2701,1307,Max,Rewi,CARETAKER,max.rewi@hendersoninterm.school.nz,021-273-9648,2020-02-29,True
2702,1308,Hayley,Edwards,PRINCIPAL,hayley.edwards@hendersonnorths.school.nz,023-141-6657,2022-07-16,True
2703,1308,Daniel,Nguyen,SITE_MANAGER,daniel.nguyen@hendersonnorths.school.nz,028-653-8531,2020-02-26,True
2704,1308,Mere,Kim,HS_REP,mere.kim@hendersonnorths.school.nz,023-566-6253,2021-01-25,True
2705,1308,Lisa,Kumar,CARETAKER,lisa.kumar@hendersonnorths.school.nz,022-105-8133,2021-08-22,True
2706,1309,Sophie,Crawford,PRINCIPAL,sophie.crawford@hendersonschool.school.nz,028-858-9990,2020-02-21,True
2707,1309,Karen,Baker,SITE_MANAGER,karen.baker@hendersonschool.school.nz,023-619-2279,2020-10-11,True
2708,1309,Ethan,Taylor,HS_REP,ethan.taylor@hendersonschool.school.nz,027-525-2460,2020-07-25,True
2709,1310,Grace,Thompson,PRINCIPAL,grace.thompson@hendersonsouths.school.nz,021-513-4138,2022-02-15,True
2710,1310,Jessica,Te Huia,SITE_MANAGER,jessica.te huia@hendersonsouths.school.nz,024-604-4412,2022-07-23,True
2711,1310,Aria,Te Huia,HS_REP,aria.te huia@hendersonsouths.school.nz,028-783-6836,2022-02-17,True
2712,1311,Donna,Harris,PRINCIPAL,donna.harris@hendersonvalley.school.nz,023-326-3579,2020-12-02,True
2713,1311,Kaia,Campbell,SITE_MANAGER,kaia.campbell@hendersonvalley.school.nz,026-886-6658,2022-07-31,True
2714,1311,Tia,Mahuta,HS_REP,tia.mahuta@hendersonvalley.school.nz,027-493-9391,2021-11-08,True
2715,1311,Michelle,Lee,CARETAKER,michelle.lee@hendersonvalley.school.nz,022-859-9633,2021-04-12,True
2716,1312,Chris,Gallagher,PRINCIPAL,chris.gallagher@hillparkschool.school.nz,026-579-1886,2021-10-25,True
2717,1312,Karen,Collins,SITE_MANAGER,karen.collins@hillparkschool.school.nz,025-552-7282,2022-09-07,True
2718,1312,Tane,Chen,HS_REP,tane.chen@hillparkschool.school.nz,021-501-9032,2020-01-17,True
2719,1313,Ruby,Harris,PRINCIPAL,ruby.harris@hillsboroughsch.school.nz,027-893-4706,2020-06-17,True
2720,1313,Charlotte,Patel,SITE_MANAGER,charlotte.patel@hillsboroughsch.school.nz,021-586-3291,2020-12-12,True
2721,1313,Wiremu,Turner,HS_REP,wiremu.turner@hillsboroughsch.school.nz,021-608-4981,2020-05-27,True
2722,1313,Georgia,Johnston,CARETAKER,georgia.johnston@hillsboroughsch.school.nz,028-364-3870,2021-02-19,True
2723,1314,Ihaia,Hamilton,PRINCIPAL,ihaia.hamilton@hobsonvillescho.school.nz,023-415-8240,2020-05-18,True
2724,1314,Ethan,Robinson,SITE_MANAGER,ethan.robinson@hobsonvillescho.school.nz,022-283-9291,2021-02-26,True
2725,1314,Tia,Crawford,HS_REP,tia.crawford@hobsonvillescho.school.nz,026-133-7505,2021-03-07,True
2726,1314,Emma,Murray,CARETAKER,emma.murray@hobsonvillescho.school.nz,023-777-5701,2020-09-29,True
2727,1315,Karen,Martin,PRINCIPAL,karen.martin@holycrossschool.school.nz,027-930-8800,2021-06-06,True
2728,1315,Matthew,Campbell,SITE_MANAGER,matthew.campbell@holycrossschool.school.nz,022-600-2129,2020-12-15,True
2729,1315,Kylie,Te Huia,HS_REP,kylie.te huia@holycrossschool.school.nz,025-355-9046,2022-08-14,True
2730,1315,Andrew,Collins,CARETAKER,andrew.collins@holycrossschool.school.nz,021-148-5493,2020-01-03,True
2731,1316,Anika,Mitchell,PRINCIPAL,anika.mitchell@holycrosscathol.school.nz,022-404-5914,2021-06-26,True
2732,1316,Rachel,Scott,SITE_MANAGER,rachel.scott@holycrosscathol.school.nz,021-525-9843,2022-01-18,True
2733,1316,Nikau,Anderson,HS_REP,nikau.anderson@holycrosscathol.school.nz,027-791-2387,2021-09-26,True
2734,1316,Isla,Gray,CARETAKER,isla.gray@holycrosscathol.school.nz,022-339-8251,2021-01-05,True
2735,1317,Aria,Watson,PRINCIPAL,aria.watson@homaischool.school.nz,024-649-3848,2020-10-20,True
2736,1317,Kauri,Martin,SITE_MANAGER,kauri.martin@homaischool.school.nz,028-218-1567,2021-01-30,True
2737,1317,Sarah,King,HS_REP,sarah.king@homaischool.school.nz,027-531-9082,2021-07-18,True
2738,1318,Amber,Smith,PRINCIPAL,amber.smith@howickintermedi.school.nz,027-443-3813,2021-05-22,True
2739,1318,Josh,Campbell,SITE_MANAGER,josh.campbell@howickintermedi.school.nz,023-397-4552,2021-10-12,True
2740,1318,Tia,Robinson,HS_REP,tia.robinson@howickintermedi.school.nz,022-281-6142,2022-08-31,True
2741,1319,Luke,Hall,PRINCIPAL,luke.hall@howickprimarysc.school.nz,021-232-4912,2021-07-02,True
2742,1319,Luke,Harawira,SITE_MANAGER,luke.harawira@howickprimarysc.school.nz,023-906-4241,2020-09-13,True
2743,1319,Donna,Gray,HS_REP,donna.gray@howickprimarysc.school.nz,025-359-3496,2021-06-13,True
2744,1319,Freya,Mitchell,CARETAKER,freya.mitchell@howickprimarysc.school.nz,024-871-7517,2022-02-07,True
2745,1320,James,Gallagher,PRINCIPAL,james.gallagher@huapaidistricts.school.nz,024-350-1748,2021-02-18,True
2746,1320,Emma,White,SITE_MANAGER,emma.white@huapaidistricts.school.nz,021-985-4496,2022-01-30,True
2747,1320,Jessica,Fitzgerald,HS_REP,jessica.fitzgerald@huapaidistricts.school.nz,028-304-4514,2021-04-04,True
2748,1321,Matiu,Fraser,PRINCIPAL,matiu.fraser@hunuaschool.school.nz,022-730-8303,2021-01-29,True
2749,1321,Chris,Rewi,SITE_MANAGER,chris.rewi@hunuaschool.school.nz,025-439-6940,2020-04-05,True
2750,1321,Freya,Harawira,HS_REP,freya.harawira@hunuaschool.school.nz,023-500-5635,2022-07-06,True
2751,1322,Michelle,Fraser,PRINCIPAL,michelle.fraser@jeanbattenschoo.school.nz,025-827-6773,2020-02-18,True
2752,1322,Matiu,Martin,SITE_MANAGER,matiu.martin@jeanbattenschoo.school.nz,027-103-1440,2021-08-10,True
2753,1322,Michelle,Martin,HS_REP,michelle.martin@jeanbattenschoo.school.nz,027-181-3897,2020-09-09,True
2754,1323,Tane,Anderson,PRINCIPAL,tane.anderson@kaiauaschool.school.nz,027-866-1489,2021-07-19,True
2755,1323,James,Wong,SITE_MANAGER,james.wong@kaiauaschool.school.nz,024-809-1993,2020-07-08,True
2756,1323,Isla,Mahuta,HS_REP,isla.mahuta@kaiauaschool.school.nz,023-905-5974,2022-09-15,True
2757,1324,Ben,Roberts,PRINCIPAL,ben.roberts@kaiparaflatssch.school.nz,028-430-1089,2022-03-20,True
2758,1324,James,Palmer,SITE_MANAGER,james.palmer@kaiparaflatssch.school.nz,021-903-4189,2021-06-26,True
2759,1324,Craig,Wong,HS_REP,craig.wong@kaiparaflatssch.school.nz,022-320-3081,2022-07-01,True
2760,1324,Mason,Stewart,CARETAKER,mason.stewart@kaiparaflatssch.school.nz,025-706-5760,2020-07-03,True
2761,1325,Finn,Te Huia,PRINCIPAL,finn.te huia@karakaschool.school.nz,026-197-3670,2021-12-24,True
2762,1325,Tane,Turner,SITE_MANAGER,tane.turner@karakaschool.school.nz,022-823-4434,2021-03-03,True
2763,1325,James,Taylor,HS_REP,james.taylor@karakaschool.school.nz,026-138-6920,2021-07-24,True
2764,1325,Zara,Turner,CARETAKER,zara.turner@karakaschool.school.nz,022-351-2581,2022-03-16,True
2765,1326,Mark,Collins,PRINCIPAL,mark.collins@kaukapakapascho.school.nz,021-698-1935,2020-04-11,True
2766,1326,Mason,Chen,SITE_MANAGER,mason.chen@kaukapakapascho.school.nz,023-933-1060,2021-12-15,True
2767,1326,Michael,Scott,HS_REP,michael.scott@kaukapakapascho.school.nz,028-741-6224,2020-04-04,True
2768,1326,Hemi,Turner,CARETAKER,hemi.turner@kaukapakapascho.school.nz,028-977-5188,2021-05-25,True
2769,1327,Chris,Fraser,PRINCIPAL,chris.fraser@kauriparkschool.school.nz,021-961-6553,2020-03-31,True
2770,1327,Freya,Patel,SITE_MANAGER,freya.patel@kauriparkschool.school.nz,025-581-4590,2021-11-16,True
2771,1327,Simon,Williams,HS_REP,simon.williams@kauriparkschool.school.nz,025-620-9043,2021-07-27,True
2772,1328,Simon,Morgan,PRINCIPAL,simon.morgan@kaurilandsschoo.school.nz,026-339-7361,2021-02-04,True
2773,1328,Moana,Edwards,SITE_MANAGER,moana.edwards@kaurilandsschoo.school.nz,023-539-5356,2022-02-03,True
2774,1328,Noah,Green,HS_REP,noah.green@kaurilandsschoo.school.nz,023-871-3159,2020-01-29,True
2775,1329,Grant,Burns,PRINCIPAL,grant.burns@kedgleyintermed.school.nz,026-475-3277,2020-09-22,True
2776,1329,Grant,Brown,SITE_MANAGER,grant.brown@kedgleyintermed.school.nz,028-445-8045,2020-03-13,True
2777,1329,James,Hamilton,HS_REP,james.hamilton@kedgleyintermed.school.nz,026-866-3591,2022-07-30,True
2778,1330,Amelia,Smith,PRINCIPAL,amelia.smith@kelstonintermed.school.nz,028-296-1882,2021-09-02,True
2779,1330,Grant,Fitzgerald,SITE_MANAGER,grant.fitzgerald@kelstonintermed.school.nz,025-545-9063,2022-07-04,True
2780,1330,Ryan,Bennett,HS_REP,ryan.bennett@kelstonintermed.school.nz,028-636-2323,2020-12-09,True
2781,1330,Noah,Walker,CARETAKER,noah.walker@kelstonintermed.school.nz,026-969-6380,2021-04-17,True
2782,1331,Luke,Singh,PRINCIPAL,luke.singh@kelstonschool.school.nz,028-586-1691,2021-10-13,True
2783,1331,Sam,Wright,SITE_MANAGER,sam.wright@kelstonschool.school.nz,021-101-7045,2022-01-27,True
2784,1331,Grace,Watson,HS_REP,grace.watson@kelstonschool.school.nz,021-882-9399,2020-10-01,True
2785,1331,Georgia,Murray,CARETAKER,georgia.murray@kelstonschool.school.nz,027-327-9070,2021-12-03,True
2786,1332,Tane,Williams,PRINCIPAL,tane.williams@kelvinroadschoo.school.nz,025-121-1421,2021-02-19,True
2787,1332,Tracey,Henare,SITE_MANAGER,tracey.henare@kelvinroadschoo.school.nz,028-550-5657,2022-04-11,True
2788,1332,Holly,Kumar,HS_REP,holly.kumar@kelvinroadschoo.school.nz,026-813-7216,2021-12-31,True
2789,1333,Reuben,Green,PRINCIPAL,reuben.green@moanaroaschool.school.nz,028-909-8947,2020-09-21,True
2790,1333,Jack,Rewi,SITE_MANAGER,jack.rewi@moanaroaschool.school.nz,021-874-9719,2021-12-12,True
2791,1333,Sam,Nguyen,HS_REP,sam.nguyen@moanaroaschool.school.nz,024-515-2872,2021-10-16,True
2792,1334,Daniel,White,PRINCIPAL,daniel.white@kohimaramaschoo.school.nz,027-269-6978,2020-04-25,True
2793,1334,Ethan,Robinson,SITE_MANAGER,ethan.robinson@kohimaramaschoo.school.nz,024-977-3835,2020-06-08,True
2794,1334,Kauri,White,HS_REP,kauri.white@kohimaramaschoo.school.nz,025-460-2784,2021-03-26,True
2795,1335,Ihaia,Taylor,PRINCIPAL,ihaia.taylor@koninischool(au.school.nz,022-902-9951,2020-01-21,True
2796,1335,Jessica,Jones,SITE_MANAGER,jessica.jones@koninischool(au.school.nz,023-100-1253,2022-04-12,True
2797,1335,Shane,Parker,HS_REP,shane.parker@koninischool(au.school.nz,023-387-7036,2021-12-05,True
2798,1335,Sarah,Lee,CARETAKER,sarah.lee@koninischool(au.school.nz,021-891-9732,2021-09-04,True
2799,1336,Ben,Wright,PRINCIPAL,ben.wright@koruschool.school.nz,024-587-3351,2022-03-29,True
2800,1336,Grant,Henderson,SITE_MANAGER,grant.henderson@koruschool.school.nz,028-444-1977,2021-12-30,True
2801,1336,Caleb,Kim,HS_REP,caleb.kim@koruschool.school.nz,028-888-4135,2021-01-06,True
2802,1336,Mark,Green,CARETAKER,mark.green@koruschool.school.nz,024-838-2987,2021-12-09,True
2803,1337,Tracey,Williams,PRINCIPAL,tracey.williams@kōwhaiintermedi.school.nz,023-665-1162,2021-06-12,True
2804,1337,Ethan,Kumar,SITE_MANAGER,ethan.kumar@kōwhaiintermedi.school.nz,023-765-4893,2021-06-14,True
2805,1337,Maia,Wilson,HS_REP,maia.wilson@kōwhaiintermedi.school.nz,028-754-1282,2022-01-29,True
2806,1337,Aroha,Nguyen,CARETAKER,aroha.nguyen@kōwhaiintermedi.school.nz,022-331-4995,2022-04-20,True
2807,1338,Wiremu,Brown,PRINCIPAL,wiremu.brown@laingholmschool.school.nz,027-682-9884,2020-04-02,True
2808,1338,Grant,Clarke,SITE_MANAGER,grant.clarke@laingholmschool.school.nz,025-204-4290,2021-04-08,True
2809,1338,Tracey,Roberts,HS_REP,tracey.roberts@laingholmschool.school.nz,021-546-9456,2022-04-22,True
2810,1339,Sophie,Taylor,PRINCIPAL,sophie.taylor@leabankschool.school.nz,023-294-2539,2022-03-05,True
2811,1339,Olivia,Taukiri,SITE_MANAGER,olivia.taukiri@leabankschool.school.nz,022-338-8785,2022-08-30,True
2812,1339,Chris,Roberts,HS_REP,chris.roberts@leabankschool.school.nz,022-695-3654,2020-07-01,True
2813,1339,Stacey,Rewi,CARETAKER,stacey.rewi@leabankschool.school.nz,024-229-6891,2021-05-07,True
2814,1340,Aroha,Chen,PRINCIPAL,aroha.chen@leighschool.school.nz,028-473-3258,2021-07-18,True
2815,1340,Holly,Hall,SITE_MANAGER,holly.hall@leighschool.school.nz,026-247-3438,2020-01-21,True
2816,1340,Mason,Turner,HS_REP,mason.turner@leighschool.school.nz,027-352-7009,2022-07-15,True
2817,1340,Sarah,Walker,CARETAKER,sarah.walker@leighschool.school.nz,028-961-1364,2022-03-12,True
2818,1341,Caleb,Murray,PRINCIPAL,caleb.murray@lincolnheightss.school.nz,023-416-1653,2020-03-13,True
2819,1341,Andrew,Scott,SITE_MANAGER,andrew.scott@lincolnheightss.school.nz,026-300-5211,2022-02-10,True
2820,1341,Sarah,Young,HS_REP,sarah.young@lincolnheightss.school.nz,026-724-4946,2022-02-17,True
2821,1342,Anika,Brown,PRINCIPAL,anika.brown@longbayschool.school.nz,024-808-6956,2021-12-23,True
2822,1342,Matthew,Lee,SITE_MANAGER,matthew.lee@longbayschool.school.nz,023-878-6703,2020-06-20,True
2823,1342,Ben,Young,HS_REP,ben.young@longbayschool.school.nz,026-169-8534,2020-07-04,True
2824,1343,Sam,Baker,PRINCIPAL,sam.baker@mairangibayscho.school.nz,023-684-8980,2021-07-14,True
2825,1343,Kylie,Stewart,SITE_MANAGER,kylie.stewart@mairangibayscho.school.nz,021-552-1569,2022-08-05,True
2826,1343,Maia,Harawira,HS_REP,maia.harawira@mairangibayscho.school.nz,028-296-6596,2020-09-12,True
2827,1343,Brooke,Taukiri,CARETAKER,brooke.taukiri@mairangibayscho.school.nz,024-886-5912,2021-07-14,True
2828,1344,Charlotte,Hamilton,PRINCIPAL,charlotte.hamilton@mangatangischoo.school.nz,024-164-5382,2022-03-15,True
2829,1344,Freya,Burns,SITE_MANAGER,freya.burns@mangatangischoo.school.nz,022-253-1133,2020-10-16,True
2830,1344,Ben,Green,HS_REP,ben.green@mangatangischoo.school.nz,023-237-6163,2020-06-08,True
2831,1344,Ethan,Hall,CARETAKER,ethan.hall@mangatangischoo.school.nz,023-680-4775,2021-05-14,True
2832,1345,Rachel,Taylor,PRINCIPAL,rachel.taylor@mangatawhirisch.school.nz,021-515-5800,2022-05-19,True
2833,1345,Anika,Parker,SITE_MANAGER,anika.parker@mangatawhirisch.school.nz,024-496-6905,2020-05-21,True
2834,1345,Grace,Brown,HS_REP,grace.brown@mangatawhirisch.school.nz,023-102-5559,2020-10-21,True
2835,1346,Mere,Scott,PRINCIPAL,mere.scott@maangerebridges.school.nz,024-989-3392,2021-12-23,True
2836,1346,Wiremu,Robinson,SITE_MANAGER,wiremu.robinson@maangerebridges.school.nz,023-500-1956,2021-06-02,True
2837,1346,Josh,Williams,HS_REP,josh.williams@maangerebridges.school.nz,026-261-2227,2021-04-20,True
2838,1346,Shane,Walker,CARETAKER,shane.walker@maangerebridges.school.nz,022-190-6999,2020-01-31,True
2839,1347,Tia,Patel,PRINCIPAL,tia.patel@mangerecentrals.school.nz,024-632-5182,2021-06-11,True
2840,1347,Daniel,Mahuta,SITE_MANAGER,daniel.mahuta@mangerecentrals.school.nz,028-162-7526,2020-03-21,True
2841,1347,Sam,Palmer,HS_REP,sam.palmer@mangerecentrals.school.nz,026-726-4277,2021-02-05,True
2842,1347,Ruby,Roberts,CARETAKER,ruby.roberts@mangerecentrals.school.nz,021-243-2588,2020-07-26,True
2843,1348,Ethan,Fraser,PRINCIPAL,ethan.fraser@māngereeastscho.school.nz,023-606-9309,2021-11-22,True
2844,1348,Max,Brown,SITE_MANAGER,max.brown@māngereeastscho.school.nz,028-598-5411,2020-05-18,True
2845,1348,Michelle,Brown,HS_REP,michelle.brown@māngereeastscho.school.nz,027-235-4126,2021-09-04,True
2846,1348,Ben,Gallagher,CARETAKER,ben.gallagher@māngereeastscho.school.nz,023-520-8382,2022-08-11,True
2847,1350,Shane,Harawira,PRINCIPAL,shane.harawira@manukaprimarysc.school.nz,025-118-3645,2020-11-24,True
2848,1350,Aroha,Jones,SITE_MANAGER,aroha.jones@manukaprimarysc.school.nz,028-508-1557,2022-04-06,True
2849,1350,Aroha,Cooper,HS_REP,aroha.cooper@manukaprimarysc.school.nz,025-719-5008,2020-05-01,True
2850,1351,Rawiri,Collins,PRINCIPAL,rawiri.collins@royaloakinterme.school.nz,021-921-7400,2020-08-15,True
2851,1351,Ruby,Fitzgerald,SITE_MANAGER,ruby.fitzgerald@royaloakinterme.school.nz,025-843-8916,2021-11-17,True
2852,1351,Nikau,Wong,HS_REP,nikau.wong@royaloakinterme.school.nz,021-368-9633,2021-03-30,True
2853,1352,Aria,Smith,PRINCIPAL,aria.smith@manurewaeastsch.school.nz,028-339-1929,2020-12-06,True
2854,1352,Scott,Kim,SITE_MANAGER,scott.kim@manurewaeastsch.school.nz,021-817-1134,2022-09-04,True
2855,1352,Holly,Harawira,HS_REP,holly.harawira@manurewaeastsch.school.nz,023-441-1175,2022-05-02,True
2856,1353,Grace,Singh,PRINCIPAL,grace.singh@manurewainterme.school.nz,027-244-1775,2020-03-20,True
2857,1353,Hayley,Harris,SITE_MANAGER,hayley.harris@manurewainterme.school.nz,025-586-1799,2022-08-17,True
2858,1353,Freya,Lee,HS_REP,freya.lee@manurewainterme.school.nz,025-509-8006,2020-03-04,True
2859,1353,Freya,Cooper,CARETAKER,freya.cooper@manurewainterme.school.nz,028-112-4780,2021-09-06,True
2860,1354,Donna,Bennett,PRINCIPAL,donna.bennett@manurewacentral.school.nz,026-661-2892,2021-05-09,True
2861,1354,Emma,Russell,SITE_MANAGER,emma.russell@manurewacentral.school.nz,025-313-5809,2022-07-29,True
2862,1354,Luke,Green,HS_REP,luke.green@manurewacentral.school.nz,024-892-3865,2021-11-28,True
2863,1354,Chris,Bennett,CARETAKER,chris.bennett@manurewacentral.school.nz,023-254-9686,2022-07-16,True
2864,1355,Grace,Murray,PRINCIPAL,grace.murray@manurewasouthsc.school.nz,022-251-3445,2021-04-08,True
2865,1355,Rawiri,Tamati,SITE_MANAGER,rawiri.tamati@manurewasouthsc.school.nz,025-936-5324,2021-07-22,True
2866,1355,Zara,Hill,HS_REP,zara.hill@manurewasouthsc.school.nz,024-216-6289,2020-08-02,True
2867,1356,Nicola,Rewi,PRINCIPAL,nicola.rewi@manurewawestsch.school.nz,027-651-5428,2021-12-07,True
2868,1356,Rawiri,Henare,SITE_MANAGER,rawiri.henare@manurewawestsch.school.nz,027-828-6922,2022-07-05,True
2869,1356,Ethan,Clarke,HS_REP,ethan.clarke@manurewawestsch.school.nz,025-806-7899,2021-05-02,True
2870,1356,Sophie,Lee,CARETAKER,sophie.lee@manurewawestsch.school.nz,023-692-1232,2020-06-01,True
2871,1357,Anika,Hall,PRINCIPAL,anika.hall@maraetaibeachsc.school.nz,023-419-1134,2020-05-07,True
2872,1357,Noah,Martin,SITE_MANAGER,noah.martin@maraetaibeachsc.school.nz,022-819-8545,2020-06-30,True
2873,1357,Reuben,Henderson,HS_REP,reuben.henderson@maraetaibeachsc.school.nz,025-462-2437,2021-10-02,True
2874,1358,Shane,Taukiri,PRINCIPAL,shane.taukiri@maramaruaschool.school.nz,028-438-6940,2022-08-07,True
2875,1358,Kaia,Anderson,SITE_MANAGER,kaia.anderson@maramaruaschool.school.nz,023-922-7331,2020-09-05,True
2876,1358,Stacey,Kim,HS_REP,stacey.kim@maramaruaschool.school.nz,022-721-2565,2020-02-15,True
2877,1359,Stacey,Nguyen,PRINCIPAL,stacey.nguyen@maristschool(mt.school.nz,021-700-3610,2021-04-09,True
2878,1359,Ihaia,Hamilton,SITE_MANAGER,ihaia.hamilton@maristschool(mt.school.nz,028-135-7017,2021-11-18,True
2879,1359,Paula,Clarke,HS_REP,paula.clarke@maristschool(mt.school.nz,028-505-8081,2020-04-16,True
2880,1359,Freya,Brown,CARETAKER,freya.brown@maristschool(mt.school.nz,023-383-7626,2021-09-12,True
2881,1360,Sophie,Campbell,PRINCIPAL,sophie.campbell@maristcatholics.school.nz,024-763-3874,2021-05-21,True
2882,1360,Grace,Palmer,SITE_MANAGER,grace.palmer@maristcatholics.school.nz,024-744-1079,2022-04-25,True
2883,1360,Amber,Martin,HS_REP,amber.martin@maristcatholics.school.nz,025-127-3813,2022-09-22,True
2884,1360,Jessica,Gallagher,CARETAKER,jessica.gallagher@maristcatholics.school.nz,025-955-1560,2020-08-21,True
2885,1361,Wiremu,Harris,PRINCIPAL,wiremu.harris@marlboroughscho.school.nz,021-179-7918,2022-04-09,True
2886,1361,Aria,Brown,SITE_MANAGER,aria.brown@marlboroughscho.school.nz,028-616-8235,2021-09-24,True
2887,1361,Nathan,Williams,HS_REP,nathan.williams@marlboroughscho.school.nz,025-197-6048,2020-07-04,True
2888,1361,Sam,Tamati,CARETAKER,sam.tamati@marlboroughscho.school.nz,025-130-6986,2020-01-05,True
2889,1362,David,Smith,PRINCIPAL,david.smith@marshalllaingsc.school.nz,023-711-1704,2022-01-15,True
2890,1362,Ihaia,Palmer,SITE_MANAGER,ihaia.palmer@marshalllaingsc.school.nz,023-678-1587,2021-12-20,True
2891,1362,Mason,Collins,HS_REP,mason.collins@marshalllaingsc.school.nz,022-100-5816,2021-07-18,True
2892,1362,Matiu,Taylor,CARETAKER,matiu.taylor@marshalllaingsc.school.nz,025-508-4141,2021-06-11,True
2893,1363,Jack,Brown,PRINCIPAL,jack.brown@masseyprimarysc.school.nz,026-997-9253,2022-04-27,True
2894,1363,Caleb,Te Huia,SITE_MANAGER,caleb.te huia@masseyprimarysc.school.nz,027-939-7143,2020-04-16,True
2895,1363,Noah,Johnston,HS_REP,noah.johnston@masseyprimarysc.school.nz,024-338-6757,2020-08-11,True
2896,1364,Liam,Gray,PRINCIPAL,liam.gray@matakanaschool.school.nz,025-724-9789,2022-05-02,True
2897,1364,Kaia,Morgan,SITE_MANAGER,kaia.morgan@matakanaschool.school.nz,024-304-7878,2021-12-16,True
2898,1364,Mark,Walker,HS_REP,mark.walker@matakanaschool.school.nz,024-410-6248,2022-01-02,True
2899,1364,Rachel,Mahuta,CARETAKER,rachel.mahuta@matakanaschool.school.nz,027-459-3618,2020-08-07,True
2900,1365,Joanne,Mahuta,PRINCIPAL,joanne.mahuta@matiporoadschoo.school.nz,026-446-4562,2021-06-26,True
2901,1365,Charlotte,Baker,SITE_MANAGER,charlotte.baker@matiporoadschoo.school.nz,022-291-5439,2020-05-16,True
2902,1365,Aria,Hill,HS_REP,aria.hill@matiporoadschoo.school.nz,021-178-4502,2022-07-01,True
2903,1366,Sophie,Brown,PRINCIPAL,sophie.brown@maukuschool.school.nz,021-485-9323,2020-11-03,True
2904,1366,Aroha,Taukiri,SITE_MANAGER,aroha.taukiri@maukuschool.school.nz,021-930-8675,2021-06-20,True
2905,1366,Luke,Baker,HS_REP,luke.baker@maukuschool.school.nz,025-940-2208,2020-04-12,True
2906,1366,Sophie,Bennett,CARETAKER,sophie.bennett@maukuschool.school.nz,021-758-7924,2021-02-21,True
2907,1367,Andrew,Wilson,PRINCIPAL,andrew.wilson@maungawhauschoo.school.nz,022-515-6024,2022-04-12,True
2908,1367,Michael,Mahuta,SITE_MANAGER,michael.mahuta@maungawhauschoo.school.nz,026-266-5887,2021-05-10,True
2909,1367,Michael,Lee,HS_REP,michael.lee@maungawhauschoo.school.nz,025-380-1177,2022-07-21,True
2910,1367,Freya,Green,CARETAKER,freya.green@maungawhauschoo.school.nz,028-499-1926,2022-05-31,True
2911,1368,Liam,Kim,PRINCIPAL,liam.kim@mayroadschool.school.nz,026-956-8314,2022-03-12,True
2912,1368,Ben,Williams,SITE_MANAGER,ben.williams@mayroadschool.school.nz,023-584-8056,2022-07-11,True
2913,1368,Jessica,Hall,HS_REP,jessica.hall@mayroadschool.school.nz,021-940-5393,2020-03-09,True
2914,1369,Scott,Palmer,PRINCIPAL,scott.palmer@mayfieldschool(.school.nz,024-296-5379,2020-11-23,True
2915,1369,Charlotte,King,SITE_MANAGER,charlotte.king@mayfieldschool(.school.nz,023-738-7305,2020-09-13,True
2916,1369,Mark,Watson,HS_REP,mark.watson@mayfieldschool(.school.nz,023-502-4144,2021-12-16,True
2917,1370,Amber,Watson,PRINCIPAL,amber.watson@meadowbankschoo.school.nz,025-277-9932,2020-07-26,True
2918,1370,Josh,Mitchell,SITE_MANAGER,josh.mitchell@meadowbankschoo.school.nz,021-415-4983,2020-03-29,True
2919,1370,Amber,Henderson,HS_REP,amber.henderson@meadowbankschoo.school.nz,028-447-2801,2021-04-28,True
2920,1371,Freya,Singh,PRINCIPAL,freya.singh@mellonsbayschoo.school.nz,026-610-8873,2021-11-25,True
2921,1371,Ihaia,Gallagher,SITE_MANAGER,ihaia.gallagher@mellonsbayschoo.school.nz,022-885-4668,2021-01-10,True
2922,1371,Wiremu,Patel,HS_REP,wiremu.patel@mellonsbayschoo.school.nz,022-690-1140,2020-02-23,True
2923,1372,Finn,Roberts,PRINCIPAL,finn.roberts@tepainaschool.school.nz,026-419-5374,2021-11-02,True
2924,1372,Daniel,Henderson,SITE_MANAGER,daniel.henderson@tepainaschool.school.nz,024-833-6101,2022-04-13,True
2925,1372,Rawiri,Martin,HS_REP,rawiri.martin@tepainaschool.school.nz,024-213-3496,2020-01-15,True
2926,1373,Emma,Rewi,PRINCIPAL,emma.rewi@meremereschool.school.nz,024-275-8241,2020-05-13,True
2927,1373,Brooke,Cooper,SITE_MANAGER,brooke.cooper@meremereschool.school.nz,027-833-7657,2020-11-11,True
2928,1373,Isla,Harris,HS_REP,isla.harris@meremereschool.school.nz,023-715-3418,2020-01-25,True
2929,1373,Caleb,Nguyen,CARETAKER,caleb.nguyen@meremereschool.school.nz,027-803-4022,2021-02-11,True
2930,1375,Simon,Wright,PRINCIPAL,simon.wright@milfordschool(a.school.nz,021-872-9666,2021-04-29,True
2931,1375,Holly,Kim,SITE_MANAGER,holly.kim@milfordschool(a.school.nz,024-285-2534,2020-03-16,True
2932,1375,Shane,Crawford,HS_REP,shane.crawford@milfordschool(a.school.nz,025-924-3118,2020-11-08,True
2933,1375,Luke,Tamati,CARETAKER,luke.tamati@milfordschool(a.school.nz,027-833-4775,2022-01-21,True
2934,1376,Mere,Morgan,PRINCIPAL,mere.morgan@montececiliacat.school.nz,021-654-7718,2020-07-09,True
2935,1376,Rawiri,Wong,SITE_MANAGER,rawiri.wong@montececiliacat.school.nz,025-950-1402,2022-05-03,True
2936,1376,Olivia,Palmer,HS_REP,olivia.palmer@montececiliacat.school.nz,026-161-8371,2021-06-13,True
2937,1378,Noah,Harris,PRINCIPAL,noah.harris@mtedennormalsch.school.nz,027-274-9418,2020-01-21,True
2938,1378,Hemi,Wright,SITE_MANAGER,hemi.wright@mtedennormalsch.school.nz,026-172-5233,2021-09-20,True
2939,1378,Olivia,Martin,HS_REP,olivia.martin@mtedennormalsch.school.nz,022-941-4245,2021-02-15,True
2940,1379,Mark,Wong,PRINCIPAL,mark.wong@mtrichmondschoo.school.nz,023-691-6617,2020-04-09,True
2941,1379,Daniel,Green,SITE_MANAGER,daniel.green@mtrichmondschoo.school.nz,021-568-9921,2021-07-27,True
2942,1379,Hemi,Mahuta,HS_REP,hemi.mahuta@mtrichmondschoo.school.nz,022-415-9626,2022-09-03,True
2943,1379,Ihaia,Parker,CARETAKER,ihaia.parker@mtrichmondschoo.school.nz,025-665-2456,2020-01-28,True
2944,1380,Aria,Henare,PRINCIPAL,aria.henare@mountainviewsch.school.nz,024-458-7710,2020-04-26,True
2945,1380,Rawiri,Harris,SITE_MANAGER,rawiri.harris@mountainviewsch.school.nz,027-877-2980,2020-07-27,True
2946,1380,Mere,Green,HS_REP,mere.green@mountainviewsch.school.nz,027-721-3988,2020-04-01,True
2947,1381,Kylie,Rewi,PRINCIPAL,kylie.rewi@mtalbertschool.school.nz,024-700-4306,2020-10-06,True
2948,1381,Tracey,Campbell,SITE_MANAGER,tracey.campbell@mtalbertschool.school.nz,025-431-5553,2022-09-13,True
2949,1381,Sarah,Smith,HS_REP,sarah.smith@mtalbertschool.school.nz,028-899-2503,2020-10-27,True
2950,1382,Maia,Gray,PRINCIPAL,maia.gray@mtcarmelschool(.school.nz,021-664-2000,2020-07-11,True
2951,1382,James,Williams,SITE_MANAGER,james.williams@mtcarmelschool(.school.nz,023-174-6215,2020-10-18,True
2952,1382,Michael,Singh,HS_REP,michael.singh@mtcarmelschool(.school.nz,021-436-3870,2021-07-05,True
2953,1382,Maia,Hall,CARETAKER,maia.hall@mtcarmelschool(.school.nz,026-168-3773,2022-02-12,True
2954,1383,Tia,Green,PRINCIPAL,tia.green@mtroskillinterm.school.nz,024-734-1301,2020-08-22,True
2955,1383,Amber,Lee,SITE_MANAGER,amber.lee@mtroskillinterm.school.nz,027-816-7145,2022-03-17,True
2956,1383,Simon,King,HS_REP,simon.king@mtroskillinterm.school.nz,022-385-8803,2020-10-28,True
2957,1383,Ethan,Edwards,CARETAKER,ethan.edwards@mtroskillinterm.school.nz,025-185-2305,2020-07-06,True
2958,1384,Tane,Mahuta,PRINCIPAL,tane.mahuta@mtroskillprimar.school.nz,022-284-6525,2022-04-05,True
2959,1384,Daniel,Gray,SITE_MANAGER,daniel.gray@mtroskillprimar.school.nz,025-888-3773,2020-11-13,True
2960,1384,Georgia,Robinson,HS_REP,georgia.robinson@mtroskillprimar.school.nz,028-236-2813,2020-03-24,True
2961,1385,Olivia,Turner,PRINCIPAL,olivia.turner@mulberrygrovesc.school.nz,024-361-4266,2020-05-30,True
2962,1385,Sarah,Palmer,SITE_MANAGER,sarah.palmer@mulberrygrovesc.school.nz,023-830-1696,2022-07-16,True
2963,1385,Matthew,Wright,HS_REP,matthew.wright@mulberrygrovesc.school.nz,021-627-9205,2021-03-02,True
2964,1385,Rachel,Hamilton,CARETAKER,rachel.hamilton@mulberrygrovesc.school.nz,025-777-4189,2020-08-22,True
2965,1386,Finn,Wong,PRINCIPAL,finn.wong@murraysbayinter.school.nz,026-854-3760,2021-11-18,True
2966,1386,Sophie,Crawford,SITE_MANAGER,sophie.crawford@murraysbayinter.school.nz,026-864-9926,2020-04-01,True
2967,1386,David,King,HS_REP,david.king@murraysbayinter.school.nz,025-146-8199,2020-07-04,True
2968,1387,Charlotte,Burns,PRINCIPAL,charlotte.burns@murraysbayschoo.school.nz,024-906-3291,2022-01-30,True
2969,1387,Finn,Walker,SITE_MANAGER,finn.walker@murraysbayschoo.school.nz,026-895-7951,2020-03-01,True
2970,1387,Kylie,Baker,HS_REP,kylie.baker@murraysbayschoo.school.nz,027-758-3375,2021-07-09,True
2971,1388,Stacey,Palmer,PRINCIPAL,stacey.palmer@macleansprimary.school.nz,023-926-2638,2022-09-23,True
2972,1388,Hayley,Kim,SITE_MANAGER,hayley.kim@macleansprimary.school.nz,021-112-9701,2022-02-21,True
2973,1388,Amelia,Martin,HS_REP,amelia.martin@macleansprimary.school.nz,027-748-5359,2020-03-31,True
2974,1389,Matiu,Young,PRINCIPAL,matiu.young@newlynnschool.school.nz,025-625-7506,2021-12-08,True
2975,1389,Sarah,Burns,SITE_MANAGER,sarah.burns@newlynnschool.school.nz,026-965-1825,2021-07-20,True
2976,1389,Hayley,Harawira,HS_REP,hayley.harawira@newlynnschool.school.nz,028-233-2119,2021-09-16,True
2977,1390,Hayley,Henare,PRINCIPAL,hayley.henare@newwindsorschoo.school.nz,026-307-4000,2020-03-02,True
2978,1390,Grace,Anderson,SITE_MANAGER,grace.anderson@newwindsorschoo.school.nz,022-993-4273,2021-11-25,True
2979,1390,Ihaia,Gallagher,HS_REP,ihaia.gallagher@newwindsorschoo.school.nz,021-205-4691,2022-08-05,True
2980,1390,Olivia,Burns,CARETAKER,olivia.burns@newwindsorschoo.school.nz,024-847-8217,2020-09-15,True
2981,1391,Brooke,Patel,PRINCIPAL,brooke.patel@newmarketschool.school.nz,024-643-9246,2020-07-21,True
2982,1391,Matiu,King,SITE_MANAGER,matiu.king@newmarketschool.school.nz,024-406-2825,2021-04-09,True
2983,1391,Sarah,Jones,HS_REP,sarah.jones@newmarketschool.school.nz,023-772-7541,2021-12-09,True
2984,1392,Kaia,Lee,PRINCIPAL,kaia.lee@teurukarakanewt.school.nz,025-883-3233,2021-10-10,True
2985,1392,Aroha,Hall,SITE_MANAGER,aroha.hall@teurukarakanewt.school.nz,024-826-6443,2021-01-25,True
2986,1392,Nicola,Hamilton,HS_REP,nicola.hamilton@teurukarakanewt.school.nz,021-589-3386,2021-01-06,True
2987,1392,Wiremu,Edwards,CARETAKER,wiremu.edwards@teurukarakanewt.school.nz,025-181-7582,2021-08-12,True
2988,1393,Mark,Russell,PRINCIPAL,mark.russell@ngaiwischool.school.nz,021-189-3678,2021-02-17,True
2989,1393,Mark,Roberts,SITE_MANAGER,mark.roberts@ngaiwischool.school.nz,025-203-7051,2021-05-23,True
2990,1393,Daniel,Robinson,HS_REP,daniel.robinson@ngaiwischool.school.nz,024-343-7055,2021-04-04,True
2991,1394,Grant,Wright,PRINCIPAL,grant.wright@northcoteinterm.school.nz,021-185-5906,2022-06-03,True
2992,1394,Nathan,White,SITE_MANAGER,nathan.white@northcoteinterm.school.nz,026-166-4902,2020-12-11,True
2993,1394,Sarah,Green,HS_REP,sarah.green@northcoteinterm.school.nz,023-792-2722,2022-06-09,True
2994,1395,Jessica,Kim,PRINCIPAL,jessica.kim@northcoteschool.school.nz,027-942-2379,2021-12-02,True
2995,1395,Kauri,Patel,SITE_MANAGER,kauri.patel@northcoteschool.school.nz,023-541-4800,2020-04-30,True
2996,1395,Isla,Gray,HS_REP,isla.gray@northcoteschool.school.nz,026-827-8101,2020-08-27,True
2997,1396,Lisa,Fraser,PRINCIPAL,lisa.fraser@northcrossinter.school.nz,023-102-2755,2022-01-29,True
2998,1396,Andrew,Martin,SITE_MANAGER,andrew.martin@northcrossinter.school.nz,021-173-8542,2022-09-09,True
2999,1396,Noah,Watson,HS_REP,noah.watson@northcrossinter.school.nz,027-305-3831,2020-06-17,True
3000,1396,Craig,Wong,CARETAKER,craig.wong@northcrossinter.school.nz,022-305-5711,2021-11-13,True
3001,1397,Olivia,Fraser,PRINCIPAL,olivia.fraser@oaklynnspecials.school.nz,022-176-6773,2021-01-09,True
3002,1397,Amber,Edwards,SITE_MANAGER,amber.edwards@oaklynnspecials.school.nz,027-100-3673,2022-07-30,True
3003,1397,Michael,Lee,HS_REP,michael.lee@oaklynnspecials.school.nz,023-424-1574,2021-03-02,True
3004,1397,Michelle,Johnston,CARETAKER,michelle.johnston@oaklynnspecials.school.nz,025-917-2247,2021-02-04,True
3005,1398,Nikau,Cooper,PRINCIPAL,nikau.cooper@okiwischool.school.nz,026-133-4080,2020-10-18,True
3006,1398,Amelia,Russell,SITE_MANAGER,amelia.russell@okiwischool.school.nz,021-345-9367,2020-03-25,True
3007,1398,Holly,Stewart,HS_REP,holly.stewart@okiwischool.school.nz,021-212-6391,2020-06-13,True
3008,1399,Karen,Baker,PRINCIPAL,karen.baker@onehungaprimary.school.nz,023-734-4512,2022-01-30,True
3009,1399,Georgia,Tamati,SITE_MANAGER,georgia.tamati@onehungaprimary.school.nz,022-890-1946,2021-05-25,True
3010,1399,Rawiri,Johnston,HS_REP,rawiri.johnston@onehungaprimary.school.nz,024-117-7695,2020-12-04,True
3011,1400,Ryan,Watson,PRINCIPAL,ryan.watson@onepotoschool.school.nz,023-242-2580,2021-03-03,True
3012,1400,Freya,Tamati,SITE_MANAGER,freya.tamati@onepotoschool.school.nz,028-139-9742,2022-05-16,True
3013,1400,Michelle,Crawford,HS_REP,michelle.crawford@onepotoschool.school.nz,026-944-2331,2020-08-02,True
3014,1401,Maia,Patel,PRINCIPAL,maia.patel@opahekeschool.school.nz,027-799-5218,2022-07-12,True
3015,1401,Ruby,Gray,SITE_MANAGER,ruby.gray@opahekeschool.school.nz,022-631-9228,2021-01-22,True
3016,1401,Hemi,Chen,HS_REP,hemi.chen@opahekeschool.school.nz,028-141-5647,2020-10-11,True
3017,1401,Chris,Kumar,CARETAKER,chris.kumar@opahekeschool.school.nz,026-953-7444,2020-10-16,True
3018,1402,Wiremu,Scott,PRINCIPAL,wiremu.scott@orakeischool.school.nz,021-556-9269,2022-02-11,True
3019,1402,Nikau,Scott,SITE_MANAGER,nikau.scott@orakeischool.school.nz,021-908-2665,2020-02-02,True
3020,1402,Wiremu,Robinson,HS_REP,wiremu.robinson@orakeischool.school.nz,023-182-6768,2022-07-31,True
3021,1403,Kaia,Stewart,PRINCIPAL,kaia.stewart@orangaschool.school.nz,023-355-3290,2020-05-06,True
3022,1403,Jack,Turner,SITE_MANAGER,jack.turner@orangaschool.school.nz,028-878-7659,2021-06-11,True
3023,1403,Shane,Te Huia,HS_REP,shane.te huia@orangaschool.school.nz,026-662-1925,2020-02-15,True
3024,1403,Reuben,Robinson,CARETAKER,reuben.robinson@orangaschool.school.nz,022-670-9100,2022-03-23,True
3025,1404,Freya,Young,PRINCIPAL,freya.young@oratiaschool.school.nz,027-641-7810,2022-03-10,True
3026,1404,Simon,Green,SITE_MANAGER,simon.green@oratiaschool.school.nz,022-918-5517,2021-06-03,True
3027,1404,Ruby,Brown,HS_REP,ruby.brown@oratiaschool.school.nz,026-955-8380,2020-04-24,True
3028,1405,Hemi,Jones,PRINCIPAL,hemi.jones@orereschool.school.nz,023-176-7866,2022-09-25,True
3029,1405,Aria,Crawford,SITE_MANAGER,aria.crawford@orereschool.school.nz,023-163-7867,2021-01-17,True
3030,1405,Rachel,Watson,HS_REP,rachel.watson@orereschool.school.nz,025-138-3074,2021-07-19,True
3031,1405,Tane,Taylor,CARETAKER,tane.taylor@orereschool.school.nz,023-119-4076,2020-11-13,True
3032,1406,Michelle,Morgan,PRINCIPAL,michelle.morgan@orewabeachschoo.school.nz,023-698-6394,2021-12-05,True
3033,1406,Sam,Taukiri,SITE_MANAGER,sam.taukiri@orewabeachschoo.school.nz,024-131-9142,2020-10-07,True
3034,1406,Hayley,Smith,HS_REP,hayley.smith@orewabeachschoo.school.nz,025-148-9621,2021-03-09,True
3035,1406,Kaia,Martin,CARETAKER,kaia.martin@orewabeachschoo.school.nz,022-898-8879,2021-02-03,True
3036,1407,Nicola,Wilson,PRINCIPAL,nicola.wilson@orewaprimarysch.school.nz,027-508-7518,2021-02-10,True
3037,1407,Anika,Johnston,SITE_MANAGER,anika.johnston@orewaprimarysch.school.nz,028-253-8560,2022-05-27,True
3038,1407,Michelle,Thompson,HS_REP,michelle.thompson@orewaprimarysch.school.nz,027-379-8159,2021-07-19,True
3039,1408,Amber,Thompson,PRINCIPAL,amber.thompson@otahuhuintermed.school.nz,021-359-4858,2021-12-07,True
3040,1408,Maia,Taukiri,SITE_MANAGER,maia.taukiri@otahuhuintermed.school.nz,022-432-3306,2022-06-18,True
3041,1408,Liam,Nguyen,HS_REP,liam.nguyen@otahuhuintermed.school.nz,021-622-5122,2021-01-06,True
3042,1408,Mason,Morgan,CARETAKER,mason.morgan@otahuhuintermed.school.nz,023-759-7640,2021-10-04,True
3043,1409,Amber,Robinson,PRINCIPAL,amber.robinson@otahuhuschool.school.nz,025-145-9745,2022-06-25,True
3044,1409,Moana,Wong,SITE_MANAGER,moana.wong@otahuhuschool.school.nz,024-985-7190,2022-04-02,True
3045,1409,Ryan,Robinson,HS_REP,ryan.robinson@otahuhuschool.school.nz,023-105-9824,2021-05-23,True
3046,1409,Matthew,Smith,CARETAKER,matthew.smith@otahuhuschool.school.nz,026-594-7666,2022-05-01,True
3047,1410,Ben,Taukiri,PRINCIPAL,ben.taukiri@otauaschool.school.nz,026-373-6815,2022-04-02,True
3048,1410,Hayley,Johnston,SITE_MANAGER,hayley.johnston@otauaschool.school.nz,025-446-9531,2021-08-17,True
3049,1410,Simon,Harris,HS_REP,simon.harris@otauaschool.school.nz,023-673-7999,2021-06-16,True
3050,1411,Amelia,Brown,PRINCIPAL,amelia.brown@ourladysacredhe.school.nz,021-812-1388,2022-07-04,True
3051,1411,Zara,Singh,SITE_MANAGER,zara.singh@ourladysacredhe.school.nz,026-146-1812,2021-08-20,True
3052,1411,Aria,Bennett,HS_REP,aria.bennett@ourladysacredhe.school.nz,021-175-1077,2020-12-01,True
3053,1411,Rawiri,Henderson,CARETAKER,rawiri.henderson@ourladysacredhe.school.nz,028-717-4640,2020-12-20,True
3054,1412,Reuben,Hill,PRINCIPAL,reuben.hill@owairakadistric.school.nz,024-129-6035,2020-10-30,True
3055,1412,Anika,Brown,SITE_MANAGER,anika.brown@owairakadistric.school.nz,025-267-7686,2021-05-24,True
3056,1412,Zara,Scott,HS_REP,zara.scott@owairakadistric.school.nz,022-925-1605,2021-07-10,True
3057,1413,Tia,Taukiri,PRINCIPAL,tia.taukiri@owairoaprimarys.school.nz,022-876-6330,2021-12-13,True
3058,1413,Kauri,Harris,SITE_MANAGER,kauri.harris@owairoaprimarys.school.nz,022-445-7919,2021-11-02,True
3059,1413,Matthew,Smith,HS_REP,matthew.smith@owairoaprimarys.school.nz,027-289-1944,2022-02-25,True
3060,1413,Finn,Walker,CARETAKER,finn.walker@owairoaprimarys.school.nz,025-410-2580,2022-06-26,True
3061,1414,Holly,Cooper,PRINCIPAL,holly.cooper@paerataschool.school.nz,028-436-4116,2021-11-01,True
3062,1414,Noah,Kumar,SITE_MANAGER,noah.kumar@paerataschool.school.nz,028-330-3658,2022-04-30,True
3063,1414,Hemi,Smith,HS_REP,hemi.smith@paerataschool.school.nz,022-644-3252,2020-07-02,True
3064,1416,Tane,Harris,PRINCIPAL,tane.harris@pakurangaheight.school.nz,025-643-9013,2020-05-30,True
3065,1416,James,Hamilton,SITE_MANAGER,james.hamilton@pakurangaheight.school.nz,026-203-8647,2021-05-26,True
3066,1416,David,Wright,HS_REP,david.wright@pakurangaheight.school.nz,024-303-7684,2022-08-09,True
3067,1417,Mere,Wilson,PRINCIPAL,mere.wilson@pakurangainterm.school.nz,028-596-5435,2020-12-15,True
3068,1417,Chris,Mitchell,SITE_MANAGER,chris.mitchell@pakurangainterm.school.nz,022-727-4770,2021-05-09,True
3069,1417,Rawiri,Taylor,HS_REP,rawiri.taylor@pakurangainterm.school.nz,022-703-1144,2022-02-18,True
3070,1418,David,Williams,PRINCIPAL,david.williams@panamaroadschoo.school.nz,027-634-7496,2022-02-03,True
3071,1418,Sarah,Jones,SITE_MANAGER,sarah.jones@panamaroadschoo.school.nz,023-160-8156,2020-01-17,True
3072,1418,Charlotte,Edwards,HS_REP,charlotte.edwards@panamaroadschoo.school.nz,027-216-5389,2022-03-15,True
3073,1419,Grant,Hill,PRINCIPAL,grant.hill@panmurebridgesc.school.nz,023-601-1218,2022-07-29,True
3074,1419,Finn,Fitzgerald,SITE_MANAGER,finn.fitzgerald@panmurebridgesc.school.nz,022-982-4549,2021-01-01,True
3075,1419,Ryan,Wong,HS_REP,ryan.wong@panmurebridgesc.school.nz,024-790-9881,2021-08-30,True
3076,1420,Josh,Young,PRINCIPAL,josh.young@panmuredistrict.school.nz,025-611-7815,2022-06-07,True
3077,1420,Aria,Johnston,SITE_MANAGER,aria.johnston@panmuredistrict.school.nz,024-896-3839,2020-08-01,True
3078,1420,Georgia,White,HS_REP,georgia.white@panmuredistrict.school.nz,023-991-1489,2022-08-16,True
3079,1421,Nikau,Campbell,PRINCIPAL,nikau.campbell@papakuracentral.school.nz,025-108-8546,2020-04-04,True
3080,1421,Chris,Roberts,SITE_MANAGER,chris.roberts@papakuracentral.school.nz,021-787-4003,2020-09-08,True
3081,1421,Anika,Brown,HS_REP,anika.brown@papakuracentral.school.nz,024-254-3890,2020-05-23,True
3082,1422,Chris,Stewart,PRINCIPAL,chris.stewart@papakurainterme.school.nz,021-784-4171,2021-04-19,True
3083,1422,Mere,Tamati,SITE_MANAGER,mere.tamati@papakurainterme.school.nz,026-242-9520,2021-06-03,True
3084,1422,Isla,Wright,HS_REP,isla.wright@papakurainterme.school.nz,028-863-5100,2022-01-11,True
3085,1423,Scott,Wong,PRINCIPAL,scott.wong@papakuranormals.school.nz,025-928-1043,2021-04-12,True
3086,1423,Shane,Mahuta,SITE_MANAGER,shane.mahuta@papakuranormals.school.nz,023-716-5925,2020-02-01,True
3087,1423,David,Tamati,HS_REP,david.tamati@papakuranormals.school.nz,028-291-9639,2022-03-21,True
3088,1424,Josh,Rewi,PRINCIPAL,josh.rewi@kereruparkcampu.school.nz,021-486-4014,2022-03-09,True
3089,1424,Hemi,Clarke,SITE_MANAGER,hemi.clarke@kereruparkcampu.school.nz,021-783-8493,2021-12-23,True
3090,1424,Noah,Murray,HS_REP,noah.murray@kereruparkcampu.school.nz,022-708-3505,2021-08-09,True
3091,1424,Caleb,Thompson,CARETAKER,caleb.thompson@kereruparkcampu.school.nz,025-929-2773,2020-12-24,True
3092,1425,Reuben,Cooper,PRINCIPAL,reuben.cooper@paparimuschool.school.nz,021-319-8984,2020-11-28,True
3093,1425,Nathan,Thompson,SITE_MANAGER,nathan.thompson@paparimuschool.school.nz,023-940-9507,2022-06-21,True
3094,1425,Rawiri,Hall,HS_REP,rawiri.hall@paparimuschool.school.nz,024-119-1150,2022-02-16,True
3095,1426,Kylie,Baker,PRINCIPAL,kylie.baker@papatoetoecentr.school.nz,023-226-1752,2020-05-02,True
3096,1426,Georgia,Parker,SITE_MANAGER,georgia.parker@papatoetoecentr.school.nz,022-115-2617,2021-12-05,True
3097,1426,Lisa,Hamilton,HS_REP,lisa.hamilton@papatoetoecentr.school.nz,024-920-3856,2022-05-02,True
3098,1427,Liam,Parker,PRINCIPAL,liam.parker@papatoetoeeasts.school.nz,026-170-7985,2022-03-20,True
3099,1427,Ben,White,SITE_MANAGER,ben.white@papatoetoeeasts.school.nz,025-260-3318,2021-10-21,True
3100,1427,Stacey,Mitchell,HS_REP,stacey.mitchell@papatoetoeeasts.school.nz,027-935-3327,2022-02-25,True
3101,1428,Liam,Hall,PRINCIPAL,liam.hall@papatoetoeinter.school.nz,025-473-2020,2021-12-18,True
3102,1428,Nicola,Gallagher,SITE_MANAGER,nicola.gallagher@papatoetoeinter.school.nz,025-759-1920,2021-03-04,True
3103,1428,Brooke,Henderson,HS_REP,brooke.henderson@papatoetoeinter.school.nz,028-452-1617,2021-04-07,True
3104,1428,Tracey,Wilson,CARETAKER,tracey.wilson@papatoetoeinter.school.nz,023-662-9655,2020-09-25,True
3105,1429,Matiu,Singh,PRINCIPAL,matiu.singh@papatoetoenorth.school.nz,027-852-6608,2020-10-21,True
3106,1429,Charlotte,Palmer,SITE_MANAGER,charlotte.palmer@papatoetoenorth.school.nz,023-230-5906,2020-10-06,True
3107,1429,Jack,Singh,HS_REP,jack.singh@papatoetoenorth.school.nz,021-207-3345,2020-08-05,True
3108,1429,Caleb,Cooper,CARETAKER,caleb.cooper@papatoetoenorth.school.nz,027-722-7277,2021-05-23,True
3109,1430,Wiremu,Palmer,PRINCIPAL,wiremu.palmer@papatoetoesouth.school.nz,026-218-8187,2021-10-10,True
3110,1430,Chris,Lee,SITE_MANAGER,chris.lee@papatoetoesouth.school.nz,023-755-4974,2021-05-25,True
3111,1430,David,Jones,HS_REP,david.jones@papatoetoesouth.school.nz,023-731-4331,2020-09-07,True
3112,1431,Rawiri,Burns,PRINCIPAL,rawiri.burns@papatoetoewests.school.nz,022-377-9183,2021-01-16,True
3113,1431,Hayley,Te Huia,SITE_MANAGER,hayley.te huia@papatoetoewests.school.nz,026-354-5462,2021-11-16,True
3114,1431,Hemi,Fraser,HS_REP,hemi.fraser@papatoetoewests.school.nz,025-957-3253,2020-04-20,True
3115,1431,Kylie,Taylor,CARETAKER,kylie.taylor@papatoetoewests.school.nz,022-884-2761,2020-07-18,True
3116,1432,Ruby,White,PRINCIPAL,ruby.white@parakaischool.school.nz,024-867-3673,2022-04-05,True
3117,1432,Hemi,Thompson,SITE_MANAGER,hemi.thompson@parakaischool.school.nz,025-461-6503,2021-12-24,True
3118,1432,Scott,Kim,HS_REP,scott.kim@parakaischool.school.nz,021-455-8851,2020-11-21,True
3119,1433,Amelia,Palmer,PRINCIPAL,amelia.palmer@ridgeviewschool.school.nz,026-212-4763,2022-06-23,True
3120,1433,Tia,Wright,SITE_MANAGER,tia.wright@ridgeviewschool.school.nz,024-447-1557,2021-09-25,True
3121,1433,Finn,Watson,HS_REP,finn.watson@ridgeviewschool.school.nz,026-684-4230,2021-06-21,True
3122,1434,Kaia,King,PRINCIPAL,kaia.king@mangapikopikosc.school.nz,026-853-6758,2020-09-08,True
3123,1434,Jack,Green,SITE_MANAGER,jack.green@mangapikopikosc.school.nz,023-658-4029,2022-09-08,True
3124,1434,Anika,Harawira,HS_REP,anika.harawira@mangapikopikosc.school.nz,028-239-6931,2020-09-17,True
3125,1434,Finn,Murray,CARETAKER,finn.murray@mangapikopikosc.school.nz,022-909-8189,2020-11-21,True
3126,1435,Noah,Taukiri,PRINCIPAL,noah.taukiri@parksideschool.school.nz,021-393-6155,2020-02-22,True
3127,1435,Anika,Henare,SITE_MANAGER,anika.henare@parksideschool.school.nz,023-962-1399,2020-01-11,True
3128,1435,Stacey,Brown,HS_REP,stacey.brown@parksideschool.school.nz,026-353-4982,2022-02-15,True
3129,1436,Craig,Robinson,PRINCIPAL,craig.robinson@parnellschool.school.nz,027-399-8633,2020-08-25,True
3130,1436,Chris,Jones,SITE_MANAGER,chris.jones@parnellschool.school.nz,022-538-1028,2021-12-04,True
3131,1436,Tane,Anderson,HS_REP,tane.anderson@parnellschool.school.nz,024-178-1684,2021-01-07,True
3132,1437,Mason,Walker,PRINCIPAL,mason.walker@pasadenainterme.school.nz,021-359-1560,2022-07-21,True
3133,1437,Donna,Harawira,SITE_MANAGER,donna.harawira@pasadenainterme.school.nz,023-346-3304,2022-06-19,True
3134,1437,Shane,White,HS_REP,shane.white@pasadenainterme.school.nz,023-737-7605,2022-01-06,True
3135,1437,Amelia,Mahuta,CARETAKER,amelia.mahuta@pasadenainterme.school.nz,025-670-4758,2020-01-05,True
3136,1438,Josh,Wilson,PRINCIPAL,josh.wilson@patumāhoeprimar.school.nz,022-902-5003,2020-12-20,True
3137,1438,Hayley,Walker,SITE_MANAGER,hayley.walker@patumāhoeprimar.school.nz,026-123-1606,2021-12-06,True
3138,1438,Ethan,Martin,HS_REP,ethan.martin@patumāhoeprimar.school.nz,028-478-9113,2020-10-30,True
3139,1438,Michael,Tamati,CARETAKER,michael.tamati@patumāhoeprimar.school.nz,025-472-3812,2021-09-26,True
3140,1439,Sarah,Anderson,PRINCIPAL,sarah.anderson@pigeonmountains.school.nz,028-794-1700,2020-12-18,True
3141,1439,James,Hill,SITE_MANAGER,james.hill@pigeonmountains.school.nz,027-652-3849,2021-02-18,True
3142,1439,Hemi,Burns,HS_REP,hemi.burns@pigeonmountains.school.nz,027-742-5508,2020-08-23,True
3143,1440,Mark,Te Huia,PRINCIPAL,mark.te huia@pointchevaliers.school.nz,021-277-5373,2022-04-15,True
3144,1440,Aroha,Murray,SITE_MANAGER,aroha.murray@pointchevaliers.school.nz,028-489-6065,2020-09-23,True
3145,1440,Tracey,Murray,HS_REP,tracey.murray@pointchevaliers.school.nz,022-822-9349,2020-01-14,True
3146,1441,Matthew,Edwards,PRINCIPAL,matthew.edwards@ptenglandschool.school.nz,028-364-4809,2021-07-25,True
3147,1441,Mark,Kim,SITE_MANAGER,mark.kim@ptenglandschool.school.nz,021-739-5530,2020-09-17,True
3148,1441,Kylie,Rewi,HS_REP,kylie.rewi@ptenglandschool.school.nz,028-536-2661,2022-01-09,True
3149,1441,Charlotte,Singh,CARETAKER,charlotte.singh@ptenglandschool.school.nz,026-326-3058,2022-03-25,True
3150,1442,Paula,Stewart,PRINCIPAL,paula.stewart@pokenoschool.school.nz,027-943-9527,2021-12-18,True
3151,1442,Liam,Bennett,SITE_MANAGER,liam.bennett@pokenoschool.school.nz,027-576-3958,2022-09-21,True
3152,1442,Simon,Patel,HS_REP,simon.patel@pokenoschool.school.nz,022-106-4703,2020-11-27,True
3153,1442,Sam,Lee,CARETAKER,sam.lee@pokenoschool.school.nz,024-928-7319,2022-01-25,True
3154,1444,Andrew,Thompson,PRINCIPAL,andrew.thompson@pomariaroadscho.school.nz,027-431-2339,2021-05-02,True
3155,1444,Holly,Young,SITE_MANAGER,holly.young@pomariaroadscho.school.nz,022-423-3045,2021-12-23,True
3156,1444,Anika,Smith,HS_REP,anika.smith@pomariaroadscho.school.nz,023-725-5355,2021-01-28,True
3157,1445,Sarah,Singh,PRINCIPAL,sarah.singh@ponsonbyinterme.school.nz,024-848-3446,2020-07-14,True
3158,1445,Nikau,Harris,SITE_MANAGER,nikau.harris@ponsonbyinterme.school.nz,023-910-8795,2021-01-18,True
3159,1445,Ryan,Smith,HS_REP,ryan.smith@ponsonbyinterme.school.nz,023-339-3902,2022-08-26,True
3160,1445,Reuben,Watson,CARETAKER,reuben.watson@ponsonbyinterme.school.nz,024-260-2398,2020-01-19,True
3161,1446,Kylie,Wong,PRINCIPAL,kylie.wong@ponsonbyprimary.school.nz,027-889-6061,2020-02-03,True
3162,1446,David,Mahuta,SITE_MANAGER,david.mahuta@ponsonbyprimary.school.nz,021-301-7597,2020-02-29,True
3163,1446,Joanne,Thompson,HS_REP,joanne.thompson@ponsonbyprimary.school.nz,022-288-5656,2022-06-15,True
3164,1446,Mason,Brown,CARETAKER,mason.brown@ponsonbyprimary.school.nz,022-486-9370,2021-05-06,True
3165,1447,Andrew,Burns,PRINCIPAL,andrew.burns@prospectschool.school.nz,028-788-7479,2020-08-09,True
3166,1447,Noah,Mahuta,SITE_MANAGER,noah.mahuta@prospectschool.school.nz,025-348-9400,2020-05-16,True
3167,1447,Max,Henare,HS_REP,max.henare@prospectschool.school.nz,023-335-3597,2021-12-08,True
3168,1448,Ryan,Kim,PRINCIPAL,ryan.kim@puhinuischool.school.nz,025-137-6624,2020-07-04,True
3169,1448,Andrew,Hall,SITE_MANAGER,andrew.hall@puhinuischool.school.nz,025-333-5601,2020-11-29,True
3170,1448,Michael,Lee,HS_REP,michael.lee@puhinuischool.school.nz,024-123-4008,2021-07-16,True
3171,1449,Kaia,Kumar,PRINCIPAL,kaia.kumar@pukekawaschool.school.nz,027-293-1315,2021-02-26,True
3172,1449,Grant,Thompson,SITE_MANAGER,grant.thompson@pukekawaschool.school.nz,022-315-8012,2021-06-01,True
3173,1449,Luke,Johnston,HS_REP,luke.johnston@pukekawaschool.school.nz,024-112-8209,2020-11-18,True
3174,1449,Ihaia,Turner,CARETAKER,ihaia.turner@pukekawaschool.school.nz,024-789-5041,2020-03-14,True
3175,1450,Rachel,Fitzgerald,PRINCIPAL,rachel.fitzgerald@pukekoheeastsch.school.nz,022-527-3505,2020-06-22,True
3176,1450,Caleb,Russell,SITE_MANAGER,caleb.russell@pukekoheeastsch.school.nz,022-867-5855,2022-06-18,True
3177,1450,Jack,Patel,HS_REP,jack.patel@pukekoheeastsch.school.nz,023-291-6033,2022-04-27,True
3178,1450,Reuben,White,CARETAKER,reuben.white@pukekoheeastsch.school.nz,026-174-5369,2020-12-28,True
3179,1451,Zara,Harawira,PRINCIPAL,zara.harawira@pukekohehillsch.school.nz,024-340-7732,2020-12-08,True
3180,1451,Noah,Mahuta,SITE_MANAGER,noah.mahuta@pukekohehillsch.school.nz,027-564-9119,2022-07-26,True
3181,1451,Reuben,Fraser,HS_REP,reuben.fraser@pukekohehillsch.school.nz,021-648-8088,2020-03-08,True
3182,1452,Michael,Campbell,PRINCIPAL,michael.campbell@pukekoheinterme.school.nz,027-976-6591,2021-12-24,True
3183,1452,Amber,Campbell,SITE_MANAGER,amber.campbell@pukekoheinterme.school.nz,023-798-5157,2020-11-18,True
3184,1452,Ruby,King,HS_REP,ruby.king@pukekoheinterme.school.nz,025-665-4577,2020-02-09,True
3185,1452,Karen,Green,CARETAKER,karen.green@pukekoheinterme.school.nz,027-759-1474,2021-06-14,True
3186,1453,Zara,White,PRINCIPAL,zara.white@pukekohenorthsc.school.nz,023-137-7602,2020-09-27,True
3187,1453,Hayley,Jones,SITE_MANAGER,hayley.jones@pukekohenorthsc.school.nz,022-840-2698,2021-05-31,True
3188,1453,Grace,King,HS_REP,grace.king@pukekohenorthsc.school.nz,025-731-2957,2021-12-21,True
3189,1453,Moana,Turner,CARETAKER,moana.turner@pukekohenorthsc.school.nz,027-286-4225,2020-08-13,True
3190,1454,Brooke,Fraser,PRINCIPAL,brooke.fraser@pukeowareschool.school.nz,021-659-9464,2022-02-09,True
3191,1454,Noah,Baker,SITE_MANAGER,noah.baker@pukeowareschool.school.nz,023-109-2625,2022-07-24,True
3192,1454,Matiu,King,HS_REP,matiu.king@pukeowareschool.school.nz,022-553-8206,2020-06-01,True
3193,1455,Caleb,Kumar,PRINCIPAL,caleb.kumar@punischool.school.nz,025-486-7396,2020-11-04,True
3194,1455,Mere,Green,SITE_MANAGER,mere.green@punischool.school.nz,027-663-6814,2020-11-19,True
3195,1455,Michelle,Burns,HS_REP,michelle.burns@punischool.school.nz,021-534-5646,2021-02-12,True
3196,1456,Tane,Wilson,PRINCIPAL,tane.wilson@ramaramaschool.school.nz,027-143-1347,2022-02-03,True
3197,1456,Ruby,Chen,SITE_MANAGER,ruby.chen@ramaramaschool.school.nz,026-985-6979,2022-03-15,True
3198,1456,Mason,Clarke,HS_REP,mason.clarke@ramaramaschool.school.nz,025-323-7618,2022-08-07,True
3199,1457,Rawiri,Burns,PRINCIPAL,rawiri.burns@rangeviewinterm.school.nz,025-176-4320,2021-09-29,True
3200,1457,Matiu,Brown,SITE_MANAGER,matiu.brown@rangeviewinterm.school.nz,023-158-5477,2022-06-17,True
3201,1457,Zara,Stewart,HS_REP,zara.stewart@rangeviewinterm.school.nz,021-386-7192,2021-09-24,True
3202,1458,Grant,Hamilton,PRINCIPAL,grant.hamilton@rānuiprimarysch.school.nz,028-655-7921,2022-06-08,True
3203,1458,Max,Smith,SITE_MANAGER,max.smith@rānuiprimarysch.school.nz,021-987-5654,2021-06-20,True
3204,1458,Anika,Patel,HS_REP,anika.patel@rānuiprimarysch.school.nz,021-717-2389,2022-05-17,True
3205,1458,Josh,Burns,CARETAKER,josh.burns@rānuiprimarysch.school.nz,026-808-1314,2020-11-02,True
3206,1459,Moana,Wilson,PRINCIPAL,moana.wilson@redhillschool.school.nz,027-278-6605,2022-02-13,True
3207,1459,Rachel,Taukiri,SITE_MANAGER,rachel.taukiri@redhillschool.school.nz,028-794-6158,2021-11-22,True
3208,1459,Maia,Parker,HS_REP,maia.parker@redhillschool.school.nz,021-603-3149,2022-09-10,True
3209,1460,Maia,Thompson,PRINCIPAL,maia.thompson@redoubtnorthsch.school.nz,023-470-5634,2021-11-12,True
3210,1460,Matthew,Hamilton,SITE_MANAGER,matthew.hamilton@redoubtnorthsch.school.nz,028-216-3382,2022-08-14,True
3211,1460,Sophie,Mahuta,HS_REP,sophie.mahuta@redoubtnorthsch.school.nz,025-412-8685,2020-11-25,True
3212,1460,Finn,Parker,CARETAKER,finn.parker@redoubtnorthsch.school.nz,025-725-4830,2022-01-30,True
3213,1461,Mere,Smith,PRINCIPAL,mere.smith@remueraintermed.school.nz,025-956-8620,2020-07-20,True
3214,1461,Sam,Smith,SITE_MANAGER,sam.smith@remueraintermed.school.nz,021-547-6349,2021-01-26,True
3215,1461,Matthew,Bennett,HS_REP,matthew.bennett@remueraintermed.school.nz,027-125-4835,2021-03-12,True
3216,1462,Mark,Cooper,PRINCIPAL,mark.cooper@remueraschool.school.nz,025-499-5073,2020-03-06,True
3217,1462,David,White,SITE_MANAGER,david.white@remueraschool.school.nz,024-573-7641,2022-08-06,True
3218,1462,Scott,Clarke,HS_REP,scott.clarke@remueraschool.school.nz,028-717-6902,2022-04-22,True
3219,1463,Sarah,Lee,PRINCIPAL,sarah.lee@richmondroadsch.school.nz,027-500-7413,2021-04-23,True
3220,1463,Max,Smith,SITE_MANAGER,max.smith@richmondroadsch.school.nz,022-872-8859,2020-11-26,True
3221,1463,Max,Roberts,HS_REP,max.roberts@richmondroadsch.school.nz,026-261-2931,2021-11-03,True
3222,1463,Amber,Lee,CARETAKER,amber.lee@richmondroadsch.school.nz,028-104-7173,2022-06-02,True
3223,1464,Kauri,Campbell,PRINCIPAL,kauri.campbell@riverheadschool.school.nz,025-892-1582,2020-07-09,True
3224,1464,Rawiri,Russell,SITE_MANAGER,rawiri.russell@riverheadschool.school.nz,023-528-6238,2022-02-22,True
3225,1464,Mark,Murray,HS_REP,mark.murray@riverheadschool.school.nz,024-706-1469,2021-06-24,True
3226,1464,Caleb,Wright,CARETAKER,caleb.wright@riverheadschool.school.nz,027-840-8941,2021-06-27,True
3227,1465,Matiu,Green,PRINCIPAL,matiu.green@riverhillsschoo.school.nz,024-346-9784,2020-11-03,True
3228,1465,Jessica,Baker,SITE_MANAGER,jessica.baker@riverhillsschoo.school.nz,028-465-2063,2021-07-28,True
3229,1465,Max,Bennett,HS_REP,max.bennett@riverhillsschoo.school.nz,023-824-5866,2021-09-16,True
3230,1466,Shane,Jones,PRINCIPAL,shane.jones@riverinaschool.school.nz,025-207-8634,2022-08-10,True
3231,1466,Ben,Watson,SITE_MANAGER,ben.watson@riverinaschool.school.nz,022-798-2717,2021-08-03,True
3232,1466,Jack,Jones,HS_REP,jack.jones@riverinaschool.school.nz,023-428-4423,2020-10-17,True
3233,1466,Max,Johnston,CARETAKER,max.johnston@riverinaschool.school.nz,025-297-4743,2021-01-07,True
3234,1467,Ihaia,King,PRINCIPAL,ihaia.king@robertsonroadsc.school.nz,024-205-4957,2021-08-16,True
3235,1467,Mason,Kim,SITE_MANAGER,mason.kim@robertsonroadsc.school.nz,022-366-3321,2020-03-24,True
3236,1467,James,Parker,HS_REP,james.parker@robertsonroadsc.school.nz,026-764-7443,2020-11-05,True
3237,1468,Ethan,Johnston,PRINCIPAL,ethan.johnston@rongomaischool.school.nz,025-655-5264,2020-08-11,True
3238,1468,Lisa,Edwards,SITE_MANAGER,lisa.edwards@rongomaischool.school.nz,022-665-2930,2022-07-15,True
3239,1468,Zara,Kumar,HS_REP,zara.kumar@rongomaischool.school.nz,023-216-2678,2021-10-27,True
3240,1470,Michelle,Hamilton,PRINCIPAL,michelle.hamilton@roscommonschool.school.nz,021-287-1092,2020-10-31,True
3241,1470,Tane,Kim,SITE_MANAGER,tane.kim@roscommonschool.school.nz,027-261-9728,2022-03-15,True
3242,1470,Nathan,Mahuta,HS_REP,nathan.mahuta@roscommonschool.school.nz,024-536-5849,2022-07-09,True
3243,1470,Jack,Parker,CARETAKER,jack.parker@roscommonschool.school.nz,025-473-7672,2022-02-01,True
3244,1471,Amelia,Henare,PRINCIPAL,amelia.henare@tekuraopātikiro.school.nz,025-430-1572,2021-05-04,True
3245,1471,Sarah,Patel,SITE_MANAGER,sarah.patel@tekuraopātikiro.school.nz,022-481-9135,2021-05-14,True
3246,1471,Rawiri,Mahuta,HS_REP,rawiri.mahuta@tekuraopātikiro.school.nz,024-822-1704,2021-03-27,True
3247,1472,James,Parker,PRINCIPAL,james.parker@rosehillschool.school.nz,026-821-2893,2021-09-04,True
3248,1472,Isla,Scott,SITE_MANAGER,isla.scott@rosehillschool.school.nz,023-898-1824,2021-03-09,True
3249,1472,Nikau,Te Huia,HS_REP,nikau.te huia@rosehillschool.school.nz,026-115-1842,2020-09-15,True
3250,1472,Stacey,Hall,CARETAKER,stacey.hall@rosehillschool.school.nz,022-942-7067,2022-01-10,True
3251,1473,Matthew,Collins,PRINCIPAL,matthew.collins@rosehillinterme.school.nz,022-801-7882,2021-11-14,True
3252,1473,Mason,Gallagher,SITE_MANAGER,mason.gallagher@rosehillinterme.school.nz,022-522-3475,2022-03-02,True
3253,1473,Michelle,Watson,HS_REP,michelle.watson@rosehillinterme.school.nz,028-174-1136,2021-09-15,True
3254,1474,Tracey,Harawira,PRINCIPAL,tracey.harawira@rowandaleschool.school.nz,022-450-7512,2020-07-06,True
3255,1474,Zara,Lee,SITE_MANAGER,zara.lee@rowandaleschool.school.nz,023-625-6572,2022-07-11,True
3256,1474,Aria,Turner,HS_REP,aria.turner@rowandaleschool.school.nz,026-758-3984,2022-07-17,True
3257,1474,Andrew,Stewart,CARETAKER,andrew.stewart@rowandaleschool.school.nz,026-370-1147,2021-03-06,True
3258,1475,Ethan,Harris,PRINCIPAL,ethan.harris@royaloakschool.school.nz,021-439-1183,2020-02-10,True
3259,1475,Hemi,Harris,SITE_MANAGER,hemi.harris@royaloakschool.school.nz,023-647-8376,2021-05-01,True
3260,1475,Tracey,Wright,HS_REP,tracey.wright@royaloakschool.school.nz,023-350-7734,2021-09-28,True
3261,1475,Emma,Patel,CARETAKER,emma.patel@royaloakschool.school.nz,024-704-8011,2020-05-03,True
3262,1476,Paula,Rewi,PRINCIPAL,paula.rewi@royalroadschool.school.nz,023-611-4214,2020-10-23,True
3263,1476,Mark,Hill,SITE_MANAGER,mark.hill@royalroadschool.school.nz,026-118-7064,2020-03-15,True
3264,1476,Georgia,Jones,HS_REP,georgia.jones@royalroadschool.school.nz,025-698-6392,2021-11-19,True
3265,1476,Grace,Williams,CARETAKER,grace.williams@royalroadschool.school.nz,022-348-7653,2020-04-30,True
3266,1477,Jessica,Jones,PRINCIPAL,jessica.jones@ruapotakaschool.school.nz,025-825-6418,2021-08-30,True
3267,1477,Luke,Wong,SITE_MANAGER,luke.wong@ruapotakaschool.school.nz,022-793-3127,2021-07-31,True
3268,1477,Nathan,Wilson,HS_REP,nathan.wilson@ruapotakaschool.school.nz,021-568-3664,2021-12-24,True
3269,1477,Maia,Mahuta,CARETAKER,maia.mahuta@ruapotakaschool.school.nz,022-660-8934,2022-05-05,True
3270,1478,James,Fraser,PRINCIPAL,james.fraser@rutherfordschoo.school.nz,023-208-5539,2021-08-01,True
3271,1478,Wiremu,Scott,SITE_MANAGER,wiremu.scott@rutherfordschoo.school.nz,021-442-6665,2021-01-23,True
3272,1478,Kylie,Anderson,HS_REP,kylie.anderson@rutherfordschoo.school.nz,022-560-2327,2022-01-10,True
3273,1479,Michael,Thompson,PRINCIPAL,michael.thompson@sandspitroadsch.school.nz,026-544-8541,2021-01-09,True
3274,1479,Luke,Gray,SITE_MANAGER,luke.gray@sandspitroadsch.school.nz,028-759-3013,2021-10-16,True
3275,1479,Mere,Chen,HS_REP,mere.chen@sandspitroadsch.school.nz,022-951-2361,2022-08-19,True
3276,1479,Amelia,Collins,CARETAKER,amelia.collins@sandspitroadsch.school.nz,023-514-2739,2021-06-09,True
3277,1480,Matthew,Palmer,PRINCIPAL,matthew.palmer@shellyparkschoo.school.nz,028-254-8977,2020-03-23,True
3278,1480,Kauri,Martin,SITE_MANAGER,kauri.martin@shellyparkschoo.school.nz,026-327-8796,2021-09-29,True
3279,1480,Amber,Martin,HS_REP,amber.martin@shellyparkschoo.school.nz,025-399-4822,2022-05-01,True
3280,1481,Maia,Wong,PRINCIPAL,maia.wong@sherwoodschool(.school.nz,021-105-1091,2021-10-08,True
3281,1481,Tia,Henare,SITE_MANAGER,tia.henare@sherwoodschool(.school.nz,026-482-7707,2021-03-30,True
3282,1481,Noah,Fitzgerald,HS_REP,noah.fitzgerald@sherwoodschool(.school.nz,021-964-3785,2021-02-12,True
3283,1481,Rawiri,Turner,CARETAKER,rawiri.turner@sherwoodschool(.school.nz,028-234-9331,2021-11-29,True
3284,1482,Kaia,Wong,PRINCIPAL,kaia.wong@silverdaleschoo.school.nz,022-746-1613,2020-08-10,True
3285,1482,Sam,Mahuta,SITE_MANAGER,sam.mahuta@silverdaleschoo.school.nz,025-100-5812,2020-06-26,True
3286,1482,James,Patel,HS_REP,james.patel@silverdaleschoo.school.nz,026-806-2459,2022-05-23,True
3287,1483,Noah,Fraser,PRINCIPAL,noah.fraser@sirkeithparksch.school.nz,026-759-1820,2020-12-28,True
3288,1483,Andrew,Collins,SITE_MANAGER,andrew.collins@sirkeithparksch.school.nz,021-505-6770,2020-05-10,True
3289,1483,Nicola,Edwards,HS_REP,nicola.edwards@sirkeithparksch.school.nz,027-576-6311,2021-11-16,True
3290,1484,Sophie,King,PRINCIPAL,sophie.king@sommervillescho.school.nz,024-259-8179,2021-03-31,True
3291,1484,Emma,Collins,SITE_MANAGER,emma.collins@sommervillescho.school.nz,025-389-9128,2020-08-24,True
3292,1484,Ryan,Murray,HS_REP,ryan.murray@sommervillescho.school.nz,023-166-1272,2022-09-16,True
3293,1486,Ryan,Edwards,PRINCIPAL,ryan.edwards@stannescatholic.school.nz,024-327-1897,2021-01-20,True
3294,1486,Sophie,Roberts,SITE_MANAGER,sophie.roberts@stannescatholic.school.nz,024-838-8961,2020-05-29,True
3295,1486,Max,Singh,HS_REP,max.singh@stannescatholic.school.nz,027-245-6746,2022-04-18,True
3296,1487,Hayley,Hall,PRINCIPAL,hayley.hall@stdominicscatho.school.nz,027-408-7398,2020-11-19,True
3297,1487,Ihaia,Tamati,SITE_MANAGER,ihaia.tamati@stdominicscatho.school.nz,023-400-1290,2020-08-11,True
3298,1487,Luke,Clarke,HS_REP,luke.clarke@stdominicscatho.school.nz,026-732-6914,2022-09-07,True
3299,1487,David,Te Huia,CARETAKER,david.te huia@stdominicscatho.school.nz,028-149-9176,2021-07-27,True
3300,1488,Hemi,Campbell,PRINCIPAL,hemi.campbell@stfranciscathol.school.nz,021-415-6988,2021-02-10,True
3301,1488,Kylie,Walker,SITE_MANAGER,kylie.walker@stfranciscathol.school.nz,021-594-7303,2022-09-14,True
3302,1488,Josh,Taukiri,HS_REP,josh.taukiri@stfranciscathol.school.nz,021-708-8579,2022-02-27,True
3303,1489,Rawiri,Singh,PRINCIPAL,rawiri.singh@stheliersschool.school.nz,026-850-7626,2021-11-10,True
3304,1489,Kauri,Brown,SITE_MANAGER,kauri.brown@stheliersschool.school.nz,028-824-4795,2020-09-10,True
3305,1489,Sam,Brown,HS_REP,sam.brown@stheliersschool.school.nz,023-825-4929,2020-06-29,True
3306,1490,Ben,Watson,PRINCIPAL,ben.watson@stignatiuscatho.school.nz,025-723-7906,2021-05-20,True
3307,1490,Hayley,Robinson,SITE_MANAGER,hayley.robinson@stignatiuscatho.school.nz,027-454-1309,2020-01-02,True
3308,1490,Ryan,Singh,HS_REP,ryan.singh@stignatiuscatho.school.nz,022-777-9956,2022-03-23,True
3309,1491,Maia,Rewi,PRINCIPAL,maia.rewi@stjohntheevange.school.nz,021-448-4510,2020-07-09,True
3310,1491,Emma,Collins,SITE_MANAGER,emma.collins@stjohntheevange.school.nz,021-291-6169,2020-08-31,True
3311,1491,Matiu,Rewi,HS_REP,matiu.rewi@stjohntheevange.school.nz,025-633-8521,2020-12-31,True
3312,1492,Lisa,Morgan,PRINCIPAL,lisa.morgan@stjohnsschool(m.school.nz,024-327-3968,2021-02-15,True
3313,1492,Ethan,Cooper,SITE_MANAGER,ethan.cooper@stjohnsschool(m.school.nz,024-268-9452,2021-03-31,True
3314,1492,Matiu,Clarke,HS_REP,matiu.clarke@stjohnsschool(m.school.nz,023-460-1144,2020-04-17,True
3315,1492,Olivia,Singh,CARETAKER,olivia.singh@stjohnsschool(m.school.nz,028-658-1214,2022-01-19,True
3316,1493,Moana,Mitchell,PRINCIPAL,moana.mitchell@stjosephsschool.school.nz,027-768-6917,2020-06-16,True
3317,1493,Amelia,King,SITE_MANAGER,amelia.king@stjosephsschool.school.nz,027-908-9800,2021-08-23,True
3318,1493,Georgia,Baker,HS_REP,georgia.baker@stjosephsschool.school.nz,025-231-2850,2021-06-02,True
3319,1494,Aroha,Wong,PRINCIPAL,aroha.wong@stjosephscathol.school.nz,022-448-9756,2022-01-18,True
3320,1494,Lisa,Henare,SITE_MANAGER,lisa.henare@stjosephscathol.school.nz,028-608-7584,2021-06-06,True
3321,1494,James,Wong,HS_REP,james.wong@stjosephscathol.school.nz,026-309-7693,2020-11-11,True
3322,1495,Donna,Murray,PRINCIPAL,donna.murray@stjosephsschool.school.nz,022-465-5824,2021-04-30,True
3323,1495,Liam,King,SITE_MANAGER,liam.king@stjosephsschool.school.nz,024-787-3445,2022-08-19,True
3324,1495,Zara,Anderson,HS_REP,zara.anderson@stjosephsschool.school.nz,024-113-7178,2020-12-29,True
3325,1495,Sam,Mitchell,CARETAKER,sam.mitchell@stjosephsschool.school.nz,021-608-2297,2022-05-15,True
3326,1496,Donna,Smith,PRINCIPAL,donna.smith@stjosephsschool.school.nz,028-665-7820,2020-07-05,True
3327,1496,Jessica,Hamilton,SITE_MANAGER,jessica.hamilton@stjosephsschool.school.nz,025-878-1994,2022-05-19,True
3328,1496,Nathan,Bennett,HS_REP,nathan.bennett@stjosephsschool.school.nz,027-744-8278,2020-01-21,True
3329,1496,Caleb,Henderson,CARETAKER,caleb.henderson@stjosephsschool.school.nz,024-121-4914,2020-01-02,True
3330,1497,Kauri,Gallagher,PRINCIPAL,kauri.gallagher@stjosephsschool.school.nz,021-890-6773,2021-09-11,True
3331,1497,Luke,Kumar,SITE_MANAGER,luke.kumar@stjosephsschool.school.nz,028-332-2149,2021-04-19,True
3332,1497,Rawiri,Kumar,HS_REP,rawiri.kumar@stjosephsschool.school.nz,028-186-3765,2022-07-03,True
3333,1497,Tia,Henderson,CARETAKER,tia.henderson@stjosephsschool.school.nz,021-395-9553,2020-04-10,True
3334,1498,Jessica,Wright,PRINCIPAL,jessica.wright@stjosephscathol.school.nz,024-872-6806,2020-03-16,True
3335,1498,Reuben,Smith,SITE_MANAGER,reuben.smith@stjosephscathol.school.nz,028-165-5399,2021-03-24,True
3336,1498,Grant,Turner,HS_REP,grant.turner@stjosephscathol.school.nz,028-910-3939,2022-04-13,True
3337,1498,Scott,Collins,CARETAKER,scott.collins@stjosephscathol.school.nz,028-981-4239,2022-09-14,True
3338,1499,Jessica,Hamilton,PRINCIPAL,jessica.hamilton@stleonardsroads.school.nz,024-986-3658,2022-02-20,True
3339,1499,Ben,Wong,SITE_MANAGER,ben.wong@stleonardsroads.school.nz,026-859-4853,2021-05-14,True
3340,1499,Ryan,Robinson,HS_REP,ryan.robinson@stleonardsroads.school.nz,026-927-6825,2022-07-22,True
3341,1500,Reuben,Palmer,PRINCIPAL,reuben.palmer@stleoscatholics.school.nz,023-551-2278,2022-03-04,True
3342,1500,Finn,Gallagher,SITE_MANAGER,finn.gallagher@stleoscatholics.school.nz,023-450-7821,2020-09-24,True
3343,1500,Scott,Collins,HS_REP,scott.collins@stleoscatholics.school.nz,022-224-3351,2021-04-29,True
3344,1500,David,Baker,CARETAKER,david.baker@stleoscatholics.school.nz,025-338-5031,2020-01-15,True
3345,1501,Mere,Scott,PRINCIPAL,mere.scott@stmarksschool(p.school.nz,025-900-5709,2020-03-04,True
3346,1501,James,Young,SITE_MANAGER,james.young@stmarksschool(p.school.nz,024-674-6307,2020-02-19,True
3347,1501,Aroha,Kumar,HS_REP,aroha.kumar@stmarksschool(p.school.nz,021-221-7445,2020-03-18,True
3348,1502,Sam,Singh,PRINCIPAL,sam.singh@stmaryscatholic.school.nz,025-826-2224,2020-11-05,True
3349,1502,Josh,Te Huia,SITE_MANAGER,josh.te huia@stmaryscatholic.school.nz,024-516-6686,2021-06-06,True
3350,1502,Caleb,Johnston,HS_REP,caleb.johnston@stmaryscatholic.school.nz,027-515-7873,2020-02-07,True
3351,1503,Noah,Green,PRINCIPAL,noah.green@stmaryscatholic.school.nz,024-890-1183,2021-04-25,True
3352,1503,Georgia,Patel,SITE_MANAGER,georgia.patel@stmaryscatholic.school.nz,022-972-7808,2021-11-06,True
3353,1503,Hayley,Harris,HS_REP,hayley.harris@stmaryscatholic.school.nz,027-484-4114,2021-01-04,True
3354,1503,Simon,Hall,CARETAKER,simon.hall@stmaryscatholic.school.nz,028-266-8747,2020-11-22,True
3355,1504,Simon,Crawford,PRINCIPAL,simon.crawford@stmarysschool(e.school.nz,025-439-1892,2022-08-24,True
3356,1504,Daniel,Singh,SITE_MANAGER,daniel.singh@stmarysschool(e.school.nz,028-199-9869,2020-02-10,True
3357,1504,Rachel,Walker,HS_REP,rachel.walker@stmarysschool(e.school.nz,023-619-9544,2020-08-04,True
3358,1504,Olivia,Kim,CARETAKER,olivia.kim@stmarysschool(e.school.nz,026-983-4768,2022-05-19,True
3359,1505,Holly,Brown,PRINCIPAL,holly.brown@stmarysschool(n.school.nz,021-476-4838,2021-02-06,True
3360,1505,Ben,Brown,SITE_MANAGER,ben.brown@stmarysschool(n.school.nz,025-359-8450,2022-02-26,True
3361,1505,Freya,Watson,HS_REP,freya.watson@stmarysschool(n.school.nz,028-848-5010,2020-03-21,True
3362,1505,Anika,Hill,CARETAKER,anika.hill@stmarysschool(n.school.nz,025-677-5148,2022-07-21,True
3363,1506,Moana,Tamati,PRINCIPAL,moana.tamati@stmichaelscatho.school.nz,025-137-5505,2022-08-25,True
3364,1506,Andrew,Henare,SITE_MANAGER,andrew.henare@stmichaelscatho.school.nz,028-343-6398,2020-08-22,True
3365,1506,Joanne,Hamilton,HS_REP,joanne.hamilton@stmichaelscatho.school.nz,027-214-5801,2020-09-30,True
3366,1507,Tia,Hill,PRINCIPAL,tia.hill@stpatricksschoo.school.nz,021-675-6318,2021-03-07,True
3367,1507,Freya,Murray,SITE_MANAGER,freya.murray@stpatricksschoo.school.nz,024-115-8527,2021-07-13,True
3368,1507,Caleb,Russell,HS_REP,caleb.russell@stpatricksschoo.school.nz,023-253-5689,2021-08-28,True
3369,1507,Ben,Rewi,CARETAKER,ben.rewi@stpatricksschoo.school.nz,028-618-9943,2022-04-29,True
3370,1508,Josh,Kumar,PRINCIPAL,josh.kumar@stpiusxcatholic.school.nz,028-633-9494,2022-08-31,True
3371,1508,James,Clarke,SITE_MANAGER,james.clarke@stpiusxcatholic.school.nz,027-836-4924,2020-06-17,True
3372,1508,Brooke,Singh,HS_REP,brooke.singh@stpiusxcatholic.school.nz,028-808-8514,2021-12-24,True
3373,1509,Amelia,Fraser,PRINCIPAL,amelia.fraser@stthereseschool.school.nz,021-942-8829,2021-09-05,True
3374,1509,Zara,Fraser,SITE_MANAGER,zara.fraser@stthereseschool.school.nz,025-404-3102,2021-05-06,True
3375,1509,Paula,Chen,HS_REP,paula.chen@stthereseschool.school.nz,024-666-4893,2021-08-19,True
3376,1509,Mason,Parker,CARETAKER,mason.parker@stthereseschool.school.nz,024-839-3865,2021-10-02,True
3377,1510,Reuben,Collins,PRINCIPAL,reuben.collins@stthomasschool(.school.nz,024-281-7020,2021-12-24,True
3378,1510,Isla,Scott,SITE_MANAGER,isla.scott@stthomasschool(.school.nz,022-574-4250,2021-01-08,True
3379,1510,Jessica,King,HS_REP,jessica.king@stthomasschool(.school.nz,022-891-2351,2020-03-28,True
3380,1511,Amelia,Singh,PRINCIPAL,amelia.singh@stanhoperoadsch.school.nz,025-866-5887,2020-10-14,True
3381,1511,Maia,Cooper,SITE_MANAGER,maia.cooper@stanhoperoadsch.school.nz,024-183-6867,2020-10-10,True
3382,1511,Ethan,Te Huia,HS_REP,ethan.te huia@stanhoperoadsch.school.nz,027-982-4812,2021-12-22,True
3383,1511,Kaia,Kim,CARETAKER,kaia.kim@stanhoperoadsch.school.nz,027-655-1677,2022-02-10,True
3384,1512,Grant,Hall,PRINCIPAL,grant.hall@stanleybayschoo.school.nz,023-104-2948,2020-11-20,True
3385,1512,Finn,Te Huia,SITE_MANAGER,finn.te huia@stanleybayschoo.school.nz,023-778-1799,2020-11-22,True
3386,1512,Maia,Taylor,HS_REP,maia.taylor@stanleybayschoo.school.nz,028-361-8010,2022-09-20,True
3387,1512,Caleb,Thompson,CARETAKER,caleb.thompson@stanleybayschoo.school.nz,027-899-1971,2021-03-01,True
3388,1513,Tracey,Tamati,PRINCIPAL,tracey.tamati@stanmorebayscho.school.nz,027-290-4392,2021-06-17,True
3389,1513,Matthew,Murray,SITE_MANAGER,matthew.murray@stanmorebayscho.school.nz,022-530-3331,2021-11-17,True
3390,1513,Anika,Turner,HS_REP,anika.turner@stanmorebayscho.school.nz,026-420-9606,2020-04-05,True
3391,1514,Moana,Mitchell,PRINCIPAL,moana.mitchell@ourladystarofth.school.nz,024-166-3265,2021-04-26,True
3392,1514,Donna,Russell,SITE_MANAGER,donna.russell@ourladystarofth.school.nz,023-534-4238,2020-08-21,True
3393,1514,Aria,Crawford,HS_REP,aria.crawford@ourladystarofth.school.nz,022-353-1625,2022-05-03,True
3394,1514,Luke,Turner,CARETAKER,luke.turner@ourladystarofth.school.nz,025-343-4836,2020-12-05,True
3395,1515,Charlotte,Singh,PRINCIPAL,charlotte.singh@sunnyhillsschoo.school.nz,028-746-9804,2021-08-08,True
3396,1515,Luke,Harris,SITE_MANAGER,luke.harris@sunnyhillsschoo.school.nz,026-421-7371,2022-09-12,True
3397,1515,Anika,Murray,HS_REP,anika.murray@sunnyhillsschoo.school.nz,026-123-9749,2020-11-26,True
3398,1515,Ryan,Tamati,CARETAKER,ryan.tamati@sunnyhillsschoo.school.nz,027-544-8433,2020-08-21,True
3399,1516,Anika,Watson,PRINCIPAL,anika.watson@sunnybraenormal.school.nz,021-749-2962,2020-05-25,True
3400,1516,Jack,Kumar,SITE_MANAGER,jack.kumar@sunnybraenormal.school.nz,028-182-9204,2021-11-02,True
3401,1516,James,Martin,HS_REP,james.martin@sunnybraenormal.school.nz,026-511-6788,2022-04-25,True
3402,1516,Jessica,Parker,CARETAKER,jessica.parker@sunnybraenormal.school.nz,027-301-3547,2022-05-13,True
3403,1518,Wiremu,Edwards,PRINCIPAL,wiremu.edwards@sunnynookschool.school.nz,028-119-1608,2021-08-13,True
3404,1518,Matthew,Gallagher,SITE_MANAGER,matthew.gallagher@sunnynookschool.school.nz,027-489-4436,2021-07-02,True
3405,1518,Rachel,Wilson,HS_REP,rachel.wilson@sunnynookschool.school.nz,024-162-6519,2022-07-26,True
3406,1519,Luke,Johnston,PRINCIPAL,luke.johnston@sunnyvaleschool.school.nz,027-992-6233,2021-09-05,True
3407,1519,Freya,Patel,SITE_MANAGER,freya.patel@sunnyvaleschool.school.nz,025-651-3933,2020-12-25,True
3408,1519,Scott,Stewart,HS_REP,scott.stewart@sunnyvaleschool.school.nz,025-604-2594,2020-03-07,True
3409,1519,Freya,Baker,CARETAKER,freya.baker@sunnyvaleschool.school.nz,023-807-6006,2020-05-19,True
3410,1520,Rawiri,Williams,PRINCIPAL,rawiri.williams@suttonparkschoo.school.nz,028-596-8071,2020-05-15,True
3411,1520,Georgia,Tamati,SITE_MANAGER,georgia.tamati@suttonparkschoo.school.nz,028-277-2351,2022-09-18,True
3412,1520,Scott,Kumar,HS_REP,scott.kumar@suttonparkschoo.school.nz,022-761-3145,2020-01-01,True
3413,1520,Matthew,Young,CARETAKER,matthew.young@suttonparkschoo.school.nz,028-860-8741,2021-04-04,True
3414,1521,Maia,Kumar,PRINCIPAL,maia.kumar@swansonschool.school.nz,021-679-1752,2020-07-13,True
3415,1521,Lisa,Burns,SITE_MANAGER,lisa.burns@swansonschool.school.nz,026-787-8533,2021-12-24,True
3416,1521,Freya,Mitchell,HS_REP,freya.mitchell@swansonschool.school.nz,025-678-2696,2022-02-01,True
3417,1522,Aria,Wilson,PRINCIPAL,aria.wilson@sylviaparkschoo.school.nz,023-864-7284,2021-10-10,True
3418,1522,Chris,Thompson,SITE_MANAGER,chris.thompson@sylviaparkschoo.school.nz,025-481-2553,2022-05-13,True
3419,1522,Ben,Robinson,HS_REP,ben.robinson@sylviaparkschoo.school.nz,023-371-9014,2020-06-22,True
3420,1522,Zara,Walker,CARETAKER,zara.walker@sylviaparkschoo.school.nz,023-506-3239,2021-05-11,True
3421,1523,Shane,Mitchell,PRINCIPAL,shane.mitchell@takaninischool.school.nz,022-744-6258,2021-08-29,True
3422,1523,Ben,Kumar,SITE_MANAGER,ben.kumar@takaninischool.school.nz,021-754-5886,2020-03-29,True
3423,1523,Sarah,Mitchell,HS_REP,sarah.mitchell@takaninischool.school.nz,023-114-2552,2020-06-29,True
3424,1523,Max,Hamilton,CARETAKER,max.hamilton@takaninischool.school.nz,027-832-7564,2020-06-17,True
3425,1524,Rachel,Patel,PRINCIPAL,rachel.patel@takapunanormali.school.nz,021-588-1002,2021-08-27,True
3426,1524,Tia,Kim,SITE_MANAGER,tia.kim@takapunanormali.school.nz,025-588-5887,2020-11-15,True
3427,1524,Tane,Clarke,HS_REP,tane.clarke@takapunanormali.school.nz,023-276-5018,2021-08-07,True
3428,1524,Luke,Taukiri,CARETAKER,luke.taukiri@takapunanormali.school.nz,025-613-7118,2020-03-23,True
3429,1525,Shane,Johnston,PRINCIPAL,shane.johnston@takapunaschool.school.nz,022-709-4998,2020-02-02,True
3430,1525,Nathan,Walker,SITE_MANAGER,nathan.walker@takapunaschool.school.nz,021-216-8452,2020-03-23,True
3431,1525,Lisa,Murray,HS_REP,lisa.murray@takapunaschool.school.nz,026-150-7488,2021-06-17,True
3432,1526,Tracey,Campbell,PRINCIPAL,tracey.campbell@tāmakischool.school.nz,023-734-6846,2020-06-09,True
3433,1526,Tracey,Smith,SITE_MANAGER,tracey.smith@tāmakischool.school.nz,027-628-8127,2020-11-25,True
3434,1526,Mason,Fitzgerald,HS_REP,mason.fitzgerald@tāmakischool.school.nz,027-647-3759,2021-11-05,True
3435,1526,Holly,Walker,CARETAKER,holly.walker@tāmakischool.school.nz,021-178-2679,2021-10-22,True
3436,1528,Rawiri,Rewi,PRINCIPAL,rawiri.rewi@targetroadschoo.school.nz,025-171-5564,2021-06-03,True
3437,1528,Joanne,Stewart,SITE_MANAGER,joanne.stewart@targetroadschoo.school.nz,026-661-9738,2020-01-04,True
3438,1528,Jessica,Singh,HS_REP,jessica.singh@targetroadschoo.school.nz,028-792-1850,2021-04-11,True
3439,1528,Amber,Palmer,CARETAKER,amber.palmer@targetroadschoo.school.nz,023-541-2684,2020-06-01,True
3440,1529,Chris,Rewi,PRINCIPAL,chris.rewi@taupakischool.school.nz,022-665-2716,2020-05-15,True
3441,1529,Craig,Tamati,SITE_MANAGER,craig.tamati@taupakischool.school.nz,024-298-7962,2022-05-23,True
3442,1529,Brooke,Green,HS_REP,brooke.green@taupakischool.school.nz,021-380-8599,2020-09-26,True
3443,1530,Stacey,Mahuta,PRINCIPAL,stacey.mahuta@teatatuintermed.school.nz,025-546-1602,2021-01-14,True
3444,1530,Ethan,Walker,SITE_MANAGER,ethan.walker@teatatuintermed.school.nz,021-945-6910,2020-04-03,True
3445,1530,Ryan,Stewart,HS_REP,ryan.stewart@teatatuintermed.school.nz,022-499-1281,2020-12-08,True
3446,1531,Hayley,Mahuta,PRINCIPAL,hayley.mahuta@peninsulaprimar.school.nz,027-591-1899,2021-05-24,True
3447,1531,Ihaia,Roberts,SITE_MANAGER,ihaia.roberts@peninsulaprimar.school.nz,024-499-8934,2022-01-09,True
3448,1531,Simon,Cooper,HS_REP,simon.cooper@peninsulaprimar.school.nz,023-180-6381,2020-11-15,True
3449,1532,Donna,Robinson,PRINCIPAL,donna.robinson@tehihischool.school.nz,025-175-1124,2022-03-21,True
3450,1532,Georgia,Green,SITE_MANAGER,georgia.green@tehihischool.school.nz,026-256-9895,2021-03-02,True
3451,1532,Holly,King,HS_REP,holly.king@tehihischool.school.nz,028-964-8625,2020-12-06,True
3452,1533,Michael,Wong,PRINCIPAL,michael.wong@tekohangaschool.school.nz,021-158-1663,2022-06-09,True
3453,1533,Emma,Murray,SITE_MANAGER,emma.murray@tekohangaschool.school.nz,024-171-8298,2021-12-29,True
3454,1533,Liam,Johnston,HS_REP,liam.johnston@tekohangaschool.school.nz,026-496-2715,2021-12-16,True
3455,1533,Tracey,Gallagher,CARETAKER,tracey.gallagher@tekohangaschool.school.nz,023-693-5842,2020-03-10,True
3456,1534,Jack,Tamati,PRINCIPAL,jack.tamati@tepapapaschool.school.nz,028-931-8564,2020-05-07,True
3457,1534,Brooke,Brown,SITE_MANAGER,brooke.brown@tepapapaschool.school.nz,022-945-7355,2021-09-29,True
3458,1534,Max,Murray,HS_REP,max.murray@tepapapaschool.school.nz,021-866-9177,2020-06-04,True
3459,1534,Kauri,Roberts,CARETAKER,kauri.roberts@tepapapaschool.school.nz,027-861-9156,2022-07-20,True
3460,1535,Matiu,Watson,PRINCIPAL,matiu.watson@threekingsschoo.school.nz,028-554-2868,2020-05-07,True
3461,1535,Georgia,Chen,SITE_MANAGER,georgia.chen@threekingsschoo.school.nz,026-773-8310,2022-01-26,True
3462,1535,Simon,Harawira,HS_REP,simon.harawira@threekingsschoo.school.nz,022-870-7021,2022-04-05,True
3463,1536,Michael,Crawford,PRINCIPAL,michael.crawford@tirimoanaschool.school.nz,028-100-3683,2022-06-25,True
3464,1536,Isla,Turner,SITE_MANAGER,isla.turner@tirimoanaschool.school.nz,027-608-8386,2021-12-19,True
3465,1536,Mark,Williams,HS_REP,mark.williams@tirimoanaschool.school.nz,022-450-3935,2020-12-16,True
3466,1536,Craig,Mahuta,CARETAKER,craig.mahuta@tirimoanaschool.school.nz,022-700-7049,2020-08-06,True
3467,1537,Wiremu,Murray,PRINCIPAL,wiremu.murray@titirangischool.school.nz,022-356-8528,2022-04-27,True
3468,1537,Isla,Bennett,SITE_MANAGER,isla.bennett@titirangischool.school.nz,023-356-9084,2022-03-11,True
3469,1537,Craig,Smith,HS_REP,craig.smith@titirangischool.school.nz,024-635-8511,2020-06-10,True
3470,1538,Holly,Hamilton,PRINCIPAL,holly.hamilton@torbayschool.school.nz,026-885-1408,2022-07-28,True
3471,1538,Ruby,Hill,SITE_MANAGER,ruby.hill@torbayschool.school.nz,028-785-5285,2021-01-06,True
3472,1538,Sarah,Martin,HS_REP,sarah.martin@torbayschool.school.nz,028-812-5517,2022-09-13,True
3473,1538,Liam,Hall,CARETAKER,liam.hall@torbayschool.school.nz,021-851-7251,2020-10-24,True
3474,1539,Finn,Hill,PRINCIPAL,finn.hill@tuakauschool.school.nz,022-512-9734,2021-10-31,True
3475,1539,Sarah,Cooper,SITE_MANAGER,sarah.cooper@tuakauschool.school.nz,028-791-5679,2020-08-24,True
3476,1539,Nathan,Murray,HS_REP,nathan.murray@tuakauschool.school.nz,021-240-8995,2020-06-30,True
3477,1539,Aria,Turner,CARETAKER,aria.turner@tuakauschool.school.nz,025-318-2222,2021-08-07,True
3478,1540,Ihaia,Lee,PRINCIPAL,ihaia.lee@valleyschool.school.nz,024-806-4312,2021-03-12,True
3479,1540,Kauri,Parker,SITE_MANAGER,kauri.parker@valleyschool.school.nz,023-202-3405,2021-07-26,True
3480,1540,Jessica,Hamilton,HS_REP,jessica.hamilton@valleyschool.school.nz,026-250-3515,2020-06-06,True
3481,1540,Caleb,Collins,CARETAKER,caleb.collins@valleyschool.school.nz,022-119-3348,2021-06-05,True
3482,1541,Aroha,Kim,PRINCIPAL,aroha.kim@vauxhallschool.school.nz,023-718-5321,2022-01-14,True
3483,1541,Anika,Chen,SITE_MANAGER,anika.chen@vauxhallschool.school.nz,026-789-9287,2022-04-23,True
3484,1541,Joanne,Rewi,HS_REP,joanne.rewi@vauxhallschool.school.nz,028-220-4272,2020-04-21,True
3485,1543,Shane,Tamati,PRINCIPAL,shane.tamati@verranprimarysc.school.nz,025-731-7671,2021-03-19,True
3486,1543,Scott,Bennett,SITE_MANAGER,scott.bennett@verranprimarysc.school.nz,027-959-2925,2022-07-29,True
3487,1543,Liam,Wong,HS_REP,liam.wong@verranprimarysc.school.nz,026-320-4484,2020-04-10,True
3488,1543,Nikau,Turner,CARETAKER,nikau.turner@verranprimarysc.school.nz,024-414-4593,2022-09-24,True
3489,1544,Luke,Hamilton,PRINCIPAL,luke.hamilton@victoriaavenues.school.nz,028-212-8333,2020-06-01,True
3490,1544,Simon,Brown,SITE_MANAGER,simon.brown@victoriaavenues.school.nz,023-956-8883,2021-07-08,True
3491,1544,Aroha,Robinson,HS_REP,aroha.robinson@victoriaavenues.school.nz,027-573-5560,2021-06-05,True
3492,1545,Isla,Johnston,PRINCIPAL,isla.johnston@viewroadschool.school.nz,021-955-8807,2022-04-18,True
3493,1545,Wiremu,White,SITE_MANAGER,wiremu.white@viewroadschool.school.nz,028-872-4704,2021-06-13,True
3494,1545,Nikau,Kim,HS_REP,nikau.kim@viewroadschool.school.nz,023-671-4895,2022-06-09,True
3495,1546,Karen,Watson,PRINCIPAL,karen.watson@viscountschool.school.nz,028-645-8562,2022-07-19,True
3496,1546,Scott,Scott,SITE_MANAGER,scott.scott@viscountschool.school.nz,027-278-2022,2020-08-12,True
3497,1546,Liam,Palmer,HS_REP,liam.palmer@viscountschool.school.nz,028-704-6754,2021-08-06,True
3498,1546,Joanne,Kim,CARETAKER,joanne.kim@viscountschool.school.nz,024-878-6088,2021-12-01,True
3499,1547,Maia,Walker,PRINCIPAL,maia.walker@waiaupaschool.school.nz,021-338-5531,2021-09-03,True
3500,1547,Stacey,Watson,SITE_MANAGER,stacey.watson@waiaupaschool.school.nz,025-622-8970,2022-03-26,True
3501,1547,Max,Chen,HS_REP,max.chen@waiaupaschool.school.nz,026-593-5898,2022-09-12,True
3502,1547,Chris,Mahuta,CARETAKER,chris.mahuta@waiaupaschool.school.nz,023-377-8996,2021-08-19,True
3503,1548,Donna,Scott,PRINCIPAL,donna.scott@waikowhaiinterm.school.nz,027-406-5013,2022-04-26,True
3504,1548,Lisa,Martin,SITE_MANAGER,lisa.martin@waikowhaiinterm.school.nz,027-433-3408,2022-02-27,True
3505,1548,Tane,Patel,HS_REP,tane.patel@waikowhaiinterm.school.nz,025-594-2807,2021-10-03,True
3506,1549,Ruby,King,PRINCIPAL,ruby.king@waikowhaiprimar.school.nz,027-787-6164,2021-06-11,True
3507,1549,Ruby,Palmer,SITE_MANAGER,ruby.palmer@waikowhaiprimar.school.nz,028-607-9949,2021-02-17,True
3508,1549,Shane,Taukiri,HS_REP,shane.taukiri@waikowhaiprimar.school.nz,023-935-3690,2022-05-26,True
3509,1550,Finn,Edwards,PRINCIPAL,finn.edwards@waimaukuschool.school.nz,028-527-6207,2021-08-16,True
3510,1550,Anika,Kumar,SITE_MANAGER,anika.kumar@waimaukuschool.school.nz,025-967-3145,2021-07-08,True
3511,1550,Ruby,Campbell,HS_REP,ruby.campbell@waimaukuschool.school.nz,023-855-5214,2020-08-22,True
3512,1550,Nikau,Hill,CARETAKER,nikau.hill@waimaukuschool.school.nz,021-288-5106,2020-11-12,True
3513,1552,Grace,Wright,PRINCIPAL,grace.wright@wainuischool.school.nz,025-301-2465,2022-06-24,True
3514,1552,Donna,Thompson,SITE_MANAGER,donna.thompson@wainuischool.school.nz,026-792-4389,2022-07-06,True
3515,1552,Nikau,Campbell,HS_REP,nikau.campbell@wainuischool.school.nz,021-748-2486,2022-05-05,True
3516,1553,Andrew,Wilson,PRINCIPAL,andrew.wilson@waionekeschool.school.nz,025-524-8104,2022-01-15,True
3517,1553,Chris,Wright,SITE_MANAGER,chris.wright@waionekeschool.school.nz,025-944-8727,2021-11-11,True
3518,1553,Caleb,Anderson,HS_REP,caleb.anderson@waionekeschool.school.nz,025-922-8804,2022-01-27,True
3519,1554,Sophie,Morgan,PRINCIPAL,sophie.morgan@waipipischool.school.nz,021-408-8655,2020-05-06,True
3520,1554,Nikau,Kumar,SITE_MANAGER,nikau.kumar@waipipischool.school.nz,025-629-7347,2020-10-14,True
3521,1554,Lisa,Smith,HS_REP,lisa.smith@waipipischool.school.nz,025-730-2754,2020-09-30,True
3522,1554,Kaia,Russell,CARETAKER,kaia.russell@waipipischool.school.nz,023-244-1270,2022-01-27,True
3523,1555,Ben,Fraser,PRINCIPAL,ben.fraser@wairauintermedi.school.nz,027-492-6255,2021-10-14,True
3524,1555,Zara,Smith,SITE_MANAGER,zara.smith@wairauintermedi.school.nz,023-956-3905,2022-03-08,True
3525,1555,Grant,Johnston,HS_REP,grant.johnston@wairauintermedi.school.nz,024-162-3723,2020-04-26,True
3526,1555,Jack,Williams,CARETAKER,jack.williams@wairauintermedi.school.nz,028-453-9251,2020-12-07,True
3527,1556,Max,Johnston,PRINCIPAL,max.johnston@wairauvalleyspe.school.nz,022-700-3289,2022-06-01,True
3528,1556,Michelle,King,SITE_MANAGER,michelle.king@wairauvalleyspe.school.nz,028-828-1931,2022-04-25,True
3529,1556,Mark,Mahuta,HS_REP,mark.mahuta@wairauvalleyspe.school.nz,025-869-7531,2021-06-04,True
3530,1556,Jack,Brown,CARETAKER,jack.brown@wairauvalleyspe.school.nz,027-248-4839,2021-02-12,True
3531,1557,Hayley,Kumar,PRINCIPAL,hayley.kumar@waitakereschool.school.nz,025-725-6156,2020-03-17,True
3532,1557,Isla,Roberts,SITE_MANAGER,isla.roberts@waitakereschool.school.nz,023-619-9874,2020-02-17,True
3533,1557,Jessica,Wright,HS_REP,jessica.wright@waitakereschool.school.nz,025-249-7775,2021-02-09,True
3534,1558,Mere,Brown,PRINCIPAL,mere.brown@waitokischool.school.nz,023-187-8118,2020-07-20,True
3535,1558,Shane,Anderson,SITE_MANAGER,shane.anderson@waitokischool.school.nz,028-350-2612,2022-05-11,True
3536,1558,Aria,Crawford,HS_REP,aria.crawford@waitokischool.school.nz,028-904-5012,2021-08-29,True
3537,1558,Anika,Watson,CARETAKER,anika.watson@waitokischool.school.nz,028-133-4328,2022-05-25,True
3538,1559,Reuben,Stewart,PRINCIPAL,reuben.stewart@waiukuprimarysc.school.nz,021-966-6754,2021-03-04,True
3539,1559,Shane,Jones,SITE_MANAGER,shane.jones@waiukuprimarysc.school.nz,027-630-1022,2021-01-12,True
3540,1559,Rawiri,Harris,HS_REP,rawiri.harris@waiukuprimarysc.school.nz,025-356-4766,2021-12-19,True
3541,1560,Hayley,Murray,PRINCIPAL,hayley.murray@wakaarangaschoo.school.nz,025-497-1678,2020-12-26,True
3542,1560,Tracey,Lee,SITE_MANAGER,tracey.lee@wakaarangaschoo.school.nz,026-177-7966,2020-02-03,True
3543,1560,Joanne,Turner,HS_REP,joanne.turner@wakaarangaschoo.school.nz,028-728-2228,2020-01-06,True
3544,1560,Grant,Smith,CARETAKER,grant.smith@wakaarangaschoo.school.nz,025-335-4479,2022-05-28,True
3545,1561,Ryan,Gray,PRINCIPAL,ryan.gray@warkworthschool.school.nz,027-294-3796,2022-01-31,True
3546,1561,Jack,Scott,SITE_MANAGER,jack.scott@warkworthschool.school.nz,025-921-5977,2020-03-14,True
3547,1561,David,Roberts,HS_REP,david.roberts@warkworthschool.school.nz,024-844-4479,2020-04-13,True
3548,1562,Hemi,Burns,PRINCIPAL,hemi.burns@waterleapublics.school.nz,025-419-5087,2020-09-14,True
3549,1562,Hemi,Wright,SITE_MANAGER,hemi.wright@waterleapublics.school.nz,024-425-8140,2020-04-02,True
3550,1562,Sam,Patel,HS_REP,sam.patel@waterleapublics.school.nz,023-877-5545,2022-02-05,True
3551,1563,Tane,Campbell,PRINCIPAL,tane.campbell@waterviewschool.school.nz,026-563-8349,2021-01-13,True
3552,1563,Charlotte,Turner,SITE_MANAGER,charlotte.turner@waterviewschool.school.nz,022-788-3945,2020-08-27,True
3553,1563,Moana,Thompson,HS_REP,moana.thompson@waterviewschool.school.nz,025-332-4704,2021-09-23,True
3554,1564,Lisa,Patel,PRINCIPAL,lisa.patel@wesleyintermedi.school.nz,027-577-9425,2022-05-08,True
3555,1564,Hemi,Kumar,SITE_MANAGER,hemi.kumar@wesleyintermedi.school.nz,027-671-2510,2022-02-15,True
3556,1564,Emma,Murray,HS_REP,emma.murray@wesleyintermedi.school.nz,023-250-4017,2021-09-03,True
3557,1565,Scott,Wright,PRINCIPAL,scott.wright@wesleyprimarysc.school.nz,024-506-1072,2020-06-23,True
3558,1565,Hemi,Taylor,SITE_MANAGER,hemi.taylor@wesleyprimarysc.school.nz,022-881-3706,2022-02-20,True
3559,1565,Nathan,Watson,HS_REP,nathan.watson@wesleyprimarysc.school.nz,028-972-9525,2022-02-27,True
3560,1566,Jessica,Turner,PRINCIPAL,jessica.turner@westharbourscho.school.nz,021-208-9137,2021-03-05,True
3561,1566,Sarah,Robinson,SITE_MANAGER,sarah.robinson@westharbourscho.school.nz,026-523-3211,2020-01-28,True
3562,1566,Zara,Parker,HS_REP,zara.parker@westharbourscho.school.nz,022-218-3828,2022-07-26,True
3563,1567,Olivia,Scott,PRINCIPAL,olivia.scott@westernheightss.school.nz,024-120-1629,2021-01-16,True
3564,1567,Scott,Robinson,SITE_MANAGER,scott.robinson@westernheightss.school.nz,022-604-6116,2020-06-03,True
3565,1567,Ruby,Wright,HS_REP,ruby.wright@westernheightss.school.nz,024-879-4815,2020-11-01,True
3566,1568,Aroha,Lee,PRINCIPAL,aroha.lee@westmereschool(.school.nz,025-679-5023,2021-12-05,True
3567,1568,David,Anderson,SITE_MANAGER,david.anderson@westmereschool(.school.nz,021-237-5044,2020-03-28,True
3568,1568,Hayley,Burns,HS_REP,hayley.burns@westmereschool(.school.nz,027-388-5944,2021-09-17,True
3569,1569,Mere,Taylor,PRINCIPAL,mere.taylor@waimahiainterme.school.nz,024-931-9076,2021-10-24,True
3570,1569,Freya,Harawira,SITE_MANAGER,freya.harawira@waimahiainterme.school.nz,028-992-5083,2021-10-15,True
3571,1569,Scott,Palmer,HS_REP,scott.palmer@waimahiainterme.school.nz,021-389-4320,2020-04-29,True
3572,1570,Michelle,King,PRINCIPAL,michelle.king@weymouthschool.school.nz,023-960-3715,2021-06-20,True
3573,1570,Maia,Collins,SITE_MANAGER,maia.collins@weymouthschool.school.nz,022-835-9771,2021-05-08,True
3574,1570,Georgia,Watson,HS_REP,georgia.watson@weymouthschool.school.nz,028-161-7746,2021-11-10,True
3575,1571,Mason,Nguyen,PRINCIPAL,mason.nguyen@whangaparaoasch.school.nz,024-450-5127,2022-02-07,True
3576,1571,Jack,Morgan,SITE_MANAGER,jack.morgan@whangaparaoasch.school.nz,026-218-9145,2021-07-14,True
3577,1571,Karen,Stewart,HS_REP,karen.stewart@whangaparaoasch.school.nz,023-787-2645,2020-03-01,True
3578,1571,Rawiri,Kim,CARETAKER,rawiri.kim@whangaparaoasch.school.nz,021-760-3304,2022-06-22,True
3579,1572,Luke,Scott,PRINCIPAL,luke.scott@whenuapaischool.school.nz,025-338-2771,2021-01-27,True
3580,1572,Joanne,Wright,SITE_MANAGER,joanne.wright@whenuapaischool.school.nz,021-779-5182,2021-10-10,True
3581,1572,Holly,Nguyen,HS_REP,holly.nguyen@whenuapaischool.school.nz,025-626-5615,2021-03-04,True
3582,1573,Matthew,Henare,PRINCIPAL,matthew.henare@willowparkschoo.school.nz,023-600-5345,2022-09-17,True
3583,1573,Nathan,Fraser,SITE_MANAGER,nathan.fraser@willowparkschoo.school.nz,027-815-2641,2021-03-10,True
3584,1573,Georgia,Cooper,HS_REP,georgia.cooper@willowparkschoo.school.nz,025-247-6846,2020-04-19,True
3585,1573,Emma,Taukiri,CARETAKER,emma.taukiri@willowparkschoo.school.nz,026-396-5561,2022-07-21,True
3586,1574,Liam,Kim,PRINCIPAL,liam.kim@wilsonschool.school.nz,024-279-7518,2022-02-18,True
3587,1574,Mason,Burns,SITE_MANAGER,mason.burns@wilsonschool.school.nz,021-578-1339,2021-03-07,True
3588,1574,Max,Rewi,HS_REP,max.rewi@wilsonschool.school.nz,021-964-6143,2021-07-03,True
3589,1575,Hayley,King,PRINCIPAL,hayley.king@windyridgeschoo.school.nz,026-616-5507,2021-08-27,True
3590,1575,Andrew,Brown,SITE_MANAGER,andrew.brown@windyridgeschoo.school.nz,021-969-1739,2022-03-22,True
3591,1575,David,White,HS_REP,david.white@windyridgeschoo.school.nz,028-710-7007,2020-02-07,True
3592,1575,Hayley,Brown,CARETAKER,hayley.brown@windyridgeschoo.school.nz,026-551-6546,2020-07-12,True
3593,1576,Josh,Fraser,PRINCIPAL,josh.fraser@wiricentralscho.school.nz,024-329-9621,2021-04-23,True
3594,1576,Amber,Mahuta,SITE_MANAGER,amber.mahuta@wiricentralscho.school.nz,027-313-8368,2021-06-18,True
3595,1576,Charlotte,Smith,HS_REP,charlotte.smith@wiricentralscho.school.nz,024-281-2987,2020-02-28,True
3596,1577,Luke,Robinson,PRINCIPAL,luke.robinson@woodhillschool.school.nz,027-786-1296,2021-12-02,True
3597,1577,Matiu,Te Huia,SITE_MANAGER,matiu.te huia@woodhillschool.school.nz,022-149-3987,2020-12-02,True
3598,1577,Tia,Kumar,HS_REP,tia.kumar@woodhillschool.school.nz,024-418-5881,2020-02-28,True
3599,1577,Brooke,Kumar,CARETAKER,brooke.kumar@woodhillschool.school.nz,026-150-5820,2022-09-17,True
3600,1578,Hemi,Bennett,PRINCIPAL,hemi.bennett@woodlandsparksc.school.nz,027-981-3252,2022-08-28,True
3601,1578,Tane,Campbell,SITE_MANAGER,tane.campbell@woodlandsparksc.school.nz,025-493-6350,2020-07-06,True
3602,1578,Grace,Fitzgerald,HS_REP,grace.fitzgerald@woodlandsparksc.school.nz,028-765-5417,2020-08-02,True
3603,1579,Scott,Hill,PRINCIPAL,scott.hill@wymondleyroadsc.school.nz,024-418-3856,2020-02-09,True
3604,1579,Rawiri,Williams,SITE_MANAGER,rawiri.williams@wymondleyroadsc.school.nz,022-815-1184,2022-03-16,True
3605,1579,Zara,Stewart,HS_REP,zara.stewart@wymondleyroadsc.school.nz,026-998-4675,2020-01-12,True
3606,1580,Karen,Russell,PRINCIPAL,karen.russell@yendarraschool.school.nz,025-679-9077,2022-07-30,True
3607,1580,Holly,Singh,SITE_MANAGER,holly.singh@yendarraschool.school.nz,021-725-1831,2021-12-05,True
3608,1580,Tane,Hall,HS_REP,tane.hall@yendarraschool.school.nz,028-536-7108,2020-10-22,True
3609,1580,Aroha,Smith,CARETAKER,aroha.smith@yendarraschool.school.nz,025-159-5937,2021-03-18,True
3610,1581,Noah,Smith,PRINCIPAL,noah.smith@chapeldownsscho.school.nz,027-539-3280,2020-09-02,True
3611,1581,Aroha,Rewi,SITE_MANAGER,aroha.rewi@chapeldownsscho.school.nz,027-114-2631,2020-06-30,True
3612,1581,Freya,Wright,HS_REP,freya.wright@chapeldownsscho.school.nz,024-283-3425,2020-10-26,True
3613,1582,Amber,Lee,PRINCIPAL,amber.lee@novamontessoris.school.nz,023-399-3705,2021-11-24,True
3614,1582,Kaia,Hall,SITE_MANAGER,kaia.hall@novamontessoris.school.nz,026-826-4056,2020-07-21,True
3615,1582,Ihaia,Clarke,HS_REP,ihaia.clarke@novamontessoris.school.nz,026-998-8334,2020-05-11,True
3616,1582,Brooke,Martin,CARETAKER,brooke.martin@novamontessoris.school.nz,024-134-7459,2021-12-10,True
3617,1584,Scott,Stewart,PRINCIPAL,scott.stewart@tkkmoterakipaew.school.nz,022-201-8920,2021-04-30,True
3618,1584,Matthew,Brown,SITE_MANAGER,matthew.brown@tkkmoterakipaew.school.nz,022-276-3690,2022-08-17,True
3619,1584,Finn,Henderson,HS_REP,finn.henderson@tkkmoterakipaew.school.nz,023-102-1094,2021-11-27,True
3620,1585,Amber,Cooper,PRINCIPAL,amber.cooper@stanthonysschoo.school.nz,027-705-3981,2020-12-05,True
3621,1585,Sophie,Walker,SITE_MANAGER,sophie.walker@stanthonysschoo.school.nz,025-343-5840,2020-10-17,True
3622,1585,Chris,Brown,HS_REP,chris.brown@stanthonysschoo.school.nz,028-394-1860,2021-10-24,True
3623,1587,Nikau,Mitchell,PRINCIPAL,nikau.mitchell@gloriavalechris.school.nz,027-791-8577,2022-09-25,True
3624,1587,Michelle,Henderson,SITE_MANAGER,michelle.henderson@gloriavalechris.school.nz,022-627-9582,2021-12-14,True
3625,1587,Aroha,Green,HS_REP,aroha.green@gloriavalechris.school.nz,025-331-8841,2022-03-13,True
3626,1587,Zara,Walker,CARETAKER,zara.walker@gloriavalechris.school.nz,026-471-3819,2022-09-10,True
3627,1588,Nathan,Taukiri,PRINCIPAL,nathan.taukiri@stfrancisxavier.school.nz,022-503-6193,2022-04-14,True
3628,1588,Amelia,Baker,SITE_MANAGER,amelia.baker@stfrancisxavier.school.nz,024-362-5885,2022-05-12,True
3629,1588,Grace,Mahuta,HS_REP,grace.mahuta@stfrancisxavier.school.nz,022-123-3490,2022-04-25,True
3630,1589,Isla,Kumar,PRINCIPAL,isla.kumar@tkkmotokumapihi.school.nz,026-245-6289,2021-10-20,True
3631,1589,Nicola,Hill,SITE_MANAGER,nicola.hill@tkkmotokumapihi.school.nz,027-649-5543,2020-04-18,True
3632,1589,Sarah,Hill,HS_REP,sarah.hill@tkkmotokumapihi.school.nz,027-202-5230,2021-02-26,True
3633,1592,Michael,Kim,PRINCIPAL,michael.kim@marinaviewschoo.school.nz,026-721-3963,2021-11-23,True
3634,1592,Chris,Robinson,SITE_MANAGER,chris.robinson@marinaviewschoo.school.nz,026-193-1561,2021-10-28,True
3635,1592,Tane,Palmer,HS_REP,tane.palmer@marinaviewschoo.school.nz,026-781-3514,2020-01-07,True
3636,1592,Wiremu,Morgan,CARETAKER,wiremu.morgan@marinaviewschoo.school.nz,024-555-1414,2020-10-21,True
3637,1593,Scott,Hill,PRINCIPAL,scott.hill@kaitokeschool(c.school.nz,023-357-8856,2020-06-11,True
3638,1593,Karen,Taukiri,SITE_MANAGER,karen.taukiri@kaitokeschool(c.school.nz,024-917-3598,2022-06-14,True
3639,1593,Paula,Martin,HS_REP,paula.martin@kaitokeschool(c.school.nz,026-802-8130,2020-01-30,True
3640,1594,Nathan,Williams,PRINCIPAL,nathan.williams@riverviewschool.school.nz,021-596-5978,2020-08-26,True
3641,1594,Luke,Russell,SITE_MANAGER,luke.russell@riverviewschool.school.nz,027-865-1568,2022-03-15,True
3642,1594,Andrew,Robinson,HS_REP,andrew.robinson@riverviewschool.school.nz,028-469-5843,2020-11-07,True
3643,1595,Ben,Thompson,PRINCIPAL,ben.thompson@titirangirudolf.school.nz,021-764-5942,2022-09-25,True
3644,1595,Finn,King,SITE_MANAGER,finn.king@titirangirudolf.school.nz,021-377-2233,2020-03-25,True
3645,1595,Nicola,Nguyen,HS_REP,nicola.nguyen@titirangirudolf.school.nz,026-804-8278,2020-06-11,True
3646,1606,Isla,Henderson,PRINCIPAL,isla.henderson@upinternational.school.nz,027-651-3629,2022-05-30,True
3647,1606,Isla,Edwards,SITE_MANAGER,isla.edwards@upinternational.school.nz,022-992-5544,2021-05-29,True
3648,1606,Craig,Anderson,HS_REP,craig.anderson@upinternational.school.nz,027-900-6120,2022-07-22,True
3649,1607,Tane,Roberts,PRINCIPAL,tane.roberts@bishopedwardgai.school.nz,028-572-1397,2021-08-11,True
3650,1607,Paula,Martin,SITE_MANAGER,paula.martin@bishopedwardgai.school.nz,028-794-7064,2021-02-11,True
3651,1607,Daniel,Henderson,HS_REP,daniel.henderson@bishopedwardgai.school.nz,025-634-7558,2021-10-17,True
3652,1607,Aria,Williams,CARETAKER,aria.williams@bishopedwardgai.school.nz,028-744-1601,2020-07-02,True
3653,1608,Isla,Chen,PRINCIPAL,isla.chen@stmatthewsprima.school.nz,028-218-5964,2021-07-09,True
3654,1608,Stacey,Singh,SITE_MANAGER,stacey.singh@stmatthewsprima.school.nz,025-855-8940,2022-08-16,True
3655,1608,Kauri,Chen,HS_REP,kauri.chen@stmatthewsprima.school.nz,024-610-9188,2021-09-10,True
3656,1611,Michelle,Anderson,PRINCIPAL,michelle.anderson@timaruchristian.school.nz,022-422-7249,2022-07-21,True
3657,1611,Holly,Jones,SITE_MANAGER,holly.jones@timaruchristian.school.nz,021-127-5359,2022-05-04,True
3658,1611,Zara,Henare,HS_REP,zara.henare@timaruchristian.school.nz,026-927-3855,2020-11-23,True
3659,1613,Mark,Parker,PRINCIPAL,mark.parker@terāschool.school.nz,024-878-2547,2021-06-10,True
3660,1613,Noah,Wright,SITE_MANAGER,noah.wright@terāschool.school.nz,022-337-1548,2022-06-04,True
3661,1613,Finn,Roberts,HS_REP,finn.roberts@terāschool.school.nz,024-291-6090,2020-03-04,True
3662,1613,Donna,Gallagher,CARETAKER,donna.gallagher@terāschool.school.nz,028-617-8386,2021-01-07,True
3663,1616,Liam,Gallagher,PRINCIPAL,liam.gallagher@tkkmongatikahun.school.nz,021-886-6028,2020-11-12,True
3664,1616,Hayley,Fitzgerald,SITE_MANAGER,hayley.fitzgerald@tkkmongatikahun.school.nz,024-898-2964,2021-07-13,True
3665,1616,Anika,Wilson,HS_REP,anika.wilson@tkkmongatikahun.school.nz,021-894-6616,2020-07-24,True
3666,1616,Georgia,Nguyen,CARETAKER,georgia.nguyen@tkkmongatikahun.school.nz,028-266-9635,2020-02-29,True
3667,1617,Ruby,Mitchell,PRINCIPAL,ruby.mitchell@tkkmongatirangi.school.nz,023-494-6296,2020-10-08,True
3668,1617,Michelle,Green,SITE_MANAGER,michelle.green@tkkmongatirangi.school.nz,028-503-6940,2020-07-26,True
3669,1617,Tane,Henderson,HS_REP,tane.henderson@tkkmongatirangi.school.nz,025-806-8104,2021-11-07,True
3670,1617,Ruby,Thompson,CARETAKER,ruby.thompson@tkkmongatirangi.school.nz,025-501-4284,2021-03-17,True
3671,1618,Liam,Henderson,PRINCIPAL,liam.henderson@tkkmotewhanauta.school.nz,023-927-2325,2021-05-05,True
3672,1618,Georgia,Green,SITE_MANAGER,georgia.green@tkkmotewhanauta.school.nz,026-352-6851,2021-03-18,True
3673,1618,Grace,Roberts,HS_REP,grace.roberts@tkkmotewhanauta.school.nz,027-839-5695,2022-03-17,True
3674,1625,David,Scott,PRINCIPAL,david.scott@ascotcommunitys.school.nz,022-317-7555,2022-08-18,True
3675,1625,Finn,Clarke,SITE_MANAGER,finn.clarke@ascotcommunitys.school.nz,021-440-4933,2021-09-17,True
3676,1625,Jack,Palmer,HS_REP,jack.palmer@ascotcommunitys.school.nz,022-140-9851,2020-05-20,True
3677,1627,Brooke,Green,PRINCIPAL,brooke.green@stpaulsschool(r.school.nz,028-159-1029,2020-11-30,True
3678,1627,Luke,Roberts,SITE_MANAGER,luke.roberts@stpaulsschool(r.school.nz,027-672-6101,2021-08-16,True
3679,1627,Caleb,Crawford,HS_REP,caleb.crawford@stpaulsschool(r.school.nz,026-923-1514,2021-07-16,True
3680,1630,Ethan,Stewart,PRINCIPAL,ethan.stewart@centralregional.school.nz,022-371-6129,2022-05-19,True
3681,1630,Kylie,Kim,SITE_MANAGER,kylie.kim@centralregional.school.nz,025-465-8995,2021-11-23,True
3682,1630,Noah,Jones,HS_REP,noah.jones@centralregional.school.nz,024-915-2216,2021-08-01,True
3683,1630,Ruby,Hill,CARETAKER,ruby.hill@centralregional.school.nz,028-636-2642,2022-08-21,True
3684,1631,Max,Kim,PRINCIPAL,max.kim@southernhealths.school.nz,024-661-7030,2021-07-30,True
3685,1631,Kaia,Harris,SITE_MANAGER,kaia.harris@southernhealths.school.nz,021-412-3593,2022-08-16,True
3686,1631,Nikau,Te Huia,HS_REP,nikau.te huia@southernhealths.school.nz,025-859-2061,2021-01-29,True
3687,1631,Ben,Brown,CARETAKER,ben.brown@southernhealths.school.nz,022-618-4744,2020-01-29,True
3688,1633,Michelle,Clarke,PRINCIPAL,michelle.clarke@stmarymackillop.school.nz,021-130-5750,2022-07-05,True
3689,1633,Shane,Patel,SITE_MANAGER,shane.patel@stmarymackillop.school.nz,023-719-8924,2021-01-11,True
3690,1633,Nathan,Williams,HS_REP,nathan.williams@stmarymackillop.school.nz,025-229-1757,2020-05-28,True
3691,1634,Emma,Robinson,PRINCIPAL,emma.robinson@tekuramāoriopor.school.nz,021-904-9865,2021-12-26,True
3692,1634,Brooke,Hill,SITE_MANAGER,brooke.hill@tekuramāoriopor.school.nz,024-703-8154,2020-03-12,True
3693,1634,Paula,Fraser,HS_REP,paula.fraser@tekuramāoriopor.school.nz,023-169-1310,2021-05-23,True
3694,1636,Zara,Robinson,PRINCIPAL,zara.robinson@stthomasmorecat.school.nz,027-956-9494,2020-02-25,True
3695,1636,Michelle,Crawford,SITE_MANAGER,michelle.crawford@stthomasmorecat.school.nz,024-606-4822,2021-11-07,True
3696,1636,Josh,Young,HS_REP,josh.young@stthomasmorecat.school.nz,022-528-9442,2022-06-01,True
3697,1636,Stacey,Turner,CARETAKER,stacey.turner@stthomasmorecat.school.nz,028-844-8307,2020-11-28,True
3698,1641,Wiremu,Fraser,PRINCIPAL,wiremu.fraser@amanachristians.school.nz,024-881-1067,2020-11-12,True
3699,1641,Caleb,Rewi,SITE_MANAGER,caleb.rewi@amanachristians.school.nz,022-557-2510,2022-06-10,True
3700,1641,Amelia,Wright,HS_REP,amelia.wright@amanachristians.school.nz,023-640-5913,2022-09-05,True
3701,1643,Amber,Nguyen,PRINCIPAL,amber.nguyen@stpaulsschool(m.school.nz,024-915-3657,2021-02-03,True
3702,1643,Nicola,Martin,SITE_MANAGER,nicola.martin@stpaulsschool(m.school.nz,028-935-1206,2022-01-06,True
3703,1643,Lisa,Henare,HS_REP,lisa.henare@stpaulsschool(m.school.nz,026-570-8250,2021-10-19,True
3704,1645,Simon,Wright,PRINCIPAL,simon.wright@tekuraotōrere.school.nz,026-528-7893,2021-05-11,True
3705,1645,Josh,Crawford,SITE_MANAGER,josh.crawford@tekuraotōrere.school.nz,028-245-5260,2021-04-06,True
3706,1645,Ruby,Johnston,HS_REP,ruby.johnston@tekuraotōrere.school.nz,026-552-5163,2021-11-21,True
3707,1646,Maia,Bennett,PRINCIPAL,maia.bennett@wainuiomatainte.school.nz,026-918-7654,2021-01-21,True
3708,1646,Tracey,Brown,SITE_MANAGER,tracey.brown@wainuiomatainte.school.nz,027-673-1851,2022-01-13,True
3709,1646,Liam,Williams,HS_REP,liam.williams@wainuiomatainte.school.nz,026-184-3173,2022-08-01,True
3710,1647,Sarah,Lee,PRINCIPAL,sarah.lee@koniniprimarysc.school.nz,025-522-5180,2022-09-22,True
3711,1647,Sarah,Crawford,SITE_MANAGER,sarah.crawford@koniniprimarysc.school.nz,022-774-6007,2021-02-09,True
3712,1647,Simon,Chen,HS_REP,simon.chen@koniniprimarysc.school.nz,023-199-5567,2020-12-28,True
3713,1648,Matthew,Gray,PRINCIPAL,matthew.gray@manaiaviewschoo.school.nz,025-265-9581,2020-04-08,True
3714,1648,Donna,Henare,SITE_MANAGER,donna.henare@manaiaviewschoo.school.nz,022-949-5603,2020-01-15,True
3715,1648,James,Johnston,HS_REP,james.johnston@manaiaviewschoo.school.nz,026-784-6854,2021-05-20,True
3716,1650,Liam,Morgan,PRINCIPAL,liam.morgan@drummondprimary.school.nz,022-376-4776,2021-08-08,True
3717,1650,Paula,Thompson,SITE_MANAGER,paula.thompson@drummondprimary.school.nz,023-584-1329,2021-06-12,True
3718,1650,David,Hall,HS_REP,david.hall@drummondprimary.school.nz,021-787-2144,2020-12-11,True
3719,1650,Sarah,Russell,CARETAKER,sarah.russell@drummondprimary.school.nz,021-923-3135,2020-01-20,True
3720,1651,Tracey,Green,PRINCIPAL,tracey.green@tkkmowairarapa.school.nz,022-340-5015,2020-10-10,True
3721,1651,Brooke,Brown,SITE_MANAGER,brooke.brown@tkkmowairarapa.school.nz,022-880-2311,2021-03-08,True
3722,1651,Maia,Smith,HS_REP,maia.smith@tkkmowairarapa.school.nz,026-979-7179,2020-03-28,True
3723,1655,Hayley,Cooper,PRINCIPAL,hayley.cooper@destinyschool.school.nz,025-943-3719,2022-07-28,True
3724,1655,James,Kumar,SITE_MANAGER,james.kumar@destinyschool.school.nz,023-966-8823,2020-05-27,True
3725,1655,Mere,Fitzgerald,HS_REP,mere.fitzgerald@destinyschool.school.nz,021-954-3941,2020-02-05,True
3726,1655,Sam,Scott,CARETAKER,sam.scott@destinyschool.school.nz,028-662-7583,2020-05-14,True
3727,1657,Nicola,Johnston,PRINCIPAL,nicola.johnston@silverstream(so.school.nz,023-781-5802,2021-10-30,True
3728,1657,Kaia,Gallagher,SITE_MANAGER,kaia.gallagher@silverstream(so.school.nz,023-785-2510,2020-06-01,True
3729,1657,Emma,Clarke,HS_REP,emma.clarke@silverstream(so.school.nz,023-784-3113,2021-07-01,True
3730,1657,Joanne,Smith,CARETAKER,joanne.smith@silverstream(so.school.nz,024-881-9703,2021-05-06,True
3731,1658,Caleb,Edwards,PRINCIPAL,caleb.edwards@putāruruprimary.school.nz,028-968-9882,2021-09-26,True
3732,1658,James,Johnston,SITE_MANAGER,james.johnston@putāruruprimary.school.nz,021-281-6038,2020-06-19,True
3733,1658,Simon,Wilson,HS_REP,simon.wilson@putāruruprimary.school.nz,025-630-3893,2021-01-23,True
3734,1658,Andrew,Robinson,CARETAKER,andrew.robinson@putāruruprimary.school.nz,027-799-3272,2020-11-05,True
3735,1659,Tane,Johnston,PRINCIPAL,tane.johnston@lakeviewschool.school.nz,022-326-7802,2022-04-16,True
3736,1659,Grant,Smith,SITE_MANAGER,grant.smith@lakeviewschool.school.nz,023-245-3572,2022-07-25,True
3737,1659,Maia,Young,HS_REP,maia.young@lakeviewschool.school.nz,021-433-8934,2021-11-18,True
3738,1660,Aria,Edwards,PRINCIPAL,aria.edwards@mastertonprimar.school.nz,023-137-7750,2020-08-25,True
3739,1660,Karen,Green,SITE_MANAGER,karen.green@mastertonprimar.school.nz,026-755-5962,2022-05-30,True
3740,1660,Ihaia,Henare,HS_REP,ihaia.henare@mastertonprimar.school.nz,025-370-8213,2020-05-16,True
3741,1660,Caleb,Williams,CARETAKER,caleb.williams@mastertonprimar.school.nz,027-129-9585,2020-10-27,True
3742,1661,Georgia,Baker,PRINCIPAL,georgia.baker@douglasparkscho.school.nz,025-169-4723,2022-07-07,True
3743,1661,Daniel,Kumar,SITE_MANAGER,daniel.kumar@douglasparkscho.school.nz,023-614-4133,2020-03-25,True
3744,1661,Mason,Edwards,HS_REP,mason.edwards@douglasparkscho.school.nz,022-248-6470,2020-04-23,True
3745,1662,Rawiri,Walker,PRINCIPAL,rawiri.walker@huiarangeschool.school.nz,026-379-7326,2021-05-05,True
3746,1662,Anika,Robinson,SITE_MANAGER,anika.robinson@huiarangeschool.school.nz,024-989-8775,2021-06-20,True
3747,1662,Mason,Hall,HS_REP,mason.hall@huiarangeschool.school.nz,023-888-7000,2021-09-28,True
3748,1662,Amber,Johnston,CARETAKER,amber.johnston@huiarangeschool.school.nz,024-975-2545,2021-08-11,True
3749,1663,Josh,Clarke,PRINCIPAL,josh.clarke@stellamarisprim.school.nz,027-718-6805,2021-12-19,True
3750,1663,Georgia,Rewi,SITE_MANAGER,georgia.rewi@stellamarisprim.school.nz,028-608-7248,2022-09-06,True
3751,1663,Daniel,Gallagher,HS_REP,daniel.gallagher@stellamarisprim.school.nz,021-268-3788,2020-08-14,True
3752,1666,Brooke,Green,PRINCIPAL,brooke.green@tekuraowaikare.school.nz,027-182-8707,2020-10-26,True
3753,1666,Olivia,Hill,SITE_MANAGER,olivia.hill@tekuraowaikare.school.nz,023-542-3978,2020-12-05,True
3754,1666,Andrew,Baker,HS_REP,andrew.baker@tekuraowaikare.school.nz,022-128-8337,2022-02-21,True
3755,1667,Chris,Chen,PRINCIPAL,chris.chen@hepunarukumātau.school.nz,028-501-5193,2021-02-17,True
3756,1667,Ihaia,Watson,SITE_MANAGER,ihaia.watson@hepunarukumātau.school.nz,024-876-1494,2022-06-16,True
3757,1667,Ben,Roberts,HS_REP,ben.roberts@hepunarukumātau.school.nz,026-888-7584,2020-06-16,True
3758,1668,Nikau,King,PRINCIPAL,nikau.king@wairoaprimarysc.school.nz,027-217-6530,2022-07-03,True
3759,1668,Charlotte,Hamilton,SITE_MANAGER,charlotte.hamilton@wairoaprimarysc.school.nz,026-644-7816,2020-06-03,True
3760,1668,Rawiri,Watson,HS_REP,rawiri.watson@wairoaprimarysc.school.nz,023-820-9871,2022-08-31,True
3761,1668,Charlotte,Taukiri,CARETAKER,charlotte.taukiri@wairoaprimarysc.school.nz,022-403-2129,2022-09-07,True
3762,1669,Tia,Stewart,PRINCIPAL,tia.stewart@tiahoprimarysch.school.nz,024-705-1407,2022-01-08,True
3763,1669,Sophie,Anderson,SITE_MANAGER,sophie.anderson@tiahoprimarysch.school.nz,026-196-4780,2022-02-22,True
3764,1669,Nikau,White,HS_REP,nikau.white@tiahoprimarysch.school.nz,028-460-6006,2022-06-16,True
3765,1669,Matiu,Henderson,CARETAKER,matiu.henderson@tiahoprimarysch.school.nz,025-748-8066,2022-06-12,True
3766,1670,Ihaia,Thompson,PRINCIPAL,ihaia.thompson@tearawhanuikura.school.nz,023-680-1891,2021-04-09,True
3767,1670,Tane,Fitzgerald,SITE_MANAGER,tane.fitzgerald@tearawhanuikura.school.nz,028-614-9407,2022-06-08,True
3768,1670,Brooke,Lee,HS_REP,brooke.lee@tearawhanuikura.school.nz,026-122-5191,2021-04-10,True
3769,1670,Shane,Johnston,CARETAKER,shane.johnston@tearawhanuikura.school.nz,025-876-6644,2021-10-29,True
3770,1672,Ryan,Fraser,PRINCIPAL,ryan.fraser@tkkmongauriamau.school.nz,024-682-9815,2022-05-19,True
3771,1672,Max,Walker,SITE_MANAGER,max.walker@tkkmongauriamau.school.nz,026-414-4650,2022-09-11,True
3772,1672,Anika,Morgan,HS_REP,anika.morgan@tkkmongauriamau.school.nz,021-885-7467,2020-12-18,True
3773,1672,Jack,Burns,CARETAKER,jack.burns@tkkmongauriamau.school.nz,028-407-7973,2020-10-27,True
3774,1673,Matiu,Johnston,PRINCIPAL,matiu.johnston@tkkmotewaiuonga.school.nz,025-551-1270,2021-10-06,True
3775,1673,Kauri,Palmer,SITE_MANAGER,kauri.palmer@tkkmotewaiuonga.school.nz,021-153-7368,2021-08-17,True
3776,1673,Sam,Taylor,HS_REP,sam.taylor@tkkmotewaiuonga.school.nz,024-942-2292,2021-07-08,True
3777,1673,Ben,Hall,CARETAKER,ben.hall@tkkmotewaiuonga.school.nz,024-919-2562,2020-09-13,True
3778,1674,Sophie,Hall,PRINCIPAL,sophie.hall@tkkmotewanangaw.school.nz,026-256-1669,2021-12-19,True
3779,1674,Mark,Harris,SITE_MANAGER,mark.harris@tkkmotewanangaw.school.nz,027-762-7748,2021-04-13,True
3780,1674,Lisa,Rewi,HS_REP,lisa.rewi@tkkmotewanangaw.school.nz,026-881-2521,2022-05-04,True
3781,1675,Matthew,Baker,PRINCIPAL,matthew.baker@ruakiturischool.school.nz,021-245-2800,2020-07-09,True
3782,1675,Sarah,Gallagher,SITE_MANAGER,sarah.gallagher@ruakiturischool.school.nz,024-774-3413,2020-07-24,True
3783,1675,Sophie,Singh,HS_REP,sophie.singh@ruakiturischool.school.nz,025-241-1097,2022-08-05,True
3784,1676,Georgia,Kim,PRINCIPAL,georgia.kim@temahiaschool.school.nz,026-823-3484,2022-03-17,True
3785,1676,Lisa,Smith,SITE_MANAGER,lisa.smith@temahiaschool.school.nz,026-198-3038,2022-02-02,True
3786,1676,Nicola,Jones,HS_REP,nicola.jones@temahiaschool.school.nz,022-762-6415,2020-12-09,True
3787,1677,Tane,Morgan,PRINCIPAL,tane.morgan@mohakaschool.school.nz,025-600-1578,2020-12-08,True
3788,1677,Nicola,Smith,SITE_MANAGER,nicola.smith@mohakaschool.school.nz,026-512-8264,2021-12-29,True
3789,1677,James,Harawira,HS_REP,james.harawira@mohakaschool.school.nz,026-577-7935,2021-06-15,True
3790,1677,Brooke,Taukiri,CARETAKER,brooke.taukiri@mohakaschool.school.nz,022-540-7378,2021-12-07,True
3791,1678,Karen,Lee,PRINCIPAL,karen.lee@tekuraowaikarem.school.nz,025-625-2413,2020-08-23,True
3792,1678,Karen,Collins,SITE_MANAGER,karen.collins@tekuraowaikarem.school.nz,026-625-4594,2021-06-21,True
3793,1678,Michael,Smith,HS_REP,michael.smith@tekuraowaikarem.school.nz,023-312-6805,2022-06-21,True
3794,1679,Ben,Gallagher,PRINCIPAL,ben.gallagher@rahotuschool.school.nz,022-702-5570,2021-12-13,True
3795,1679,Max,Lee,SITE_MANAGER,max.lee@rahotuschool.school.nz,022-238-8273,2021-09-12,True
3796,1679,Mason,Fraser,HS_REP,mason.fraser@rahotuschool.school.nz,025-335-1767,2021-08-24,True
3797,1680,Kaia,Henderson,PRINCIPAL,kaia.henderson@aberdeenschool.school.nz,023-384-6948,2020-05-07,True
3798,1680,Jack,Hall,SITE_MANAGER,jack.hall@aberdeenschool.school.nz,023-740-8476,2022-01-12,True
3799,1680,Sam,Young,HS_REP,sam.young@aberdeenschool.school.nz,028-638-7040,2021-05-15,True
3800,1681,Ryan,Hill,PRINCIPAL,ryan.hill@allandaleschool.school.nz,022-859-4706,2021-09-30,True
3801,1681,Josh,Wong,SITE_MANAGER,josh.wong@allandaleschool.school.nz,021-440-2028,2020-12-10,True
3802,1681,Donna,Anderson,HS_REP,donna.anderson@allandaleschool.school.nz,027-220-9991,2020-01-14,True
3803,1681,Noah,Clarke,CARETAKER,noah.clarke@allandaleschool.school.nz,022-685-3208,2020-11-19,True
3804,1682,Rachel,Williams,PRINCIPAL,rachel.williams@amisfieldschool.school.nz,026-783-2065,2020-06-17,True
3805,1682,Kylie,Harris,SITE_MANAGER,kylie.harris@amisfieldschool.school.nz,025-965-3108,2020-05-17,True
3806,1682,Kaia,Jones,HS_REP,kaia.jones@amisfieldschool.school.nz,023-315-6666,2022-03-23,True
3807,1682,Caleb,Russell,CARETAKER,caleb.russell@amisfieldschool.school.nz,025-599-2797,2022-06-22,True
3808,1683,Finn,Wright,PRINCIPAL,finn.wright@aorangischool(r.school.nz,026-483-5446,2020-07-17,True
3809,1683,Amber,Mitchell,SITE_MANAGER,amber.mitchell@aorangischool(r.school.nz,021-949-8532,2020-10-29,True
3810,1683,Donna,Walker,HS_REP,donna.walker@aorangischool(r.school.nz,028-910-4362,2022-08-31,True
3811,1684,Hayley,Smith,PRINCIPAL,hayley.smith@apanuischool.school.nz,027-359-3790,2020-02-06,True
3812,1684,Mere,Hall,SITE_MANAGER,mere.hall@apanuischool.school.nz,027-569-6779,2022-04-01,True
3813,1684,Zara,Mahuta,HS_REP,zara.mahuta@apanuischool.school.nz,021-921-6487,2020-04-28,True
3814,1684,Wiremu,Bennett,CARETAKER,wiremu.bennett@apanuischool.school.nz,024-476-5715,2022-03-21,True
3815,1686,Daniel,Taylor,PRINCIPAL,daniel.taylor@aratakischool.school.nz,023-677-2921,2020-04-19,True
3816,1686,David,White,SITE_MANAGER,david.white@aratakischool.school.nz,025-351-3466,2021-12-09,True
3817,1686,Hayley,Collins,HS_REP,hayley.collins@aratakischool.school.nz,022-201-5606,2020-04-11,True
3818,1686,Holly,Wilson,CARETAKER,holly.wilson@aratakischool.school.nz,022-203-5794,2021-12-27,True
3819,1687,Maia,Lee,PRINCIPAL,maia.lee@āriaschool.school.nz,027-524-2029,2020-03-20,True
3820,1687,Rachel,Patel,SITE_MANAGER,rachel.patel@āriaschool.school.nz,025-379-7213,2020-12-20,True
3821,1687,Chris,Morgan,HS_REP,chris.morgan@āriaschool.school.nz,021-936-7706,2021-03-09,True
3822,1687,Rawiri,Collins,CARETAKER,rawiri.collins@āriaschool.school.nz,028-583-7296,2020-10-12,True
3823,1688,Charlotte,Mahuta,PRINCIPAL,charlotte.mahuta@arohenaschool.school.nz,026-337-8913,2022-06-15,True
3824,1688,Ben,Murray,SITE_MANAGER,ben.murray@arohenaschool.school.nz,026-797-9877,2022-08-14,True
3825,1688,Tane,Mitchell,HS_REP,tane.mitchell@arohenaschool.school.nz,027-818-4202,2021-03-03,True
3826,1689,Finn,Bennett,PRINCIPAL,finn.bennett@ashbrookschool.school.nz,022-520-3749,2021-07-04,True
3827,1689,Ben,Stewart,SITE_MANAGER,ben.stewart@ashbrookschool.school.nz,021-978-6941,2022-07-01,True
3828,1689,Josh,Hall,HS_REP,josh.hall@ashbrookschool.school.nz,021-524-6254,2020-01-28,True
3829,1689,Mark,Clarke,CARETAKER,mark.clarke@ashbrookschool.school.nz,022-399-5287,2021-10-14,True
3830,1691,David,Taukiri,PRINCIPAL,david.taukiri@awakerischool.school.nz,023-381-8990,2021-02-08,True
3831,1691,Scott,Singh,SITE_MANAGER,scott.singh@awakerischool.school.nz,022-251-7637,2020-05-27,True
3832,1691,Emma,Brown,HS_REP,emma.brown@awakerischool.school.nz,022-240-2012,2020-08-29,True
3833,1693,Moana,Collins,PRINCIPAL,moana.collins@bankwoodschool.school.nz,021-577-6445,2021-06-30,True
3834,1693,Tane,Mitchell,SITE_MANAGER,tane.mitchell@bankwoodschool.school.nz,024-301-6058,2020-07-21,True
3835,1693,Noah,Tamati,HS_REP,noah.tamati@bankwoodschool.school.nz,022-832-9082,2022-05-20,True
3836,1694,Kauri,Gray,PRINCIPAL,kauri.gray@bellevueschool(.school.nz,024-198-4430,2021-07-13,True
3837,1694,Simon,Taukiri,SITE_MANAGER,simon.taukiri@bellevueschool(.school.nz,026-345-7210,2020-12-01,True
3838,1694,Stacey,Mitchell,HS_REP,stacey.mitchell@bellevueschool(.school.nz,022-262-7717,2020-12-24,True
3839,1695,Ryan,Brown,PRINCIPAL,ryan.brown@berkleynormalmi.school.nz,022-880-6525,2020-08-02,True
3840,1695,Caleb,Burns,SITE_MANAGER,caleb.burns@berkleynormalmi.school.nz,024-389-1651,2020-08-05,True
3841,1695,Stacey,Taukiri,HS_REP,stacey.taukiri@berkleynormalmi.school.nz,028-717-6626,2020-06-21,True
3842,1695,Chris,Baker,CARETAKER,chris.baker@berkleynormalmi.school.nz,026-977-4037,2020-07-22,True
3843,1696,Rachel,Johnston,PRINCIPAL,rachel.johnston@tkkmobernardfer.school.nz,026-945-4297,2021-09-07,True
3844,1696,Max,Kumar,SITE_MANAGER,max.kumar@tkkmobernardfer.school.nz,025-193-4964,2021-03-10,True
3845,1696,Daniel,Fraser,HS_REP,daniel.fraser@tkkmobernardfer.school.nz,024-873-1407,2022-05-30,True
3846,1697,Nicola,Cooper,PRINCIPAL,nicola.cooper@bethlehemschool.school.nz,024-467-6257,2020-03-21,True
3847,1697,Mere,Mahuta,SITE_MANAGER,mere.mahuta@bethlehemschool.school.nz,021-212-4471,2022-06-15,True
3848,1697,Sam,Kumar,HS_REP,sam.kumar@bethlehemschool.school.nz,021-449-1721,2022-05-12,True
3849,1697,Sophie,Murray,CARETAKER,sophie.murray@bethlehemschool.school.nz,025-243-2256,2020-01-02,True
3850,1698,Emma,Hamilton,PRINCIPAL,emma.hamilton@broadlandsschoo.school.nz,027-171-2007,2022-09-08,True
3851,1698,Hemi,Collins,SITE_MANAGER,hemi.collins@broadlandsschoo.school.nz,023-247-1601,2020-08-31,True
3852,1698,Simon,Gallagher,HS_REP,simon.gallagher@broadlandsschoo.school.nz,028-463-4033,2020-08-18,True
3853,1698,Anika,Henderson,CARETAKER,anika.henderson@broadlandsschoo.school.nz,025-838-5974,2021-11-05,True
3854,1699,Aroha,Anderson,PRINCIPAL,aroha.anderson@tekuraomanunui.school.nz,024-227-8258,2021-06-26,True
3855,1699,Maia,Robinson,SITE_MANAGER,maia.robinson@tekuraomanunui.school.nz,023-443-5602,2021-01-10,True
3856,1699,Zara,Gallagher,HS_REP,zara.gallagher@tekuraomanunui.school.nz,027-420-9105,2020-12-21,True
3857,1700,Nathan,Brown,PRINCIPAL,nathan.brown@cambridgeeastsc.school.nz,026-755-8699,2021-03-15,True
3858,1700,Kaia,Hall,SITE_MANAGER,kaia.hall@cambridgeeastsc.school.nz,025-537-8327,2022-01-05,True
3859,1700,Tracey,Walker,HS_REP,tracey.walker@cambridgeeastsc.school.nz,024-408-4450,2022-03-23,True
3860,1700,James,Bennett,CARETAKER,james.bennett@cambridgeeastsc.school.nz,026-356-7684,2020-12-02,True
3861,1701,Matiu,Patel,PRINCIPAL,matiu.patel@cambridgemiddle.school.nz,027-192-8648,2021-01-25,True
3862,1701,Stacey,Bennett,SITE_MANAGER,stacey.bennett@cambridgemiddle.school.nz,025-636-7371,2021-04-10,True
3863,1701,Maia,Hill,HS_REP,maia.hill@cambridgemiddle.school.nz,021-202-7247,2020-12-22,True
3864,1702,Chris,Young,PRINCIPAL,chris.young@cambridgeschool.school.nz,028-263-9008,2020-03-03,True
3865,1702,Rachel,Campbell,SITE_MANAGER,rachel.campbell@cambridgeschool.school.nz,023-998-9664,2022-06-28,True
3866,1702,Max,Martin,HS_REP,max.martin@cambridgeschool.school.nz,028-858-5388,2021-06-19,True
3867,1704,Tia,King,PRINCIPAL,tia.king@cargillschool.school.nz,021-844-7307,2020-10-22,True
3868,1704,Josh,Te Huia,SITE_MANAGER,josh.te huia@cargillschool.school.nz,027-216-6287,2020-02-21,True
3869,1704,Jessica,Scott,HS_REP,jessica.scott@cargillschool.school.nz,026-816-4456,2021-08-26,True
3870,1705,Jack,Burns,PRINCIPAL,jack.burns@centennialparks.school.nz,024-839-1516,2020-07-17,True
3871,1705,Wiremu,Crawford,SITE_MANAGER,wiremu.crawford@centennialparks.school.nz,021-236-5046,2021-03-30,True
3872,1705,Sam,Wong,HS_REP,sam.wong@centennialparks.school.nz,027-219-3702,2021-02-24,True
3873,1706,Nathan,Hamilton,PRINCIPAL,nathan.hamilton@colvilleschool.school.nz,027-452-8072,2020-02-04,True
3874,1706,Hemi,Kumar,SITE_MANAGER,hemi.kumar@colvilleschool.school.nz,024-467-8217,2020-01-23,True
3875,1706,David,Clarke,HS_REP,david.clarke@colvilleschool.school.nz,025-172-5114,2022-02-11,True
3876,1706,Kylie,Kumar,CARETAKER,kylie.kumar@colvilleschool.school.nz,025-316-5281,2022-06-07,True
3877,1707,Reuben,Scott,PRINCIPAL,reuben.scott@coroglenschool.school.nz,022-690-1317,2020-07-26,True
3878,1707,Karen,White,SITE_MANAGER,karen.white@coroglenschool.school.nz,021-875-5412,2020-06-13,True
3879,1707,Reuben,Henderson,HS_REP,reuben.henderson@coroglenschool.school.nz,027-295-8970,2020-06-21,True
3880,1708,Holly,Taylor,PRINCIPAL,holly.taylor@davidhenryschoo.school.nz,023-709-6361,2020-12-21,True
3881,1708,Noah,Gray,SITE_MANAGER,noah.gray@davidhenryschoo.school.nz,028-585-7778,2022-02-24,True
3882,1708,Holly,Singh,HS_REP,holly.singh@davidhenryschoo.school.nz,023-191-5371,2021-03-20,True
3883,1709,Holly,Thompson,PRINCIPAL,holly.thompson@davidstreetscho.school.nz,023-913-8019,2020-11-04,True
3884,1709,Paula,Bennett,SITE_MANAGER,paula.bennett@davidstreetscho.school.nz,024-758-5070,2021-06-21,True
3885,1709,Aroha,Johnston,HS_REP,aroha.johnston@davidstreetscho.school.nz,024-481-6470,2022-06-07,True
3886,1710,Tane,Murray,PRINCIPAL,tane.murray@deanwellschool.school.nz,027-192-4401,2021-06-03,True
3887,1710,Georgia,Watson,SITE_MANAGER,georgia.watson@deanwellschool.school.nz,021-185-3383,2022-04-10,True
3888,1710,Brooke,Fraser,HS_REP,brooke.fraser@deanwellschool.school.nz,021-551-6216,2021-10-15,True
3889,1711,James,White,PRINCIPAL,james.white@edgecumbeschool.school.nz,022-732-3293,2021-06-22,True
3890,1711,Kaia,Anderson,SITE_MANAGER,kaia.anderson@edgecumbeschool.school.nz,023-329-7446,2020-10-24,True
3891,1711,Kylie,Martin,HS_REP,kylie.martin@edgecumbeschool.school.nz,027-228-9002,2022-03-26,True
3892,1713,Hayley,Fraser,PRINCIPAL,hayley.fraser@elstow-waihouco.school.nz,023-389-7985,2020-11-15,True
3893,1713,Zara,Mahuta,SITE_MANAGER,zara.mahuta@elstow-waihouco.school.nz,025-741-6141,2021-06-09,True
3894,1713,Donna,Watson,HS_REP,donna.watson@elstow-waihouco.school.nz,023-126-9876,2020-07-11,True
3895,1713,Reuben,Smith,CARETAKER,reuben.smith@elstow-waihouco.school.nz,021-195-9137,2020-11-14,True
3896,1715,Max,White,PRINCIPAL,max.white@fairfieldinterm.school.nz,028-911-1389,2021-02-18,True
3897,1715,Andrew,Singh,SITE_MANAGER,andrew.singh@fairfieldinterm.school.nz,025-468-5093,2020-05-13,True
3898,1715,Tia,Young,HS_REP,tia.young@fairfieldinterm.school.nz,026-954-6001,2022-04-15,True
3899,1715,Rachel,Kim,CARETAKER,rachel.kim@fairfieldinterm.school.nz,025-249-1781,2021-03-07,True
3900,1716,Tia,Baker,PRINCIPAL,tia.baker@fairfieldprimar.school.nz,028-946-7800,2021-03-06,True
3901,1716,Ruby,Burns,SITE_MANAGER,ruby.burns@fairfieldprimar.school.nz,022-292-3856,2021-04-16,True
3902,1716,Kauri,Palmer,HS_REP,kauri.palmer@fairfieldprimar.school.nz,025-623-1341,2022-06-21,True
3903,1716,Jack,Wong,CARETAKER,jack.wong@fairfieldprimar.school.nz,028-390-3898,2021-03-17,True
3904,1717,Paula,Gray,PRINCIPAL,paula.gray@fairhavenschool.school.nz,026-434-3580,2021-03-06,True
3905,1717,Emma,Singh,SITE_MANAGER,emma.singh@fairhavenschool.school.nz,022-170-2732,2021-05-19,True
3906,1717,Freya,Burns,HS_REP,freya.burns@fairhavenschool.school.nz,027-322-7924,2020-04-10,True
3907,1717,Aria,Nguyen,CARETAKER,aria.nguyen@fairhavenschool.school.nz,027-990-5452,2022-09-02,True
3908,1718,Scott,Hall,PRINCIPAL,scott.hall@tewharekuraokir.school.nz,021-217-8106,2020-10-21,True
3909,1718,Liam,Harris,SITE_MANAGER,liam.harris@tewharekuraokir.school.nz,026-561-5644,2021-12-30,True
3910,1718,Rawiri,Kim,HS_REP,rawiri.kim@tewharekuraokir.school.nz,024-575-3316,2021-08-17,True
3911,1718,Matiu,Henare,CARETAKER,matiu.henare@tewharekuraokir.school.nz,021-762-5966,2020-08-17,True
3912,1719,Zara,Harris,PRINCIPAL,zara.harris@firthschool.school.nz,027-295-2091,2021-05-12,True
3913,1719,Amber,King,SITE_MANAGER,amber.king@firthschool.school.nz,025-905-5161,2022-02-07,True
3914,1719,Hemi,Smith,HS_REP,hemi.smith@firthschool.school.nz,026-217-4260,2020-07-06,True
3915,1720,Simon,Tamati,PRINCIPAL,simon.tamati@forestlakeschoo.school.nz,021-739-8252,2022-01-24,True
3916,1720,Mere,Martin,SITE_MANAGER,mere.martin@forestlakeschoo.school.nz,025-919-4804,2021-05-19,True
3917,1720,Isla,Collins,HS_REP,isla.collins@forestlakeschoo.school.nz,024-723-7735,2022-08-12,True
3918,1721,Finn,Scott,PRINCIPAL,finn.scott@franktonschool.school.nz,021-955-7104,2021-03-10,True
3919,1721,Michelle,Parker,SITE_MANAGER,michelle.parker@franktonschool.school.nz,024-466-3953,2021-04-25,True
3920,1721,Liam,Baker,HS_REP,liam.baker@franktonschool.school.nz,027-752-5290,2020-04-04,True
3921,1722,Matthew,Nguyen,PRINCIPAL,matthew.nguyen@galateaschool.school.nz,021-892-7960,2021-08-10,True
3922,1722,Joanne,Mitchell,SITE_MANAGER,joanne.mitchell@galateaschool.school.nz,024-186-8294,2021-05-21,True
3923,1722,Aria,Walker,HS_REP,aria.walker@galateaschool.school.nz,026-569-9608,2021-11-08,True
3924,1723,Noah,Clarke,PRINCIPAL,noah.clarke@glenmasseyschoo.school.nz,024-709-8349,2021-11-09,True
3925,1723,Mark,Nguyen,SITE_MANAGER,mark.nguyen@glenmasseyschoo.school.nz,022-421-7249,2022-06-11,True
3926,1723,Karen,Tamati,HS_REP,karen.tamati@glenmasseyschoo.school.nz,027-308-4971,2021-07-21,True
3927,1723,David,Scott,CARETAKER,david.scott@glenmasseyschoo.school.nz,025-139-6615,2021-11-06,True
3928,1724,Matthew,Henderson,PRINCIPAL,matthew.henderson@glenholmeschool.school.nz,022-305-2109,2022-04-19,True
3929,1724,David,Walker,SITE_MANAGER,david.walker@glenholmeschool.school.nz,024-383-9515,2020-12-09,True
3930,1724,Shane,Thompson,HS_REP,shane.thompson@glenholmeschool.school.nz,024-432-4618,2022-02-09,True
3931,1724,Nikau,Kumar,CARETAKER,nikau.kumar@glenholmeschool.school.nz,022-996-7751,2021-09-06,True
3932,1725,Max,Taylor,PRINCIPAL,max.taylor@glenviewschool(.school.nz,024-766-3574,2022-03-11,True
3933,1725,Rachel,Rewi,SITE_MANAGER,rachel.rewi@glenviewschool(.school.nz,022-710-4381,2021-08-31,True
3934,1725,Aroha,Scott,HS_REP,aroha.scott@glenviewschool(.school.nz,027-937-9985,2021-11-12,True
3935,1725,Zara,Kumar,CARETAKER,zara.kumar@glenviewschool(.school.nz,024-177-8643,2022-03-06,True
3936,1726,Tane,Henare,PRINCIPAL,tane.henare@goldfieldsschoo.school.nz,024-729-3635,2022-06-24,True
3937,1726,Lisa,Campbell,SITE_MANAGER,lisa.campbell@goldfieldsschoo.school.nz,021-849-5762,2020-03-27,True
3938,1726,Anika,Gallagher,HS_REP,anika.gallagher@goldfieldsschoo.school.nz,024-252-5728,2020-06-30,True
3939,1727,Luke,Kumar,PRINCIPAL,luke.kumar@goodwoodschool.school.nz,025-600-7346,2020-08-31,True
3940,1727,Anika,Patel,SITE_MANAGER,anika.patel@goodwoodschool.school.nz,028-930-2534,2020-02-14,True
3941,1727,Donna,Brown,HS_REP,donna.brown@goodwoodschool.school.nz,024-881-4449,2021-12-07,True
3942,1728,Kylie,Gray,PRINCIPAL,kylie.gray@gordontonschool.school.nz,021-727-3609,2021-02-26,True
3943,1728,Rawiri,Harawira,SITE_MANAGER,rawiri.harawira@gordontonschool.school.nz,026-950-9957,2020-03-02,True
3944,1728,Ihaia,Palmer,HS_REP,ihaia.palmer@gordontonschool.school.nz,022-953-6088,2021-03-27,True
3945,1729,Ben,Brown,PRINCIPAL,ben.brown@greenparkschool.school.nz,024-970-4854,2020-03-01,True
3946,1729,Jack,Hill,SITE_MANAGER,jack.hill@greenparkschool.school.nz,021-660-9789,2020-12-02,True
3947,1729,Moana,Gallagher,HS_REP,moana.gallagher@greenparkschool.school.nz,026-723-8595,2020-10-22,True
3948,1729,Charlotte,Edwards,CARETAKER,charlotte.edwards@greenparkschool.school.nz,021-498-6403,2020-06-25,True
3949,1730,Kaia,King,PRINCIPAL,kaia.king@greertonvillage.school.nz,023-814-2453,2020-08-26,True
3950,1730,Paula,Williams,SITE_MANAGER,paula.williams@greertonvillage.school.nz,023-991-8470,2020-01-27,True
3951,1730,Charlotte,Te Huia,HS_REP,charlotte.te huia@greertonvillage.school.nz,024-441-8471,2021-09-27,True
3952,1730,Nikau,Jones,CARETAKER,nikau.jones@greertonvillage.school.nz,026-546-1448,2020-11-29,True
3953,1731,Nicola,Tamati,PRINCIPAL,nicola.tamati@hamiltoneastsch.school.nz,027-930-4762,2021-09-04,True
3954,1731,Kauri,Hill,SITE_MANAGER,kauri.hill@hamiltoneastsch.school.nz,027-526-4227,2021-09-24,True
3955,1731,Wiremu,Roberts,HS_REP,wiremu.roberts@hamiltoneastsch.school.nz,025-464-7312,2020-11-07,True
3956,1731,Grant,Robinson,CARETAKER,grant.robinson@hamiltoneastsch.school.nz,021-851-5752,2021-05-16,True
3957,1732,Georgia,Henderson,PRINCIPAL,georgia.henderson@hamiltonnorthsc.school.nz,026-149-4808,2020-09-28,True
3958,1732,Max,Kim,SITE_MANAGER,max.kim@hamiltonnorthsc.school.nz,026-436-2172,2021-03-11,True
3959,1732,Daniel,Smith,HS_REP,daniel.smith@hamiltonnorthsc.school.nz,023-337-8520,2020-04-29,True
3960,1732,Sam,Baker,CARETAKER,sam.baker@hamiltonnorthsc.school.nz,028-766-2032,2022-09-16,True
3961,1733,Lisa,Te Huia,PRINCIPAL,lisa.te huia@hamiltonwestsch.school.nz,023-392-6973,2021-06-13,True
3962,1733,Ethan,Jones,SITE_MANAGER,ethan.jones@hamiltonwestsch.school.nz,023-449-5238,2021-04-29,True
3963,1733,Mere,Clarke,HS_REP,mere.clarke@hamiltonwestsch.school.nz,023-190-8868,2020-09-19,True
3964,1733,Daniel,Jones,CARETAKER,daniel.jones@hamiltonwestsch.school.nz,022-207-1101,2020-11-18,True
3965,1735,Wiremu,Jones,PRINCIPAL,wiremu.jones@hautapuschool.school.nz,025-740-9842,2020-07-05,True
3966,1735,Mark,Rewi,SITE_MANAGER,mark.rewi@hautapuschool.school.nz,026-703-9477,2021-12-21,True
3967,1735,Ruby,Clarke,HS_REP,ruby.clarke@hautapuschool.school.nz,021-882-6102,2020-01-13,True
3968,1735,Moana,Green,CARETAKER,moana.green@hautapuschool.school.nz,025-480-7833,2020-12-31,True
3969,1736,Aria,Gray,PRINCIPAL,aria.gray@hauturuschool.school.nz,025-711-1355,2020-10-06,True
3970,1736,Reuben,Mahuta,SITE_MANAGER,reuben.mahuta@hauturuschool.school.nz,027-857-5588,2021-04-17,True
3971,1736,Caleb,Patel,HS_REP,caleb.patel@hauturuschool.school.nz,025-221-3970,2021-02-28,True
3972,1737,Andrew,Mahuta,PRINCIPAL,andrew.mahuta@hikuaischool.school.nz,021-874-2689,2021-11-03,True
3973,1737,Andrew,Tamati,SITE_MANAGER,andrew.tamati@hikuaischool.school.nz,022-581-2983,2020-03-03,True
3974,1737,Nicola,Lee,HS_REP,nicola.lee@hikuaischool.school.nz,021-747-9408,2021-06-25,True
3975,1738,Scott,Turner,PRINCIPAL,scott.turner@hikutaiaschool.school.nz,024-825-4530,2020-07-05,True
3976,1738,Georgia,Jones,SITE_MANAGER,georgia.jones@hikutaiaschool.school.nz,024-503-1936,2020-11-29,True
3977,1738,Charlotte,Fitzgerald,HS_REP,charlotte.fitzgerald@hikutaiaschool.school.nz,026-741-7896,2020-01-17,True
3978,1739,Hayley,Baker,PRINCIPAL,hayley.baker@hillcrestnormal.school.nz,028-536-1350,2020-03-06,True
3979,1739,Shane,Wong,SITE_MANAGER,shane.wong@hillcrestnormal.school.nz,024-847-9840,2022-01-02,True
3980,1739,Grant,Harawira,HS_REP,grant.harawira@hillcrestnormal.school.nz,021-259-6187,2020-02-15,True
3981,1739,Maia,Roberts,CARETAKER,maia.roberts@hillcrestnormal.school.nz,023-170-9955,2021-02-06,True
3982,1740,James,Jones,PRINCIPAL,james.jones@hilltopschool.school.nz,028-673-8597,2021-04-23,True
3983,1740,Max,Jones,SITE_MANAGER,max.jones@hilltopschool.school.nz,025-531-6497,2022-07-24,True
3984,1740,Olivia,Jones,HS_REP,olivia.jones@hilltopschool.school.nz,027-710-1050,2022-04-23,True
3985,1740,Matiu,Patel,CARETAKER,matiu.patel@hilltopschool.school.nz,027-979-9047,2022-07-19,True
3986,1741,Craig,Collins,PRINCIPAL,craig.collins@hinueraschool.school.nz,022-543-8367,2022-01-03,True
3987,1741,Nathan,Wong,SITE_MANAGER,nathan.wong@hinueraschool.school.nz,027-902-6543,2022-03-07,True
3988,1741,Michael,Parker,HS_REP,michael.parker@hinueraschool.school.nz,024-553-5079,2021-06-30,True
3989,1744,Sophie,Palmer,PRINCIPAL,sophie.palmer@horahoraschool(.school.nz,023-598-8312,2021-03-08,True
3990,1744,Sam,King,SITE_MANAGER,sam.king@horahoraschool(.school.nz,023-873-5935,2021-03-26,True
3991,1744,Nicola,Smith,HS_REP,nicola.smith@horahoraschool(.school.nz,028-924-7328,2021-04-05,True
3992,1745,Aria,Cooper,PRINCIPAL,aria.cooper@horohoroschool.school.nz,027-266-2979,2021-06-02,True
3993,1745,Michelle,Wright,SITE_MANAGER,michelle.wright@horohoroschool.school.nz,022-631-9659,2022-04-03,True
3994,1745,Shane,Singh,HS_REP,shane.singh@horohoroschool.school.nz,023-612-5522,2021-02-02,True
3995,1745,Nathan,Edwards,CARETAKER,nathan.edwards@horohoroschool.school.nz,028-915-8529,2022-07-28,True
3996,1746,Olivia,Harawira,PRINCIPAL,olivia.harawira@horotiuschool.school.nz,024-778-1381,2022-05-28,True
3997,1746,Grace,Chen,SITE_MANAGER,grace.chen@horotiuschool.school.nz,022-336-5606,2020-03-12,True
3998,1746,Grace,Hall,HS_REP,grace.hall@horotiuschool.school.nz,024-203-5652,2021-03-05,True
3999,1747,Scott,Baker,PRINCIPAL,scott.baker@horshamdownssch.school.nz,021-396-4481,2022-07-24,True
4000,1747,Ihaia,Roberts,SITE_MANAGER,ihaia.roberts@horshamdownssch.school.nz,027-216-5665,2020-11-12,True
4001,1747,Hayley,Kim,HS_REP,hayley.kim@horshamdownssch.school.nz,023-922-3141,2022-08-28,True
4002,1747,Sam,Brown,CARETAKER,sam.brown@horshamdownssch.school.nz,024-614-9316,2020-02-07,True
4003,1748,Scott,Russell,PRINCIPAL,scott.russell@tkkmohuiarau.school.nz,028-353-8950,2021-12-28,True
4004,1748,Kylie,Mahuta,SITE_MANAGER,kylie.mahuta@tkkmohuiarau.school.nz,021-689-3803,2020-07-14,True
4005,1748,Donna,Lee,HS_REP,donna.lee@tkkmohuiarau.school.nz,024-148-1077,2020-08-19,True
4006,1749,Joanne,Hall,PRINCIPAL,joanne.hall@hukanuischool.school.nz,024-322-4132,2022-07-20,True
4007,1749,Michelle,Williams,SITE_MANAGER,michelle.williams@hukanuischool.school.nz,026-513-4694,2022-06-30,True
4008,1749,Chris,Mitchell,HS_REP,chris.mitchell@hukanuischool.school.nz,027-939-6684,2021-12-09,True
4009,1750,Ihaia,Jones,PRINCIPAL,ihaia.jones@stpatrickscatho.school.nz,025-269-2451,2020-07-22,True
4010,1750,Sophie,Murray,SITE_MANAGER,sophie.murray@stpatrickscatho.school.nz,028-644-5850,2021-11-05,True
4011,1750,Ruby,Rewi,HS_REP,ruby.rewi@stpatrickscatho.school.nz,022-843-2888,2020-09-09,True
4012,1751,Shane,Kim,PRINCIPAL,shane.kim@huntlyschool(wa.school.nz,022-804-6803,2020-12-16,True
4013,1751,Nicola,Stewart,SITE_MANAGER,nicola.stewart@huntlyschool(wa.school.nz,028-994-3978,2020-08-10,True
4014,1751,Chris,Smith,HS_REP,chris.smith@huntlyschool(wa.school.nz,027-742-8628,2020-11-19,True
4015,1751,Matiu,Johnston,CARETAKER,matiu.johnston@huntlyschool(wa.school.nz,026-665-3420,2020-04-19,True
4016,1752,Simon,Thompson,PRINCIPAL,simon.thompson@huntlywestschoo.school.nz,025-205-5547,2020-09-05,True
4017,1752,Chris,Kim,SITE_MANAGER,chris.kim@huntlywestschoo.school.nz,025-372-3054,2021-07-29,True
4018,1752,Wiremu,Mahuta,HS_REP,wiremu.mahuta@huntlywestschoo.school.nz,024-111-7041,2020-10-06,True
4019,1752,Noah,Stewart,CARETAKER,noah.stewart@huntlywestschoo.school.nz,025-384-1970,2021-07-31,True
4020,1753,David,White,PRINCIPAL,david.white@insollavenuesch.school.nz,022-165-3414,2022-08-25,True
4021,1753,Moana,Singh,SITE_MANAGER,moana.singh@insollavenuesch.school.nz,028-597-6231,2022-02-11,True
4022,1753,Sarah,Campbell,HS_REP,sarah.campbell@insollavenuesch.school.nz,027-374-1407,2020-04-13,True
4023,1753,Andrew,Robinson,CARETAKER,andrew.robinson@insollavenuesch.school.nz,027-379-8580,2020-09-13,True
4024,1754,Tia,Parker,PRINCIPAL,tia.parker@rangitaikischoo.school.nz,025-834-4719,2022-08-13,True
4025,1754,Lisa,Wilson,SITE_MANAGER,lisa.wilson@rangitaikischoo.school.nz,021-723-7571,2022-08-28,True
4026,1754,Mason,King,HS_REP,mason.king@rangitaikischoo.school.nz,025-872-7850,2022-03-18,True
4027,1754,Moana,Chen,CARETAKER,moana.chen@rangitaikischoo.school.nz,021-848-5550,2020-07-18,True
4028,1755,Kylie,Chen,PRINCIPAL,kylie.chen@jamesstreetscho.school.nz,021-919-9245,2020-05-31,True
4029,1755,Scott,Tamati,SITE_MANAGER,scott.tamati@jamesstreetscho.school.nz,025-497-5281,2021-04-01,True
4030,1755,Kauri,Harris,HS_REP,kauri.harris@jamesstreetscho.school.nz,024-159-9554,2022-09-09,True
4031,1755,Holly,Hall,CARETAKER,holly.hall@jamesstreetscho.school.nz,028-585-5921,2020-11-20,True
4032,1756,Moana,Harawira,PRINCIPAL,moana.harawira@kaharoaschool.school.nz,027-501-8220,2020-09-09,True
4033,1756,Hayley,Murray,SITE_MANAGER,hayley.murray@kaharoaschool.school.nz,024-117-4892,2022-03-24,True
4034,1756,Kylie,Cooper,HS_REP,kylie.cooper@kaharoaschool.school.nz,024-903-7486,2022-01-29,True
4035,1757,Rachel,Burns,PRINCIPAL,rachel.burns@kaihereschool.school.nz,021-415-9504,2021-07-28,True
4036,1757,Ben,Palmer,SITE_MANAGER,ben.palmer@kaihereschool.school.nz,024-469-9423,2021-10-28,True
4037,1757,Hayley,Smith,HS_REP,hayley.smith@kaihereschool.school.nz,023-965-2597,2022-02-24,True
4038,1757,Hayley,Stewart,CARETAKER,hayley.stewart@kaihereschool.school.nz,024-393-2822,2022-04-08,True
4039,1758,Rachel,Singh,PRINCIPAL,rachel.singh@kaimaischool.school.nz,028-279-8073,2021-11-02,True
4040,1758,Kylie,Te Huia,SITE_MANAGER,kylie.te huia@kaimaischool.school.nz,023-960-1781,2022-01-26,True
4041,1758,Michelle,Hamilton,HS_REP,michelle.hamilton@kaimaischool.school.nz,021-483-2095,2020-11-02,True
4042,1758,Michelle,Tamati,CARETAKER,michelle.tamati@kaimaischool.school.nz,023-180-4603,2022-05-04,True
4043,1759,Max,Chen,PRINCIPAL,max.chen@kaingaroaforest.school.nz,028-742-6639,2020-06-09,True
4044,1759,Sam,Taukiri,SITE_MANAGER,sam.taukiri@kaingaroaforest.school.nz,022-345-4859,2022-07-13,True
4045,1759,Kylie,Cooper,HS_REP,kylie.cooper@kaingaroaforest.school.nz,025-250-1842,2020-10-05,True
4046,1760,Mark,Parker,PRINCIPAL,mark.parker@kaipakischool.school.nz,022-529-4345,2022-03-10,True
4047,1760,Tracey,Nguyen,SITE_MANAGER,tracey.nguyen@kaipakischool.school.nz,025-898-9684,2020-08-11,True
4048,1760,Tane,Campbell,HS_REP,tane.campbell@kaipakischool.school.nz,021-887-3771,2020-12-12,True
4049,1760,Noah,Mitchell,CARETAKER,noah.mitchell@kaipakischool.school.nz,023-497-8024,2020-03-31,True
4050,1761,Mason,Chen,PRINCIPAL,mason.chen@kaitaointermedi.school.nz,026-929-4730,2022-03-29,True
4051,1761,Sarah,Martin,SITE_MANAGER,sarah.martin@kaitaointermedi.school.nz,027-822-3585,2020-02-28,True
4052,1761,Maia,Hall,HS_REP,maia.hall@kaitaointermedi.school.nz,023-800-4572,2022-06-05,True
4053,1762,Karen,Anderson,PRINCIPAL,karen.anderson@taurangaspecial.school.nz,023-593-1415,2020-06-27,True
4054,1762,Aria,Bennett,SITE_MANAGER,aria.bennett@taurangaspecial.school.nz,028-907-5828,2021-11-28,True
4055,1762,Shane,Gray,HS_REP,shane.gray@taurangaspecial.school.nz,022-610-4932,2021-05-20,True
4056,1762,Holly,Anderson,CARETAKER,holly.anderson@taurangaspecial.school.nz,027-116-9406,2022-03-06,True
4057,1763,Lisa,Palmer,PRINCIPAL,lisa.palmer@karangahakescho.school.nz,025-889-1389,2020-12-14,True
4058,1763,Ruby,Collins,SITE_MANAGER,ruby.collins@karangahakescho.school.nz,027-998-7372,2022-08-10,True
4059,1763,Mere,Morgan,HS_REP,mere.morgan@karangahakescho.school.nz,027-652-4301,2022-09-19,True
4060,1764,Scott,Burns,PRINCIPAL,scott.burns@karapiroschool.school.nz,025-649-2918,2022-06-29,True
4061,1764,Max,Crawford,SITE_MANAGER,max.crawford@karapiroschool.school.nz,026-806-7703,2021-03-08,True
4062,1764,Nathan,Henare,HS_REP,nathan.henare@karapiroschool.school.nz,022-526-2227,2021-04-21,True
4063,1765,Chris,Henare,PRINCIPAL,chris.henare@katikatiprimary.school.nz,022-490-1568,2020-07-21,True
4064,1765,Zara,Harawira,SITE_MANAGER,zara.harawira@katikatiprimary.school.nz,025-968-2377,2022-02-18,True
4065,1765,Finn,Mitchell,HS_REP,finn.mitchell@katikatiprimary.school.nz,023-753-7597,2020-05-04,True
4066,1766,Tracey,Fraser,PRINCIPAL,tracey.fraser@kawahapointscho.school.nz,028-647-6258,2020-02-04,True
4067,1766,Matthew,Harawira,SITE_MANAGER,matthew.harawira@kawahapointscho.school.nz,023-897-5065,2020-09-12,True
4068,1766,Caleb,Smith,HS_REP,caleb.smith@kawahapointscho.school.nz,027-501-2654,2022-02-22,True
4069,1766,Georgia,Hall,CARETAKER,georgia.hall@kawahapointscho.school.nz,026-768-5717,2020-03-23,True
4070,1770,Josh,Tamati,PRINCIPAL,josh.tamati@kawerausouthsch.school.nz,027-966-8905,2021-01-21,True
4071,1770,Ben,Hill,SITE_MANAGER,ben.hill@kawerausouthsch.school.nz,024-604-4277,2022-07-05,True
4072,1770,Wiremu,Morgan,HS_REP,wiremu.morgan@kawerausouthsch.school.nz,025-828-9293,2021-02-28,True
4073,1770,Luke,Campbell,CARETAKER,luke.campbell@kawerausouthsch.school.nz,021-968-3781,2021-02-18,True
4074,1771,Andrew,Mitchell,PRINCIPAL,andrew.mitchell@kawhiaschool.school.nz,024-791-5879,2020-07-14,True
4075,1771,Sophie,Smith,SITE_MANAGER,sophie.smith@kawhiaschool.school.nz,026-314-4684,2021-12-10,True
4076,1771,Michael,Kumar,HS_REP,michael.kumar@kawhiaschool.school.nz,026-408-6501,2021-06-13,True
4077,1772,Hayley,Watson,PRINCIPAL,hayley.watson@rotoruaspeciali.school.nz,023-705-2452,2020-01-23,True
4078,1772,Aroha,Fitzgerald,SITE_MANAGER,aroha.fitzgerald@rotoruaspeciali.school.nz,023-844-1747,2022-09-10,True
4079,1772,Ben,Taylor,HS_REP,ben.taylor@rotoruaspeciali.school.nz,024-600-7341,2020-11-02,True
4080,1772,Mere,Turner,CARETAKER,mere.turner@rotoruaspeciali.school.nz,026-517-8478,2020-06-22,True
4081,1773,Aroha,Gray,PRINCIPAL,aroha.gray@tkkmoharataunga.school.nz,023-682-1237,2020-11-14,True
4082,1773,Amelia,Thompson,SITE_MANAGER,amelia.thompson@tkkmoharataunga.school.nz,022-201-7142,2020-03-22,True
4083,1773,Jessica,Kim,HS_REP,jessica.kim@tkkmoharataunga.school.nz,026-993-2926,2022-05-21,True
4084,1773,Scott,Tamati,CARETAKER,scott.tamati@tkkmoharataunga.school.nz,028-906-4614,2020-10-22,True
4085,1775,Holly,Johnston,PRINCIPAL,holly.johnston@kerepehischool.school.nz,025-298-6726,2021-01-07,True
4086,1775,Matthew,Hill,SITE_MANAGER,matthew.hill@kerepehischool.school.nz,021-223-8884,2021-06-26,True
4087,1775,Holly,Henare,HS_REP,holly.henare@kerepehischool.school.nz,027-523-9753,2021-01-18,True
4088,1775,Ihaia,Tamati,CARETAKER,ihaia.tamati@kerepehischool.school.nz,022-669-5388,2022-03-01,True
4089,1776,Nathan,Bennett,PRINCIPAL,nathan.bennett@kihikihischool.school.nz,025-138-4864,2022-02-03,True
4090,1776,Holly,Lee,SITE_MANAGER,holly.lee@kihikihischool.school.nz,028-579-7412,2020-05-13,True
4091,1776,Grace,Morgan,HS_REP,grace.morgan@kihikihischool.school.nz,028-220-4697,2022-05-09,True
4092,1776,Maia,Wong,CARETAKER,maia.wong@kihikihischool.school.nz,021-161-9236,2021-06-30,True
4093,1777,Rawiri,Rewi,PRINCIPAL,rawiri.rewi@kimihiaschool.school.nz,026-643-8715,2021-07-06,True
4094,1777,Scott,Nguyen,SITE_MANAGER,scott.nguyen@kimihiaschool.school.nz,022-180-1582,2020-12-29,True
4095,1777,Zara,Thompson,HS_REP,zara.thompson@kimihiaschool.school.nz,025-307-2075,2021-09-30,True
4096,1778,Aria,Smith,PRINCIPAL,aria.smith@kinohakuschool.school.nz,026-516-6452,2022-01-11,True
4097,1778,Freya,Stewart,SITE_MANAGER,freya.stewart@kinohakuschool.school.nz,028-657-2591,2020-12-13,True
4098,1778,Brooke,Henare,HS_REP,brooke.henare@kinohakuschool.school.nz,023-443-8613,2020-07-24,True
4099,1778,Anika,Palmer,CARETAKER,anika.palmer@kinohakuschool.school.nz,021-646-1775,2022-01-03,True
4100,1779,Craig,Taukiri,PRINCIPAL,craig.taukiri@kiokioschool.school.nz,024-799-4643,2020-09-22,True
4101,1779,Jack,Walker,SITE_MANAGER,jack.walker@kiokioschool.school.nz,027-461-5992,2022-09-19,True
4102,1779,Brooke,Clarke,HS_REP,brooke.clarke@kiokioschool.school.nz,028-841-5845,2021-07-18,True
4103,1779,Grant,Henare,CARETAKER,grant.henare@kiokioschool.school.nz,028-968-8769,2021-03-12,True
4104,1780,Scott,Henderson,PRINCIPAL,scott.henderson@kiwitahischool.school.nz,024-323-3616,2020-07-29,True
4105,1780,Mason,Smith,SITE_MANAGER,mason.smith@kiwitahischool.school.nz,025-222-2315,2022-09-05,True
4106,1780,Sarah,Nguyen,HS_REP,sarah.nguyen@kiwitahischool.school.nz,022-195-5553,2020-06-05,True
4107,1781,James,Tamati,PRINCIPAL,james.tamati@knightonnormals.school.nz,026-158-4195,2021-05-17,True
4108,1781,Anika,Palmer,SITE_MANAGER,anika.palmer@knightonnormals.school.nz,024-634-3454,2021-08-12,True
4109,1781,Sophie,Chen,HS_REP,sophie.chen@knightonnormals.school.nz,023-937-9546,2021-02-18,True
4110,1781,Kylie,Anderson,CARETAKER,kylie.anderson@knightonnormals.school.nz,022-739-6421,2020-01-14,True
4111,1782,Aria,Henare,PRINCIPAL,aria.henare@kopuarahischool.school.nz,024-614-8571,2022-05-19,True
4112,1782,Kaia,Singh,SITE_MANAGER,kaia.singh@kopuarahischool.school.nz,023-887-2102,2021-06-29,True
4113,1782,Grant,Henare,HS_REP,grant.henare@kopuarahischool.school.nz,023-219-9910,2021-09-29,True
4114,1783,Hayley,King,PRINCIPAL,hayley.king@korakonuischool.school.nz,025-995-1256,2021-05-16,True
4115,1783,Aroha,Parker,SITE_MANAGER,aroha.parker@korakonuischool.school.nz,023-722-9253,2020-12-17,True
4116,1783,Joanne,Campbell,HS_REP,joanne.campbell@korakonuischool.school.nz,026-250-4247,2020-05-21,True
4117,1783,Sophie,Murray,CARETAKER,sophie.murray@korakonuischool.school.nz,021-306-8281,2022-06-12,True
4118,1784,Shane,Fraser,PRINCIPAL,shane.fraser@koromatuaschool.school.nz,027-116-6694,2022-08-23,True
4119,1784,Anika,Williams,SITE_MANAGER,anika.williams@koromatuaschool.school.nz,025-590-6550,2022-04-07,True
4120,1784,Ben,Hill,HS_REP,ben.hill@koromatuaschool.school.nz,022-434-1407,2020-05-10,True
4121,1785,Ihaia,King,PRINCIPAL,ihaia.king@kuratauschool.school.nz,026-510-3016,2022-02-16,True
4122,1785,Shane,Roberts,SITE_MANAGER,shane.roberts@kuratauschool.school.nz,025-517-3696,2020-07-25,True
4123,1785,Michelle,Patel,HS_REP,michelle.patel@kuratauschool.school.nz,021-990-5789,2020-04-29,True
4124,1785,Joanne,Walker,CARETAKER,joanne.walker@kuratauschool.school.nz,027-808-7200,2020-01-20,True
4125,1786,Finn,Hamilton,PRINCIPAL,finn.hamilton@kutarereschool.school.nz,026-841-7184,2020-01-07,True
4126,1786,Rawiri,Chen,SITE_MANAGER,rawiri.chen@kutarereschool.school.nz,027-674-1921,2020-11-14,True
4127,1786,Karen,Bennett,HS_REP,karen.bennett@kutarereschool.school.nz,022-749-5799,2020-08-08,True
4128,1786,Michelle,Stewart,CARETAKER,michelle.stewart@kutarereschool.school.nz,021-338-1065,2020-07-16,True
4129,1787,Shane,Jones,PRINCIPAL,shane.jones@lakererewhakaai.school.nz,026-329-3840,2021-05-20,True
4130,1787,Paula,Roberts,SITE_MANAGER,paula.roberts@lakererewhakaai.school.nz,027-969-6376,2022-08-19,True
4131,1787,Holly,Chen,HS_REP,holly.chen@lakererewhakaai.school.nz,026-981-1507,2022-08-17,True
4132,1788,Anika,Bennett,PRINCIPAL,anika.bennett@lakerotomaschoo.school.nz,022-550-3643,2022-06-29,True
4133,1788,Anika,King,SITE_MANAGER,anika.king@lakerotomaschoo.school.nz,025-875-3416,2021-02-22,True
4134,1788,Noah,Jones,HS_REP,noah.jones@lakerotomaschoo.school.nz,021-798-3942,2020-01-25,True
4135,1788,Rachel,Taukiri,CARETAKER,rachel.taukiri@lakerotomaschoo.school.nz,021-290-9154,2021-07-30,True
4136,1789,Stacey,Baker,PRINCIPAL,stacey.baker@leamingtonschoo.school.nz,023-728-2830,2021-07-28,True
4137,1789,Brooke,Cooper,SITE_MANAGER,brooke.cooper@leamingtonschoo.school.nz,024-291-6078,2021-11-18,True
4138,1789,Ihaia,Campbell,HS_REP,ihaia.campbell@leamingtonschoo.school.nz,028-788-9017,2021-12-22,True
4139,1789,Mason,Morgan,CARETAKER,mason.morgan@leamingtonschoo.school.nz,023-385-6017,2021-01-18,True
4140,1790,Karen,Hamilton,PRINCIPAL,karen.hamilton@lichfieldschool.school.nz,026-348-1907,2020-09-05,True
4141,1790,Ruby,Parker,SITE_MANAGER,ruby.parker@lichfieldschool.school.nz,025-922-8652,2021-12-25,True
4142,1790,Kaia,King,HS_REP,kaia.king@lichfieldschool.school.nz,026-903-6135,2022-02-14,True
4143,1790,Anika,Mahuta,CARETAKER,anika.mahuta@lichfieldschool.school.nz,025-295-3031,2021-08-07,True
4144,1791,Matthew,Fitzgerald,PRINCIPAL,matthew.fitzgerald@lynmoreprimarys.school.nz,028-628-6980,2021-05-26,True
4145,1791,Jessica,Bennett,SITE_MANAGER,jessica.bennett@lynmoreprimarys.school.nz,027-833-3035,2020-04-02,True
4146,1791,Max,Scott,HS_REP,max.scott@lynmoreprimarys.school.nz,025-335-2148,2022-04-22,True
4147,1792,Liam,Anderson,PRINCIPAL,liam.anderson@maeroaintermedi.school.nz,024-919-2260,2021-01-09,True
4148,1792,Wiremu,Singh,SITE_MANAGER,wiremu.singh@maeroaintermedi.school.nz,027-347-4612,2021-03-07,True
4149,1792,Ben,Collins,HS_REP,ben.collins@maeroaintermedi.school.nz,023-971-8106,2021-02-01,True
4150,1792,Donna,Kumar,CARETAKER,donna.kumar@maeroaintermedi.school.nz,028-364-7993,2020-02-18,True
4151,1793,Kauri,Harris,PRINCIPAL,kauri.harris@maihiihischool.school.nz,021-254-6348,2021-07-03,True
4152,1793,Michael,Parker,SITE_MANAGER,michael.parker@maihiihischool.school.nz,022-506-4440,2021-02-05,True
4153,1793,Georgia,Hamilton,HS_REP,georgia.hamilton@maihiihischool.school.nz,027-294-8816,2020-09-21,True
4154,1793,Grant,Te Huia,CARETAKER,grant.te huia@maihiihischool.school.nz,028-561-5539,2020-03-09,True
4155,1794,Mark,Robinson,PRINCIPAL,mark.robinson@maketuschool.school.nz,023-847-5435,2020-03-04,True
4156,1794,Simon,Turner,SITE_MANAGER,simon.turner@maketuschool.school.nz,026-506-1583,2020-10-24,True
4157,1794,Mark,Hall,HS_REP,mark.hall@maketuschool.school.nz,021-792-9830,2020-08-21,True
4158,1796,Reuben,Roberts,PRINCIPAL,reuben.roberts@malfroyschool.school.nz,025-719-7010,2020-12-22,True
4159,1796,Jack,Morgan,SITE_MANAGER,jack.morgan@malfroyschool.school.nz,025-914-8654,2022-05-24,True
4160,1796,Jack,Mahuta,HS_REP,jack.mahuta@malfroyschool.school.nz,022-280-8239,2020-03-27,True
4161,1797,Ihaia,Hall,PRINCIPAL,ihaia.hall@mamakuschool.school.nz,026-638-4831,2020-05-26,True
4162,1797,David,Kim,SITE_MANAGER,david.kim@mamakuschool.school.nz,023-227-5952,2020-02-10,True
4163,1797,Reuben,Jones,HS_REP,reuben.jones@mamakuschool.school.nz,021-892-1015,2021-09-26,True
4164,1797,David,Gallagher,CARETAKER,david.gallagher@mamakuschool.school.nz,025-188-5065,2020-07-12,True
4165,1798,Hemi,Wilson,PRINCIPAL,hemi.wilson@tewharekuraoman.school.nz,026-296-4468,2020-09-12,True
4166,1798,Craig,Murray,SITE_MANAGER,craig.murray@tewharekuraoman.school.nz,028-796-1109,2021-04-13,True
4167,1798,Sam,Baker,HS_REP,sam.baker@tewharekuraoman.school.nz,023-772-7708,2020-10-08,True
4168,1798,Kauri,White,CARETAKER,kauri.white@tewharekuraoman.school.nz,027-289-9583,2022-06-08,True
4169,1800,Ryan,Stewart,PRINCIPAL,ryan.stewart@manawaruschool.school.nz,024-829-1549,2020-04-28,True
4170,1800,Anika,Bennett,SITE_MANAGER,anika.bennett@manawaruschool.school.nz,022-904-2264,2022-09-22,True
4171,1800,Anika,Martin,HS_REP,anika.martin@manawaruschool.school.nz,028-633-2822,2021-05-13,True
4172,1806,Lisa,Green,PRINCIPAL,lisa.green@tekuramanamāori.school.nz,022-285-9042,2021-08-26,True
4173,1806,Holly,Mitchell,SITE_MANAGER,holly.mitchell@tekuramanamāori.school.nz,025-783-8829,2021-12-25,True
4174,1806,Sophie,Baker,HS_REP,sophie.baker@tekuramanamāori.school.nz,025-367-8139,2020-11-20,True
4175,1808,Anika,Campbell,PRINCIPAL,anika.campbell@marotirischool.school.nz,025-315-5993,2020-02-24,True
4176,1808,Olivia,Harawira,SITE_MANAGER,olivia.harawira@marotirischool.school.nz,028-418-6557,2021-02-27,True
4177,1808,Max,Henderson,HS_REP,max.henderson@marotirischool.school.nz,024-464-8864,2021-04-12,True
4178,1809,Georgia,Burns,PRINCIPAL,georgia.burns@tekuramanamaori.school.nz,028-351-9780,2020-09-14,True
4179,1809,Amelia,Te Huia,SITE_MANAGER,amelia.te huia@tekuramanamaori.school.nz,021-556-7808,2021-01-28,True
4180,1809,Ethan,Patel,HS_REP,ethan.patel@tekuramanamaori.school.nz,021-856-8428,2020-09-14,True
4181,1811,Aroha,Martin,PRINCIPAL,aroha.martin@tekuraotemouter.school.nz,026-459-6056,2022-07-20,True
4182,1811,Mark,Crawford,SITE_MANAGER,mark.crawford@tekuraotemouter.school.nz,025-368-4535,2020-09-21,True
4183,1811,Ruby,Rewi,HS_REP,ruby.rewi@tekuraotemouter.school.nz,021-823-1230,2022-09-25,True
4184,1812,Charlotte,Cooper,PRINCIPAL,charlotte.cooper@matamatainterme.school.nz,021-726-2484,2021-02-07,True
4185,1812,Rachel,Brown,SITE_MANAGER,rachel.brown@matamatainterme.school.nz,025-876-7848,2022-09-12,True
4186,1812,Luke,Patel,HS_REP,luke.patel@matamatainterme.school.nz,024-485-1781,2020-05-27,True
4187,1813,Max,Stewart,PRINCIPAL,max.stewart@matamataprimary.school.nz,024-260-8437,2020-03-18,True
4188,1813,Emma,Hill,SITE_MANAGER,emma.hill@matamataprimary.school.nz,028-897-9149,2021-08-05,True
4189,1813,Zara,Collins,HS_REP,zara.collins@matamataprimary.school.nz,026-291-9097,2022-05-17,True
4190,1814,Shane,Jones,PRINCIPAL,shane.jones@matangischool.school.nz,022-687-8631,2022-09-03,True
4191,1814,Kylie,Smith,SITE_MANAGER,kylie.smith@matangischool.school.nz,027-952-5902,2020-06-15,True
4192,1814,Emma,Singh,HS_REP,emma.singh@matangischool.school.nz,026-762-9626,2020-05-20,True
4193,1815,Matiu,Anderson,PRINCIPAL,matiu.anderson@tekuraomatapihi.school.nz,024-607-6814,2022-06-07,True
4194,1815,Hemi,Hall,SITE_MANAGER,hemi.hall@tekuraomatapihi.school.nz,021-814-5394,2021-09-20,True
4195,1815,Emma,Parker,HS_REP,emma.parker@tekuraomatapihi.school.nz,028-477-8384,2021-04-16,True
4196,1815,Reuben,Watson,CARETAKER,reuben.watson@tekuraomatapihi.school.nz,023-417-2453,2022-07-01,True
4197,1818,Rawiri,Turner,PRINCIPAL,rawiri.turner@matataschool.school.nz,023-644-1829,2020-01-15,True
4198,1818,Aroha,Gallagher,SITE_MANAGER,aroha.gallagher@matataschool.school.nz,023-322-4662,2022-01-17,True
4199,1818,Kauri,Wright,HS_REP,kauri.wright@matataschool.school.nz,021-199-9806,2020-03-16,True
4200,1819,Max,Williams,PRINCIPAL,max.williams@matatokischool.school.nz,024-904-2422,2021-05-23,True
4201,1819,Grace,Bennett,SITE_MANAGER,grace.bennett@matatokischool.school.nz,023-375-1118,2020-02-17,True
4202,1819,Luke,Thompson,HS_REP,luke.thompson@matatokischool.school.nz,027-916-6092,2020-05-13,True
4203,1820,Nathan,Watson,PRINCIPAL,nathan.watson@matuaschool.school.nz,024-963-8994,2020-12-09,True
4204,1820,Maia,Henderson,SITE_MANAGER,maia.henderson@matuaschool.school.nz,026-228-9114,2021-03-16,True
4205,1820,Moana,Williams,HS_REP,moana.williams@matuaschool.school.nz,026-925-9475,2021-02-11,True
4206,1820,Tia,Robinson,CARETAKER,tia.robinson@matuaschool.school.nz,025-649-2934,2022-07-13,True
4207,1821,Paula,Smith,PRINCIPAL,paula.smith@maungatapuschoo.school.nz,021-862-3366,2021-08-03,True
4208,1821,Hemi,Baker,SITE_MANAGER,hemi.baker@maungatapuschoo.school.nz,027-785-2308,2021-11-03,True
4209,1821,Liam,Fraser,HS_REP,liam.fraser@maungatapuschoo.school.nz,024-469-4510,2022-01-21,True
4210,1821,Kaia,Collins,CARETAKER,kaia.collins@maungatapuschoo.school.nz,023-659-5294,2020-09-08,True
4211,1824,Scott,Mitchell,PRINCIPAL,scott.mitchell@melvilleprimary.school.nz,022-115-7085,2021-04-26,True
4212,1824,Amber,Harawira,SITE_MANAGER,amber.harawira@melvilleprimary.school.nz,025-436-4403,2020-02-24,True
4213,1824,Brooke,Henare,HS_REP,brooke.henare@melvilleprimary.school.nz,023-473-5335,2020-05-10,True
4214,1825,Tane,Stewart,PRINCIPAL,tane.stewart@merivaleschool.school.nz,026-607-9857,2021-06-07,True
4215,1825,Hemi,Gallagher,SITE_MANAGER,hemi.gallagher@merivaleschool.school.nz,026-482-2354,2022-04-28,True
4216,1825,Sarah,Taylor,HS_REP,sarah.taylor@merivaleschool.school.nz,025-525-8923,2020-07-27,True
4217,1825,Olivia,Wilson,CARETAKER,olivia.wilson@merivaleschool.school.nz,025-854-6768,2021-03-04,True
4218,1826,Mere,Gallagher,PRINCIPAL,mere.gallagher@mihischool.school.nz,022-764-1578,2020-10-19,True
4219,1826,Mere,Anderson,SITE_MANAGER,mere.anderson@mihischool.school.nz,023-654-6335,2020-06-27,True
4220,1826,Nicola,Edwards,HS_REP,nicola.edwards@mihischool.school.nz,027-631-8497,2020-11-28,True
4221,1827,Daniel,Kumar,PRINCIPAL,daniel.kumar@milleravenuesch.school.nz,028-116-4569,2022-06-16,True
4222,1827,Olivia,Mahuta,SITE_MANAGER,olivia.mahuta@milleravenuesch.school.nz,028-106-5155,2020-11-29,True
4223,1827,Karen,Williams,HS_REP,karen.williams@milleravenuesch.school.nz,027-946-4672,2021-09-06,True
4224,1827,Joanne,Robinson,CARETAKER,joanne.robinson@milleravenuesch.school.nz,023-979-8676,2021-01-28,True
4225,1829,Hayley,Baker,PRINCIPAL,hayley.baker@moanataiarischo.school.nz,024-560-9230,2021-03-02,True
4226,1829,Kaia,Baker,SITE_MANAGER,kaia.baker@moanataiarischo.school.nz,024-172-5362,2021-03-14,True
4227,1829,Michelle,Chen,HS_REP,michelle.chen@moanataiarischo.school.nz,027-524-9368,2020-01-23,True
4228,1829,Hemi,Turner,CARETAKER,hemi.turner@moanataiarischo.school.nz,025-898-5868,2020-11-21,True
4229,1832,Olivia,Thompson,PRINCIPAL,olivia.thompson@mokoiaintermedi.school.nz,021-493-1471,2021-07-21,True
4230,1832,Matthew,Nguyen,SITE_MANAGER,matthew.nguyen@mokoiaintermedi.school.nz,022-177-7462,2021-08-22,True
4231,1832,Simon,Nguyen,HS_REP,simon.nguyen@mokoiaintermedi.school.nz,021-261-2051,2022-02-06,True
4232,1832,Aria,Te Huia,CARETAKER,aria.te huia@mokoiaintermedi.school.nz,022-848-1452,2021-10-08,True
4233,1833,Sophie,Clarke,PRINCIPAL,sophie.clarke@morrinsvilleint.school.nz,028-989-3383,2020-05-20,True
4234,1833,Caleb,Wong,SITE_MANAGER,caleb.wong@morrinsvilleint.school.nz,027-413-2706,2020-01-22,True
4235,1833,Maia,Baker,HS_REP,maia.baker@morrinsvilleint.school.nz,024-865-4417,2021-01-11,True
4236,1834,Ruby,Hill,PRINCIPAL,ruby.hill@morrinsvillesch.school.nz,028-184-2275,2021-07-21,True
4237,1834,David,Brown,SITE_MANAGER,david.brown@morrinsvillesch.school.nz,026-221-5395,2020-08-16,True
4238,1834,Kaia,Murray,HS_REP,kaia.murray@morrinsvillesch.school.nz,028-373-7032,2022-09-20,True
4239,1834,David,Campbell,CARETAKER,david.campbell@morrinsvillesch.school.nz,023-672-8135,2021-06-23,True
4240,1835,Wiremu,Anderson,PRINCIPAL,wiremu.anderson@motumaohoschool.school.nz,023-832-3708,2022-05-16,True
4241,1835,Maia,Campbell,SITE_MANAGER,maia.campbell@motumaohoschool.school.nz,026-423-2769,2020-08-11,True
4242,1835,Wiremu,Wilson,HS_REP,wiremu.wilson@motumaohoschool.school.nz,026-917-5281,2021-04-28,True
4243,1835,Caleb,White,CARETAKER,caleb.white@motumaohoschool.school.nz,023-344-8145,2021-06-08,True
4244,1836,Jack,Cooper,PRINCIPAL,jack.cooper@mountviewschool.school.nz,028-191-4462,2021-01-15,True
4245,1836,Nathan,Fraser,SITE_MANAGER,nathan.fraser@mountviewschool.school.nz,026-527-4427,2021-09-17,True
4246,1836,Olivia,Edwards,HS_REP,olivia.edwards@mountviewschool.school.nz,026-477-2362,2021-02-15,True
4247,1837,Freya,Edwards,PRINCIPAL,freya.edwards@mountmaunganuii.school.nz,021-276-7551,2022-09-12,True
4248,1837,Isla,Collins,SITE_MANAGER,isla.collins@mountmaunganuii.school.nz,021-266-6120,2021-03-21,True
4249,1837,Georgia,Wright,HS_REP,georgia.wright@mountmaunganuii.school.nz,027-988-2939,2020-08-18,True
4250,1837,Grace,Campbell,CARETAKER,grace.campbell@mountmaunganuii.school.nz,023-333-3650,2020-10-04,True
4251,1838,Isla,Walker,PRINCIPAL,isla.walker@mountmaunganuip.school.nz,022-293-8013,2020-09-02,True
4252,1838,Luke,Tamati,SITE_MANAGER,luke.tamati@mountmaunganuip.school.nz,022-695-5385,2022-09-05,True
4253,1838,Charlotte,Taukiri,HS_REP,charlotte.taukiri@mountmaunganuip.school.nz,024-967-5424,2020-04-08,True
4254,1838,Charlotte,Patel,CARETAKER,charlotte.patel@mountmaunganuip.school.nz,024-114-1073,2022-03-28,True
4255,1841,Daniel,Taylor,PRINCIPAL,daniel.taylor@nawtonschool.school.nz,028-618-8888,2021-01-30,True
4256,1841,Simon,Chen,SITE_MANAGER,simon.chen@nawtonschool.school.nz,021-115-6039,2021-05-16,True
4257,1841,Josh,Wilson,HS_REP,josh.wilson@nawtonschool.school.nz,027-251-2525,2021-08-24,True
4258,1842,Moana,Taylor,PRINCIPAL,moana.taylor@nethertonschool.school.nz,027-560-3480,2022-01-23,True
4259,1842,Hemi,Mitchell,SITE_MANAGER,hemi.mitchell@nethertonschool.school.nz,028-158-4602,2020-12-06,True
4260,1842,Anika,Cooper,HS_REP,anika.cooper@nethertonschool.school.nz,023-437-9669,2022-05-30,True
4261,1842,Tracey,Lee,CARETAKER,tracey.lee@nethertonschool.school.nz,025-834-5862,2020-11-18,True
4262,1843,Sophie,Henare,PRINCIPAL,sophie.henare@newsteadmodelsc.school.nz,024-443-1729,2022-06-22,True
4263,1843,Grant,Rewi,SITE_MANAGER,grant.rewi@newsteadmodelsc.school.nz,026-874-3527,2020-02-13,True
4264,1843,Isla,Mitchell,HS_REP,isla.mitchell@newsteadmodelsc.school.nz,025-741-7396,2022-02-28,True
4265,1844,Andrew,Tamati,PRINCIPAL,andrew.tamati@ngahinapourisch.school.nz,026-923-3938,2020-05-17,True
4266,1844,Finn,Hill,SITE_MANAGER,finn.hill@ngahinapourisch.school.nz,026-263-4275,2020-05-17,True
4267,1844,Chris,Thompson,HS_REP,chris.thompson@ngahinapourisch.school.nz,023-400-6303,2022-03-26,True
4268,1845,Mark,Roberts,PRINCIPAL,mark.roberts@ngakonuivalleys.school.nz,021-784-5982,2021-05-09,True
4269,1845,Holly,Fraser,SITE_MANAGER,holly.fraser@ngakonuivalleys.school.nz,027-479-7184,2020-03-19,True
4270,1845,Kaia,Singh,HS_REP,kaia.singh@ngakonuivalleys.school.nz,027-431-5151,2021-04-09,True
4271,1845,Liam,Morgan,CARETAKER,liam.morgan@ngakonuivalleys.school.nz,025-726-1701,2022-05-24,True
4272,1846,Amber,Thompson,PRINCIPAL,amber.thompson@ngakuruschool.school.nz,024-265-8857,2021-04-26,True
4273,1846,Paula,Crawford,SITE_MANAGER,paula.crawford@ngakuruschool.school.nz,025-350-9587,2020-09-15,True
4274,1846,Joanne,Anderson,HS_REP,joanne.anderson@ngakuruschool.school.nz,022-855-5045,2021-12-08,True
4275,1846,Georgia,Smith,CARETAKER,georgia.smith@ngakuruschool.school.nz,027-667-3354,2020-05-17,True
4276,1847,Kauri,Scott,PRINCIPAL,kauri.scott@tekuraongāpuke.school.nz,024-952-3503,2021-10-19,True
4277,1847,Joanne,Patel,SITE_MANAGER,joanne.patel@tekuraongāpuke.school.nz,024-573-9207,2021-05-14,True
4278,1847,Ben,Smith,HS_REP,ben.smith@tekuraongāpuke.school.nz,025-164-1408,2021-08-17,True
4279,1849,Rachel,Hall,PRINCIPAL,rachel.hall@ngaruawahiascho.school.nz,021-142-9998,2022-04-01,True
4280,1849,Luke,Mahuta,SITE_MANAGER,luke.mahuta@ngaruawahiascho.school.nz,028-238-3829,2020-01-04,True
4281,1849,Donna,White,HS_REP,donna.white@ngaruawahiascho.school.nz,021-167-4389,2021-06-03,True
4282,1850,Jessica,Palmer,PRINCIPAL,jessica.palmer@ngateaschool.school.nz,027-675-8694,2020-03-22,True
4283,1850,Luke,Wong,SITE_MANAGER,luke.wong@ngateaschool.school.nz,023-117-6064,2021-09-27,True
4284,1850,Moana,Harawira,HS_REP,moana.harawira@ngateaschool.school.nz,028-206-4515,2022-06-17,True
4285,1851,Chris,Wilson,PRINCIPAL,chris.wilson@tekuraongaatiha.school.nz,023-715-8661,2020-09-16,True
4286,1851,Anika,Turner,SITE_MANAGER,anika.turner@tekuraongaatiha.school.nz,021-789-9814,2021-03-13,True
4287,1851,Kauri,Harris,HS_REP,kauri.harris@tekuraongaatiha.school.nz,027-779-8488,2020-03-09,True
4288,1852,Sam,Martin,PRINCIPAL,sam.martin@ngongotahāschoo.school.nz,028-264-5315,2021-01-16,True
4289,1852,David,Kumar,SITE_MANAGER,david.kumar@ngongotahāschoo.school.nz,023-245-5609,2022-07-14,True
4290,1852,Ryan,Kumar,HS_REP,ryan.kumar@ngongotahāschoo.school.nz,021-919-5310,2021-07-09,True
4291,1852,Jack,Te Huia,CARETAKER,jack.te huia@ngongotahāschoo.school.nz,025-563-3831,2021-03-24,True
4292,1853,Wiremu,Turner,PRINCIPAL,wiremu.turner@ngutunuischool.school.nz,025-744-8532,2020-07-16,True
4293,1853,Amelia,Patel,SITE_MANAGER,amelia.patel@ngutunuischool.school.nz,026-933-6119,2022-07-09,True
4294,1853,Ruby,Lee,HS_REP,ruby.lee@ngutunuischool.school.nz,025-277-4186,2020-10-09,True
4295,1854,Chris,Hill,PRINCIPAL,chris.hill@nukuhounorthsch.school.nz,028-771-3914,2021-11-14,True
4296,1854,Matthew,Lee,SITE_MANAGER,matthew.lee@nukuhounorthsch.school.nz,024-692-7425,2020-06-27,True
4297,1854,Aria,Palmer,HS_REP,aria.palmer@nukuhounorthsch.school.nz,024-414-2154,2021-03-18,True
4298,1855,Ethan,Green,PRINCIPAL,ethan.green@ohauposchool.school.nz,023-463-8460,2021-11-17,True
4299,1855,Nicola,Murray,SITE_MANAGER,nicola.murray@ohauposchool.school.nz,024-382-4926,2021-02-08,True
4300,1855,Reuben,Rewi,HS_REP,reuben.rewi@ohauposchool.school.nz,021-117-1659,2022-03-23,True
4301,1856,Brooke,Campbell,PRINCIPAL,brooke.campbell@ohinewaischool.school.nz,025-465-7579,2020-05-25,True
4302,1856,Jack,Stewart,SITE_MANAGER,jack.stewart@ohinewaischool.school.nz,025-478-2094,2020-01-03,True
4303,1856,Grant,Hall,HS_REP,grant.hall@ohinewaischool.school.nz,025-414-2913,2021-07-30,True
4304,1856,Caleb,Taukiri,CARETAKER,caleb.taukiri@ohinewaischool.school.nz,022-607-9424,2020-12-20,True
4305,1857,James,Parker,PRINCIPAL,james.parker@ōhopebeachschoo.school.nz,023-883-9027,2021-07-01,True
4306,1857,Michael,Robinson,SITE_MANAGER,michael.robinson@ōhopebeachschoo.school.nz,023-931-5110,2022-07-20,True
4307,1857,Chris,Turner,HS_REP,chris.turner@ōhopebeachschoo.school.nz,026-584-1226,2022-03-26,True
4308,1857,Hayley,Nguyen,CARETAKER,hayley.nguyen@ōhopebeachschoo.school.nz,024-795-5851,2022-05-19,True
4309,1858,Shane,Campbell,PRINCIPAL,shane.campbell@kuranuiprimarys.school.nz,023-951-5626,2021-03-19,True
4310,1858,Mark,Hill,SITE_MANAGER,mark.hill@kuranuiprimarys.school.nz,026-195-6454,2021-05-29,True
4311,1858,Sarah,Patel,HS_REP,sarah.patel@kuranuiprimarys.school.nz,026-730-1140,2020-12-20,True
4312,1860,Hayley,Clarke,PRINCIPAL,hayley.clarke@omanuschool.school.nz,025-435-1713,2021-03-05,True
4313,1860,Max,Chen,SITE_MANAGER,max.chen@omanuschool.school.nz,023-220-6109,2022-04-26,True
4314,1860,Nathan,Mahuta,HS_REP,nathan.mahuta@omanuschool.school.nz,026-207-2218,2021-02-19,True
4315,1860,Andrew,Collins,CARETAKER,andrew.collins@omanuschool.school.nz,027-484-4191,2020-10-05,True
4316,1861,Liam,Chen,PRINCIPAL,liam.chen@tekuraoōmarumut.school.nz,027-236-3652,2021-12-18,True
4317,1861,Brooke,Hamilton,SITE_MANAGER,brooke.hamilton@tekuraoōmarumut.school.nz,023-295-3579,2021-05-06,True
4318,1861,Stacey,Mahuta,HS_REP,stacey.mahuta@tekuraoōmarumut.school.nz,025-275-1212,2020-05-04,True
4319,1862,Matiu,Lee,PRINCIPAL,matiu.lee@ōmokoroapointsc.school.nz,025-492-9842,2020-10-30,True
4320,1862,Rawiri,Martin,SITE_MANAGER,rawiri.martin@ōmokoroapointsc.school.nz,027-676-4311,2020-07-20,True
4321,1862,Matiu,Walker,HS_REP,matiu.walker@ōmokoroapointsc.school.nz,024-516-4939,2021-08-31,True
4322,1862,Craig,Baker,CARETAKER,craig.baker@ōmokoroapointsc.school.nz,028-731-9616,2021-10-19,True
4323,1863,Andrew,Kim,PRINCIPAL,andrew.kim@omokoroaschool.school.nz,027-294-4530,2021-09-04,True
4324,1863,Aria,Brown,SITE_MANAGER,aria.brown@omokoroaschool.school.nz,026-422-2724,2020-02-14,True
4325,1863,Hayley,Hamilton,HS_REP,hayley.hamilton@omokoroaschool.school.nz,027-867-6817,2021-07-19,True
4326,1865,Rawiri,Wilson,PRINCIPAL,rawiri.wilson@tewharekuraoman.school.nz,023-298-9954,2022-02-07,True
4327,1865,Mason,Robinson,SITE_MANAGER,mason.robinson@tewharekuraoman.school.nz,024-420-1783,2020-03-16,True
4328,1865,Emma,Russell,HS_REP,emma.russell@tewharekuraoman.school.nz,023-215-6968,2021-08-25,True
4329,1865,Craig,Williams,CARETAKER,craig.williams@tewharekuraoman.school.nz,026-976-9954,2022-03-01,True
4330,1866,Liam,Hamilton,PRINCIPAL,liam.hamilton@opotikischool.school.nz,022-610-2406,2020-08-06,True
4331,1866,Stacey,Young,SITE_MANAGER,stacey.young@opotikischool.school.nz,021-839-4174,2020-04-11,True
4332,1866,Wiremu,Henderson,HS_REP,wiremu.henderson@opotikischool.school.nz,022-432-6478,2021-11-15,True
4333,1867,Ruby,Bennett,PRINCIPAL,ruby.bennett@ōpoutereschool.school.nz,027-949-7735,2021-11-01,True
4334,1867,Grant,Clarke,SITE_MANAGER,grant.clarke@ōpoutereschool.school.nz,022-458-9831,2022-01-23,True
4335,1867,Jessica,Mahuta,HS_REP,jessica.mahuta@ōpoutereschool.school.nz,027-792-1024,2021-11-28,True
4336,1867,Simon,Palmer,CARETAKER,simon.palmer@ōpoutereschool.school.nz,027-960-4599,2021-06-03,True
4337,1869,Sophie,Baker,PRINCIPAL,sophie.baker@orinicombinedsc.school.nz,025-259-8972,2022-04-05,True
4338,1869,Caleb,Nguyen,SITE_MANAGER,caleb.nguyen@orinicombinedsc.school.nz,026-904-3512,2020-03-13,True
4339,1869,Kauri,Wright,HS_REP,kauri.wright@orinicombinedsc.school.nz,027-574-5564,2021-04-08,True
4340,1870,Ethan,Fitzgerald,PRINCIPAL,ethan.fitzgerald@oropischool.school.nz,025-851-5610,2022-08-04,True
4341,1870,Jack,Martin,SITE_MANAGER,jack.martin@oropischool.school.nz,021-644-7071,2020-12-04,True
4342,1870,Mere,Fitzgerald,HS_REP,mere.fitzgerald@oropischool.school.nz,023-641-5384,2021-08-05,True
4343,1871,Wiremu,Fraser,PRINCIPAL,wiremu.fraser@otakirischool.school.nz,028-500-1336,2022-03-24,True
4344,1871,Karen,Wilson,SITE_MANAGER,karen.wilson@otakirischool.school.nz,028-605-5602,2022-05-20,True
4345,1871,Tia,Crawford,HS_REP,tia.crawford@otakirischool.school.nz,024-936-6571,2021-07-21,True
4346,1872,Kauri,Wong,PRINCIPAL,kauri.wong@otamarakauschoo.school.nz,028-316-3793,2020-11-19,True
4347,1872,Olivia,Mitchell,SITE_MANAGER,olivia.mitchell@otamarakauschoo.school.nz,026-491-8036,2020-10-26,True
4348,1872,Holly,Anderson,HS_REP,holly.anderson@otamarakauschoo.school.nz,024-498-7131,2020-04-21,True
4349,1873,Tracey,Parker,PRINCIPAL,tracey.parker@tkkmootepou.school.nz,025-740-6120,2022-04-06,True
4350,1873,Moana,Taylor,SITE_MANAGER,moana.taylor@tkkmootepou.school.nz,027-621-1047,2022-03-08,True
4351,1873,Michelle,Henderson,HS_REP,michelle.henderson@tkkmootepou.school.nz,027-226-6196,2020-05-30,True
4352,1873,Simon,Gallagher,CARETAKER,simon.gallagher@tkkmootepou.school.nz,027-200-9507,2020-02-11,True
4353,1874,Nikau,Edwards,PRINCIPAL,nikau.edwards@ōtewāschool.school.nz,022-754-2149,2020-04-01,True
4354,1874,Anika,Singh,SITE_MANAGER,anika.singh@ōtewāschool.school.nz,026-136-2288,2020-04-17,True
4355,1874,Moana,Campbell,HS_REP,moana.campbell@ōtewāschool.school.nz,023-289-9384,2022-02-10,True
4356,1874,Craig,Burns,CARETAKER,craig.burns@ōtewāschool.school.nz,023-247-3594,2020-01-11,True
4357,1875,Grace,Henderson,PRINCIPAL,grace.henderson@otongaroadschoo.school.nz,022-621-5378,2022-07-16,True
4358,1875,Amber,Fitzgerald,SITE_MANAGER,amber.fitzgerald@otongaroadschoo.school.nz,026-448-9583,2022-03-02,True
4359,1875,Lisa,Mahuta,HS_REP,lisa.mahuta@otongaroadschoo.school.nz,021-149-1243,2020-04-03,True
4360,1875,Stacey,Kumar,CARETAKER,stacey.kumar@otongaroadschoo.school.nz,027-837-4513,2020-12-18,True
4361,1876,Ruby,Taylor,PRINCIPAL,ruby.taylor@ōtorohangaschoo.school.nz,024-914-6918,2020-06-25,True
4362,1876,Jessica,Gray,SITE_MANAGER,jessica.gray@ōtorohangaschoo.school.nz,026-528-2323,2020-05-25,True
4363,1876,Zara,Cooper,HS_REP,zara.cooper@ōtorohangaschoo.school.nz,025-432-6862,2020-05-14,True
4364,1877,Shane,Cooper,PRINCIPAL,shane.cooper@otorohangasouth.school.nz,023-977-7753,2020-11-17,True
4365,1877,Liam,King,SITE_MANAGER,liam.king@otorohangasouth.school.nz,025-793-9576,2022-04-21,True
4366,1877,Stacey,Fitzgerald,HS_REP,stacey.fitzgerald@otorohangasouth.school.nz,021-346-9752,2020-06-16,True
4367,1878,Ethan,Stewart,PRINCIPAL,ethan.stewart@ōtūmoetaiinterm.school.nz,028-328-3595,2021-10-06,True
4368,1878,Ihaia,Kim,SITE_MANAGER,ihaia.kim@ōtūmoetaiinterm.school.nz,028-189-8615,2021-03-07,True
4369,1878,Anika,Turner,HS_REP,anika.turner@ōtūmoetaiinterm.school.nz,021-897-4473,2021-02-16,True
4370,1878,Tia,Parker,CARETAKER,tia.parker@ōtūmoetaiinterm.school.nz,022-585-4424,2020-01-27,True
4371,1879,Shane,Te Huia,PRINCIPAL,shane.te huia@ōtūmoetaiprimar.school.nz,026-410-5231,2020-04-17,True
4372,1879,Zara,Jones,SITE_MANAGER,zara.jones@ōtūmoetaiprimar.school.nz,026-317-7992,2020-02-05,True
4373,1879,Isla,Brown,HS_REP,isla.brown@ōtūmoetaiprimar.school.nz,021-444-8276,2022-07-14,True
4374,1879,Emma,Roberts,CARETAKER,emma.roberts@ōtūmoetaiprimar.school.nz,026-590-9295,2021-06-28,True
4375,1880,Ruby,Wilson,PRINCIPAL,ruby.wilson@stmaryscatholic.school.nz,022-886-5142,2022-06-17,True
4376,1880,Reuben,Stewart,SITE_MANAGER,reuben.stewart@stmaryscatholic.school.nz,028-913-7594,2020-04-07,True
4377,1880,Ihaia,Henderson,HS_REP,ihaia.henderson@stmaryscatholic.school.nz,024-662-9558,2021-10-22,True
4378,1881,Brooke,Burns,PRINCIPAL,brooke.burns@owhataschool.school.nz,027-667-1660,2020-10-16,True
4379,1881,Amber,Williams,SITE_MANAGER,amber.williams@owhataschool.school.nz,025-239-7592,2020-03-20,True
4380,1881,Tia,Robinson,HS_REP,tia.robinson@owhataschool.school.nz,025-982-3099,2021-06-11,True
4381,1881,Amelia,Henderson,CARETAKER,amelia.henderson@owhataschool.school.nz,022-214-9576,2021-10-28,True
4382,1882,Reuben,Watson,PRINCIPAL,reuben.watson@paengaroaschool.school.nz,023-921-6928,2022-04-16,True
4383,1882,Charlotte,Young,SITE_MANAGER,charlotte.young@paengaroaschool.school.nz,026-877-1936,2022-01-15,True
4384,1882,Kauri,Hill,HS_REP,kauri.hill@paengaroaschool.school.nz,027-360-1721,2021-11-16,True
4385,1883,Amber,Harris,PRINCIPAL,amber.harris@paeroacentralsc.school.nz,023-515-9343,2022-02-27,True
4386,1883,Amber,Stewart,SITE_MANAGER,amber.stewart@paeroacentralsc.school.nz,022-228-1776,2021-03-03,True
4387,1883,Ihaia,Tamati,HS_REP,ihaia.tamati@paeroacentralsc.school.nz,028-398-5731,2021-04-27,True
4388,1883,Reuben,Taylor,CARETAKER,reuben.taylor@paeroacentralsc.school.nz,026-156-1953,2021-08-05,True
4389,1884,Daniel,Nguyen,PRINCIPAL,daniel.nguyen@pahoiaschool.school.nz,021-971-1600,2021-07-03,True
4390,1884,Michael,Kim,SITE_MANAGER,michael.kim@pahoiaschool.school.nz,025-864-8637,2021-07-29,True
4391,1884,Michael,King,HS_REP,michael.king@pahoiaschool.school.nz,021-694-9448,2022-06-20,True
4392,1885,Donna,Patel,PRINCIPAL,donna.patel@pāpāmoaprimarys.school.nz,027-113-9946,2021-10-11,True
4393,1885,Tia,Roberts,SITE_MANAGER,tia.roberts@pāpāmoaprimarys.school.nz,024-708-4526,2021-02-15,True
4394,1885,Michelle,Henderson,HS_REP,michelle.henderson@pāpāmoaprimarys.school.nz,024-622-1892,2022-01-02,True
4395,1886,Moana,Gray,PRINCIPAL,moana.gray@pārāwaischool.school.nz,027-283-7143,2021-05-31,True
4396,1886,Michelle,Burns,SITE_MANAGER,michelle.burns@pārāwaischool.school.nz,022-221-1652,2020-11-19,True
4397,1886,Donna,Harris,HS_REP,donna.harris@pārāwaischool.school.nz,024-585-9654,2020-10-07,True
4398,1886,Kylie,Crawford,CARETAKER,kylie.crawford@pārāwaischool.school.nz,027-229-6096,2021-11-01,True
4399,1888,Mark,Martin,PRINCIPAL,mark.martin@tekuraoteparoa.school.nz,024-868-2897,2020-01-28,True
4400,1888,Amelia,Campbell,SITE_MANAGER,amelia.campbell@tekuraoteparoa.school.nz,027-340-4847,2020-10-10,True
4401,1888,Michelle,Crawford,HS_REP,michelle.crawford@tekuraoteparoa.school.nz,023-840-6590,2020-11-22,True
4402,1889,Lisa,Wright,PRINCIPAL,lisa.wright@paterangischool.school.nz,028-648-8457,2020-10-07,True
4403,1889,Charlotte,Baker,SITE_MANAGER,charlotte.baker@paterangischool.school.nz,023-408-9813,2021-10-26,True
4404,1889,Stacey,Parker,HS_REP,stacey.parker@paterangischool.school.nz,026-656-3050,2021-11-17,True
4405,1889,Holly,Mahuta,CARETAKER,holly.mahuta@paterangischool.school.nz,025-554-3756,2021-05-04,True
4406,1891,Moana,Rewi,PRINCIPAL,moana.rewi@patriciaavenues.school.nz,022-391-4609,2020-02-10,True
4407,1891,Wiremu,Crawford,SITE_MANAGER,wiremu.crawford@patriciaavenues.school.nz,023-930-6223,2022-06-10,True
4408,1891,Emma,Edwards,HS_REP,emma.edwards@patriciaavenues.school.nz,025-280-3471,2021-04-15,True
4409,1891,Isla,Harris,CARETAKER,isla.harris@patriciaavenues.school.nz,026-379-7756,2020-01-28,True
4410,1892,Mere,Tamati,PRINCIPAL,mere.tamati@peachgroveinter.school.nz,027-430-1234,2020-06-05,True
4411,1892,Mark,Watson,SITE_MANAGER,mark.watson@peachgroveinter.school.nz,022-130-6135,2022-07-27,True
4412,1892,Wiremu,Morgan,HS_REP,wiremu.morgan@peachgroveinter.school.nz,025-793-7956,2022-08-08,True
4413,1892,Rawiri,Wong,CARETAKER,rawiri.wong@peachgroveinter.school.nz,026-754-1347,2021-01-27,True
4414,1893,Olivia,Roberts,PRINCIPAL,olivia.roberts@pekapekarauscho.school.nz,028-140-9137,2022-08-15,True
4415,1893,Luke,Gray,SITE_MANAGER,luke.gray@pekapekarauscho.school.nz,024-279-8930,2021-07-01,True
4416,1893,Ben,Scott,HS_REP,ben.scott@pekapekarauscho.school.nz,026-500-2132,2020-10-08,True
4417,1893,Emma,Lee,CARETAKER,emma.lee@pekapekarauscho.school.nz,027-469-7656,2020-01-20,True
4418,1894,Nikau,Harris,PRINCIPAL,nikau.harris@pillanspointsch.school.nz,022-744-9245,2022-04-03,True
4419,1894,Noah,Bennett,SITE_MANAGER,noah.bennett@pillanspointsch.school.nz,024-575-7565,2021-08-24,True
4420,1894,Holly,Singh,HS_REP,holly.singh@pillanspointsch.school.nz,023-947-6098,2022-05-30,True
4421,1894,Charlotte,Singh,CARETAKER,charlotte.singh@pillanspointsch.school.nz,025-500-6308,2022-03-26,True
4422,1895,Maia,Stewart,PRINCIPAL,maia.stewart@piopioprimarysc.school.nz,021-874-1642,2022-01-15,True
4423,1895,Nathan,Chen,SITE_MANAGER,nathan.chen@piopioprimarysc.school.nz,026-231-3427,2022-08-23,True
4424,1895,Luke,Williams,HS_REP,luke.williams@piopioprimarysc.school.nz,028-468-5203,2021-02-10,True
4425,1896,James,Baker,PRINCIPAL,james.baker@piripirischool.school.nz,023-516-4294,2022-04-28,True
4426,1896,Sarah,Watson,SITE_MANAGER,sarah.watson@piripirischool.school.nz,026-543-4448,2022-07-18,True
4427,1896,Donna,Lee,HS_REP,donna.lee@piripirischool.school.nz,022-699-6903,2022-01-26,True
4428,1897,Joanne,Walker,PRINCIPAL,joanne.walker@pirongiaschool.school.nz,022-522-3777,2022-05-05,True
4429,1897,Maia,Smith,SITE_MANAGER,maia.smith@pirongiaschool.school.nz,026-861-8214,2021-07-08,True
4430,1897,Aria,Harris,HS_REP,aria.harris@pirongiaschool.school.nz,022-741-7446,2021-11-24,True
4431,1898,Paula,Bennett,PRINCIPAL,paula.bennett@pokuruschool.school.nz,024-458-1471,2020-11-24,True
4432,1898,Ben,Cooper,SITE_MANAGER,ben.cooper@pokuruschool.school.nz,025-688-3597,2022-08-23,True
4433,1898,Luke,Rewi,HS_REP,luke.rewi@pokuruschool.school.nz,024-614-2796,2020-02-21,True
4434,1898,Nicola,Mitchell,CARETAKER,nicola.mitchell@pokuruschool.school.nz,027-872-1125,2020-08-11,True
4435,1899,Freya,Te Huia,PRINCIPAL,freya.te huia@pongakawaschool.school.nz,026-635-8481,2020-04-02,True
4436,1899,Caleb,Burns,SITE_MANAGER,caleb.burns@pongakawaschool.school.nz,026-205-2081,2022-06-30,True
4437,1899,Kaia,Taukiri,HS_REP,kaia.taukiri@pongakawaschool.school.nz,027-547-9886,2021-02-18,True
4438,1902,Daniel,Anderson,PRINCIPAL,daniel.anderson@puahueschool.school.nz,028-393-2619,2022-07-04,True
4439,1902,James,Kumar,SITE_MANAGER,james.kumar@puahueschool.school.nz,026-200-1056,2020-07-01,True
4440,1902,Hemi,Gray,HS_REP,hemi.gray@puahueschool.school.nz,026-339-5418,2022-02-20,True
4441,1902,Sophie,Crawford,CARETAKER,sophie.crawford@puahueschool.school.nz,021-926-9791,2021-05-21,True
4442,1903,Jack,Taukiri,PRINCIPAL,jack.taukiri@pukeatuaschool.school.nz,023-502-6655,2020-05-17,True
4443,1903,Craig,Fitzgerald,SITE_MANAGER,craig.fitzgerald@pukeatuaschool.school.nz,027-859-3651,2020-07-01,True
4444,1903,Craig,Patel,HS_REP,craig.patel@pukeatuaschool.school.nz,025-940-2432,2020-11-06,True
4445,1903,Holly,Johnston,CARETAKER,holly.johnston@pukeatuaschool.school.nz,025-367-7083,2020-10-08,True
4446,1904,Holly,Morgan,PRINCIPAL,holly.morgan@pukehinaschool.school.nz,024-770-1396,2020-11-15,True
4447,1904,Matiu,Brown,SITE_MANAGER,matiu.brown@pukehinaschool.school.nz,025-262-4773,2020-02-11,True
4448,1904,Brooke,Green,HS_REP,brooke.green@pukehinaschool.school.nz,028-461-6536,2020-07-20,True
4449,1904,Kaia,Gray,CARETAKER,kaia.gray@pukehinaschool.school.nz,022-505-8209,2021-02-12,True
4450,1906,Ethan,Morgan,PRINCIPAL,ethan.morgan@pukenuischool(t.school.nz,024-363-6795,2022-02-04,True
4451,1906,Mere,Bennett,SITE_MANAGER,mere.bennett@pukenuischool(t.school.nz,028-544-1540,2021-01-20,True
4452,1906,Joanne,Kumar,HS_REP,joanne.kumar@pukenuischool(t.school.nz,023-163-2051,2021-11-18,True
4453,1906,Shane,Taukiri,CARETAKER,shane.taukiri@pukenuischool(t.school.nz,025-675-2708,2020-03-03,True
4454,1907,Matthew,Scott,PRINCIPAL,matthew.scott@puketahaschool.school.nz,021-178-2813,2020-05-31,True
4455,1907,Kylie,Watson,SITE_MANAGER,kylie.watson@puketahaschool.school.nz,026-223-5645,2022-08-28,True
4456,1907,Mark,Anderson,HS_REP,mark.anderson@puketahaschool.school.nz,021-898-3601,2021-03-23,True
4457,1907,Tia,Bennett,CARETAKER,tia.bennett@puketahaschool.school.nz,024-970-6531,2020-11-30,True
4458,1908,Emma,Mahuta,PRINCIPAL,emma.mahuta@puketeschool.school.nz,022-150-8847,2020-04-25,True
4459,1908,Wiremu,Fitzgerald,SITE_MANAGER,wiremu.fitzgerald@puketeschool.school.nz,021-929-7057,2021-07-19,True
4460,1908,Emma,Brown,HS_REP,emma.brown@puketeschool.school.nz,021-890-4633,2021-12-08,True
4461,1911,Reuben,Brown,PRINCIPAL,reuben.brown@puririschool.school.nz,021-792-8536,2022-02-04,True
4462,1911,Grant,Young,SITE_MANAGER,grant.young@puririschool.school.nz,028-761-8806,2021-12-29,True
4463,1911,Chris,Hamilton,HS_REP,chris.hamilton@puririschool.school.nz,023-846-4154,2022-03-23,True
4464,1912,Matiu,Burns,PRINCIPAL,matiu.burns@tepuruschool.school.nz,022-192-6168,2020-07-29,True
4465,1912,Simon,Harris,SITE_MANAGER,simon.harris@tepuruschool.school.nz,028-181-4667,2021-08-03,True
4466,1912,Finn,Te Huia,HS_REP,finn.te huia@tepuruschool.school.nz,021-387-5246,2021-03-19,True
4467,1912,Scott,Jones,CARETAKER,scott.jones@tepuruschool.school.nz,026-212-7520,2021-03-15,True
4468,1916,Mere,Wong,PRINCIPAL,mere.wong@pyesparoadschoo.school.nz,027-693-6148,2020-07-02,True
4469,1916,Jessica,Wong,SITE_MANAGER,jessica.wong@pyesparoadschoo.school.nz,023-649-8137,2021-10-10,True
4470,1916,Sarah,Gray,HS_REP,sarah.gray@pyesparoadschoo.school.nz,028-381-1794,2022-08-30,True
4471,1916,Karen,King,CARETAKER,karen.king@pyesparoadschoo.school.nz,021-209-4285,2021-06-18,True
4472,1917,Mark,Young,PRINCIPAL,mark.young@tewharekuraorāk.school.nz,026-549-4262,2021-09-20,True
4473,1917,Michelle,Stewart,SITE_MANAGER,michelle.stewart@tewharekuraorāk.school.nz,023-631-5852,2021-09-21,True
4474,1917,Liam,Green,HS_REP,liam.green@tewharekuraorāk.school.nz,026-147-2767,2020-01-24,True
4475,1917,Michael,Turner,CARETAKER,michael.turner@tewharekuraorāk.school.nz,025-844-4942,2021-12-23,True
4476,1919,Shane,Brown,PRINCIPAL,shane.brown@tekuraorangirir.school.nz,023-581-5687,2020-07-21,True
4477,1919,Craig,Mitchell,SITE_MANAGER,craig.mitchell@tekuraorangirir.school.nz,027-484-3679,2020-02-03,True
4478,1919,Wiremu,King,HS_REP,wiremu.king@tekuraorangirir.school.nz,026-588-6336,2021-11-28,True
4479,1919,Mason,Watson,CARETAKER,mason.watson@tekuraorangirir.school.nz,028-358-9351,2021-05-19,True
4480,1920,Finn,Fitzgerald,PRINCIPAL,finn.fitzgerald@rangitotoschool.school.nz,026-425-2190,2022-06-19,True
4481,1920,David,Murray,SITE_MANAGER,david.murray@rangitotoschool.school.nz,027-305-5073,2021-05-09,True
4482,1920,David,Henare,HS_REP,david.henare@rangitotoschool.school.nz,026-161-5804,2022-02-26,True
4483,1920,Scott,Roberts,CARETAKER,scott.roberts@rangitotoschool.school.nz,026-969-4698,2021-11-28,True
4484,1921,Sarah,Nguyen,PRINCIPAL,sarah.nguyen@rangiuruschool.school.nz,027-492-1361,2022-06-20,True
4485,1921,Tracey,Cooper,SITE_MANAGER,tracey.cooper@rangiuruschool.school.nz,027-663-1223,2022-03-17,True
4486,1921,Joanne,Gray,HS_REP,joanne.gray@rangiuruschool.school.nz,028-151-2048,2022-02-20,True
4487,1921,Zara,Henderson,CARETAKER,zara.henderson@rangiuruschool.school.nz,025-940-2101,2020-01-29,True
4488,1923,Nicola,Robinson,PRINCIPAL,nicola.robinson@reporoaschool.school.nz,028-388-5487,2020-08-13,True
4489,1923,Wiremu,Turner,SITE_MANAGER,wiremu.turner@reporoaschool.school.nz,022-144-3142,2021-10-14,True
4490,1923,Nikau,White,HS_REP,nikau.white@reporoaschool.school.nz,028-295-7832,2020-11-09,True
4491,1924,Stacey,Williams,PRINCIPAL,stacey.williams@rhodestreetscho.school.nz,028-228-6417,2022-05-01,True
4492,1924,Kauri,Wong,SITE_MANAGER,kauri.wong@rhodestreetscho.school.nz,022-435-6699,2020-09-02,True
4493,1924,Emma,King,HS_REP,emma.king@rhodestreetscho.school.nz,027-110-2154,2020-01-09,True
4494,1924,Grace,Hill,CARETAKER,grace.hill@rhodestreetscho.school.nz,023-883-8500,2021-12-21,True
4495,1927,Amelia,Taylor,PRINCIPAL,amelia.taylor@roto-o-rangisch.school.nz,028-963-3162,2022-08-01,True
4496,1927,Matiu,Singh,SITE_MANAGER,matiu.singh@roto-o-rangisch.school.nz,027-749-3694,2022-04-01,True
4497,1927,Shane,Young,HS_REP,shane.young@roto-o-rangisch.school.nz,027-629-5786,2022-07-19,True
4498,1927,Chris,Chen,CARETAKER,chris.chen@roto-o-rangisch.school.nz,021-257-5410,2020-02-08,True
4499,1929,Kylie,Patel,PRINCIPAL,kylie.patel@tkkmorotoiti.school.nz,024-105-4014,2022-04-28,True
4500,1929,Joanne,Thompson,SITE_MANAGER,joanne.thompson@tkkmorotoiti.school.nz,023-648-1511,2022-02-18,True
4501,1929,Hemi,Fitzgerald,HS_REP,hemi.fitzgerald@tkkmorotoiti.school.nz,022-982-4663,2022-08-07,True
4502,1929,Maia,Campbell,CARETAKER,maia.campbell@tkkmorotoiti.school.nz,023-343-2942,2020-02-20,True
4503,1930,Charlotte,Henderson,PRINCIPAL,charlotte.henderson@rotokaurischool.school.nz,022-302-5602,2021-09-13,True
4504,1930,Craig,Fitzgerald,SITE_MANAGER,craig.fitzgerald@rotokaurischool.school.nz,021-628-9299,2022-01-29,True
4505,1930,Matiu,Parker,HS_REP,matiu.parker@rotokaurischool.school.nz,024-406-9006,2021-03-14,True
4506,1931,Tia,Turner,PRINCIPAL,tia.turner@rotokawaschool.school.nz,025-365-9726,2020-06-13,True
4507,1931,Donna,Patel,SITE_MANAGER,donna.patel@rotokawaschool.school.nz,028-671-4561,2020-09-23,True
4508,1931,Tane,Tamati,HS_REP,tane.tamati@rotokawaschool.school.nz,025-946-2751,2020-07-16,True
4509,1931,Kauri,Mitchell,CARETAKER,kauri.mitchell@rotokawaschool.school.nz,024-670-6257,2021-01-11,True
4510,1933,Reuben,Gray,PRINCIPAL,reuben.gray@rotoruaintermed.school.nz,024-225-9152,2020-07-27,True
4511,1933,Ben,Cooper,SITE_MANAGER,ben.cooper@rotoruaintermed.school.nz,028-703-8275,2021-09-25,True
4512,1933,Finn,Campbell,HS_REP,finn.campbell@rotoruaintermed.school.nz,023-392-6776,2021-03-25,True
4513,1934,Nathan,Edwards,PRINCIPAL,nathan.edwards@rotoruaschool.school.nz,028-220-5920,2020-10-19,True
4514,1934,Anika,Murray,SITE_MANAGER,anika.murray@rotoruaschool.school.nz,023-746-8814,2022-02-04,True
4515,1934,Shane,Thompson,HS_REP,shane.thompson@rotoruaschool.school.nz,022-668-8004,2021-01-15,True
4516,1935,Luke,Fitzgerald,PRINCIPAL,luke.fitzgerald@ficinoschool.school.nz,021-439-9261,2021-08-07,True
4517,1935,Rawiri,Henare,SITE_MANAGER,rawiri.henare@ficinoschool.school.nz,026-638-4568,2020-07-22,True
4518,1935,Kauri,Turner,HS_REP,kauri.turner@ficinoschool.school.nz,025-755-2814,2021-07-13,True
4519,1937,Daniel,Wong,PRINCIPAL,daniel.wong@ruawarocombined.school.nz,028-149-3147,2020-05-01,True
4520,1937,Caleb,Brown,SITE_MANAGER,caleb.brown@ruawarocombined.school.nz,027-436-1244,2022-04-01,True
4521,1937,James,Wong,HS_REP,james.wong@ruawarocombined.school.nz,025-745-1937,2021-08-20,True
4522,1938,Kaia,Te Huia,PRINCIPAL,kaia.te huia@rukuhiaschool.school.nz,028-302-9125,2020-02-25,True
4523,1938,Mason,Kim,SITE_MANAGER,mason.kim@rukuhiaschool.school.nz,027-538-7156,2020-06-07,True
4524,1938,Sophie,Wilson,HS_REP,sophie.wilson@rukuhiaschool.school.nz,024-576-5305,2021-09-17,True
4525,1938,Tane,Burns,CARETAKER,tane.burns@rukuhiaschool.school.nz,023-172-4692,2021-12-21,True
4526,1939,Matiu,Collins,PRINCIPAL,matiu.collins@selwynschool.school.nz,026-234-3059,2022-08-22,True
4527,1939,Chris,Stewart,SITE_MANAGER,chris.stewart@selwynschool.school.nz,023-637-9436,2022-05-18,True
4528,1939,Nathan,Russell,HS_REP,nathan.russell@selwynschool.school.nz,027-127-5766,2021-01-26,True
4529,1940,Isla,Smith,PRINCIPAL,isla.smith@silverdalenorma.school.nz,027-544-3322,2021-02-05,True
4530,1940,Noah,Taylor,SITE_MANAGER,noah.taylor@silverdalenorma.school.nz,028-118-7216,2021-09-08,True
4531,1940,Kylie,Te Huia,HS_REP,kylie.te huia@silverdalenorma.school.nz,026-970-1035,2021-11-27,True
4532,1940,Charlotte,Murray,CARETAKER,charlotte.murray@silverdalenorma.school.nz,025-744-9351,2020-08-23,True
4533,1941,Craig,Taylor,PRINCIPAL,craig.taylor@springdaleschoo.school.nz,027-837-5835,2021-04-29,True
4534,1941,Amelia,Roberts,SITE_MANAGER,amelia.roberts@springdaleschoo.school.nz,021-743-4410,2022-01-05,True
4535,1941,Maia,Johnston,HS_REP,maia.johnston@springdaleschoo.school.nz,024-299-8490,2022-05-23,True
4536,1941,Grant,Martin,CARETAKER,grant.martin@springdaleschoo.school.nz,022-663-7689,2020-02-11,True
4537,1942,Zara,Taukiri,PRINCIPAL,zara.taukiri@standrewsmiddle.school.nz,026-484-2989,2020-09-27,True
4538,1942,Chris,Walker,SITE_MANAGER,chris.walker@standrewsmiddle.school.nz,025-615-6122,2020-08-29,True
4539,1942,Anika,Wright,HS_REP,anika.wright@standrewsmiddle.school.nz,027-392-2880,2021-04-18,True
4540,1943,Aria,Williams,PRINCIPAL,aria.williams@stanthonyscatho.school.nz,021-688-7328,2022-04-10,True
4541,1943,Matiu,Kumar,SITE_MANAGER,matiu.kumar@stanthonyscatho.school.nz,023-713-1896,2022-08-06,True
4542,1943,Joanne,Anderson,HS_REP,joanne.anderson@stanthonyscatho.school.nz,027-489-2807,2020-08-10,True
4543,1944,Tane,Stewart,PRINCIPAL,tane.stewart@stcolumbascatho.school.nz,021-816-6742,2021-08-03,True
4544,1944,Aria,Walker,SITE_MANAGER,aria.walker@stcolumbascatho.school.nz,026-962-9315,2020-02-11,True
4545,1944,Luke,Burns,HS_REP,luke.burns@stcolumbascatho.school.nz,026-285-4760,2020-09-19,True
4546,1944,Ihaia,King,CARETAKER,ihaia.king@stcolumbascatho.school.nz,028-254-7397,2022-07-13,True
4547,1945,Daniel,Morgan,PRINCIPAL,daniel.morgan@stfrancisschool.school.nz,028-827-6557,2021-06-10,True
4548,1945,Ruby,Rewi,SITE_MANAGER,ruby.rewi@stfrancisschool.school.nz,027-322-9543,2021-12-29,True
4549,1945,Mark,Wright,HS_REP,mark.wright@stfrancisschool.school.nz,021-958-4441,2020-09-30,True
4550,1946,Nathan,Thompson,PRINCIPAL,nathan.thompson@stjosephscathol.school.nz,026-913-6463,2020-07-23,True
4551,1946,Mason,Gallagher,SITE_MANAGER,mason.gallagher@stjosephscathol.school.nz,023-662-6723,2021-03-09,True
4552,1946,Olivia,Gray,HS_REP,olivia.gray@stjosephscathol.school.nz,028-794-2316,2020-05-12,True
4553,1947,Tia,Rewi,PRINCIPAL,tia.rewi@stjosephscathol.school.nz,023-691-9888,2020-07-07,True
4554,1947,Noah,Murray,SITE_MANAGER,noah.murray@stjosephscathol.school.nz,021-688-8319,2020-06-08,True
4555,1947,Paula,Thompson,HS_REP,paula.thompson@stjosephscathol.school.nz,028-300-3361,2022-08-03,True
4556,1948,Tia,Wright,PRINCIPAL,tia.wright@stjosephscathol.school.nz,028-701-2507,2021-04-12,True
4557,1948,Sophie,Roberts,SITE_MANAGER,sophie.roberts@stjosephscathol.school.nz,021-480-3462,2022-03-02,True
4558,1948,Kauri,Wong,HS_REP,kauri.wong@stjosephscathol.school.nz,022-451-3170,2021-03-04,True
4559,1948,Mere,Green,CARETAKER,mere.green@stjosephscathol.school.nz,024-227-9511,2020-08-31,True
4560,1949,Charlotte,White,PRINCIPAL,charlotte.white@stjosephscathol.school.nz,025-779-7442,2021-03-20,True
4561,1949,Jack,Thompson,SITE_MANAGER,jack.thompson@stjosephscathol.school.nz,025-278-7244,2020-04-01,True
4562,1949,David,Smith,HS_REP,david.smith@stjosephscathol.school.nz,021-951-7544,2020-10-25,True
4563,1950,Ryan,White,PRINCIPAL,ryan.white@stjosephscathol.school.nz,028-618-8067,2021-12-05,True
4564,1950,Reuben,Young,SITE_MANAGER,reuben.young@stjosephscathol.school.nz,026-624-1530,2020-07-13,True
4565,1950,Aroha,Te Huia,HS_REP,aroha.te huia@stjosephscathol.school.nz,022-478-7903,2020-02-02,True
4566,1950,Brooke,Lee,CARETAKER,brooke.lee@stjosephscathol.school.nz,021-370-6810,2022-06-12,True
4567,1951,James,Clarke,PRINCIPAL,james.clarke@stjosephscathol.school.nz,024-953-6455,2022-03-18,True
4568,1951,Ihaia,Martin,SITE_MANAGER,ihaia.martin@stjosephscathol.school.nz,022-361-9079,2021-07-01,True
4569,1951,Brooke,Campbell,HS_REP,brooke.campbell@stjosephscathol.school.nz,022-237-6667,2020-02-20,True
4570,1951,Freya,Roberts,CARETAKER,freya.roberts@stjosephscathol.school.nz,024-563-1613,2021-01-02,True
4571,1952,Wiremu,Johnston,PRINCIPAL,wiremu.johnston@stjosephscathol.school.nz,026-963-1837,2020-10-07,True
4572,1952,Emma,Robinson,SITE_MANAGER,emma.robinson@stjosephscathol.school.nz,027-969-4111,2020-01-01,True
4573,1952,Emma,Anderson,HS_REP,emma.anderson@stjosephscathol.school.nz,028-781-7643,2022-05-02,True
4574,1953,Daniel,Henare,PRINCIPAL,daniel.henare@stjosephscathol.school.nz,024-702-5554,2021-09-19,True
4575,1953,James,Singh,SITE_MANAGER,james.singh@stjosephscathol.school.nz,024-306-7293,2022-06-24,True
4576,1953,Aroha,Kumar,HS_REP,aroha.kumar@stjosephscathol.school.nz,024-854-9199,2021-02-20,True
4577,1954,Donna,Williams,PRINCIPAL,donna.williams@stjosephscathol.school.nz,023-287-9548,2021-01-23,True
4578,1954,Tracey,Murray,SITE_MANAGER,tracey.murray@stjosephscathol.school.nz,024-816-1169,2022-04-28,True
4579,1954,Jack,Collins,HS_REP,jack.collins@stjosephscathol.school.nz,028-290-4626,2020-11-19,True
4580,1955,Rawiri,Taukiri,PRINCIPAL,rawiri.taukiri@stjosephscathol.school.nz,023-167-2975,2020-04-11,True
4581,1955,Stacey,Scott,SITE_MANAGER,stacey.scott@stjosephscathol.school.nz,027-784-4509,2021-05-13,True
4582,1955,Simon,Patel,HS_REP,simon.patel@stjosephscathol.school.nz,023-277-3381,2020-06-18,True
4583,1957,Maia,Palmer,PRINCIPAL,maia.palmer@stmaryscatholic.school.nz,023-249-1750,2021-12-18,True
4584,1957,Sarah,Fitzgerald,SITE_MANAGER,sarah.fitzgerald@stmaryscatholic.school.nz,027-194-3652,2021-05-25,True
4585,1957,Kylie,Fitzgerald,HS_REP,kylie.fitzgerald@stmaryscatholic.school.nz,022-606-4762,2022-07-12,True
4586,1957,Michael,Wilson,CARETAKER,michael.wilson@stmaryscatholic.school.nz,027-876-2232,2021-05-16,True
4587,1958,David,Gray,PRINCIPAL,david.gray@stmaryscatholic.school.nz,027-644-5021,2021-02-26,True
4588,1958,Tane,Murray,SITE_MANAGER,tane.murray@stmaryscatholic.school.nz,025-592-5256,2021-07-05,True
4589,1958,Lisa,Harawira,HS_REP,lisa.harawira@stmaryscatholic.school.nz,024-281-3540,2022-01-20,True
4590,1959,Tia,Walker,PRINCIPAL,tia.walker@stmaryscatholic.school.nz,024-739-1252,2021-06-21,True
4591,1959,Lisa,Gray,SITE_MANAGER,lisa.gray@stmaryscatholic.school.nz,024-486-9434,2022-03-10,True
4592,1959,Holly,Wilson,HS_REP,holly.wilson@stmaryscatholic.school.nz,026-416-7703,2020-05-23,True
4593,1959,Luke,Johnston,CARETAKER,luke.johnston@stmaryscatholic.school.nz,025-662-7579,2022-09-05,True
4594,1960,Tane,Palmer,PRINCIPAL,tane.palmer@stmichaelscatho.school.nz,021-775-9332,2022-04-27,True
4595,1960,Grace,Singh,SITE_MANAGER,grace.singh@stmichaelscatho.school.nz,026-565-6804,2020-08-04,True
4596,1960,Jessica,Bennett,HS_REP,jessica.bennett@stmichaelscatho.school.nz,026-429-7259,2020-02-21,True
4597,1961,Stacey,Turner,PRINCIPAL,stacey.turner@stpatrickscatho.school.nz,024-584-6633,2021-10-09,True
4598,1961,Nikau,Gallagher,SITE_MANAGER,nikau.gallagher@stpatrickscatho.school.nz,022-322-1829,2021-02-17,True
4599,1961,Emma,Hamilton,HS_REP,emma.hamilton@stpatrickscatho.school.nz,025-205-8851,2020-06-06,True
4600,1962,James,White,PRINCIPAL,james.white@stpatrickscatho.school.nz,028-766-1728,2020-09-24,True
4601,1962,Freya,Campbell,SITE_MANAGER,freya.campbell@stpatrickscatho.school.nz,024-362-9198,2021-05-04,True
4602,1962,Daniel,Bennett,HS_REP,daniel.bennett@stpatrickscatho.school.nz,028-434-8715,2020-06-03,True
4603,1962,Grace,Brown,CARETAKER,grace.brown@stpatrickscatho.school.nz,022-487-3599,2021-08-14,True
4604,1963,Caleb,Scott,PRINCIPAL,caleb.scott@stpaulscatholic.school.nz,022-181-1240,2022-01-13,True
4605,1963,Caleb,Nguyen,SITE_MANAGER,caleb.nguyen@stpaulscatholic.school.nz,024-283-5886,2021-07-23,True
4606,1963,Hemi,Wright,HS_REP,hemi.wright@stpaulscatholic.school.nz,021-362-2688,2020-05-15,True
4607,1964,Jack,Taylor,PRINCIPAL,jack.taylor@stpeterchanelca.school.nz,023-854-1452,2022-02-07,True
4608,1964,Karen,Thompson,SITE_MANAGER,karen.thompson@stpeterchanelca.school.nz,024-861-3032,2021-11-28,True
4609,1964,Simon,Williams,HS_REP,simon.williams@stpeterchanelca.school.nz,024-573-7026,2022-03-19,True
4610,1964,Ruby,Green,CARETAKER,ruby.green@stpeterchanelca.school.nz,025-865-1459,2022-06-09,True
4611,1965,Mark,Te Huia,PRINCIPAL,mark.te huia@stpeterscatholi.school.nz,022-145-6301,2020-03-30,True
4612,1965,Reuben,Singh,SITE_MANAGER,reuben.singh@stpeterscatholi.school.nz,024-421-2269,2020-10-25,True
4613,1965,Moana,Morgan,HS_REP,moana.morgan@stpeterscatholi.school.nz,026-129-2180,2021-06-02,True
4614,1966,Kylie,Crawford,PRINCIPAL,kylie.crawford@stpiusxcatholic.school.nz,021-876-6449,2020-08-21,True
4615,1966,Nikau,Kumar,SITE_MANAGER,nikau.kumar@stpiusxcatholic.school.nz,023-974-4264,2020-04-24,True
4616,1966,Amelia,Kim,HS_REP,amelia.kim@stpiusxcatholic.school.nz,023-800-1575,2022-03-06,True
4617,1967,Finn,Henare,PRINCIPAL,finn.henare@stanleyavenuesc.school.nz,021-824-1442,2022-09-08,True
4618,1967,Georgia,Singh,SITE_MANAGER,georgia.singh@stanleyavenuesc.school.nz,025-151-3053,2021-02-05,True
4619,1967,Aroha,Wilson,HS_REP,aroha.wilson@stanleyavenuesc.school.nz,024-471-5402,2021-12-31,True
4620,1967,Moana,Patel,CARETAKER,moana.patel@stanleyavenuesc.school.nz,026-145-6284,2021-06-21,True
4621,1968,Hayley,Morgan,PRINCIPAL,hayley.morgan@strathmoreschoo.school.nz,022-525-1818,2022-02-12,True
4622,1968,Simon,Brown,SITE_MANAGER,simon.brown@strathmoreschoo.school.nz,021-814-8380,2022-03-13,True
4623,1968,Grace,Henderson,HS_REP,grace.henderson@strathmoreschoo.school.nz,022-457-5918,2021-03-26,True
4624,1968,Michelle,Singh,CARETAKER,michelle.singh@strathmoreschoo.school.nz,024-919-1272,2020-09-26,True
4625,1970,Hayley,Gray,PRINCIPAL,hayley.gray@sunsetprimarysc.school.nz,023-982-4463,2020-06-12,True
4626,1970,Stacey,Harris,SITE_MANAGER,stacey.harris@sunsetprimarysc.school.nz,028-591-5302,2020-11-13,True
4627,1970,Lisa,Walker,HS_REP,lisa.walker@sunsetprimarysc.school.nz,021-829-1856,2020-03-08,True
4628,1971,Daniel,Mitchell,PRINCIPAL,daniel.mitchell@tekuraotahaaroa.school.nz,025-427-4654,2021-12-08,True
4629,1971,Mason,Wilson,SITE_MANAGER,mason.wilson@tekuraotahaaroa.school.nz,021-127-6588,2021-10-06,True
4630,1971,Kauri,Jones,HS_REP,kauri.jones@tekuraotahaaroa.school.nz,027-277-6482,2021-06-09,True
4631,1971,David,Mitchell,CARETAKER,david.mitchell@tekuraotahaaroa.school.nz,023-970-9462,2020-11-02,True
4632,1972,Joanne,Brown,PRINCIPAL,joanne.brown@tahunaschool.school.nz,022-651-1848,2020-11-01,True
4633,1972,Jack,Henare,SITE_MANAGER,jack.henare@tahunaschool.school.nz,022-118-8754,2021-04-23,True
4634,1972,Shane,Cooper,HS_REP,shane.cooper@tahunaschool.school.nz,022-165-1358,2021-03-28,True
4635,1972,Craig,Taukiri,CARETAKER,craig.taukiri@tahunaschool.school.nz,022-741-9591,2020-06-22,True
4636,1974,Jessica,Roberts,PRINCIPAL,jessica.roberts@tainuifullprima.school.nz,022-294-7843,2020-06-05,True
4637,1974,Kaia,Roberts,SITE_MANAGER,kaia.roberts@tainuifullprima.school.nz,026-724-4768,2022-07-03,True
4638,1974,Ethan,Parker,HS_REP,ethan.parker@tainuifullprima.school.nz,023-494-2093,2021-01-01,True
4639,1975,Ben,Hamilton,PRINCIPAL,ben.hamilton@tairuaschool.school.nz,028-879-3247,2020-06-27,True
4640,1975,Amelia,Lee,SITE_MANAGER,amelia.lee@tairuaschool.school.nz,027-861-8255,2022-09-18,True
4641,1975,Nicola,Johnston,HS_REP,nicola.johnston@tairuaschool.school.nz,023-844-2708,2022-01-10,True
4642,1975,Michelle,Jones,CARETAKER,michelle.jones@tairuaschool.school.nz,028-739-3726,2020-04-17,True
4643,1976,Mere,Burns,PRINCIPAL,mere.burns@tamaheremodelco.school.nz,028-500-5348,2022-05-07,True
4644,1976,Nikau,Young,SITE_MANAGER,nikau.young@tamaheremodelco.school.nz,024-499-7572,2022-09-22,True
4645,1976,James,Henare,HS_REP,james.henare@tamaheremodelco.school.nz,022-816-2327,2020-03-06,True
4646,1976,Reuben,Johnston,CARETAKER,reuben.johnston@tamaheremodelco.school.nz,028-338-3961,2020-02-18,True
4647,1978,Andrew,Burns,PRINCIPAL,andrew.burns@taneatuaschool.school.nz,023-916-3539,2021-04-19,True
4648,1978,Mere,Thompson,SITE_MANAGER,mere.thompson@taneatuaschool.school.nz,026-466-2780,2020-12-18,True
4649,1978,Aria,Thompson,HS_REP,aria.thompson@taneatuaschool.school.nz,024-612-6919,2021-07-07,True
4650,1978,Ben,Taukiri,CARETAKER,ben.taukiri@taneatuaschool.school.nz,028-829-5902,2022-04-16,True
4651,1980,Moana,Tamati,PRINCIPAL,moana.tamati@tapuschool.school.nz,024-785-8238,2021-07-05,True
4652,1980,Karen,Tamati,SITE_MANAGER,karen.tamati@tapuschool.school.nz,022-959-8986,2020-05-13,True
4653,1980,Max,Clarke,HS_REP,max.clarke@tapuschool.school.nz,027-590-4505,2020-01-24,True
4654,1980,Chris,Fraser,CARETAKER,chris.fraser@tapuschool.school.nz,024-303-9093,2021-04-17,True
4655,1982,Jessica,Smith,PRINCIPAL,jessica.smith@tarrangowerscho.school.nz,027-737-7703,2022-04-21,True
4656,1982,Ben,Johnston,SITE_MANAGER,ben.johnston@tarrangowerscho.school.nz,025-461-2348,2021-11-30,True
4657,1982,Grant,Williams,HS_REP,grant.williams@tarrangowerscho.school.nz,025-283-2869,2022-03-12,True
4658,1982,Lisa,Campbell,CARETAKER,lisa.campbell@tarrangowerscho.school.nz,026-675-8216,2020-07-15,True
4659,1983,Joanne,Rewi,PRINCIPAL,joanne.rewi@tatuanuischool.school.nz,025-550-6463,2022-02-12,True
4660,1983,Sarah,Rewi,SITE_MANAGER,sarah.rewi@tatuanuischool.school.nz,023-148-9641,2021-04-21,True
4661,1983,Freya,Young,HS_REP,freya.young@tatuanuischool.school.nz,023-859-8823,2020-05-07,True
4662,1983,Ryan,Henderson,CARETAKER,ryan.henderson@tatuanuischool.school.nz,028-280-7711,2022-03-16,True
4663,1984,Caleb,Nguyen,PRINCIPAL,caleb.nguyen@tauharaschool.school.nz,024-671-4648,2020-07-12,True
4664,1984,Jack,Parker,SITE_MANAGER,jack.parker@tauharaschool.school.nz,024-332-6232,2020-02-09,True
4665,1984,Tia,Cooper,HS_REP,tia.cooper@tauharaschool.school.nz,024-670-1507,2021-08-12,True
4666,1984,Andrew,Green,CARETAKER,andrew.green@tauharaschool.school.nz,027-185-6024,2022-05-22,True
4667,1985,Brooke,Robinson,PRINCIPAL,brooke.robinson@tauheicombineds.school.nz,025-250-8539,2020-04-20,True
4668,1985,Freya,Gallagher,SITE_MANAGER,freya.gallagher@tauheicombineds.school.nz,027-422-3387,2022-02-26,True
4669,1985,Amber,Jones,HS_REP,amber.jones@tauheicombineds.school.nz,025-519-3480,2022-01-29,True
4670,1985,Anika,King,CARETAKER,anika.king@tauheicombineds.school.nz,025-542-7168,2021-09-26,True
4671,1986,Grace,Watson,PRINCIPAL,grace.watson@taumarunuiprima.school.nz,021-322-2036,2022-07-07,True
4672,1986,Olivia,Clarke,SITE_MANAGER,olivia.clarke@taumarunuiprima.school.nz,028-283-2464,2021-03-13,True
4673,1986,James,Hamilton,HS_REP,james.hamilton@taumarunuiprima.school.nz,024-202-3545,2022-05-09,True
4674,1986,Emma,Roberts,CARETAKER,emma.roberts@taumarunuiprima.school.nz,023-518-2190,2020-12-16,True
4675,1987,Aria,Lee,PRINCIPAL,aria.lee@taupirischool.school.nz,022-445-9172,2022-07-20,True
4676,1987,Sarah,Wong,SITE_MANAGER,sarah.wong@taupirischool.school.nz,024-898-1153,2022-08-06,True
4677,1987,Nicola,Tamati,HS_REP,nicola.tamati@taupirischool.school.nz,028-853-4829,2022-02-12,True
4678,1987,Maia,Mitchell,CARETAKER,maia.mitchell@taupirischool.school.nz,027-356-7321,2021-12-04,True
4679,1988,Shane,Wright,PRINCIPAL,shane.wright@taupointermedia.school.nz,028-739-5433,2020-06-28,True
4680,1988,Michael,Harawira,SITE_MANAGER,michael.harawira@taupointermedia.school.nz,021-830-8778,2021-06-12,True
4681,1988,James,Hall,HS_REP,james.hall@taupointermedia.school.nz,025-553-1605,2020-12-02,True
4682,1988,Andrew,Fitzgerald,CARETAKER,andrew.fitzgerald@taupointermedia.school.nz,026-667-8758,2020-03-16,True
4683,1989,Karen,Wilson,PRINCIPAL,karen.wilson@tauposchool.school.nz,024-221-3808,2020-03-07,True
4684,1989,Daniel,Burns,SITE_MANAGER,daniel.burns@tauposchool.school.nz,027-558-3850,2020-09-05,True
4685,1989,Scott,Scott,HS_REP,scott.scott@tauposchool.school.nz,023-920-3593,2021-07-01,True
4686,1990,Amelia,Lee,PRINCIPAL,amelia.lee@taurangainterme.school.nz,025-727-3580,2021-08-12,True
4687,1990,Simon,Stewart,SITE_MANAGER,simon.stewart@taurangainterme.school.nz,027-619-4949,2022-01-02,True
4688,1990,Brooke,Taukiri,HS_REP,brooke.taukiri@taurangainterme.school.nz,027-851-3887,2021-08-24,True
4689,1991,Michelle,Hill,PRINCIPAL,michelle.hill@taurangaprimary.school.nz,021-367-9935,2020-05-20,True
4690,1991,Andrew,Morgan,SITE_MANAGER,andrew.morgan@taurangaprimary.school.nz,025-477-5435,2020-09-24,True
4691,1991,Reuben,Tamati,HS_REP,reuben.tamati@taurangaprimary.school.nz,026-328-2996,2020-06-08,True
4692,1992,Charlotte,Nguyen,PRINCIPAL,charlotte.nguyen@gatepaschool.school.nz,026-441-4049,2021-06-23,True
4693,1992,Kaia,Patel,SITE_MANAGER,kaia.patel@gatepaschool.school.nz,027-669-6456,2020-11-24,True
4694,1992,Mason,Williams,HS_REP,mason.williams@gatepaschool.school.nz,025-460-4144,2021-12-17,True
4695,1994,Craig,Chen,PRINCIPAL,craig.chen@taurikoschool.school.nz,021-837-1932,2020-11-24,True
4696,1994,Holly,Kim,SITE_MANAGER,holly.kim@taurikoschool.school.nz,021-519-5913,2020-12-06,True
4697,1994,Michael,Russell,HS_REP,michael.russell@taurikoschool.school.nz,024-772-2553,2022-03-21,True
4698,1995,Michael,Collins,PRINCIPAL,michael.collins@tauwhareschool.school.nz,028-918-8672,2022-02-06,True
4699,1995,Aroha,Baker,SITE_MANAGER,aroha.baker@tauwhareschool.school.nz,028-502-3786,2022-01-01,True
4700,1995,Ihaia,Singh,HS_REP,ihaia.singh@tauwhareschool.school.nz,022-948-4511,2020-03-22,True
4701,1995,Hemi,Clarke,CARETAKER,hemi.clarke@tauwhareschool.school.nz,021-336-1189,2022-07-29,True
4702,1996,Lisa,Hamilton,PRINCIPAL,lisa.hamilton@tāwerabilingual.school.nz,028-837-6378,2021-05-18,True
4703,1996,Emma,Roberts,SITE_MANAGER,emma.roberts@tāwerabilingual.school.nz,027-291-4395,2021-02-06,True
4704,1996,Andrew,Henare,HS_REP,andrew.henare@tāwerabilingual.school.nz,021-645-1361,2021-06-15,True
4705,1998,Paula,Wong,PRINCIPAL,paula.wong@teakauschool.school.nz,024-191-5712,2020-07-05,True
4706,1998,Mark,Crawford,SITE_MANAGER,mark.crawford@teakauschool.school.nz,026-319-9184,2020-02-27,True
4707,1998,Kaia,Smith,HS_REP,kaia.smith@teakauschool.school.nz,027-193-7458,2022-02-28,True
4708,1999,Josh,Murray,PRINCIPAL,josh.murray@tearohaprimarys.school.nz,026-869-1293,2020-11-13,True
4709,1999,Emma,Hall,SITE_MANAGER,emma.hall@tearohaprimarys.school.nz,026-119-2576,2022-06-22,True
4710,1999,Andrew,Murray,HS_REP,andrew.murray@tearohaprimarys.school.nz,023-695-2150,2022-03-01,True
4711,1999,Hemi,Collins,CARETAKER,hemi.collins@tearohaprimarys.school.nz,024-470-4042,2020-01-03,True
4712,2001,Caleb,Roberts,PRINCIPAL,caleb.roberts@teawamutuinterm.school.nz,021-828-6046,2021-06-16,True
4713,2001,Sarah,Kim,SITE_MANAGER,sarah.kim@teawamutuinterm.school.nz,025-643-4819,2020-01-11,True
4714,2001,Kauri,Williams,HS_REP,kauri.williams@teawamutuinterm.school.nz,022-972-3077,2020-06-27,True
4715,2001,Karen,Taukiri,CARETAKER,karen.taukiri@teawamutuinterm.school.nz,023-273-7199,2021-07-01,True
4716,2002,Max,Patel,PRINCIPAL,max.patel@teawamutuprimar.school.nz,028-814-6870,2020-01-28,True
4717,2002,Mason,Chen,SITE_MANAGER,mason.chen@teawamutuprimar.school.nz,028-406-3715,2020-11-11,True
4718,2002,Rawiri,Walker,HS_REP,rawiri.walker@teawamutuprimar.school.nz,021-216-8225,2020-05-10,True
4719,2002,Grace,Rewi,CARETAKER,grace.rewi@teawamutuprimar.school.nz,028-827-9707,2022-05-07,True
4720,2005,Tane,Patel,PRINCIPAL,tane.patel@tekauwhataprima.school.nz,022-618-9386,2022-02-07,True
4721,2005,Maia,Burns,SITE_MANAGER,maia.burns@tekauwhataprima.school.nz,021-420-3083,2020-01-10,True
4722,2005,Noah,Rewi,HS_REP,noah.rewi@tekauwhataprima.school.nz,022-187-5110,2022-04-29,True
4723,2007,Hayley,Tamati,PRINCIPAL,hayley.tamati@tekowhaischool.school.nz,025-118-8304,2021-11-20,True
4724,2007,Ihaia,Wright,SITE_MANAGER,ihaia.wright@tekowhaischool.school.nz,022-623-8659,2020-10-24,True
4725,2007,James,Chen,HS_REP,james.chen@tekowhaischool.school.nz,023-277-3803,2020-03-16,True
4726,2007,Matthew,Fraser,CARETAKER,matthew.fraser@tekowhaischool.school.nz,027-831-3097,2022-06-15,True
4727,2008,Luke,Gray,PRINCIPAL,luke.gray@tekuitiprimarys.school.nz,021-544-3750,2021-02-27,True
4728,2008,Hemi,Scott,SITE_MANAGER,hemi.scott@tekuitiprimarys.school.nz,023-161-8921,2020-07-17,True
4729,2008,Nathan,Hill,HS_REP,nathan.hill@tekuitiprimarys.school.nz,026-467-5620,2022-09-15,True
4730,2008,Jack,Stewart,CARETAKER,jack.stewart@tekuitiprimarys.school.nz,027-990-7415,2021-12-27,True
4731,2009,Kylie,Nguyen,PRINCIPAL,kylie.nguyen@temahoeschool.school.nz,027-719-9549,2021-02-17,True
4732,2009,Finn,Taukiri,SITE_MANAGER,finn.taukiri@temahoeschool.school.nz,026-862-7799,2021-11-24,True
4733,2009,Stacey,Cooper,HS_REP,stacey.cooper@temahoeschool.school.nz,025-746-3305,2022-09-11,True
4734,2009,Mason,Robinson,CARETAKER,mason.robinson@temahoeschool.school.nz,024-681-3754,2022-02-27,True
4735,2010,Caleb,Martin,PRINCIPAL,caleb.martin@temataschool(ra.school.nz,024-270-1828,2022-04-25,True
4736,2010,Michael,Taukiri,SITE_MANAGER,michael.taukiri@temataschool(ra.school.nz,024-952-3574,2021-12-13,True
4737,2010,Simon,Collins,HS_REP,simon.collins@temataschool(ra.school.nz,023-827-1308,2021-07-26,True
4738,2010,Lisa,Gallagher,CARETAKER,lisa.gallagher@temataschool(ra.school.nz,028-108-7154,2022-08-24,True
4739,2011,Lisa,Young,PRINCIPAL,lisa.young@tkkmotematai.school.nz,022-679-5546,2022-04-25,True
4740,2011,Tia,Thompson,SITE_MANAGER,tia.thompson@tkkmotematai.school.nz,028-910-7471,2020-09-23,True
4741,2011,Jack,Henare,HS_REP,jack.henare@tkkmotematai.school.nz,022-823-6511,2022-01-07,True
4742,2012,Mere,Clarke,PRINCIPAL,mere.clarke@temiroschool.school.nz,023-432-3645,2021-02-15,True
4743,2012,Freya,Harris,SITE_MANAGER,freya.harris@temiroschool.school.nz,021-602-2046,2021-04-13,True
4744,2012,Stacey,Williams,HS_REP,stacey.williams@temiroschool.school.nz,022-843-1349,2021-03-28,True
4745,2013,Caleb,Baker,PRINCIPAL,caleb.baker@tepahuschool.school.nz,025-127-4551,2022-08-21,True
4746,2013,Grace,Smith,SITE_MANAGER,grace.smith@tepahuschool.school.nz,026-131-5894,2020-05-12,True
4747,2013,Mere,Baker,HS_REP,mere.baker@tepahuschool.school.nz,024-639-6809,2020-09-30,True
4748,2013,Michelle,Hamilton,CARETAKER,michelle.hamilton@tepahuschool.school.nz,021-462-4175,2020-01-06,True
4749,2014,David,Baker,PRINCIPAL,david.baker@tepoischool.school.nz,022-867-1002,2022-07-22,True
4750,2014,Mason,Young,SITE_MANAGER,mason.young@tepoischool.school.nz,025-950-4360,2022-05-28,True
4751,2014,Olivia,Chen,HS_REP,olivia.chen@tepoischool.school.nz,022-589-9632,2021-01-28,True
4752,2015,Jack,Parker,PRINCIPAL,jack.parker@tepukeintermedi.school.nz,027-972-8889,2020-11-22,True
4753,2015,Rawiri,Watson,SITE_MANAGER,rawiri.watson@tepukeintermedi.school.nz,027-541-2543,2020-08-04,True
4754,2015,Karen,Burns,HS_REP,karen.burns@tepukeintermedi.school.nz,022-388-1511,2021-01-06,True
4755,2015,Nicola,Palmer,CARETAKER,nicola.palmer@tepukeintermedi.school.nz,028-783-8770,2020-08-12,True
4756,2016,Ryan,Hill,PRINCIPAL,ryan.hill@tepukeprimarysc.school.nz,026-408-2027,2021-03-14,True
4757,2016,Michael,Parker,SITE_MANAGER,michael.parker@tepukeprimarysc.school.nz,022-257-1631,2020-08-28,True
4758,2016,Ruby,Campbell,HS_REP,ruby.campbell@tepukeprimarysc.school.nz,024-809-1242,2021-08-01,True
4759,2017,Tracey,Te Huia,PRINCIPAL,tracey.te huia@tepunaschool.school.nz,023-287-4716,2020-05-08,True
4760,2017,Grace,Edwards,SITE_MANAGER,grace.edwards@tepunaschool.school.nz,021-257-4402,2020-07-08,True
4761,2017,Joanne,Edwards,HS_REP,joanne.edwards@tepunaschool.school.nz,021-386-3001,2021-11-19,True
4762,2017,James,Palmer,CARETAKER,james.palmer@tepunaschool.school.nz,028-757-3617,2021-07-03,True
4763,2019,Hemi,Bennett,PRINCIPAL,hemi.bennett@terangaschool.school.nz,022-820-4232,2022-07-23,True
4764,2019,Josh,Bennett,SITE_MANAGER,josh.bennett@terangaschool.school.nz,025-784-1934,2022-07-01,True
4765,2019,Mason,Kumar,HS_REP,mason.kumar@terangaschool.school.nz,022-961-8008,2021-02-14,True
4766,2019,Emma,Jones,CARETAKER,emma.jones@terangaschool.school.nz,021-823-3580,2020-09-16,True
4767,2020,Moana,Morgan,PRINCIPAL,moana.morgan@terapaschool.school.nz,028-764-5870,2022-08-30,True
4768,2020,Hayley,Patel,SITE_MANAGER,hayley.patel@terapaschool.school.nz,025-664-3071,2020-02-12,True
4769,2020,Max,Morgan,HS_REP,max.morgan@terapaschool.school.nz,021-123-3229,2021-12-10,True
4770,2021,Sarah,Russell,PRINCIPAL,sarah.russell@tererengaschool.school.nz,021-413-7133,2020-04-11,True
4771,2021,Tracey,Wilson,SITE_MANAGER,tracey.wilson@tererengaschool.school.nz,021-576-5323,2021-06-23,True
4772,2021,Zara,Rewi,HS_REP,zara.rewi@tererengaschool.school.nz,025-416-9615,2022-02-25,True
4773,2021,Josh,Roberts,CARETAKER,josh.roberts@tererengaschool.school.nz,027-648-6377,2022-02-20,True
4774,2023,Nikau,Gray,PRINCIPAL,nikau.gray@tekuraoteteko.school.nz,025-452-1331,2021-10-03,True
4775,2023,Ruby,Green,SITE_MANAGER,ruby.green@tekuraoteteko.school.nz,022-242-2541,2020-02-12,True
4776,2023,Aria,Stewart,HS_REP,aria.stewart@tekuraoteteko.school.nz,024-303-5075,2022-05-29,True
4777,2023,Liam,Crawford,CARETAKER,liam.crawford@tekuraoteteko.school.nz,028-642-8416,2021-03-24,True
4778,2024,Nicola,Gray,PRINCIPAL,nicola.gray@teukuschool.school.nz,027-195-5948,2021-02-07,True
4779,2024,Donna,Green,SITE_MANAGER,donna.green@teukuschool.school.nz,021-539-8219,2020-01-12,True
4780,2024,Mere,Parker,HS_REP,mere.parker@teukuschool.school.nz,024-542-1279,2022-02-28,True
4781,2024,Simon,Nguyen,CARETAKER,simon.nguyen@teukuschool.school.nz,025-188-2827,2021-07-30,True
4782,2025,Georgia,King,PRINCIPAL,georgia.king@tewaotuschool.school.nz,026-751-3848,2022-03-13,True
4783,2025,Tia,Taylor,SITE_MANAGER,tia.taylor@tewaotuschool.school.nz,024-369-3029,2022-06-29,True
4784,2025,Charlotte,Watson,HS_REP,charlotte.watson@tewaotuschool.school.nz,023-228-4988,2021-07-10,True
4785,2027,Hemi,Murray,PRINCIPAL,hemi.murray@thamessouthscho.school.nz,028-422-5605,2022-09-12,True
4786,2027,Grant,Morgan,SITE_MANAGER,grant.morgan@thamessouthscho.school.nz,027-158-7313,2020-10-02,True
4787,2027,Tia,Harawira,HS_REP,tia.harawira@thamessouthscho.school.nz,025-529-7995,2020-03-17,True
4788,2028,Ryan,Gray,PRINCIPAL,ryan.gray@thorntonschool.school.nz,022-464-4395,2020-05-15,True
4789,2028,Max,Morgan,SITE_MANAGER,max.morgan@thorntonschool.school.nz,025-883-8995,2022-07-13,True
4790,2028,Aria,Green,HS_REP,aria.green@thorntonschool.school.nz,023-360-4499,2020-02-29,True
4791,2031,Georgia,Johnston,PRINCIPAL,georgia.johnston@tirauprimarysch.school.nz,028-261-1729,2020-01-06,True
4792,2031,Paula,Stewart,SITE_MANAGER,paula.stewart@tirauprimarysch.school.nz,021-614-9389,2022-01-15,True
4793,2031,Max,Henderson,HS_REP,max.henderson@tirauprimarysch.school.nz,027-453-7262,2021-04-05,True
4794,2032,Wiremu,Young,PRINCIPAL,wiremu.young@tirohangaschool.school.nz,025-487-8384,2021-11-27,True
4795,2032,Georgia,Anderson,SITE_MANAGER,georgia.anderson@tirohangaschool.school.nz,024-707-8799,2022-02-19,True
4796,2032,James,Hill,HS_REP,james.hill@tirohangaschool.school.nz,025-344-2688,2021-03-19,True
4797,2032,Finn,Taylor,CARETAKER,finn.taylor@tirohangaschool.school.nz,023-326-5544,2021-04-07,True
4798,2033,Simon,Harawira,PRINCIPAL,simon.harawira@tirohiaschool.school.nz,025-156-6298,2021-08-04,True
4799,2033,Brooke,Rewi,SITE_MANAGER,brooke.rewi@tirohiaschool.school.nz,026-397-9982,2022-09-14,True
4800,2033,Max,Watson,HS_REP,max.watson@tirohiaschool.school.nz,024-251-8867,2020-09-21,True
4801,2035,Sarah,Baker,PRINCIPAL,sarah.baker@tokoroacentrals.school.nz,027-194-5486,2022-06-23,True
4802,2035,Matiu,Turner,SITE_MANAGER,matiu.turner@tokoroacentrals.school.nz,026-496-6577,2021-01-06,True
4803,2035,Hayley,Harris,HS_REP,hayley.harris@tokoroacentrals.school.nz,022-360-3762,2020-04-29,True
4804,2035,Scott,Lee,CARETAKER,scott.lee@tokoroacentrals.school.nz,021-170-4023,2021-07-17,True
4805,2037,Caleb,Mitchell,PRINCIPAL,caleb.mitchell@tokoroaintermed.school.nz,022-182-9579,2021-09-22,True
4806,2037,Caleb,Hall,SITE_MANAGER,caleb.hall@tokoroaintermed.school.nz,026-411-8385,2020-04-05,True
4807,2037,Ethan,Harris,HS_REP,ethan.harris@tokoroaintermed.school.nz,021-720-5090,2020-11-22,True
4808,2038,Grace,Johnston,PRINCIPAL,grace.johnston@tokoroanorthsch.school.nz,022-809-5012,2021-10-08,True
4809,2038,Kauri,Te Huia,SITE_MANAGER,kauri.te huia@tokoroanorthsch.school.nz,027-138-6295,2021-07-08,True
4810,2038,Sophie,Palmer,HS_REP,sophie.palmer@tokoroanorthsch.school.nz,022-690-4524,2020-07-29,True
4811,2038,Kylie,Scott,CARETAKER,kylie.scott@tokoroanorthsch.school.nz,022-883-8707,2021-08-23,True
4812,2040,Holly,Wong,PRINCIPAL,holly.wong@turakischool.school.nz,022-511-5840,2021-03-08,True
4813,2040,Kauri,Taylor,SITE_MANAGER,kauri.taylor@turakischool.school.nz,022-388-8948,2020-03-23,True
4814,2040,Amelia,Cooper,HS_REP,amelia.cooper@turakischool.school.nz,028-307-1108,2022-08-10,True
4815,2043,Michael,Anderson,PRINCIPAL,michael.anderson@turuaprimarysch.school.nz,028-431-4795,2021-02-22,True
4816,2043,Joanne,Green,SITE_MANAGER,joanne.green@turuaprimarysch.school.nz,028-571-4668,2021-12-14,True
4817,2043,Moana,Baker,HS_REP,moana.baker@turuaprimarysch.school.nz,022-177-1403,2020-01-30,True
4818,2043,Moana,Parker,CARETAKER,moana.parker@turuaprimarysch.school.nz,023-836-6071,2022-02-05,True
4819,2044,Grant,Thompson,PRINCIPAL,grant.thompson@upperatiamurisc.school.nz,028-976-6760,2022-07-11,True
4820,2044,Aroha,Clarke,SITE_MANAGER,aroha.clarke@upperatiamurisc.school.nz,021-624-7439,2022-03-19,True
4821,2044,Liam,Thompson,HS_REP,liam.thompson@upperatiamurisc.school.nz,025-709-4877,2020-10-16,True
4822,2045,Emma,Roberts,PRINCIPAL,emma.roberts@vardonschool.school.nz,028-598-2377,2020-04-09,True
4823,2045,Caleb,Robinson,SITE_MANAGER,caleb.robinson@vardonschool.school.nz,024-846-1653,2021-07-06,True
4824,2045,Hemi,Watson,HS_REP,hemi.watson@vardonschool.school.nz,023-653-2383,2020-07-17,True
4825,2045,Grace,Kim,CARETAKER,grace.kim@vardonschool.school.nz,023-482-3232,2022-02-18,True
4826,2046,Ryan,Campbell,PRINCIPAL,ryan.campbell@waerengaschool.school.nz,022-672-2982,2021-07-27,True
4827,2046,Ben,Tamati,SITE_MANAGER,ben.tamati@waerengaschool.school.nz,023-154-5469,2022-06-10,True
4828,2046,Ruby,Mahuta,HS_REP,ruby.mahuta@waerengaschool.school.nz,024-619-1698,2022-04-04,True
4829,2046,Maia,Gray,CARETAKER,maia.gray@waerengaschool.school.nz,027-551-1858,2022-02-18,True
4830,2047,Reuben,Young,PRINCIPAL,reuben.young@tekuraowaharoa.school.nz,026-281-8680,2021-06-15,True
4831,2047,Michael,Brown,SITE_MANAGER,michael.brown@tekuraowaharoa.school.nz,022-599-5996,2020-01-03,True
4832,2047,Mark,Campbell,HS_REP,mark.campbell@tekuraowaharoa.school.nz,021-438-4513,2021-02-25,True
4833,2048,Caleb,Parker,PRINCIPAL,caleb.parker@waihibeachschoo.school.nz,024-344-3969,2021-10-01,True
4834,2048,Sophie,Cooper,SITE_MANAGER,sophie.cooper@waihibeachschoo.school.nz,026-643-9927,2022-05-08,True
4835,2048,Ruby,Rewi,HS_REP,ruby.rewi@waihibeachschoo.school.nz,028-148-5122,2021-01-30,True
4836,2049,Emma,Palmer,PRINCIPAL,emma.palmer@waihieastschool.school.nz,023-153-6118,2022-02-15,True
4837,2049,Ryan,King,SITE_MANAGER,ryan.king@waihieastschool.school.nz,023-902-9878,2021-05-02,True
4838,2049,Matthew,Edwards,HS_REP,matthew.edwards@waihieastschool.school.nz,028-297-9352,2021-01-18,True
4839,2050,Chris,Clarke,PRINCIPAL,chris.clarke@waihicentralsch.school.nz,021-482-1987,2020-08-19,True
4840,2050,Anika,Murray,SITE_MANAGER,anika.murray@waihicentralsch.school.nz,027-904-8446,2020-02-06,True
4841,2050,Craig,Johnston,HS_REP,craig.johnston@waihicentralsch.school.nz,022-223-3498,2021-03-26,True
4842,2050,Aroha,Johnston,CARETAKER,aroha.johnston@waihicentralsch.school.nz,025-654-6790,2020-12-05,True
4843,2052,Michelle,King,PRINCIPAL,michelle.king@waikaretuschool.school.nz,025-935-8694,2021-08-13,True
4844,2052,Kaia,Thompson,SITE_MANAGER,kaia.thompson@waikaretuschool.school.nz,026-240-2926,2021-03-16,True
4845,2052,Charlotte,Singh,HS_REP,charlotte.singh@waikaretuschool.school.nz,026-250-5901,2022-04-25,True
4846,2052,Georgia,Kim,CARETAKER,georgia.kim@waikaretuschool.school.nz,021-297-5964,2021-07-16,True
4847,2054,Andrew,Bennett,PRINCIPAL,andrew.bennett@waikinoschool.school.nz,024-274-7046,2020-12-10,True
4848,2054,Moana,Parker,SITE_MANAGER,moana.parker@waikinoschool.school.nz,028-687-1094,2020-10-24,True
4849,2054,Holly,Johnston,HS_REP,holly.johnston@waikinoschool.school.nz,024-397-8615,2020-11-15,True
4850,2055,Joanne,Palmer,PRINCIPAL,joanne.palmer@waikitevalleysc.school.nz,028-685-9088,2022-05-20,True
4851,2055,Moana,Crawford,SITE_MANAGER,moana.crawford@waikitevalleysc.school.nz,022-900-9643,2020-10-15,True
4852,2055,Paula,Palmer,HS_REP,paula.palmer@waikitevalleysc.school.nz,024-605-9482,2021-12-25,True
4853,2057,Scott,Palmer,PRINCIPAL,scott.palmer@waimanaschool.school.nz,022-730-6871,2022-03-02,True
4854,2057,Max,Wong,SITE_MANAGER,max.wong@waimanaschool.school.nz,026-838-6301,2020-01-17,True
4855,2057,Aria,Gray,HS_REP,aria.gray@waimanaschool.school.nz,022-281-3840,2020-03-23,True
4856,2057,Matiu,Roberts,CARETAKER,matiu.roberts@waimanaschool.school.nz,027-604-6462,2021-05-05,True
4857,2058,Ben,Anderson,PRINCIPAL,ben.anderson@waimataschool.school.nz,026-388-8284,2020-08-07,True
4858,2058,Ihaia,Smith,SITE_MANAGER,ihaia.smith@waimataschool.school.nz,023-834-5155,2021-09-07,True
4859,2058,Olivia,Anderson,HS_REP,olivia.anderson@waimataschool.school.nz,027-130-4218,2020-01-29,True
4860,2060,Anika,Baker,PRINCIPAL,anika.baker@waingaroschool.school.nz,026-947-9978,2021-02-27,True
4861,2060,Stacey,Edwards,SITE_MANAGER,stacey.edwards@waingaroschool.school.nz,025-273-8184,2021-11-11,True
4862,2060,Mason,Clarke,HS_REP,mason.clarke@waingaroschool.school.nz,023-684-8868,2021-01-08,True
4863,2060,Rachel,Russell,CARETAKER,rachel.russell@waingaroschool.school.nz,026-632-3830,2021-04-22,True
4864,2061,Donna,Nguyen,PRINCIPAL,donna.nguyen@tekuraowaioweka.school.nz,028-148-3993,2021-11-13,True
4865,2061,Aroha,Gray,SITE_MANAGER,aroha.gray@tekuraowaioweka.school.nz,027-493-1677,2022-01-31,True
4866,2061,Amber,Kim,HS_REP,amber.kim@tekuraowaioweka.school.nz,024-759-1742,2020-10-06,True
4867,2062,Tracey,Robinson,PRINCIPAL,tracey.robinson@tekuramāoriāroh.school.nz,023-840-8157,2020-11-01,True
4868,2062,Simon,Hamilton,SITE_MANAGER,simon.hamilton@tekuramāoriāroh.school.nz,022-751-1261,2021-08-30,True
4869,2062,Max,White,HS_REP,max.white@tekuramāoriāroh.school.nz,028-113-7691,2022-01-25,True
4870,2062,Charlotte,Wilson,CARETAKER,charlotte.wilson@tekuramāoriāroh.school.nz,023-405-2459,2020-08-22,True
4871,2063,Moana,Parker,PRINCIPAL,moana.parker@waiotahevalleys.school.nz,027-454-8358,2022-09-04,True
4872,2063,Nicola,Watson,SITE_MANAGER,nicola.watson@waiotahevalleys.school.nz,023-735-7303,2020-01-20,True
4873,2063,Kylie,Anderson,HS_REP,kylie.anderson@waiotahevalleys.school.nz,023-218-2703,2021-11-12,True
4874,2063,Karen,Taukiri,CARETAKER,karen.taukiri@waiotahevalleys.school.nz,024-607-3468,2020-02-21,True
4875,2064,Donna,Collins,PRINCIPAL,donna.collins@waipaschool.school.nz,028-597-8822,2020-05-31,True
4876,2064,Kaia,Baker,SITE_MANAGER,kaia.baker@waipaschool.school.nz,027-691-8893,2020-10-15,True
4877,2064,Matiu,Hill,HS_REP,matiu.hill@waipaschool.school.nz,023-769-3354,2020-10-19,True
4878,2064,Nikau,Gallagher,CARETAKER,nikau.gallagher@waipaschool.school.nz,024-789-4092,2022-05-09,True
4879,2065,Craig,Johnston,PRINCIPAL,craig.johnston@waipahihischool.school.nz,024-672-2696,2022-09-21,True
4880,2065,Kylie,Gray,SITE_MANAGER,kylie.gray@waipahihischool.school.nz,027-418-7410,2021-02-03,True
4881,2065,David,Scott,HS_REP,david.scott@waipahihischool.school.nz,021-936-3385,2021-07-29,True
4882,2066,Mason,Cooper,PRINCIPAL,mason.cooper@wairakeischool.school.nz,022-184-4097,2022-02-05,True
4883,2066,Freya,Fitzgerald,SITE_MANAGER,freya.fitzgerald@wairakeischool.school.nz,022-474-9723,2021-06-15,True
4884,2066,Michael,Tamati,HS_REP,michael.tamati@wairakeischool.school.nz,026-836-6612,2021-01-23,True
4885,2066,James,Burns,CARETAKER,james.burns@wairakeischool.school.nz,021-648-3557,2022-03-22,True
4886,2068,Moana,Tamati,PRINCIPAL,moana.tamati@tekuraowaitahan.school.nz,021-807-5946,2020-12-24,True
4887,2068,Stacey,Palmer,SITE_MANAGER,stacey.palmer@tekuraowaitahan.school.nz,028-953-7025,2022-04-30,True
4888,2068,Ethan,Tamati,HS_REP,ethan.tamati@tekuraowaitahan.school.nz,026-888-5632,2020-11-19,True
4889,2069,Sam,Henare,PRINCIPAL,sam.henare@waitakaruruscho.school.nz,024-586-7000,2021-12-06,True
4890,2069,Mason,Hill,SITE_MANAGER,mason.hill@waitakaruruscho.school.nz,023-618-3217,2020-01-01,True
4891,2069,Isla,Campbell,HS_REP,isla.campbell@waitakaruruscho.school.nz,022-957-3787,2022-06-20,True
4892,2071,Mere,Wong,PRINCIPAL,mere.wong@waitetunaschool.school.nz,023-617-5708,2021-03-15,True
4893,2071,Georgia,Smith,SITE_MANAGER,georgia.smith@waitetunaschool.school.nz,021-685-5016,2021-06-12,True
4894,2071,Tia,Fitzgerald,HS_REP,tia.fitzgerald@waitetunaschool.school.nz,026-761-1391,2020-04-15,True
4895,2071,Mark,Mitchell,CARETAKER,mark.mitchell@waitetunaschool.school.nz,025-318-9929,2021-08-07,True
4896,2073,Aria,Nguyen,PRINCIPAL,aria.nguyen@waitomocavessch.school.nz,028-201-9101,2020-08-23,True
4897,2073,Josh,Henderson,SITE_MANAGER,josh.henderson@waitomocavessch.school.nz,022-421-6929,2020-10-07,True
4898,2073,Ruby,Russell,HS_REP,ruby.russell@waitomocavessch.school.nz,028-743-8092,2022-06-28,True
4899,2074,Georgia,Brown,PRINCIPAL,georgia.brown@waltonschool.school.nz,026-551-6354,2020-12-16,True
4900,2074,Stacey,Bennett,SITE_MANAGER,stacey.bennett@waltonschool.school.nz,028-974-3087,2022-06-25,True
4901,2074,Isla,Martin,HS_REP,isla.martin@waltonschool.school.nz,025-860-9544,2021-03-06,True
4902,2074,Georgia,Baker,CARETAKER,georgia.baker@waltonschool.school.nz,023-374-7980,2021-12-27,True
4903,2075,Noah,Crawford,PRINCIPAL,noah.crawford@wairereschool.school.nz,027-266-7826,2022-09-07,True
4904,2075,Josh,Kim,SITE_MANAGER,josh.kim@wairereschool.school.nz,023-616-5637,2020-07-30,True
4905,2075,Michael,Mahuta,HS_REP,michael.mahuta@wairereschool.school.nz,026-898-7400,2020-12-03,True
4906,2076,Mere,Watson,PRINCIPAL,mere.watson@welcomebayschoo.school.nz,026-666-2832,2020-07-07,True
4907,2076,Sarah,Smith,SITE_MANAGER,sarah.smith@welcomebayschoo.school.nz,024-319-2651,2021-02-22,True
4908,2076,Sarah,Henare,HS_REP,sarah.henare@welcomebayschoo.school.nz,027-930-5989,2020-04-19,True
4909,2076,Emma,Parker,CARETAKER,emma.parker@welcomebayschoo.school.nz,022-534-1241,2021-07-18,True
4910,2077,Nicola,Wright,PRINCIPAL,nicola.wright@westbrookschool.school.nz,028-502-1117,2021-10-20,True
4911,2077,Luke,Baker,SITE_MANAGER,luke.baker@westbrookschool.school.nz,021-634-3388,2021-05-27,True
4912,2077,Shane,Robinson,HS_REP,shane.robinson@westbrookschool.school.nz,025-636-9538,2021-06-15,True
4913,2077,David,Turner,CARETAKER,david.turner@westbrookschool.school.nz,028-414-8050,2021-05-08,True
4914,2078,Ethan,Fitzgerald,PRINCIPAL,ethan.fitzgerald@westernheightsp.school.nz,025-513-3375,2021-04-05,True
4915,2078,Noah,Mitchell,SITE_MANAGER,noah.mitchell@westernheightsp.school.nz,021-450-1068,2021-02-25,True
4916,2078,Ihaia,Singh,HS_REP,ihaia.singh@westernheightsp.school.nz,028-422-4954,2021-04-05,True
4917,2078,Sophie,Lee,CARETAKER,sophie.lee@westernheightsp.school.nz,024-240-8710,2022-04-23,True
4918,2079,Georgia,Williams,PRINCIPAL,georgia.williams@whakamaramascho.school.nz,021-969-5017,2021-03-17,True
4919,2079,Max,Turner,SITE_MANAGER,max.turner@whakamaramascho.school.nz,026-547-5493,2020-04-18,True
4920,2079,Ethan,Russell,HS_REP,ethan.russell@whakamaramascho.school.nz,027-943-5004,2021-11-02,True
4921,2080,Hemi,Clarke,PRINCIPAL,hemi.clarke@whakamaruschool.school.nz,026-474-9490,2020-12-27,True
4922,2080,Hayley,Chen,SITE_MANAGER,hayley.chen@whakamaruschool.school.nz,021-959-8514,2022-08-20,True
4923,2080,James,Edwards,HS_REP,james.edwards@whakamaruschool.school.nz,024-286-8498,2021-04-30,True
4924,2080,Noah,Mahuta,CARETAKER,noah.mahuta@whakamaruschool.school.nz,021-807-7652,2021-12-07,True
4925,2081,Luke,Hill,PRINCIPAL,luke.hill@whakarewarewasc.school.nz,025-814-9777,2022-08-10,True
4926,2081,Ryan,Singh,SITE_MANAGER,ryan.singh@whakarewarewasc.school.nz,023-142-2536,2020-10-04,True
4927,2081,Noah,Taukiri,HS_REP,noah.taukiri@whakarewarewasc.school.nz,028-532-8260,2020-11-24,True
4928,2081,Ruby,Rewi,CARETAKER,ruby.rewi@whakarewarewasc.school.nz,024-249-2368,2022-08-03,True
4929,2082,Jessica,Taukiri,PRINCIPAL,jessica.taukiri@whakataneinterm.school.nz,024-746-5481,2020-09-10,True
4930,2082,Simon,King,SITE_MANAGER,simon.king@whakataneinterm.school.nz,026-882-7002,2020-12-11,True
4931,2082,Stacey,Robinson,HS_REP,stacey.robinson@whakataneinterm.school.nz,021-704-6199,2021-11-19,True
4932,2083,Lisa,Morgan,PRINCIPAL,lisa.morgan@whangamarinosch.school.nz,026-811-6975,2022-04-08,True
4933,2083,Stacey,Harawira,SITE_MANAGER,stacey.harawira@whangamarinosch.school.nz,025-744-8111,2022-07-03,True
4934,2083,Rawiri,Wilson,HS_REP,rawiri.wilson@whangamarinosch.school.nz,021-419-6944,2021-10-31,True
4935,2084,Ethan,Henderson,PRINCIPAL,ethan.henderson@tekuramanamāori.school.nz,021-241-8470,2021-02-03,True
4936,2084,Maia,Collins,SITE_MANAGER,maia.collins@tekuramanamāori.school.nz,026-182-1720,2020-10-11,True
4937,2084,Liam,Tamati,HS_REP,liam.tamati@tekuramanamāori.school.nz,021-450-9519,2022-07-21,True
4938,2084,Stacey,Kumar,CARETAKER,stacey.kumar@tekuramanamāori.school.nz,021-871-1365,2020-03-27,True
4939,2085,Nathan,Green,PRINCIPAL,nathan.green@acgparnellcolle.school.nz,021-281-8384,2020-05-08,True
4940,2085,Joanne,Hamilton,SITE_MANAGER,joanne.hamilton@acgparnellcolle.school.nz,023-305-5474,2020-06-02,True
4941,2085,David,Jones,HS_REP,david.jones@acgparnellcolle.school.nz,021-775-9057,2021-03-05,True
4942,2085,Holly,Hill,CARETAKER,holly.hill@acgparnellcolle.school.nz,026-164-3383,2021-01-03,True
4943,2086,Tia,Robinson,PRINCIPAL,tia.robinson@wharepapasouths.school.nz,024-676-5113,2020-04-15,True
4944,2086,Max,Gray,SITE_MANAGER,max.gray@wharepapasouths.school.nz,027-654-5568,2022-04-27,True
4945,2086,Nathan,Chen,HS_REP,nathan.chen@wharepapasouths.school.nz,023-798-2979,2020-08-30,True
4946,2086,Michael,Johnston,CARETAKER,michael.johnston@wharepapasouths.school.nz,024-793-3109,2021-02-02,True
4947,2087,Rachel,Mitchell,PRINCIPAL,rachel.mitchell@whatawhataschoo.school.nz,027-317-5422,2021-03-11,True
4948,2087,Luke,Robinson,SITE_MANAGER,luke.robinson@whatawhataschoo.school.nz,024-321-2898,2022-02-14,True
4949,2087,Kaia,Turner,HS_REP,kaia.turner@whatawhataschoo.school.nz,025-662-6258,2020-01-25,True
4950,2087,Shane,Chen,CARETAKER,shane.chen@whatawhataschoo.school.nz,026-850-1148,2022-03-18,True
4951,2088,Aria,Hill,PRINCIPAL,aria.hill@whenuakiteschoo.school.nz,027-432-3125,2020-12-01,True
4952,2088,Matthew,Hamilton,SITE_MANAGER,matthew.hamilton@whenuakiteschoo.school.nz,026-292-2704,2021-01-14,True
4953,2088,Rachel,Lee,HS_REP,rachel.lee@whenuakiteschoo.school.nz,021-519-4205,2022-02-06,True
4954,2088,Sam,Johnston,CARETAKER,sam.johnston@whenuakiteschoo.school.nz,022-982-3888,2021-11-16,True
4955,2090,Liam,Henderson,PRINCIPAL,liam.henderson@whitikahuschool.school.nz,024-298-8557,2022-03-14,True
4956,2090,Tane,Gallagher,SITE_MANAGER,tane.gallagher@whitikahuschool.school.nz,028-363-9631,2021-09-05,True
4957,2090,Karen,Williams,HS_REP,karen.williams@whitikahuschool.school.nz,024-781-3965,2022-03-04,True
4958,2090,Sophie,Patel,CARETAKER,sophie.patel@whitikahuschool.school.nz,027-104-9644,2021-09-17,True
4959,2091,Michelle,Lee,PRINCIPAL,michelle.lee@whitioraschool.school.nz,028-180-5856,2021-11-30,True
4960,2091,Tane,Walker,SITE_MANAGER,tane.walker@whitioraschool.school.nz,023-469-1823,2021-01-25,True
4961,2091,Josh,Parker,HS_REP,josh.parker@whitioraschool.school.nz,021-889-7173,2022-06-02,True
4962,2091,Sarah,Turner,CARETAKER,sarah.turner@whitioraschool.school.nz,023-318-9832,2022-02-24,True
4963,2092,Finn,Green,PRINCIPAL,finn.green@woodlandsschool.school.nz,023-472-2381,2021-12-03,True
4964,2092,Nicola,Morgan,SITE_MANAGER,nicola.morgan@woodlandsschool.school.nz,025-191-2240,2022-01-04,True
4965,2092,Craig,Clarke,HS_REP,craig.clarke@woodlandsschool.school.nz,027-441-5819,2021-12-07,True
4966,2093,Finn,Wong,PRINCIPAL,finn.wong@woodstockschool.school.nz,027-827-7825,2021-09-13,True
4967,2093,Finn,Fitzgerald,SITE_MANAGER,finn.fitzgerald@woodstockschool.school.nz,022-628-9828,2020-03-10,True
4968,2093,Finn,Taukiri,HS_REP,finn.taukiri@woodstockschool.school.nz,026-509-4065,2021-07-24,True
4969,2093,Karen,Singh,CARETAKER,karen.singh@woodstockschool.school.nz,028-901-2262,2020-03-23,True
4970,2094,Aria,Wilson,PRINCIPAL,aria.wilson@mariancatholics.school.nz,028-720-4469,2022-08-16,True
4971,2094,Wiremu,Murray,SITE_MANAGER,wiremu.murray@mariancatholics.school.nz,027-527-2354,2020-08-30,True
4972,2094,Grant,Gray,HS_REP,grant.gray@mariancatholics.school.nz,026-325-1190,2022-01-29,True
4973,2095,Scott,Hill,PRINCIPAL,scott.hill@kapongaschool.school.nz,028-753-5125,2020-10-05,True
4974,2095,Tracey,Thompson,SITE_MANAGER,tracey.thompson@kapongaschool.school.nz,027-656-7670,2020-04-05,True
4975,2095,Amber,Brown,HS_REP,amber.brown@kapongaschool.school.nz,026-496-8308,2021-01-10,True
4976,2096,Scott,Robinson,PRINCIPAL,scott.robinson@crawshawschool.school.nz,023-695-7809,2022-06-14,True
4977,2096,Matiu,Taylor,SITE_MANAGER,matiu.taylor@crawshawschool.school.nz,025-754-7498,2021-06-14,True
4978,2096,Aroha,Wong,HS_REP,aroha.wong@crawshawschool.school.nz,021-907-6300,2022-04-05,True
4979,2096,Georgia,Parker,CARETAKER,georgia.parker@crawshawschool.school.nz,021-255-6917,2021-06-24,True
4980,2097,Joanne,Burns,PRINCIPAL,joanne.burns@manaiaschool(ta.school.nz,023-379-2506,2022-06-04,True
4981,2097,Kauri,Cooper,SITE_MANAGER,kauri.cooper@manaiaschool(ta.school.nz,026-500-1426,2021-03-31,True
4982,2097,Hayley,Young,HS_REP,hayley.young@manaiaschool(ta.school.nz,028-406-9922,2020-07-08,True
4983,2098,Holly,Edwards,PRINCIPAL,holly.edwards@matapuschool.school.nz,021-461-8816,2020-01-28,True
4984,2098,Zara,Thompson,SITE_MANAGER,zara.thompson@matapuschool.school.nz,025-893-3372,2021-08-01,True
4985,2098,Mason,Clarke,HS_REP,mason.clarke@matapuschool.school.nz,021-994-7110,2022-05-08,True
4986,2098,Tane,Mitchell,CARETAKER,tane.mitchell@matapuschool.school.nz,024-875-8705,2020-12-04,True
4987,2099,Reuben,Kim,PRINCIPAL,reuben.kim@trenthamschool.school.nz,021-813-1476,2022-01-06,True
4988,2099,Sophie,Nguyen,SITE_MANAGER,sophie.nguyen@trenthamschool.school.nz,023-460-8879,2022-03-28,True
4989,2099,Michelle,Clarke,HS_REP,michelle.clarke@trenthamschool.school.nz,024-347-6655,2020-09-23,True
4990,2100,Kylie,Fraser,PRINCIPAL,kylie.fraser@koraunuischool.school.nz,021-555-5973,2022-05-02,True
4991,2100,Reuben,Morgan,SITE_MANAGER,reuben.morgan@koraunuischool.school.nz,025-354-2589,2022-07-26,True
4992,2100,Mark,Mitchell,HS_REP,mark.mitchell@koraunuischool.school.nz,028-605-4764,2020-03-15,True
4993,2100,Rachel,Johnston,CARETAKER,rachel.johnston@koraunuischool.school.nz,025-664-2043,2021-02-09,True
4994,2101,Sarah,Rewi,PRINCIPAL,sarah.rewi@tautoroschool.school.nz,027-511-1317,2020-08-27,True
4995,2101,Jack,Williams,SITE_MANAGER,jack.williams@tautoroschool.school.nz,026-906-6548,2020-09-21,True
4996,2101,Hayley,Harawira,HS_REP,hayley.harawira@tautoroschool.school.nz,028-221-5706,2020-01-15,True
4997,2101,James,Campbell,CARETAKER,james.campbell@tautoroschool.school.nz,024-527-4495,2020-01-12,True
4998,2102,Donna,Baker,PRINCIPAL,donna.baker@maromakuschool.school.nz,027-410-6914,2021-07-01,True
4999,2102,Freya,Gray,SITE_MANAGER,freya.gray@maromakuschool.school.nz,024-262-3766,2020-06-07,True
5000,2102,Aria,Young,HS_REP,aria.young@maromakuschool.school.nz,021-684-9156,2022-03-10,True
5001,2103,Jessica,Jones,PRINCIPAL,jessica.jones@moerewaschool.school.nz,025-824-8847,2022-08-05,True
5002,2103,Shane,Harris,SITE_MANAGER,shane.harris@moerewaschool.school.nz,028-749-6105,2020-03-02,True
5003,2103,Andrew,Williams,HS_REP,andrew.williams@moerewaschool.school.nz,027-722-9326,2020-11-08,True
5004,2103,Grace,Henderson,CARETAKER,grace.henderson@moerewaschool.school.nz,024-310-8313,2020-11-20,True
5005,2104,Kaia,Henderson,PRINCIPAL,kaia.henderson@tkkmotaumarere.school.nz,024-910-3116,2020-12-02,True
5006,2104,Nicola,Tamati,SITE_MANAGER,nicola.tamati@tkkmotaumarere.school.nz,024-201-2491,2020-10-30,True
5007,2104,Nicola,Mitchell,HS_REP,nicola.mitchell@tkkmotaumarere.school.nz,024-732-2000,2020-06-18,True
5008,2105,Charlotte,Collins,PRINCIPAL,charlotte.collins@awahonoschool-g.school.nz,024-996-6378,2022-01-31,True
5009,2105,Simon,Young,SITE_MANAGER,simon.young@awahonoschool-g.school.nz,027-313-3474,2020-09-09,True
5010,2105,Olivia,Brown,HS_REP,olivia.brown@awahonoschool-g.school.nz,022-132-2693,2021-01-11,True
5011,2106,Aroha,Mahuta,PRINCIPAL,aroha.mahuta@paparoarangesch.school.nz,025-269-6521,2022-06-29,True
5012,2106,Grant,Henderson,SITE_MANAGER,grant.henderson@paparoarangesch.school.nz,023-106-3863,2021-11-01,True
5013,2106,Joanne,Thompson,HS_REP,joanne.thompson@paparoarangesch.school.nz,026-578-5160,2022-09-11,True
5014,2106,Simon,Wong,CARETAKER,simon.wong@paparoarangesch.school.nz,021-686-4282,2021-08-02,True
5015,2107,Olivia,Tamati,PRINCIPAL,olivia.tamati@geraldineprimar.school.nz,021-980-8043,2022-07-28,True
5016,2107,Michelle,Turner,SITE_MANAGER,michelle.turner@geraldineprimar.school.nz,023-813-7381,2022-03-01,True
5017,2107,Daniel,Stewart,HS_REP,daniel.stewart@geraldineprimar.school.nz,026-256-5986,2020-08-27,True
5018,2108,Freya,Jones,PRINCIPAL,freya.jones@winchesterrural.school.nz,026-963-5365,2020-07-26,True
5019,2108,Josh,King,SITE_MANAGER,josh.king@winchesterrural.school.nz,024-764-6410,2020-03-17,True
5020,2108,Caleb,Singh,HS_REP,caleb.singh@winchesterrural.school.nz,023-450-6921,2020-01-11,True
5021,2108,Amelia,King,CARETAKER,amelia.king@winchesterrural.school.nz,026-485-5426,2022-03-08,True
5022,2109,Ruby,Thompson,PRINCIPAL,ruby.thompson@temukaprimarysc.school.nz,025-286-2200,2021-05-31,True
5023,2109,Mere,Harawira,SITE_MANAGER,mere.harawira@temukaprimarysc.school.nz,028-142-4724,2022-08-25,True
5024,2109,Zara,Parker,HS_REP,zara.parker@temukaprimarysc.school.nz,021-825-3681,2020-10-11,True
5025,2110,Jack,Fitzgerald,PRINCIPAL,jack.fitzgerald@oceanviewheight.school.nz,026-692-6245,2021-02-26,True
5026,2110,Luke,Martin,SITE_MANAGER,luke.martin@oceanviewheight.school.nz,023-911-2858,2021-10-20,True
5027,2110,Isla,Henare,HS_REP,isla.henare@oceanviewheight.school.nz,027-404-4060,2022-01-13,True
5028,2111,Freya,Kumar,PRINCIPAL,freya.kumar@grantleadownssc.school.nz,022-739-7816,2020-11-04,True
5029,2111,Kylie,Harawira,SITE_MANAGER,kylie.harawira@grantleadownssc.school.nz,025-949-8783,2020-06-06,True
5030,2111,Brooke,Wilson,HS_REP,brooke.wilson@grantleadownssc.school.nz,022-725-4764,2020-11-09,True
5031,2111,Matthew,Collins,CARETAKER,matthew.collins@grantleadownssc.school.nz,024-565-7257,2022-08-28,True
5032,2112,James,Singh,PRINCIPAL,james.singh@bartonruralscho.school.nz,022-540-6082,2020-07-21,True
5033,2112,Simon,Taukiri,SITE_MANAGER,simon.taukiri@bartonruralscho.school.nz,027-870-4031,2020-12-31,True
5034,2112,Freya,Edwards,HS_REP,freya.edwards@bartonruralscho.school.nz,025-268-2626,2021-11-04,True
5035,2112,Zara,Anderson,CARETAKER,zara.anderson@bartonruralscho.school.nz,021-351-5585,2020-09-02,True
5036,2113,Amber,Singh,PRINCIPAL,amber.singh@bluestoneschool.school.nz,028-848-7302,2021-05-20,True
5037,2113,Karen,Campbell,SITE_MANAGER,karen.campbell@bluestoneschool.school.nz,027-256-3481,2020-10-16,True
5038,2113,James,Wright,HS_REP,james.wright@bluestoneschool.school.nz,027-373-5247,2020-10-09,True
5039,2113,Max,Gallagher,CARETAKER,max.gallagher@bluestoneschool.school.nz,021-416-4469,2021-12-11,True
5040,2114,Wiremu,Fitzgerald,PRINCIPAL,wiremu.fitzgerald@beaconsfieldsch.school.nz,022-715-6149,2022-08-28,True
5041,2114,Jessica,Campbell,SITE_MANAGER,jessica.campbell@beaconsfieldsch.school.nz,027-163-9900,2022-08-31,True
5042,2114,Ruby,Russell,HS_REP,ruby.russell@beaconsfieldsch.school.nz,024-339-7311,2021-02-06,True
5043,2115,Freya,Fitzgerald,PRINCIPAL,freya.fitzgerald@timarusouthscho.school.nz,024-219-2124,2021-04-15,True
5044,2115,Ben,Singh,SITE_MANAGER,ben.singh@timarusouthscho.school.nz,027-579-6726,2022-02-04,True
5045,2115,Josh,Cooper,HS_REP,josh.cooper@timarusouthscho.school.nz,026-558-1917,2022-07-08,True
5046,2116,Mason,Anderson,PRINCIPAL,mason.anderson@newriverprimary.school.nz,025-275-4552,2022-07-17,True
5047,2116,Ryan,Roberts,SITE_MANAGER,ryan.roberts@newriverprimary.school.nz,025-745-4423,2022-08-16,True
5048,2116,Daniel,Gray,HS_REP,daniel.gray@newriverprimary.school.nz,022-521-4767,2021-03-12,True
5049,2116,Donna,Taukiri,CARETAKER,donna.taukiri@newriverprimary.school.nz,027-215-3719,2021-06-30,True
5050,2117,Lisa,Patel,PRINCIPAL,lisa.patel@fernworthprimar.school.nz,026-660-9677,2021-03-09,True
5051,2117,Sam,Hill,SITE_MANAGER,sam.hill@fernworthprimar.school.nz,027-105-8977,2020-01-18,True
5052,2117,Isla,Smith,HS_REP,isla.smith@fernworthprimar.school.nz,026-863-7162,2020-08-28,True
5053,2117,Amelia,Russell,CARETAKER,amelia.russell@fernworthprimar.school.nz,028-847-7226,2021-02-09,True
5054,2118,Paula,Te Huia,PRINCIPAL,paula.te huia@newfieldparksch.school.nz,022-757-3819,2021-02-11,True
5055,2118,Mark,Clarke,SITE_MANAGER,mark.clarke@newfieldparksch.school.nz,028-206-8348,2021-11-16,True
5056,2118,Amber,White,HS_REP,amber.white@newfieldparksch.school.nz,022-594-9195,2021-08-02,True
5057,2119,Charlotte,Roberts,PRINCIPAL,charlotte.roberts@donovanprimarys.school.nz,028-956-8932,2021-01-09,True
5058,2119,Ihaia,Parker,SITE_MANAGER,ihaia.parker@donovanprimarys.school.nz,021-248-6764,2021-02-13,True
5059,2119,Reuben,Edwards,HS_REP,reuben.edwards@donovanprimarys.school.nz,027-663-4751,2022-01-29,True
5060,2119,Nathan,Harawira,CARETAKER,nathan.harawira@donovanprimarys.school.nz,028-887-3427,2022-07-21,True
5061,2120,Maia,Cooper,PRINCIPAL,maia.cooper@bluffschool.school.nz,028-915-1877,2020-04-25,True
5062,2120,Liam,Roberts,SITE_MANAGER,liam.roberts@bluffschool.school.nz,025-597-6794,2021-05-03,True
5063,2120,Moana,Stewart,HS_REP,moana.stewart@bluffschool.school.nz,022-517-9882,2022-01-01,True
5064,2120,Wiremu,Thompson,CARETAKER,wiremu.thompson@bluffschool.school.nz,021-224-8318,2021-09-30,True
5065,2123,Maia,Thompson,PRINCIPAL,maia.thompson@lakebrunnerscho.school.nz,024-925-2100,2020-01-08,True
5066,2123,Moana,Bennett,SITE_MANAGER,moana.bennett@lakebrunnerscho.school.nz,024-834-9875,2020-01-08,True
5067,2123,Holly,Burns,HS_REP,holly.burns@lakebrunnerscho.school.nz,027-311-2800,2022-06-10,True
5068,2123,Karen,Martin,CARETAKER,karen.martin@lakebrunnerscho.school.nz,021-678-9997,2021-12-13,True
5069,2150,Kylie,Henare,PRINCIPAL,kylie.henare@ahititischool.school.nz,024-526-8352,2022-09-25,True
5070,2150,Hayley,Brown,SITE_MANAGER,hayley.brown@ahititischool.school.nz,026-608-8127,2021-02-11,True
5071,2150,Simon,Brown,HS_REP,simon.brown@ahititischool.school.nz,028-306-7924,2022-01-01,True
5072,2152,Liam,Jones,PRINCIPAL,liam.jones@auroaschool.school.nz,024-264-3221,2022-05-08,True
5073,2152,Simon,Crawford,SITE_MANAGER,simon.crawford@auroaschool.school.nz,028-745-8891,2020-06-18,True
5074,2152,Jessica,Fitzgerald,HS_REP,jessica.fitzgerald@auroaschool.school.nz,027-155-6397,2020-10-30,True
5075,2152,Craig,Smith,CARETAKER,craig.smith@auroaschool.school.nz,021-666-3521,2021-06-11,True
5076,2153,Rawiri,Fraser,PRINCIPAL,rawiri.fraser@avonschool.school.nz,027-417-8154,2022-03-14,True
5077,2153,Ihaia,Kim,SITE_MANAGER,ihaia.kim@avonschool.school.nz,025-521-2307,2022-08-23,True
5078,2153,Wiremu,Wright,HS_REP,wiremu.wright@avonschool.school.nz,023-768-8826,2022-02-07,True
5079,2157,Matiu,Lee,PRINCIPAL,matiu.lee@bellblockschool.school.nz,028-417-3443,2021-05-19,True
5080,2157,Isla,Harawira,SITE_MANAGER,isla.harawira@bellblockschool.school.nz,021-119-4117,2020-03-04,True
5081,2157,Wiremu,Turner,HS_REP,wiremu.turner@bellblockschool.school.nz,027-263-2758,2020-01-28,True
5082,2160,Hemi,Fitzgerald,PRINCIPAL,hemi.fitzgerald@centralschoolte.school.nz,026-220-6523,2021-01-28,True
5083,2160,Jack,Baker,SITE_MANAGER,jack.baker@centralschoolte.school.nz,025-784-7644,2022-05-04,True
5084,2160,Aroha,Crawford,HS_REP,aroha.crawford@centralschoolte.school.nz,025-603-5629,2021-08-22,True
5085,2160,Kaia,Crawford,CARETAKER,kaia.crawford@centralschoolte.school.nz,021-618-8662,2020-03-13,True
5086,2161,Kauri,Nguyen,PRINCIPAL,kauri.nguyen@devonintermedia.school.nz,028-610-7829,2020-07-16,True
5087,2161,Noah,Anderson,SITE_MANAGER,noah.anderson@devonintermedia.school.nz,024-775-5854,2021-06-13,True
5088,2161,Lisa,Taylor,HS_REP,lisa.taylor@devonintermedia.school.nz,021-764-5402,2021-11-11,True
5089,2164,Ethan,Russell,PRINCIPAL,ethan.russell@egmontvillagesc.school.nz,027-880-7753,2020-07-04,True
5090,2164,Liam,Wright,SITE_MANAGER,liam.wright@egmontvillagesc.school.nz,024-637-6595,2021-12-17,True
5091,2164,Kauri,Singh,HS_REP,kauri.singh@egmontvillagesc.school.nz,023-190-3766,2021-05-01,True
5092,2164,Paula,Taylor,CARETAKER,paula.taylor@egmontvillagesc.school.nz,027-220-6330,2020-07-30,True
5093,2165,Luke,Watson,PRINCIPAL,luke.watson@elthamschool.school.nz,022-609-7002,2020-06-06,True
5094,2165,Kauri,Baker,SITE_MANAGER,kauri.baker@elthamschool.school.nz,025-848-3982,2020-03-06,True
5095,2165,Maia,King,HS_REP,maia.king@elthamschool.school.nz,023-848-8635,2020-12-18,True
5096,2165,Andrew,Smith,CARETAKER,andrew.smith@elthamschool.school.nz,025-870-5903,2020-08-24,True
5097,2167,Amelia,Turner,PRINCIPAL,amelia.turner@fitzroyschool.school.nz,025-844-3481,2020-01-16,True
5098,2167,Caleb,Kumar,SITE_MANAGER,caleb.kumar@fitzroyschool.school.nz,021-837-9726,2022-04-29,True
5099,2167,James,Young,HS_REP,james.young@fitzroyschool.school.nz,022-982-8554,2021-11-06,True
5100,2167,Tane,Mahuta,CARETAKER,tane.mahuta@fitzroyschool.school.nz,021-670-8229,2020-02-08,True
5101,2168,Sophie,Williams,PRINCIPAL,sophie.williams@frankleyschool.school.nz,025-514-5207,2020-12-10,True
5102,2168,Tia,King,SITE_MANAGER,tia.king@frankleyschool.school.nz,028-541-6466,2022-07-03,True
5103,2168,Ryan,Hall,HS_REP,ryan.hall@frankleyschool.school.nz,025-320-2593,2021-07-24,True
5104,2171,David,Hall,PRINCIPAL,david.hall@hāweraprimarysc.school.nz,027-133-1168,2022-02-04,True
5105,2171,Jessica,Cooper,SITE_MANAGER,jessica.cooper@hāweraprimarysc.school.nz,027-924-9622,2020-02-06,True
5106,2171,Ryan,Murray,HS_REP,ryan.murray@hāweraprimarysc.school.nz,024-515-4056,2020-11-07,True
5107,2171,Grant,Parker,CARETAKER,grant.parker@hāweraprimarysc.school.nz,025-587-8935,2020-03-09,True
5108,2172,Luke,Taylor,PRINCIPAL,luke.taylor@highlandsinterm.school.nz,021-684-2874,2022-03-09,True
5109,2172,Noah,White,SITE_MANAGER,noah.white@highlandsinterm.school.nz,024-973-7241,2022-05-12,True
5110,2172,Paula,Morgan,HS_REP,paula.morgan@highlandsinterm.school.nz,022-727-5805,2020-02-25,True
5111,2173,Aroha,Wilson,PRINCIPAL,aroha.wilson@huiakamaschool.school.nz,023-826-2443,2021-01-20,True
5112,2173,Aria,Gallagher,SITE_MANAGER,aria.gallagher@huiakamaschool.school.nz,024-415-8458,2020-09-13,True
5113,2173,Rawiri,Patel,HS_REP,rawiri.patel@huiakamaschool.school.nz,027-663-4301,2021-07-16,True
5114,2175,Jessica,Taukiri,PRINCIPAL,jessica.taukiri@huirangischool.school.nz,025-285-6022,2021-12-27,True
5115,2175,Simon,Clarke,SITE_MANAGER,simon.clarke@huirangischool.school.nz,027-723-2474,2020-11-12,True
5116,2175,Freya,Tamati,HS_REP,freya.tamati@huirangischool.school.nz,025-560-3982,2022-09-15,True
5117,2177,Ben,King,PRINCIPAL,ben.king@inglewoodprimar.school.nz,026-324-5454,2022-04-08,True
5118,2177,Nathan,White,SITE_MANAGER,nathan.white@inglewoodprimar.school.nz,021-467-7223,2022-02-20,True
5119,2177,Georgia,Palmer,HS_REP,georgia.palmer@inglewoodprimar.school.nz,023-897-4053,2022-07-26,True
5120,2177,Donna,Wright,CARETAKER,donna.wright@inglewoodprimar.school.nz,027-951-5393,2022-07-29,True
5121,2178,Joanne,Brown,PRINCIPAL,joanne.brown@kaimataschool.school.nz,024-767-4344,2021-03-10,True
5122,2178,Ben,Palmer,SITE_MANAGER,ben.palmer@kaimataschool.school.nz,021-848-3192,2020-03-01,True
5123,2178,Grace,Kumar,HS_REP,grace.kumar@kaimataschool.school.nz,023-449-2145,2022-06-29,True
5124,2182,Finn,Kumar,PRINCIPAL,finn.kumar@leppertonschool.school.nz,023-488-4875,2022-04-12,True
5125,2182,Mark,Williams,SITE_MANAGER,mark.williams@leppertonschool.school.nz,025-302-2694,2020-06-03,True
5126,2182,Sarah,King,HS_REP,sarah.king@leppertonschool.school.nz,027-779-2585,2021-11-27,True
5127,2185,Anika,Harris,PRINCIPAL,anika.harris@makahuschool.school.nz,022-329-5813,2021-04-15,True
5128,2185,Sarah,Clarke,SITE_MANAGER,sarah.clarke@makahuschool.school.nz,022-699-9160,2020-05-16,True
5129,2185,Tracey,Mahuta,HS_REP,tracey.mahuta@makahuschool.school.nz,025-605-6428,2020-12-18,True
5130,2185,Emma,Stewart,CARETAKER,emma.stewart@makahuschool.school.nz,027-566-8316,2021-09-26,True
5131,2189,Chris,Wright,PRINCIPAL,chris.wright@mangoreischool.school.nz,027-889-8186,2020-04-10,True
5132,2189,Sophie,Jones,SITE_MANAGER,sophie.jones@mangoreischool.school.nz,025-743-1879,2020-10-25,True
5133,2189,Charlotte,Turner,HS_REP,charlotte.turner@mangoreischool.school.nz,025-445-7072,2021-05-10,True
5134,2190,Rachel,Cooper,PRINCIPAL,rachel.cooper@manukorihiinter.school.nz,023-162-2369,2020-03-09,True
5135,2190,Rawiri,Henare,SITE_MANAGER,rawiri.henare@manukorihiinter.school.nz,025-173-5820,2022-04-16,True
5136,2190,David,Turner,HS_REP,david.turner@manukorihiinter.school.nz,027-131-9452,2020-06-18,True
5137,2190,Jessica,Hamilton,CARETAKER,jessica.hamilton@manukorihiinter.school.nz,027-217-7200,2020-01-23,True
5138,2191,Simon,Robinson,PRINCIPAL,simon.robinson@marcoschool.school.nz,027-654-7386,2021-10-07,True
5139,2191,Kylie,Bennett,SITE_MANAGER,kylie.bennett@marcoschool.school.nz,022-411-3913,2022-02-20,True
5140,2191,Charlotte,Taylor,HS_REP,charlotte.taylor@marcoschool.school.nz,027-385-7447,2022-03-10,True
5141,2192,Stacey,Henare,PRINCIPAL,stacey.henare@marfellcommunit.school.nz,022-435-4025,2022-05-31,True
5142,2192,Charlotte,Gallagher,SITE_MANAGER,charlotte.gallagher@marfellcommunit.school.nz,023-639-2610,2021-12-06,True
5143,2192,Scott,Bennett,HS_REP,scott.bennett@marfellcommunit.school.nz,028-756-4054,2021-09-12,True
5144,2192,Paula,Hamilton,CARETAKER,paula.hamilton@marfellcommunit.school.nz,028-330-2775,2020-10-01,True
5145,2195,Kauri,Stewart,PRINCIPAL,kauri.stewart@matiereschool.school.nz,024-882-2759,2021-05-01,True
5146,2195,David,Williams,SITE_MANAGER,david.williams@matiereschool.school.nz,028-948-6195,2021-08-20,True
5147,2195,David,Collins,HS_REP,david.collins@matiereschool.school.nz,023-994-8446,2020-11-19,True
5148,2195,Matiu,Scott,CARETAKER,matiu.scott@matiereschool.school.nz,028-823-4608,2022-08-15,True
5149,2197,Grant,Henare,PRINCIPAL,grant.henare@merrilandsschoo.school.nz,022-807-2034,2020-12-09,True
5150,2197,Paula,Brown,SITE_MANAGER,paula.brown@merrilandsschoo.school.nz,025-587-5594,2020-06-15,True
5151,2197,Ihaia,Patel,HS_REP,ihaia.patel@merrilandsschoo.school.nz,025-165-7483,2022-01-25,True
5152,2198,Holly,Mitchell,PRINCIPAL,holly.mitchell@midhirstschool.school.nz,027-958-2367,2020-11-14,True
5153,2198,Hemi,Lee,SITE_MANAGER,hemi.lee@midhirstschool.school.nz,026-292-5384,2021-03-08,True
5154,2198,Josh,Morgan,HS_REP,josh.morgan@midhirstschool.school.nz,021-436-5620,2022-05-23,True
5155,2199,Holly,Murray,PRINCIPAL,holly.murray@mimischool.school.nz,024-167-3137,2022-02-11,True
5156,2199,Hayley,Roberts,SITE_MANAGER,hayley.roberts@mimischool.school.nz,028-204-8186,2022-04-28,True
5157,2199,Amelia,Henderson,HS_REP,amelia.henderson@mimischool.school.nz,021-541-5032,2020-03-17,True
5158,2200,Hayley,Tamati,PRINCIPAL,hayley.tamati@mokauschool.school.nz,022-954-4031,2020-09-03,True
5159,2200,Nicola,Harris,SITE_MANAGER,nicola.harris@mokauschool.school.nz,021-727-2483,2021-01-17,True
5160,2200,Grant,King,HS_REP,grant.king@mokauschool.school.nz,026-298-6331,2020-09-18,True
5161,2200,Ryan,Turner,CARETAKER,ryan.turner@mokauschool.school.nz,024-588-5323,2020-04-21,True
5162,2201,Karen,Mitchell,PRINCIPAL,karen.mitchell@mokoiaschool.school.nz,028-977-7620,2020-06-16,True
5163,2201,Nathan,Jones,SITE_MANAGER,nathan.jones@mokoiaschool.school.nz,021-810-6452,2021-10-30,True
5164,2201,Brooke,Morgan,HS_REP,brooke.morgan@mokoiaschool.school.nz,027-468-5589,2022-01-17,True
5165,2203,Craig,Taylor,PRINCIPAL,craig.taylor@moturoaschool.school.nz,027-727-9439,2020-06-07,True
5166,2203,Rachel,Fraser,SITE_MANAGER,rachel.fraser@moturoaschool.school.nz,024-505-5525,2020-04-13,True
5167,2203,Luke,Lee,HS_REP,luke.lee@moturoaschool.school.nz,028-224-8752,2022-03-06,True
5168,2205,Aroha,Wong,PRINCIPAL,aroha.wong@ngaereschool.school.nz,022-922-8059,2022-04-15,True
5169,2205,Simon,Scott,SITE_MANAGER,simon.scott@ngaereschool.school.nz,027-612-9839,2021-07-23,True
5170,2205,Mark,Murray,HS_REP,mark.murray@ngaereschool.school.nz,021-632-4690,2020-03-23,True
5171,2206,Maia,Burns,PRINCIPAL,maia.burns@norfolkschool.school.nz,026-251-2917,2022-06-12,True
5172,2206,David,Kumar,SITE_MANAGER,david.kumar@norfolkschool.school.nz,022-802-8002,2021-01-29,True
5173,2206,David,Rewi,HS_REP,david.rewi@norfolkschool.school.nz,026-745-6884,2022-08-16,True
5174,2206,Mark,Gallagher,CARETAKER,mark.gallagher@norfolkschool.school.nz,025-297-6439,2021-10-13,True
5175,2207,Nicola,Edwards,PRINCIPAL,nicola.edwards@normanbyschool.school.nz,023-577-5638,2021-11-25,True
5176,2207,Brooke,Lee,SITE_MANAGER,brooke.lee@normanbyschool.school.nz,027-666-6608,2021-02-21,True
5177,2207,Caleb,Harris,HS_REP,caleb.harris@normanbyschool.school.nz,024-160-6757,2022-01-12,True
5178,2207,Grace,Hill,CARETAKER,grace.hill@normanbyschool.school.nz,026-358-2709,2022-05-26,True
5179,2208,Rachel,Hamilton,PRINCIPAL,rachel.hamilton@oakuraschool.school.nz,027-243-4925,2021-06-06,True
5180,2208,Kylie,Harawira,SITE_MANAGER,kylie.harawira@oakuraschool.school.nz,023-388-9451,2021-01-23,True
5181,2208,Tane,Russell,HS_REP,tane.russell@oakuraschool.school.nz,027-417-6867,2021-09-07,True
5182,2214,Craig,Clarke,PRINCIPAL,craig.clarke@ōmataschool.school.nz,026-140-2808,2020-07-05,True
5183,2214,Sarah,Martin,SITE_MANAGER,sarah.martin@ōmataschool.school.nz,027-279-4350,2021-10-25,True
5184,2214,Rawiri,Kumar,HS_REP,rawiri.kumar@ōmataschool.school.nz,028-566-9900,2020-02-04,True
5185,2215,David,Jones,PRINCIPAL,david.jones@ongarueschool.school.nz,027-745-8118,2020-01-08,True
5186,2215,Emma,Hamilton,SITE_MANAGER,emma.hamilton@ongarueschool.school.nz,022-893-7065,2021-01-06,True
5187,2215,Scott,Morgan,HS_REP,scott.morgan@ongarueschool.school.nz,021-348-1274,2021-03-28,True
5188,2216,Aria,Stewart,PRINCIPAL,aria.stewart@opunakeschool.school.nz,021-324-1654,2022-03-25,True
5189,2216,Ryan,Watson,SITE_MANAGER,ryan.watson@opunakeschool.school.nz,025-666-8983,2021-03-10,True
5190,2216,Grace,Te Huia,HS_REP,grace.te huia@opunakeschool.school.nz,024-328-7194,2020-12-27,True
5191,2216,Nikau,Robinson,CARETAKER,nikau.robinson@opunakeschool.school.nz,024-669-1286,2020-02-07,True
5192,2220,Joanne,Nguyen,PRINCIPAL,joanne.nguyen@pembrokeschool.school.nz,024-149-3201,2021-06-22,True
5193,2220,Josh,Baker,SITE_MANAGER,josh.baker@pembrokeschool.school.nz,027-798-2910,2022-03-20,True
5194,2220,Charlotte,Smith,HS_REP,charlotte.smith@pembrokeschool.school.nz,025-763-7068,2020-07-13,True
5195,2223,Matiu,Green,PRINCIPAL,matiu.green@puketapuschool(.school.nz,021-569-6920,2020-12-24,True
5196,2223,Ruby,Kim,SITE_MANAGER,ruby.kim@puketapuschool(.school.nz,026-761-7895,2021-09-14,True
5197,2223,Noah,Morgan,HS_REP,noah.morgan@puketapuschool(.school.nz,025-255-4383,2022-04-01,True
5198,2226,Amelia,Wright,PRINCIPAL,amelia.wright@ramanuischool.school.nz,022-559-7706,2022-04-30,True
5199,2226,Michael,Kim,SITE_MANAGER,michael.kim@ramanuischool.school.nz,022-456-5710,2020-11-05,True
5200,2226,Kaia,Young,HS_REP,kaia.young@ramanuischool.school.nz,023-231-8783,2020-09-13,True
5201,2227,Jessica,Hamilton,PRINCIPAL,jessica.hamilton@ratapikoschool.school.nz,027-939-4626,2021-10-17,True
5202,2227,Georgia,Gray,SITE_MANAGER,georgia.gray@ratapikoschool.school.nz,025-533-7177,2022-01-23,True
5203,2227,Holly,Crawford,HS_REP,holly.crawford@ratapikoschool.school.nz,026-798-1876,2022-01-22,True
5204,2227,Amelia,Gray,CARETAKER,amelia.gray@ratapikoschool.school.nz,026-163-4166,2022-09-05,True
5205,2228,Wiremu,Robinson,PRINCIPAL,wiremu.robinson@rawhitiroaschoo.school.nz,028-606-8393,2021-05-18,True
5206,2228,Aria,Green,SITE_MANAGER,aria.green@rawhitiroaschoo.school.nz,022-285-9918,2020-08-25,True
5207,2228,Jack,Walker,HS_REP,jack.walker@rawhitiroaschoo.school.nz,027-854-8948,2020-10-19,True
5208,2228,Reuben,Williams,CARETAKER,reuben.williams@rawhitiroaschoo.school.nz,021-163-3167,2021-09-26,True
5209,2232,Ryan,Robinson,PRINCIPAL,ryan.robinson@spotswoodprimar.school.nz,025-917-9609,2021-10-11,True
5210,2232,Grace,Harawira,SITE_MANAGER,grace.harawira@spotswoodprimar.school.nz,025-885-7977,2021-08-21,True
5211,2232,Zara,Russell,HS_REP,zara.russell@spotswoodprimar.school.nz,027-137-2866,2021-02-27,True
5212,2233,Moana,Kumar,PRINCIPAL,moana.kumar@stjohnboscoscho.school.nz,025-444-4947,2021-11-06,True
5213,2233,Nikau,Robinson,SITE_MANAGER,nikau.robinson@stjohnboscoscho.school.nz,027-153-9478,2021-11-05,True
5214,2233,Aroha,Harris,HS_REP,aroha.harris@stjohnboscoscho.school.nz,027-874-4007,2020-12-08,True
5215,2233,Freya,Rewi,CARETAKER,freya.rewi@stjohnboscoscho.school.nz,023-546-6361,2022-08-02,True
5216,2235,Ryan,Gallagher,PRINCIPAL,ryan.gallagher@stjosephsschool.school.nz,027-338-1256,2020-02-08,True
5217,2235,Grace,Mahuta,SITE_MANAGER,grace.mahuta@stjosephsschool.school.nz,027-358-4065,2020-10-24,True
5218,2235,Grant,Kumar,HS_REP,grant.kumar@stjosephsschool.school.nz,024-786-5256,2022-09-11,True
5219,2236,David,White,PRINCIPAL,david.white@stjosephsschool.school.nz,022-742-7023,2021-06-08,True
5220,2236,Tracey,Campbell,SITE_MANAGER,tracey.campbell@stjosephsschool.school.nz,028-122-8314,2021-10-30,True
5221,2236,Simon,Collins,HS_REP,simon.collins@stjosephsschool.school.nz,023-485-4480,2022-07-20,True
5222,2237,Aroha,Williams,PRINCIPAL,aroha.williams@stjosephsschool.school.nz,025-213-7161,2021-01-20,True
5223,2237,Wiremu,Kim,SITE_MANAGER,wiremu.kim@stjosephsschool.school.nz,026-610-3694,2021-07-18,True
5224,2237,Ben,Turner,HS_REP,ben.turner@stjosephsschool.school.nz,022-686-7043,2020-11-10,True
5225,2237,Matiu,Henderson,CARETAKER,matiu.henderson@stjosephsschool.school.nz,025-745-5238,2020-08-20,True
5226,2238,Kylie,Russell,PRINCIPAL,kylie.russell@stjosephsschool.school.nz,021-623-9338,2020-03-16,True
5227,2238,Max,Stewart,SITE_MANAGER,max.stewart@stjosephsschool.school.nz,028-711-1794,2022-01-07,True
5228,2238,James,Nguyen,HS_REP,james.nguyen@stjosephsschool.school.nz,022-548-3493,2021-06-30,True
5229,2238,Kauri,Nguyen,CARETAKER,kauri.nguyen@stjosephsschool.school.nz,026-281-3027,2020-09-30,True
5230,2239,Kaia,Williams,PRINCIPAL,kaia.williams@stjosephsschool.school.nz,021-640-3383,2020-10-22,True
5231,2239,Sarah,Cooper,SITE_MANAGER,sarah.cooper@stjosephsschool.school.nz,025-494-4097,2020-11-17,True
5232,2239,Kauri,Rewi,HS_REP,kauri.rewi@stjosephsschool.school.nz,028-991-5455,2021-08-27,True
5233,2240,Tracey,Henderson,PRINCIPAL,tracey.henderson@stpatricksschoo.school.nz,026-214-9746,2022-05-21,True
5234,2240,Anika,Smith,SITE_MANAGER,anika.smith@stpatricksschoo.school.nz,024-820-2512,2021-06-20,True
5235,2240,Michael,Harris,HS_REP,michael.harris@stpatricksschoo.school.nz,025-443-8421,2020-02-05,True
5236,2241,Mark,Crawford,PRINCIPAL,mark.crawford@stpatricksschoo.school.nz,027-242-4796,2022-06-14,True
5237,2241,Michael,Harris,SITE_MANAGER,michael.harris@stpatricksschoo.school.nz,021-409-2916,2022-09-06,True
5238,2241,Wiremu,Mahuta,HS_REP,wiremu.mahuta@stpatricksschoo.school.nz,023-544-3595,2020-10-22,True
5239,2242,Craig,Martin,PRINCIPAL,craig.martin@stpiusxschool(n.school.nz,025-391-4926,2022-03-03,True
5240,2242,Holly,Edwards,SITE_MANAGER,holly.edwards@stpiusxschool(n.school.nz,024-390-6690,2021-02-24,True
5241,2242,Kauri,Harris,HS_REP,kauri.harris@stpiusxschool(n.school.nz,027-789-7087,2021-01-22,True
5242,2244,Donna,Murray,PRINCIPAL,donna.murray@stratfordprimar.school.nz,024-540-5913,2020-04-19,True
5243,2244,Sam,Singh,SITE_MANAGER,sam.singh@stratfordprimar.school.nz,027-436-3414,2021-01-25,True
5244,2244,Caleb,Thompson,HS_REP,caleb.thompson@stratfordprimar.school.nz,027-105-3497,2020-10-10,True
5245,2248,Nikau,Gallagher,PRINCIPAL,nikau.gallagher@tawhitischool.school.nz,023-802-3830,2021-01-11,True
5246,2248,Zara,Cooper,SITE_MANAGER,zara.cooper@tawhitischool.school.nz,023-241-5894,2020-05-26,True
5247,2248,Ihaia,Kim,HS_REP,ihaia.kim@tawhitischool.school.nz,023-903-9350,2020-11-05,True
5248,2251,Matiu,Williams,PRINCIPAL,matiu.williams@tikorangischool.school.nz,024-776-3014,2020-10-21,True
5249,2251,Holly,Tamati,SITE_MANAGER,holly.tamati@tikorangischool.school.nz,023-383-7675,2021-11-26,True
5250,2251,Mere,Lee,HS_REP,mere.lee@tikorangischool.school.nz,028-586-9484,2021-09-07,True
5251,2251,Scott,Bennett,CARETAKER,scott.bennett@tikorangischool.school.nz,021-913-4888,2021-01-13,True
5252,2253,Grace,Hall,PRINCIPAL,grace.hall@tokirimaschool.school.nz,024-922-1225,2021-03-29,True
5253,2253,Amelia,Gray,SITE_MANAGER,amelia.gray@tokirimaschool.school.nz,028-841-5206,2021-03-13,True
5254,2253,Ryan,Gallagher,HS_REP,ryan.gallagher@tokirimaschool.school.nz,027-959-1022,2021-05-06,True
5255,2254,Emma,Collins,PRINCIPAL,emma.collins@tokoschool.school.nz,028-291-2120,2022-07-23,True
5256,2254,Isla,Clarke,SITE_MANAGER,isla.clarke@tokoschool.school.nz,028-693-7146,2020-04-28,True
5257,2254,Michael,Palmer,HS_REP,michael.palmer@tokoschool.school.nz,027-325-3877,2022-04-23,True
5258,2255,Rachel,Turner,PRINCIPAL,rachel.turner@turuturuschool.school.nz,024-879-3530,2021-03-07,True
5259,2255,Luke,Hill,SITE_MANAGER,luke.hill@turuturuschool.school.nz,027-599-4835,2021-04-14,True
5260,2255,Nikau,Rewi,HS_REP,nikau.rewi@turuturuschool.school.nz,028-933-5783,2020-03-14,True
5261,2256,Mason,Young,PRINCIPAL,mason.young@urenuischool.school.nz,028-946-4733,2020-02-16,True
5262,2256,Sam,Patel,SITE_MANAGER,sam.patel@urenuischool.school.nz,023-641-2431,2022-09-14,True
5263,2256,Noah,Wright,HS_REP,noah.wright@urenuischool.school.nz,022-453-2123,2020-08-28,True
5264,2257,Matthew,Walker,PRINCIPAL,matthew.walker@urutischool.school.nz,022-628-7825,2021-12-10,True
5265,2257,Nicola,Harawira,SITE_MANAGER,nicola.harawira@urutischool.school.nz,026-478-1702,2021-08-17,True
5266,2257,Jessica,Gray,HS_REP,jessica.gray@urutischool.school.nz,022-457-9983,2020-07-09,True
5267,2258,Nicola,Johnston,PRINCIPAL,nicola.johnston@vogeltownschool.school.nz,022-529-3881,2020-10-14,True
5268,2258,Michael,Patel,SITE_MANAGER,michael.patel@vogeltownschool.school.nz,027-542-1802,2020-06-06,True
5269,2258,Kauri,Tamati,HS_REP,kauri.tamati@vogeltownschool.school.nz,022-509-2000,2021-01-04,True
5270,2260,Nicola,Smith,PRINCIPAL,nicola.smith@waitaracentrals.school.nz,022-858-5972,2020-12-18,True
5271,2260,Caleb,Rewi,SITE_MANAGER,caleb.rewi@waitaracentrals.school.nz,022-241-3348,2020-07-27,True
5272,2260,Luke,Robinson,HS_REP,luke.robinson@waitaracentrals.school.nz,022-708-7804,2021-01-28,True
5273,2260,Hemi,Kim,CARETAKER,hemi.kim@waitaracentrals.school.nz,026-277-8808,2020-02-16,True
5274,2261,Emma,Johnston,PRINCIPAL,emma.johnston@waitaraeastscho.school.nz,023-927-2354,2021-10-17,True
5275,2261,Nicola,White,SITE_MANAGER,nicola.white@waitaraeastscho.school.nz,028-146-9277,2020-08-12,True
5276,2261,Caleb,Walker,HS_REP,caleb.walker@waitaraeastscho.school.nz,022-637-6321,2021-08-18,True
5277,2261,Nicola,Jones,CARETAKER,nicola.jones@waitaraeastscho.school.nz,027-575-4624,2021-12-17,True
5278,2262,Anika,Johnston,PRINCIPAL,anika.johnston@waitorikischool.school.nz,024-234-9455,2020-10-17,True
5279,2262,Sam,Harawira,SITE_MANAGER,sam.harawira@waitorikischool.school.nz,022-173-3734,2020-12-30,True
5280,2262,Simon,White,HS_REP,simon.white@waitorikischool.school.nz,024-707-3478,2022-07-08,True
5281,2264,Rawiri,Stewart,PRINCIPAL,rawiri.stewart@welbournschool.school.nz,025-167-8086,2021-08-20,True
5282,2264,Freya,Te Huia,SITE_MANAGER,freya.te huia@welbournschool.school.nz,022-194-9146,2021-03-24,True
5283,2264,Hemi,Parker,HS_REP,hemi.parker@welbournschool.school.nz,021-436-1224,2021-01-01,True
5284,2264,Joanne,Patel,CARETAKER,joanne.patel@welbournschool.school.nz,028-701-4581,2021-12-04,True
5285,2265,Caleb,Russell,PRINCIPAL,caleb.russell@westendtekuraom.school.nz,026-222-2505,2022-08-26,True
5286,2265,Tracey,Taylor,SITE_MANAGER,tracey.taylor@westendtekuraom.school.nz,027-233-1740,2022-04-28,True
5287,2265,Emma,Turner,HS_REP,emma.turner@westendtekuraom.school.nz,021-393-5620,2020-11-18,True
5288,2265,Amber,Burns,CARETAKER,amber.burns@westendtekuraom.school.nz,027-131-7787,2020-11-15,True
5289,2266,Jessica,Collins,PRINCIPAL,jessica.collins@westownschool.school.nz,026-463-8354,2021-03-17,True
5290,2266,Emma,Bennett,SITE_MANAGER,emma.bennett@westownschool.school.nz,022-795-4883,2022-09-09,True
5291,2266,Michael,Scott,HS_REP,michael.scott@westownschool.school.nz,021-140-2081,2022-05-31,True
5292,2266,Hayley,Turner,CARETAKER,hayley.turner@westownschool.school.nz,028-477-3063,2021-09-05,True
5293,2267,Caleb,Roberts,PRINCIPAL,caleb.roberts@whareorinoschoo.school.nz,027-629-4696,2020-10-01,True
5294,2267,Aria,Russell,SITE_MANAGER,aria.russell@whareorinoschoo.school.nz,026-889-9206,2020-01-08,True
5295,2267,Reuben,Kim,HS_REP,reuben.kim@whareorinoschoo.school.nz,025-319-4839,2020-03-19,True
5296,2268,Michelle,Palmer,PRINCIPAL,michelle.palmer@woodleighschool.school.nz,021-292-5918,2021-12-16,True
5297,2268,Nicola,Kim,SITE_MANAGER,nicola.kim@woodleighschool.school.nz,022-587-2724,2021-10-02,True
5298,2268,Rawiri,Hamilton,HS_REP,rawiri.hamilton@woodleighschool.school.nz,028-799-4851,2020-06-03,True
5299,2268,Maia,Morgan,CARETAKER,maia.morgan@woodleighschool.school.nz,021-758-5081,2021-03-18,True
5300,2330,Emma,Green,PRINCIPAL,emma.green@aberfeldyschool.school.nz,025-542-8784,2020-09-28,True
5301,2330,Tracey,Taukiri,SITE_MANAGER,tracey.taukiri@aberfeldyschool.school.nz,022-233-3780,2022-03-12,True
5302,2330,Paula,Palmer,HS_REP,paula.palmer@aberfeldyschool.school.nz,024-535-2436,2020-01-26,True
5303,2330,Rawiri,King,CARETAKER,rawiri.king@aberfeldyschool.school.nz,026-507-3183,2022-01-03,True
5304,2332,Mere,Taukiri,PRINCIPAL,mere.taukiri@aokautereschool.school.nz,021-936-4560,2022-05-09,True
5305,2332,Shane,Cooper,SITE_MANAGER,shane.cooper@aokautereschool.school.nz,025-545-4381,2022-09-16,True
5306,2332,Tracey,Gray,HS_REP,tracey.gray@aokautereschool.school.nz,025-487-8603,2021-04-06,True
5307,2333,Ruby,Johnston,PRINCIPAL,ruby.johnston@apitischool.school.nz,023-345-8469,2021-06-04,True
5308,2333,Zara,Clarke,SITE_MANAGER,zara.clarke@apitischool.school.nz,026-499-6947,2020-12-24,True
5309,2333,Rawiri,Murray,HS_REP,rawiri.murray@apitischool.school.nz,021-667-8864,2022-01-05,True
5310,2334,Ben,Walker,PRINCIPAL,ben.walker@arahungaschool.school.nz,027-337-7499,2021-11-20,True
5311,2334,Simon,Stewart,SITE_MANAGER,simon.stewart@arahungaschool.school.nz,023-863-6310,2020-09-25,True
5312,2334,Craig,Harawira,HS_REP,craig.harawira@arahungaschool.school.nz,023-959-4029,2021-04-09,True
5313,2336,Jessica,Edwards,PRINCIPAL,jessica.edwards@aranuischool(wa.school.nz,026-273-7080,2020-06-18,True
5314,2336,James,White,SITE_MANAGER,james.white@aranuischool(wa.school.nz,022-457-3574,2020-09-18,True
5315,2336,Ryan,Green,HS_REP,ryan.green@aranuischool(wa.school.nz,022-346-4144,2022-07-16,True
5316,2336,Paula,Walker,CARETAKER,paula.walker@aranuischool(wa.school.nz,023-261-1098,2021-07-15,True
5317,2337,Caleb,Hall,PRINCIPAL,caleb.hall@ashhurstschool.school.nz,021-646-1208,2020-04-29,True
5318,2337,Chris,Hall,SITE_MANAGER,chris.hall@ashhurstschool.school.nz,028-746-6934,2021-02-04,True
5319,2337,Aria,Collins,HS_REP,aria.collins@ashhurstschool.school.nz,027-496-9511,2021-01-18,True
5320,2337,Amelia,Taylor,CARETAKER,amelia.taylor@ashhurstschool.school.nz,028-695-3684,2022-05-11,True
5321,2338,Kaia,Parker,PRINCIPAL,kaia.parker@awahouschool.school.nz,023-378-3949,2021-04-07,True
5322,2338,Daniel,Kumar,SITE_MANAGER,daniel.kumar@awahouschool.school.nz,025-316-9845,2020-12-28,True
5323,2338,Noah,Robinson,HS_REP,noah.robinson@awahouschool.school.nz,022-113-3948,2021-01-19,True
5324,2339,Michael,Mahuta,PRINCIPAL,michael.mahuta@awapunischool(p.school.nz,021-966-7924,2021-08-26,True
5325,2339,Tia,Collins,SITE_MANAGER,tia.collins@awapunischool(p.school.nz,028-312-4038,2020-12-01,True
5326,2339,Charlotte,Anderson,HS_REP,charlotte.anderson@awapunischool(p.school.nz,027-548-9523,2021-10-24,True
5327,2341,Tane,Scott,PRINCIPAL,tane.scott@bainesseschool.school.nz,021-655-9706,2022-07-13,True
5328,2341,Daniel,Henare,SITE_MANAGER,daniel.henare@bainesseschool.school.nz,022-305-4423,2020-06-07,True
5329,2341,Sarah,Gray,HS_REP,sarah.gray@bainesseschool.school.nz,026-651-7865,2022-05-31,True
5330,2342,Grace,Gray,PRINCIPAL,grace.gray@brunswickschool.school.nz,023-909-9993,2020-09-27,True
5331,2342,Nikau,Young,SITE_MANAGER,nikau.young@brunswickschool.school.nz,022-929-3066,2020-03-19,True
5332,2342,Tia,Smith,HS_REP,tia.smith@brunswickschool.school.nz,024-400-6125,2021-10-02,True
5333,2342,Kauri,Tamati,CARETAKER,kauri.tamati@brunswickschool.school.nz,026-658-4816,2021-07-29,True
5334,2343,Ben,Taylor,PRINCIPAL,ben.taylor@bullsschool.school.nz,022-879-9925,2022-06-29,True
5335,2343,Sarah,White,SITE_MANAGER,sarah.white@bullsschool.school.nz,028-821-2907,2022-04-24,True
5336,2343,Sam,Young,HS_REP,sam.young@bullsschool.school.nz,027-388-5342,2020-10-13,True
5337,2343,Aroha,Fitzgerald,CARETAKER,aroha.fitzgerald@bullsschool.school.nz,025-380-1511,2021-05-05,True
5338,2344,Liam,Edwards,PRINCIPAL,liam.edwards@bunnythorpescho.school.nz,027-224-9441,2021-07-31,True
5339,2344,Ethan,Fitzgerald,SITE_MANAGER,ethan.fitzgerald@bunnythorpescho.school.nz,022-654-5346,2021-10-23,True
5340,2344,Ruby,Taylor,HS_REP,ruby.taylor@bunnythorpescho.school.nz,026-315-8080,2021-12-20,True
5341,2345,Shane,Henare,PRINCIPAL,shane.henare@carltonschool.school.nz,023-949-6220,2020-01-26,True
5342,2345,Jessica,Mahuta,SITE_MANAGER,jessica.mahuta@carltonschool.school.nz,028-239-4772,2021-09-23,True
5343,2345,Ethan,Gray,HS_REP,ethan.gray@carltonschool.school.nz,021-853-5321,2021-09-20,True
5344,2346,Lisa,Nguyen,PRINCIPAL,lisa.nguyen@castlecliffscho.school.nz,021-375-4026,2022-01-06,True
5345,2346,Sarah,Edwards,SITE_MANAGER,sarah.edwards@castlecliffscho.school.nz,021-133-2083,2020-10-24,True
5346,2346,James,Collins,HS_REP,james.collins@castlecliffscho.school.nz,023-260-4936,2021-02-28,True
5347,2346,Donna,Gray,CARETAKER,donna.gray@castlecliffscho.school.nz,027-604-9869,2021-03-09,True
5348,2348,Ryan,Russell,PRINCIPAL,ryan.russell@churtonschool.school.nz,023-900-9362,2022-01-01,True
5349,2348,Nicola,Hill,SITE_MANAGER,nicola.hill@churtonschool.school.nz,027-806-9238,2022-02-25,True
5350,2348,Josh,Bennett,HS_REP,josh.bennett@churtonschool.school.nz,027-310-6984,2022-06-30,True
5351,2348,Sophie,Gallagher,CARETAKER,sophie.gallagher@churtonschool.school.nz,026-415-5969,2022-01-05,True
5352,2349,Matiu,Williams,PRINCIPAL,matiu.williams@cliftonschool(b.school.nz,022-679-5177,2022-05-05,True
5353,2349,Stacey,Chen,SITE_MANAGER,stacey.chen@cliftonschool(b.school.nz,024-109-7303,2021-08-16,True
5354,2349,Stacey,Hamilton,HS_REP,stacey.hamilton@cliftonschool(b.school.nz,027-165-7872,2021-02-04,True
5355,2350,Ihaia,Mitchell,PRINCIPAL,ihaia.mitchell@cloverleaschool.school.nz,022-825-4041,2022-01-01,True
5356,2350,Karen,Anderson,SITE_MANAGER,karen.anderson@cloverleaschool.school.nz,026-234-1366,2021-11-03,True
5357,2350,Chris,Anderson,HS_REP,chris.anderson@cloverleaschool.school.nz,026-812-5611,2022-01-07,True
5358,2351,Tia,Brown,PRINCIPAL,tia.brown@tekurakaupapamā.school.nz,022-313-6168,2022-01-12,True
5359,2351,Ben,Burns,SITE_MANAGER,ben.burns@tekurakaupapamā.school.nz,026-582-6743,2020-07-14,True
5360,2351,Sam,Rewi,HS_REP,sam.rewi@tekurakaupapamā.school.nz,024-133-2882,2020-05-29,True
5361,2351,Craig,Singh,CARETAKER,craig.singh@tekurakaupapamā.school.nz,024-595-6142,2020-04-09,True
5362,2352,Donna,Kumar,PRINCIPAL,donna.kumar@coleystreetscho.school.nz,023-195-5232,2021-11-18,True
5363,2352,Tracey,Roberts,SITE_MANAGER,tracey.roberts@coleystreetscho.school.nz,026-139-9396,2022-01-09,True
5364,2352,Simon,Walker,HS_REP,simon.walker@coleystreetscho.school.nz,028-648-1035,2022-03-21,True
5365,2352,Ryan,Taylor,CARETAKER,ryan.taylor@coleystreetscho.school.nz,027-376-9920,2021-04-16,True
5366,2353,Donna,Rewi,PRINCIPAL,donna.rewi@collegestreetno.school.nz,022-961-5503,2020-03-02,True
5367,2353,Ethan,Martin,SITE_MANAGER,ethan.martin@collegestreetno.school.nz,027-924-2936,2020-06-18,True
5368,2353,Anika,Brown,HS_REP,anika.brown@collegestreetno.school.nz,027-410-7655,2021-09-01,True
5369,2353,Karen,Young,CARETAKER,karen.young@collegestreetno.school.nz,027-960-3344,2022-02-10,True
5370,2354,Hayley,Hill,PRINCIPAL,hayley.hill@colytonschool.school.nz,022-303-7970,2020-01-04,True
5371,2354,Moana,Brown,SITE_MANAGER,moana.brown@colytonschool.school.nz,028-135-6943,2021-05-06,True
5372,2354,Luke,Anderson,HS_REP,luke.anderson@colytonschool.school.nz,027-832-1555,2021-08-14,True
5373,2355,Karen,White,PRINCIPAL,karen.white@duriehillschool.school.nz,023-320-6465,2020-08-22,True
5374,2355,Liam,Anderson,SITE_MANAGER,liam.anderson@duriehillschool.school.nz,026-624-6255,2020-09-13,True
5375,2355,Sophie,Taukiri,HS_REP,sophie.taukiri@duriehillschool.school.nz,023-794-6672,2021-04-27,True
5376,2355,Isla,Te Huia,CARETAKER,isla.te huia@duriehillschool.school.nz,028-683-5244,2021-06-09,True
5377,2356,Mere,Fraser,PRINCIPAL,mere.fraser@feildinginterme.school.nz,022-439-2148,2021-11-08,True
5378,2356,Finn,Rewi,SITE_MANAGER,finn.rewi@feildinginterme.school.nz,025-344-6882,2022-09-21,True
5379,2356,Sarah,Wong,HS_REP,sarah.wong@feildinginterme.school.nz,025-942-9537,2020-12-15,True
5380,2357,Grant,Wright,PRINCIPAL,grant.wright@fordellschool.school.nz,021-721-7257,2020-04-09,True
5381,2357,Georgia,Tamati,SITE_MANAGER,georgia.tamati@fordellschool.school.nz,028-355-4576,2021-10-31,True
5382,2357,Noah,Watson,HS_REP,noah.watson@fordellschool.school.nz,027-589-4738,2020-04-07,True
5383,2358,Jack,Young,PRINCIPAL,jack.young@foxtonbeachscho.school.nz,028-517-7793,2020-01-28,True
5384,2358,Simon,White,SITE_MANAGER,simon.white@foxtonbeachscho.school.nz,027-573-3635,2020-11-29,True
5385,2358,Freya,King,HS_REP,freya.king@foxtonbeachscho.school.nz,026-974-2046,2022-02-23,True
5386,2359,Sarah,Campbell,PRINCIPAL,sarah.campbell@foxtonschool.school.nz,024-860-6752,2020-06-04,True
5387,2359,Rawiri,Robinson,SITE_MANAGER,rawiri.robinson@foxtonschool.school.nz,021-677-6534,2022-05-15,True
5388,2359,Simon,Jones,HS_REP,simon.jones@foxtonschool.school.nz,023-427-6686,2020-12-06,True
5389,2359,Rachel,Wong,CARETAKER,rachel.wong@foxtonschool.school.nz,027-371-5227,2020-11-01,True
5390,2360,Anika,Baker,PRINCIPAL,anika.baker@glenorouaschool.school.nz,028-457-7146,2021-08-25,True
5391,2360,Ethan,Smith,SITE_MANAGER,ethan.smith@glenorouaschool.school.nz,023-987-6325,2020-03-06,True
5392,2360,Shane,Roberts,HS_REP,shane.roberts@glenorouaschool.school.nz,021-616-6518,2020-12-27,True
5393,2360,James,Baker,CARETAKER,james.baker@glenorouaschool.school.nz,027-839-4417,2021-01-23,True
5394,2361,Rachel,Wong,PRINCIPAL,rachel.wong@gonvilleschool.school.nz,022-619-1116,2021-02-15,True
5395,2361,Aria,Burns,SITE_MANAGER,aria.burns@gonvilleschool.school.nz,026-208-4551,2021-07-16,True
5396,2361,Kylie,Walker,HS_REP,kylie.walker@gonvilleschool.school.nz,024-379-9788,2022-09-21,True
5397,2362,Holly,Baker,PRINCIPAL,holly.baker@halcombeprimary.school.nz,021-505-2532,2022-05-29,True
5398,2362,Georgia,Fitzgerald,SITE_MANAGER,georgia.fitzgerald@halcombeprimary.school.nz,024-814-9037,2021-03-25,True
5399,2362,Ben,Harawira,HS_REP,ben.harawira@halcombeprimary.school.nz,026-615-3197,2021-02-06,True
5400,2363,Donna,Lee,PRINCIPAL,donna.lee@tekuraowairau.school.nz,025-737-4357,2020-05-07,True
5401,2363,Donna,Scott,SITE_MANAGER,donna.scott@tekuraowairau.school.nz,025-206-3786,2020-08-01,True
5402,2363,Lisa,Kumar,HS_REP,lisa.kumar@tekuraowairau.school.nz,027-665-5495,2020-02-08,True
5403,2363,Wiremu,Martin,CARETAKER,wiremu.martin@tekuraowairau.school.nz,023-470-2184,2022-02-07,True
5404,2364,Freya,Tamati,PRINCIPAL,freya.tamati@hiwinuischool.school.nz,027-977-4585,2020-09-19,True
5405,2364,Liam,Edwards,SITE_MANAGER,liam.edwards@hiwinuischool.school.nz,026-741-4436,2020-03-21,True
5406,2364,Tane,Palmer,HS_REP,tane.palmer@hiwinuischool.school.nz,023-125-6864,2021-10-19,True
5407,2365,Tia,Te Huia,PRINCIPAL,tia.te huia@hokowhituschool.school.nz,027-900-2354,2020-07-12,True
5408,2365,Isla,Morgan,SITE_MANAGER,isla.morgan@hokowhituschool.school.nz,024-112-5334,2020-10-24,True
5409,2365,Shane,Anderson,HS_REP,shane.anderson@hokowhituschool.school.nz,022-636-2802,2021-01-30,True
5410,2366,Lisa,Singh,PRINCIPAL,lisa.singh@huntervillecons.school.nz,027-578-8023,2020-04-25,True
5411,2366,Andrew,Edwards,SITE_MANAGER,andrew.edwards@huntervillecons.school.nz,024-552-7464,2022-05-22,True
5412,2366,Matiu,Scott,HS_REP,matiu.scott@huntervillecons.school.nz,021-392-9746,2020-04-11,True
5413,2368,Hemi,Chen,PRINCIPAL,hemi.chen@jamescookschool.school.nz,021-690-1468,2021-10-12,True
5414,2368,Rawiri,Nguyen,SITE_MANAGER,rawiri.nguyen@jamescookschool.school.nz,021-282-1244,2020-05-26,True
5415,2368,Zara,Henare,HS_REP,zara.henare@jamescookschool.school.nz,026-756-6243,2021-12-29,True
5416,2369,Kauri,Crawford,PRINCIPAL,kauri.crawford@kaiiwischool.school.nz,024-455-2880,2022-02-22,True
5417,2369,Sam,Palmer,SITE_MANAGER,sam.palmer@kaiiwischool.school.nz,026-660-8954,2021-09-08,True
5418,2369,Isla,Robinson,HS_REP,isla.robinson@kaiiwischool.school.nz,028-828-7552,2021-05-21,True
5419,2369,Donna,Morgan,CARETAKER,donna.morgan@kaiiwischool.school.nz,028-208-9161,2020-03-09,True
5420,2370,Amber,Campbell,PRINCIPAL,amber.campbell@kairangaschool.school.nz,026-732-3445,2020-08-19,True
5421,2370,Nicola,Smith,SITE_MANAGER,nicola.smith@kairangaschool.school.nz,022-799-2010,2020-04-08,True
5422,2370,Simon,Rewi,HS_REP,simon.rewi@kairangaschool.school.nz,024-957-7073,2020-05-12,True
5423,2371,Jessica,Palmer,PRINCIPAL,jessica.palmer@kaitiekeschool.school.nz,023-607-6948,2022-06-21,True
5424,2371,Jessica,Murray,SITE_MANAGER,jessica.murray@kaitiekeschool.school.nz,025-907-8729,2021-01-23,True
5425,2371,Scott,Jones,HS_REP,scott.jones@kaitiekeschool.school.nz,024-472-7787,2021-11-26,True
5426,2371,Jessica,Russell,CARETAKER,jessica.russell@kaitiekeschool.school.nz,021-723-9027,2021-01-22,True
5427,2372,Chris,Mitchell,PRINCIPAL,chris.mitchell@kaitokeschool(w.school.nz,022-758-6573,2020-06-25,True
5428,2372,Amber,Parker,SITE_MANAGER,amber.parker@kaitokeschool(w.school.nz,023-799-7714,2021-04-30,True
5429,2372,Tane,Martin,HS_REP,tane.martin@kaitokeschool(w.school.nz,025-956-5974,2021-12-31,True
5430,2374,Joanne,Kumar,PRINCIPAL,joanne.kumar@kakarameaschool.school.nz,024-274-1592,2020-09-21,True
5431,2374,Hemi,Chen,SITE_MANAGER,hemi.chen@kakarameaschool.school.nz,025-894-7559,2020-02-14,True
5432,2374,Matthew,Fraser,HS_REP,matthew.fraser@kakarameaschool.school.nz,022-140-4336,2021-01-26,True
5433,2374,Nikau,Thompson,CARETAKER,nikau.thompson@kakarameaschool.school.nz,024-586-3411,2022-05-07,True
5434,2375,Wiremu,Taukiri,PRINCIPAL,wiremu.taukiri@kakatahischool.school.nz,023-292-5254,2022-07-15,True
5435,2375,Ethan,Watson,SITE_MANAGER,ethan.watson@kakatahischool.school.nz,024-315-8168,2021-06-07,True
5436,2375,Hemi,Robinson,HS_REP,hemi.robinson@kakatahischool.school.nz,027-722-8054,2021-05-16,True
5437,2375,Kylie,Turner,CARETAKER,kylie.turner@kakatahischool.school.nz,026-357-4723,2021-02-18,True
5438,2377,Noah,Hall,PRINCIPAL,noah.hall@tkkmotupoho.school.nz,028-125-3039,2022-07-09,True
5439,2377,Maia,Fraser,SITE_MANAGER,maia.fraser@tkkmotupoho.school.nz,026-834-2029,2022-08-23,True
5440,2377,Liam,Smith,HS_REP,liam.smith@tkkmotupoho.school.nz,024-172-1140,2020-07-25,True
5441,2378,Luke,Wilson,PRINCIPAL,luke.wilson@keithstreetscho.school.nz,028-450-7302,2021-01-11,True
5442,2378,Max,Gray,SITE_MANAGER,max.gray@keithstreetscho.school.nz,025-239-8292,2021-01-25,True
5443,2378,Finn,Brown,HS_REP,finn.brown@keithstreetscho.school.nz,027-838-6660,2022-01-05,True
5444,2378,Amber,Nguyen,CARETAKER,amber.nguyen@keithstreetscho.school.nz,022-433-3324,2020-04-30,True
5445,2379,Jack,Henare,PRINCIPAL,jack.henare@kimboltonschool.school.nz,024-261-6258,2021-05-14,True
5446,2379,James,Mahuta,SITE_MANAGER,james.mahuta@kimboltonschool.school.nz,025-628-4047,2020-08-12,True
5447,2379,Lisa,Nguyen,HS_REP,lisa.nguyen@kimboltonschool.school.nz,023-701-8336,2021-04-22,True
5448,2379,Liam,Clarke,CARETAKER,liam.clarke@kimboltonschool.school.nz,025-725-7147,2020-06-30,True
5449,2382,Holly,Hall,PRINCIPAL,holly.hall@kiwiteaschool.school.nz,028-162-9470,2021-05-02,True
5450,2382,Josh,Lee,SITE_MANAGER,josh.lee@kiwiteaschool.school.nz,023-181-3041,2021-08-26,True
5451,2382,Rachel,Edwards,HS_REP,rachel.edwards@kiwiteaschool.school.nz,027-137-3455,2021-07-06,True
5452,2382,Liam,Bennett,CARETAKER,liam.bennett@kiwiteaschool.school.nz,027-865-1426,2020-11-18,True
5453,2383,Aroha,Jones,PRINCIPAL,aroha.jones@tkkmongatiruanu.school.nz,023-264-7280,2022-08-21,True
5454,2383,Aria,Hall,SITE_MANAGER,aria.hall@tkkmongatiruanu.school.nz,021-621-8438,2020-08-12,True
5455,2383,Kylie,Henare,HS_REP,kylie.henare@tkkmongatiruanu.school.nz,022-576-7611,2021-12-26,True
5456,2383,Kaia,Clarke,CARETAKER,kaia.clarke@tkkmongatiruanu.school.nz,024-908-5393,2022-03-21,True
5457,2384,Michelle,Clarke,PRINCIPAL,michelle.clarke@tekuraokokohuia.school.nz,024-820-1033,2021-03-28,True
5458,2384,Liam,Fraser,SITE_MANAGER,liam.fraser@tekuraokokohuia.school.nz,027-318-9599,2022-06-11,True
5459,2384,Kaia,Henderson,HS_REP,kaia.henderson@tekuraokokohuia.school.nz,024-868-4454,2020-09-19,True
5460,2384,Ethan,Martin,CARETAKER,ethan.martin@tekuraokokohuia.school.nz,025-637-8202,2020-12-12,True
5461,2385,Sarah,Turner,PRINCIPAL,sarah.turner@kopaneschool.school.nz,028-509-2267,2020-05-14,True
5462,2385,Georgia,Chen,SITE_MANAGER,georgia.chen@kopaneschool.school.nz,025-936-1586,2020-04-26,True
5463,2385,Emma,Nguyen,HS_REP,emma.nguyen@kopaneschool.school.nz,026-681-5680,2021-06-25,True
5464,2386,Karen,Parker,PRINCIPAL,karen.parker@lintoncampschoo.school.nz,026-149-3152,2020-09-16,True
5465,2386,Wiremu,Johnston,SITE_MANAGER,wiremu.johnston@lintoncampschoo.school.nz,022-782-8194,2022-05-31,True
5466,2386,Daniel,Russell,HS_REP,daniel.russell@lintoncampschoo.school.nz,026-121-6688,2022-01-16,True
5467,2386,Aroha,Harris,CARETAKER,aroha.harris@lintoncampschoo.school.nz,025-409-4498,2020-08-31,True
5468,2388,Donna,Taylor,PRINCIPAL,donna.taylor@longburnschool.school.nz,028-972-1872,2020-08-27,True
5469,2388,Amelia,Cooper,SITE_MANAGER,amelia.cooper@longburnschool.school.nz,023-686-6821,2022-04-10,True
5470,2388,Ethan,Murray,HS_REP,ethan.murray@longburnschool.school.nz,022-530-3922,2020-06-28,True
5471,2388,Hayley,Taylor,CARETAKER,hayley.taylor@longburnschool.school.nz,023-994-5620,2020-05-19,True
5472,2389,Mason,Wilson,PRINCIPAL,mason.wilson@lyttonstreetsch.school.nz,026-910-3861,2021-12-30,True
5473,2389,Nicola,Campbell,SITE_MANAGER,nicola.campbell@lyttonstreetsch.school.nz,022-968-6332,2021-07-27,True
5474,2389,Andrew,Mahuta,HS_REP,andrew.mahuta@lyttonstreetsch.school.nz,027-701-6093,2021-02-04,True
5475,2389,Wiremu,Green,CARETAKER,wiremu.green@lyttonstreetsch.school.nz,022-772-5119,2020-12-04,True
5476,2390,Scott,Turner,PRINCIPAL,scott.turner@manchesterstree.school.nz,024-612-8194,2022-01-15,True
5477,2390,Nikau,Clarke,SITE_MANAGER,nikau.clarke@manchesterstree.school.nz,021-108-3239,2022-03-11,True
5478,2390,Matiu,Murray,HS_REP,matiu.murray@manchesterstree.school.nz,027-752-3145,2021-08-23,True
5479,2391,David,Jones,PRINCIPAL,david.jones@mangamahuprimar.school.nz,024-962-9991,2020-05-22,True
5480,2391,Scott,Wright,SITE_MANAGER,scott.wright@mangamahuprimar.school.nz,028-665-9440,2021-05-23,True
5481,2391,Nathan,Henare,HS_REP,nathan.henare@mangamahuprimar.school.nz,025-271-6764,2020-08-05,True
5482,2391,Simon,Hall,CARETAKER,simon.hall@mangamahuprimar.school.nz,022-705-9987,2021-04-24,True
5483,2392,David,White,PRINCIPAL,david.white@mangawekaschool.school.nz,025-312-1359,2022-08-26,True
5484,2392,Rachel,Taylor,SITE_MANAGER,rachel.taylor@mangawekaschool.school.nz,028-670-1527,2021-01-25,True
5485,2392,Freya,Singh,HS_REP,freya.singh@mangawekaschool.school.nz,028-856-9517,2022-03-23,True
5486,2393,Nicola,Bennett,PRINCIPAL,nicola.bennett@manunuischool.school.nz,024-185-6181,2021-01-12,True
5487,2393,Joanne,Jones,SITE_MANAGER,joanne.jones@manunuischool.school.nz,024-305-4231,2020-07-03,True
5488,2393,Daniel,Hall,HS_REP,daniel.hall@manunuischool.school.nz,025-898-1193,2022-05-25,True
5489,2393,Josh,Fraser,CARETAKER,josh.fraser@manunuischool.school.nz,025-430-3976,2022-08-07,True
5490,2395,Ruby,Edwards,PRINCIPAL,ruby.edwards@stmarcellinscho.school.nz,028-179-8101,2020-07-02,True
5491,2395,Sarah,Chen,SITE_MANAGER,sarah.chen@stmarcellinscho.school.nz,025-605-9226,2020-10-01,True
5492,2395,Aria,Young,HS_REP,aria.young@stmarcellinscho.school.nz,022-614-3093,2020-08-29,True
5493,2396,Rawiri,Walker,PRINCIPAL,rawiri.walker@martonjunctions.school.nz,025-155-8601,2022-06-07,True
5494,2396,Grace,Gray,SITE_MANAGER,grace.gray@martonjunctions.school.nz,021-857-4585,2020-02-05,True
5495,2396,Rawiri,Hamilton,HS_REP,rawiri.hamilton@martonjunctions.school.nz,024-199-1356,2020-08-18,True
5496,2396,Scott,Morgan,CARETAKER,scott.morgan@martonjunctions.school.nz,028-640-8080,2020-12-11,True
5497,2397,Georgia,Edwards,PRINCIPAL,georgia.edwards@martonschool.school.nz,021-321-7853,2021-09-26,True
5498,2397,Maia,Martin,SITE_MANAGER,maia.martin@martonschool.school.nz,021-825-5479,2020-10-03,True
5499,2397,Andrew,Patel,HS_REP,andrew.patel@martonschool.school.nz,023-865-4364,2020-12-18,True
5500,2397,Holly,Gray,CARETAKER,holly.gray@martonschool.school.nz,028-543-2175,2021-02-26,True
5501,2398,Grace,Taylor,PRINCIPAL,grace.taylor@mataroaschool.school.nz,024-756-3491,2022-08-31,True
5502,2398,Nicola,Russell,SITE_MANAGER,nicola.russell@mataroaschool.school.nz,028-399-5219,2021-04-19,True
5503,2398,Nathan,Patel,HS_REP,nathan.patel@mataroaschool.school.nz,023-841-4052,2020-02-29,True
5504,2398,Reuben,Morgan,CARETAKER,reuben.morgan@mataroaschool.school.nz,025-935-8341,2020-04-29,True
5505,2400,Sarah,White,PRINCIPAL,sarah.white@milsonschool.school.nz,026-318-7258,2020-03-07,True
5506,2400,Michael,Jones,SITE_MANAGER,michael.jones@milsonschool.school.nz,025-516-5854,2021-01-01,True
5507,2400,Ihaia,Smith,HS_REP,ihaia.smith@milsonschool.school.nz,024-400-3495,2022-08-27,True
5508,2401,Freya,Scott,PRINCIPAL,freya.scott@moawhangoschool.school.nz,021-461-3828,2021-03-15,True
5509,2401,Craig,Collins,SITE_MANAGER,craig.collins@moawhangoschool.school.nz,028-876-8134,2021-01-12,True
5510,2401,Ihaia,Kumar,HS_REP,ihaia.kumar@moawhangoschool.school.nz,021-752-7327,2022-07-29,True
5511,2401,Karen,Kumar,CARETAKER,karen.kumar@moawhangoschool.school.nz,025-626-3886,2020-09-14,True
5512,2402,Kauri,Edwards,PRINCIPAL,kauri.edwards@monrad-tekurawa.school.nz,024-909-6215,2021-11-30,True
5513,2402,Ben,Watson,SITE_MANAGER,ben.watson@monrad-tekurawa.school.nz,021-722-2565,2021-08-15,True
5514,2402,Lisa,Lee,HS_REP,lisa.lee@monrad-tekurawa.school.nz,026-796-1849,2020-07-30,True
5515,2403,Emma,Lee,PRINCIPAL,emma.lee@mosstonschool.school.nz,023-503-6624,2021-04-20,True
5516,2403,Rachel,Kumar,SITE_MANAGER,rachel.kumar@mosstonschool.school.nz,026-211-4838,2020-08-11,True
5517,2403,Grace,Walker,HS_REP,grace.walker@mosstonschool.school.nz,026-796-2297,2021-02-21,True
5518,2404,Freya,Harris,PRINCIPAL,freya.harris@mountbiggsschoo.school.nz,022-907-5551,2020-12-03,True
5519,2404,Amber,Collins,SITE_MANAGER,amber.collins@mountbiggsschoo.school.nz,024-553-4076,2021-08-12,True
5520,2404,Caleb,Martin,HS_REP,caleb.martin@mountbiggsschoo.school.nz,024-225-3664,2021-11-24,True
5521,2405,Karen,Singh,PRINCIPAL,karen.singh@nationalparksch.school.nz,026-864-7395,2021-07-21,True
5522,2405,Sam,Fitzgerald,SITE_MANAGER,sam.fitzgerald@nationalparksch.school.nz,021-208-7672,2020-04-03,True
5523,2405,Nathan,Walker,HS_REP,nathan.walker@nationalparksch.school.nz,027-639-6717,2022-06-18,True
5524,2405,Max,Scott,CARETAKER,max.scott@nationalparksch.school.nz,022-444-5911,2022-09-14,True
5525,2406,Rachel,Te Huia,PRINCIPAL,rachel.te huia@newburyschool.school.nz,025-609-5839,2020-07-05,True
5526,2406,Mere,Harris,SITE_MANAGER,mere.harris@newburyschool.school.nz,024-284-2620,2021-01-11,True
5527,2406,Freya,Walker,HS_REP,freya.walker@newburyschool.school.nz,026-193-7952,2020-09-29,True
5528,2406,Moana,Fraser,CARETAKER,moana.fraser@newburyschool.school.nz,022-278-7982,2021-10-15,True
5529,2407,Craig,Chen,PRINCIPAL,craig.chen@ngamatapourisch.school.nz,024-488-9374,2021-03-26,True
5530,2407,Josh,Clarke,SITE_MANAGER,josh.clarke@ngamatapourisch.school.nz,026-383-5362,2020-04-27,True
5531,2407,Scott,Thompson,HS_REP,scott.thompson@ngamatapourisch.school.nz,024-559-1000,2020-11-25,True
5532,2407,Moana,Singh,CARETAKER,moana.singh@ngamatapourisch.school.nz,026-313-5202,2021-10-29,True
5533,2409,Grant,Hill,PRINCIPAL,grant.hill@northstreetscho.school.nz,022-902-1760,2020-10-20,True
5534,2409,Tia,Anderson,SITE_MANAGER,tia.anderson@northstreetscho.school.nz,027-907-1634,2020-05-31,True
5535,2409,Nathan,Anderson,HS_REP,nathan.anderson@northstreetscho.school.nz,021-195-1981,2021-05-16,True
5536,2410,Georgia,Mitchell,PRINCIPAL,georgia.mitchell@ohakuneschool.school.nz,026-458-1856,2020-12-04,True
5537,2410,Joanne,Rewi,SITE_MANAGER,joanne.rewi@ohakuneschool.school.nz,023-886-2306,2020-08-19,True
5538,2410,Noah,Smith,HS_REP,noah.smith@ohakuneschool.school.nz,028-427-4435,2021-02-09,True
5539,2410,Sophie,Kim,CARETAKER,sophie.kim@ohakuneschool.school.nz,028-714-5327,2020-02-23,True
5540,2412,Isla,Nguyen,PRINCIPAL,isla.nguyen@okoiaschool.school.nz,026-783-3322,2020-06-05,True
5541,2412,Amber,Fraser,SITE_MANAGER,amber.fraser@okoiaschool.school.nz,027-186-5797,2020-10-27,True
5542,2412,Noah,Fraser,HS_REP,noah.fraser@okoiaschool.school.nz,027-798-2167,2021-05-13,True
5543,2413,Mere,Gallagher,PRINCIPAL,mere.gallagher@orautohaschool.school.nz,021-742-6416,2022-04-05,True
5544,2413,Wiremu,Kumar,SITE_MANAGER,wiremu.kumar@orautohaschool.school.nz,026-937-9302,2022-08-05,True
5545,2413,Olivia,Henderson,HS_REP,olivia.henderson@orautohaschool.school.nz,022-687-6889,2020-02-03,True
5546,2413,Olivia,Clarke,CARETAKER,olivia.clarke@orautohaschool.school.nz,021-232-1995,2022-09-15,True
5547,2414,Mere,Hill,PRINCIPAL,mere.hill@orouadownsschoo.school.nz,027-541-2903,2020-07-08,True
5548,2414,Paula,Wright,SITE_MANAGER,paula.wright@orouadownsschoo.school.nz,026-643-3390,2020-06-28,True
5549,2414,Karen,Kim,HS_REP,karen.kim@orouadownsschoo.school.nz,028-202-4046,2021-01-02,True
5550,2416,Holly,Smith,PRINCIPAL,holly.smith@ourladyoflourde.school.nz,028-414-1401,2021-03-22,True
5551,2416,Donna,Fitzgerald,SITE_MANAGER,donna.fitzgerald@ourladyoflourde.school.nz,025-734-7820,2021-11-13,True
5552,2416,Liam,Jones,HS_REP,liam.jones@ourladyoflourde.school.nz,027-630-9433,2022-08-30,True
5553,2417,Holly,Collins,PRINCIPAL,holly.collins@ōwhangoschool.school.nz,028-522-1854,2020-02-29,True
5554,2417,Nicola,Nguyen,SITE_MANAGER,nicola.nguyen@ōwhangoschool.school.nz,022-603-4185,2020-08-11,True
5555,2417,Rawiri,Stewart,HS_REP,rawiri.stewart@ōwhangoschool.school.nz,023-862-7659,2020-04-18,True
5556,2418,Matthew,Harris,PRINCIPAL,matthew.harris@centralnormalsc.school.nz,026-235-9214,2022-04-29,True
5557,2418,Matthew,Green,SITE_MANAGER,matthew.green@centralnormalsc.school.nz,021-873-8214,2022-05-07,True
5558,2418,Ryan,Henare,HS_REP,ryan.henare@centralnormalsc.school.nz,022-616-6087,2022-04-06,True
5559,2419,Ruby,Campbell,PRINCIPAL,ruby.campbell@palmerstonnorth.school.nz,024-667-4034,2020-09-12,True
5560,2419,Kaia,Cooper,SITE_MANAGER,kaia.cooper@palmerstonnorth.school.nz,026-950-7393,2022-06-17,True
5561,2419,Daniel,Kim,HS_REP,daniel.kim@palmerstonnorth.school.nz,024-415-5867,2020-05-11,True
5562,2419,Matthew,Chen,CARETAKER,matthew.chen@palmerstonnorth.school.nz,026-977-3674,2022-07-27,True
5563,2420,Paula,Baker,PRINCIPAL,paula.baker@papanuijunction.school.nz,027-443-6238,2021-08-30,True
5564,2420,Mere,Wright,SITE_MANAGER,mere.wright@papanuijunction.school.nz,025-401-4761,2020-09-28,True
5565,2420,Mark,Nguyen,HS_REP,mark.nguyen@papanuijunction.school.nz,024-129-3699,2020-05-29,True
5566,2420,Jessica,Green,CARETAKER,jessica.green@papanuijunction.school.nz,025-922-8729,2022-04-02,True
5567,2424,Tia,Russell,PRINCIPAL,tia.russell@parklandschool(.school.nz,023-845-5486,2020-10-10,True
5568,2424,Finn,Green,SITE_MANAGER,finn.green@parklandschool(.school.nz,022-125-4425,2021-01-10,True
5569,2424,Sarah,Edwards,HS_REP,sarah.edwards@parklandschool(.school.nz,026-179-2904,2021-12-07,True
5570,2424,Stacey,Jones,CARETAKER,stacey.jones@parklandschool(.school.nz,024-225-7861,2021-09-20,True
5571,2428,Reuben,Clarke,PRINCIPAL,reuben.clarke@pukeokahuschool.school.nz,025-830-1177,2021-09-06,True
5572,2428,Nathan,Roberts,SITE_MANAGER,nathan.roberts@pukeokahuschool.school.nz,026-937-3598,2021-08-22,True
5573,2428,James,Nguyen,HS_REP,james.nguyen@pukeokahuschool.school.nz,027-373-3024,2021-02-26,True
5574,2428,Michael,Taukiri,CARETAKER,michael.taukiri@pukeokahuschool.school.nz,021-903-2834,2021-02-18,True
5575,2429,Wiremu,Martin,PRINCIPAL,wiremu.martin@raetihiprimarys.school.nz,027-359-8637,2020-01-06,True
5576,2429,Ruby,Morgan,SITE_MANAGER,ruby.morgan@raetihiprimarys.school.nz,026-396-2626,2021-06-03,True
5577,2429,Sarah,Brown,HS_REP,sarah.brown@raetihiprimarys.school.nz,023-571-2720,2021-01-04,True
5578,2436,Mark,Fitzgerald,PRINCIPAL,mark.fitzgerald@wharekuramorehu.school.nz,027-924-9957,2021-03-30,True
5579,2436,Karen,Morgan,SITE_MANAGER,karen.morgan@wharekuramorehu.school.nz,022-123-5652,2020-03-18,True
5580,2436,Finn,Russell,HS_REP,finn.russell@wharekuramorehu.school.nz,021-719-2644,2022-07-17,True
5581,2437,Jessica,Martin,PRINCIPAL,jessica.martin@riverdaleschool.school.nz,024-806-8015,2020-06-14,True
5582,2437,Moana,Gallagher,SITE_MANAGER,moana.gallagher@riverdaleschool.school.nz,021-328-2796,2022-06-28,True
5583,2437,Nathan,Patel,HS_REP,nathan.patel@riverdaleschool.school.nz,022-410-9095,2021-10-10,True
5584,2437,Josh,Mahuta,CARETAKER,josh.mahuta@riverdaleschool.school.nz,027-373-2778,2021-08-30,True
5585,2438,Matthew,Baker,PRINCIPAL,matthew.baker@rongoteaschool.school.nz,025-739-4639,2021-05-24,True
5586,2438,James,Palmer,SITE_MANAGER,james.palmer@rongoteaschool.school.nz,028-925-5572,2020-02-22,True
5587,2438,Chris,Stewart,HS_REP,chris.stewart@rongoteaschool.school.nz,025-702-6540,2021-06-13,True
5588,2439,Sophie,Thompson,PRINCIPAL,sophie.thompson@roslynschool.school.nz,022-529-6218,2020-10-05,True
5589,2439,Mason,Turner,SITE_MANAGER,mason.turner@roslynschool.school.nz,021-530-8997,2022-07-03,True
5590,2439,Craig,Chen,HS_REP,craig.chen@roslynschool.school.nz,027-857-8896,2020-05-22,True
5591,2439,Scott,Henderson,CARETAKER,scott.henderson@roslynschool.school.nz,027-617-6362,2020-09-26,True
5592,2440,Sam,Rewi,PRINCIPAL,sam.rewi@rossintermediat.school.nz,027-900-9485,2020-09-24,True
5593,2440,Mere,Clarke,SITE_MANAGER,mere.clarke@rossintermediat.school.nz,028-338-1748,2022-07-29,True
5594,2440,Hemi,Anderson,HS_REP,hemi.anderson@rossintermediat.school.nz,022-346-3852,2021-04-26,True
5595,2441,Paula,Hill,PRINCIPAL,paula.hill@russellstreetsc.school.nz,026-371-1931,2022-08-21,True
5596,2441,Reuben,Wilson,SITE_MANAGER,reuben.wilson@russellstreetsc.school.nz,024-758-5507,2020-01-29,True
5597,2441,Tracey,Mitchell,HS_REP,tracey.mitchell@russellstreetsc.school.nz,027-214-7904,2020-11-21,True
5598,2442,Aria,Watson,PRINCIPAL,aria.watson@tekurawaengaoru.school.nz,023-232-4413,2021-08-02,True
5599,2442,Ihaia,Turner,SITE_MANAGER,ihaia.turner@tekurawaengaoru.school.nz,028-193-8198,2020-03-22,True
5600,2442,Holly,Harawira,HS_REP,holly.harawira@tekurawaengaoru.school.nz,028-402-9680,2020-07-21,True
5601,2442,Noah,Cooper,CARETAKER,noah.cooper@tekurawaengaoru.school.nz,028-726-5495,2021-09-12,True
5602,2443,Michael,Chen,PRINCIPAL,michael.chen@sansonschool.school.nz,025-348-8246,2021-05-16,True
5603,2443,Maia,Burns,SITE_MANAGER,maia.burns@sansonschool.school.nz,022-991-8123,2020-11-27,True
5604,2443,Tane,Martin,HS_REP,tane.martin@sansonschool.school.nz,026-595-6205,2022-04-15,True
5605,2443,Tia,Walker,CARETAKER,tia.walker@sansonschool.school.nz,028-809-3157,2022-01-18,True
5606,2445,Aria,Harris,PRINCIPAL,aria.harris@tkkmongatikahun.school.nz,024-883-6188,2021-05-18,True
5607,2445,Kauri,Gray,SITE_MANAGER,kauri.gray@tkkmongatikahun.school.nz,025-320-8028,2020-07-24,True
5608,2445,Ruby,Turner,HS_REP,ruby.turner@tkkmongatikahun.school.nz,023-174-9565,2021-04-19,True
5609,2445,Donna,Gray,CARETAKER,donna.gray@tkkmongatikahun.school.nz,024-875-9054,2022-04-11,True
5610,2446,Lisa,Taukiri,PRINCIPAL,lisa.taukiri@southmakirikiri.school.nz,026-679-6717,2020-10-09,True
5611,2446,Michael,Johnston,SITE_MANAGER,michael.johnston@southmakirikiri.school.nz,022-434-6920,2021-10-17,True
5612,2446,Rachel,Young,HS_REP,rachel.young@southmakirikiri.school.nz,025-395-1360,2020-10-14,True
5613,2446,Emma,Crawford,CARETAKER,emma.crawford@southmakirikiri.school.nz,022-465-1950,2020-06-05,True
5614,2447,Finn,Palmer,PRINCIPAL,finn.palmer@stannesschool(w.school.nz,021-716-3319,2022-07-03,True
5615,2447,Anika,Brown,SITE_MANAGER,anika.brown@stannesschool(w.school.nz,028-245-3354,2021-06-24,True
5616,2447,Noah,Cooper,HS_REP,noah.cooper@stannesschool(w.school.nz,027-154-2753,2020-05-28,True
5617,2449,Paula,Hall,PRINCIPAL,paula.hall@stjamescatholic.school.nz,021-532-2060,2020-08-05,True
5618,2449,Nicola,Mitchell,SITE_MANAGER,nicola.mitchell@stjamescatholic.school.nz,021-197-3619,2022-09-12,True
5619,2449,Sarah,Mahuta,HS_REP,sarah.mahuta@stjamescatholic.school.nz,025-115-5976,2021-02-16,True
5620,2450,Moana,Johnston,PRINCIPAL,moana.johnston@stjohnshillscho.school.nz,028-175-7451,2021-09-03,True
5621,2450,Kaia,Young,SITE_MANAGER,kaia.young@stjohnshillscho.school.nz,023-816-6835,2020-06-15,True
5622,2450,Holly,Campbell,HS_REP,holly.campbell@stjohnshillscho.school.nz,022-564-9890,2020-08-14,True
5623,2450,Olivia,Mahuta,CARETAKER,olivia.mahuta@stjohnshillscho.school.nz,021-552-4684,2022-02-01,True
5624,2451,Ryan,Gallagher,PRINCIPAL,ryan.gallagher@stjosephsschool.school.nz,021-908-7824,2021-08-05,True
5625,2451,Hayley,Brown,SITE_MANAGER,hayley.brown@stjosephsschool.school.nz,024-734-6036,2021-09-12,True
5626,2451,Ryan,Lee,HS_REP,ryan.lee@stjosephsschool.school.nz,023-696-6270,2020-03-31,True
5627,2451,Grant,Rewi,CARETAKER,grant.rewi@stjosephsschool.school.nz,024-702-9609,2022-08-06,True
5628,2452,Charlotte,Morgan,PRINCIPAL,charlotte.morgan@stjosephsschool.school.nz,027-371-2043,2021-06-02,True
5629,2452,Mere,Te Huia,SITE_MANAGER,mere.te huia@stjosephsschool.school.nz,026-656-3051,2020-03-14,True
5630,2452,Georgia,Russell,HS_REP,georgia.russell@stjosephsschool.school.nz,027-209-8054,2020-09-28,True
5631,2453,Finn,King,PRINCIPAL,finn.king@stjosephsschool.school.nz,028-971-1545,2021-12-06,True
5632,2453,Jessica,Kumar,SITE_MANAGER,jessica.kumar@stjosephsschool.school.nz,027-595-8192,2020-07-10,True
5633,2453,Jessica,Singh,HS_REP,jessica.singh@stjosephsschool.school.nz,021-358-8913,2021-02-03,True
5634,2453,James,Taukiri,CARETAKER,james.taukiri@stjosephsschool.school.nz,025-383-7755,2022-05-06,True
5635,2454,Freya,Watson,PRINCIPAL,freya.watson@stmarysschool(w.school.nz,022-723-5291,2021-10-19,True
5636,2454,Nicola,Patel,SITE_MANAGER,nicola.patel@stmarysschool(w.school.nz,023-357-6393,2020-12-26,True
5637,2454,Kylie,Lee,HS_REP,kylie.lee@stmarysschool(w.school.nz,022-977-2971,2020-09-25,True
5638,2454,Isla,Mahuta,CARETAKER,isla.mahuta@stmarysschool(w.school.nz,027-902-1887,2022-03-07,True
5639,2455,Nicola,Patel,PRINCIPAL,nicola.patel@stmarysschool(f.school.nz,027-434-5349,2021-02-15,True
5640,2455,Kauri,Wilson,SITE_MANAGER,kauri.wilson@stmarysschool(f.school.nz,027-433-9060,2022-09-25,True
5641,2455,Stacey,Rewi,HS_REP,stacey.rewi@stmarysschool(f.school.nz,024-649-9516,2020-10-11,True
5642,2456,Liam,Edwards,PRINCIPAL,liam.edwards@stmatthewsschoo.school.nz,027-484-7957,2022-09-18,True
5643,2456,Lisa,Walker,SITE_MANAGER,lisa.walker@stmatthewsschoo.school.nz,024-863-7017,2021-02-28,True
5644,2456,James,Wright,HS_REP,james.wright@stmatthewsschoo.school.nz,021-607-8021,2020-01-09,True
5645,2457,Georgia,Fitzgerald,PRINCIPAL,georgia.fitzgerald@stmarysschool(p.school.nz,023-702-4560,2021-04-04,True
5646,2457,Luke,Williams,SITE_MANAGER,luke.williams@stmarysschool(p.school.nz,024-434-6702,2020-09-29,True
5647,2457,Joanne,Mitchell,HS_REP,joanne.mitchell@stmarysschool(p.school.nz,026-808-2750,2022-03-16,True
5648,2457,Aroha,Kim,CARETAKER,aroha.kim@stmarysschool(p.school.nz,022-891-5418,2021-10-12,True
5649,2460,Liam,Gallagher,PRINCIPAL,liam.gallagher@takaroschool.school.nz,025-455-2418,2021-07-04,True
5650,2460,Ben,Thompson,SITE_MANAGER,ben.thompson@takaroschool.school.nz,025-443-1535,2020-10-21,True
5651,2460,Shane,Edwards,HS_REP,shane.edwards@takaroschool.school.nz,021-174-6131,2021-01-23,True
5652,2461,Michael,Fitzgerald,PRINCIPAL,michael.fitzgerald@tangimoanaschoo.school.nz,023-926-1480,2020-05-29,True
5653,2461,Charlotte,Mahuta,SITE_MANAGER,charlotte.mahuta@tangimoanaschoo.school.nz,022-191-2845,2021-02-14,True
5654,2461,Tia,Wright,HS_REP,tia.wright@tangimoanaschoo.school.nz,028-843-7801,2021-08-28,True
5655,2461,Matthew,Wright,CARETAKER,matthew.wright@tangimoanaschoo.school.nz,024-151-3593,2020-12-14,True
5656,2462,Georgia,Clarke,PRINCIPAL,georgia.clarke@taonuischool.school.nz,023-991-7298,2022-02-01,True
5657,2462,Isla,Morgan,SITE_MANAGER,isla.morgan@taonuischool.school.nz,026-430-3967,2022-08-30,True
5658,2462,Reuben,Harris,HS_REP,reuben.harris@taonuischool.school.nz,027-477-6278,2021-05-15,True
5659,2463,Georgia,Edwards,PRINCIPAL,georgia.edwards@taoroaschool.school.nz,024-413-6343,2020-04-09,True
5660,2463,Anika,Wong,SITE_MANAGER,anika.wong@taoroaschool.school.nz,023-658-7487,2021-08-29,True
5661,2463,Anika,Rewi,HS_REP,anika.rewi@taoroaschool.school.nz,022-798-7547,2021-03-28,True
5662,2465,Maia,Henare,PRINCIPAL,maia.henare@tawheroschool.school.nz,028-394-3375,2020-01-08,True
5663,2465,Liam,Turner,SITE_MANAGER,liam.turner@tawheroschool.school.nz,023-725-8131,2020-11-13,True
5664,2465,Aroha,Murray,HS_REP,aroha.murray@tawheroschool.school.nz,021-191-7963,2020-03-06,True
5665,2466,Nicola,Rewi,PRINCIPAL,nicola.rewi@terraceendschoo.school.nz,023-649-9528,2021-12-24,True
5666,2466,Donna,Watson,SITE_MANAGER,donna.watson@terraceendschoo.school.nz,021-364-8107,2020-05-29,True
5667,2466,Holly,Collins,HS_REP,holly.collins@terraceendschoo.school.nz,026-303-9795,2020-01-06,True
5668,2466,Joanne,Edwards,CARETAKER,joanne.edwards@terraceendschoo.school.nz,024-823-3748,2020-11-15,True
5669,2467,Olivia,Edwards,PRINCIPAL,olivia.edwards@turiteaschool.school.nz,025-601-7436,2022-09-16,True
5670,2467,Hayley,Anderson,SITE_MANAGER,hayley.anderson@turiteaschool.school.nz,027-249-8002,2020-03-11,True
5671,2467,Sarah,Wright,HS_REP,sarah.wright@turiteaschool.school.nz,021-604-3441,2020-05-07,True
5672,2468,Sarah,White,PRINCIPAL,sarah.white@turakinaschool.school.nz,022-793-9042,2021-08-11,True
5673,2468,Stacey,Roberts,SITE_MANAGER,stacey.roberts@turakinaschool.school.nz,027-510-6103,2022-01-27,True
5674,2468,Mere,Rewi,HS_REP,mere.rewi@turakinaschool.school.nz,027-618-2890,2021-02-22,True
5675,2468,Isla,Campbell,CARETAKER,isla.campbell@turakinaschool.school.nz,022-221-3120,2020-02-14,True
5676,2469,Hayley,Henderson,PRINCIPAL,hayley.henderson@upokongaroschoo.school.nz,021-666-1171,2021-09-25,True
5677,2469,James,Taukiri,SITE_MANAGER,james.taukiri@upokongaroschoo.school.nz,027-544-2150,2020-08-07,True
5678,2469,Matiu,Edwards,HS_REP,matiu.edwards@upokongaroschoo.school.nz,025-955-9629,2020-09-17,True
5679,2469,Ryan,Roberts,CARETAKER,ryan.roberts@upokongaroschoo.school.nz,023-369-7585,2022-03-23,True
5680,2472,Nicola,Clarke,PRINCIPAL,nicola.clarke@waiouruschool.school.nz,028-799-9017,2022-07-23,True
5681,2472,Reuben,Martin,SITE_MANAGER,reuben.martin@waiouruschool.school.nz,025-672-7782,2021-12-10,True
5682,2472,Jack,Harawira,HS_REP,jack.harawira@waiouruschool.school.nz,026-607-2651,2021-05-04,True
5683,2474,Sarah,Patel,PRINCIPAL,sarah.patel@waitotaraschool.school.nz,028-946-4086,2021-12-29,True
5684,2474,Tia,Anderson,SITE_MANAGER,tia.anderson@waitotaraschool.school.nz,028-136-8197,2020-07-04,True
5685,2474,Hayley,Gray,HS_REP,hayley.gray@waitotaraschool.school.nz,022-951-8229,2020-03-14,True
5686,2474,Stacey,Gallagher,CARETAKER,stacey.gallagher@waitotaraschool.school.nz,028-139-8137,2021-11-24,True
5687,2475,Stacey,King,PRINCIPAL,stacey.king@waitunawestscho.school.nz,027-943-4061,2020-06-14,True
5688,2475,Ethan,Burns,SITE_MANAGER,ethan.burns@waitunawestscho.school.nz,023-367-9574,2021-05-23,True
5689,2475,Rachel,Martin,HS_REP,rachel.martin@waitunawestscho.school.nz,023-418-5932,2021-06-29,True
5690,2476,Donna,Patel,PRINCIPAL,donna.patel@whanganuieastsc.school.nz,021-467-1037,2021-06-29,True
5691,2476,Luke,Mitchell,SITE_MANAGER,luke.mitchell@whanganuieastsc.school.nz,025-956-6377,2020-02-01,True
5692,2476,Matiu,Singh,HS_REP,matiu.singh@whanganuieastsc.school.nz,024-724-2110,2020-01-21,True
5693,2477,Craig,Cooper,PRINCIPAL,craig.cooper@whanganuiinterm.school.nz,028-847-8523,2021-09-16,True
5694,2477,Lisa,Palmer,SITE_MANAGER,lisa.palmer@whanganuiinterm.school.nz,021-153-5727,2021-08-10,True
5695,2477,Holly,Collins,HS_REP,holly.collins@whanganuiinterm.school.nz,024-996-6197,2020-09-02,True
5696,2478,Holly,Kumar,PRINCIPAL,holly.kumar@waverleyprimary.school.nz,022-974-2190,2021-03-22,True
5697,2478,Georgia,Watson,SITE_MANAGER,georgia.watson@waverleyprimary.school.nz,022-873-7113,2020-04-28,True
5698,2478,Matthew,Wright,HS_REP,matthew.wright@waverleyprimary.school.nz,021-968-4344,2020-02-05,True
5699,2478,Grace,Williams,CARETAKER,grace.williams@waverleyprimary.school.nz,022-961-9959,2020-07-11,True
5700,2479,Jessica,Collins,PRINCIPAL,jessica.collins@westendschool(p.school.nz,024-769-3751,2020-11-04,True
5701,2479,Paula,Williams,SITE_MANAGER,paula.williams@westendschool(p.school.nz,025-543-6794,2020-06-02,True
5702,2479,Scott,Mitchell,HS_REP,scott.mitchell@westendschool(p.school.nz,023-191-3398,2020-08-16,True
5703,2479,Holly,Johnston,CARETAKER,holly.johnston@westendschool(p.school.nz,027-553-4297,2022-04-04,True
5704,2480,Emma,Clarke,PRINCIPAL,emma.clarke@westmereschool-.school.nz,021-635-8372,2021-03-26,True
5705,2480,Michael,Rewi,SITE_MANAGER,michael.rewi@westmereschool-.school.nz,024-473-6998,2021-11-04,True
5706,2480,Wiremu,Johnston,HS_REP,wiremu.johnston@westmereschool-.school.nz,026-672-3114,2022-04-06,True
5707,2480,Nicola,Tamati,CARETAKER,nicola.tamati@westmereschool-.school.nz,022-135-5633,2020-08-14,True
5708,2481,Rawiri,Young,PRINCIPAL,rawiri.young@whakarongoschoo.school.nz,025-586-3116,2021-04-10,True
5709,2481,Charlotte,Henare,SITE_MANAGER,charlotte.henare@whakarongoschoo.school.nz,027-943-9185,2020-03-03,True
5710,2481,Grace,Thompson,HS_REP,grace.thompson@whakarongoschoo.school.nz,028-701-4945,2022-08-16,True
5711,2482,Tane,Turner,PRINCIPAL,tane.turner@whangaehuschool.school.nz,023-147-4436,2022-07-05,True
5712,2482,Nicola,Wright,SITE_MANAGER,nicola.wright@whangaehuschool.school.nz,022-719-6081,2021-02-17,True
5713,2482,Amelia,Baker,HS_REP,amelia.baker@whangaehuschool.school.nz,024-825-2129,2021-08-13,True
5714,2483,Matiu,Tamati,PRINCIPAL,matiu.tamati@whenuakuraschoo.school.nz,024-481-2413,2021-02-11,True
5715,2483,Charlotte,Bennett,SITE_MANAGER,charlotte.bennett@whenuakuraschoo.school.nz,026-252-3353,2021-07-23,True
5716,2483,David,Jones,HS_REP,david.jones@whenuakuraschoo.school.nz,025-834-6716,2022-03-29,True
5717,2483,Liam,Taukiri,CARETAKER,liam.taukiri@whenuakuraschoo.school.nz,025-300-7338,2022-08-14,True
5718,2484,Chris,King,PRINCIPAL,chris.king@winchesterschoo.school.nz,027-672-3136,2022-04-04,True
5719,2484,Rachel,Morgan,SITE_MANAGER,rachel.morgan@winchesterschoo.school.nz,024-476-3553,2020-11-03,True
5720,2484,Simon,Gray,HS_REP,simon.gray@winchesterschoo.school.nz,028-117-2478,2021-03-11,True
5721,2484,Chris,Rewi,CARETAKER,chris.rewi@winchesterschoo.school.nz,022-260-3722,2020-11-23,True
5722,2542,Jessica,Wright,PRINCIPAL,jessica.wright@argylleastschoo.school.nz,027-261-3110,2022-08-16,True
5723,2542,Ben,Kumar,SITE_MANAGER,ben.kumar@argylleastschoo.school.nz,027-561-8936,2022-01-08,True
5724,2542,Donna,Green,HS_REP,donna.green@argylleastschoo.school.nz,022-536-9634,2021-10-17,True
5725,2543,Mere,Wilson,PRINCIPAL,mere.wilson@arthurmillersch.school.nz,022-582-8461,2020-11-29,True
5726,2543,Aroha,Henderson,SITE_MANAGER,aroha.henderson@arthurmillersch.school.nz,024-760-4777,2020-07-09,True
5727,2543,Ben,Walker,HS_REP,ben.walker@arthurmillersch.school.nz,026-965-5365,2020-06-27,True
5728,2544,Ruby,Anderson,PRINCIPAL,ruby.anderson@awapunischool(g.school.nz,023-973-9174,2021-03-11,True
5729,2544,Holly,Nguyen,SITE_MANAGER,holly.nguyen@awapunischool(g.school.nz,023-911-9529,2022-03-25,True
5730,2544,Craig,Johnston,HS_REP,craig.johnston@awapunischool(g.school.nz,024-472-8083,2020-11-26,True
5731,2544,Moana,Morgan,CARETAKER,moana.morgan@awapunischool(g.school.nz,026-516-1397,2020-12-17,True
5732,2546,Karen,Smith,PRINCIPAL,karen.smith@bledisloeschool.school.nz,024-403-9616,2020-09-06,True
5733,2546,Finn,Hall,SITE_MANAGER,finn.hall@bledisloeschool.school.nz,021-957-1735,2022-05-10,True
5734,2546,Ben,Wong,HS_REP,ben.wong@bledisloeschool.school.nz,028-863-3268,2021-09-23,True
5735,2546,Moana,Green,CARETAKER,moana.green@bledisloeschool.school.nz,022-483-9135,2021-09-23,True
5736,2547,Lisa,Gallagher,PRINCIPAL,lisa.gallagher@bridgepaschool.school.nz,024-908-2106,2020-11-10,True
5737,2547,Amelia,Thompson,SITE_MANAGER,amelia.thompson@bridgepaschool.school.nz,028-427-5902,2021-08-12,True
5738,2547,Anika,Murray,HS_REP,anika.murray@bridgepaschool.school.nz,026-154-4310,2021-11-07,True
5739,2547,Paula,Burns,CARETAKER,paula.burns@bridgepaschool.school.nz,024-258-1004,2020-02-05,True
5740,2548,Anika,Cooper,PRINCIPAL,anika.cooper@camberleyschool.school.nz,028-493-8001,2021-01-10,True
5741,2548,James,Williams,SITE_MANAGER,james.williams@camberleyschool.school.nz,021-648-1216,2021-07-13,True
5742,2548,Karen,Burns,HS_REP,karen.burns@camberleyschool.school.nz,025-706-9812,2022-04-13,True
5743,2548,Jack,Bennett,CARETAKER,jack.bennett@camberleyschool.school.nz,021-323-9029,2021-02-28,True
5744,2549,Hayley,Cooper,PRINCIPAL,hayley.cooper@cliveschool.school.nz,023-159-6543,2021-09-27,True
5745,2549,Andrew,Watson,SITE_MANAGER,andrew.watson@cliveschool.school.nz,021-208-1814,2021-10-25,True
5746,2549,Holly,Hall,HS_REP,holly.hall@cliveschool.school.nz,021-158-7929,2020-09-03,True
5747,2549,Caleb,Stewart,CARETAKER,caleb.stewart@cliveschool.school.nz,021-945-5740,2021-01-27,True
5748,2553,James,Russell,PRINCIPAL,james.russell@dannevirkesouth.school.nz,022-846-5637,2021-11-04,True
5749,2553,Ryan,Rewi,SITE_MANAGER,ryan.rewi@dannevirkesouth.school.nz,028-823-1577,2020-08-01,True
5750,2553,Josh,Martin,HS_REP,josh.martin@dannevirkesouth.school.nz,021-705-2644,2021-05-12,True
5751,2553,Wiremu,Patel,CARETAKER,wiremu.patel@dannevirkesouth.school.nz,027-806-1895,2020-06-29,True
5752,2554,Jessica,Walker,PRINCIPAL,jessica.walker@ebbettparkschoo.school.nz,027-385-2421,2022-02-17,True
5753,2554,Wiremu,Cooper,SITE_MANAGER,wiremu.cooper@ebbettparkschoo.school.nz,027-293-2425,2022-09-01,True
5754,2554,Ethan,Stewart,HS_REP,ethan.stewart@ebbettparkschoo.school.nz,025-134-8205,2022-07-31,True
5755,2554,Scott,Watson,CARETAKER,scott.watson@ebbettparkschoo.school.nz,022-979-8372,2020-10-17,True
5756,2555,Amber,Johnston,PRINCIPAL,amber.johnston@elginschool.school.nz,024-602-2695,2020-01-04,True
5757,2555,Georgia,Martin,SITE_MANAGER,georgia.martin@elginschool.school.nz,022-903-5133,2021-09-19,True
5758,2555,Freya,Kim,HS_REP,freya.kim@elginschool.school.nz,028-632-6733,2020-01-21,True
5759,2555,David,Tamati,CARETAKER,david.tamati@elginschool.school.nz,023-925-3122,2021-08-15,True
5760,2556,Liam,Campbell,PRINCIPAL,liam.campbell@elsthorpeschool.school.nz,026-552-4999,2021-04-23,True
5761,2556,Shane,Lee,SITE_MANAGER,shane.lee@elsthorpeschool.school.nz,025-984-2235,2021-11-10,True
5762,2556,Rachel,King,HS_REP,rachel.king@elsthorpeschool.school.nz,023-339-9789,2021-09-02,True
5763,2556,Amelia,Rewi,CARETAKER,amelia.rewi@elsthorpeschool.school.nz,022-323-2732,2020-03-14,True
5764,2557,Brooke,Williams,PRINCIPAL,brooke.williams@eskdaleschool.school.nz,027-648-1088,2021-04-25,True
5765,2557,Ruby,Baker,SITE_MANAGER,ruby.baker@eskdaleschool.school.nz,022-235-6809,2021-02-16,True
5766,2557,Ben,Gallagher,HS_REP,ben.gallagher@eskdaleschool.school.nz,021-293-2724,2022-03-11,True
5767,2557,Grant,Tamati,CARETAKER,grant.tamati@eskdaleschool.school.nz,024-658-9147,2020-11-19,True
5768,2558,Georgia,Fitzgerald,PRINCIPAL,georgia.fitzgerald@tekahuamohia-fa.school.nz,028-824-6662,2022-09-21,True
5769,2558,Hemi,Green,SITE_MANAGER,hemi.green@tekahuamohia-fa.school.nz,021-993-2153,2020-04-07,True
5770,2558,Shane,Young,HS_REP,shane.young@tekahuamohia-fa.school.nz,022-743-1083,2021-04-04,True
5771,2558,Jack,Thompson,CARETAKER,jack.thompson@tekahuamohia-fa.school.nz,023-419-8669,2022-09-03,True
5772,2560,Amelia,Rewi,PRINCIPAL,amelia.rewi@flaxmereprimary.school.nz,027-538-4352,2020-05-02,True
5773,2560,Grant,Jones,SITE_MANAGER,grant.jones@flaxmereprimary.school.nz,021-602-1357,2022-02-10,True
5774,2560,Ben,Kim,HS_REP,ben.kim@flaxmereprimary.school.nz,027-821-9127,2021-01-21,True
5775,2560,Brooke,Campbell,CARETAKER,brooke.campbell@flaxmereprimary.school.nz,022-280-4622,2020-06-26,True
5776,2561,Michael,Taukiri,PRINCIPAL,michael.taukiri@flemingtonschoo.school.nz,026-223-4064,2020-02-02,True
5777,2561,Sarah,Baker,SITE_MANAGER,sarah.baker@flemingtonschoo.school.nz,023-144-2625,2021-02-23,True
5778,2561,Shane,Henare,HS_REP,shane.henare@flemingtonschoo.school.nz,021-276-9296,2021-09-18,True
5779,2561,Grant,Harris,CARETAKER,grant.harris@flemingtonschoo.school.nz,025-234-4237,2020-07-16,True
5780,2562,Matiu,Taukiri,PRINCIPAL,matiu.taukiri@frasertownschoo.school.nz,024-679-1105,2020-10-19,True
5781,2562,Ryan,Kumar,SITE_MANAGER,ryan.kumar@frasertownschoo.school.nz,024-596-9751,2021-12-01,True
5782,2562,Maia,Te Huia,HS_REP,maia.te huia@frasertownschoo.school.nz,026-472-9469,2022-08-18,True
5783,2563,Amber,Wright,PRINCIPAL,amber.wright@frimleyschool.school.nz,022-220-5837,2020-04-18,True
5784,2563,Hayley,Kumar,SITE_MANAGER,hayley.kumar@frimleyschool.school.nz,022-653-8870,2020-12-12,True
5785,2563,Reuben,Singh,HS_REP,reuben.singh@frimleyschool.school.nz,026-812-8821,2021-04-13,True
5786,2564,Donna,Parker,PRINCIPAL,donna.parker@gisbornecentral.school.nz,021-863-7258,2020-10-04,True
5787,2564,Grant,Murray,SITE_MANAGER,grant.murray@gisbornecentral.school.nz,026-702-3835,2020-01-06,True
5788,2564,Mark,White,HS_REP,mark.white@gisbornecentral.school.nz,026-671-2293,2022-01-29,True
5789,2566,Caleb,Mahuta,PRINCIPAL,caleb.mahuta@gisborneinterme.school.nz,021-558-4617,2021-04-03,True
5790,2566,David,Cooper,SITE_MANAGER,david.cooper@gisborneinterme.school.nz,023-510-3607,2020-11-20,True
5791,2566,Amber,Gray,HS_REP,amber.gray@gisborneinterme.school.nz,026-484-4571,2020-08-26,True
5792,2566,Nicola,Campbell,CARETAKER,nicola.campbell@gisborneinterme.school.nz,027-495-8719,2022-01-06,True
5793,2567,Grant,Turner,PRINCIPAL,grant.turner@greenmeadowssch.school.nz,024-931-3191,2021-01-18,True
5794,2567,Aria,Anderson,SITE_MANAGER,aria.anderson@greenmeadowssch.school.nz,023-821-8665,2020-06-15,True
5795,2567,Wiremu,Tamati,HS_REP,wiremu.tamati@greenmeadowssch.school.nz,024-777-8139,2021-03-20,True
5796,2569,Simon,Baker,PRINCIPAL,simon.baker@hastingscentral.school.nz,023-931-9745,2020-02-16,True
5797,2569,Grant,Hill,SITE_MANAGER,grant.hill@hastingscentral.school.nz,027-768-2269,2021-06-18,True
5798,2569,David,Scott,HS_REP,david.scott@hastingscentral.school.nz,028-886-3760,2021-04-15,True
5799,2570,Zara,Crawford,PRINCIPAL,zara.crawford@hastingsinterme.school.nz,023-606-5750,2021-01-03,True
5800,2570,Michael,Nguyen,SITE_MANAGER,michael.nguyen@hastingsinterme.school.nz,026-885-2522,2022-09-04,True
5801,2570,Joanne,Turner,HS_REP,joanne.turner@hastingsinterme.school.nz,025-582-9404,2020-04-18,True
5802,2571,Noah,Wong,PRINCIPAL,noah.wong@haumoanaschool.school.nz,022-362-2620,2021-12-10,True
5803,2571,Chris,Jones,SITE_MANAGER,chris.jones@haumoanaschool.school.nz,027-306-9074,2021-07-30,True
5804,2571,Max,Gallagher,HS_REP,max.gallagher@haumoanaschool.school.nz,022-896-9687,2021-11-21,True
5805,2572,Grace,Rewi,PRINCIPAL,grace.rewi@havelocknorthin.school.nz,021-440-3238,2021-08-03,True
5806,2572,Grant,Turner,SITE_MANAGER,grant.turner@havelocknorthin.school.nz,028-148-2057,2020-10-04,True
5807,2572,Kaia,Te Huia,HS_REP,kaia.te huia@havelocknorthin.school.nz,028-163-9343,2022-01-26,True
5808,2572,Michelle,Roberts,CARETAKER,michelle.roberts@havelocknorthin.school.nz,021-272-1278,2020-08-21,True
5809,2573,Charlotte,Martin,PRINCIPAL,charlotte.martin@havelocknorthpr.school.nz,027-590-1226,2022-06-18,True
5810,2573,Joanne,Chen,SITE_MANAGER,joanne.chen@havelocknorthpr.school.nz,022-385-8453,2020-12-19,True
5811,2573,Nathan,Williams,HS_REP,nathan.williams@havelocknorthpr.school.nz,027-329-5719,2021-08-11,True
5812,2573,Moana,Palmer,CARETAKER,moana.palmer@havelocknorthpr.school.nz,025-740-3036,2020-04-17,True
5813,2574,Mere,Williams,PRINCIPAL,mere.williams@henryhillschool.school.nz,028-527-4852,2020-03-28,True
5814,2574,Rawiri,Martin,SITE_MANAGER,rawiri.martin@henryhillschool.school.nz,021-226-6409,2020-06-12,True
5815,2574,Rawiri,Chen,HS_REP,rawiri.chen@henryhillschool.school.nz,025-934-1891,2020-04-11,True
5816,2575,Holly,Watson,PRINCIPAL,holly.watson@heretaungainter.school.nz,026-883-6712,2022-06-18,True
5817,2575,Joanne,Te Huia,SITE_MANAGER,joanne.te huia@heretaungainter.school.nz,022-284-5665,2022-03-18,True
5818,2575,Jack,Nguyen,HS_REP,jack.nguyen@heretaungainter.school.nz,026-103-3130,2020-12-18,True
5819,2575,Grant,Parker,CARETAKER,grant.parker@heretaungainter.school.nz,024-676-5259,2022-09-26,True
5820,2578,Matiu,Bennett,PRINCIPAL,matiu.bennett@hiruharamaschoo.school.nz,022-688-3449,2022-01-22,True
5821,2578,Zara,Mahuta,SITE_MANAGER,zara.mahuta@hiruharamaschoo.school.nz,024-729-6915,2020-01-25,True
5822,2578,Matthew,Chen,HS_REP,matthew.chen@hiruharamaschoo.school.nz,026-647-4751,2022-05-29,True
5823,2581,Finn,Collins,PRINCIPAL,finn.collins@ilminsterinterm.school.nz,026-533-9421,2022-05-08,True
5824,2581,Nicola,Campbell,SITE_MANAGER,nicola.campbell@ilminsterinterm.school.nz,026-903-7519,2020-01-10,True
5825,2581,Stacey,Wong,HS_REP,stacey.wong@ilminsterinterm.school.nz,021-236-1031,2021-07-10,True
5826,2582,Mason,Green,PRINCIPAL,mason.green@irongateschool.school.nz,022-762-7788,2022-08-26,True
5827,2582,Rawiri,King,SITE_MANAGER,rawiri.king@irongateschool.school.nz,023-838-1384,2021-03-09,True
5828,2582,Isla,Fitzgerald,HS_REP,isla.fitzgerald@irongateschool.school.nz,023-255-7313,2020-10-03,True
5829,2584,Amber,Harawira,PRINCIPAL,amber.harawira@kaitischool.school.nz,021-428-4611,2021-08-14,True
5830,2584,Aroha,Walker,SITE_MANAGER,aroha.walker@kaitischool.school.nz,026-144-6532,2022-08-05,True
5831,2584,Michael,Collins,HS_REP,michael.collins@kaitischool.school.nz,028-896-1286,2020-05-20,True
5832,2585,Kylie,Johnston,PRINCIPAL,kylie.johnston@kereruschool.school.nz,022-612-5461,2020-10-18,True
5833,2585,Rachel,Hall,SITE_MANAGER,rachel.hall@kereruschool.school.nz,022-131-3810,2020-08-18,True
5834,2585,Liam,Tamati,HS_REP,liam.tamati@kereruschool.school.nz,022-365-1636,2020-08-13,True
5835,2585,Karen,Hall,CARETAKER,karen.hall@kereruschool.school.nz,026-124-7801,2020-06-07,True
5836,2587,Chris,Baker,PRINCIPAL,chris.baker@kotemaorischool.school.nz,021-166-9239,2021-11-30,True
5837,2587,Brooke,Patel,SITE_MANAGER,brooke.patel@kotemaorischool.school.nz,026-818-5643,2020-08-18,True
5838,2587,James,Hamilton,HS_REP,james.hamilton@kotemaorischool.school.nz,024-823-9551,2021-02-28,True
5839,2588,Ethan,Jones,PRINCIPAL,ethan.jones@kōwhaischool.school.nz,025-310-7618,2020-11-03,True
5840,2588,Olivia,Campbell,SITE_MANAGER,olivia.campbell@kōwhaischool.school.nz,023-652-2497,2020-04-12,True
5841,2588,Kaia,Singh,HS_REP,kaia.singh@kōwhaischool.school.nz,021-532-1576,2020-07-31,True
5842,2590,Ryan,Martin,PRINCIPAL,ryan.martin@lucknowschool.school.nz,024-576-9090,2020-09-19,True
5843,2590,Matiu,Mahuta,SITE_MANAGER,matiu.mahuta@lucknowschool.school.nz,025-251-6870,2020-07-18,True
5844,2590,Nikau,Tamati,HS_REP,nikau.tamati@lucknowschool.school.nz,025-484-9198,2021-07-01,True
5845,2590,Holly,Johnston,CARETAKER,holly.johnston@lucknowschool.school.nz,023-855-9210,2022-09-11,True
5846,2592,Matiu,Anderson,PRINCIPAL,matiu.anderson@mahoraschool.school.nz,028-760-6634,2020-10-18,True
5847,2592,Karen,Stewart,SITE_MANAGER,karen.stewart@mahoraschool.school.nz,023-161-8451,2022-09-07,True
5848,2592,Freya,Hill,HS_REP,freya.hill@mahoraschool.school.nz,024-639-7267,2021-11-23,True
5849,2592,Hemi,Clarke,CARETAKER,hemi.clarke@mahoraschool.school.nz,021-225-3048,2021-03-20,True
5850,2593,Anika,Taylor,PRINCIPAL,anika.taylor@makarakaschool.school.nz,025-388-3082,2020-01-13,True
5851,2593,Brooke,Russell,SITE_MANAGER,brooke.russell@makarakaschool.school.nz,025-510-8953,2021-09-11,True
5852,2593,Sophie,White,HS_REP,sophie.white@makarakaschool.school.nz,021-847-8704,2021-08-24,True
5853,2594,Sarah,Turner,PRINCIPAL,sarah.turner@makarikaschool.school.nz,026-507-8169,2021-08-22,True
5854,2594,Georgia,Campbell,SITE_MANAGER,georgia.campbell@makarikaschool.school.nz,021-697-5978,2020-02-12,True
5855,2594,Luke,Roberts,HS_REP,luke.roberts@makarikaschool.school.nz,026-794-3167,2020-01-27,True
5856,2594,James,Williams,CARETAKER,james.williams@makarikaschool.school.nz,026-287-5828,2021-07-15,True
5857,2595,Mere,Rewi,PRINCIPAL,mere.rewi@makaurischool.school.nz,027-288-7131,2022-01-22,True
5858,2595,Grace,Nguyen,SITE_MANAGER,grace.nguyen@makaurischool.school.nz,024-439-9931,2021-01-22,True
5859,2595,Karen,Walker,HS_REP,karen.walker@makaurischool.school.nz,028-835-1968,2020-12-20,True
5860,2595,Amelia,Wright,CARETAKER,amelia.wright@makaurischool.school.nz,027-613-2738,2022-06-06,True
5861,2597,Josh,Baker,PRINCIPAL,josh.baker@mangapapaschool.school.nz,023-335-2686,2022-08-01,True
5862,2597,Hemi,Harawira,SITE_MANAGER,hemi.harawira@mangapapaschool.school.nz,021-360-7153,2022-04-08,True
5863,2597,Amelia,Wong,HS_REP,amelia.wong@mangapapaschool.school.nz,021-716-5391,2020-11-05,True
5864,2597,Caleb,Chen,CARETAKER,caleb.chen@mangapapaschool.school.nz,021-142-1982,2020-09-11,True
5865,2599,Jack,Green,PRINCIPAL,jack.green@mangatereteresc.school.nz,021-556-9351,2020-12-17,True
5866,2599,Paula,Palmer,SITE_MANAGER,paula.palmer@mangatereteresc.school.nz,026-542-5999,2022-07-06,True
5867,2599,Emma,Fitzgerald,HS_REP,emma.fitzgerald@mangatereteresc.school.nz,022-230-2127,2020-08-02,True
5868,2600,Caleb,Cooper,PRINCIPAL,caleb.cooper@tekuraomāngātun.school.nz,023-611-1711,2020-01-27,True
5869,2600,Michael,Kumar,SITE_MANAGER,michael.kumar@tekuraomāngātun.school.nz,024-198-6246,2020-06-02,True
5870,2600,Aroha,Kim,HS_REP,aroha.kim@tekuraomāngātun.school.nz,022-524-6259,2020-02-04,True
5871,2600,Ihaia,Johnston,CARETAKER,ihaia.johnston@tekuraomāngātun.school.nz,023-746-5470,2020-03-07,True
5872,2602,Olivia,Collins,PRINCIPAL,olivia.collins@manutukeschool.school.nz,027-785-5956,2020-11-29,True
5873,2602,Finn,Singh,SITE_MANAGER,finn.singh@manutukeschool.school.nz,023-546-9264,2022-02-25,True
5874,2602,Michael,Wilson,HS_REP,michael.wilson@manutukeschool.school.nz,021-868-1583,2020-02-03,True
5875,2602,Amelia,Hill,CARETAKER,amelia.hill@manutukeschool.school.nz,027-510-1457,2022-05-31,True
5876,2604,Georgia,Anderson,PRINCIPAL,georgia.anderson@maraenuibilingu.school.nz,027-635-5812,2021-07-05,True
5877,2604,Olivia,White,SITE_MANAGER,olivia.white@maraenuibilingu.school.nz,028-921-5532,2022-05-31,True
5878,2604,Anika,Mahuta,HS_REP,anika.mahuta@maraenuibilingu.school.nz,026-830-8883,2021-07-13,True
5879,2604,Daniel,Fraser,CARETAKER,daniel.fraser@maraenuibilingu.school.nz,028-376-3976,2021-03-04,True
5880,2606,Brooke,Campbell,PRINCIPAL,brooke.campbell@marewaschool.school.nz,022-830-3990,2022-01-08,True
5881,2606,David,Baker,SITE_MANAGER,david.baker@marewaschool.school.nz,027-719-8779,2021-02-02,True
5882,2606,Reuben,Henderson,HS_REP,reuben.henderson@marewaschool.school.nz,027-715-3052,2020-07-31,True
5883,2606,Amber,Russell,CARETAKER,amber.russell@marewaschool.school.nz,023-514-6724,2022-01-28,True
5884,2609,Mere,Hill,PRINCIPAL,mere.hill@tekuraomata.school.nz,025-778-3730,2021-01-16,True
5885,2609,Mason,Hill,SITE_MANAGER,mason.hill@tekuraomata.school.nz,023-914-3457,2021-09-17,True
5886,2609,Brooke,King,HS_REP,brooke.king@tekuraomata.school.nz,025-380-6082,2022-03-20,True
5887,2611,Sam,Martin,PRINCIPAL,sam.martin@matawaischool.school.nz,023-195-6665,2020-03-17,True
5888,2611,Simon,Wong,SITE_MANAGER,simon.wong@matawaischool.school.nz,026-480-4361,2020-04-20,True
5889,2611,Mere,Singh,HS_REP,mere.singh@matawaischool.school.nz,024-295-5389,2022-08-23,True
5890,2612,Sarah,Wilson,PRINCIPAL,sarah.wilson@mayfairschool.school.nz,025-130-5344,2022-06-06,True
5891,2612,David,Morgan,SITE_MANAGER,david.morgan@mayfairschool.school.nz,022-908-7878,2021-07-13,True
5892,2612,Liam,Taukiri,HS_REP,liam.taukiri@mayfairschool.school.nz,022-270-8374,2022-05-30,True
5893,2613,Karen,Te Huia,PRINCIPAL,karen.te huia@meeaneeschool.school.nz,023-956-9668,2021-11-19,True
5894,2613,Kauri,King,SITE_MANAGER,kauri.king@meeaneeschool.school.nz,021-533-6432,2020-01-31,True
5895,2613,Wiremu,Palmer,HS_REP,wiremu.palmer@meeaneeschool.school.nz,022-392-3195,2020-05-29,True
5896,2616,Simon,Collins,PRINCIPAL,simon.collins@motuschool.school.nz,023-914-9640,2020-01-09,True
5897,2616,Liam,Wright,SITE_MANAGER,liam.wright@motuschool.school.nz,024-328-9729,2020-02-15,True
5898,2616,Finn,Thompson,HS_REP,finn.thompson@motuschool.school.nz,026-186-8136,2020-02-09,True
5899,2616,Shane,Palmer,CARETAKER,shane.palmer@motuschool.school.nz,028-684-4102,2021-01-28,True
5900,2617,Nikau,Collins,PRINCIPAL,nikau.collins@muriwaischool.school.nz,022-370-7282,2020-05-28,True
5901,2617,Nathan,Kumar,SITE_MANAGER,nathan.kumar@muriwaischool.school.nz,021-675-7312,2020-08-13,True
5902,2617,Simon,Green,HS_REP,simon.green@muriwaischool.school.nz,021-711-4513,2021-08-25,True
5903,2618,Matthew,Kumar,PRINCIPAL,matthew.kumar@napiercentralsc.school.nz,021-528-9380,2020-06-11,True
5904,2618,Mason,Wilson,SITE_MANAGER,mason.wilson@napiercentralsc.school.nz,021-382-4598,2021-11-16,True
5905,2618,Nicola,Fraser,HS_REP,nicola.fraser@napiercentralsc.school.nz,027-172-2226,2022-03-15,True
5906,2619,Ihaia,Jones,PRINCIPAL,ihaia.jones@napierintermedi.school.nz,028-737-3607,2022-05-09,True
5907,2619,Hayley,Lee,SITE_MANAGER,hayley.lee@napierintermedi.school.nz,027-513-1651,2021-11-25,True
5908,2619,Wiremu,Cooper,HS_REP,wiremu.cooper@napierintermedi.school.nz,027-774-2756,2021-03-15,True
5909,2620,Freya,Anderson,PRINCIPAL,freya.anderson@nelsonparkschoo.school.nz,027-632-9147,2020-11-07,True
5910,2620,David,King,SITE_MANAGER,david.king@nelsonparkschoo.school.nz,025-933-8427,2021-07-07,True
5911,2620,Wiremu,Mitchell,HS_REP,wiremu.mitchell@nelsonparkschoo.school.nz,023-672-3988,2021-01-25,True
5912,2621,Kaia,Taylor,PRINCIPAL,kaia.taylor@ngatapaschool.school.nz,021-532-3754,2022-07-30,True
5913,2621,Aria,Thompson,SITE_MANAGER,aria.thompson@ngatapaschool.school.nz,024-646-4816,2021-01-23,True
5914,2621,Craig,Baker,HS_REP,craig.baker@ngatapaschool.school.nz,021-558-9974,2021-07-16,True
5915,2622,Donna,Roberts,PRINCIPAL,donna.roberts@norsewoodanddis.school.nz,024-863-2466,2020-03-23,True
5916,2622,Rawiri,Watson,SITE_MANAGER,rawiri.watson@norsewoodanddis.school.nz,023-164-1567,2022-02-12,True
5917,2622,Hayley,Murray,HS_REP,hayley.murray@norsewoodanddis.school.nz,028-751-4709,2021-09-16,True
5918,2624,Michelle,Johnston,PRINCIPAL,michelle.johnston@nuhakaschool.school.nz,028-697-4041,2021-01-06,True
5919,2624,Wiremu,Kumar,SITE_MANAGER,wiremu.kumar@nuhakaschool.school.nz,026-309-1095,2020-01-15,True
5920,2624,Mere,Thompson,HS_REP,mere.thompson@nuhakaschool.school.nz,021-874-2112,2020-04-27,True
5921,2624,Finn,Campbell,CARETAKER,finn.campbell@nuhakaschool.school.nz,021-383-2202,2021-04-10,True
5922,2625,Karen,Young,PRINCIPAL,karen.young@ohukaschool.school.nz,028-888-7317,2021-01-13,True
5923,2625,Lisa,Turner,SITE_MANAGER,lisa.turner@ohukaschool.school.nz,024-724-8691,2022-06-07,True
5924,2625,Chris,Parker,HS_REP,chris.parker@ohukaschool.school.nz,021-354-6281,2021-09-14,True
5925,2625,Ben,King,CARETAKER,ben.king@ohukaschool.school.nz,028-706-4117,2021-07-21,True
5926,2626,Sophie,Wright,PRINCIPAL,sophie.wright@omahuschool.school.nz,021-936-7807,2020-08-13,True
5927,2626,Amelia,Patel,SITE_MANAGER,amelia.patel@omahuschool.school.nz,023-587-7955,2022-07-11,True
5928,2626,Scott,Chen,HS_REP,scott.chen@omahuschool.school.nz,024-490-3341,2020-05-18,True
5929,2626,Reuben,Harris,CARETAKER,reuben.harris@omahuschool.school.nz,022-754-9084,2021-03-05,True
5930,2627,Wiremu,Morgan,PRINCIPAL,wiremu.morgan@omakereschool.school.nz,025-588-1736,2022-02-16,True
5931,2627,Scott,Fitzgerald,SITE_MANAGER,scott.fitzgerald@omakereschool.school.nz,027-285-5107,2020-01-24,True
5932,2627,Finn,Clarke,HS_REP,finn.clarke@omakereschool.school.nz,026-214-5148,2022-09-21,True
5933,2628,Tia,Anderson,PRINCIPAL,tia.anderson@onekawaschool.school.nz,022-504-1725,2020-06-12,True
5934,2628,Reuben,Crawford,SITE_MANAGER,reuben.crawford@onekawaschool.school.nz,025-811-6646,2021-08-17,True
5935,2628,Ethan,Edwards,HS_REP,ethan.edwards@onekawaschool.school.nz,027-860-8659,2021-06-07,True
5936,2628,Grace,Wilson,CARETAKER,grace.wilson@onekawaschool.school.nz,023-329-7105,2021-07-14,True
5937,2629,Olivia,Johnston,PRINCIPAL,olivia.johnston@ongaongaschool.school.nz,026-570-6659,2022-03-17,True
5938,2629,Moana,Palmer,SITE_MANAGER,moana.palmer@ongaongaschool.school.nz,026-372-1450,2021-09-09,True
5939,2629,Caleb,Harris,HS_REP,caleb.harris@ongaongaschool.school.nz,028-557-8388,2020-06-09,True
5940,2631,Liam,Parker,PRINCIPAL,liam.parker@ormondschool.school.nz,027-643-5273,2021-08-15,True
5941,2631,Ethan,Collins,SITE_MANAGER,ethan.collins@ormondschool.school.nz,024-815-4742,2021-09-30,True
5942,2631,Sophie,Clarke,HS_REP,sophie.clarke@ormondschool.school.nz,022-583-7921,2021-04-05,True
5943,2631,Matthew,Clarke,CARETAKER,matthew.clarke@ormondschool.school.nz,024-802-1040,2022-02-17,True
5944,2634,Hemi,Wong,PRINCIPAL,hemi.wong@otaneschool.school.nz,025-635-4949,2022-02-28,True
5945,2634,Ethan,Harawira,SITE_MANAGER,ethan.harawira@otaneschool.school.nz,025-794-7192,2020-07-01,True
5946,2634,Nathan,Hall,HS_REP,nathan.hall@otaneschool.school.nz,021-213-8545,2022-06-27,True
5947,2637,Hemi,Jones,PRINCIPAL,hemi.jones@tekuraopakipaki.school.nz,021-375-2225,2020-09-14,True
5948,2637,Sophie,Morgan,SITE_MANAGER,sophie.morgan@tekuraopakipaki.school.nz,023-374-3688,2021-02-21,True
5949,2637,Hemi,Brown,HS_REP,hemi.brown@tekuraopakipaki.school.nz,027-351-6798,2022-01-25,True
5950,2637,Liam,Nguyen,CARETAKER,liam.nguyen@tekuraopakipaki.school.nz,028-587-5329,2021-05-02,True
5951,2638,Amber,Mahuta,PRINCIPAL,amber.mahuta@pakowhaischool.school.nz,022-679-7505,2020-03-01,True
5952,2638,Matiu,Stewart,SITE_MANAGER,matiu.stewart@pakowhaischool.school.nz,023-291-9456,2022-01-24,True
5953,2638,Isla,Young,HS_REP,isla.young@pakowhaischool.school.nz,028-601-4674,2020-03-17,True
5954,2641,Hayley,Rewi,PRINCIPAL,hayley.rewi@parkvaleschool.school.nz,028-834-5931,2022-05-26,True
5955,2641,Amber,Thompson,SITE_MANAGER,amber.thompson@parkvaleschool.school.nz,027-305-2648,2020-01-19,True
5956,2641,James,Hamilton,HS_REP,james.hamilton@parkvaleschool.school.nz,023-586-7742,2022-08-17,True
5957,2641,Ruby,Baker,CARETAKER,ruby.baker@parkvaleschool.school.nz,021-344-3069,2020-02-08,True
5958,2642,Caleb,Crawford,PRINCIPAL,caleb.crawford@patokaschool.school.nz,022-758-9041,2020-09-22,True
5959,2642,Matiu,Kim,SITE_MANAGER,matiu.kim@patokaschool.school.nz,023-591-8750,2020-10-09,True
5960,2642,Chris,Smith,HS_REP,chris.smith@patokaschool.school.nz,023-325-2125,2022-01-03,True
5961,2643,Hayley,Te Huia,PRINCIPAL,hayley.te huia@patutahischool.school.nz,028-373-5567,2021-05-14,True
5962,2643,Zara,Watson,SITE_MANAGER,zara.watson@patutahischool.school.nz,025-455-6117,2020-07-31,True
5963,2643,Donna,Collins,HS_REP,donna.collins@patutahischool.school.nz,028-748-1328,2021-05-16,True
5964,2643,Noah,Young,CARETAKER,noah.young@patutahischool.school.nz,026-625-7410,2021-07-22,True
5965,2644,Moana,Palmer,PRINCIPAL,moana.palmer@tewhaihiringa.school.nz,027-458-5269,2022-03-24,True
5966,2644,Holly,Lee,SITE_MANAGER,holly.lee@tewhaihiringa.school.nz,028-696-5967,2020-09-08,True
5967,2644,Ihaia,Wong,HS_REP,ihaia.wong@tewhaihiringa.school.nz,026-327-2636,2020-10-18,True
5968,2644,Amelia,Stewart,CARETAKER,amelia.stewart@tewhaihiringa.school.nz,025-331-3812,2021-03-15,True
5969,2647,Ryan,Parker,PRINCIPAL,ryan.parker@porrittschool.school.nz,028-457-5164,2022-01-30,True
5970,2647,Grant,Rewi,SITE_MANAGER,grant.rewi@porrittschool.school.nz,026-486-8130,2021-10-19,True
5971,2647,Olivia,Patel,HS_REP,olivia.patel@porrittschool.school.nz,023-308-1833,2022-06-21,True
5972,2647,Grace,Mitchell,CARETAKER,grace.mitchell@porrittschool.school.nz,028-249-9794,2021-08-13,True
5973,2648,Simon,Lee,PRINCIPAL,simon.lee@portahuririscho.school.nz,026-793-9181,2022-09-13,True
5974,2648,Karen,Smith,SITE_MANAGER,karen.smith@portahuririscho.school.nz,028-515-2784,2022-06-15,True
5975,2648,Ihaia,Burns,HS_REP,ihaia.burns@portahuririscho.school.nz,021-757-4974,2022-07-26,True
5976,2649,Ihaia,Rewi,PRINCIPAL,ihaia.rewi@potakaschool.school.nz,022-264-4822,2020-05-13,True
5977,2649,Freya,Johnston,SITE_MANAGER,freya.johnston@potakaschool.school.nz,027-995-7302,2021-07-12,True
5978,2649,Tia,Morgan,HS_REP,tia.morgan@potakaschool.school.nz,023-803-8649,2020-01-27,True
5979,2649,Jessica,Lee,CARETAKER,jessica.lee@potakaschool.school.nz,024-167-9350,2020-08-24,True
5980,2650,Tracey,Singh,PRINCIPAL,tracey.singh@poukawaschool.school.nz,028-984-6875,2020-01-31,True
5981,2650,Josh,Robinson,SITE_MANAGER,josh.robinson@poukawaschool.school.nz,024-197-1209,2020-03-31,True
5982,2650,Chris,Lee,HS_REP,chris.lee@poukawaschool.school.nz,026-311-4576,2021-09-19,True
5983,2651,Rawiri,Cooper,PRINCIPAL,rawiri.cooper@pukehamoamoasch.school.nz,028-213-3282,2022-06-08,True
5984,2651,Michelle,Edwards,SITE_MANAGER,michelle.edwards@pukehamoamoasch.school.nz,022-932-4823,2021-07-14,True
5985,2651,Tane,Turner,HS_REP,tane.turner@pukehamoamoasch.school.nz,022-736-9338,2022-02-21,True
5986,2652,Aria,Te Huia,PRINCIPAL,aria.te huia@pukehouschool.school.nz,025-120-7361,2021-04-25,True
5987,2652,Tane,Morgan,SITE_MANAGER,tane.morgan@pukehouschool.school.nz,027-896-2185,2021-08-23,True
5988,2652,Noah,Te Huia,HS_REP,noah.te huia@pukehouschool.school.nz,023-599-1327,2020-09-08,True
5989,2654,Brooke,Patel,PRINCIPAL,brooke.patel@puketapuschool(.school.nz,024-747-6415,2021-03-01,True
5990,2654,Joanne,Walker,SITE_MANAGER,joanne.walker@puketapuschool(.school.nz,027-745-3488,2022-02-13,True
5991,2654,Rawiri,Turner,HS_REP,rawiri.turner@puketapuschool(.school.nz,027-468-7556,2021-09-28,True
5992,2657,Mason,Lee,PRINCIPAL,mason.lee@putereschool.school.nz,022-869-8589,2022-02-06,True
5993,2657,Amber,Harawira,SITE_MANAGER,amber.harawira@putereschool.school.nz,022-277-5604,2022-01-16,True
5994,2657,Anika,Hill,HS_REP,anika.hill@putereschool.school.nz,024-223-5999,2022-07-31,True
5995,2658,Mason,Murray,PRINCIPAL,mason.murray@putorinoschool.school.nz,024-364-3571,2021-07-22,True
5996,2658,Amelia,Gallagher,SITE_MANAGER,amelia.gallagher@putorinoschool.school.nz,028-936-8549,2022-04-27,True
5997,2658,Rawiri,Taylor,HS_REP,rawiri.taylor@putorinoschool.school.nz,026-277-9898,2022-04-06,True
5998,2658,Joanne,Henare,CARETAKER,joanne.henare@putorinoschool.school.nz,023-259-1299,2020-06-24,True
5999,2659,Jessica,Taylor,PRINCIPAL,jessica.taylor@tkkmotapere-nui.school.nz,022-490-4406,2021-04-07,True
6000,2659,Scott,Jones,SITE_MANAGER,scott.jones@tkkmotapere-nui.school.nz,027-297-1415,2022-03-23,True
6001,2659,Ethan,Harawira,HS_REP,ethan.harawira@tkkmotapere-nui.school.nz,024-452-7556,2020-10-19,True
6002,2662,Chris,Kim,PRINCIPAL,chris.kim@raurekaschool.school.nz,027-235-8155,2022-01-23,True
6003,2662,Freya,Wong,SITE_MANAGER,freya.wong@raurekaschool.school.nz,021-822-3422,2022-06-16,True
6004,2662,Finn,Tamati,HS_REP,finn.tamati@raurekaschool.school.nz,027-644-8785,2020-01-03,True
6005,2662,Freya,Rewi,CARETAKER,freya.rewi@raurekaschool.school.nz,023-747-5353,2021-10-30,True
6006,2663,Rachel,Patel,PRINCIPAL,rachel.patel@reigniercatholi.school.nz,023-636-4291,2020-10-12,True
6007,2663,Tracey,Gallagher,SITE_MANAGER,tracey.gallagher@reigniercatholi.school.nz,027-936-2573,2021-03-08,True
6008,2663,James,Te Huia,HS_REP,james.te huia@reigniercatholi.school.nz,028-736-1515,2020-02-12,True
6009,2663,David,Burns,CARETAKER,david.burns@reigniercatholi.school.nz,024-905-6916,2022-09-15,True
6010,2664,Aroha,Edwards,PRINCIPAL,aroha.edwards@rereschool.school.nz,028-508-2633,2022-07-21,True
6011,2664,Zara,Walker,SITE_MANAGER,zara.walker@rereschool.school.nz,025-361-4658,2020-10-23,True
6012,2664,Shane,Gallagher,HS_REP,shane.gallagher@rereschool.school.nz,021-613-7239,2022-03-06,True
6013,2664,Ethan,Burns,CARETAKER,ethan.burns@rereschool.school.nz,027-142-4907,2022-03-08,True
6014,2665,Tane,Fitzgerald,PRINCIPAL,tane.fitzgerald@richmondschool(.school.nz,025-820-9388,2022-01-02,True
6015,2665,Brooke,King,SITE_MANAGER,brooke.king@richmondschool(.school.nz,026-655-1976,2021-08-08,True
6016,2665,Jack,Chen,HS_REP,jack.chen@richmondschool(.school.nz,024-930-8958,2020-12-18,True
6017,2667,Daniel,Hill,PRINCIPAL,daniel.hill@riverdaleschool.school.nz,023-595-9172,2022-07-11,True
6018,2667,Amelia,Mahuta,SITE_MANAGER,amelia.mahuta@riverdaleschool.school.nz,028-833-9760,2022-03-12,True
6019,2667,Charlotte,Johnston,HS_REP,charlotte.johnston@riverdaleschool.school.nz,025-471-5507,2022-07-08,True
6020,2667,Joanne,Mitchell,CARETAKER,joanne.mitchell@riverdaleschool.school.nz,026-637-2760,2020-08-10,True
6021,2669,Josh,Gallagher,PRINCIPAL,josh.gallagher@ruahineschool.school.nz,028-659-9590,2022-06-27,True
6022,2669,Rachel,Taukiri,SITE_MANAGER,rachel.taukiri@ruahineschool.school.nz,024-177-4367,2021-02-14,True
6023,2669,Freya,Brown,HS_REP,freya.brown@ruahineschool.school.nz,026-527-4091,2022-01-23,True
6024,2669,Michelle,Green,CARETAKER,michelle.green@ruahineschool.school.nz,027-886-1882,2022-08-16,True
6025,2672,Michelle,Bennett,PRINCIPAL,michelle.bennett@sherendenanddis.school.nz,028-936-5626,2021-06-17,True
6026,2672,Finn,Harris,SITE_MANAGER,finn.harris@sherendenanddis.school.nz,028-114-9860,2020-09-01,True
6027,2672,David,Wong,HS_REP,david.wong@sherendenanddis.school.nz,026-710-7005,2021-06-02,True
6028,2672,Maia,Parker,CARETAKER,maia.parker@sherendenanddis.school.nz,022-125-1689,2022-09-02,True
6029,2673,Kaia,Clarke,PRINCIPAL,kaia.clarke@sherwoodschool(.school.nz,027-344-4272,2020-09-04,True
6030,2673,James,Young,SITE_MANAGER,james.young@sherwoodschool(.school.nz,027-617-9334,2022-01-18,True
6031,2673,Sam,Kim,HS_REP,sam.kim@sherwoodschool(.school.nz,023-488-3157,2021-04-22,True
6032,2673,Wiremu,Singh,CARETAKER,wiremu.singh@sherwoodschool(.school.nz,027-256-6675,2021-03-09,True
6033,2676,Holly,Smith,PRINCIPAL,holly.smith@stjosephsschool.school.nz,027-489-7351,2021-05-10,True
6034,2676,Mere,Stewart,SITE_MANAGER,mere.stewart@stjosephsschool.school.nz,024-599-7273,2020-09-11,True
6035,2676,Rachel,Edwards,HS_REP,rachel.edwards@stjosephsschool.school.nz,028-546-2897,2021-09-04,True
6036,2676,Brooke,Smith,CARETAKER,brooke.smith@stjosephsschool.school.nz,025-890-3343,2022-02-13,True
6037,2677,James,Nguyen,PRINCIPAL,james.nguyen@stjosephsschool.school.nz,022-268-6251,2021-05-02,True
6038,2677,Jessica,Russell,SITE_MANAGER,jessica.russell@stjosephsschool.school.nz,024-906-9976,2021-03-31,True
6039,2677,Josh,Henare,HS_REP,josh.henare@stjosephsschool.school.nz,026-480-9028,2021-09-29,True
6040,2677,Reuben,Singh,CARETAKER,reuben.singh@stjosephsschool.school.nz,023-650-3374,2020-04-29,True
6041,2678,Stacey,Gallagher,PRINCIPAL,stacey.gallagher@stjosephsschool.school.nz,024-777-1426,2022-04-15,True
6042,2678,Freya,Murray,SITE_MANAGER,freya.murray@stjosephsschool.school.nz,022-680-6655,2020-10-04,True
6043,2678,Kaia,Hamilton,HS_REP,kaia.hamilton@stjosephsschool.school.nz,027-545-9057,2020-08-12,True
6044,2679,Jack,Turner,PRINCIPAL,jack.turner@stjosephsschool.school.nz,021-474-4164,2020-12-12,True
6045,2679,Anika,Chen,SITE_MANAGER,anika.chen@stjosephsschool.school.nz,026-792-7658,2022-05-20,True
6046,2679,Matiu,Turner,HS_REP,matiu.turner@stjosephsschool.school.nz,026-891-4422,2020-09-24,True
6047,2679,Craig,Gallagher,CARETAKER,craig.gallagher@stjosephsschool.school.nz,028-896-7144,2021-10-17,True
6048,2680,Jessica,Mitchell,PRINCIPAL,jessica.mitchell@stmaryscatholic.school.nz,027-625-2181,2021-07-18,True
6049,2680,Chris,Lee,SITE_MANAGER,chris.lee@stmaryscatholic.school.nz,026-816-2663,2021-09-24,True
6050,2680,Amelia,Lee,HS_REP,amelia.lee@stmaryscatholic.school.nz,021-839-8026,2021-08-04,True
6051,2680,Rawiri,Turner,CARETAKER,rawiri.turner@stmaryscatholic.school.nz,024-208-3047,2021-08-15,True
6052,2681,Simon,Morgan,PRINCIPAL,simon.morgan@stmaryscatholic.school.nz,021-909-9467,2022-03-25,True
6053,2681,Wiremu,Hill,SITE_MANAGER,wiremu.hill@stmaryscatholic.school.nz,027-290-5354,2020-05-26,True
6054,2681,Nathan,Green,HS_REP,nathan.green@stmaryscatholic.school.nz,022-502-2347,2021-03-01,True
6055,2684,Simon,Wilson,PRINCIPAL,simon.wilson@takapauschool.school.nz,026-942-3368,2020-06-07,True
6056,2684,Nathan,Baker,SITE_MANAGER,nathan.baker@takapauschool.school.nz,023-776-8921,2021-08-15,True
6057,2684,Andrew,Singh,HS_REP,andrew.singh@takapauschool.school.nz,021-181-8975,2021-03-29,True
6058,2684,Sophie,Wright,CARETAKER,sophie.wright@takapauschool.school.nz,022-109-3998,2022-09-20,True
6059,2685,Caleb,Johnston,PRINCIPAL,caleb.johnston@tamateaintermed.school.nz,028-373-3675,2022-06-17,True
6060,2685,Lisa,Te Huia,SITE_MANAGER,lisa.te huia@tamateaintermed.school.nz,023-413-6103,2021-08-06,True
6061,2685,Emma,Bennett,HS_REP,emma.bennett@tamateaintermed.school.nz,025-548-1657,2022-05-23,True
6062,2686,Zara,Cooper,PRINCIPAL,zara.cooper@tamateaschool.school.nz,026-720-5998,2022-07-20,True
6063,2686,Kauri,Henare,SITE_MANAGER,kauri.henare@tamateaschool.school.nz,027-766-1363,2020-06-08,True
6064,2686,Ruby,Burns,HS_REP,ruby.burns@tamateaschool.school.nz,021-883-4353,2022-07-10,True
6065,2686,Paula,Hill,CARETAKER,paula.hill@tamateaschool.school.nz,022-408-5569,2020-08-24,True
6066,2687,Olivia,Rewi,PRINCIPAL,olivia.rewi@taradaleinterme.school.nz,022-979-1086,2022-03-11,True
6067,2687,Wiremu,Chen,SITE_MANAGER,wiremu.chen@taradaleinterme.school.nz,026-215-8957,2022-08-03,True
6068,2687,Michelle,Fitzgerald,HS_REP,michelle.fitzgerald@taradaleinterme.school.nz,021-837-4625,2021-03-06,True
6069,2687,Grant,Fraser,CARETAKER,grant.fraser@taradaleinterme.school.nz,027-146-7433,2020-01-01,True
6070,2688,Noah,Murray,PRINCIPAL,noah.murray@taradaleschool.school.nz,023-455-7425,2020-04-23,True
6071,2688,Aroha,Scott,SITE_MANAGER,aroha.scott@taradaleschool.school.nz,025-611-5917,2020-11-06,True
6072,2688,Karen,Collins,HS_REP,karen.collins@taradaleschool.school.nz,021-193-6392,2020-01-13,True
6073,2688,Zara,Wright,CARETAKER,zara.wright@taradaleschool.school.nz,022-196-4743,2022-06-15,True
6074,2691,Freya,King,PRINCIPAL,freya.king@teawaschool.school.nz,028-526-5874,2020-08-06,True
6075,2691,Matiu,Thompson,SITE_MANAGER,matiu.thompson@teawaschool.school.nz,027-148-7890,2020-02-09,True
6076,2691,Scott,Patel,HS_REP,scott.patel@teawaschool.school.nz,023-823-5701,2021-10-04,True
6077,2692,Ethan,Mahuta,PRINCIPAL,ethan.mahuta@tehaparaschool.school.nz,024-537-5921,2022-04-11,True
6078,2692,Sophie,Patel,SITE_MANAGER,sophie.patel@tehaparaschool.school.nz,027-124-4397,2021-05-21,True
6079,2692,Holly,Parker,HS_REP,holly.parker@tehaparaschool.school.nz,025-379-8005,2022-04-08,True
6080,2692,Scott,Gallagher,CARETAKER,scott.gallagher@tehaparaschool.school.nz,027-915-6252,2020-09-05,True
6081,2697,Michael,Palmer,PRINCIPAL,michael.palmer@temataschool(ha.school.nz,022-307-4351,2021-04-17,True
6082,2697,Karen,Gallagher,SITE_MANAGER,karen.gallagher@temataschool(ha.school.nz,028-345-6669,2021-10-14,True
6083,2697,Luke,Walker,HS_REP,luke.walker@temataschool(ha.school.nz,026-790-8871,2021-11-11,True
6084,2698,Ethan,Hill,PRINCIPAL,ethan.hill@tepohueschool.school.nz,028-254-6580,2021-05-01,True
6085,2698,Mason,Murray,SITE_MANAGER,mason.murray@tepohueschool.school.nz,023-993-6826,2022-06-11,True
6086,2698,Kaia,Morgan,HS_REP,kaia.morgan@tepohueschool.school.nz,023-113-6049,2020-08-19,True
6087,2701,Rachel,Te Huia,PRINCIPAL,rachel.te huia@tewharauschool(.school.nz,026-740-2189,2021-02-04,True
6088,2701,Hemi,Hamilton,SITE_MANAGER,hemi.hamilton@tewharauschool(.school.nz,028-471-2144,2020-08-15,True
6089,2701,Nicola,Brown,HS_REP,nicola.brown@tewharauschool(.school.nz,028-675-6914,2022-04-22,True
6090,2702,Sarah,Burns,PRINCIPAL,sarah.burns@theterraceschoo.school.nz,027-405-7146,2021-07-22,True
6091,2702,Caleb,Harawira,SITE_MANAGER,caleb.harawira@theterraceschoo.school.nz,027-198-1493,2021-04-16,True
6092,2702,Olivia,Hamilton,HS_REP,olivia.hamilton@theterraceschoo.school.nz,025-719-1955,2021-03-03,True
6093,2703,Ethan,White,PRINCIPAL,ethan.white@tikitikischool.school.nz,028-438-9515,2021-11-22,True
6094,2703,Craig,Scott,SITE_MANAGER,craig.scott@tikitikischool.school.nz,026-830-5204,2020-10-23,True
6095,2703,Craig,Young,HS_REP,craig.young@tikitikischool.school.nz,028-530-2733,2020-04-06,True
6096,2704,Sam,Patel,PRINCIPAL,sam.patel@tikokinoschool.school.nz,022-515-1647,2021-02-09,True
6097,2704,Noah,Young,SITE_MANAGER,noah.young@tikokinoschool.school.nz,026-626-5382,2020-06-10,True
6098,2704,Kaia,Thompson,HS_REP,kaia.thompson@tikokinoschool.school.nz,022-816-7474,2021-11-04,True
6099,2704,Jessica,Anderson,CARETAKER,jessica.anderson@tikokinoschool.school.nz,024-246-7651,2022-02-26,True
6100,2705,Amelia,Kim,PRINCIPAL,amelia.kim@tinirotoschool.school.nz,024-399-5492,2020-08-23,True
6101,2705,Finn,Henare,SITE_MANAGER,finn.henare@tinirotoschool.school.nz,027-189-3049,2020-01-28,True
6102,2705,Kauri,Lee,HS_REP,kauri.lee@tinirotoschool.school.nz,028-607-2106,2022-07-25,True
6103,2706,Moana,Harris,PRINCIPAL,moana.harris@hatea-a-rangi.school.nz,025-178-4534,2022-01-26,True
6104,2706,Brooke,Fraser,SITE_MANAGER,brooke.fraser@hatea-a-rangi.school.nz,024-218-6096,2022-06-17,True
6105,2706,Aria,King,HS_REP,aria.king@hatea-a-rangi.school.nz,022-354-2653,2020-07-31,True
6106,2710,Rawiri,Stewart,PRINCIPAL,rawiri.stewart@tutiraschool.school.nz,027-853-8107,2020-07-26,True
6107,2710,Hemi,Russell,SITE_MANAGER,hemi.russell@tutiraschool.school.nz,028-585-7629,2022-09-21,True
6108,2710,Max,Wright,HS_REP,max.wright@tutiraschool.school.nz,027-955-5795,2021-09-30,True
6109,2711,Paula,Gray,PRINCIPAL,paula.gray@twyfordschool.school.nz,026-207-1144,2021-10-19,True
6110,2711,Freya,Wong,SITE_MANAGER,freya.wong@twyfordschool.school.nz,022-568-6307,2021-04-04,True
6111,2711,Shane,Nguyen,HS_REP,shane.nguyen@twyfordschool.school.nz,028-601-7424,2021-03-15,True
6112,2712,Holly,Gallagher,PRINCIPAL,holly.gallagher@waerenga-o-kuri.school.nz,021-943-7588,2021-09-15,True
6113,2712,Aria,Williams,SITE_MANAGER,aria.williams@waerenga-o-kuri.school.nz,021-392-1103,2021-06-29,True
6114,2712,Grant,Burns,HS_REP,grant.burns@waerenga-o-kuri.school.nz,021-730-8063,2020-08-20,True
6115,2715,Ihaia,Roberts,PRINCIPAL,ihaia.roberts@waikirikirischo.school.nz,021-486-8223,2021-03-22,True
6116,2715,Stacey,Parker,SITE_MANAGER,stacey.parker@waikirikirischo.school.nz,027-425-4499,2021-06-04,True
6117,2715,Simon,Thompson,HS_REP,simon.thompson@waikirikirischo.school.nz,027-985-7196,2020-09-11,True
6118,2715,Mason,Edwards,CARETAKER,mason.edwards@waikirikirischo.school.nz,028-895-5559,2022-08-17,True
6119,2718,Nicola,Harawira,PRINCIPAL,nicola.harawira@waimaramaschool.school.nz,025-317-1252,2022-04-21,True
6120,2718,Sophie,King,SITE_MANAGER,sophie.king@waimaramaschool.school.nz,021-158-1193,2022-08-31,True
6121,2718,Simon,Cooper,HS_REP,simon.cooper@waimaramaschool.school.nz,024-687-1978,2022-01-29,True
6122,2721,Mason,Clarke,PRINCIPAL,mason.clarke@wainuibeachscho.school.nz,026-297-8820,2022-02-09,True
6123,2721,Charlotte,Young,SITE_MANAGER,charlotte.young@wainuibeachscho.school.nz,026-955-3397,2020-04-03,True
6124,2721,Moana,Thompson,HS_REP,moana.thompson@wainuibeachscho.school.nz,022-338-9199,2022-01-04,True
6125,2721,Aroha,Green,CARETAKER,aroha.green@wainuibeachscho.school.nz,026-176-2324,2020-06-26,True
6126,2723,Zara,Palmer,PRINCIPAL,zara.palmer@waipawaschool.school.nz,025-295-9494,2021-08-03,True
6127,2723,Chris,Martin,SITE_MANAGER,chris.martin@waipawaschool.school.nz,023-376-1517,2020-09-29,True
6128,2723,Hemi,Gallagher,HS_REP,hemi.gallagher@waipawaschool.school.nz,028-632-3242,2021-07-28,True
6129,2723,Chris,Martin,CARETAKER,chris.martin@waipawaschool.school.nz,022-668-3308,2020-09-08,True
6130,2725,Hayley,Stewart,PRINCIPAL,hayley.stewart@waipukurauschoo.school.nz,025-356-4418,2021-11-02,True
6131,2725,David,Fitzgerald,SITE_MANAGER,david.fitzgerald@waipukurauschoo.school.nz,025-458-4394,2020-12-11,True
6132,2725,Liam,Kim,HS_REP,liam.kim@waipukurauschoo.school.nz,024-928-4731,2021-08-07,True
6133,2725,Emma,Collins,CARETAKER,emma.collins@waipukurauschoo.school.nz,022-363-7309,2021-06-08,True
6134,2732,Simon,Murray,PRINCIPAL,simon.murray@weberschool.school.nz,027-698-8571,2020-02-02,True
6135,2732,Reuben,Patel,SITE_MANAGER,reuben.patel@weberschool.school.nz,027-183-1618,2020-04-11,True
6136,2732,Craig,Crawford,HS_REP,craig.crawford@weberschool.school.nz,026-439-7971,2020-03-13,True
6137,2733,Max,Johnston,PRINCIPAL,max.johnston@westshoreschool.school.nz,023-539-6906,2020-05-09,True
6138,2733,Max,Cooper,SITE_MANAGER,max.cooper@westshoreschool.school.nz,027-645-3845,2020-02-03,True
6139,2733,Paula,Campbell,HS_REP,paula.campbell@westshoreschool.school.nz,024-153-3192,2021-10-21,True
6140,2736,Noah,Jones,PRINCIPAL,noah.jones@whangaraschool.school.nz,024-459-7556,2021-10-30,True
6141,2736,Jessica,Campbell,SITE_MANAGER,jessica.campbell@whangaraschool.school.nz,023-738-2994,2022-05-03,True
6142,2736,Stacey,Walker,HS_REP,stacey.walker@whangaraschool.school.nz,024-500-8106,2021-06-17,True
6143,2736,Tane,Martin,CARETAKER,tane.martin@whangaraschool.school.nz,027-768-9381,2022-09-15,True
6144,2739,Mark,Edwards,PRINCIPAL,mark.edwards@tekurakaupapama.school.nz,026-550-2350,2021-05-06,True
6145,2739,Chris,Thompson,SITE_MANAGER,chris.thompson@tekurakaupapama.school.nz,027-615-4274,2021-12-04,True
6146,2739,Zara,Johnston,HS_REP,zara.johnston@tekurakaupapama.school.nz,026-345-9500,2020-08-23,True
6147,2739,Mere,Mitchell,CARETAKER,mere.mitchell@tekurakaupapama.school.nz,025-644-9243,2021-02-23,True
6148,2742,Daniel,Hill,PRINCIPAL,daniel.hill@woodvilleschool.school.nz,024-595-8063,2021-02-19,True
6149,2742,Mere,Gallagher,SITE_MANAGER,mere.gallagher@woodvilleschool.school.nz,028-552-6297,2021-06-04,True
6150,2742,Michael,Taylor,HS_REP,michael.taylor@woodvilleschool.school.nz,022-382-5922,2020-08-31,True
6151,2745,Hayley,King,PRINCIPAL,hayley.king@stpatricksschoo.school.nz,028-608-5069,2021-07-28,True
6152,2745,Matthew,Palmer,SITE_MANAGER,matthew.palmer@stpatricksschoo.school.nz,027-302-9492,2022-06-19,True
6153,2745,Holly,Williams,HS_REP,holly.williams@stpatricksschoo.school.nz,028-680-5016,2021-01-30,True
6154,2745,Tia,Campbell,CARETAKER,tia.campbell@stpatricksschoo.school.nz,022-666-3330,2020-04-23,True
6155,2746,Tracey,Harawira,PRINCIPAL,tracey.harawira@tekuraokimiora.school.nz,021-590-9344,2021-08-18,True
6156,2746,Brooke,Henderson,SITE_MANAGER,brooke.henderson@tekuraokimiora.school.nz,021-255-5773,2022-01-12,True
6157,2746,Amber,Fitzgerald,HS_REP,amber.fitzgerald@tekuraokimiora.school.nz,021-189-7692,2020-09-15,True
6158,2746,Lisa,Martin,CARETAKER,lisa.martin@tekuraokimiora.school.nz,026-417-5903,2020-01-24,True
6159,2747,Nicola,Kim,PRINCIPAL,nicola.kim@hawkesbayschool.school.nz,028-971-4372,2021-06-01,True
6160,2747,Simon,Crawford,SITE_MANAGER,simon.crawford@hawkesbayschool.school.nz,023-153-6131,2020-05-24,True
6161,2747,Shane,Brown,HS_REP,shane.brown@hawkesbayschool.school.nz,024-237-9104,2020-12-02,True
6162,2748,Sarah,Harris,PRINCIPAL,sarah.harris@karangamaiyoung.school.nz,021-179-3106,2022-02-03,True
6163,2748,Holly,Harawira,SITE_MANAGER,holly.harawira@karangamaiyoung.school.nz,026-407-3812,2021-05-09,True
6164,2748,Nikau,Williams,HS_REP,nikau.williams@karangamaiyoung.school.nz,021-443-7086,2022-03-19,True
6165,2748,Caleb,Mahuta,CARETAKER,caleb.mahuta@karangamaiyoung.school.nz,022-946-4549,2021-06-13,True
6166,2749,Scott,Martin,PRINCIPAL,scott.martin@tewharewhaihuat.school.nz,023-994-9571,2021-07-16,True
6167,2749,Nikau,Gray,SITE_MANAGER,nikau.gray@tewharewhaihuat.school.nz,023-153-9081,2021-03-02,True
6168,2749,Zara,Wilson,HS_REP,zara.wilson@tewharewhaihuat.school.nz,021-314-4703,2021-06-19,True
6169,2749,Amelia,Palmer,CARETAKER,amelia.palmer@tewharewhaihuat.school.nz,024-496-1339,2022-05-26,True
6170,2750,Rachel,Jones,PRINCIPAL,rachel.jones@puawānangawaira.school.nz,023-923-9344,2021-01-07,True
6171,2750,Freya,Cooper,SITE_MANAGER,freya.cooper@puawānangawaira.school.nz,026-459-9196,2020-10-30,True
6172,2750,Joanne,Gray,HS_REP,joanne.gray@puawānangawaira.school.nz,023-428-3324,2022-08-08,True
6173,2751,Ben,Henare,PRINCIPAL,ben.henare@tewhakatipurang.school.nz,026-183-8961,2021-05-04,True
6174,2751,Grant,Parker,SITE_MANAGER,grant.parker@tewhakatipurang.school.nz,022-624-7394,2021-12-31,True
6175,2751,Matiu,Lee,HS_REP,matiu.lee@tewhakatipurang.school.nz,024-669-1959,2021-08-14,True
6176,2752,Tracey,Green,PRINCIPAL,tracey.green@hehuarahitamari.school.nz,025-884-6329,2021-06-25,True
6177,2752,Ihaia,Anderson,SITE_MANAGER,ihaia.anderson@hehuarahitamari.school.nz,027-327-7844,2022-07-25,True
6178,2752,Joanne,Rewi,HS_REP,joanne.rewi@hehuarahitamari.school.nz,026-468-9687,2021-11-20,True
6179,2753,Andrew,Murray,PRINCIPAL,andrew.murray@teāhurumōwai.school.nz,024-790-8840,2021-11-11,True
6180,2753,Shane,Singh,SITE_MANAGER,shane.singh@teāhurumōwai.school.nz,023-738-1579,2021-03-05,True
6181,2753,Emma,Walker,HS_REP,emma.walker@teāhurumōwai.school.nz,021-439-4992,2022-03-04,True
6182,2753,Mason,Mitchell,CARETAKER,mason.mitchell@teāhurumōwai.school.nz,027-860-8052,2022-09-19,True
6183,2754,Shane,Brown,PRINCIPAL,shane.brown@stratfordhighsc.school.nz,027-541-9420,2020-05-25,True
6184,2754,Ethan,Russell,SITE_MANAGER,ethan.russell@stratfordhighsc.school.nz,021-639-9384,2021-08-01,True
6185,2754,Kauri,Brown,HS_REP,kauri.brown@stratfordhighsc.school.nz,025-223-3441,2021-07-01,True
6186,2754,Jack,Robinson,CARETAKER,jack.robinson@stratfordhighsc.school.nz,024-750-9150,2022-08-01,True
6187,2755,Luke,Te Huia,PRINCIPAL,luke.te huia@titirowhakamua.school.nz,028-985-3814,2021-11-24,True
6188,2755,Lisa,Taylor,SITE_MANAGER,lisa.taylor@titirowhakamua.school.nz,024-207-4208,2020-11-22,True
6189,2755,Matthew,Taukiri,HS_REP,matthew.taukiri@titirowhakamua.school.nz,022-899-8472,2020-09-29,True
6190,2756,Zara,Cooper,PRINCIPAL,zara.cooper@whakatipuriatee.school.nz,025-647-8730,2022-05-12,True
6191,2756,James,Morgan,SITE_MANAGER,james.morgan@whakatipuriatee.school.nz,027-450-1673,2020-07-25,True
6192,2756,Liam,Fitzgerald,HS_REP,liam.fitzgerald@whakatipuriatee.school.nz,022-930-5720,2021-04-18,True
6193,2756,Chris,Smith,CARETAKER,chris.smith@whakatipuriatee.school.nz,024-423-1423,2020-02-04,True
6194,2757,Max,Kumar,PRINCIPAL,max.kumar@hemataarikischo.school.nz,028-194-5179,2020-12-25,True
6195,2757,Michael,Hill,SITE_MANAGER,michael.hill@hemataarikischo.school.nz,023-283-4682,2020-07-29,True
6196,2757,Lisa,Henare,HS_REP,lisa.henare@hemataarikischo.school.nz,025-711-6269,2021-10-03,True
6197,2757,Brooke,King,CARETAKER,brooke.king@hemataarikischo.school.nz,027-417-9310,2022-08-21,True
6198,2758,Mason,Henderson,PRINCIPAL,mason.henderson@tetariakomatuat.school.nz,027-644-3258,2022-01-12,True
6199,2758,Olivia,Mitchell,SITE_MANAGER,olivia.mitchell@tetariakomatuat.school.nz,026-499-8475,2020-04-12,True
6200,2758,Chris,Henderson,HS_REP,chris.henderson@tetariakomatuat.school.nz,027-675-2107,2020-02-03,True
6201,2759,Chris,Kumar,PRINCIPAL,chris.kumar@hepuaawaiteenpa.school.nz,022-689-9032,2022-02-04,True
6202,2759,Mason,Johnston,SITE_MANAGER,mason.johnston@hepuaawaiteenpa.school.nz,024-146-6092,2022-08-08,True
6203,2759,Daniel,Tamati,HS_REP,daniel.tamati@hepuaawaiteenpa.school.nz,023-953-7214,2022-05-16,True
6204,2759,Noah,Harris,CARETAKER,noah.harris@hepuaawaiteenpa.school.nz,025-387-2664,2022-02-20,True
6205,2760,Holly,Green,PRINCIPAL,holly.green@edencampus.school.nz,021-990-6619,2022-04-12,True
6206,2760,Donna,Walker,SITE_MANAGER,donna.walker@edencampus.school.nz,026-341-7301,2020-08-08,True
6207,2760,Kauri,Jones,HS_REP,kauri.jones@edencampus.school.nz,028-418-1725,2020-08-12,True
6208,2760,Georgia,Stewart,CARETAKER,georgia.stewart@edencampus.school.nz,023-513-3000,2020-06-08,True
6209,2761,Simon,Mahuta,PRINCIPAL,simon.mahuta@kimihiaparentsc.school.nz,023-396-3134,2020-12-21,True
6210,2761,Chris,Henderson,SITE_MANAGER,chris.henderson@kimihiaparentsc.school.nz,022-493-3672,2021-09-04,True
6211,2761,Mere,Rewi,HS_REP,mere.rewi@kimihiaparentsc.school.nz,026-611-8575,2021-07-06,True
6212,2761,Michelle,Roberts,CARETAKER,michelle.roberts@kimihiaparentsc.school.nz,022-641-5435,2020-02-20,True
6213,2762,Sam,Patel,PRINCIPAL,sam.patel@taongaeducation.school.nz,024-579-7650,2021-08-26,True
6214,2762,Kaia,Murray,SITE_MANAGER,kaia.murray@taongaeducation.school.nz,022-288-3568,2020-04-20,True
6215,2762,Ethan,Chen,HS_REP,ethan.chen@taongaeducation.school.nz,023-246-9929,2021-01-07,True
6216,2801,Joanne,Campbell,PRINCIPAL,joanne.campbell@alfredtonschool.school.nz,022-380-8658,2022-04-09,True
6217,2801,Jack,Wright,SITE_MANAGER,jack.wright@alfredtonschool.school.nz,022-480-2099,2020-10-04,True
6218,2801,Wiremu,Taylor,HS_REP,wiremu.taylor@alfredtonschool.school.nz,022-520-1359,2021-08-21,True
6219,2801,Tia,Burns,CARETAKER,tia.burns@alfredtonschool.school.nz,026-283-2649,2021-07-15,True
6220,2802,Brooke,Henderson,PRINCIPAL,brooke.henderson@arakuraschool.school.nz,021-654-8720,2020-06-18,True
6221,2802,Matiu,Martin,SITE_MANAGER,matiu.martin@arakuraschool.school.nz,027-923-8405,2021-02-17,True
6222,2802,Michael,King,HS_REP,michael.king@arakuraschool.school.nz,025-449-9227,2021-02-05,True
6223,2803,Kylie,Russell,PRINCIPAL,kylie.russell@avalonschool.school.nz,026-902-5709,2020-06-02,True
6224,2803,Kauri,Smith,SITE_MANAGER,kauri.smith@avalonschool.school.nz,027-347-1791,2022-01-04,True
6225,2803,Kaia,Murray,HS_REP,kaia.murray@avalonschool.school.nz,026-565-7261,2021-05-28,True
6226,2805,Amber,Hall,PRINCIPAL,amber.hall@ballanceschool.school.nz,026-564-3373,2020-01-15,True
6227,2805,Emma,Burns,SITE_MANAGER,emma.burns@ballanceschool.school.nz,028-496-3426,2020-08-10,True
6228,2805,Kauri,Nguyen,HS_REP,kauri.nguyen@ballanceschool.school.nz,027-906-8518,2021-10-30,True
6229,2805,Ben,Watson,CARETAKER,ben.watson@ballanceschool.school.nz,023-583-5546,2021-04-03,True
6230,2806,Michelle,Harris,PRINCIPAL,michelle.harris@bellevueschool(.school.nz,025-330-9158,2020-01-18,True
6231,2806,Josh,Martin,SITE_MANAGER,josh.martin@bellevueschool(.school.nz,025-863-6252,2022-06-09,True
6232,2806,Sophie,Mahuta,HS_REP,sophie.mahuta@bellevueschool(.school.nz,021-320-7918,2020-03-06,True
6233,2807,Ethan,Burns,PRINCIPAL,ethan.burns@belmontschool(l.school.nz,022-283-6626,2021-06-21,True
6234,2807,Ben,Robinson,SITE_MANAGER,ben.robinson@belmontschool(l.school.nz,023-499-9858,2021-12-18,True
6235,2807,Georgia,Crawford,HS_REP,georgia.crawford@belmontschool(l.school.nz,026-351-7488,2020-10-05,True
6236,2807,Liam,Fraser,CARETAKER,liam.fraser@belmontschool(l.school.nz,026-935-1942,2020-01-24,True
6237,2808,Mason,Bennett,PRINCIPAL,mason.bennett@berhamporeschoo.school.nz,022-185-5107,2021-08-26,True
6238,2808,Karen,Morgan,SITE_MANAGER,karen.morgan@berhamporeschoo.school.nz,024-309-9948,2020-03-25,True
6239,2808,Craig,Edwards,HS_REP,craig.edwards@berhamporeschoo.school.nz,026-761-3620,2020-03-14,True
6240,2808,Ethan,Gray,CARETAKER,ethan.gray@berhamporeschoo.school.nz,026-542-1000,2020-06-15,True
6241,2810,Olivia,Hall,PRINCIPAL,olivia.hall@birchvilleschoo.school.nz,024-709-4652,2021-07-20,True
6242,2810,Georgia,Clarke,SITE_MANAGER,georgia.clarke@birchvilleschoo.school.nz,024-428-6440,2021-09-30,True
6243,2810,Holly,Mitchell,HS_REP,holly.mitchell@birchvilleschoo.school.nz,023-890-2000,2021-02-17,True
6244,2811,Max,Murray,PRINCIPAL,max.murray@blenheimschool.school.nz,026-390-6818,2020-03-10,True
6245,2811,Matiu,Gray,SITE_MANAGER,matiu.gray@blenheimschool.school.nz,028-343-4610,2022-04-17,True
6246,2811,Craig,Bennett,HS_REP,craig.bennett@blenheimschool.school.nz,021-874-5713,2021-05-01,True
6247,2812,David,Hamilton,PRINCIPAL,david.hamilton@bohallyintermed.school.nz,027-642-3286,2020-03-15,True
6248,2812,Donna,Harris,SITE_MANAGER,donna.harris@bohallyintermed.school.nz,028-803-5729,2020-12-29,True
6249,2812,Aria,Bennett,HS_REP,aria.bennett@bohallyintermed.school.nz,022-139-6862,2022-05-29,True
6250,2812,Wiremu,Anderson,CARETAKER,wiremu.anderson@bohallyintermed.school.nz,028-193-5296,2022-07-04,True
6251,2813,Kauri,Walker,PRINCIPAL,kauri.walker@boulcottschool.school.nz,026-937-2239,2021-09-25,True
6252,2813,Stacey,Brown,SITE_MANAGER,stacey.brown@boulcottschool.school.nz,027-157-3227,2021-09-19,True
6253,2813,Andrew,Taukiri,HS_REP,andrew.taukiri@boulcottschool.school.nz,021-742-2813,2020-12-14,True
6254,2814,Ben,Taukiri,PRINCIPAL,ben.taukiri@brandonintermed.school.nz,025-107-8002,2020-05-02,True
6255,2814,Wiremu,Kim,SITE_MANAGER,wiremu.kim@brandonintermed.school.nz,021-320-3191,2020-02-14,True
6256,2814,Nikau,Rewi,HS_REP,nikau.rewi@brandonintermed.school.nz,028-673-3637,2021-10-11,True
6257,2814,Anika,Tamati,CARETAKER,anika.tamati@brandonintermed.school.nz,026-590-6697,2020-03-02,True
6258,2816,Craig,Wong,PRINCIPAL,craig.wong@brooklynschool(.school.nz,023-478-3462,2020-12-25,True
6259,2816,Grant,Patel,SITE_MANAGER,grant.patel@brooklynschool(.school.nz,028-469-3407,2022-05-03,True
6260,2816,Tia,Edwards,HS_REP,tia.edwards@brooklynschool(.school.nz,025-911-3258,2022-01-29,True
6261,2818,Matthew,Crawford,PRINCIPAL,matthew.crawford@cannonscreeksch.school.nz,028-986-9379,2021-12-17,True
6262,2818,Luke,Clarke,SITE_MANAGER,luke.clarke@cannonscreeksch.school.nz,026-561-6405,2021-02-05,True
6263,2818,Simon,Clarke,HS_REP,simon.clarke@cannonscreeksch.school.nz,023-524-5802,2020-08-21,True
6264,2820,Grant,Baker,PRINCIPAL,grant.baker@cartertonschool.school.nz,026-519-2253,2020-11-02,True
6265,2820,Jack,Kim,SITE_MANAGER,jack.kim@cartertonschool.school.nz,027-188-8498,2020-07-14,True
6266,2820,Michelle,Nguyen,HS_REP,michelle.nguyen@cartertonschool.school.nz,024-860-1897,2022-04-16,True
6267,2821,Jessica,Morgan,PRINCIPAL,jessica.morgan@cashmereavenues.school.nz,022-157-6856,2022-06-16,True
6268,2821,Sophie,Henare,SITE_MANAGER,sophie.henare@cashmereavenues.school.nz,022-525-3668,2021-02-17,True
6269,2821,Max,Lee,HS_REP,max.lee@cashmereavenues.school.nz,026-787-2514,2021-01-29,True
6270,2821,Wiremu,Taukiri,CARETAKER,wiremu.taukiri@cashmereavenues.school.nz,026-560-4124,2021-02-02,True
6271,2823,Matiu,Jones,PRINCIPAL,matiu.jones@croftondownspri.school.nz,028-200-1486,2022-03-01,True
6272,2823,Georgia,Nguyen,SITE_MANAGER,georgia.nguyen@croftondownspri.school.nz,024-944-3109,2021-09-17,True
6273,2823,Nathan,Tamati,HS_REP,nathan.tamati@croftondownspri.school.nz,022-496-4274,2020-01-07,True
6274,2823,Amelia,Bennett,CARETAKER,amelia.bennett@croftondownspri.school.nz,026-679-3991,2021-10-31,True
6275,2824,Freya,Taylor,PRINCIPAL,freya.taylor@churtonparkscho.school.nz,021-238-2410,2020-03-18,True
6276,2824,Kaia,Baker,SITE_MANAGER,kaia.baker@churtonparkscho.school.nz,027-883-6726,2020-07-14,True
6277,2824,Freya,Harris,HS_REP,freya.harris@churtonparkscho.school.nz,024-280-9661,2020-11-03,True
6278,2826,Caleb,Watson,PRINCIPAL,caleb.watson@cliftonterracem.school.nz,026-250-3438,2021-04-15,True
6279,2826,Max,Anderson,SITE_MANAGER,max.anderson@cliftonterracem.school.nz,026-233-3142,2021-06-08,True
6280,2826,Freya,Jones,HS_REP,freya.jones@cliftonterracem.school.nz,028-702-3610,2021-03-22,True
6281,2827,Freya,Anderson,PRINCIPAL,freya.anderson@clydequayschool.school.nz,027-353-5024,2020-08-21,True
6282,2827,Holly,Kumar,SITE_MANAGER,holly.kumar@clydequayschool.school.nz,028-502-5076,2020-01-17,True
6283,2827,Mark,Te Huia,HS_REP,mark.te huia@clydequayschool.school.nz,021-263-2981,2022-02-12,True
6284,2828,Wiremu,King,PRINCIPAL,wiremu.king@corinnaschool.school.nz,028-875-2688,2021-07-14,True
6285,2828,Holly,Wright,SITE_MANAGER,holly.wright@corinnaschool.school.nz,023-659-1115,2020-12-09,True
6286,2828,Jack,Parker,HS_REP,jack.parker@corinnaschool.school.nz,027-383-8717,2021-12-25,True
6287,2828,Matthew,Johnston,CARETAKER,matthew.johnston@corinnaschool.school.nz,024-232-9559,2021-01-11,True
6288,2831,Max,Harris,PRINCIPAL,max.harris@dalefieldschool.school.nz,021-619-6291,2022-02-12,True
6289,2831,Moana,Jones,SITE_MANAGER,moana.jones@dalefieldschool.school.nz,022-296-6998,2020-12-12,True
6290,2831,Kauri,Gray,HS_REP,kauri.gray@dalefieldschool.school.nz,027-934-9616,2021-05-08,True
6291,2832,Nikau,Crawford,PRINCIPAL,nikau.crawford@discoveryschool.school.nz,021-537-9096,2022-07-21,True
6292,2832,Matiu,Martin,SITE_MANAGER,matiu.martin@discoveryschool.school.nz,025-394-3416,2022-05-08,True
6293,2832,Sophie,Te Huia,HS_REP,sophie.te huia@discoveryschool.school.nz,024-943-1047,2021-10-24,True
6294,2833,Kaia,Kim,PRINCIPAL,kaia.kim@dyerstreetschoo.school.nz,027-829-8358,2020-02-21,True
6295,2833,Donna,Gray,SITE_MANAGER,donna.gray@dyerstreetschoo.school.nz,021-715-5619,2022-07-11,True
6296,2833,Mere,Green,HS_REP,mere.green@dyerstreetschoo.school.nz,023-693-3598,2020-04-28,True
6297,2834,Joanne,Young,PRINCIPAL,joanne.young@easternhuttscho.school.nz,026-535-7598,2021-12-24,True
6298,2834,James,Gallagher,SITE_MANAGER,james.gallagher@easternhuttscho.school.nz,028-579-6740,2021-05-29,True
6299,2834,Andrew,Parker,HS_REP,andrew.parker@easternhuttscho.school.nz,028-155-5764,2020-09-07,True
6300,2835,Mark,Scott,PRINCIPAL,mark.scott@eketāhunaschool.school.nz,026-476-4081,2020-01-24,True
6301,2835,Freya,Kumar,SITE_MANAGER,freya.kumar@eketāhunaschool.school.nz,022-489-3935,2021-01-04,True
6302,2835,Noah,Hall,HS_REP,noah.hall@eketāhunaschool.school.nz,023-779-5998,2020-07-29,True
6303,2835,Mere,Brown,CARETAKER,mere.brown@eketāhunaschool.school.nz,022-950-6431,2022-06-20,True
6304,2836,Ethan,Crawford,PRINCIPAL,ethan.crawford@tepunischool-te.school.nz,023-750-9464,2022-09-03,True
6305,2836,Tia,Wong,SITE_MANAGER,tia.wong@tepunischool-te.school.nz,028-751-5644,2020-12-18,True
6306,2836,Karen,Jones,HS_REP,karen.jones@tepunischool-te.school.nz,021-317-9604,2021-12-21,True
6307,2837,Max,Harawira,PRINCIPAL,max.harawira@evansbayinterme.school.nz,023-740-8413,2021-12-01,True
6308,2837,Moana,Cooper,SITE_MANAGER,moana.cooper@evansbayinterme.school.nz,021-534-7559,2020-04-14,True
6309,2837,Grace,Martin,HS_REP,grace.martin@evansbayinterme.school.nz,027-681-8305,2021-08-19,True
6310,2838,Michelle,Morgan,PRINCIPAL,michelle.morgan@fairfieldschool.school.nz,025-632-4081,2022-08-16,True
6311,2838,Sam,Clarke,SITE_MANAGER,sam.clarke@fairfieldschool.school.nz,026-329-2174,2021-03-06,True
6312,2838,Maia,Kim,HS_REP,maia.kim@fairfieldschool.school.nz,024-711-6079,2021-12-24,True
6313,2838,Josh,Te Huia,CARETAKER,josh.te huia@fairfieldschool.school.nz,023-673-5100,2022-02-16,True
6314,2839,Aroha,Edwards,PRINCIPAL,aroha.edwards@fairhallschool.school.nz,024-783-9184,2020-03-12,True
6315,2839,James,Hall,SITE_MANAGER,james.hall@fairhallschool.school.nz,024-846-9061,2022-01-26,True
6316,2839,Maia,Mahuta,HS_REP,maia.mahuta@fairhallschool.school.nz,028-420-5695,2020-04-03,True
6317,2840,Amber,Hamilton,PRINCIPAL,amber.hamilton@featherstonscho.school.nz,023-863-9656,2022-02-06,True
6318,2840,Hayley,Wilson,SITE_MANAGER,hayley.wilson@featherstonscho.school.nz,026-969-8045,2022-05-19,True
6319,2840,Aroha,Lee,HS_REP,aroha.lee@featherstonscho.school.nz,023-882-4487,2021-01-07,True
6320,2840,Rawiri,Rewi,CARETAKER,rawiri.rewi@featherstonscho.school.nz,025-513-3239,2020-04-15,True
6321,2841,Zara,Chen,PRINCIPAL,zara.chen@fergussoninterm.school.nz,023-654-1899,2022-05-17,True
6322,2841,Liam,Burns,SITE_MANAGER,liam.burns@fergussoninterm.school.nz,025-398-8953,2020-07-01,True
6323,2841,Nikau,Nguyen,HS_REP,nikau.nguyen@fergussoninterm.school.nz,024-708-9055,2022-01-16,True
6324,2842,Aroha,Young,PRINCIPAL,aroha.young@fernleaschool.school.nz,024-120-7626,2020-05-27,True
6325,2842,Amber,Harawira,SITE_MANAGER,amber.harawira@fernleaschool.school.nz,023-621-1176,2022-04-01,True
6326,2842,Amber,Baker,HS_REP,amber.baker@fernleaschool.school.nz,021-413-3427,2021-07-06,True
6327,2843,David,Russell,PRINCIPAL,david.russell@fernridgeschool.school.nz,027-169-3803,2022-08-16,True
6328,2843,Moana,Wilson,SITE_MANAGER,moana.wilson@fernridgeschool.school.nz,026-673-2941,2020-12-02,True
6329,2843,Rawiri,Gray,HS_REP,rawiri.gray@fernridgeschool.school.nz,021-785-6826,2021-03-13,True
6330,2843,Reuben,Brown,CARETAKER,reuben.brown@fernridgeschool.school.nz,028-975-7290,2020-11-25,True
6331,2844,Jessica,Williams,PRINCIPAL,jessica.williams@frasercrescents.school.nz,028-332-6386,2020-02-25,True
6332,2844,Kaia,Johnston,SITE_MANAGER,kaia.johnston@frasercrescents.school.nz,023-954-4858,2020-05-05,True
6333,2844,Tracey,Cooper,HS_REP,tracey.cooper@frasercrescents.school.nz,024-614-9580,2021-07-31,True
6334,2845,Rachel,Edwards,PRINCIPAL,rachel.edwards@gladstoneschool.school.nz,023-199-6022,2022-02-22,True
6335,2845,Amber,Russell,SITE_MANAGER,amber.russell@gladstoneschool.school.nz,025-773-6183,2021-02-08,True
6336,2845,Aria,Fraser,HS_REP,aria.fraser@gladstoneschool.school.nz,027-789-2946,2021-06-08,True
6337,2845,Paula,Edwards,CARETAKER,paula.edwards@gladstoneschool.school.nz,023-455-4404,2021-02-07,True
6338,2846,Nikau,Nguyen,PRINCIPAL,nikau.nguyen@pukeatuaprimary.school.nz,021-757-9143,2021-01-05,True
6339,2846,Grant,Young,SITE_MANAGER,grant.young@pukeatuaprimary.school.nz,021-521-6738,2021-07-28,True
6340,2846,Kaia,Green,HS_REP,kaia.green@pukeatuaprimary.school.nz,028-394-6072,2020-12-08,True
6341,2846,Simon,Smith,CARETAKER,simon.smith@pukeatuaprimary.school.nz,027-782-1163,2020-01-21,True
6342,2847,Aria,Jones,PRINCIPAL,aria.jones@glenviewschool(.school.nz,025-306-3196,2020-12-04,True
6343,2847,Tracey,Roberts,SITE_MANAGER,tracey.roberts@glenviewschool(.school.nz,023-542-9416,2022-08-24,True
6344,2847,Hemi,Burns,HS_REP,hemi.burns@glenviewschool(.school.nz,022-669-7303,2021-04-02,True
6345,2848,Karen,Patel,PRINCIPAL,karen.patel@gracefieldschoo.school.nz,025-130-6002,2022-05-24,True
6346,2848,Michael,Williams,SITE_MANAGER,michael.williams@gracefieldschoo.school.nz,022-891-4582,2020-12-22,True
6347,2848,Lisa,Campbell,HS_REP,lisa.campbell@gracefieldschoo.school.nz,024-673-7156,2022-09-08,True
6348,2848,Ihaia,King,CARETAKER,ihaia.king@gracefieldschoo.school.nz,022-885-2439,2021-03-05,True
6349,2849,Andrew,Baker,PRINCIPAL,andrew.baker@greenacresschoo.school.nz,026-923-1641,2022-09-23,True
6350,2849,Ruby,Jones,SITE_MANAGER,ruby.jones@greenacresschoo.school.nz,023-923-7288,2022-03-26,True
6351,2849,Paula,Taukiri,HS_REP,paula.taukiri@greenacresschoo.school.nz,028-402-1418,2020-09-06,True
6352,2850,Donna,Parker,PRINCIPAL,donna.parker@greytownschool.school.nz,024-978-3554,2022-04-20,True
6353,2850,Grace,Harris,SITE_MANAGER,grace.harris@greytownschool.school.nz,022-513-3757,2020-08-11,True
6354,2850,Simon,Edwards,HS_REP,simon.edwards@greytownschool.school.nz,021-800-4624,2020-02-15,True
6355,2851,Moana,Wright,PRINCIPAL,moana.wright@grovetownschool.school.nz,025-153-8972,2022-05-18,True
6356,2851,Shane,Clarke,SITE_MANAGER,shane.clarke@grovetownschool.school.nz,021-255-5035,2020-08-16,True
6357,2851,Wiremu,Martin,HS_REP,wiremu.martin@grovetownschool.school.nz,023-709-1888,2021-11-21,True
6358,2851,Rachel,Brown,CARETAKER,rachel.brown@grovetownschool.school.nz,021-590-5007,2021-05-24,True
6359,2852,Finn,Cooper,PRINCIPAL,finn.cooper@hamptonhillscho.school.nz,024-478-3357,2021-12-11,True
6360,2852,Paula,Harawira,SITE_MANAGER,paula.harawira@hamptonhillscho.school.nz,028-221-3428,2020-07-09,True
6361,2852,Kauri,Murray,HS_REP,kauri.murray@hamptonhillscho.school.nz,025-170-1152,2021-01-11,True
6362,2852,Shane,Gallagher,CARETAKER,shane.gallagher@hamptonhillscho.school.nz,022-258-7531,2022-05-11,True
6363,2854,Craig,Nguyen,PRINCIPAL,craig.nguyen@hataitaischool.school.nz,025-383-8779,2021-05-09,True
6364,2854,Tane,Baker,SITE_MANAGER,tane.baker@hataitaischool.school.nz,025-763-7293,2020-09-20,True
6365,2854,Matthew,Wright,HS_REP,matthew.wright@hataitaischool.school.nz,021-604-4264,2020-11-16,True
6366,2855,Ethan,Harris,PRINCIPAL,ethan.harris@havelockschool.school.nz,024-340-5230,2021-05-06,True
6367,2855,Isla,Singh,SITE_MANAGER,isla.singh@havelockschool.school.nz,023-975-8879,2020-04-19,True
6368,2855,Georgia,Chen,HS_REP,georgia.chen@havelockschool.school.nz,021-166-7531,2022-06-19,True
6369,2855,Stacey,Fraser,CARETAKER,stacey.fraser@havelockschool.school.nz,026-112-8991,2022-06-20,True
6370,2859,Paula,Wilson,PRINCIPAL,paula.wilson@holyfamilyschoo.school.nz,027-743-3518,2021-02-12,True
6371,2859,Maia,Parker,SITE_MANAGER,maia.parker@holyfamilyschoo.school.nz,027-204-5448,2021-09-04,True
6372,2859,Chris,Burns,HS_REP,chris.burns@holyfamilyschoo.school.nz,022-923-3899,2021-08-11,True
6373,2861,Mark,Anderson,PRINCIPAL,mark.anderson@houghtonvalleys.school.nz,021-769-8306,2022-05-01,True
6374,2861,Michael,Robinson,SITE_MANAGER,michael.robinson@houghtonvalleys.school.nz,024-395-7508,2020-02-12,True
6375,2861,Anika,Johnston,HS_REP,anika.johnston@houghtonvalleys.school.nz,028-313-6446,2021-05-13,True
6376,2861,Michelle,Henare,CARETAKER,michelle.henare@houghtonvalleys.school.nz,024-338-3439,2021-02-20,True
6377,2862,Emma,Clarke,PRINCIPAL,emma.clarke@huttcentralscho.school.nz,028-650-6213,2021-10-30,True
6378,2862,Scott,Green,SITE_MANAGER,scott.green@huttcentralscho.school.nz,021-725-1707,2022-08-11,True
6379,2862,Michelle,Johnston,HS_REP,michelle.johnston@huttcentralscho.school.nz,021-157-8558,2021-10-07,True
6380,2863,Luke,Johnston,PRINCIPAL,luke.johnston@huttintermediat.school.nz,028-507-7114,2022-07-02,True
6381,2863,Anika,Crawford,SITE_MANAGER,anika.crawford@huttintermediat.school.nz,025-629-9316,2020-04-02,True
6382,2863,Grace,Watson,HS_REP,grace.watson@huttintermediat.school.nz,027-163-9843,2021-10-18,True
6383,2863,Mason,Mahuta,CARETAKER,mason.mahuta@huttintermediat.school.nz,022-209-1998,2020-10-27,True
6384,2865,Nicola,Scott,PRINCIPAL,nicola.scott@islandbayschool.school.nz,023-640-1364,2021-02-16,True
6385,2865,Chris,Taukiri,SITE_MANAGER,chris.taukiri@islandbayschool.school.nz,025-499-4499,2022-06-28,True
6386,2865,Luke,Kim,HS_REP,luke.kim@islandbayschool.school.nz,028-836-2955,2022-01-24,True
6387,2866,Sophie,Robinson,PRINCIPAL,sophie.robinson@johnsonvillesch.school.nz,027-250-9234,2022-05-24,True
6388,2866,Joanne,Campbell,SITE_MANAGER,joanne.campbell@johnsonvillesch.school.nz,021-738-2560,2022-05-08,True
6389,2866,Sam,Nguyen,HS_REP,sam.nguyen@johnsonvillesch.school.nz,028-773-4727,2020-12-13,True
6390,2867,Kylie,Singh,PRINCIPAL,kylie.singh@westparkschool.school.nz,024-546-4207,2021-09-23,True
6391,2867,Tia,Wright,SITE_MANAGER,tia.wright@westparkschool.school.nz,023-892-2988,2020-12-03,True
6392,2867,Mere,Lee,HS_REP,mere.lee@westparkschool.school.nz,023-290-7993,2020-02-20,True
6393,2868,Amber,White,PRINCIPAL,amber.white@kahutaraschool.school.nz,026-989-6341,2020-05-22,True
6394,2868,Simon,Young,SITE_MANAGER,simon.young@kahutaraschool.school.nz,024-189-1153,2021-01-17,True
6395,2868,David,Robinson,HS_REP,david.robinson@kahutaraschool.school.nz,024-184-1614,2021-10-20,True
6396,2871,Grant,Mitchell,PRINCIPAL,grant.mitchell@kapakapanuischo.school.nz,027-268-5005,2020-08-31,True
6397,2871,Paula,Jones,SITE_MANAGER,paula.jones@kapakapanuischo.school.nz,024-372-9725,2021-02-07,True
6398,2871,Georgia,Burns,HS_REP,georgia.burns@kapakapanuischo.school.nz,023-460-6214,2020-03-24,True
6399,2872,Anika,Scott,PRINCIPAL,anika.scott@mahinawaspecial.school.nz,022-742-1416,2022-05-01,True
6400,2872,Mere,Chen,SITE_MANAGER,mere.chen@mahinawaspecial.school.nz,023-259-1648,2021-01-22,True
6401,2872,Caleb,Fitzgerald,HS_REP,caleb.fitzgerald@mahinawaspecial.school.nz,027-696-2885,2020-06-23,True
6402,2873,Matiu,Crawford,PRINCIPAL,matiu.crawford@kapitischool.school.nz,028-367-9591,2021-08-01,True
6403,2873,Sarah,Taylor,SITE_MANAGER,sarah.taylor@kapitischool.school.nz,027-845-4166,2020-08-27,True
6404,2873,Reuben,Martin,HS_REP,reuben.martin@kapitischool.school.nz,025-423-6487,2020-08-27,True
6405,2874,Josh,Patel,PRINCIPAL,josh.patel@karorinormalsch.school.nz,022-614-7621,2020-05-09,True
6406,2874,Jack,Taylor,SITE_MANAGER,jack.taylor@karorinormalsch.school.nz,023-188-8349,2020-11-17,True
6407,2874,Josh,Wong,HS_REP,josh.wong@karorinormalsch.school.nz,028-980-7952,2021-12-29,True
6408,2874,Amelia,Taylor,CARETAKER,amelia.taylor@karorinormalsch.school.nz,025-328-1270,2020-09-03,True
6409,2875,Paula,Parker,PRINCIPAL,paula.parker@karoriwestnorma.school.nz,025-609-2605,2020-03-25,True
6410,2875,Emma,Stewart,SITE_MANAGER,emma.stewart@karoriwestnorma.school.nz,022-275-9722,2020-05-26,True
6411,2875,Tracey,Thompson,HS_REP,tracey.thompson@karoriwestnorma.school.nz,026-115-8145,2021-05-18,True
6412,2876,Andrew,Young,PRINCIPAL,andrew.young@kelburnnormalsc.school.nz,023-766-8582,2021-12-29,True
6413,2876,Grace,Gray,SITE_MANAGER,grace.gray@kelburnnormalsc.school.nz,024-594-9681,2022-05-21,True
6414,2876,Ihaia,Anderson,HS_REP,ihaia.anderson@kelburnnormalsc.school.nz,027-160-1258,2020-01-09,True
6415,2877,Stacey,Brown,PRINCIPAL,stacey.brown@kelsonschool.school.nz,025-833-2355,2022-03-25,True
6416,2877,Craig,Harawira,SITE_MANAGER,craig.harawira@kelsonschool.school.nz,028-832-9121,2021-01-17,True
6417,2877,Amelia,Edwards,HS_REP,amelia.edwards@kelsonschool.school.nz,021-324-4273,2022-05-08,True
6418,2878,Max,Te Huia,PRINCIPAL,max.te huia@kenakenaschool.school.nz,022-146-7442,2020-10-03,True
6419,2878,Donna,Hill,SITE_MANAGER,donna.hill@kenakenaschool.school.nz,022-901-5666,2022-09-17,True
6420,2878,Charlotte,Fitzgerald,HS_REP,charlotte.fitzgerald@kenakenaschool.school.nz,022-620-6739,2022-01-25,True
6421,2879,Donna,Chen,PRINCIPAL,donna.chen@khandallahschoo.school.nz,022-304-4193,2022-08-03,True
6422,2879,Tia,Clarke,SITE_MANAGER,tia.clarke@khandallahschoo.school.nz,027-442-3111,2022-04-03,True
6423,2879,Grace,Martin,HS_REP,grace.martin@khandallahschoo.school.nz,022-412-4680,2021-05-17,True
6424,2880,Matiu,Jones,PRINCIPAL,matiu.jones@kilbirnieschool.school.nz,027-184-3160,2021-01-29,True
6425,2880,Maia,Campbell,SITE_MANAGER,maia.campbell@kilbirnieschool.school.nz,026-218-8550,2020-01-04,True
6426,2880,Matthew,Smith,HS_REP,matthew.smith@kilbirnieschool.school.nz,024-859-9729,2021-02-03,True
6427,2882,Ihaia,King,PRINCIPAL,ihaia.king@koputaroaschool.school.nz,028-954-6134,2022-09-24,True
6428,2882,Maia,Fraser,SITE_MANAGER,maia.fraser@koputaroaschool.school.nz,023-102-7148,2021-12-12,True
6429,2882,Rawiri,Singh,HS_REP,rawiri.singh@koputaroaschool.school.nz,021-399-5122,2022-07-05,True
6430,2882,Aria,Robinson,CARETAKER,aria.robinson@koputaroaschool.school.nz,028-260-8078,2021-09-01,True
6431,2883,Nikau,Gallagher,PRINCIPAL,nikau.gallagher@korokoroschool.school.nz,023-598-9636,2020-10-29,True
6432,2883,Kauri,Edwards,SITE_MANAGER,kauri.edwards@korokoroschool.school.nz,021-832-4400,2021-03-13,True
6433,2883,Tane,Kim,HS_REP,tane.kim@korokoroschool.school.nz,028-696-4071,2021-10-09,True
6434,2883,Isla,Gray,CARETAKER,isla.gray@korokoroschool.school.nz,026-399-3761,2020-10-26,True
6435,2886,Stacey,Stewart,PRINCIPAL,stacey.stewart@levineastschool.school.nz,022-361-5981,2020-04-13,True
6436,2886,Charlotte,Crawford,SITE_MANAGER,charlotte.crawford@levineastschool.school.nz,021-273-5767,2020-06-05,True
6437,2886,Rawiri,Harris,HS_REP,rawiri.harris@levineastschool.school.nz,024-493-9752,2022-01-10,True
6438,2886,Finn,Hill,CARETAKER,finn.hill@levineastschool.school.nz,028-789-5702,2022-03-16,True
6439,2887,Sophie,Walker,PRINCIPAL,sophie.walker@levinintermedia.school.nz,024-948-9559,2021-10-23,True
6440,2887,Max,Scott,SITE_MANAGER,max.scott@levinintermedia.school.nz,028-143-9758,2022-05-06,True
6441,2887,Joanne,Walker,HS_REP,joanne.walker@levinintermedia.school.nz,022-378-1207,2022-06-07,True
6442,2887,Daniel,Young,CARETAKER,daniel.young@levinintermedia.school.nz,021-612-1368,2021-01-07,True
6443,2888,Mark,Green,PRINCIPAL,mark.green@levinnorthschoo.school.nz,021-746-2417,2022-09-12,True
6444,2888,Sam,Collins,SITE_MANAGER,sam.collins@levinnorthschoo.school.nz,023-824-4244,2021-10-04,True
6445,2888,Liam,Mitchell,HS_REP,liam.mitchell@levinnorthschoo.school.nz,024-588-2183,2021-03-12,True
6446,2889,James,Brown,PRINCIPAL,james.brown@levinschool.school.nz,023-415-4522,2020-05-24,True
6447,2889,Charlotte,Parker,SITE_MANAGER,charlotte.parker@levinschool.school.nz,028-864-2595,2021-05-08,True
6448,2889,Ben,Kim,HS_REP,ben.kim@levinschool.school.nz,022-923-7204,2020-10-29,True
6449,2889,Rawiri,Johnston,CARETAKER,rawiri.johnston@levinschool.school.nz,021-736-3356,2020-08-22,True
6450,2890,Mark,Singh,PRINCIPAL,mark.singh@lindenschool.school.nz,027-563-3901,2020-06-30,True
6451,2890,Ethan,Cooper,SITE_MANAGER,ethan.cooper@lindenschool.school.nz,026-781-9045,2020-01-20,True
6452,2890,Tracey,Wong,HS_REP,tracey.wong@lindenschool.school.nz,026-293-1675,2020-01-25,True
6453,2890,Zara,Gray,CARETAKER,zara.gray@lindenschool.school.nz,021-331-4201,2022-03-07,True
6454,2891,Charlotte,Turner,PRINCIPAL,charlotte.turner@linkwaterschool.school.nz,025-693-2618,2022-09-09,True
6455,2891,Grace,Green,SITE_MANAGER,grace.green@linkwaterschool.school.nz,028-720-4587,2021-03-12,True
6456,2891,Nathan,Palmer,HS_REP,nathan.palmer@linkwaterschool.school.nz,021-529-6508,2021-07-12,True
6457,2892,Maia,Brown,PRINCIPAL,maia.brown@lyallbayschool.school.nz,027-690-8763,2021-06-12,True
6458,2892,David,Thompson,SITE_MANAGER,david.thompson@lyallbayschool.school.nz,025-498-5928,2021-09-07,True
6459,2892,Mark,Smith,HS_REP,mark.smith@lyallbayschool.school.nz,027-256-9019,2020-08-10,True
6460,2892,Reuben,Bennett,CARETAKER,reuben.bennett@lyallbayschool.school.nz,028-818-2800,2022-06-09,True
6461,2893,Ryan,Brown,PRINCIPAL,ryan.brown@maidstoneinterm.school.nz,026-679-4777,2020-02-02,True
6462,2893,Emma,Mitchell,SITE_MANAGER,emma.mitchell@maidstoneinterm.school.nz,022-257-2609,2021-01-30,True
6463,2893,Andrew,Robinson,HS_REP,andrew.robinson@maidstoneinterm.school.nz,026-824-4025,2022-07-02,True
6464,2893,Scott,Wright,CARETAKER,scott.wright@maidstoneinterm.school.nz,027-686-5775,2021-02-05,True
6465,2894,Tracey,Martin,PRINCIPAL,tracey.martin@mākaramodelscho.school.nz,023-547-4016,2020-06-08,True
6466,2894,Isla,Mitchell,SITE_MANAGER,isla.mitchell@mākaramodelscho.school.nz,023-775-6793,2022-08-21,True
6467,2894,Kauri,Wilson,HS_REP,kauri.wilson@mākaramodelscho.school.nz,025-142-2092,2020-08-06,True
6468,2894,Mason,Clarke,CARETAKER,mason.clarke@mākaramodelscho.school.nz,024-347-5452,2021-04-30,True
6469,2895,Liam,Walker,PRINCIPAL,liam.walker@makurischool.school.nz,024-709-1384,2022-01-28,True
6470,2895,Charlotte,Chen,SITE_MANAGER,charlotte.chen@makurischool.school.nz,024-268-6501,2021-07-17,True
6471,2895,Scott,Martin,HS_REP,scott.martin@makurischool.school.nz,025-157-4872,2022-03-27,True
6472,2895,Holly,Mahuta,CARETAKER,holly.mahuta@makurischool.school.nz,025-205-9099,2021-11-12,True
6473,2896,Chris,Parker,PRINCIPAL,chris.parker@manakauschool.school.nz,025-550-3518,2021-04-16,True
6474,2896,Andrew,Walker,SITE_MANAGER,andrew.walker@manakauschool.school.nz,026-818-8715,2020-10-08,True
6475,2896,Ethan,Baker,HS_REP,ethan.baker@manakauschool.school.nz,022-574-8978,2020-04-08,True
6476,2896,Ethan,Henderson,CARETAKER,ethan.henderson@manakauschool.school.nz,025-773-3210,2022-08-07,True
6477,2899,Moana,Wright,PRINCIPAL,moana.wright@mangaroaschool.school.nz,024-640-2416,2021-12-08,True
6478,2899,Sarah,White,SITE_MANAGER,sarah.white@mangaroaschool.school.nz,027-491-8778,2021-12-03,True
6479,2899,Nikau,Clarke,HS_REP,nikau.clarke@mangaroaschool.school.nz,022-528-1019,2021-03-12,True
6480,2900,Isla,Bennett,PRINCIPAL,isla.bennett@mangatainokasch.school.nz,023-888-7092,2020-11-22,True
6481,2900,Karen,Mitchell,SITE_MANAGER,karen.mitchell@mangatainokasch.school.nz,024-292-7953,2022-09-06,True
6482,2900,Paula,Mitchell,HS_REP,paula.mitchell@mangatainokasch.school.nz,026-408-7360,2020-10-20,True
6483,2902,Nathan,Singh,PRINCIPAL,nathan.singh@tekuraohaukaret.school.nz,026-947-3704,2022-06-12,True
6484,2902,Craig,Burns,SITE_MANAGER,craig.burns@tekuraohaukaret.school.nz,025-764-6170,2021-02-12,True
6485,2902,Brooke,Hill,HS_REP,brooke.hill@tekuraohaukaret.school.nz,028-638-4712,2020-08-31,True
6486,2902,Ihaia,Henare,CARETAKER,ihaia.henare@tekuraohaukaret.school.nz,021-845-6725,2022-04-17,True
6487,2903,Ethan,Murray,PRINCIPAL,ethan.murray@maraeroaschool.school.nz,021-366-5205,2020-02-15,True
6488,2903,Rachel,Tamati,SITE_MANAGER,rachel.tamati@maraeroaschool.school.nz,022-595-6072,2021-06-29,True
6489,2903,Rachel,Henderson,HS_REP,rachel.henderson@maraeroaschool.school.nz,021-320-9523,2021-10-06,True
6490,2904,Ben,White,PRINCIPAL,ben.white@holycrossschool.school.nz,024-393-8801,2022-09-05,True
6491,2904,David,King,SITE_MANAGER,david.king@holycrossschool.school.nz,026-347-6008,2021-02-22,True
6492,2904,Wiremu,Wright,HS_REP,wiremu.wright@holycrossschool.school.nz,021-875-8632,2020-05-05,True
6493,2906,Olivia,Cooper,PRINCIPAL,olivia.cooper@martinboroughsc.school.nz,024-212-4677,2020-05-21,True
6494,2906,Anika,Smith,SITE_MANAGER,anika.smith@martinboroughsc.school.nz,025-622-2310,2022-06-13,True
6495,2906,Kaia,Harris,HS_REP,kaia.harris@martinboroughsc.school.nz,022-408-1124,2020-12-04,True
6496,2906,Sarah,Campbell,CARETAKER,sarah.campbell@martinboroughsc.school.nz,023-308-9010,2020-10-20,True
6497,2909,Mason,Wong,PRINCIPAL,mason.wong@mastertoninterm.school.nz,028-670-5492,2021-01-18,True
6498,2909,Anika,Taylor,SITE_MANAGER,anika.taylor@mastertoninterm.school.nz,022-426-7362,2022-03-13,True
6499,2909,Mark,Scott,HS_REP,mark.scott@mastertoninterm.school.nz,028-776-4135,2021-05-22,True
6500,2909,Craig,Robinson,CARETAKER,craig.robinson@mastertoninterm.school.nz,023-522-2685,2021-12-24,True
6501,2911,Simon,Parker,PRINCIPAL,simon.parker@mauricevillesch.school.nz,023-858-1080,2022-07-23,True
6502,2911,Grant,Edwards,SITE_MANAGER,grant.edwards@mauricevillesch.school.nz,028-668-2261,2022-03-25,True
6503,2911,Zara,Henare,HS_REP,zara.henare@mauricevillesch.school.nz,026-509-4044,2020-03-13,True
6504,2911,Mason,Gallagher,CARETAKER,mason.gallagher@mauricevillesch.school.nz,028-232-3753,2022-03-13,True
6505,2912,Hayley,Chen,PRINCIPAL,hayley.chen@mayfieldschool(.school.nz,027-201-3386,2021-12-21,True
6506,2912,Matthew,Wilson,SITE_MANAGER,matthew.wilson@mayfieldschool(.school.nz,027-285-5650,2022-06-13,True
6507,2912,Sam,Young,HS_REP,sam.young@mayfieldschool(.school.nz,025-429-2371,2021-07-20,True
6508,2912,Sophie,Fitzgerald,CARETAKER,sophie.fitzgerald@mayfieldschool(.school.nz,024-911-6823,2022-02-11,True
6509,2915,Nikau,Wilson,PRINCIPAL,nikau.wilson@miramarcentrals.school.nz,023-834-1204,2020-12-03,True
6510,2915,Josh,Gray,SITE_MANAGER,josh.gray@miramarcentrals.school.nz,028-636-2673,2021-05-26,True
6511,2915,Jack,Young,HS_REP,jack.young@miramarcentrals.school.nz,021-679-5703,2020-06-08,True
6512,2915,Craig,Wilson,CARETAKER,craig.wilson@miramarcentrals.school.nz,026-523-6435,2020-08-25,True
6513,2916,Ruby,Russell,PRINCIPAL,ruby.russell@miramarnorthsch.school.nz,027-603-9234,2021-10-12,True
6514,2916,Freya,Brown,SITE_MANAGER,freya.brown@miramarnorthsch.school.nz,026-366-1087,2021-02-14,True
6515,2916,James,Bennett,HS_REP,james.bennett@miramarnorthsch.school.nz,022-785-1934,2020-04-07,True
6516,2918,Jack,Clarke,PRINCIPAL,jack.clarke@mtcookschool(we.school.nz,028-832-7033,2021-10-03,True
6517,2918,Hayley,Brown,SITE_MANAGER,hayley.brown@mtcookschool(we.school.nz,026-386-6284,2021-09-06,True
6518,2918,Ben,Wright,HS_REP,ben.wright@mtcookschool(we.school.nz,021-395-3233,2021-04-11,True
6519,2920,Holly,Smith,PRINCIPAL,holly.smith@muritaischool.school.nz,022-152-7248,2021-12-04,True
6520,2920,Liam,Scott,SITE_MANAGER,liam.scott@muritaischool.school.nz,024-154-9174,2021-05-26,True
6521,2920,Mere,Scott,HS_REP,mere.scott@muritaischool.school.nz,021-525-4515,2021-09-04,True
6522,2921,James,Hill,PRINCIPAL,james.hill@naenaeintermedi.school.nz,024-833-6211,2022-04-12,True
6523,2921,Noah,Collins,SITE_MANAGER,noah.collins@naenaeintermedi.school.nz,023-631-9364,2020-12-31,True
6524,2921,Kylie,Clarke,HS_REP,kylie.clarke@naenaeintermedi.school.nz,027-446-6554,2021-07-27,True
6525,2921,Georgia,Young,CARETAKER,georgia.young@naenaeintermedi.school.nz,024-349-5181,2022-08-28,True
6526,2922,Noah,Te Huia,PRINCIPAL,noah.te huia@naenaeschool.school.nz,021-676-8604,2022-02-10,True
6527,2922,Nicola,Crawford,SITE_MANAGER,nicola.crawford@naenaeschool.school.nz,027-303-2890,2020-02-07,True
6528,2922,Lisa,Murray,HS_REP,lisa.murray@naenaeschool.school.nz,027-384-1892,2020-08-09,True
6529,2922,Rachel,Clarke,CARETAKER,rachel.clarke@naenaeschool.school.nz,023-197-5391,2020-11-18,True
6530,2923,Nikau,Kumar,PRINCIPAL,nikau.kumar@natoneparkschoo.school.nz,026-649-5256,2021-12-29,True
6531,2923,Donna,Taukiri,SITE_MANAGER,donna.taukiri@natoneparkschoo.school.nz,026-266-3471,2020-06-05,True
6532,2923,Grant,Crawford,HS_REP,grant.crawford@natoneparkschoo.school.nz,021-869-9901,2021-03-30,True
6533,2924,Max,Kim,PRINCIPAL,max.kim@newlandsinterme.school.nz,021-684-8493,2020-09-03,True
6534,2924,Olivia,Burns,SITE_MANAGER,olivia.burns@newlandsinterme.school.nz,022-750-1623,2022-05-17,True
6535,2924,Sam,Fitzgerald,HS_REP,sam.fitzgerald@newlandsinterme.school.nz,023-742-6677,2020-01-29,True
6536,2925,Nathan,Watson,PRINCIPAL,nathan.watson@newlandsschool.school.nz,028-643-2206,2021-08-14,True
6537,2925,Georgia,Jones,SITE_MANAGER,georgia.jones@newlandsschool.school.nz,028-203-9647,2022-02-05,True
6538,2925,Rachel,Harris,HS_REP,rachel.harris@newlandsschool.school.nz,023-639-4839,2020-04-29,True
6539,2925,Freya,Patel,CARETAKER,freya.patel@newlandsschool.school.nz,021-823-9406,2021-06-25,True
6540,2926,Zara,Mitchell,PRINCIPAL,zara.mitchell@newtownschool.school.nz,027-795-8639,2021-06-22,True
6541,2926,Matthew,Roberts,SITE_MANAGER,matthew.roberts@newtownschool.school.nz,025-528-5367,2022-08-08,True
6542,2926,Mere,Collins,HS_REP,mere.collins@newtownschool.school.nz,025-989-7360,2022-03-05,True
6543,2927,Ihaia,Green,PRINCIPAL,ihaia.green@ngaioschool.school.nz,022-608-4407,2021-10-25,True
6544,2927,Nikau,Russell,SITE_MANAGER,nikau.russell@ngaioschool.school.nz,026-708-9168,2020-09-23,True
6545,2927,Jessica,Fitzgerald,HS_REP,jessica.fitzgerald@ngaioschool.school.nz,022-250-4951,2021-03-25,True
6546,2928,Ryan,Singh,PRINCIPAL,ryan.singh@ngatitoaschool.school.nz,022-968-6566,2021-11-08,True
6547,2928,Matthew,Chen,SITE_MANAGER,matthew.chen@ngatitoaschool.school.nz,027-899-6463,2022-02-28,True
6548,2928,Noah,Henderson,HS_REP,noah.henderson@ngatitoaschool.school.nz,028-856-4068,2022-05-13,True
6549,2930,Tia,Taukiri,PRINCIPAL,tia.taukiri@normandaleschoo.school.nz,024-672-7593,2022-06-08,True
6550,2930,Paula,Stewart,SITE_MANAGER,paula.stewart@normandaleschoo.school.nz,022-439-2841,2020-06-21,True
6551,2930,Karen,Cooper,HS_REP,karen.cooper@normandaleschoo.school.nz,025-489-5581,2020-08-06,True
6552,2930,Charlotte,Clarke,CARETAKER,charlotte.clarke@normandaleschoo.school.nz,025-133-8617,2020-11-04,True
6553,2931,Rawiri,Campbell,PRINCIPAL,rawiri.campbell@northlandschool.school.nz,023-523-2772,2020-01-31,True
6554,2931,Charlotte,Thompson,SITE_MANAGER,charlotte.thompson@northlandschool.school.nz,027-964-1225,2020-07-24,True
6555,2931,Jack,Fitzgerald,HS_REP,jack.fitzgerald@northlandschool.school.nz,024-324-2405,2021-08-24,True
6556,2933,Joanne,Burns,PRINCIPAL,joanne.burns@ohauschool.school.nz,027-849-9540,2020-08-25,True
6557,2933,Shane,Palmer,SITE_MANAGER,shane.palmer@ohauschool.school.nz,024-434-9738,2021-06-26,True
6558,2933,Sam,Kim,HS_REP,sam.kim@ohauschool.school.nz,028-987-7616,2022-08-22,True
6559,2936,Josh,Collins,PRINCIPAL,josh.collins@ōpakischool.school.nz,021-554-1121,2022-09-11,True
6560,2936,Tane,Campbell,SITE_MANAGER,tane.campbell@ōpakischool.school.nz,027-915-9045,2021-11-12,True
6561,2936,Zara,Chen,HS_REP,zara.chen@ōpakischool.school.nz,023-271-1602,2020-07-13,True
6562,2936,Mark,Hill,CARETAKER,mark.hill@ōpakischool.school.nz,021-186-1089,2022-02-18,True
6563,2937,Sophie,Campbell,PRINCIPAL,sophie.campbell@opikischool.school.nz,026-621-9174,2022-05-22,True
6564,2937,Tane,Wilson,SITE_MANAGER,tane.wilson@opikischool.school.nz,021-113-1304,2020-11-04,True
6565,2937,Jessica,Chen,HS_REP,jessica.chen@opikischool.school.nz,026-966-1153,2022-01-14,True
6566,2937,Reuben,Robinson,CARETAKER,reuben.robinson@opikischool.school.nz,022-209-4202,2022-05-09,True
6567,2939,Ben,Thompson,PRINCIPAL,ben.thompson@otakischool.school.nz,028-335-8704,2020-03-20,True
6568,2939,James,Hill,SITE_MANAGER,james.hill@otakischool.school.nz,024-574-3384,2022-09-14,True
6569,2939,Kylie,Rewi,HS_REP,kylie.rewi@otakischool.school.nz,027-692-5549,2022-07-07,True
6570,2939,Finn,Hamilton,CARETAKER,finn.hamilton@otakischool.school.nz,026-216-8928,2022-08-30,True
6571,2941,Mason,Walker,PRINCIPAL,mason.walker@ourladyoftheros.school.nz,026-206-5416,2021-04-12,True
6572,2941,Mason,Watson,SITE_MANAGER,mason.watson@ourladyoftheros.school.nz,021-136-4568,2020-01-30,True
6573,2941,Kaia,Watson,HS_REP,kaia.watson@ourladyoftheros.school.nz,026-646-6755,2021-09-04,True
6574,2942,Mere,Thompson,PRINCIPAL,mere.thompson@owhirobayschool.school.nz,028-383-1072,2021-04-04,True
6575,2942,Simon,Fitzgerald,SITE_MANAGER,simon.fitzgerald@owhirobayschool.school.nz,025-204-3295,2021-02-11,True
6576,2942,Aroha,Rewi,HS_REP,aroha.rewi@owhirobayschool.school.nz,028-270-5600,2021-12-06,True
6577,2942,Sarah,Harris,CARETAKER,sarah.harris@owhirobayschool.school.nz,024-388-5161,2020-05-06,True
6578,2943,Wiremu,Palmer,PRINCIPAL,wiremu.palmer@oxfordcrescents.school.nz,021-804-4412,2021-06-06,True
6579,2943,Stacey,Te Huia,SITE_MANAGER,stacey.te huia@oxfordcrescents.school.nz,027-486-3776,2022-05-09,True
6580,2943,Georgia,Bennett,HS_REP,georgia.bennett@oxfordcrescents.school.nz,027-205-7318,2022-07-31,True
6581,2943,Reuben,Robinson,CARETAKER,reuben.robinson@oxfordcrescents.school.nz,028-824-9230,2021-09-04,True
6582,2944,Scott,Hamilton,PRINCIPAL,scott.hamilton@paekākārikischo.school.nz,026-697-9487,2022-01-14,True
6583,2944,Reuben,Kumar,SITE_MANAGER,reuben.kumar@paekākārikischo.school.nz,022-940-8958,2020-04-29,True
6584,2944,Michelle,Russell,HS_REP,michelle.russell@paekākārikischo.school.nz,028-858-8800,2020-08-16,True
6585,2945,Maia,Fraser,PRINCIPAL,maia.fraser@pahiatuaschool.school.nz,023-646-3612,2021-09-13,True
6586,2945,Lisa,Burns,SITE_MANAGER,lisa.burns@pahiatuaschool.school.nz,023-191-8395,2020-11-17,True
6587,2945,Isla,Baker,HS_REP,isla.baker@pahiatuaschool.school.nz,022-565-8064,2020-09-04,True
6588,2946,Nathan,Edwards,PRINCIPAL,nathan.edwards@papakowhaischoo.school.nz,024-418-1470,2020-10-22,True
6589,2946,Isla,Robinson,SITE_MANAGER,isla.robinson@papakowhaischoo.school.nz,021-860-4730,2022-08-25,True
6590,2946,Kaia,Turner,HS_REP,kaia.turner@papakowhaischoo.school.nz,023-771-4215,2020-10-21,True
6591,2947,Michael,Wright,PRINCIPAL,michael.wright@paparangischool.school.nz,027-603-8613,2021-06-18,True
6592,2947,Shane,Lee,SITE_MANAGER,shane.lee@paparangischool.school.nz,028-558-6409,2020-05-20,True
6593,2947,Nathan,Rewi,HS_REP,nathan.rewi@paparangischool.school.nz,022-538-6304,2021-11-02,True
6594,2948,Amber,Taylor,PRINCIPAL,amber.taylor@paraparaumubeac.school.nz,026-364-5799,2020-01-12,True
6595,2948,Ethan,Henderson,SITE_MANAGER,ethan.henderson@paraparaumubeac.school.nz,021-992-5681,2021-02-16,True
6596,2948,Shane,Johnston,HS_REP,shane.johnston@paraparaumubeac.school.nz,027-456-4874,2021-02-04,True
6597,2948,Lisa,Baker,CARETAKER,lisa.baker@paraparaumubeac.school.nz,026-836-9697,2020-02-13,True
6598,2949,Paula,White,PRINCIPAL,paula.white@paraparaumuscho.school.nz,022-378-5627,2020-04-21,True
6599,2949,Jack,Mahuta,SITE_MANAGER,jack.mahuta@paraparaumuscho.school.nz,028-402-9296,2020-03-27,True
6600,2949,Grant,Morgan,HS_REP,grant.morgan@paraparaumuscho.school.nz,023-524-2885,2022-07-28,True
6601,2950,Kauri,White,PRINCIPAL,kauri.white@paremataschool.school.nz,022-703-4975,2021-12-20,True
6602,2950,Brooke,Watson,SITE_MANAGER,brooke.watson@paremataschool.school.nz,025-617-9837,2020-07-15,True
6603,2950,Jessica,Singh,HS_REP,jessica.singh@paremataschool.school.nz,025-441-9854,2022-03-14,True
6604,2953,Craig,Hall,PRINCIPAL,craig.hall@pauatahanuischo.school.nz,027-973-1773,2021-09-27,True
6605,2953,Amelia,Rewi,SITE_MANAGER,amelia.rewi@pauatahanuischo.school.nz,022-405-3452,2020-06-19,True
6606,2953,Ben,Clarke,HS_REP,ben.clarke@pauatahanuischo.school.nz,022-844-4211,2021-06-23,True
6607,2955,Georgia,Wong,PRINCIPAL,georgia.wong@petonecentralsc.school.nz,027-911-9120,2020-09-24,True
6608,2955,Shane,Chen,SITE_MANAGER,shane.chen@petonecentralsc.school.nz,025-231-5366,2021-07-07,True
6609,2955,Ihaia,Gray,HS_REP,ihaia.gray@petonecentralsc.school.nz,026-203-1065,2020-06-26,True
6610,2955,Simon,Martin,CARETAKER,simon.martin@petonecentralsc.school.nz,023-224-6935,2020-09-10,True
6611,2956,Brooke,Jones,PRINCIPAL,brooke.jones@pictonschool.school.nz,025-438-7441,2020-04-02,True
6612,2956,David,Watson,SITE_MANAGER,david.watson@pictonschool.school.nz,022-339-8566,2020-12-30,True
6613,2956,Grace,Wilson,HS_REP,grace.wilson@pictonschool.school.nz,025-566-9652,2020-01-07,True
6614,2957,Isla,Taukiri,PRINCIPAL,isla.taukiri@pinehavenschool.school.nz,026-788-6670,2021-02-01,True
6615,2957,Joanne,Parker,SITE_MANAGER,joanne.parker@pinehavenschool.school.nz,023-987-6251,2021-10-19,True
6616,2957,Amelia,Taukiri,HS_REP,amelia.taukiri@pinehavenschool.school.nz,022-584-1671,2021-08-18,True
6617,2957,Wiremu,Rewi,CARETAKER,wiremu.rewi@pinehavenschool.school.nz,025-547-1487,2021-01-15,True
6618,2958,Nikau,Hall,PRINCIPAL,nikau.hall@pirinoaschool.school.nz,025-831-3888,2022-01-12,True
6619,2958,Georgia,Hill,SITE_MANAGER,georgia.hill@pirinoaschool.school.nz,025-100-3644,2022-06-02,True
6620,2958,Nicola,Walker,HS_REP,nicola.walker@pirinoaschool.school.nz,027-672-4204,2022-03-22,True
6621,2958,Sam,Young,CARETAKER,sam.young@pirinoaschool.school.nz,021-117-3375,2020-06-15,True
6622,2959,Hemi,Collins,PRINCIPAL,hemi.collins@plateauschool.school.nz,028-832-3883,2022-04-24,True
6623,2959,Reuben,Stewart,SITE_MANAGER,reuben.stewart@plateauschool.school.nz,021-448-8810,2021-03-19,True
6624,2959,Sarah,Smith,HS_REP,sarah.smith@plateauschool.school.nz,022-202-4768,2022-06-29,True
6625,2960,Craig,Williams,PRINCIPAL,craig.williams@plimmertonschoo.school.nz,023-919-8418,2021-05-16,True
6626,2960,Holly,Te Huia,SITE_MANAGER,holly.te huia@plimmertonschoo.school.nz,021-186-9486,2021-09-25,True
6627,2960,Tane,Henderson,HS_REP,tane.henderson@plimmertonschoo.school.nz,025-467-1993,2022-05-28,True
6628,2961,Max,Williams,PRINCIPAL,max.williams@pomareschool.school.nz,028-740-4204,2020-01-20,True
6629,2961,Sophie,Edwards,SITE_MANAGER,sophie.edwards@pomareschool.school.nz,026-507-9045,2021-03-01,True
6630,2961,Tane,Kumar,HS_REP,tane.kumar@pomareschool.school.nz,021-498-8047,2020-03-11,True
6631,2961,Chris,Martin,CARETAKER,chris.martin@pomareschool.school.nz,026-817-7618,2020-09-25,True
6632,2962,Charlotte,Harris,PRINCIPAL,charlotte.harris@pongaroaschool.school.nz,022-128-6144,2022-01-25,True
6633,2962,Scott,Nguyen,SITE_MANAGER,scott.nguyen@pongaroaschool.school.nz,023-225-4050,2020-11-29,True
6634,2962,Tane,Crawford,HS_REP,tane.crawford@pongaroaschool.school.nz,025-504-4106,2021-11-05,True
6635,2963,Freya,King,PRINCIPAL,freya.king@poriruaeastscho.school.nz,026-352-1012,2021-06-11,True
6636,2963,Rachel,Bennett,SITE_MANAGER,rachel.bennett@poriruaeastscho.school.nz,024-723-5394,2020-12-03,True
6637,2963,Mark,Edwards,HS_REP,mark.edwards@poriruaeastscho.school.nz,028-110-1339,2022-03-02,True
6638,2964,Craig,Gray,PRINCIPAL,craig.gray@poriruaschool.school.nz,027-876-4358,2020-03-12,True
6639,2964,Paula,Scott,SITE_MANAGER,paula.scott@poriruaschool.school.nz,021-237-5792,2021-06-29,True
6640,2964,Tia,Turner,HS_REP,tia.turner@poriruaschool.school.nz,023-891-4899,2020-08-26,True
6641,2965,Daniel,Lee,PRINCIPAL,daniel.lee@poroutawhaoscho.school.nz,022-997-9863,2021-06-14,True
6642,2965,Brooke,Wright,SITE_MANAGER,brooke.wright@poroutawhaoscho.school.nz,022-399-6437,2022-02-02,True
6643,2965,Wiremu,Crawford,HS_REP,wiremu.crawford@poroutawhaoscho.school.nz,023-989-8662,2022-01-09,True
6644,2966,Noah,Singh,PRINCIPAL,noah.singh@postgateschool.school.nz,028-506-6548,2020-02-04,True
6645,2966,Michael,Te Huia,SITE_MANAGER,michael.te huia@postgateschool.school.nz,026-456-4531,2020-10-02,True
6646,2966,Kylie,Walker,HS_REP,kylie.walker@postgateschool.school.nz,024-452-9303,2021-05-04,True
6647,2966,Scott,Rewi,CARETAKER,scott.rewi@postgateschool.school.nz,027-588-8605,2022-09-03,True
6648,2967,Liam,Morgan,PRINCIPAL,liam.morgan@pukeruabayschoo.school.nz,023-958-3401,2020-08-21,True
6649,2967,Ben,Bennett,SITE_MANAGER,ben.bennett@pukeruabayschoo.school.nz,024-623-9109,2022-01-13,True
6650,2967,Isla,Mahuta,HS_REP,isla.mahuta@pukeruabayschoo.school.nz,023-420-8413,2021-11-23,True
6651,2968,Matthew,Edwards,PRINCIPAL,matthew.edwards@maungarakischoo.school.nz,027-151-4925,2022-02-14,True
6652,2968,Tane,Crawford,SITE_MANAGER,tane.crawford@maungarakischoo.school.nz,023-218-2494,2021-08-16,True
6653,2968,Amber,Singh,HS_REP,amber.singh@maungarakischoo.school.nz,025-372-2391,2022-09-01,True
6654,2969,Rawiri,Thompson,PRINCIPAL,rawiri.thompson@randwickschool.school.nz,027-594-2580,2021-09-07,True
6655,2969,Freya,Kumar,SITE_MANAGER,freya.kumar@randwickschool.school.nz,022-564-7534,2022-05-01,True
6656,2969,Max,Young,HS_REP,max.young@randwickschool.school.nz,026-317-4460,2021-10-21,True
6657,2970,Mere,Taukiri,PRINCIPAL,mere.taukiri@rangikuraschool.school.nz,028-742-5542,2020-09-24,True
6658,2970,Karen,Crawford,SITE_MANAGER,karen.crawford@rangikuraschool.school.nz,028-876-7388,2022-09-21,True
6659,2970,Tane,Kim,HS_REP,tane.kim@rangikuraschool.school.nz,022-705-1953,2020-09-15,True
6660,2971,Brooke,Scott,PRINCIPAL,brooke.scott@rapauraschool.school.nz,027-487-1255,2022-03-01,True
6661,2971,Andrew,Watson,SITE_MANAGER,andrew.watson@rapauraschool.school.nz,023-535-7849,2022-08-10,True
6662,2971,Ethan,Turner,HS_REP,ethan.turner@rapauraschool.school.nz,028-851-4471,2021-03-10,True
6663,2971,Shane,Wright,CARETAKER,shane.wright@rapauraschool.school.nz,025-201-3849,2020-05-10,True
6664,2972,Sam,White,PRINCIPAL,sam.white@raroanormalinte.school.nz,022-278-7640,2022-09-13,True
6665,2972,Sam,Hamilton,SITE_MANAGER,sam.hamilton@raroanormalinte.school.nz,028-549-5224,2020-10-06,True
6666,2972,Maia,Nguyen,HS_REP,maia.nguyen@raroanormalinte.school.nz,022-682-6736,2020-02-08,True
6667,2972,Shane,Harris,CARETAKER,shane.harris@raroanormalinte.school.nz,028-322-8954,2022-04-29,True
6668,2973,Matthew,Henare,PRINCIPAL,matthew.henare@ratastreetschoo.school.nz,028-739-5482,2022-03-06,True
6669,2973,Nicola,Russell,SITE_MANAGER,nicola.russell@ratastreetschoo.school.nz,026-624-4008,2021-11-23,True
6670,2973,Luke,Edwards,HS_REP,luke.edwards@ratastreetschoo.school.nz,021-799-7146,2020-08-17,True
6671,2974,Sarah,Campbell,PRINCIPAL,sarah.campbell@raumatibeachsch.school.nz,027-951-8290,2022-03-23,True
6672,2974,Ihaia,Taylor,SITE_MANAGER,ihaia.taylor@raumatibeachsch.school.nz,027-555-8461,2021-11-27,True
6673,2974,Mark,Thompson,HS_REP,mark.thompson@raumatibeachsch.school.nz,027-722-4707,2021-11-16,True
6674,2975,Ryan,Chen,PRINCIPAL,ryan.chen@raumatisouthsch.school.nz,024-352-4517,2022-01-07,True
6675,2975,Paula,Lee,SITE_MANAGER,paula.lee@raumatisouthsch.school.nz,027-180-2331,2021-10-16,True
6676,2975,Tane,Young,HS_REP,tane.young@raumatisouthsch.school.nz,021-113-9614,2022-07-24,True
6677,2976,Anika,Kim,PRINCIPAL,anika.kim@redwoodschool(t.school.nz,026-223-3958,2022-01-03,True
6678,2976,Tane,Cooper,SITE_MANAGER,tane.cooper@redwoodschool(t.school.nz,023-275-2055,2022-05-08,True
6679,2976,Sarah,Patel,HS_REP,sarah.patel@redwoodschool(t.school.nz,025-913-6772,2021-09-10,True
6680,2977,Finn,Mitchell,PRINCIPAL,finn.mitchell@redwoodtownscho.school.nz,022-231-3150,2020-10-26,True
6681,2977,Ihaia,Kumar,SITE_MANAGER,ihaia.kumar@redwoodtownscho.school.nz,024-821-7027,2021-09-17,True
6682,2977,Chris,Harris,HS_REP,chris.harris@redwoodtownscho.school.nz,024-558-1147,2020-07-11,True
6683,2977,Luke,Bennett,CARETAKER,luke.bennett@redwoodtownscho.school.nz,028-454-1606,2021-02-25,True
6684,2978,Ruby,Thompson,PRINCIPAL,ruby.thompson@renwickschool.school.nz,024-219-1507,2021-09-15,True
6685,2978,Mason,Anderson,SITE_MANAGER,mason.anderson@renwickschool.school.nz,024-206-2500,2022-03-04,True
6686,2978,Amber,Wong,HS_REP,amber.wong@renwickschool.school.nz,027-274-8362,2021-01-08,True
6687,2978,Mason,Stewart,CARETAKER,mason.stewart@renwickschool.school.nz,027-376-7743,2021-07-11,True
6688,2979,Shane,Robinson,PRINCIPAL,shane.robinson@rewarewaschool.school.nz,022-127-3993,2022-07-25,True
6689,2979,Kylie,Jones,SITE_MANAGER,kylie.jones@rewarewaschool.school.nz,028-766-9417,2022-08-21,True
6690,2979,Sarah,Kim,HS_REP,sarah.kim@rewarewaschool.school.nz,024-813-5454,2021-07-30,True
6691,2979,Aroha,Baker,CARETAKER,aroha.baker@rewarewaschool.school.nz,028-137-8272,2020-01-25,True
6692,2980,Moana,Burns,PRINCIPAL,moana.burns@tekuraotawatawa.school.nz,024-730-8903,2021-04-01,True
6693,2980,Max,Gallagher,SITE_MANAGER,max.gallagher@tekuraotawatawa.school.nz,024-625-6974,2020-10-31,True
6694,2980,Liam,Gallagher,HS_REP,liam.gallagher@tekuraotawatawa.school.nz,026-382-9598,2021-11-22,True
6695,2980,Anika,Wright,CARETAKER,anika.wright@tekuraotawatawa.school.nz,021-901-3346,2021-08-16,True
6696,2981,Ruby,Mahuta,PRINCIPAL,ruby.mahuta@riverlandsschoo.school.nz,027-661-3693,2020-12-24,True
6697,2981,Luke,Henderson,SITE_MANAGER,luke.henderson@riverlandsschoo.school.nz,027-300-6071,2021-12-08,True
6698,2981,Amelia,Anderson,HS_REP,amelia.anderson@riverlandsschoo.school.nz,028-518-5047,2022-02-04,True
6699,2981,Michelle,Kim,CARETAKER,michelle.kim@riverlandsschoo.school.nz,027-698-8472,2020-03-21,True
6700,2982,Moana,Morgan,PRINCIPAL,moana.morgan@roseneathschool.school.nz,022-521-8370,2022-04-26,True
6701,2982,Donna,Parker,SITE_MANAGER,donna.parker@roseneathschool.school.nz,026-595-3767,2021-10-03,True
6702,2982,Finn,Mitchell,HS_REP,finn.mitchell@roseneathschool.school.nz,021-542-8259,2020-03-05,True
6703,2982,Amelia,Green,CARETAKER,amelia.green@roseneathschool.school.nz,022-310-7468,2021-01-18,True
6704,2983,Tracey,Burns,PRINCIPAL,tracey.burns@russellschool(p.school.nz,022-670-4240,2021-02-07,True
6705,2983,Charlotte,Fraser,SITE_MANAGER,charlotte.fraser@russellschool(p.school.nz,021-783-8076,2020-09-23,True
6706,2983,Josh,Wright,HS_REP,josh.wright@russellschool(p.school.nz,022-293-9686,2021-12-20,True
6707,2984,Ben,Henare,PRINCIPAL,ben.henare@sacredheartscho.school.nz,024-917-3021,2020-11-22,True
6708,2984,Hemi,Martin,SITE_MANAGER,hemi.martin@sacredheartscho.school.nz,023-621-8157,2022-06-04,True
6709,2984,Kauri,Fitzgerald,HS_REP,kauri.fitzgerald@sacredheartscho.school.nz,028-520-6284,2022-05-24,True
6710,2984,Mere,Cooper,CARETAKER,mere.cooper@sacredheartscho.school.nz,028-209-2750,2020-03-15,True
6711,2985,Lisa,Morgan,PRINCIPAL,lisa.morgan@sacredheartcath.school.nz,021-880-7732,2021-07-06,True
6712,2985,Ben,White,SITE_MANAGER,ben.white@sacredheartcath.school.nz,022-958-4460,2020-07-11,True
6713,2985,Kaia,Russell,HS_REP,kaia.russell@sacredheartcath.school.nz,021-802-3742,2020-10-26,True
6714,2987,Luke,Gallagher,PRINCIPAL,luke.gallagher@seatounschool.school.nz,025-228-9140,2021-06-03,True
6715,2987,Ihaia,Morgan,SITE_MANAGER,ihaia.morgan@seatounschool.school.nz,024-349-9176,2021-05-13,True
6716,2987,Amber,Palmer,HS_REP,amber.palmer@seatounschool.school.nz,027-732-2542,2020-09-24,True
6717,2987,Donna,Lee,CARETAKER,donna.lee@seatounschool.school.nz,028-608-2316,2020-10-06,True
6718,2988,Jack,Scott,PRINCIPAL,jack.scott@seddonschool.school.nz,028-928-1727,2020-09-08,True
6719,2988,Holly,Hill,SITE_MANAGER,holly.hill@seddonschool.school.nz,024-749-3472,2021-05-04,True
6720,2988,Hayley,Burns,HS_REP,hayley.burns@seddonschool.school.nz,027-980-3169,2020-02-24,True
6721,2989,Charlotte,Thompson,PRINCIPAL,charlotte.thompson@shannonschool.school.nz,026-159-3605,2020-08-16,True
6722,2989,Rawiri,Palmer,SITE_MANAGER,rawiri.palmer@shannonschool.school.nz,022-290-2764,2020-10-25,True
6723,2989,Ben,Henare,HS_REP,ben.henare@shannonschool.school.nz,024-201-8184,2021-03-14,True
6724,2989,Aroha,Gray,CARETAKER,aroha.gray@shannonschool.school.nz,022-316-8694,2021-03-25,True
6725,2990,Jack,Morgan,PRINCIPAL,jack.morgan@silverstreamsch.school.nz,028-397-5540,2021-08-01,True
6726,2990,Josh,Campbell,SITE_MANAGER,josh.campbell@silverstreamsch.school.nz,026-948-2220,2020-03-30,True
6727,2990,Ihaia,Murray,HS_REP,ihaia.murray@silverstreamsch.school.nz,028-665-4448,2022-01-15,True
6728,2990,Donna,Gray,CARETAKER,donna.gray@silverstreamsch.school.nz,024-689-7271,2020-11-03,True
6729,2991,Scott,Burns,PRINCIPAL,scott.burns@solwayschool.school.nz,022-538-7249,2020-04-21,True
6730,2991,Karen,Fitzgerald,SITE_MANAGER,karen.fitzgerald@solwayschool.school.nz,024-595-3440,2021-02-26,True
6731,2991,Donna,Taukiri,HS_REP,donna.taukiri@solwayschool.school.nz,023-786-4469,2022-03-28,True
6732,2991,Rawiri,Henare,CARETAKER,rawiri.henare@solwayschool.school.nz,027-593-3627,2020-11-01,True
6733,2992,Sam,Parker,PRINCIPAL,sam.parker@southendschool.school.nz,024-384-7479,2021-03-05,True
6734,2992,Reuben,Scott,SITE_MANAGER,reuben.scott@southendschool.school.nz,024-995-7870,2022-01-10,True
6735,2992,Amber,Baker,HS_REP,amber.baker@southendschool.school.nz,025-559-7305,2020-11-05,True
6736,2993,Aroha,Morgan,PRINCIPAL,aroha.morgan@southfeathersto.school.nz,028-743-8787,2020-07-31,True
6737,2993,Andrew,Thompson,SITE_MANAGER,andrew.thompson@southfeathersto.school.nz,024-559-2126,2020-04-13,True
6738,2993,Tracey,Hill,HS_REP,tracey.hill@southfeathersto.school.nz,025-210-9565,2021-11-09,True
6739,2994,Holly,Watson,PRINCIPAL,holly.watson@southwellington.school.nz,021-454-3130,2020-12-31,True
6740,2994,Sophie,Mitchell,SITE_MANAGER,sophie.mitchell@southwellington.school.nz,025-192-1172,2021-06-13,True
6741,2994,Zara,Martin,HS_REP,zara.martin@southwellington.school.nz,024-925-1147,2020-10-31,True
6742,2995,Rachel,Jones,PRINCIPAL,rachel.jones@springcreekscho.school.nz,028-111-9470,2022-06-12,True
6743,2995,Nikau,Palmer,SITE_MANAGER,nikau.palmer@springcreekscho.school.nz,028-946-7805,2021-12-26,True
6744,2995,Lisa,Brown,HS_REP,lisa.brown@springcreekscho.school.nz,021-300-3376,2020-07-15,True
6745,2995,Tane,Taylor,CARETAKER,tane.taylor@springcreekscho.school.nz,026-361-8746,2020-03-15,True
6746,2996,Caleb,Jones,PRINCIPAL,caleb.jones@springlandsscho.school.nz,022-433-5102,2022-09-01,True
6747,2996,Lisa,Green,SITE_MANAGER,lisa.green@springlandsscho.school.nz,027-256-3269,2022-06-19,True
6748,2996,Andrew,Chen,HS_REP,andrew.chen@springlandsscho.school.nz,024-856-3591,2020-12-27,True
6749,2996,Moana,Parker,CARETAKER,moana.parker@springlandsscho.school.nz,027-328-8707,2020-03-29,True
6750,2997,Isla,Wilson,PRINCIPAL,isla.wilson@stannesschool(n.school.nz,022-926-5370,2020-05-09,True
6751,2997,Mark,Lee,SITE_MANAGER,mark.lee@stannesschool(n.school.nz,022-620-8537,2021-11-06,True
6752,2997,Maia,Hall,HS_REP,maia.hall@stannesschool(n.school.nz,025-364-8577,2020-09-14,True
6753,2998,Anika,Taukiri,PRINCIPAL,anika.taukiri@stanthonysschoo.school.nz,027-680-6385,2022-03-28,True
6754,2998,Zara,Jones,SITE_MANAGER,zara.jones@stanthonysschoo.school.nz,025-901-2778,2021-12-10,True
6755,2998,Tane,Baker,HS_REP,tane.baker@stanthonysschoo.school.nz,024-473-6178,2021-01-22,True
6756,2998,Matthew,Williams,CARETAKER,matthew.williams@stanthonysschoo.school.nz,025-609-1045,2020-02-22,True
6757,2999,Daniel,Watson,PRINCIPAL,daniel.watson@stanthonysschoo.school.nz,022-382-3538,2021-08-13,True
6758,2999,Kylie,Smith,SITE_MANAGER,kylie.smith@stanthonysschoo.school.nz,026-831-3982,2022-07-09,True
6759,2999,Paula,Parker,HS_REP,paula.parker@stanthonysschoo.school.nz,021-448-2288,2021-08-30,True
6760,2999,Nikau,Harawira,CARETAKER,nikau.harawira@stanthonysschoo.school.nz,023-298-2403,2021-07-04,True
6761,3000,Matiu,Robinson,PRINCIPAL,matiu.robinson@stbenedictsscho.school.nz,027-981-7910,2020-07-13,True
6762,3000,Max,Gallagher,SITE_MANAGER,max.gallagher@stbenedictsscho.school.nz,022-926-5415,2021-10-09,True
6763,3000,Donna,Gray,HS_REP,donna.gray@stbenedictsscho.school.nz,023-545-4021,2020-08-25,True
6764,3000,Georgia,Gray,CARETAKER,georgia.gray@stbenedictsscho.school.nz,023-494-1916,2020-07-11,True
6765,3001,Jessica,Tamati,PRINCIPAL,jessica.tamati@stbernadettessc.school.nz,024-767-8793,2022-09-13,True
6766,3001,Brooke,Taylor,SITE_MANAGER,brooke.taylor@stbernadettessc.school.nz,025-369-2481,2022-02-11,True
6767,3001,Rawiri,Williams,HS_REP,rawiri.williams@stbernadettessc.school.nz,023-392-2816,2021-12-14,True
6768,3004,Brooke,Gallagher,PRINCIPAL,brooke.gallagher@stbrendansschoo.school.nz,023-535-6200,2020-08-20,True
6769,3004,Anika,Hall,SITE_MANAGER,anika.hall@stbrendansschoo.school.nz,028-376-3023,2021-09-02,True
6770,3004,Paula,Taukiri,HS_REP,paula.taukiri@stbrendansschoo.school.nz,023-937-8890,2020-12-08,True
6771,3005,Nathan,Harawira,PRINCIPAL,nathan.harawira@stbrigidsschool.school.nz,028-366-7507,2022-08-18,True
6772,3005,Ryan,Harawira,SITE_MANAGER,ryan.harawira@stbrigidsschool.school.nz,026-709-4682,2020-06-11,True
6773,3005,David,Gallagher,HS_REP,david.gallagher@stbrigidsschool.school.nz,024-805-7475,2020-07-01,True
6774,3006,Kylie,Cooper,PRINCIPAL,kylie.cooper@stfrancisdesale.school.nz,025-497-5733,2021-05-18,True
6775,3006,Hayley,Singh,SITE_MANAGER,hayley.singh@stfrancisdesale.school.nz,026-462-4700,2021-09-24,True
6776,3006,Grace,Harawira,HS_REP,grace.harawira@stfrancisdesale.school.nz,024-682-4536,2021-11-07,True
6777,3007,Kauri,Johnston,PRINCIPAL,kauri.johnston@stfrancisxavier.school.nz,027-927-6874,2022-04-21,True
6778,3007,Aroha,Wilson,SITE_MANAGER,aroha.wilson@stfrancisxavier.school.nz,021-103-7308,2022-02-07,True
6779,3007,Jack,Clarke,HS_REP,jack.clarke@stfrancisxavier.school.nz,028-656-1231,2020-02-08,True
6780,3007,Aria,Harris,CARETAKER,aria.harris@stfrancisxavier.school.nz,025-526-8925,2021-09-09,True
6781,3008,Paula,Lee,PRINCIPAL,paula.lee@stjosephsschool.school.nz,028-695-8914,2021-05-27,True
6782,3008,Stacey,Harawira,SITE_MANAGER,stacey.harawira@stjosephsschool.school.nz,027-668-5819,2021-08-16,True
6783,3008,Charlotte,Young,HS_REP,charlotte.young@stjosephsschool.school.nz,028-362-3674,2021-09-04,True
6784,3011,Aria,Gallagher,PRINCIPAL,aria.gallagher@stjosephsschool.school.nz,024-997-2558,2022-07-06,True
6785,3011,Aroha,Cooper,SITE_MANAGER,aroha.cooper@stjosephsschool.school.nz,021-451-1032,2020-03-24,True
6786,3011,Nathan,Stewart,HS_REP,nathan.stewart@stjosephsschool.school.nz,021-716-4370,2020-01-15,True
6787,3011,Shane,Collins,CARETAKER,shane.collins@stjosephsschool.school.nz,027-783-7381,2021-02-13,True
6788,3012,Wiremu,Collins,PRINCIPAL,wiremu.collins@stmarysschool(b.school.nz,023-548-9043,2020-12-18,True
6789,3012,Tracey,Chen,SITE_MANAGER,tracey.chen@stmarysschool(b.school.nz,024-554-4876,2020-09-19,True
6790,3012,Josh,Kim,HS_REP,josh.kim@stmarysschool(b.school.nz,025-953-2796,2022-01-21,True
6791,3013,Hayley,Johnston,PRINCIPAL,hayley.johnston@stmarysschool(c.school.nz,028-544-1529,2020-11-23,True
6792,3013,Stacey,Burns,SITE_MANAGER,stacey.burns@stmarysschool(c.school.nz,021-914-6503,2021-02-23,True
6793,3013,Rawiri,Taylor,HS_REP,rawiri.taylor@stmarysschool(c.school.nz,025-297-8374,2020-06-06,True
6794,3015,Chris,Kumar,PRINCIPAL,chris.kumar@stmichaelsschoo.school.nz,022-471-3450,2022-05-17,True
6795,3015,Mere,Henare,SITE_MANAGER,mere.henare@stmichaelsschoo.school.nz,025-354-9363,2021-07-26,True
6796,3015,Tia,Singh,HS_REP,tia.singh@stmichaelsschoo.school.nz,021-754-5463,2021-04-21,True
6797,3016,Finn,Tamati,PRINCIPAL,finn.tamati@stpatricksschoo.school.nz,023-891-5688,2020-05-20,True
6798,3016,Noah,Stewart,SITE_MANAGER,noah.stewart@stpatricksschoo.school.nz,027-944-3197,2022-01-10,True
6799,3016,Sophie,Walker,HS_REP,sophie.walker@stpatricksschoo.school.nz,022-195-4612,2022-04-12,True
6800,3016,Craig,Wilson,CARETAKER,craig.wilson@stpatricksschoo.school.nz,025-349-8213,2020-01-24,True
6801,3017,Joanne,Anderson,PRINCIPAL,joanne.anderson@ourladyofkapiti.school.nz,026-456-4785,2020-10-17,True
6802,3017,Josh,Roberts,SITE_MANAGER,josh.roberts@ourladyofkapiti.school.nz,026-632-6126,2020-12-03,True
6803,3017,Liam,Anderson,HS_REP,liam.anderson@ourladyofkapiti.school.nz,026-989-2498,2020-05-10,True
6804,3017,Nicola,Morgan,CARETAKER,nicola.morgan@ourladyofkapiti.school.nz,021-683-3387,2020-11-16,True
6805,3018,Rachel,Patel,PRINCIPAL,rachel.patel@stclaudinetheve.school.nz,027-740-8270,2021-05-26,True
6806,3018,Nikau,Singh,SITE_MANAGER,nikau.singh@stclaudinetheve.school.nz,027-340-1247,2021-04-25,True
6807,3018,Max,Brown,HS_REP,max.brown@stclaudinetheve.school.nz,021-401-4898,2021-09-14,True
6808,3018,Amelia,Scott,CARETAKER,amelia.scott@stclaudinetheve.school.nz,023-816-5473,2022-04-28,True
6809,3019,Jack,Parker,PRINCIPAL,jack.parker@stpatricksschoo.school.nz,025-784-7040,2020-03-25,True
6810,3019,Paula,Harawira,SITE_MANAGER,paula.harawira@stpatricksschoo.school.nz,028-146-4296,2020-09-12,True
6811,3019,Max,Parker,HS_REP,max.parker@stpatricksschoo.school.nz,026-536-6875,2021-02-28,True
6812,3020,Max,Parker,PRINCIPAL,max.parker@stpeterchanelsc.school.nz,021-749-3361,2020-10-09,True
6813,3020,Hemi,Fraser,SITE_MANAGER,hemi.fraser@stpeterchanelsc.school.nz,028-269-6530,2020-04-08,True
6814,3020,Ryan,Hamilton,HS_REP,ryan.hamilton@stpeterchanelsc.school.nz,027-239-5399,2021-02-24,True
6815,3020,Tia,Russell,CARETAKER,tia.russell@stpeterchanelsc.school.nz,023-793-9841,2022-08-03,True
6816,3021,Kylie,White,PRINCIPAL,kylie.white@stspeterandpaul.school.nz,023-818-8925,2021-07-19,True
6817,3021,Freya,Jones,SITE_MANAGER,freya.jones@stspeterandpaul.school.nz,026-400-9654,2021-01-09,True
6818,3021,Kauri,Taukiri,HS_REP,kauri.taukiri@stspeterandpaul.school.nz,023-184-2198,2021-03-13,True
6819,3021,Aroha,Harris,CARETAKER,aroha.harris@stspeterandpaul.school.nz,026-818-9036,2021-12-07,True
6820,3022,Tracey,Russell,PRINCIPAL,tracey.russell@stpiusxschool(t.school.nz,025-268-5058,2020-12-04,True
6821,3022,Karen,Nguyen,SITE_MANAGER,karen.nguyen@stpiusxschool(t.school.nz,021-356-6271,2020-10-06,True
6822,3022,Wiremu,Taylor,HS_REP,wiremu.taylor@stpiusxschool(t.school.nz,021-491-9339,2022-04-24,True
6823,3022,Nathan,Murray,CARETAKER,nathan.murray@stpiusxschool(t.school.nz,025-707-9230,2020-01-06,True
6824,3023,Amber,Roberts,PRINCIPAL,amber.roberts@stteresasschool.school.nz,027-305-7103,2021-02-10,True
6825,3023,Jack,Hamilton,SITE_MANAGER,jack.hamilton@stteresasschool.school.nz,027-327-8446,2021-06-29,True
6826,3023,Olivia,Walker,HS_REP,olivia.walker@stteresasschool.school.nz,028-648-7672,2022-02-12,True
6827,3023,Paula,Smith,CARETAKER,paula.smith@stteresasschool.school.nz,026-554-5254,2021-10-09,True
6828,3024,Ben,Hall,PRINCIPAL,ben.hall@stteresasschool.school.nz,023-251-1850,2022-03-08,True
6829,3024,Emma,Cooper,SITE_MANAGER,emma.cooper@stteresasschool.school.nz,023-542-3295,2022-06-30,True
6830,3024,Mason,Taukiri,HS_REP,mason.taukiri@stteresasschool.school.nz,027-114-2524,2020-02-27,True
6831,3025,Caleb,Johnston,PRINCIPAL,caleb.johnston@sttheresasschoo.school.nz,026-843-4394,2020-04-16,True
6832,3025,Donna,Harawira,SITE_MANAGER,donna.harawira@sttheresasschoo.school.nz,027-204-4297,2020-05-26,True
6833,3025,Aria,Williams,HS_REP,aria.williams@sttheresasschoo.school.nz,022-467-5845,2021-04-15,True
6834,3025,Kauri,Parker,CARETAKER,kauri.parker@sttheresasschoo.school.nz,025-385-3876,2021-10-30,True
6835,3029,Hemi,Mitchell,PRINCIPAL,hemi.mitchell@tairangischool.school.nz,022-760-9426,2020-08-24,True
6836,3029,Tracey,Edwards,SITE_MANAGER,tracey.edwards@tairangischool.school.nz,024-753-5189,2021-03-28,True
6837,3029,Hemi,Baker,HS_REP,hemi.baker@tairangischool.school.nz,023-460-5904,2020-07-30,True
6838,3030,Zara,Harris,PRINCIPAL,zara.harris@taitacentralsch.school.nz,024-745-4607,2021-12-08,True
6839,3030,Ruby,Hall,SITE_MANAGER,ruby.hall@taitacentralsch.school.nz,022-733-6272,2020-12-14,True
6840,3030,Kaia,Kumar,HS_REP,kaia.kumar@taitacentralsch.school.nz,023-421-9858,2020-05-15,True
6841,3031,Craig,Murray,PRINCIPAL,craig.murray@avalonintermedi.school.nz,026-883-3122,2020-12-30,True
6842,3031,Mere,Clarke,SITE_MANAGER,mere.clarke@avalonintermedi.school.nz,022-273-6835,2020-05-04,True
6843,3031,Tane,Hall,HS_REP,tane.hall@avalonintermedi.school.nz,027-826-5307,2022-01-05,True
6844,3032,Hemi,Harawira,PRINCIPAL,hemi.harawira@taitokoschool.school.nz,025-864-2050,2021-09-19,True
6845,3032,Aroha,Collins,SITE_MANAGER,aroha.collins@taitokoschool.school.nz,026-522-2653,2021-01-05,True
6846,3032,Kauri,Gray,HS_REP,kauri.gray@taitokoschool.school.nz,028-852-4557,2021-03-11,True
6847,3032,Ryan,Wright,CARETAKER,ryan.wright@taitokoschool.school.nz,025-420-4004,2020-07-27,True
6848,3034,Kylie,Campbell,PRINCIPAL,kylie.campbell@tawaintermediat.school.nz,027-890-2730,2021-02-12,True
6849,3034,Tracey,Thompson,SITE_MANAGER,tracey.thompson@tawaintermediat.school.nz,028-367-5229,2021-12-13,True
6850,3034,Sarah,Watson,HS_REP,sarah.watson@tawaintermediat.school.nz,025-198-7391,2022-07-29,True
6851,3035,Paula,Singh,PRINCIPAL,paula.singh@tawaschool.school.nz,024-595-8729,2020-03-20,True
6852,3035,Ihaia,Hill,SITE_MANAGER,ihaia.hill@tawaschool.school.nz,028-616-1945,2022-05-21,True
6853,3035,Ryan,Kim,HS_REP,ryan.kim@tawaschool.school.nz,027-180-6410,2020-10-12,True
6854,3035,Aroha,Clarke,CARETAKER,aroha.clarke@tawaschool.school.nz,025-287-8128,2021-02-09,True
6855,3036,Luke,Bennett,PRINCIPAL,luke.bennett@tawhaischool.school.nz,025-279-6897,2022-06-19,True
6856,3036,Matiu,Rewi,SITE_MANAGER,matiu.rewi@tawhaischool.school.nz,025-340-1844,2020-08-20,True
6857,3036,Aria,Kumar,HS_REP,aria.kumar@tawhaischool.school.nz,025-656-4071,2020-01-16,True
6858,3037,Olivia,Fraser,PRINCIPAL,olivia.fraser@tearoschool.school.nz,027-617-7087,2021-05-15,True
6859,3037,Amelia,Palmer,SITE_MANAGER,amelia.palmer@tearoschool.school.nz,022-651-2213,2021-04-28,True
6860,3037,Nathan,Palmer,HS_REP,nathan.palmer@tearoschool.school.nz,027-645-9421,2022-04-09,True
6861,3038,Brooke,Brown,PRINCIPAL,brooke.brown@tehoroschool(ot.school.nz,024-848-4352,2021-05-26,True
6862,3038,Mark,Thompson,SITE_MANAGER,mark.thompson@tehoroschool(ot.school.nz,028-726-5674,2020-03-03,True
6863,3038,Georgia,Campbell,HS_REP,georgia.campbell@tehoroschool(ot.school.nz,025-941-2642,2020-09-17,True
6864,3040,Reuben,Tamati,PRINCIPAL,reuben.tamati@thorndonschool.school.nz,025-628-7818,2022-02-07,True
6865,3040,Charlotte,Rewi,SITE_MANAGER,charlotte.rewi@thorndonschool.school.nz,021-229-6452,2020-09-16,True
6866,3040,Ethan,Patel,HS_REP,ethan.patel@thorndonschool.school.nz,028-815-2895,2022-05-30,True
6867,3040,Donna,Green,CARETAKER,donna.green@thorndonschool.school.nz,028-770-9747,2021-02-14,True
6868,3041,Craig,Clarke,PRINCIPAL,craig.clarke@tinuischool.school.nz,027-381-6438,2020-04-11,True
6869,3041,Sophie,Hall,SITE_MANAGER,sophie.hall@tinuischool.school.nz,023-868-1136,2022-09-15,True
6870,3041,Maia,Wright,HS_REP,maia.wright@tinuischool.school.nz,027-925-6058,2020-12-22,True
6871,3041,Mason,Hall,CARETAKER,mason.hall@tinuischool.school.nz,021-876-9741,2022-06-28,True
6872,3043,Chris,Walker,PRINCIPAL,chris.walker@titahibayinterm.school.nz,021-115-5652,2020-03-20,True
6873,3043,Amber,Taylor,SITE_MANAGER,amber.taylor@titahibayinterm.school.nz,028-475-1711,2020-04-16,True
6874,3043,David,Watson,HS_REP,david.watson@titahibayinterm.school.nz,024-135-8903,2022-05-06,True
6875,3043,Jack,Williams,CARETAKER,jack.williams@titahibayinterm.school.nz,024-317-2727,2021-05-16,True
6876,3044,Craig,Te Huia,PRINCIPAL,craig.te huia@titahibaynorths.school.nz,022-408-7287,2020-03-23,True
6877,3044,Sam,Harris,SITE_MANAGER,sam.harris@titahibaynorths.school.nz,021-571-8628,2022-03-12,True
6878,3044,Kauri,Parker,HS_REP,kauri.parker@titahibaynorths.school.nz,026-634-1621,2021-12-14,True
6879,3044,Zara,Te Huia,CARETAKER,zara.te huia@titahibaynorths.school.nz,027-856-8486,2021-02-11,True
6880,3045,Amber,Johnston,PRINCIPAL,amber.johnston@titahibayschool.school.nz,022-225-4930,2021-04-26,True
6881,3045,Finn,Collins,SITE_MANAGER,finn.collins@titahibayschool.school.nz,024-987-9080,2020-01-13,True
6882,3045,Ruby,Hill,HS_REP,ruby.hill@titahibayschool.school.nz,027-488-8181,2022-01-06,True
6883,3045,Grace,Watson,CARETAKER,grace.watson@titahibayschool.school.nz,025-501-7300,2021-12-09,True
6884,3046,Joanne,Crawford,PRINCIPAL,joanne.crawford@tokomaruschool.school.nz,021-419-2504,2020-08-02,True
6885,3046,Chris,Green,SITE_MANAGER,chris.green@tokomaruschool.school.nz,023-425-5578,2021-09-21,True
6886,3046,Craig,Patel,HS_REP,craig.patel@tokomaruschool.school.nz,021-158-2957,2021-03-16,True
6887,3048,Kauri,Burns,PRINCIPAL,kauri.burns@totaraparkschoo.school.nz,025-129-8625,2020-12-31,True
6888,3048,Anika,Patel,SITE_MANAGER,anika.patel@totaraparkschoo.school.nz,022-205-1611,2021-07-14,True
6889,3048,Shane,Baker,HS_REP,shane.baker@totaraparkschoo.school.nz,023-175-1966,2022-03-09,True
6890,3050,Anika,Patel,PRINCIPAL,anika.patel@tuamarinaschool.school.nz,027-720-5636,2020-08-28,True
6891,3050,Mason,Johnston,SITE_MANAGER,mason.johnston@tuamarinaschool.school.nz,025-603-7152,2021-08-06,True
6892,3050,Ihaia,White,HS_REP,ihaia.white@tuamarinaschool.school.nz,023-557-5471,2020-12-10,True
6893,3050,Zara,Gallagher,CARETAKER,zara.gallagher@tuamarinaschool.school.nz,026-230-6590,2022-03-07,True
6894,3051,Grace,Jones,PRINCIPAL,grace.jones@tuiglenschool.school.nz,022-990-8079,2020-09-03,True
6895,3051,Matiu,Stewart,SITE_MANAGER,matiu.stewart@tuiglenschool.school.nz,028-460-3277,2022-01-17,True
6896,3051,Finn,Mahuta,HS_REP,finn.mahuta@tuiglenschool.school.nz,028-875-2408,2021-02-08,True
6897,3051,Kylie,Jones,CARETAKER,kylie.jones@tuiglenschool.school.nz,028-540-5984,2022-08-20,True
6898,3053,Wiremu,Young,PRINCIPAL,wiremu.young@upperhuttschool.school.nz,025-506-4001,2020-06-29,True
6899,3053,Finn,Palmer,SITE_MANAGER,finn.palmer@upperhuttschool.school.nz,027-950-8456,2022-05-30,True
6900,3053,Nathan,Henare,HS_REP,nathan.henare@upperhuttschool.school.nz,027-536-7737,2020-08-04,True
6901,3053,Kaia,Scott,CARETAKER,kaia.scott@upperhuttschool.school.nz,025-645-4200,2021-10-10,True
6902,3055,Simon,Fraser,PRINCIPAL,simon.fraser@wadestownschool.school.nz,023-811-2738,2021-05-12,True
6903,3055,Maia,Russell,SITE_MANAGER,maia.russell@wadestownschool.school.nz,028-331-4549,2021-09-13,True
6904,3055,Wiremu,Scott,HS_REP,wiremu.scott@wadestownschool.school.nz,022-892-1032,2020-01-04,True
6905,3055,Isla,Fraser,CARETAKER,isla.fraser@wadestownschool.school.nz,025-745-4763,2021-06-10,True
6906,3056,Ruby,Martin,PRINCIPAL,ruby.martin@waikanaeschool.school.nz,024-651-4253,2022-02-24,True
6907,3056,Maia,Russell,SITE_MANAGER,maia.russell@waikanaeschool.school.nz,025-745-8146,2022-03-11,True
6908,3056,Nathan,Wilson,HS_REP,nathan.wilson@waikanaeschool.school.nz,028-977-7193,2020-04-01,True
6909,3056,Tracey,Thompson,CARETAKER,tracey.thompson@waikanaeschool.school.nz,021-810-3802,2022-04-10,True
6910,3057,Donna,Stewart,PRINCIPAL,donna.stewart@waikawabayschoo.school.nz,025-697-5132,2021-01-24,True
6911,3057,Freya,Turner,SITE_MANAGER,freya.turner@waikawabayschoo.school.nz,024-611-7352,2022-07-06,True
6912,3057,Max,Robinson,HS_REP,max.robinson@waikawabayschoo.school.nz,022-402-6705,2022-02-23,True
6913,3059,Finn,Patel,PRINCIPAL,finn.patel@wainuiomataprim.school.nz,026-531-9261,2022-01-25,True
6914,3059,Amelia,Brown,SITE_MANAGER,amelia.brown@wainuiomataprim.school.nz,024-959-9819,2021-12-30,True
6915,3059,Ethan,Morgan,HS_REP,ethan.morgan@wainuiomataprim.school.nz,027-582-9417,2021-09-12,True
6916,3059,Aroha,King,CARETAKER,aroha.king@wainuiomataprim.school.nz,026-987-3145,2020-03-22,True
6917,3060,Sam,Edwards,PRINCIPAL,sam.edwards@wainuioruschool.school.nz,021-728-6678,2020-05-14,True
6918,3060,Nathan,Mahuta,SITE_MANAGER,nathan.mahuta@wainuioruschool.school.nz,026-746-2128,2021-02-26,True
6919,3060,Michelle,Tamati,HS_REP,michelle.tamati@wainuioruschool.school.nz,025-106-1982,2022-06-21,True
6920,3060,Jessica,Wilson,CARETAKER,jessica.wilson@wainuioruschool.school.nz,027-214-8840,2021-01-08,True
6921,3062,Reuben,Fraser,PRINCIPAL,reuben.fraser@wairauvalleysch.school.nz,021-380-7553,2022-07-11,True
6922,3062,Daniel,Johnston,SITE_MANAGER,daniel.johnston@wairauvalleysch.school.nz,021-163-1427,2022-04-18,True
6923,3062,Donna,Watson,HS_REP,donna.watson@wairauvalleysch.school.nz,024-437-7425,2022-01-06,True
6924,3064,Joanne,Martin,PRINCIPAL,joanne.martin@waitariabayscho.school.nz,027-345-4711,2022-01-29,True
6925,3064,Matiu,Wright,SITE_MANAGER,matiu.wright@waitariabayscho.school.nz,022-730-7079,2022-08-04,True
6926,3064,Maia,Taylor,HS_REP,maia.taylor@waitariabayscho.school.nz,021-405-8433,2020-12-14,True
6927,3065,Brooke,Smith,PRINCIPAL,brooke.smith@waitohuschool.school.nz,024-165-9904,2022-06-10,True
6928,3065,Rawiri,Taukiri,SITE_MANAGER,rawiri.taukiri@waitohuschool.school.nz,023-933-9945,2021-09-26,True
6929,3065,Mark,Hall,HS_REP,mark.hall@waitohuschool.school.nz,021-808-9275,2022-02-03,True
6930,3065,Tracey,Cooper,CARETAKER,tracey.cooper@waitohuschool.school.nz,025-726-1523,2020-11-15,True
6931,3067,Emma,Fraser,PRINCIPAL,emma.fraser@wardschool.school.nz,024-982-8319,2020-06-23,True
6932,3067,Sophie,Mitchell,SITE_MANAGER,sophie.mitchell@wardschool.school.nz,025-253-1828,2022-06-19,True
6933,3067,Brooke,Harawira,HS_REP,brooke.harawira@wardschool.school.nz,026-508-6498,2021-04-30,True
6934,3067,Mason,Kumar,CARETAKER,mason.kumar@wardschool.school.nz,025-785-2146,2020-11-25,True
6935,3068,Aria,Johnston,PRINCIPAL,aria.johnston@waterlooschool.school.nz,027-935-4235,2022-07-13,True
6936,3068,Maia,Palmer,SITE_MANAGER,maia.palmer@waterlooschool.school.nz,025-791-1269,2020-05-11,True
6937,3068,Hemi,Hill,HS_REP,hemi.hill@waterlooschool.school.nz,022-544-2959,2022-08-13,True
6938,3070,Daniel,White,PRINCIPAL,daniel.white@whareamaschool.school.nz,021-255-8209,2020-01-14,True
6939,3070,Michelle,Martin,SITE_MANAGER,michelle.martin@whareamaschool.school.nz,028-384-6836,2020-09-23,True
6940,3070,Sam,Smith,HS_REP,sam.smith@whareamaschool.school.nz,022-486-2427,2021-07-07,True
6941,3070,Anika,Nguyen,CARETAKER,anika.nguyen@whareamaschool.school.nz,023-594-6292,2022-03-01,True
6942,3071,David,Harris,PRINCIPAL,david.harris@whitneystreetsc.school.nz,026-253-4705,2021-02-27,True
6943,3071,David,Crawford,SITE_MANAGER,david.crawford@whitneystreetsc.school.nz,021-414-4478,2021-01-06,True
6944,3071,Tane,Nguyen,HS_REP,tane.nguyen@whitneystreetsc.school.nz,024-273-9278,2021-09-08,True
6945,3072,Charlotte,Edwards,PRINCIPAL,charlotte.edwards@wilfordschool.school.nz,025-590-5834,2021-01-02,True
6946,3072,Mere,Martin,SITE_MANAGER,mere.martin@wilfordschool.school.nz,025-484-1288,2022-06-07,True
6947,3072,Craig,Mahuta,HS_REP,craig.mahuta@wilfordschool.school.nz,023-678-7663,2021-11-30,True
6948,3072,Max,Roberts,CARETAKER,max.roberts@wilfordschool.school.nz,027-298-8620,2021-10-06,True
6949,3073,Noah,Kim,PRINCIPAL,noah.kim@ōtarischool.school.nz,024-671-9391,2022-04-07,True
6950,3073,Hayley,Hill,SITE_MANAGER,hayley.hill@ōtarischool.school.nz,021-168-2551,2022-01-05,True
6951,3073,Ethan,Tamati,HS_REP,ethan.tamati@ōtarischool.school.nz,026-932-8637,2022-02-25,True
6952,3073,Jessica,Fitzgerald,CARETAKER,jessica.fitzgerald@ōtarischool.school.nz,027-922-1906,2022-06-28,True
6953,3074,Anika,Mitchell,PRINCIPAL,anika.mitchell@windleyschool.school.nz,024-734-4455,2020-04-03,True
6954,3074,Freya,Patel,SITE_MANAGER,freya.patel@windleyschool.school.nz,028-549-1763,2022-04-21,True
6955,3074,Simon,Fitzgerald,HS_REP,simon.fitzgerald@windleyschool.school.nz,027-823-5940,2021-11-13,True
6956,3074,Rawiri,Murray,CARETAKER,rawiri.murray@windleyschool.school.nz,025-274-5812,2022-01-05,True
6957,3075,Mason,Kumar,PRINCIPAL,mason.kumar@witherleaschool.school.nz,021-484-5733,2020-10-01,True
6958,3075,Mark,Te Huia,SITE_MANAGER,mark.te huia@witherleaschool.school.nz,028-456-9490,2021-10-09,True
6959,3075,Michael,Young,HS_REP,michael.young@witherleaschool.school.nz,027-666-1072,2021-09-13,True
6960,3077,James,King,PRINCIPAL,james.king@worserbayschool.school.nz,023-987-1563,2020-07-05,True
6961,3077,Hemi,Lee,SITE_MANAGER,hemi.lee@worserbayschool.school.nz,023-898-7301,2022-04-12,True
6962,3077,Paula,Robinson,HS_REP,paula.robinson@worserbayschool.school.nz,025-363-1261,2022-04-18,True
6963,3077,Sarah,Tamati,CARETAKER,sarah.tamati@worserbayschool.school.nz,024-261-6350,2020-02-19,True
6964,3100,Shane,Green,PRINCIPAL,shane.green@tkkmotehiringa.school.nz,027-450-8398,2020-09-09,True
6965,3100,Noah,Palmer,SITE_MANAGER,noah.palmer@tkkmotehiringa.school.nz,027-289-4372,2022-06-16,True
6966,3100,Kaia,Edwards,HS_REP,kaia.edwards@tkkmotehiringa.school.nz,028-333-9997,2021-11-22,True
6967,3100,Chris,Roberts,CARETAKER,chris.roberts@tkkmotehiringa.school.nz,024-271-8499,2022-08-04,True
6968,3101,Maia,Parker,PRINCIPAL,maia.parker@tekuraāiwiowhak.school.nz,027-161-6945,2021-01-02,True
6969,3101,Kylie,Mahuta,SITE_MANAGER,kylie.mahuta@tekuraāiwiowhak.school.nz,021-719-8890,2021-10-28,True
6970,3101,Max,Jones,HS_REP,max.jones@tekuraāiwiowhak.school.nz,023-512-6574,2022-07-06,True
6971,3102,Sophie,Hill,PRINCIPAL,sophie.hill@tkkmowaiuku.school.nz,023-267-3865,2021-03-02,True
6972,3102,Mark,Smith,SITE_MANAGER,mark.smith@tkkmowaiuku.school.nz,024-380-1214,2021-10-04,True
6973,3102,Matiu,Patel,HS_REP,matiu.patel@tkkmowaiuku.school.nz,026-705-6198,2021-09-28,True
6974,3102,Maia,Roberts,CARETAKER,maia.roberts@tkkmowaiuku.school.nz,022-354-4140,2022-04-09,True
6975,3103,Michael,Young,PRINCIPAL,michael.young@tkkmohurungater.school.nz,026-763-4851,2020-02-23,True
6976,3103,Andrew,Taylor,SITE_MANAGER,andrew.taylor@tkkmohurungater.school.nz,025-444-7406,2021-07-10,True
6977,3103,David,Brown,HS_REP,david.brown@tkkmohurungater.school.nz,022-410-5924,2021-12-18,True
6978,3104,Hayley,Henderson,PRINCIPAL,hayley.henderson@tkkmotekotuku.school.nz,023-884-9514,2021-03-23,True
6979,3104,Matiu,Wright,SITE_MANAGER,matiu.wright@tkkmotekotuku.school.nz,028-259-3419,2022-09-25,True
6980,3104,Michael,Singh,HS_REP,michael.singh@tkkmotekotuku.school.nz,028-176-9226,2021-11-14,True
6981,3106,Tracey,Fraser,PRINCIPAL,tracey.fraser@tkkmowhangaroa.school.nz,023-347-4903,2021-02-01,True
6982,3106,Shane,Parker,SITE_MANAGER,shane.parker@tkkmowhangaroa.school.nz,024-384-8654,2022-05-27,True
6983,3106,Ryan,Clarke,HS_REP,ryan.clarke@tkkmowhangaroa.school.nz,027-993-9023,2020-10-01,True
6984,3106,Chris,Te Huia,CARETAKER,chris.te huia@tkkmowhangaroa.school.nz,026-504-6748,2021-01-26,True
6985,3107,Sarah,Edwards,PRINCIPAL,sarah.edwards@tkkmotearahou.school.nz,022-321-1172,2021-05-04,True
6986,3107,Aria,Morgan,SITE_MANAGER,aria.morgan@tkkmotearahou.school.nz,023-714-8282,2022-04-07,True
6987,3107,Ruby,Palmer,HS_REP,ruby.palmer@tkkmotearahou.school.nz,023-422-1110,2020-03-30,True
6988,3113,David,Singh,PRINCIPAL,david.singh@tewharekuraoman.school.nz,025-469-2396,2021-12-19,True
6989,3113,Tane,Patel,SITE_MANAGER,tane.patel@tewharekuraoman.school.nz,023-335-7451,2021-04-12,True
6990,3113,Chris,Parker,HS_REP,chris.parker@tewharekuraoman.school.nz,021-339-1348,2021-02-08,True
6991,3113,Amber,Palmer,CARETAKER,amber.palmer@tewharekuraoman.school.nz,024-258-6187,2020-07-15,True
6992,3114,Ryan,Harawira,PRINCIPAL,ryan.harawira@tkkmopukemiro.school.nz,025-815-5359,2021-11-29,True
6993,3114,Anika,Murray,SITE_MANAGER,anika.murray@tkkmopukemiro.school.nz,024-391-3193,2021-02-08,True
6994,3114,Georgia,Mitchell,HS_REP,georgia.mitchell@tkkmopukemiro.school.nz,023-191-6802,2020-10-28,True
6995,3115,Matthew,Henare,PRINCIPAL,matthew.henare@tewharekuraoter.school.nz,021-234-6466,2022-08-11,True
6996,3115,Kaia,Williams,SITE_MANAGER,kaia.williams@tewharekuraoter.school.nz,028-707-4070,2020-12-20,True
6997,3115,Tia,Singh,HS_REP,tia.singh@tewharekuraoter.school.nz,025-959-1882,2020-10-05,True
6998,3115,Amber,Parker,CARETAKER,amber.parker@tewharekuraoter.school.nz,022-633-4171,2020-04-15,True
6999,3117,Craig,Chen,PRINCIPAL,craig.chen@tekurakaupapamā.school.nz,021-434-5150,2022-02-19,True
7000,3117,Kylie,Kim,SITE_MANAGER,kylie.kim@tekurakaupapamā.school.nz,028-132-1170,2022-09-26,True
7001,3117,Craig,Fitzgerald,HS_REP,craig.fitzgerald@tekurakaupapamā.school.nz,026-376-5627,2022-09-18,True
7002,3117,Karen,Edwards,CARETAKER,karen.edwards@tekurakaupapamā.school.nz,023-953-7066,2022-06-05,True
7003,3118,Hemi,Baker,PRINCIPAL,hemi.baker@tekurakaupapama.school.nz,024-828-1173,2022-02-01,True
7004,3118,Aroha,Crawford,SITE_MANAGER,aroha.crawford@tekurakaupapama.school.nz,024-622-9832,2020-08-04,True
7005,3118,Anika,Patel,HS_REP,anika.patel@tekurakaupapama.school.nz,023-636-4461,2022-03-03,True
7006,3118,Mason,Nguyen,CARETAKER,mason.nguyen@tekurakaupapama.school.nz,021-222-8557,2021-08-25,True
7007,3119,Ryan,Robinson,PRINCIPAL,ryan.robinson@tkkmokawakawama.school.nz,021-235-7437,2020-11-05,True
7008,3119,Luke,Mahuta,SITE_MANAGER,luke.mahuta@tkkmokawakawama.school.nz,028-465-9866,2021-12-06,True
7009,3119,Sophie,Clarke,HS_REP,sophie.clarke@tkkmokawakawama.school.nz,025-135-8788,2021-03-02,True
7010,3119,Ihaia,Jones,CARETAKER,ihaia.jones@tkkmokawakawama.school.nz,023-802-3680,2020-03-19,True
7011,3180,Olivia,Crawford,PRINCIPAL,olivia.crawford@applebyschool.school.nz,022-175-3450,2020-10-17,True
7012,3180,Finn,Campbell,SITE_MANAGER,finn.campbell@applebyschool.school.nz,021-200-9925,2020-05-25,True
7013,3180,Kylie,Stewart,HS_REP,kylie.stewart@applebyschool.school.nz,022-695-6493,2020-01-03,True
7014,3180,Liam,Edwards,CARETAKER,liam.edwards@applebyschool.school.nz,026-701-2313,2020-06-12,True
7015,3181,Kylie,Murray,PRINCIPAL,kylie.murray@aucklandpointsc.school.nz,026-402-3895,2022-08-01,True
7016,3181,Scott,King,SITE_MANAGER,scott.king@aucklandpointsc.school.nz,027-849-8659,2020-12-20,True
7017,3181,Nathan,Wong,HS_REP,nathan.wong@aucklandpointsc.school.nz,026-576-8030,2021-10-08,True
7018,3181,Liam,Gallagher,CARETAKER,liam.gallagher@aucklandpointsc.school.nz,026-921-7717,2021-04-20,True
7019,3182,Joanne,King,PRINCIPAL,joanne.king@birchwoodschool.school.nz,027-892-6189,2021-12-10,True
7020,3182,Donna,Murray,SITE_MANAGER,donna.murray@birchwoodschool.school.nz,023-350-3279,2021-09-03,True
7021,3182,Finn,Crawford,HS_REP,finn.crawford@birchwoodschool.school.nz,027-499-9253,2022-01-26,True
7022,3183,Paula,Brown,PRINCIPAL,paula.brown@brightwaterscho.school.nz,023-492-1182,2021-10-04,True
7023,3183,Karen,Stewart,SITE_MANAGER,karen.stewart@brightwaterscho.school.nz,023-819-1880,2021-04-15,True
7024,3183,Tane,Roberts,HS_REP,tane.roberts@brightwaterscho.school.nz,025-912-6208,2021-09-16,True
7025,3183,Zara,Scott,CARETAKER,zara.scott@brightwaterscho.school.nz,024-892-1140,2020-07-15,True
7026,3184,Finn,Hamilton,PRINCIPAL,finn.hamilton@broadgreeninter.school.nz,022-534-6366,2021-12-05,True
7027,3184,Chris,Turner,SITE_MANAGER,chris.turner@broadgreeninter.school.nz,023-374-9927,2021-06-04,True
7028,3184,Aroha,Watson,HS_REP,aroha.watson@broadgreeninter.school.nz,028-844-3258,2022-04-29,True
7029,3185,Lisa,Harawira,PRINCIPAL,lisa.harawira@brooklynschool(.school.nz,024-650-8124,2020-07-19,True
7030,3185,Grant,Crawford,SITE_MANAGER,grant.crawford@brooklynschool(.school.nz,025-640-1578,2021-02-21,True
7031,3185,Ben,Kim,HS_REP,ben.kim@brooklynschool(.school.nz,025-935-8399,2022-04-16,True
7032,3186,Nikau,Morgan,PRINCIPAL,nikau.morgan@canvastownschoo.school.nz,028-433-3987,2020-05-22,True
7033,3186,Kaia,Hamilton,SITE_MANAGER,kaia.hamilton@canvastownschoo.school.nz,028-320-9297,2021-07-05,True
7034,3186,Mark,Taukiri,HS_REP,mark.taukiri@canvastownschoo.school.nz,021-595-3123,2021-07-23,True
7035,3186,Hayley,Nguyen,CARETAKER,hayley.nguyen@canvastownschoo.school.nz,028-879-9359,2022-02-04,True
7036,3187,Olivia,Harawira,PRINCIPAL,olivia.harawira@cliftonterraces.school.nz,022-114-1330,2020-07-11,True
7037,3187,Ruby,White,SITE_MANAGER,ruby.white@cliftonterraces.school.nz,026-209-3615,2022-03-23,True
7038,3187,Wiremu,Roberts,HS_REP,wiremu.roberts@cliftonterraces.school.nz,025-856-7009,2020-03-01,True
7039,3187,Liam,Henderson,CARETAKER,liam.henderson@cliftonterraces.school.nz,025-695-9302,2021-06-23,True
7040,3188,Hayley,Hill,PRINCIPAL,hayley.hill@dovedaleschool.school.nz,025-246-9866,2020-03-15,True
7041,3188,Mark,Wilson,SITE_MANAGER,mark.wilson@dovedaleschool.school.nz,023-935-2389,2021-11-06,True
7042,3188,James,Taylor,HS_REP,james.taylor@dovedaleschool.school.nz,021-312-7411,2022-07-20,True
7043,3189,Tane,Anderson,PRINCIPAL,tane.anderson@ennerglynnschoo.school.nz,028-547-7246,2021-09-22,True
7044,3189,Sam,Patel,SITE_MANAGER,sam.patel@ennerglynnschoo.school.nz,022-286-1268,2021-07-17,True
7045,3189,Ruby,Tamati,HS_REP,ruby.tamati@ennerglynnschoo.school.nz,023-836-5582,2021-09-26,True
7046,3189,Andrew,Mitchell,CARETAKER,andrew.mitchell@ennerglynnschoo.school.nz,023-940-2109,2022-05-03,True
7047,3192,Reuben,Cooper,PRINCIPAL,reuben.cooper@granityschool.school.nz,022-437-7602,2022-07-19,True
7048,3192,Tane,Tamati,SITE_MANAGER,tane.tamati@granityschool.school.nz,026-869-3463,2020-05-31,True
7049,3192,Stacey,Henderson,HS_REP,stacey.henderson@granityschool.school.nz,024-559-6932,2020-05-18,True
7050,3192,Kaia,Fitzgerald,CARETAKER,kaia.fitzgerald@granityschool.school.nz,025-540-6758,2021-11-11,True
7051,3193,Jessica,Thompson,PRINCIPAL,jessica.thompson@hampdenstreetsc.school.nz,025-194-2595,2020-02-09,True
7052,3193,Zara,Singh,SITE_MANAGER,zara.singh@hampdenstreetsc.school.nz,026-467-6385,2022-06-05,True
7053,3193,Sophie,Martin,HS_REP,sophie.martin@hampdenstreetsc.school.nz,028-901-7775,2020-01-10,True
7054,3193,Luke,Burns,CARETAKER,luke.burns@hampdenstreetsc.school.nz,022-450-1570,2021-06-22,True
7055,3194,Brooke,Williams,PRINCIPAL,brooke.williams@henleyschool(ne.school.nz,026-923-3228,2021-08-01,True
7056,3194,Holly,Brown,SITE_MANAGER,holly.brown@henleyschool(ne.school.nz,026-166-5372,2021-09-17,True
7057,3194,Ihaia,Robinson,HS_REP,ihaia.robinson@henleyschool(ne.school.nz,023-876-4162,2021-05-29,True
7058,3194,Donna,Thompson,CARETAKER,donna.thompson@henleyschool(ne.school.nz,026-659-1923,2021-09-13,True
7059,3195,Kauri,Mahuta,PRINCIPAL,kauri.mahuta@hiraschool.school.nz,024-311-7220,2020-06-01,True
7060,3195,Freya,Collins,SITE_MANAGER,freya.collins@hiraschool.school.nz,021-866-1688,2020-05-19,True
7061,3195,Nathan,Campbell,HS_REP,nathan.campbell@hiraschool.school.nz,025-245-9955,2020-11-03,True
7062,3195,Andrew,Patel,CARETAKER,andrew.patel@hiraschool.school.nz,027-110-3184,2022-08-11,True
7063,3196,Ruby,Nguyen,PRINCIPAL,ruby.nguyen@hopeschool.school.nz,022-638-2116,2020-10-01,True
7064,3196,Matiu,Wong,SITE_MANAGER,matiu.wong@hopeschool.school.nz,023-174-7438,2021-07-12,True
7065,3196,Andrew,Edwards,HS_REP,andrew.edwards@hopeschool.school.nz,027-279-3978,2022-07-28,True
7066,3199,Simon,Stewart,PRINCIPAL,simon.stewart@lakerotoitischo.school.nz,028-667-6882,2020-02-26,True
7067,3199,Tane,Nguyen,SITE_MANAGER,tane.nguyen@lakerotoitischo.school.nz,028-372-1659,2020-10-10,True
7068,3199,Mere,Wong,HS_REP,mere.wong@lakerotoitischo.school.nz,026-304-3652,2021-03-14,True
7069,3199,Zara,Henare,CARETAKER,zara.henare@lakerotoitischo.school.nz,022-193-4464,2022-08-21,True
7070,3200,Nicola,Wright,PRINCIPAL,nicola.wright@lowermouteresch.school.nz,022-177-3488,2020-08-20,True
7071,3200,Holly,Nguyen,SITE_MANAGER,holly.nguyen@lowermouteresch.school.nz,026-260-8449,2022-02-21,True
7072,3200,Kylie,Fraser,HS_REP,kylie.fraser@lowermouteresch.school.nz,024-772-2506,2021-06-21,True
7073,3201,Rachel,Patel,PRINCIPAL,rachel.patel@mahanaschool.school.nz,021-485-2353,2020-09-18,True
7074,3201,Noah,Patel,SITE_MANAGER,noah.patel@mahanaschool.school.nz,021-398-9320,2021-02-04,True
7075,3201,Stacey,Harawira,HS_REP,stacey.harawira@mahanaschool.school.nz,022-546-6942,2020-10-12,True
7076,3202,Jack,Collins,PRINCIPAL,jack.collins@maitaischool.school.nz,025-231-8995,2020-12-31,True
7077,3202,Tane,Kim,SITE_MANAGER,tane.kim@maitaischool.school.nz,024-698-5972,2020-06-12,True
7078,3202,Chris,Thompson,HS_REP,chris.thompson@maitaischool.school.nz,026-544-7729,2020-02-22,True
7079,3203,Sophie,Hall,PRINCIPAL,sophie.hall@mapuaschool.school.nz,022-975-6369,2022-02-26,True
7080,3203,Holly,Bennett,SITE_MANAGER,holly.bennett@mapuaschool.school.nz,026-994-4262,2020-05-02,True
7081,3203,Chris,Smith,HS_REP,chris.smith@mapuaschool.school.nz,025-222-1271,2020-10-02,True
7082,3204,Noah,Hamilton,PRINCIPAL,noah.hamilton@maruiaschool.school.nz,021-254-3349,2020-03-08,True
7083,3204,Andrew,Cooper,SITE_MANAGER,andrew.cooper@maruiaschool.school.nz,026-715-4947,2021-09-25,True
7084,3204,Stacey,Fitzgerald,HS_REP,stacey.fitzgerald@maruiaschool.school.nz,027-693-5647,2020-12-07,True
7085,3206,Grant,Kim,PRINCIPAL,grant.kim@motuekasouthsch.school.nz,025-869-6615,2021-12-26,True
7086,3206,Hemi,Henare,SITE_MANAGER,hemi.henare@motuekasouthsch.school.nz,028-528-2465,2021-05-27,True
7087,3206,Luke,Morgan,HS_REP,luke.morgan@motuekasouthsch.school.nz,021-458-4098,2021-05-22,True
7088,3206,Noah,Te Huia,CARETAKER,noah.te huia@motuekasouthsch.school.nz,023-997-4327,2022-04-11,True
7089,3207,Ryan,Fraser,PRINCIPAL,ryan.fraser@motupipischool.school.nz,026-187-8095,2020-03-21,True
7090,3207,Liam,Robinson,SITE_MANAGER,liam.robinson@motupipischool.school.nz,023-260-8311,2020-01-08,True
7091,3207,Donna,King,HS_REP,donna.king@motupipischool.school.nz,024-574-4473,2022-01-09,True
7092,3208,Donna,Scott,PRINCIPAL,donna.scott@naylandprimarys.school.nz,027-140-2358,2022-06-21,True
7093,3208,Charlotte,Walker,SITE_MANAGER,charlotte.walker@naylandprimarys.school.nz,021-837-7871,2021-10-08,True
7094,3208,Kylie,Lee,HS_REP,kylie.lee@naylandprimarys.school.nz,024-462-9115,2021-11-22,True
7095,3209,Ben,Walker,PRINCIPAL,ben.walker@nelsoncentralsc.school.nz,024-372-5162,2022-09-06,True
7096,3209,Tracey,Robinson,SITE_MANAGER,tracey.robinson@nelsoncentralsc.school.nz,027-866-5477,2020-02-20,True
7097,3209,Wiremu,Scott,HS_REP,wiremu.scott@nelsoncentralsc.school.nz,023-609-5129,2021-02-25,True
7098,3210,Andrew,Green,PRINCIPAL,andrew.green@nelsonintermedi.school.nz,021-535-7206,2021-06-27,True
7099,3210,Sophie,Edwards,SITE_MANAGER,sophie.edwards@nelsonintermedi.school.nz,021-754-1899,2021-04-25,True
7100,3210,Scott,Hamilton,HS_REP,scott.hamilton@nelsonintermedi.school.nz,023-882-7558,2022-04-03,True
7101,3212,Brooke,King,PRINCIPAL,brooke.king@ngatimotischool.school.nz,026-677-4931,2022-07-06,True
7102,3212,Craig,Collins,SITE_MANAGER,craig.collins@ngatimotischool.school.nz,026-265-9851,2022-03-31,True
7103,3212,Jessica,Hill,HS_REP,jessica.hill@ngatimotischool.school.nz,026-772-4527,2022-03-24,True
7104,3213,Matiu,Chen,PRINCIPAL,matiu.chen@parklandsschool.school.nz,025-392-7329,2022-02-26,True
7105,3213,Scott,Hamilton,SITE_MANAGER,scott.hamilton@parklandsschool.school.nz,027-758-3573,2021-06-17,True
7106,3213,Finn,Rewi,HS_REP,finn.rewi@parklandsschool.school.nz,021-680-3446,2020-11-13,True
7107,3214,Sarah,Hall,PRINCIPAL,sarah.hall@ranzauschool.school.nz,026-502-2127,2021-09-13,True
7108,3214,Matiu,Henare,SITE_MANAGER,matiu.henare@ranzauschool.school.nz,027-937-1469,2022-02-03,True
7109,3214,Emma,Young,HS_REP,emma.young@ranzauschool.school.nz,025-111-8192,2022-02-16,True
7110,3216,Rachel,Wilson,PRINCIPAL,rachel.wilson@richmondschool(.school.nz,022-372-7850,2021-03-22,True
7111,3216,Mark,Kumar,SITE_MANAGER,mark.kumar@richmondschool(.school.nz,028-510-8716,2022-08-02,True
7112,3216,Mere,Anderson,HS_REP,mere.anderson@richmondschool(.school.nz,023-522-9649,2021-05-22,True
7113,3216,Mason,Clarke,CARETAKER,mason.clarke@richmondschool(.school.nz,026-492-3248,2022-04-15,True
7114,3217,Amelia,Walker,PRINCIPAL,amelia.walker@riwakaschool.school.nz,027-396-9163,2020-11-19,True
7115,3217,Chris,Wright,SITE_MANAGER,chris.wright@riwakaschool.school.nz,024-231-2945,2022-06-06,True
7116,3217,Kylie,Murray,HS_REP,kylie.murray@riwakaschool.school.nz,027-106-8833,2022-05-25,True
7117,3219,Rawiri,King,PRINCIPAL,rawiri.king@sacredheartscho.school.nz,024-244-9984,2021-10-22,True
7118,3219,Tane,Henare,SITE_MANAGER,tane.henare@sacredheartscho.school.nz,026-828-9525,2021-11-28,True
7119,3219,Mason,Smith,HS_REP,mason.smith@sacredheartscho.school.nz,022-115-2369,2022-06-17,True
7120,3219,Holly,Henderson,CARETAKER,holly.henderson@sacredheartscho.school.nz,025-202-8742,2022-04-26,True
7121,3220,Daniel,Robinson,PRINCIPAL,daniel.robinson@stcanicesschool.school.nz,028-158-7880,2021-05-12,True
7122,3220,Sophie,White,SITE_MANAGER,sophie.white@stcanicesschool.school.nz,024-338-7508,2020-08-06,True
7123,3220,Rawiri,Lee,HS_REP,rawiri.lee@stcanicesschool.school.nz,024-420-7649,2020-01-11,True
7124,3221,Isla,Green,PRINCIPAL,isla.green@stjosephsschool.school.nz,024-707-3154,2020-04-06,True
7125,3221,Holly,Stewart,SITE_MANAGER,holly.stewart@stjosephsschool.school.nz,022-312-2045,2022-09-24,True
7126,3221,Georgia,Brown,HS_REP,georgia.brown@stjosephsschool.school.nz,022-448-6195,2021-05-13,True
7127,3221,Simon,Hill,CARETAKER,simon.hill@stjosephsschool.school.nz,021-115-1625,2021-04-04,True
7128,3222,Mason,Smith,PRINCIPAL,mason.smith@stpeterchanelsc.school.nz,027-635-5468,2021-02-05,True
7129,3222,Chris,Chen,SITE_MANAGER,chris.chen@stpeterchanelsc.school.nz,024-433-8928,2021-05-04,True
7130,3222,Aria,Parker,HS_REP,aria.parker@stpeterchanelsc.school.nz,022-856-8447,2022-07-30,True
7131,3223,Kauri,Tamati,PRINCIPAL,kauri.tamati@stokeschool.school.nz,027-498-8912,2020-04-16,True
7132,3223,Kylie,Te Huia,SITE_MANAGER,kylie.te huia@stokeschool.school.nz,021-229-7646,2022-09-01,True
7133,3223,Wiremu,Hill,HS_REP,wiremu.hill@stokeschool.school.nz,025-119-7261,2022-08-27,True
7134,3223,Ben,Turner,CARETAKER,ben.turner@stokeschool.school.nz,028-846-9459,2021-10-01,True
7135,3224,Mere,Patel,PRINCIPAL,mere.patel@tahunanuischool.school.nz,026-181-7423,2020-07-16,True
7136,3224,Mark,Edwards,SITE_MANAGER,mark.edwards@tahunanuischool.school.nz,026-364-3103,2021-12-23,True
7137,3224,James,Taukiri,HS_REP,james.taukiri@tahunanuischool.school.nz,022-201-3048,2020-08-06,True
7138,3224,Jack,Singh,CARETAKER,jack.singh@tahunanuischool.school.nz,024-574-2481,2022-04-07,True
7139,3225,Olivia,White,PRINCIPAL,olivia.white@centraltakakasc.school.nz,026-348-7009,2021-03-23,True
7140,3225,Rawiri,Bennett,SITE_MANAGER,rawiri.bennett@centraltakakasc.school.nz,025-304-4909,2021-07-26,True
7141,3225,Mere,Roberts,HS_REP,mere.roberts@centraltakakasc.school.nz,023-153-3893,2022-02-28,True
7142,3226,Wiremu,Henderson,PRINCIPAL,wiremu.henderson@takakaprimarysc.school.nz,026-331-3256,2022-08-11,True
7143,3226,Finn,Mitchell,SITE_MANAGER,finn.mitchell@takakaprimarysc.school.nz,024-841-7112,2020-11-27,True
7144,3226,Holly,Fraser,HS_REP,holly.fraser@takakaprimarysc.school.nz,028-557-6864,2020-12-20,True
7145,3228,Karen,Murray,PRINCIPAL,karen.murray@tasmanschool.school.nz,025-991-7409,2022-06-09,True
7146,3228,Ryan,Harris,SITE_MANAGER,ryan.harris@tasmanschool.school.nz,027-532-6531,2022-08-26,True
7147,3228,Nikau,Wright,HS_REP,nikau.wright@tasmanschool.school.nz,021-422-1012,2022-07-29,True
7148,3229,Daniel,Patel,PRINCIPAL,daniel.patel@uppermouteresch.school.nz,022-719-8919,2021-08-19,True
7149,3229,Michael,Murray,SITE_MANAGER,michael.murray@uppermouteresch.school.nz,028-720-3397,2020-07-24,True
7150,3229,Hemi,Collins,HS_REP,hemi.collins@uppermouteresch.school.nz,022-163-6891,2021-01-19,True
7151,3229,Shane,Crawford,CARETAKER,shane.crawford@uppermouteresch.school.nz,022-925-5170,2021-01-26,True
7152,3231,Paula,Watson,PRINCIPAL,paula.watson@tepunawānangaot.school.nz,026-280-7483,2021-07-03,True
7153,3231,Scott,Palmer,SITE_MANAGER,scott.palmer@tepunawānangaot.school.nz,027-919-4553,2021-03-14,True
7154,3231,Hayley,Fraser,HS_REP,hayley.fraser@tepunawānangaot.school.nz,024-675-4721,2022-08-25,True
7155,3231,Mere,Murray,CARETAKER,mere.murray@tepunawānangaot.school.nz,023-501-3901,2022-09-16,True
7156,3233,Reuben,Fraser,PRINCIPAL,reuben.fraser@waimeaintermedi.school.nz,028-789-9608,2020-04-22,True
7157,3233,Wiremu,Morgan,SITE_MANAGER,wiremu.morgan@waimeaintermedi.school.nz,026-637-9532,2021-06-21,True
7158,3233,Nathan,Wilson,HS_REP,nathan.wilson@waimeaintermedi.school.nz,022-101-7436,2020-02-28,True
7159,3234,Ryan,Taylor,PRINCIPAL,ryan.taylor@wakefieldschool.school.nz,025-810-1337,2020-05-25,True
7160,3234,James,Taukiri,SITE_MANAGER,james.taukiri@wakefieldschool.school.nz,026-233-1764,2021-10-18,True
7161,3234,Ethan,Nguyen,HS_REP,ethan.nguyen@wakefieldschool.school.nz,023-206-4360,2022-03-08,True
7162,3235,Tia,Wilson,PRINCIPAL,tia.wilson@westportnorthsc.school.nz,024-658-3504,2021-01-29,True
7163,3235,Aria,Wilson,SITE_MANAGER,aria.wilson@westportnorthsc.school.nz,024-964-1309,2020-09-16,True
7164,3235,Olivia,Henderson,HS_REP,olivia.henderson@westportnorthsc.school.nz,027-600-3419,2021-11-15,True
7165,3235,James,Clarke,CARETAKER,james.clarke@westportnorthsc.school.nz,028-197-7407,2022-08-28,True
7166,3236,Michelle,Roberts,PRINCIPAL,michelle.roberts@westportsouthsc.school.nz,025-569-5423,2022-04-24,True
7167,3236,Freya,Russell,SITE_MANAGER,freya.russell@westportsouthsc.school.nz,026-587-5154,2021-06-29,True
7168,3236,Brooke,Thompson,HS_REP,brooke.thompson@westportsouthsc.school.nz,028-583-2748,2021-11-01,True
7169,3236,Ethan,Harawira,CARETAKER,ethan.harawira@westportsouthsc.school.nz,022-948-7217,2021-10-04,True
7170,3270,Grant,Palmer,PRINCIPAL,grant.palmer@sacredheartscho.school.nz,025-291-7811,2021-11-15,True
7171,3270,David,Clarke,SITE_MANAGER,david.clarke@sacredheartscho.school.nz,028-198-8320,2021-05-11,True
7172,3270,Jack,Harawira,HS_REP,jack.harawira@sacredheartscho.school.nz,024-789-1076,2022-09-16,True
7173,3271,Rawiri,White,PRINCIPAL,rawiri.white@addingtontekura.school.nz,021-802-6733,2022-02-26,True
7174,3271,Finn,Baker,SITE_MANAGER,finn.baker@addingtontekura.school.nz,022-954-9166,2021-07-09,True
7175,3271,Rawiri,Cooper,HS_REP,rawiri.cooper@addingtontekura.school.nz,021-378-3366,2022-02-12,True
7176,3271,Donna,Robinson,CARETAKER,donna.robinson@addingtontekura.school.nz,027-122-2859,2022-08-17,True
7177,3273,Ben,Young,PRINCIPAL,ben.young@alburyschool.school.nz,025-437-3965,2022-05-03,True
7178,3273,Matthew,Watson,SITE_MANAGER,matthew.watson@alburyschool.school.nz,025-350-9044,2021-05-08,True
7179,3273,Daniel,Brown,HS_REP,daniel.brown@alburyschool.school.nz,025-523-4419,2022-08-07,True
7180,3274,Luke,Gray,PRINCIPAL,luke.gray@allentonschool.school.nz,025-989-8074,2020-05-08,True
7181,3274,Holly,Wong,SITE_MANAGER,holly.wong@allentonschool.school.nz,022-928-4074,2021-05-03,True
7182,3274,Donna,Stewart,HS_REP,donna.stewart@allentonschool.school.nz,026-585-9622,2021-08-18,True
7183,3274,Ben,Thompson,CARETAKER,ben.thompson@allentonschool.school.nz,026-863-8078,2022-05-15,True
7184,3275,Paula,Edwards,PRINCIPAL,paula.edwards@pītau-allenvale.school.nz,024-473-5920,2022-08-03,True
7185,3275,Rachel,Roberts,SITE_MANAGER,rachel.roberts@pītau-allenvale.school.nz,028-943-7757,2021-05-21,True
7186,3275,Sarah,White,HS_REP,sarah.white@pītau-allenvale.school.nz,024-307-5869,2021-06-25,True
7187,3276,Ihaia,Te Huia,PRINCIPAL,ihaia.te huia@amberleyschool.school.nz,028-275-5692,2020-04-18,True
7188,3276,Ben,Smith,SITE_MANAGER,ben.smith@amberleyschool.school.nz,023-644-4205,2020-04-13,True
7189,3276,Chris,Walker,HS_REP,chris.walker@amberleyschool.school.nz,025-773-7170,2020-11-19,True
7190,3276,Luke,Mitchell,CARETAKER,luke.mitchell@amberleyschool.school.nz,024-875-3938,2022-02-07,True
7191,3280,Chris,Crawford,PRINCIPAL,chris.crawford@arowhenuamaoris.school.nz,023-740-9620,2020-03-21,True
7192,3280,Donna,Singh,SITE_MANAGER,donna.singh@arowhenuamaoris.school.nz,021-900-2235,2022-04-11,True
7193,3280,Aria,Roberts,HS_REP,aria.roberts@arowhenuamaoris.school.nz,028-158-2349,2021-01-21,True
7194,3281,Jessica,Young,PRINCIPAL,jessica.young@ashburtonboroug.school.nz,023-881-4027,2021-04-14,True
7195,3281,Liam,Baker,SITE_MANAGER,liam.baker@ashburtonboroug.school.nz,026-324-2665,2022-06-02,True
7196,3281,James,Young,HS_REP,james.young@ashburtonboroug.school.nz,025-778-1790,2020-04-06,True
7197,3281,Max,Harawira,CARETAKER,max.harawira@ashburtonboroug.school.nz,026-595-2178,2020-11-08,True
7198,3282,Caleb,Martin,PRINCIPAL,caleb.martin@ashburtoninterm.school.nz,023-752-1516,2022-04-08,True
7199,3282,Hayley,Gallagher,SITE_MANAGER,hayley.gallagher@ashburtoninterm.school.nz,025-590-1136,2020-09-04,True
7200,3282,Emma,Scott,HS_REP,emma.scott@ashburtoninterm.school.nz,022-894-2767,2020-10-19,True
7201,3282,Rachel,Taylor,CARETAKER,rachel.taylor@ashburtoninterm.school.nz,028-498-9342,2020-10-06,True
7202,3283,Wiremu,Kumar,PRINCIPAL,wiremu.kumar@ashburtonnether.school.nz,025-415-9518,2020-11-24,True
7203,3283,Kauri,Crawford,SITE_MANAGER,kauri.crawford@ashburtonnether.school.nz,026-650-2115,2020-05-20,True
7204,3283,Grace,Robinson,HS_REP,grace.robinson@ashburtonnether.school.nz,026-394-5003,2021-07-17,True
7205,3284,Hemi,Thompson,PRINCIPAL,hemi.thompson@tūtiraashgroves.school.nz,021-724-7370,2021-04-23,True
7206,3284,Grace,Harawira,SITE_MANAGER,grace.harawira@tūtiraashgroves.school.nz,022-513-9799,2021-11-06,True
7207,3284,Tracey,Tamati,HS_REP,tracey.tamati@tūtiraashgroves.school.nz,026-834-4633,2021-05-29,True
7208,3285,Anika,Crawford,PRINCIPAL,anika.crawford@ashleyrakahuris.school.nz,027-407-6575,2021-11-05,True
7209,3285,Holly,Scott,SITE_MANAGER,holly.scott@ashleyrakahuris.school.nz,026-637-4106,2022-01-21,True
7210,3285,Paula,Fitzgerald,HS_REP,paula.fitzgerald@ashleyrakahuris.school.nz,027-649-1098,2021-09-25,True
7211,3287,Finn,Taukiri,PRINCIPAL,finn.taukiri@avonheadschool-.school.nz,024-644-3152,2020-12-20,True
7212,3287,Freya,Russell,SITE_MANAGER,freya.russell@avonheadschool-.school.nz,022-952-9490,2022-05-24,True
7213,3287,Simon,Wright,HS_REP,simon.wright@avonheadschool-.school.nz,024-976-6667,2021-04-02,True
7214,3288,Mere,Mitchell,PRINCIPAL,mere.mitchell@ngutuawaschool.school.nz,022-746-8352,2022-08-27,True
7215,3288,Donna,Murray,SITE_MANAGER,donna.murray@ngutuawaschool.school.nz,022-650-3883,2021-03-27,True
7216,3288,Georgia,Harris,HS_REP,georgia.harris@ngutuawaschool.school.nz,021-472-5040,2022-05-15,True
7217,3289,Shane,Jones,PRINCIPAL,shane.jones@pareawabanksave.school.nz,021-896-9798,2021-11-28,True
7218,3289,Georgia,Morgan,SITE_MANAGER,georgia.morgan@pareawabanksave.school.nz,026-635-9041,2022-06-02,True
7219,3289,Michael,Wright,HS_REP,michael.wright@pareawabanksave.school.nz,021-606-3637,2021-01-08,True
7220,3290,Simon,Thompson,PRINCIPAL,simon.thompson@barrytownschool.school.nz,022-244-3962,2022-01-13,True
7221,3290,Paula,Wong,SITE_MANAGER,paula.wong@barrytownschool.school.nz,021-629-5179,2022-08-22,True
7222,3290,Charlotte,Rewi,HS_REP,charlotte.rewi@barrytownschool.school.nz,022-370-4378,2022-05-22,True
7223,3290,Rachel,White,CARETAKER,rachel.white@barrytownschool.school.nz,021-229-2637,2020-09-08,True
7224,3291,Rawiri,Nguyen,PRINCIPAL,rawiri.nguyen@beckenhamtekura.school.nz,023-166-5281,2022-03-10,True
7225,3291,Rachel,Cooper,SITE_MANAGER,rachel.cooper@beckenhamtekura.school.nz,026-909-9967,2021-02-28,True
7226,3291,Reuben,Young,HS_REP,reuben.young@beckenhamtekura.school.nz,026-671-4453,2021-05-14,True
7227,3291,Kauri,Clarke,CARETAKER,kauri.clarke@beckenhamtekura.school.nz,022-217-6641,2022-07-10,True
7228,3292,Liam,Wilson,PRINCIPAL,liam.wilson@pūtahibelfastsc.school.nz,027-924-5726,2021-08-03,True
7229,3292,Grant,Walker,SITE_MANAGER,grant.walker@pūtahibelfastsc.school.nz,028-835-7864,2021-08-03,True
7230,3292,Amelia,Chen,HS_REP,amelia.chen@pūtahibelfastsc.school.nz,023-883-2202,2022-03-28,True
7231,3293,Matthew,Green,PRINCIPAL,matthew.green@bishopdaleschoo.school.nz,025-482-5382,2021-06-21,True
7232,3293,Sam,Brown,SITE_MANAGER,sam.brown@bishopdaleschoo.school.nz,024-648-3142,2022-06-03,True
7233,3293,Kaia,Mitchell,HS_REP,kaia.mitchell@bishopdaleschoo.school.nz,021-872-6431,2021-04-12,True
7234,3293,Brooke,King,CARETAKER,brooke.king@bishopdaleschoo.school.nz,024-980-9591,2020-03-25,True
7235,3295,Tia,Martin,PRINCIPAL,tia.martin@blaketownschool.school.nz,025-750-6774,2022-07-16,True
7236,3295,Simon,Wright,SITE_MANAGER,simon.wright@blaketownschool.school.nz,028-288-7272,2021-03-11,True
7237,3295,Jessica,Johnston,HS_REP,jessica.johnston@blaketownschool.school.nz,024-979-4732,2020-03-28,True
7238,3295,Tracey,Rewi,CARETAKER,tracey.rewi@blaketownschool.school.nz,028-867-6282,2021-10-21,True
7239,3299,Luke,Patel,PRINCIPAL,luke.patel@breensintermedi.school.nz,026-461-7359,2021-10-18,True
7240,3299,Sarah,Russell,SITE_MANAGER,sarah.russell@breensintermedi.school.nz,024-716-1139,2020-07-30,True
7241,3299,Amelia,Young,HS_REP,amelia.young@breensintermedi.school.nz,027-476-8272,2022-07-22,True
7242,3299,Reuben,Thompson,CARETAKER,reuben.thompson@breensintermedi.school.nz,025-633-2193,2022-07-15,True
7243,3301,Michael,Russell,PRINCIPAL,michael.russell@broadfieldschoo.school.nz,023-893-8186,2021-06-17,True
7244,3301,James,Murray,SITE_MANAGER,james.murray@broadfieldschoo.school.nz,024-704-6385,2021-12-17,True
7245,3301,Ethan,Hamilton,HS_REP,ethan.hamilton@broadfieldschoo.school.nz,026-325-3681,2022-09-06,True
7246,3302,Craig,Burns,PRINCIPAL,craig.burns@teahuwaibromley.school.nz,027-902-6007,2021-04-13,True
7247,3302,Georgia,Mitchell,SITE_MANAGER,georgia.mitchell@teahuwaibromley.school.nz,023-914-7015,2020-10-21,True
7248,3302,Scott,Wright,HS_REP,scott.wright@teahuwaibromley.school.nz,023-681-8012,2021-11-22,True
7249,3302,Hemi,Young,CARETAKER,hemi.young@teahuwaibromley.school.nz,021-519-9170,2021-09-12,True
7250,3303,Sophie,Taylor,PRINCIPAL,sophie.taylor@broomfieldschoo.school.nz,028-305-3531,2020-01-03,True
7251,3303,Karen,Hall,SITE_MANAGER,karen.hall@broomfieldschoo.school.nz,023-527-1425,2020-09-29,True
7252,3303,Jack,Hamilton,HS_REP,jack.hamilton@broomfieldschoo.school.nz,024-124-4738,2021-10-21,True
7253,3304,Maia,Lee,PRINCIPAL,maia.lee@burnhamschool-t.school.nz,027-142-6887,2020-05-05,True
7254,3304,Lisa,Cooper,SITE_MANAGER,lisa.cooper@burnhamschool-t.school.nz,026-748-5269,2021-11-08,True
7255,3304,Craig,Chen,HS_REP,craig.chen@burnhamschool-t.school.nz,024-747-9121,2021-12-07,True
7256,3304,Andrew,Turner,CARETAKER,andrew.turner@burnhamschool-t.school.nz,023-959-8476,2022-04-13,True
7257,3305,Jessica,Burns,PRINCIPAL,jessica.burns@tuiaburnsidepri.school.nz,027-711-1569,2021-08-21,True
7258,3305,Stacey,Chen,SITE_MANAGER,stacey.chen@tuiaburnsidepri.school.nz,021-938-9549,2020-09-22,True
7259,3305,Isla,Martin,HS_REP,isla.martin@tuiaburnsidepri.school.nz,024-914-8491,2020-01-20,True
7260,3305,Daniel,Baker,CARETAKER,daniel.baker@tuiaburnsidepri.school.nz,026-681-4291,2021-01-13,True
7261,3307,Sarah,Fitzgerald,PRINCIPAL,sarah.fitzgerald@canningtonschoo.school.nz,024-370-7645,2022-07-14,True
7262,3307,Sophie,Collins,SITE_MANAGER,sophie.collins@canningtonschoo.school.nz,022-996-9481,2020-11-06,True
7263,3307,Jessica,Edwards,HS_REP,jessica.edwards@canningtonschoo.school.nz,024-888-9858,2020-07-17,True
7264,3307,Hayley,Henderson,CARETAKER,hayley.henderson@canningtonschoo.school.nz,027-231-8347,2022-04-11,True
7265,3308,Georgia,Edwards,PRINCIPAL,georgia.edwards@carewpeelforest.school.nz,027-986-3986,2021-01-07,True
7266,3308,Tane,Taylor,SITE_MANAGER,tane.taylor@carewpeelforest.school.nz,027-491-3213,2021-10-21,True
7267,3308,Hayley,Burns,HS_REP,hayley.burns@carewpeelforest.school.nz,025-467-2389,2020-09-19,True
7268,3309,Grace,Brown,PRINCIPAL,grace.brown@casebrookinterm.school.nz,027-589-4721,2022-07-02,True
7269,3309,Grant,Burns,SITE_MANAGER,grant.burns@casebrookinterm.school.nz,026-385-8787,2021-09-20,True
7270,3309,Paula,Chen,HS_REP,paula.chen@casebrookinterm.school.nz,027-155-5148,2021-06-03,True
7271,3309,James,Edwards,CARETAKER,james.edwards@casebrookinterm.school.nz,026-556-4758,2022-03-15,True
7272,3310,Georgia,Patel,PRINCIPAL,georgia.patel@cashmereprimary.school.nz,026-426-7711,2020-10-10,True
7273,3310,Caleb,Brown,SITE_MANAGER,caleb.brown@cashmereprimary.school.nz,022-774-4620,2021-08-27,True
7274,3310,Stacey,Edwards,HS_REP,stacey.edwards@cashmereprimary.school.nz,026-971-9326,2020-09-12,True
7275,3310,Kylie,Roberts,CARETAKER,kylie.roberts@cashmereprimary.school.nz,024-988-7453,2021-06-13,True
7276,3313,Kaia,Parker,PRINCIPAL,kaia.parker@chertseyschool.school.nz,027-258-5887,2021-09-28,True
7277,3313,Holly,Lee,SITE_MANAGER,holly.lee@chertseyschool.school.nz,024-858-9477,2021-08-24,True
7278,3313,David,Fraser,HS_REP,david.fraser@chertseyschool.school.nz,022-303-5343,2021-08-10,True
7279,3313,Sam,Lee,CARETAKER,sam.lee@chertseyschool.school.nz,027-892-6901,2021-01-17,True
7280,3314,Maia,Johnston,PRINCIPAL,maia.johnston@chisnallwoodint.school.nz,023-710-8255,2022-03-28,True
7281,3314,Amber,Roberts,SITE_MANAGER,amber.roberts@chisnallwoodint.school.nz,028-710-7546,2021-10-25,True
7282,3314,Anika,Wong,HS_REP,anika.wong@chisnallwoodint.school.nz,021-483-7996,2022-03-28,True
7283,3316,Nikau,Wright,PRINCIPAL,nikau.wright@christthekingsc.school.nz,022-467-5170,2020-04-14,True
7284,3316,Scott,Turner,SITE_MANAGER,scott.turner@christthekingsc.school.nz,025-263-8375,2021-10-20,True
7285,3316,Tia,Clarke,HS_REP,tia.clarke@christthekingsc.school.nz,028-446-8388,2021-07-20,True
7286,3316,Noah,Morgan,CARETAKER,noah.morgan@christthekingsc.school.nz,023-666-1538,2022-04-19,True
7287,3317,Kauri,Campbell,PRINCIPAL,kauri.campbell@christchurcheas.school.nz,027-868-6415,2021-02-14,True
7288,3317,Sarah,Green,SITE_MANAGER,sarah.green@christchurcheas.school.nz,024-256-7113,2022-04-23,True
7289,3317,Emma,Johnston,HS_REP,emma.johnston@christchurcheas.school.nz,023-783-4156,2022-09-18,True
7290,3318,Sarah,Turner,PRINCIPAL,sarah.turner@christchurchsou.school.nz,022-432-9887,2020-08-26,True
7291,3318,Ben,Wilson,SITE_MANAGER,ben.wilson@christchurchsou.school.nz,028-962-1624,2021-10-29,True
7292,3318,Simon,Hamilton,HS_REP,simon.hamilton@christchurchsou.school.nz,021-106-2088,2021-10-31,True
7293,3321,Josh,Tamati,PRINCIPAL,josh.tamati@clarkvilletekur.school.nz,027-592-8259,2020-03-01,True
7294,3321,Olivia,Gallagher,SITE_MANAGER,olivia.gallagher@clarkvilletekur.school.nz,024-296-2461,2021-07-27,True
7295,3321,Nathan,Kim,HS_REP,nathan.kim@clarkvilletekur.school.nz,026-120-2366,2020-04-02,True
7296,3321,Ryan,Jones,CARETAKER,ryan.jones@clarkvilletekur.school.nz,028-583-4989,2021-12-21,True
7297,3322,Tia,Johnston,PRINCIPAL,tia.johnston@cobdenschool.school.nz,022-522-3375,2020-11-19,True
7298,3322,Nicola,Edwards,SITE_MANAGER,nicola.edwards@cobdenschool.school.nz,023-601-9056,2020-08-12,True
7299,3322,James,Roberts,HS_REP,james.roberts@cobdenschool.school.nz,021-871-6592,2022-02-04,True
7300,3323,Ethan,Murray,PRINCIPAL,ethan.murray@wairarapacobham.school.nz,021-619-5507,2022-09-04,True
7301,3323,Tia,Harris,SITE_MANAGER,tia.harris@wairarapacobham.school.nz,021-846-5870,2021-12-22,True
7302,3323,Isla,Wright,HS_REP,isla.wright@wairarapacobham.school.nz,026-247-4771,2022-04-24,True
7303,3324,Moana,Campbell,PRINCIPAL,moana.campbell@cotswoldmātāhae.school.nz,026-993-5636,2021-04-18,True
7304,3324,Matthew,Young,SITE_MANAGER,matthew.young@cotswoldmātāhae.school.nz,026-150-1008,2022-02-19,True
7305,3324,Georgia,Wright,HS_REP,georgia.wright@cotswoldmātāhae.school.nz,025-266-3935,2020-01-23,True
7306,3325,Shane,Thompson,PRINCIPAL,shane.thompson@custschool.school.nz,026-217-3240,2022-01-08,True
7307,3325,Brooke,Russell,SITE_MANAGER,brooke.russell@custschool.school.nz,026-895-5316,2020-02-17,True
7308,3325,Kaia,Henderson,HS_REP,kaia.henderson@custschool.school.nz,022-489-9238,2020-03-24,True
7309,3325,Max,Campbell,CARETAKER,max.campbell@custschool.school.nz,023-127-2785,2022-05-09,True
7310,3326,Holly,Hall,PRINCIPAL,holly.hall@darfieldschool.school.nz,025-433-5468,2021-02-22,True
7311,3326,Tracey,Collins,SITE_MANAGER,tracey.collins@darfieldschool.school.nz,022-938-9829,2021-05-02,True
7312,3326,Holly,Morgan,HS_REP,holly.morgan@darfieldschool.school.nz,027-654-4107,2022-07-04,True
7313,3327,Nikau,Harawira,PRINCIPAL,nikau.harawira@diamondharbours.school.nz,021-799-7278,2021-11-10,True
7314,3327,Liam,Stewart,SITE_MANAGER,liam.stewart@diamondharbours.school.nz,025-516-9396,2022-09-10,True
7315,3327,David,Young,HS_REP,david.young@diamondharbours.school.nz,023-845-9471,2022-02-08,True
7316,3329,Jack,Patel,PRINCIPAL,jack.patel@dorieschool.school.nz,023-670-3894,2022-04-23,True
7317,3329,Kaia,Fitzgerald,SITE_MANAGER,kaia.fitzgerald@dorieschool.school.nz,027-223-7016,2021-08-21,True
7318,3329,Reuben,White,HS_REP,reuben.white@dorieschool.school.nz,024-415-3852,2022-06-16,True
7319,3329,Charlotte,Palmer,CARETAKER,charlotte.palmer@dorieschool.school.nz,025-919-5621,2021-10-05,True
7320,3331,Chris,Harawira,PRINCIPAL,chris.harawira@dunsandelschool.school.nz,025-998-6603,2021-05-26,True
7321,3331,Lisa,Chen,SITE_MANAGER,lisa.chen@dunsandelschool.school.nz,021-557-5631,2020-10-01,True
7322,3331,Tracey,Fraser,HS_REP,tracey.fraser@dunsandelschool.school.nz,026-304-8702,2022-09-02,True
7323,3331,Aroha,Henare,CARETAKER,aroha.henare@dunsandelschool.school.nz,025-798-7291,2020-01-02,True
7324,3332,Ethan,Wilson,PRINCIPAL,ethan.wilson@duvauchellescho.school.nz,021-547-9874,2021-07-31,True
7325,3332,Reuben,Scott,SITE_MANAGER,reuben.scott@duvauchellescho.school.nz,026-499-7216,2021-05-13,True
7326,3332,Charlotte,Turner,HS_REP,charlotte.turner@duvauchellescho.school.nz,021-651-1946,2021-04-01,True
7327,3334,Kylie,Hill,PRINCIPAL,kylie.hill@elmwoodnormalsc.school.nz,023-644-1712,2021-03-03,True
7328,3334,Stacey,Rewi,SITE_MANAGER,stacey.rewi@elmwoodnormalsc.school.nz,022-496-4589,2020-04-06,True
7329,3334,Brooke,Green,HS_REP,brooke.green@elmwoodnormalsc.school.nz,027-984-4259,2020-04-21,True
7330,3335,Wiremu,Henare,PRINCIPAL,wiremu.henare@fairlieschool.school.nz,024-232-2964,2021-05-01,True
7331,3335,Grace,Clarke,SITE_MANAGER,grace.clarke@fairlieschool.school.nz,022-978-5592,2021-11-29,True
7332,3335,Donna,Mahuta,HS_REP,donna.mahuta@fairlieschool.school.nz,028-139-2855,2022-04-14,True
7333,3335,Sarah,Green,CARETAKER,sarah.green@fairlieschool.school.nz,023-933-1360,2021-06-28,True
7334,3336,Olivia,Baker,PRINCIPAL,olivia.baker@fairtonschool.school.nz,027-619-7186,2021-03-25,True
7335,3336,Sarah,Brown,SITE_MANAGER,sarah.brown@fairtonschool.school.nz,027-533-3345,2022-06-28,True
7336,3336,Amelia,Murray,HS_REP,amelia.murray@fairtonschool.school.nz,021-326-4262,2021-07-22,True
7337,3336,Brooke,Kumar,CARETAKER,brooke.kumar@fairtonschool.school.nz,024-404-4935,2021-10-29,True
7338,3338,Anika,Taylor,PRINCIPAL,anika.taylor@tūorafendaltons.school.nz,026-331-2160,2022-05-04,True
7339,3338,Ethan,Fraser,SITE_MANAGER,ethan.fraser@tūorafendaltons.school.nz,026-499-3385,2021-09-07,True
7340,3338,Reuben,Rewi,HS_REP,reuben.rewi@tūorafendaltons.school.nz,028-884-2960,2021-03-30,True
7341,3339,Wiremu,Cooper,PRINCIPAL,wiremu.cooper@ferndaleteahu.school.nz,028-734-7990,2022-01-13,True
7342,3339,Nicola,Collins,SITE_MANAGER,nicola.collins@ferndaleteahu.school.nz,027-607-7880,2022-08-23,True
7343,3339,Hayley,Robinson,HS_REP,hayley.robinson@ferndaleteahu.school.nz,027-537-2953,2020-04-11,True
7344,3339,Scott,Harris,CARETAKER,scott.harris@ferndaleteahu.school.nz,024-877-8505,2021-09-19,True
7345,3340,Aria,King,PRINCIPAL,aria.king@fernsideschool.school.nz,023-358-3796,2022-07-14,True
7346,3340,Freya,Anderson,SITE_MANAGER,freya.anderson@fernsideschool.school.nz,028-655-8993,2021-01-22,True
7347,3340,Sarah,Brown,HS_REP,sarah.brown@fernsideschool.school.nz,024-663-9002,2021-03-27,True
7348,3340,Reuben,Wong,CARETAKER,reuben.wong@fernsideschool.school.nz,023-258-9494,2022-07-01,True
7349,3342,Rachel,Brown,PRINCIPAL,rachel.brown@foxglacierschoo.school.nz,028-430-8135,2022-06-07,True
7350,3342,Caleb,Thompson,SITE_MANAGER,caleb.thompson@foxglacierschoo.school.nz,024-308-5154,2021-07-16,True
7351,3342,Amelia,King,HS_REP,amelia.king@foxglacierschoo.school.nz,021-382-1786,2020-09-04,True
7352,3342,Grace,Harawira,CARETAKER,grace.harawira@foxglacierschoo.school.nz,027-310-5975,2021-05-22,True
7353,3343,Olivia,Fitzgerald,PRINCIPAL,olivia.fitzgerald@franzjosefglaci.school.nz,024-132-6340,2020-06-03,True
7354,3343,Rawiri,Taukiri,SITE_MANAGER,rawiri.taukiri@franzjosefglaci.school.nz,022-821-2876,2021-06-30,True
7355,3343,Tane,Jones,HS_REP,tane.jones@franzjosefglaci.school.nz,023-635-1012,2022-07-22,True
7356,3343,Grant,Singh,CARETAKER,grant.singh@franzjosefglaci.school.nz,022-240-1591,2021-08-30,True
7357,3346,Andrew,Anderson,PRINCIPAL,andrew.anderson@gilberthorpesch.school.nz,025-613-2660,2022-08-27,True
7358,3346,Tane,Williams,SITE_MANAGER,tane.williams@gilberthorpesch.school.nz,023-514-5750,2021-08-02,True
7359,3346,Grace,Rewi,HS_REP,grace.rewi@gilberthorpesch.school.nz,024-731-8903,2021-05-22,True
7360,3346,Brooke,Tamati,CARETAKER,brooke.tamati@gilberthorpesch.school.nz,021-253-6392,2020-05-04,True
7361,3347,Stacey,Lee,PRINCIPAL,stacey.lee@glenitischool.school.nz,023-792-5250,2020-08-03,True
7362,3347,Ethan,Hill,SITE_MANAGER,ethan.hill@glenitischool.school.nz,025-892-6174,2020-06-22,True
7363,3347,Josh,Henare,HS_REP,josh.henare@glenitischool.school.nz,028-618-4447,2021-02-18,True
7364,3347,Wiremu,Brown,CARETAKER,wiremu.brown@glenitischool.school.nz,028-769-4160,2021-04-11,True
7365,3348,Tane,Watson,PRINCIPAL,tane.watson@glenavyschool.school.nz,022-370-2071,2020-11-26,True
7366,3348,Kaia,Taylor,SITE_MANAGER,kaia.taylor@glenavyschool.school.nz,021-946-6225,2020-01-18,True
7367,3348,David,Scott,HS_REP,david.scott@glenavyschool.school.nz,024-102-1118,2021-04-24,True
7368,3348,Stacey,Fraser,CARETAKER,stacey.fraser@glenavyschool.school.nz,023-243-3357,2022-08-19,True
7369,3352,Luke,Patel,PRINCIPAL,luke.patel@glentunnelschoo.school.nz,023-679-4698,2021-10-03,True
7370,3352,Wiremu,Russell,SITE_MANAGER,wiremu.russell@glentunnelschoo.school.nz,024-620-2302,2021-07-29,True
7371,3352,Sam,Wright,HS_REP,sam.wright@glentunnelschoo.school.nz,024-373-2532,2022-03-23,True
7372,3352,Charlotte,Taylor,CARETAKER,charlotte.taylor@glentunnelschoo.school.nz,026-171-1053,2022-01-29,True
7373,3354,Holly,Parker,PRINCIPAL,holly.parker@tekuraoōhinetah.school.nz,023-259-3319,2021-08-29,True
7374,3354,Karen,Anderson,SITE_MANAGER,karen.anderson@tekuraoōhinetah.school.nz,021-461-6476,2020-11-24,True
7375,3354,Sarah,Singh,HS_REP,sarah.singh@tekuraoōhinetah.school.nz,023-648-8712,2022-09-21,True
7376,3357,Wiremu,Singh,PRINCIPAL,wiremu.singh@greendaleschool.school.nz,028-739-5484,2021-07-12,True
7377,3357,Ihaia,Te Huia,SITE_MANAGER,ihaia.te huia@greendaleschool.school.nz,021-844-3020,2020-03-24,True
7378,3357,Zara,Harris,HS_REP,zara.harris@greendaleschool.school.nz,021-353-6555,2021-06-17,True
7379,3359,Isla,Taylor,PRINCIPAL,isla.taylor@gretavalleyscho.school.nz,024-853-2921,2022-02-15,True
7380,3359,Andrew,Cooper,SITE_MANAGER,andrew.cooper@gretavalleyscho.school.nz,025-525-8028,2021-02-27,True
7381,3359,James,Cooper,HS_REP,james.cooper@gretavalleyscho.school.nz,023-577-1082,2020-08-02,True
7382,3361,Nathan,Morgan,PRINCIPAL,nathan.morgan@greymouthmainsc.school.nz,021-574-7793,2020-11-14,True
7383,3361,Emma,Murray,SITE_MANAGER,emma.murray@greymouthmainsc.school.nz,024-129-6971,2021-06-13,True
7384,3361,Noah,White,HS_REP,noah.white@greymouthmainsc.school.nz,024-365-3969,2021-08-13,True
7385,3363,Karen,Jones,PRINCIPAL,karen.jones@haastschool.school.nz,021-591-4956,2021-03-19,True
7386,3363,Paula,Young,SITE_MANAGER,paula.young@haastschool.school.nz,028-192-5056,2021-08-07,True
7387,3363,Brooke,Turner,HS_REP,brooke.turner@haastschool.school.nz,023-799-5546,2022-02-14,True
7388,3363,James,Clarke,CARETAKER,james.clarke@haastschool.school.nz,026-511-2826,2020-07-05,True
7389,3366,Nikau,Gray,PRINCIPAL,nikau.gray@tekuraotetauawa.school.nz,026-858-3019,2020-10-12,True
7390,3366,Max,Nguyen,SITE_MANAGER,max.nguyen@tekuraotetauawa.school.nz,021-562-3809,2020-02-10,True
7391,3366,Georgia,Scott,HS_REP,georgia.scott@tekuraotetauawa.school.nz,026-350-9697,2021-09-10,True
7392,3366,Ben,Hall,CARETAKER,ben.hall@tekuraotetauawa.school.nz,026-639-7492,2020-06-30,True
7393,3367,Joanne,Morgan,PRINCIPAL,joanne.morgan@hampsteadschool.school.nz,022-739-3260,2020-07-12,True
7394,3367,Stacey,Wright,SITE_MANAGER,stacey.wright@hampsteadschool.school.nz,027-135-5204,2022-03-16,True
7395,3367,Daniel,Baker,HS_REP,daniel.baker@hampsteadschool.school.nz,028-786-4686,2021-12-04,True
7396,3368,Freya,Roberts,PRINCIPAL,freya.roberts@hanmerspringssc.school.nz,025-274-1242,2021-08-22,True
7397,3368,Grace,Wright,SITE_MANAGER,grace.wright@hanmerspringssc.school.nz,023-225-3474,2020-07-25,True
7398,3368,Jessica,King,HS_REP,jessica.king@hanmerspringssc.school.nz,028-172-1592,2021-05-12,True
7399,3368,Matthew,Edwards,CARETAKER,matthew.edwards@hanmerspringssc.school.nz,026-802-9726,2020-12-24,True
7400,3369,Shane,Hamilton,PRINCIPAL,shane.hamilton@hāpukuschool.school.nz,026-704-3148,2022-02-23,True
7401,3369,Stacey,Burns,SITE_MANAGER,stacey.burns@hāpukuschool.school.nz,024-138-1338,2022-02-22,True
7402,3369,Daniel,Gray,HS_REP,daniel.gray@hāpukuschool.school.nz,025-224-8719,2020-10-21,True
7403,3369,Ben,Hill,CARETAKER,ben.hill@hāpukuschool.school.nz,021-439-5182,2021-02-28,True
7404,3370,Sarah,Baker,PRINCIPAL,sarah.baker@harewoodschool.school.nz,021-163-4524,2021-03-26,True
7405,3370,Lisa,Palmer,SITE_MANAGER,lisa.palmer@harewoodschool.school.nz,027-372-7204,2020-02-29,True
7406,3370,Amber,Taylor,HS_REP,amber.taylor@harewoodschool.school.nz,026-859-3263,2022-02-09,True
7407,3371,Reuben,Green,PRINCIPAL,reuben.green@heathcotevalley.school.nz,027-287-2753,2021-06-14,True
7408,3371,Ryan,Wong,SITE_MANAGER,ryan.wong@heathcotevalley.school.nz,024-636-5785,2022-04-30,True
7409,3371,Isla,Fitzgerald,HS_REP,isla.fitzgerald@heathcotevalley.school.nz,025-804-6050,2020-10-13,True
7410,3372,Jack,Scott,PRINCIPAL,jack.scott@hetīwaimātauran.school.nz,021-961-1497,2020-05-14,True
7411,3372,Aroha,Mitchell,SITE_MANAGER,aroha.mitchell@hetīwaimātauran.school.nz,023-791-2800,2020-01-16,True
7412,3372,Hemi,Rewi,HS_REP,hemi.rewi@hetīwaimātauran.school.nz,021-658-5441,2022-02-02,True
7413,3373,Michael,Kumar,PRINCIPAL,michael.kumar@highfieldschool.school.nz,021-384-1647,2022-08-02,True
7414,3373,Jessica,Williams,SITE_MANAGER,jessica.williams@highfieldschool.school.nz,023-714-4917,2020-11-11,True
7415,3373,Kylie,Taylor,HS_REP,kylie.taylor@highfieldschool.school.nz,022-475-2281,2021-09-05,True
7416,3373,Andrew,Anderson,CARETAKER,andrew.anderson@highfieldschool.school.nz,024-246-9793,2020-04-12,True
7417,3375,Michelle,Baker,PRINCIPAL,michelle.baker@hindsschool.school.nz,028-662-1930,2021-01-13,True
7418,3375,Charlotte,Thompson,SITE_MANAGER,charlotte.thompson@hindsschool.school.nz,024-974-8962,2021-12-26,True
7419,3375,Lisa,Fitzgerald,HS_REP,lisa.fitzgerald@hindsschool.school.nz,027-968-1612,2022-09-07,True
7420,3375,Tia,Clarke,CARETAKER,tia.clarke@hindsschool.school.nz,025-877-3360,2022-03-25,True
7421,3376,Finn,Fraser,PRINCIPAL,finn.fraser@hokitikaprimary.school.nz,028-429-8020,2021-12-26,True
7422,3376,Moana,Gray,SITE_MANAGER,moana.gray@hokitikaprimary.school.nz,028-742-1393,2022-09-15,True
7423,3376,Tane,Henare,HS_REP,tane.henare@hokitikaprimary.school.nz,025-993-7788,2021-08-14,True
7424,3376,Mark,Singh,CARETAKER,mark.singh@hokitikaprimary.school.nz,024-952-7214,2020-03-21,True
7425,3379,Kylie,Palmer,PRINCIPAL,kylie.palmer@hoonhaytekurakō.school.nz,021-195-6655,2020-09-26,True
7426,3379,Luke,Watson,SITE_MANAGER,luke.watson@hoonhaytekurakō.school.nz,025-971-7441,2020-05-09,True
7427,3379,David,Cooper,HS_REP,david.cooper@hoonhaytekurakō.school.nz,024-132-8016,2020-07-12,True
7428,3380,Luke,Murray,PRINCIPAL,luke.murray@hornbyprimarysc.school.nz,027-886-6493,2022-05-18,True
7429,3380,David,Stewart,SITE_MANAGER,david.stewart@hornbyprimarysc.school.nz,022-177-7654,2021-11-24,True
7430,3380,Craig,Lee,HS_REP,craig.lee@hornbyprimarysc.school.nz,023-777-1281,2020-07-31,True
7431,3381,Amber,Williams,PRINCIPAL,amber.williams@hororataschool.school.nz,028-214-2220,2020-11-24,True
7432,3381,Olivia,Collins,SITE_MANAGER,olivia.collins@hororataschool.school.nz,026-723-4443,2021-11-30,True
7433,3381,Charlotte,White,HS_REP,charlotte.white@hororataschool.school.nz,025-629-6810,2020-07-29,True
7434,3381,Josh,Tamati,CARETAKER,josh.tamati@hororataschool.school.nz,026-587-9396,2020-06-03,True
7435,3384,Simon,Smith,PRINCIPAL,simon.smith@ilamschool.school.nz,024-907-5549,2022-02-16,True
7436,3384,Holly,Crawford,SITE_MANAGER,holly.crawford@ilamschool.school.nz,024-556-3887,2022-07-06,True
7437,3384,Ryan,Turner,HS_REP,ryan.turner@ilamschool.school.nz,023-780-5239,2021-12-26,True
7438,3385,Emma,Henare,PRINCIPAL,emma.henare@tekuraotemātāpu.school.nz,022-312-9194,2021-08-21,True
7439,3385,Aria,Williams,SITE_MANAGER,aria.williams@tekuraotemātāpu.school.nz,027-518-2066,2022-08-17,True
7440,3385,Matiu,Murray,HS_REP,matiu.murray@tekuraotemātāpu.school.nz,023-770-6331,2020-04-04,True
7441,3387,Kauri,Harawira,PRINCIPAL,kauri.harawira@kaingaroaschool.school.nz,021-880-5660,2021-06-13,True
7442,3387,Amber,Palmer,SITE_MANAGER,amber.palmer@kaingaroaschool.school.nz,027-980-7852,2022-02-15,True
7443,3387,Aria,Gray,HS_REP,aria.gray@kaingaroaschool.school.nz,022-716-7539,2021-02-04,True
7444,3387,Grant,Mahuta,CARETAKER,grant.mahuta@kaingaroaschool.school.nz,027-957-4953,2021-04-09,True
7445,3388,Isla,Hamilton,PRINCIPAL,isla.hamilton@kaiapoiboroughs.school.nz,022-841-3534,2021-12-04,True
7446,3388,Craig,Young,SITE_MANAGER,craig.young@kaiapoiboroughs.school.nz,023-421-4418,2021-07-31,True
7447,3388,Michelle,Tamati,HS_REP,michelle.tamati@kaiapoiboroughs.school.nz,026-600-8375,2021-05-30,True
7448,3388,Stacey,Martin,CARETAKER,stacey.martin@kaiapoiboroughs.school.nz,023-407-7925,2021-04-10,True
7449,3389,Josh,Palmer,PRINCIPAL,josh.palmer@kaiapoinorthsch.school.nz,027-929-1227,2022-06-22,True
7450,3389,Finn,White,SITE_MANAGER,finn.white@kaiapoinorthsch.school.nz,024-512-1256,2020-03-10,True
7451,3389,Liam,King,HS_REP,liam.king@kaiapoinorthsch.school.nz,028-491-5559,2022-01-12,True
7452,3391,Nathan,Murray,PRINCIPAL,nathan.murray@kaikōuraprimary.school.nz,027-293-9056,2020-02-18,True
7453,3391,Finn,Watson,SITE_MANAGER,finn.watson@kaikōuraprimary.school.nz,026-727-6345,2020-10-07,True
7454,3391,Hemi,Scott,HS_REP,hemi.scott@kaikōuraprimary.school.nz,021-792-3732,2021-08-16,True
7455,3392,Josh,Hamilton,PRINCIPAL,josh.hamilton@kaikōurasuburba.school.nz,026-648-9366,2022-06-26,True
7456,3392,Nikau,Cooper,SITE_MANAGER,nikau.cooper@kaikōurasuburba.school.nz,025-827-7875,2021-09-13,True
7457,3392,Simon,Mitchell,HS_REP,simon.mitchell@kaikōurasuburba.school.nz,027-424-9243,2020-11-17,True
7458,3392,Mason,Roberts,CARETAKER,mason.roberts@kaikōurasuburba.school.nz,023-263-6822,2020-11-12,True
7459,3393,Max,Mitchell,PRINCIPAL,max.mitchell@kaniereschool.school.nz,023-972-1505,2021-01-04,True
7460,3393,Matiu,Murray,SITE_MANAGER,matiu.murray@kaniereschool.school.nz,022-655-7260,2021-09-17,True
7461,3393,Max,Wong,HS_REP,max.wong@kaniereschool.school.nz,027-575-9341,2022-02-24,True
7462,3394,Grant,Baker,PRINCIPAL,grant.baker@karoroschool.school.nz,025-652-6067,2020-09-24,True
7463,3394,Shane,White,SITE_MANAGER,shane.white@karoroschool.school.nz,025-450-9832,2022-02-19,True
7464,3394,Mere,Cooper,HS_REP,mere.cooper@karoroschool.school.nz,026-625-3325,2021-03-07,True
7465,3394,Finn,Green,CARETAKER,finn.green@karoroschool.school.nz,021-546-4853,2020-09-01,True
7466,3396,Kauri,White,PRINCIPAL,kauri.white@kahikateakirkwo.school.nz,025-535-7266,2022-07-08,True
7467,3396,Josh,Singh,SITE_MANAGER,josh.singh@kahikateakirkwo.school.nz,028-699-1098,2021-03-22,True
7468,3396,Noah,Clarke,HS_REP,noah.clarke@kahikateakirkwo.school.nz,027-740-2132,2021-11-08,True
7469,3396,Tia,Hamilton,CARETAKER,tia.hamilton@kahikateakirkwo.school.nz,025-520-1556,2022-07-30,True
7470,3397,Ruby,Fitzgerald,PRINCIPAL,ruby.fitzgerald@kirweemodelscho.school.nz,023-146-4353,2020-09-05,True
7471,3397,Jack,Patel,SITE_MANAGER,jack.patel@kirweemodelscho.school.nz,021-541-4736,2021-10-20,True
7472,3397,Stacey,Te Huia,HS_REP,stacey.te huia@kirweemodelscho.school.nz,025-366-6572,2020-09-11,True
7473,3397,Reuben,Edwards,CARETAKER,reuben.edwards@kirweemodelscho.school.nz,026-466-3033,2020-07-26,True
7474,3398,Freya,Walker,PRINCIPAL,freya.walker@kokatahi-kowhit.school.nz,023-496-5518,2021-06-28,True
7475,3398,Ben,Campbell,SITE_MANAGER,ben.campbell@kokatahi-kowhit.school.nz,024-546-9152,2020-08-08,True
7476,3398,Kylie,Palmer,HS_REP,kylie.palmer@kokatahi-kowhit.school.nz,028-612-7778,2022-09-04,True
7477,3398,Sophie,Stewart,CARETAKER,sophie.stewart@kokatahi-kowhit.school.nz,023-270-2088,2020-06-09,True
7478,3401,Max,Henderson,PRINCIPAL,max.henderson@kumaraschool.school.nz,025-357-6389,2021-01-19,True
7479,3401,Michelle,Brown,SITE_MANAGER,michelle.brown@kumaraschool.school.nz,027-590-5406,2022-03-12,True
7480,3401,Nicola,Watson,HS_REP,nicola.watson@kumaraschool.school.nz,028-466-1151,2022-01-01,True
7481,3401,Ruby,Robinson,CARETAKER,ruby.robinson@kumaraschool.school.nz,027-587-2094,2022-06-26,True
7482,3402,Rawiri,Young,PRINCIPAL,rawiri.young@ladbrooksschool.school.nz,022-268-9388,2022-06-12,True
7483,3402,Chris,Scott,SITE_MANAGER,chris.scott@ladbrooksschool.school.nz,026-418-4734,2021-04-15,True
7484,3402,Chris,Fraser,HS_REP,chris.fraser@ladbrooksschool.school.nz,021-962-4856,2020-04-13,True
7485,3402,Charlotte,Wright,CARETAKER,charlotte.wright@ladbrooksschool.school.nz,025-754-5344,2020-11-27,True
7486,3406,Ben,Kim,PRINCIPAL,ben.kim@laketekaposchoo.school.nz,023-647-4304,2020-08-05,True
7487,3406,David,Wright,SITE_MANAGER,david.wright@laketekaposchoo.school.nz,025-646-3779,2022-03-14,True
7488,3406,Scott,Patel,HS_REP,scott.patel@laketekaposchoo.school.nz,026-386-6712,2022-03-10,True
7489,3406,Liam,Young,CARETAKER,liam.young@laketekaposchoo.school.nz,026-426-9386,2020-09-08,True
7490,3407,Aroha,Rewi,PRINCIPAL,aroha.rewi@lauristonschool.school.nz,025-998-2344,2020-12-28,True
7491,3407,David,Henderson,SITE_MANAGER,david.henderson@lauristonschool.school.nz,022-223-7825,2021-12-18,True
7492,3407,Michael,Chen,HS_REP,michael.chen@lauristonschool.school.nz,027-522-9891,2022-02-17,True
7493,3410,Reuben,Patel,PRINCIPAL,reuben.patel@leestonschool.school.nz,026-451-8072,2021-12-05,True
7494,3410,Holly,White,SITE_MANAGER,holly.white@leestonschool.school.nz,022-611-4750,2020-06-20,True
7495,3410,Isla,Hall,HS_REP,isla.hall@leestonschool.school.nz,024-443-8188,2021-07-06,True
7496,3410,Sophie,Robinson,CARETAKER,sophie.robinson@leestonschool.school.nz,024-145-5923,2020-09-07,True
7497,3411,Rawiri,Brown,PRINCIPAL,rawiri.brown@leithfieldschoo.school.nz,028-285-3247,2021-01-06,True
7498,3411,Freya,Edwards,SITE_MANAGER,freya.edwards@leithfieldschoo.school.nz,027-544-7317,2021-05-19,True
7499,3411,Isla,Singh,HS_REP,isla.singh@leithfieldschoo.school.nz,021-448-5118,2021-10-13,True
7500,3412,Aroha,Wright,PRINCIPAL,aroha.wright@lincolnprimarys.school.nz,025-170-8399,2021-02-28,True
7501,3412,Ryan,Gray,SITE_MANAGER,ryan.gray@lincolnprimarys.school.nz,021-164-3671,2021-06-19,True
7502,3412,Hayley,Baker,HS_REP,hayley.baker@lincolnprimarys.school.nz,026-888-2967,2021-08-27,True
7503,3412,Karen,Singh,CARETAKER,karen.singh@lincolnprimarys.school.nz,024-742-2863,2020-06-03,True
7504,3413,Grant,Wright,PRINCIPAL,grant.wright@tehuarahilinwoo.school.nz,026-245-9791,2021-08-31,True
7505,3413,Nathan,Nguyen,SITE_MANAGER,nathan.nguyen@tehuarahilinwoo.school.nz,021-986-9259,2022-05-11,True
7506,3413,Amber,Taylor,HS_REP,amber.taylor@tehuarahilinwoo.school.nz,022-570-9765,2020-07-27,True
7507,3415,Nicola,Hamilton,PRINCIPAL,nicola.hamilton@whītauschool.school.nz,027-721-5588,2020-05-03,True
7508,3415,Josh,Wilson,SITE_MANAGER,josh.wilson@whītauschool.school.nz,025-449-4080,2020-09-20,True
7509,3415,Paula,Taukiri,HS_REP,paula.taukiri@whītauschool.school.nz,021-572-8219,2020-04-05,True
7510,3418,Sophie,Wright,PRINCIPAL,sophie.wright@littleriverscho.school.nz,024-446-4462,2021-10-09,True
7511,3418,Michael,Gray,SITE_MANAGER,michael.gray@littleriverscho.school.nz,022-616-3067,2022-08-03,True
7512,3418,Freya,Harawira,HS_REP,freya.harawira@littleriverscho.school.nz,022-842-9439,2021-05-15,True
7513,3419,Jessica,Cooper,PRINCIPAL,jessica.cooper@loburnschooltek.school.nz,021-871-8626,2021-10-22,True
7514,3419,Grant,White,SITE_MANAGER,grant.white@loburnschooltek.school.nz,024-881-7575,2022-08-26,True
7515,3419,Donna,Watson,HS_REP,donna.watson@loburnschooltek.school.nz,022-918-6410,2020-03-26,True
7516,3419,Simon,Rewi,CARETAKER,simon.rewi@loburnschooltek.school.nz,028-927-1582,2022-05-30,True
7517,3425,Isla,Burns,PRINCIPAL,isla.burns@mairehauprimary.school.nz,027-530-3121,2021-12-14,True
7518,3425,Matthew,Harris,SITE_MANAGER,matthew.harris@mairehauprimary.school.nz,027-993-3908,2021-10-25,True
7519,3425,Charlotte,Clarke,HS_REP,charlotte.clarke@mairehauprimary.school.nz,022-300-7804,2020-01-16,True
7520,3425,Anika,Burns,CARETAKER,anika.burns@mairehauprimary.school.nz,028-129-8027,2021-10-31,True
7521,3426,Kylie,Watson,PRINCIPAL,kylie.watson@makikihischool.school.nz,024-346-4236,2020-10-30,True
7522,3426,Hayley,Taylor,SITE_MANAGER,hayley.taylor@makikihischool.school.nz,022-537-9365,2021-04-16,True
7523,3426,Luke,Singh,HS_REP,luke.singh@makikihischool.school.nz,028-108-7110,2022-08-27,True
7524,3429,Mason,Green,PRINCIPAL,mason.green@teritoharakeke-.school.nz,025-222-2598,2021-02-23,True
7525,3429,Stacey,Gallagher,SITE_MANAGER,stacey.gallagher@teritoharakeke-.school.nz,027-418-3598,2020-02-17,True
7526,3429,Georgia,Martin,HS_REP,georgia.martin@teritoharakeke-.school.nz,021-140-9494,2020-04-30,True
7527,3429,Andrew,Murray,CARETAKER,andrew.murray@teritoharakeke-.school.nz,022-830-9809,2021-01-11,True
7528,3432,Sam,Taylor,PRINCIPAL,sam.taylor@mayfieldschool(.school.nz,028-497-5855,2020-06-01,True
7529,3432,Matiu,Chen,SITE_MANAGER,matiu.chen@mayfieldschool(.school.nz,024-620-3554,2022-09-08,True
7530,3432,Olivia,Stewart,HS_REP,olivia.stewart@mayfieldschool(.school.nz,027-803-1927,2020-01-14,True
7531,3432,Georgia,Walker,CARETAKER,georgia.walker@mayfieldschool(.school.nz,021-730-2325,2022-08-21,True
7532,3434,Jack,Wong,PRINCIPAL,jack.wong@merrinschoolngā.school.nz,023-259-8130,2020-08-03,True
7533,3434,Craig,Anderson,SITE_MANAGER,craig.anderson@merrinschoolngā.school.nz,023-929-4454,2022-01-13,True
7534,3434,Mark,Clarke,HS_REP,mark.clarke@merrinschoolngā.school.nz,027-980-6336,2021-04-30,True
7535,3436,Wiremu,Lee,PRINCIPAL,wiremu.lee@methvenprimarys.school.nz,028-184-5554,2020-07-05,True
7536,3436,Reuben,Turner,SITE_MANAGER,reuben.turner@methvenprimarys.school.nz,026-480-7898,2022-03-02,True
7537,3436,Amelia,Fraser,HS_REP,amelia.fraser@methvenprimarys.school.nz,028-792-1735,2021-12-30,True
7538,3436,Michelle,Walker,CARETAKER,michelle.walker@methvenprimarys.school.nz,026-824-6820,2020-05-23,True
7539,3441,Josh,Stewart,PRINCIPAL,josh.stewart@mtsomersspringb.school.nz,026-893-1385,2020-03-24,True
7540,3441,Michelle,Wright,SITE_MANAGER,michelle.wright@mtsomersspringb.school.nz,026-373-3167,2020-02-15,True
7541,3441,Simon,Green,HS_REP,simon.green@mtsomersspringb.school.nz,024-348-7976,2021-10-30,True
7542,3441,Michael,Johnston,CARETAKER,michael.johnston@mtsomersspringb.school.nz,027-326-1289,2020-04-27,True
7543,3442,Aroha,Campbell,PRINCIPAL,aroha.campbell@aorakimountcook.school.nz,021-691-6051,2022-09-08,True
7544,3442,Paula,Smith,SITE_MANAGER,paula.smith@aorakimountcook.school.nz,026-683-2471,2021-06-17,True
7545,3442,Max,Hamilton,HS_REP,max.hamilton@aorakimountcook.school.nz,024-640-7646,2021-12-14,True
7546,3443,Holly,Crawford,PRINCIPAL,holly.crawford@mtpleasantschoo.school.nz,024-293-3786,2020-01-22,True
7547,3443,Paula,Henderson,SITE_MANAGER,paula.henderson@mtpleasantschoo.school.nz,026-652-8318,2022-07-07,True
7548,3443,Zara,Harris,HS_REP,zara.harris@mtpleasantschoo.school.nz,025-423-3939,2021-07-25,True
7549,3445,Matiu,Martin,PRINCIPAL,matiu.martin@newbrightoncath.school.nz,024-498-3650,2020-10-11,True
7550,3445,Hemi,Bennett,SITE_MANAGER,hemi.bennett@newbrightoncath.school.nz,026-512-3793,2021-12-24,True
7551,3445,Isla,Anderson,HS_REP,isla.anderson@newbrightoncath.school.nz,027-716-7132,2022-04-06,True
7552,3447,Maia,Morgan,PRINCIPAL,maia.morgan@northloburnscho.school.nz,026-454-1058,2022-09-25,True
7553,3447,Josh,Lee,SITE_MANAGER,josh.lee@northloburnscho.school.nz,027-341-8356,2022-03-13,True
7554,3447,Amber,Russell,HS_REP,amber.russell@northloburnscho.school.nz,025-764-6870,2020-05-12,True
7555,3449,Ethan,Mitchell,PRINCIPAL,ethan.mitchell@tekuraomatarang.school.nz,028-637-3978,2021-11-28,True
7556,3449,Wiremu,Green,SITE_MANAGER,wiremu.green@tekuraomatarang.school.nz,024-211-6404,2022-02-16,True
7557,3449,Amelia,Edwards,HS_REP,amelia.edwards@tekuraomatarang.school.nz,026-964-9301,2022-08-01,True
7558,3450,Rachel,Fraser,PRINCIPAL,rachel.fraser@oaklandstekurao.school.nz,024-255-6744,2020-10-05,True
7559,3450,Freya,Mahuta,SITE_MANAGER,freya.mahuta@oaklandstekurao.school.nz,027-257-9055,2021-08-21,True
7560,3450,Liam,Parker,HS_REP,liam.parker@oaklandstekurao.school.nz,026-590-3981,2021-01-31,True
7561,3450,Nicola,Edwards,CARETAKER,nicola.edwards@oaklandstekurao.school.nz,025-611-5557,2021-08-23,True
7562,3451,Olivia,Chen,PRINCIPAL,olivia.chen@ōhokaschool.school.nz,026-461-7736,2021-03-05,True
7563,3451,Amber,Young,SITE_MANAGER,amber.young@ōhokaschool.school.nz,028-906-4981,2020-01-01,True
7564,3451,Daniel,Turner,HS_REP,daniel.turner@ōhokaschool.school.nz,021-391-6973,2022-02-19,True
7565,3451,Shane,Russell,CARETAKER,shane.russell@ōhokaschool.school.nz,027-986-4909,2021-01-26,True
7566,3452,Mark,Chen,PRINCIPAL,mark.chen@okainsbayschool.school.nz,025-317-5274,2021-07-26,True
7567,3452,Caleb,Young,SITE_MANAGER,caleb.young@okainsbayschool.school.nz,023-782-4192,2022-07-15,True
7568,3452,Kauri,Hamilton,HS_REP,kauri.hamilton@okainsbayschool.school.nz,023-126-2433,2021-04-13,True
7569,3454,Lisa,Fitzgerald,PRINCIPAL,lisa.fitzgerald@omihischool.school.nz,021-549-8060,2021-12-08,True
7570,3454,Ihaia,Campbell,SITE_MANAGER,ihaia.campbell@omihischool.school.nz,024-738-3675,2021-06-21,True
7571,3454,Luke,Palmer,HS_REP,luke.palmer@omihischool.school.nz,027-848-4471,2021-02-17,True
7572,3454,Mason,Hamilton,CARETAKER,mason.hamilton@omihischool.school.nz,028-949-5000,2020-09-25,True
7573,3455,Simon,Lee,PRINCIPAL,simon.lee@tekuraoōpāwaho–.school.nz,027-667-2842,2021-06-30,True
7574,3455,Ethan,Brown,SITE_MANAGER,ethan.brown@tekuraoōpāwaho–.school.nz,026-652-2788,2022-05-15,True
7575,3455,Zara,Singh,HS_REP,zara.singh@tekuraoōpāwaho–.school.nz,028-757-7101,2021-09-28,True
7576,3461,Ethan,Murray,PRINCIPAL,ethan.murray@ourladyoftheass.school.nz,021-355-9966,2021-04-27,True
7577,3461,Kylie,Johnston,SITE_MANAGER,kylie.johnston@ourladyoftheass.school.nz,026-441-2197,2020-10-18,True
7578,3461,Kylie,Patel,HS_REP,kylie.patel@ourladyoftheass.school.nz,024-197-6430,2020-11-05,True
7579,3461,Rachel,Kumar,CARETAKER,rachel.kumar@ourladyoftheass.school.nz,021-867-7879,2022-04-18,True
7580,3462,Georgia,Turner,PRINCIPAL,georgia.turner@ourladyofthesno.school.nz,024-945-2939,2020-07-29,True
7581,3462,Kauri,Gray,SITE_MANAGER,kauri.gray@ourladyofthesno.school.nz,026-245-2530,2021-05-08,True
7582,3462,Freya,Walker,HS_REP,freya.walker@ourladyofthesno.school.nz,023-556-6212,2021-11-12,True
7583,3462,Nicola,Roberts,CARETAKER,nicola.roberts@ourladyofthesno.school.nz,022-400-4825,2021-07-21,True
7584,3463,Stacey,King,PRINCIPAL,stacey.king@ourladyofvictor.school.nz,021-136-4883,2022-03-19,True
7585,3463,Ruby,Johnston,SITE_MANAGER,ruby.johnston@ourladyofvictor.school.nz,022-756-7068,2020-10-10,True
7586,3463,Reuben,Palmer,HS_REP,reuben.palmer@ourladyofvictor.school.nz,022-493-6282,2020-09-08,True
7587,3463,Ihaia,Collins,CARETAKER,ihaia.collins@ourladyofvictor.school.nz,021-527-1916,2022-03-29,True
7588,3464,Isla,Singh,PRINCIPAL,isla.singh@ōuruhiamodelsch.school.nz,022-271-3372,2022-06-27,True
7589,3464,Paula,Morgan,SITE_MANAGER,paula.morgan@ōuruhiamodelsch.school.nz,027-137-3276,2021-03-12,True
7590,3464,Joanne,Taylor,HS_REP,joanne.taylor@ōuruhiamodelsch.school.nz,026-634-8330,2021-04-25,True
7591,3464,Ryan,Nguyen,CARETAKER,ryan.nguyen@ōuruhiamodelsch.school.nz,023-113-6122,2021-11-14,True
7592,3466,Kaia,Wright,PRINCIPAL,kaia.wright@papanuiprimarys.school.nz,026-938-2315,2022-03-05,True
7593,3466,James,Clarke,SITE_MANAGER,james.clarke@papanuiprimarys.school.nz,025-164-5939,2020-11-19,True
7594,3466,Noah,Cooper,HS_REP,noah.cooper@papanuiprimarys.school.nz,022-727-8555,2020-03-03,True
7595,3466,Moana,Kim,CARETAKER,moana.kim@papanuiprimarys.school.nz,024-927-7205,2020-12-04,True
7596,3467,Luke,Smith,PRINCIPAL,luke.smith@paparoastreetsc.school.nz,027-180-9475,2021-12-02,True
7597,3467,Jack,Taylor,SITE_MANAGER,jack.taylor@paparoastreetsc.school.nz,027-450-7039,2021-03-05,True
7598,3467,Max,Rewi,HS_REP,max.rewi@paparoastreetsc.school.nz,022-489-9823,2021-02-03,True
7599,3470,Shane,Bennett,PRINCIPAL,shane.bennett@parkviewpārua.school.nz,022-347-3690,2022-02-10,True
7600,3470,Emma,Robinson,SITE_MANAGER,emma.robinson@parkviewpārua.school.nz,021-720-8871,2020-08-27,True
7601,3470,Ethan,Stewart,HS_REP,ethan.stewart@parkviewpārua.school.nz,027-935-6660,2022-07-15,True
7602,3470,Rachel,Mahuta,CARETAKER,rachel.mahuta@parkviewpārua.school.nz,024-453-4002,2020-10-07,True
7603,3472,Simon,Tamati,PRINCIPAL,simon.tamati@paroaschool(gre.school.nz,021-557-8800,2021-09-26,True
7604,3472,Grant,Crawford,SITE_MANAGER,grant.crawford@paroaschool(gre.school.nz,026-219-9967,2021-03-13,True
7605,3472,Kauri,Collins,HS_REP,kauri.collins@paroaschool(gre.school.nz,027-588-8431,2021-07-22,True
7606,3472,Karen,Wilson,CARETAKER,karen.wilson@paroaschool(gre.school.nz,024-457-5420,2021-07-22,True
7607,3476,Lisa,Burns,PRINCIPAL,lisa.burns@pittislandschoo.school.nz,023-299-2787,2020-07-22,True
7608,3476,Mere,Mitchell,SITE_MANAGER,mere.mitchell@pittislandschoo.school.nz,023-131-7723,2021-05-24,True
7609,3476,Sarah,Williams,HS_REP,sarah.williams@pittislandschoo.school.nz,023-211-3656,2020-03-16,True
7610,3476,Daniel,Collins,CARETAKER,daniel.collins@pittislandschoo.school.nz,025-176-5984,2021-12-16,True
7611,3477,Kylie,Johnston,PRINCIPAL,kylie.johnston@pleasantpointpr.school.nz,023-412-3313,2020-02-19,True
7612,3477,Holly,Rewi,SITE_MANAGER,holly.rewi@pleasantpointpr.school.nz,028-212-5454,2020-06-10,True
7613,3477,Grace,Gallagher,HS_REP,grace.gallagher@pleasantpointpr.school.nz,027-671-8800,2021-11-14,True
7614,3477,Nathan,Green,CARETAKER,nathan.green@pleasantpointpr.school.nz,023-917-8597,2020-07-15,True
7615,3478,Mere,Palmer,PRINCIPAL,mere.palmer@prebbletonschoo.school.nz,024-936-9683,2020-02-12,True
7616,3478,Ryan,Fitzgerald,SITE_MANAGER,ryan.fitzgerald@prebbletonschoo.school.nz,027-136-2901,2022-05-22,True
7617,3478,Kauri,Martin,HS_REP,kauri.martin@prebbletonschoo.school.nz,021-803-6421,2021-11-02,True
7618,3479,Amelia,Henderson,PRINCIPAL,amelia.henderson@queensparktehua.school.nz,024-265-7189,2020-11-04,True
7619,3479,Ruby,Harawira,SITE_MANAGER,ruby.harawira@queensparktehua.school.nz,028-317-3983,2021-01-12,True
7620,3479,Max,Johnston,HS_REP,max.johnston@queensparktehua.school.nz,021-163-6629,2021-06-13,True
7621,3479,Sophie,Smith,CARETAKER,sophie.smith@queensparktehua.school.nz,021-316-1795,2022-08-04,True
7622,3480,Holly,Kim,PRINCIPAL,holly.kim@rakaiaschool.school.nz,028-231-4315,2022-06-20,True
7623,3480,Donna,Stewart,SITE_MANAGER,donna.stewart@rakaiaschool.school.nz,027-857-2510,2020-07-24,True
7624,3480,Karen,Tamati,HS_REP,karen.tamati@rakaiaschool.school.nz,025-797-6118,2020-07-16,True
7625,3481,Ryan,Watson,PRINCIPAL,ryan.watson@rangioraborough.school.nz,025-685-6858,2020-07-27,True
7626,3481,Chris,Young,SITE_MANAGER,chris.young@rangioraborough.school.nz,028-735-2510,2020-01-01,True
7627,3481,Zara,Henare,HS_REP,zara.henare@rangioraborough.school.nz,026-627-7538,2020-12-28,True
7628,3481,Charlotte,Te Huia,CARETAKER,charlotte.te huia@rangioraborough.school.nz,026-700-9768,2020-03-16,True
7629,3483,James,Parker,PRINCIPAL,james.parker@teraekuraredcli.school.nz,024-526-5102,2022-01-05,True
7630,3483,Amber,Taylor,SITE_MANAGER,amber.taylor@teraekuraredcli.school.nz,025-485-8644,2021-01-14,True
7631,3483,Charlotte,Young,HS_REP,charlotte.young@teraekuraredcli.school.nz,021-196-8521,2021-05-09,True
7632,3484,Georgia,Kumar,PRINCIPAL,georgia.kumar@redwoodschool(c.school.nz,021-795-5221,2022-08-31,True
7633,3484,Hemi,Johnston,SITE_MANAGER,hemi.johnston@redwoodschool(c.school.nz,022-417-4932,2022-03-06,True
7634,3484,Mason,Wilson,HS_REP,mason.wilson@redwoodschool(c.school.nz,028-301-1060,2020-12-01,True
7635,3485,Tia,Turner,PRINCIPAL,tia.turner@tekāpehuriccart.school.nz,023-144-3572,2021-05-21,True
7636,3485,Sam,Harawira,SITE_MANAGER,sam.harawira@tekāpehuriccart.school.nz,023-511-3070,2020-07-24,True
7637,3485,Mason,Taukiri,HS_REP,mason.taukiri@tekāpehuriccart.school.nz,024-852-3751,2020-02-09,True
7638,3485,Craig,Kumar,CARETAKER,craig.kumar@tekāpehuriccart.school.nz,021-782-8125,2020-10-21,True
7639,3488,Georgia,Wilson,PRINCIPAL,georgia.wilson@rollestonschool.school.nz,024-593-4486,2022-07-01,True
7640,3488,Aria,Singh,SITE_MANAGER,aria.singh@rollestonschool.school.nz,023-783-5305,2022-05-09,True
7641,3488,Ruby,Green,HS_REP,ruby.green@rollestonschool.school.nz,028-131-7100,2022-07-12,True
7642,3489,Amber,Campbell,PRINCIPAL,amber.campbell@rossschool.school.nz,021-334-9901,2021-04-03,True
7643,3489,Michelle,Roberts,SITE_MANAGER,michelle.roberts@rossschool.school.nz,021-194-6290,2022-09-17,True
7644,3489,Sam,Hall,HS_REP,sam.hall@rossschool.school.nz,027-717-7179,2021-06-16,True
7645,3489,Mason,Jones,CARETAKER,mason.jones@rossschool.school.nz,024-948-7441,2021-01-27,True
7646,3490,Noah,Hall,PRINCIPAL,noah.hall@rotherhamschool.school.nz,025-491-2080,2021-03-31,True
7647,3490,Joanne,Fraser,SITE_MANAGER,joanne.fraser@rotherhamschool.school.nz,021-249-8240,2020-12-05,True
7648,3490,Donna,Brown,HS_REP,donna.brown@rotherhamschool.school.nz,027-121-4659,2020-07-23,True
7649,3490,Sophie,Martin,CARETAKER,sophie.martin@rotherhamschool.school.nz,028-877-8758,2020-05-19,True
7650,3492,Michelle,Robinson,PRINCIPAL,michelle.robinson@tekōmanawarowle.school.nz,024-711-7593,2021-04-18,True
7651,3492,Kaia,Burns,SITE_MANAGER,kaia.burns@tekōmanawarowle.school.nz,026-257-7837,2020-06-27,True
7652,3492,Rawiri,Wright,HS_REP,rawiri.wright@tekōmanawarowle.school.nz,025-653-5196,2021-07-25,True
7653,3493,Tracey,Thompson,PRINCIPAL,tracey.thompson@tearamaurearoyd.school.nz,025-860-8503,2021-03-30,True
7654,3493,Grant,Russell,SITE_MANAGER,grant.russell@tearamaurearoyd.school.nz,022-387-8739,2021-02-26,True
7655,3493,Amber,Hill,HS_REP,amber.hill@tearamaurearoyd.school.nz,027-792-2783,2022-05-06,True
7656,3495,Josh,Campbell,PRINCIPAL,josh.campbell@runangaschool.school.nz,028-380-6294,2020-10-13,True
7657,3495,Amber,Russell,SITE_MANAGER,amber.russell@runangaschool.school.nz,027-728-5914,2022-08-26,True
7658,3495,Mason,Wright,HS_REP,mason.wright@runangaschool.school.nz,022-296-3619,2021-11-06,True
7659,3495,Jack,Gray,CARETAKER,jack.gray@runangaschool.school.nz,023-448-5127,2020-07-30,True
7660,3496,Tracey,King,PRINCIPAL,tracey.king@teparitokōwhair.school.nz,024-444-3799,2021-05-18,True
7661,3496,Rawiri,Baker,SITE_MANAGER,rawiri.baker@teparitokōwhair.school.nz,022-926-1187,2022-07-17,True
7662,3496,Ihaia,Kumar,HS_REP,ihaia.kumar@teparitokōwhair.school.nz,025-823-8978,2021-04-09,True
7663,3498,Paula,Jones,PRINCIPAL,paula.jones@sacredheartscho.school.nz,021-487-3908,2021-10-16,True
7664,3498,Kylie,Patel,SITE_MANAGER,kylie.patel@sacredheartscho.school.nz,028-816-4936,2021-10-28,True
7665,3498,Andrew,White,HS_REP,andrew.white@sacredheartscho.school.nz,021-971-2525,2021-02-06,True
7666,3501,Zara,Mahuta,PRINCIPAL,zara.mahuta@tewaitaiseftons.school.nz,022-311-7489,2020-01-11,True
7667,3501,Mason,Kumar,SITE_MANAGER,mason.kumar@tewaitaiseftons.school.nz,021-145-3878,2020-06-16,True
7668,3501,Hemi,Nguyen,HS_REP,hemi.nguyen@tewaitaiseftons.school.nz,023-936-4027,2020-02-11,True
7669,3501,Zara,Robinson,CARETAKER,zara.robinson@tewaitaiseftons.school.nz,025-547-1496,2020-03-23,True
7670,3502,Tia,Henderson,PRINCIPAL,tia.henderson@sheffieldcontri.school.nz,027-750-4071,2020-06-08,True
7671,3502,Caleb,Young,SITE_MANAGER,caleb.young@sheffieldcontri.school.nz,022-878-2577,2022-07-20,True
7672,3502,Sam,Fitzgerald,HS_REP,sam.fitzgerald@sheffieldcontri.school.nz,021-987-2252,2020-02-12,True
7673,3502,Michael,Campbell,CARETAKER,michael.campbell@sheffieldcontri.school.nz,022-489-2899,2021-05-06,True
7674,3503,David,Harris,PRINCIPAL,david.harris@teoraka.school.nz,023-719-2394,2020-06-23,True
7675,3503,Ruby,Patel,SITE_MANAGER,ruby.patel@teoraka.school.nz,021-964-6147,2020-08-28,True
7676,3503,Grant,Edwards,HS_REP,grant.edwards@teoraka.school.nz,024-559-2098,2022-03-19,True
7677,3504,Georgia,Taukiri,PRINCIPAL,georgia.taukiri@tehiwashirleypr.school.nz,024-131-5705,2020-09-28,True
7678,3504,Olivia,Anderson,SITE_MANAGER,olivia.anderson@tehiwashirleypr.school.nz,023-850-8821,2022-05-20,True
7679,3504,Ryan,Taylor,HS_REP,ryan.taylor@tehiwashirleypr.school.nz,027-760-3737,2021-08-11,True
7680,3505,Karen,Rewi,PRINCIPAL,karen.rewi@wigramprimarysc.school.nz,028-900-7153,2021-06-16,True
7681,3505,Aria,Robinson,SITE_MANAGER,aria.robinson@wigramprimarysc.school.nz,027-490-5495,2020-12-04,True
7682,3505,Moana,Mitchell,HS_REP,moana.mitchell@wigramprimarysc.school.nz,028-521-3209,2021-01-21,True
7683,3505,Hemi,Kim,CARETAKER,hemi.kim@wigramprimarysc.school.nz,023-713-6946,2022-08-20,True
7684,3506,Brooke,Scott,PRINCIPAL,brooke.scott@somerfieldtekur.school.nz,028-666-3627,2020-07-12,True
7685,3506,Emma,Burns,SITE_MANAGER,emma.burns@somerfieldtekur.school.nz,028-264-2864,2020-01-26,True
7686,3506,Simon,Crawford,HS_REP,simon.crawford@somerfieldtekur.school.nz,027-936-8470,2021-01-21,True
7687,3506,Olivia,Kumar,CARETAKER,olivia.kumar@somerfieldtekur.school.nz,022-593-6805,2020-05-04,True
7688,3507,Freya,Martin,PRINCIPAL,freya.martin@temanutukutukus.school.nz,025-263-5879,2020-10-08,True
7689,3507,Sophie,Henderson,SITE_MANAGER,sophie.henderson@temanutukutukus.school.nz,022-141-9292,2022-08-19,True
7690,3507,Andrew,Turner,HS_REP,andrew.turner@temanutukutukus.school.nz,025-282-2967,2020-02-23,True
7691,3507,Grant,Kumar,CARETAKER,grant.kumar@temanutukutukus.school.nz,024-597-7309,2020-05-05,True
7692,3508,Ben,Cooper,PRINCIPAL,ben.cooper@southnewbrighto.school.nz,021-559-2257,2021-10-11,True
7693,3508,Olivia,Harawira,SITE_MANAGER,olivia.harawira@southnewbrighto.school.nz,026-711-5950,2021-02-01,True
7694,3508,Ben,Gallagher,HS_REP,ben.gallagher@southnewbrighto.school.nz,023-602-7038,2022-04-06,True
7695,3508,Maia,Johnston,CARETAKER,maia.johnston@southnewbrighto.school.nz,023-800-9129,2021-06-20,True
7696,3509,Tane,Campbell,PRINCIPAL,tane.campbell@southbridgescho.school.nz,021-767-4172,2022-05-08,True
7697,3509,Kauri,Wright,SITE_MANAGER,kauri.wright@southbridgescho.school.nz,026-756-2138,2021-02-04,True
7698,3509,Karen,Campbell,HS_REP,karen.campbell@southbridgescho.school.nz,023-990-9022,2021-10-11,True
7699,3509,Noah,Henderson,CARETAKER,noah.henderson@southbridgescho.school.nz,023-186-4944,2020-11-25,True
7700,3510,Zara,Williams,PRINCIPAL,zara.williams@southbrookschoo.school.nz,023-456-4543,2021-11-26,True
7701,3510,Jessica,Murray,SITE_MANAGER,jessica.murray@southbrookschoo.school.nz,021-225-6134,2020-03-13,True
7702,3510,James,Te Huia,HS_REP,james.te huia@southbrookschoo.school.nz,021-465-5089,2020-07-12,True
7703,3510,Grace,Henderson,CARETAKER,grace.henderson@southbrookschoo.school.nz,024-451-5225,2021-02-17,True
7704,3512,Donna,White,PRINCIPAL,donna.white@tekuraomōkihisp.school.nz,027-283-7548,2021-03-05,True
7705,3512,Matthew,White,SITE_MANAGER,matthew.white@tekuraomōkihisp.school.nz,027-800-8277,2021-02-10,True
7706,3512,Olivia,Anderson,HS_REP,olivia.anderson@tekuraomōkihisp.school.nz,023-606-3386,2020-06-03,True
7707,3512,Tia,Cooper,CARETAKER,tia.cooper@tekuraomōkihisp.school.nz,022-473-7410,2022-02-08,True
7708,3515,Holly,Thompson,PRINCIPAL,holly.thompson@springfieldscho.school.nz,021-189-9961,2020-10-19,True
7709,3515,Rachel,Hill,SITE_MANAGER,rachel.hill@springfieldscho.school.nz,021-892-6597,2021-04-30,True
7710,3515,Liam,Baker,HS_REP,liam.baker@springfieldscho.school.nz,028-770-1840,2022-04-04,True
7711,3516,Josh,Chen,PRINCIPAL,josh.chen@springstonschoo.school.nz,022-456-9173,2022-05-16,True
7712,3516,Ethan,Palmer,SITE_MANAGER,ethan.palmer@springstonschoo.school.nz,022-450-1211,2020-05-07,True
7713,3516,Nicola,Taukiri,HS_REP,nicola.taukiri@springstonschoo.school.nz,025-341-7204,2021-04-30,True
7714,3516,Scott,Martin,CARETAKER,scott.martin@springstonschoo.school.nz,022-675-3251,2020-03-05,True
7715,3517,Amelia,Taylor,PRINCIPAL,amelia.taylor@stalbanscatholi.school.nz,027-370-8033,2022-05-17,True
7716,3517,Josh,Parker,SITE_MANAGER,josh.parker@stalbanscatholi.school.nz,026-317-1961,2021-06-12,True
7717,3517,Tane,Rewi,HS_REP,tane.rewi@stalbanscatholi.school.nz,024-732-5452,2022-05-31,True
7718,3517,Freya,Gray,CARETAKER,freya.gray@stalbanscatholi.school.nz,027-605-4265,2021-04-07,True
7719,3518,Stacey,Stewart,PRINCIPAL,stacey.stewart@stalbansschool.school.nz,027-663-7300,2020-12-12,True
7720,3518,Maia,Roberts,SITE_MANAGER,maia.roberts@stalbansschool.school.nz,025-407-8445,2020-03-29,True
7721,3518,Noah,Te Huia,HS_REP,noah.te huia@stalbansschool.school.nz,026-168-7356,2021-05-06,True
7722,3519,Mason,Gallagher,PRINCIPAL,mason.gallagher@standrewsschool.school.nz,023-208-2662,2020-03-10,True
7723,3519,Noah,Rewi,SITE_MANAGER,noah.rewi@standrewsschool.school.nz,026-438-5753,2020-03-10,True
7724,3519,Caleb,Jones,HS_REP,caleb.jones@standrewsschool.school.nz,028-480-5106,2020-09-13,True
7725,3520,Holly,Russell,PRINCIPAL,holly.russell@stannesschool(w.school.nz,022-367-1045,2020-02-13,True
7726,3520,Scott,Taukiri,SITE_MANAGER,scott.taukiri@stannesschool(w.school.nz,023-912-7826,2020-06-12,True
7727,3520,Georgia,Patel,HS_REP,georgia.patel@stannesschool(w.school.nz,024-996-3829,2020-06-06,True
7728,3521,Liam,Henderson,PRINCIPAL,liam.henderson@stbernadettessc.school.nz,021-957-1821,2022-03-06,True
7729,3521,Grace,Tamati,SITE_MANAGER,grace.tamati@stbernadettessc.school.nz,026-444-2988,2021-11-03,True
7730,3521,Reuben,Lee,HS_REP,reuben.lee@stbernadettessc.school.nz,027-720-6358,2021-01-13,True
7731,3523,Karen,Clarke,PRINCIPAL,karen.clarke@stjamesschool(a.school.nz,023-740-4434,2022-03-31,True
7732,3523,Zara,Hamilton,SITE_MANAGER,zara.hamilton@stjamesschool(a.school.nz,023-711-8234,2022-08-01,True
7733,3523,Grace,Turner,HS_REP,grace.turner@stjamesschool(a.school.nz,025-213-1316,2022-06-14,True
7734,3523,Luke,Taylor,CARETAKER,luke.taylor@stjamesschool(a.school.nz,027-850-1778,2022-08-20,True
7735,3527,Sam,Kim,PRINCIPAL,sam.kim@stjosephsschool.school.nz,022-919-2059,2022-08-25,True
7736,3527,David,Fitzgerald,SITE_MANAGER,david.fitzgerald@stjosephsschool.school.nz,027-709-8087,2020-06-12,True
7737,3527,Sarah,Nguyen,HS_REP,sarah.nguyen@stjosephsschool.school.nz,026-980-7972,2020-09-11,True
7738,3528,Ethan,Cooper,PRINCIPAL,ethan.cooper@stjosephsschool.school.nz,026-409-9020,2021-03-31,True
7739,3528,Grace,Campbell,SITE_MANAGER,grace.campbell@stjosephsschool.school.nz,025-591-1103,2021-02-16,True
7740,3528,Georgia,Baker,HS_REP,georgia.baker@stjosephsschool.school.nz,028-350-4913,2022-08-05,True
7741,3529,Tane,Henderson,PRINCIPAL,tane.henderson@stjosephsschool.school.nz,023-526-5344,2020-04-30,True
7742,3529,Kauri,Henare,SITE_MANAGER,kauri.henare@stjosephsschool.school.nz,028-893-6887,2022-06-17,True
7743,3529,Aroha,Palmer,HS_REP,aroha.palmer@stjosephsschool.school.nz,028-726-5641,2020-09-01,True
7744,3529,Liam,Watson,CARETAKER,liam.watson@stjosephsschool.school.nz,022-368-4537,2020-06-16,True
7745,3530,Freya,Williams,PRINCIPAL,freya.williams@stjosephsschool.school.nz,023-135-5864,2021-12-25,True
7746,3530,Josh,Wilson,SITE_MANAGER,josh.wilson@stjosephsschool.school.nz,027-217-6323,2020-02-04,True
7747,3530,Caleb,Johnston,HS_REP,caleb.johnston@stjosephsschool.school.nz,024-119-3699,2022-04-19,True
7748,3531,Jack,Scott,PRINCIPAL,jack.scott@stjosephsschool.school.nz,026-505-6898,2021-09-18,True
7749,3531,Liam,Rewi,SITE_MANAGER,liam.rewi@stjosephsschool.school.nz,024-961-8078,2022-06-01,True
7750,3531,Sarah,Wong,HS_REP,sarah.wong@stjosephsschool.school.nz,027-607-7773,2022-01-19,True
7751,3531,Craig,Clarke,CARETAKER,craig.clarke@stjosephsschool.school.nz,022-215-1955,2022-07-05,True
7752,3532,Matthew,Wilson,PRINCIPAL,matthew.wilson@stjosephsschool.school.nz,021-381-3271,2021-08-07,True
7753,3532,Holly,Kim,SITE_MANAGER,holly.kim@stjosephsschool.school.nz,023-751-6267,2022-03-17,True
7754,3532,Lisa,Watson,HS_REP,lisa.watson@stjosephsschool.school.nz,025-788-4402,2021-03-03,True
7755,3532,Aroha,Baker,CARETAKER,aroha.baker@stjosephsschool.school.nz,026-677-8777,2022-03-13,True
7756,3533,Liam,Turner,PRINCIPAL,liam.turner@stjosephsschool.school.nz,022-882-8945,2022-08-14,True
7757,3533,Ben,Smith,SITE_MANAGER,ben.smith@stjosephsschool.school.nz,026-107-1448,2021-03-25,True
7758,3533,Zara,Mahuta,HS_REP,zara.mahuta@stjosephsschool.school.nz,026-954-2149,2020-11-26,True
7759,3533,Donna,Crawford,CARETAKER,donna.crawford@stjosephsschool.school.nz,024-752-9131,2022-04-02,True
7760,3534,Liam,Gallagher,PRINCIPAL,liam.gallagher@stmartinsschool.school.nz,026-381-8487,2022-01-16,True
7761,3534,Nathan,Collins,SITE_MANAGER,nathan.collins@stmartinsschool.school.nz,021-141-4814,2022-01-29,True
7762,3534,Andrew,Green,HS_REP,andrew.green@stmartinsschool.school.nz,026-164-6499,2022-02-05,True
7763,3534,Andrew,Palmer,CARETAKER,andrew.palmer@stmartinsschool.school.nz,022-611-8307,2022-06-05,True
7764,3535,Isla,Roberts,PRINCIPAL,isla.roberts@stmarysschool(c.school.nz,028-368-7362,2020-02-09,True
7765,3535,Sarah,Tamati,SITE_MANAGER,sarah.tamati@stmarysschool(c.school.nz,024-151-3777,2022-05-10,True
7766,3535,Max,Anderson,HS_REP,max.anderson@stmarysschool(c.school.nz,024-535-7661,2020-06-22,True
7767,3535,Ihaia,Harris,CARETAKER,ihaia.harris@stmarysschool(c.school.nz,023-677-9984,2020-09-17,True
7768,3536,Aria,Henare,PRINCIPAL,aria.henare@stmarysschool(h.school.nz,026-617-7749,2022-01-02,True
7769,3536,Aroha,Smith,SITE_MANAGER,aroha.smith@stmarysschool(h.school.nz,023-387-6841,2021-03-29,True
7770,3536,Reuben,Martin,HS_REP,reuben.martin@stmarysschool(h.school.nz,025-191-2481,2021-05-07,True
7771,3537,Ethan,Fraser,PRINCIPAL,ethan.fraser@stpatricksschoo.school.nz,025-593-6968,2020-04-02,True
7772,3537,Sarah,Kim,SITE_MANAGER,sarah.kim@stpatricksschoo.school.nz,023-888-1030,2020-05-07,True
7773,3537,Emma,Hall,HS_REP,emma.hall@stpatricksschoo.school.nz,024-628-1262,2022-05-29,True
7774,3538,Matiu,Edwards,PRINCIPAL,matiu.edwards@stpatricksschoo.school.nz,025-655-3800,2022-08-18,True
7775,3538,Michelle,Russell,SITE_MANAGER,michelle.russell@stpatricksschoo.school.nz,028-560-9990,2020-02-01,True
7776,3538,Craig,Chen,HS_REP,craig.chen@stpatricksschoo.school.nz,026-880-3697,2022-06-02,True
7777,3539,David,Taukiri,PRINCIPAL,david.taukiri@stpatricksschoo.school.nz,025-227-4391,2022-06-30,True
7778,3539,Ihaia,Fitzgerald,SITE_MANAGER,ihaia.fitzgerald@stpatricksschoo.school.nz,021-923-6354,2021-01-15,True
7779,3539,Ryan,Henderson,HS_REP,ryan.henderson@stpatricksschoo.school.nz,021-699-7347,2021-08-30,True
7780,3540,Simon,Russell,PRINCIPAL,simon.russell@stpatricksschoo.school.nz,024-359-8120,2021-08-05,True
7781,3540,Freya,Harris,SITE_MANAGER,freya.harris@stpatricksschoo.school.nz,022-650-5121,2022-08-19,True
7782,3540,Matthew,Henderson,HS_REP,matthew.henderson@stpatricksschoo.school.nz,025-416-1137,2021-02-03,True
7783,3540,Kauri,Green,CARETAKER,kauri.green@stpatricksschoo.school.nz,023-646-5860,2022-09-20,True
7784,3542,Lisa,Crawford,PRINCIPAL,lisa.crawford@stpetersschoolt.school.nz,026-404-7550,2021-07-11,True
7785,3542,Anika,Collins,SITE_MANAGER,anika.collins@stpetersschoolt.school.nz,023-498-3603,2020-01-28,True
7786,3542,Isla,Turner,HS_REP,isla.turner@stpetersschoolt.school.nz,024-277-9175,2020-07-01,True
7787,3542,Ryan,Kim,CARETAKER,ryan.kim@stpetersschoolt.school.nz,025-706-2032,2021-12-03,True
7788,3543,Moana,Williams,PRINCIPAL,moana.williams@stteresasschool.school.nz,023-618-8009,2020-04-28,True
7789,3543,Olivia,Henderson,SITE_MANAGER,olivia.henderson@stteresasschool.school.nz,021-128-5807,2021-06-05,True
7790,3543,Nicola,Bennett,HS_REP,nicola.bennett@stteresasschool.school.nz,025-618-5920,2021-04-09,True
7791,3543,Nicola,Crawford,CARETAKER,nicola.crawford@stteresasschool.school.nz,028-706-5614,2020-03-17,True
7792,3544,Rawiri,Henare,PRINCIPAL,rawiri.henare@ourladystarofth.school.nz,028-107-9933,2021-11-02,True
7793,3544,Mark,Patel,SITE_MANAGER,mark.patel@ourladystarofth.school.nz,022-334-8864,2020-07-27,True
7794,3544,Paula,Harawira,HS_REP,paula.harawira@ourladystarofth.school.nz,021-949-4759,2021-03-02,True
7795,3546,Andrew,Hill,PRINCIPAL,andrew.hill@sumnerschool.school.nz,024-582-7678,2022-06-25,True
7796,3546,Moana,Lee,SITE_MANAGER,moana.lee@sumnerschool.school.nz,022-275-7280,2021-03-28,True
7797,3546,Craig,Mahuta,HS_REP,craig.mahuta@sumnerschool.school.nz,021-139-2527,2020-11-17,True
7798,3546,Isla,Wong,CARETAKER,isla.wong@sumnerschool.school.nz,027-551-2581,2021-06-25,True
7799,3547,Isla,Taukiri,PRINCIPAL,isla.taukiri@tekoromikoswann.school.nz,027-568-3778,2020-11-07,True
7800,3547,Holly,Watson,SITE_MANAGER,holly.watson@tekoromikoswann.school.nz,021-805-7190,2022-06-02,True
7801,3547,Nathan,Walker,HS_REP,nathan.walker@tekoromikoswann.school.nz,026-233-6631,2022-09-17,True
7802,3547,Liam,Singh,CARETAKER,liam.singh@tekoromikoswann.school.nz,026-409-6736,2020-03-16,True
7803,3549,Freya,White,PRINCIPAL,freya.white@taitapuschool.school.nz,023-438-2916,2020-12-07,True
7804,3549,Aria,Stewart,SITE_MANAGER,aria.stewart@taitapuschool.school.nz,022-408-2023,2022-04-12,True
7805,3549,Maia,Baker,HS_REP,maia.baker@taitapuschool.school.nz,024-614-4873,2022-09-04,True
7806,3553,Ben,Wright,PRINCIPAL,ben.wright@teoneschool.school.nz,025-651-1124,2022-08-04,True
7807,3553,Sophie,Young,SITE_MANAGER,sophie.young@teoneschool.school.nz,021-434-6889,2020-11-06,True
7808,3553,Kauri,Taylor,HS_REP,kauri.taylor@teoneschool.school.nz,028-442-4620,2020-05-08,True
7809,3553,Mark,Martin,CARETAKER,mark.martin@teoneschool.school.nz,025-137-3488,2020-09-02,True
7810,3554,Wiremu,Mahuta,PRINCIPAL,wiremu.mahuta@waitahaschool.school.nz,027-265-7212,2020-07-19,True
7811,3554,Maia,Watson,SITE_MANAGER,maia.watson@waitahaschool.school.nz,022-152-2047,2020-02-16,True
7812,3554,Nicola,Rewi,HS_REP,nicola.rewi@waitahaschool.school.nz,028-247-2067,2022-07-26,True
7813,3554,Kylie,Anderson,CARETAKER,kylie.anderson@waitahaschool.school.nz,027-495-4120,2020-09-19,True
7814,3555,David,Harris,PRINCIPAL,david.harris@tekuraorātātemp.school.nz,027-700-4889,2020-05-04,True
7815,3555,Luke,Nguyen,SITE_MANAGER,luke.nguyen@tekuraorātātemp.school.nz,028-323-3184,2021-12-13,True
7816,3555,Nicola,Fraser,HS_REP,nicola.fraser@tekuraorātātemp.school.nz,023-687-6657,2020-10-28,True
7817,3557,Nikau,Johnston,PRINCIPAL,nikau.johnston@tekuraohuriawat.school.nz,028-336-3390,2022-07-10,True
7818,3557,James,Martin,SITE_MANAGER,james.martin@tekuraohuriawat.school.nz,026-299-4610,2022-03-18,True
7819,3557,Liam,Murray,HS_REP,liam.murray@tekuraohuriawat.school.nz,021-124-5111,2022-06-30,True
7820,3557,Isla,Clarke,CARETAKER,isla.clarke@tekuraohuriawat.school.nz,022-785-9442,2022-01-31,True
7821,3561,Tracey,Henare,PRINCIPAL,tracey.henare@tinwaldschool.school.nz,027-938-7431,2021-01-04,True
7822,3561,Mason,Robinson,SITE_MANAGER,mason.robinson@tinwaldschool.school.nz,022-338-8340,2020-12-29,True
7823,3561,Noah,Gallagher,HS_REP,noah.gallagher@tinwaldschool.school.nz,027-227-2507,2022-04-15,True
7824,3563,James,Brown,PRINCIPAL,james.brown@tekuraotuahiwi.school.nz,023-829-6194,2021-12-17,True
7825,3563,Aroha,Taukiri,SITE_MANAGER,aroha.taukiri@tekuraotuahiwi.school.nz,025-948-1690,2020-06-27,True
7826,3563,Paula,Rewi,HS_REP,paula.rewi@tekuraotuahiwi.school.nz,024-270-8425,2020-12-20,True
7827,3563,Grace,Henderson,CARETAKER,grace.henderson@tekuraotuahiwi.school.nz,022-465-9283,2022-01-12,True
7828,3565,Olivia,Kumar,PRINCIPAL,olivia.kumar@viewhillschool.school.nz,023-991-8455,2022-02-09,True
7829,3565,Stacey,Hamilton,SITE_MANAGER,stacey.hamilton@viewhillschool.school.nz,025-294-1974,2022-04-16,True
7830,3565,Tia,Harris,HS_REP,tia.harris@viewhillschool.school.nz,027-747-9431,2020-10-10,True
7831,3566,Karen,Henderson,PRINCIPAL,karen.henderson@waiauschool.school.nz,025-154-4306,2021-07-25,True
7832,3566,Emma,Campbell,SITE_MANAGER,emma.campbell@waiauschool.school.nz,028-209-3089,2021-04-22,True
7833,3566,Emma,Crawford,HS_REP,emma.crawford@waiauschool.school.nz,023-762-5718,2022-03-15,True
7834,3566,Chris,Parker,CARETAKER,chris.parker@waiauschool.school.nz,026-794-2063,2022-08-13,True
7835,3567,Andrew,Watson,PRINCIPAL,andrew.watson@waihaodownsscho.school.nz,024-237-3613,2020-07-02,True
7836,3567,Liam,Wright,SITE_MANAGER,liam.wright@waihaodownsscho.school.nz,027-311-7522,2020-10-19,True
7837,3567,Max,Hill,HS_REP,max.hill@waihaodownsscho.school.nz,026-946-5747,2022-03-01,True
7838,3567,Tracey,Young,CARETAKER,tracey.young@waihaodownsscho.school.nz,028-457-4883,2021-01-25,True
7839,3569,Nikau,Lee,PRINCIPAL,nikau.lee@waikarischool.school.nz,023-325-1001,2020-04-19,True
7840,3569,Donna,Williams,SITE_MANAGER,donna.williams@waikarischool.school.nz,023-792-6087,2021-01-19,True
7841,3569,Charlotte,Kumar,HS_REP,charlotte.kumar@waikarischool.school.nz,027-926-9827,2020-11-06,True
7842,3569,Mere,Morgan,CARETAKER,mere.morgan@waikarischool.school.nz,024-881-8129,2021-02-27,True
7843,3570,Joanne,Collins,PRINCIPAL,joanne.collins@pegasusbayschoo.school.nz,028-367-3269,2021-03-28,True
7844,3570,Rachel,Campbell,SITE_MANAGER,rachel.campbell@pegasusbayschoo.school.nz,024-698-8279,2022-08-24,True
7845,3570,Daniel,Walker,HS_REP,daniel.walker@pegasusbayschoo.school.nz,025-113-4252,2020-03-08,True
7846,3571,Paula,Russell,PRINCIPAL,paula.russell@waimairischool.school.nz,024-725-2266,2020-09-06,True
7847,3571,Matthew,Smith,SITE_MANAGER,matthew.smith@waimairischool.school.nz,025-841-4941,2022-04-07,True
7848,3571,Mere,Hamilton,HS_REP,mere.hamilton@waimairischool.school.nz,027-697-7213,2020-01-27,True
7849,3572,Josh,Collins,PRINCIPAL,josh.collins@waimataitaischo.school.nz,023-998-4846,2021-02-17,True
7850,3572,Moana,Nguyen,SITE_MANAGER,moana.nguyen@waimataitaischo.school.nz,022-398-1022,2020-11-22,True
7851,3572,Matiu,Collins,HS_REP,matiu.collins@waimataitaischo.school.nz,021-377-7473,2020-04-03,True
7852,3573,Kauri,Brown,PRINCIPAL,kauri.brown@waimatecentenni.school.nz,026-879-2804,2022-02-17,True
7853,3573,Ben,Tamati,SITE_MANAGER,ben.tamati@waimatecentenni.school.nz,024-896-1098,2021-08-12,True
7854,3573,Nikau,Wilson,HS_REP,nikau.wilson@waimatecentenni.school.nz,028-709-2750,2021-02-28,True
7855,3573,Nathan,Stewart,CARETAKER,nathan.stewart@waimatecentenni.school.nz,023-918-3232,2020-12-08,True
7856,3574,Hemi,Anderson,PRINCIPAL,hemi.anderson@waimatemainscho.school.nz,024-668-6456,2021-08-31,True
7857,3574,Chris,Turner,SITE_MANAGER,chris.turner@waimatemainscho.school.nz,026-548-9034,2021-10-04,True
7858,3574,Nathan,Harris,HS_REP,nathan.harris@waimatemainscho.school.nz,022-876-2056,2020-11-23,True
7859,3576,Nikau,Te Huia,PRINCIPAL,nikau.te huia@waiparaschool.school.nz,021-789-4723,2021-07-15,True
7860,3576,Nikau,Smith,SITE_MANAGER,nikau.smith@waiparaschool.school.nz,023-837-8231,2021-12-20,True
7861,3576,James,Gray,HS_REP,james.gray@waiparaschool.school.nz,027-675-8970,2021-04-14,True
7862,3577,Tia,Tamati,PRINCIPAL,tia.tamati@wairakeischool(.school.nz,026-750-7886,2021-01-20,True
7863,3577,Ben,Mahuta,SITE_MANAGER,ben.mahuta@wairakeischool(.school.nz,024-393-2049,2021-10-01,True
7864,3577,Luke,Fraser,HS_REP,luke.fraser@wairakeischool(.school.nz,021-430-5006,2022-05-19,True
7865,3579,Holly,Hamilton,PRINCIPAL,holly.hamilton@waitunacreeksch.school.nz,024-590-1820,2021-12-02,True
7866,3579,Reuben,Tamati,SITE_MANAGER,reuben.tamati@waitunacreeksch.school.nz,026-535-5184,2021-01-28,True
7867,3579,Lisa,Roberts,HS_REP,lisa.roberts@waitunacreeksch.school.nz,022-474-7745,2021-11-21,True
7868,3579,Kylie,Cooper,CARETAKER,kylie.cooper@waitunacreeksch.school.nz,024-434-1327,2021-10-18,True
7869,3580,Donna,Burns,PRINCIPAL,donna.burns@wakanuischool.school.nz,022-827-5993,2022-04-25,True
7870,3580,Lisa,Russell,SITE_MANAGER,lisa.russell@wakanuischool.school.nz,028-504-7705,2020-11-16,True
7871,3580,Jessica,Hamilton,HS_REP,jessica.hamilton@wakanuischool.school.nz,022-499-7768,2020-05-14,True
7872,3581,Nikau,Anderson,PRINCIPAL,nikau.anderson@walthamschool.school.nz,027-492-6478,2022-04-13,True
7873,3581,Hayley,Edwards,SITE_MANAGER,hayley.edwards@walthamschool.school.nz,026-527-3656,2020-04-22,True
7874,3581,Kauri,Nguyen,HS_REP,kauri.nguyen@walthamschool.school.nz,027-255-8393,2022-04-16,True
7875,3585,Finn,Edwards,PRINCIPAL,finn.edwards@weedonsschool.school.nz,021-493-9632,2022-08-24,True
7876,3585,Tracey,Young,SITE_MANAGER,tracey.young@weedonsschool.school.nz,026-617-1537,2021-06-13,True
7877,3585,Emma,Wong,HS_REP,emma.wong@weedonsschool.school.nz,026-725-7455,2021-03-16,True
7878,3586,Ryan,Te Huia,PRINCIPAL,ryan.te huia@westeyretonscho.school.nz,021-700-5021,2022-02-22,True
7879,3586,Sarah,Mitchell,SITE_MANAGER,sarah.mitchell@westeyretonscho.school.nz,026-414-2350,2020-08-11,True
7880,3586,Jack,Baker,HS_REP,jack.baker@westeyretonscho.school.nz,021-925-7834,2021-02-13,True
7881,3587,Stacey,Smith,PRINCIPAL,stacey.smith@westmeltonschoo.school.nz,028-903-6558,2020-12-29,True
7882,3587,Freya,King,SITE_MANAGER,freya.king@westmeltonschoo.school.nz,022-133-5060,2020-08-21,True
7883,3587,Simon,Rewi,HS_REP,simon.rewi@westmeltonschoo.school.nz,026-227-2850,2021-07-16,True
7884,3587,Georgia,Harawira,CARETAKER,georgia.harawira@westmeltonschoo.school.nz,025-735-7323,2021-03-16,True
7885,3588,Holly,Mitchell,PRINCIPAL,holly.mitchell@tearakoropikowe.school.nz,026-982-8251,2021-06-26,True
7886,3588,Maia,White,SITE_MANAGER,maia.white@tearakoropikowe.school.nz,027-281-3445,2020-05-15,True
7887,3588,Brooke,Martin,HS_REP,brooke.martin@tearakoropikowe.school.nz,023-712-7075,2022-06-16,True
7888,3588,Michelle,Brown,CARETAKER,michelle.brown@tearakoropikowe.school.nz,026-662-2682,2021-10-07,True
7889,3589,Kaia,Hamilton,PRINCIPAL,kaia.hamilton@westburntekurao.school.nz,026-883-6204,2020-04-25,True
7890,3589,Luke,Anderson,SITE_MANAGER,luke.anderson@westburntekurao.school.nz,021-643-4231,2020-04-23,True
7891,3589,Ben,Smith,HS_REP,ben.smith@westburntekurao.school.nz,023-703-1516,2020-03-01,True
7892,3589,Matiu,Wright,CARETAKER,matiu.wright@westburntekurao.school.nz,021-454-8448,2020-11-24,True
7893,3591,Scott,Walker,PRINCIPAL,scott.walker@wharenuischool.school.nz,025-958-3766,2021-11-12,True
7894,3591,Chris,Johnston,SITE_MANAGER,chris.johnston@wharenuischool.school.nz,024-304-4297,2020-01-28,True
7895,3591,Amber,Gallagher,HS_REP,amber.gallagher@wharenuischool.school.nz,022-124-6380,2020-06-19,True
7896,3592,Nicola,Martin,PRINCIPAL,nicola.martin@whataroaschool.school.nz,023-479-4374,2020-02-04,True
7897,3592,Brooke,White,SITE_MANAGER,brooke.white@whataroaschool.school.nz,025-173-1953,2020-01-11,True
7898,3592,Kylie,Mitchell,HS_REP,kylie.mitchell@whataroaschool.school.nz,025-913-3153,2021-05-02,True
7899,3594,Liam,King,PRINCIPAL,liam.king@longbeachschool.school.nz,021-644-5825,2020-01-10,True
7900,3594,Finn,Clarke,SITE_MANAGER,finn.clarke@longbeachschool.school.nz,025-308-9317,2021-10-28,True
7901,3594,Mere,Hamilton,HS_REP,mere.hamilton@longbeachschool.school.nz,022-560-2804,2020-12-02,True
7902,3594,Freya,Johnston,CARETAKER,freya.johnston@longbeachschool.school.nz,023-431-2806,2021-01-23,True
7903,3597,Reuben,Harawira,PRINCIPAL,reuben.harawira@windwhistlescho.school.nz,025-339-5189,2020-08-21,True
7904,3597,Mason,Singh,SITE_MANAGER,mason.singh@windwhistlescho.school.nz,028-634-3373,2021-07-07,True
7905,3597,Ihaia,Baker,HS_REP,ihaia.baker@windwhistlescho.school.nz,026-198-9519,2020-05-29,True
7906,3599,Mason,Russell,PRINCIPAL,mason.russell@woodburyschool.school.nz,024-976-5368,2021-01-29,True
7907,3599,Anika,Walker,SITE_MANAGER,anika.walker@woodburyschool.school.nz,021-329-7908,2020-04-29,True
7908,3599,Max,Fitzgerald,HS_REP,max.fitzgerald@woodburyschool.school.nz,028-915-6913,2020-09-18,True
7909,3599,Matthew,King,CARETAKER,matthew.king@woodburyschool.school.nz,023-662-7652,2020-06-22,True
7910,3600,Grace,Mahuta,PRINCIPAL,grace.mahuta@woodendschool.school.nz,025-982-8297,2021-11-17,True
7911,3600,Chris,Taukiri,SITE_MANAGER,chris.taukiri@woodendschool.school.nz,026-232-7419,2020-05-16,True
7912,3600,Max,Henare,HS_REP,max.henare@woodendschool.school.nz,026-398-2566,2020-08-03,True
7913,3602,Stacey,Watson,PRINCIPAL,stacey.watson@yaldhurstschool.school.nz,028-204-2730,2021-12-25,True
7914,3602,Olivia,Singh,SITE_MANAGER,olivia.singh@yaldhurstschool.school.nz,021-427-5381,2022-05-18,True
7915,3602,Sarah,Martin,HS_REP,sarah.martin@yaldhurstschool.school.nz,021-116-5207,2020-09-11,True
7916,3612,Olivia,Fitzgerald,PRINCIPAL,olivia.fitzgerald@mangakōtukutuku.school.nz,025-556-7786,2021-09-06,True
7917,3612,Mark,Nguyen,SITE_MANAGER,mark.nguyen@mangakōtukutuku.school.nz,024-783-5093,2021-04-02,True
7918,3612,David,Watson,HS_REP,david.watson@mangakōtukutuku.school.nz,025-882-4895,2021-05-02,True
7919,3618,Sophie,Fraser,PRINCIPAL,sophie.fraser@tekuraaaiwionga.school.nz,027-420-2120,2020-07-30,True
7920,3618,Lisa,Edwards,SITE_MANAGER,lisa.edwards@tekuraaaiwionga.school.nz,028-226-2754,2021-08-11,True
7921,3618,Georgia,Baker,HS_REP,georgia.baker@tekuraaaiwionga.school.nz,028-196-2481,2021-01-07,True
7922,3618,Tracey,Kumar,CARETAKER,tracey.kumar@tekuraaaiwionga.school.nz,028-651-5512,2020-01-07,True
7923,3619,Stacey,Baker,PRINCIPAL,stacey.baker@tekāpehuwhetū.school.nz,024-965-6002,2021-05-03,True
7924,3619,Paula,Bennett,SITE_MANAGER,paula.bennett@tekāpehuwhetū.school.nz,028-640-1005,2021-10-05,True
7925,3619,Sam,Harris,HS_REP,sam.harris@tekāpehuwhetū.school.nz,026-734-8639,2022-08-03,True
7926,3625,Zara,Palmer,PRINCIPAL,zara.palmer@māruawaicollege.school.nz,025-714-3108,2021-03-20,True
7927,3625,Ruby,Henderson,SITE_MANAGER,ruby.henderson@māruawaicollege.school.nz,025-847-1339,2021-01-22,True
7928,3625,Hemi,Harawira,HS_REP,hemi.harawira@māruawaicollege.school.nz,021-305-9802,2020-09-27,True
7929,3628,Matiu,Johnston,PRINCIPAL,matiu.johnston@elimchristianco.school.nz,028-760-2442,2021-02-20,True
7930,3628,Jack,Scott,SITE_MANAGER,jack.scott@elimchristianco.school.nz,026-768-8007,2022-03-14,True
7931,3628,Aroha,Nguyen,HS_REP,aroha.nguyen@elimchristianco.school.nz,021-366-2062,2022-06-30,True
7932,3630,Tia,Wilson,PRINCIPAL,tia.wilson@elimchristianco.school.nz,027-818-9929,2020-12-10,True
7933,3630,Mason,Williams,SITE_MANAGER,mason.williams@elimchristianco.school.nz,023-387-1070,2021-11-16,True
7934,3630,Nikau,Gallagher,HS_REP,nikau.gallagher@elimchristianco.school.nz,026-886-7120,2021-03-06,True
7935,3630,Chris,Jones,CARETAKER,chris.jones@elimchristianco.school.nz,028-467-4078,2020-07-20,True
7936,3641,Max,Burns,PRINCIPAL,max.burns@poriruamontesso.school.nz,022-306-4484,2020-05-28,True
7937,3641,Rachel,Palmer,SITE_MANAGER,rachel.palmer@poriruamontesso.school.nz,024-607-3663,2021-06-28,True
7938,3641,Charlotte,Gray,HS_REP,charlotte.gray@poriruamontesso.school.nz,022-862-3800,2022-08-08,True
7939,3679,Kylie,Scott,PRINCIPAL,kylie.scott@tekurakaupapamā.school.nz,024-905-4534,2022-08-24,True
7940,3679,Paula,Harawira,SITE_MANAGER,paula.harawira@tekurakaupapamā.school.nz,027-410-4144,2022-08-25,True
7941,3679,Michelle,Parker,HS_REP,michelle.parker@tekurakaupapamā.school.nz,026-925-3702,2020-05-09,True
7942,3679,Paula,Clarke,CARETAKER,paula.clarke@tekurakaupapamā.school.nz,023-724-6272,2021-11-16,True
7943,3680,Joanne,Campbell,PRINCIPAL,joanne.campbell@masteryschoolsn.school.nz,021-893-5844,2022-03-30,True
7944,3680,Jessica,Tamati,SITE_MANAGER,jessica.tamati@masteryschoolsn.school.nz,022-747-6078,2022-01-18,True
7945,3680,Sophie,Patel,HS_REP,sophie.patel@masteryschoolsn.school.nz,021-656-8858,2020-08-17,True
7946,3681,Michelle,Morgan,PRINCIPAL,michelle.morgan@thebusyschoolnz.school.nz,024-634-3346,2020-02-09,True
7947,3681,Daniel,Wong,SITE_MANAGER,daniel.wong@thebusyschoolnz.school.nz,022-948-9855,2021-04-12,True
7948,3681,Donna,Hamilton,HS_REP,donna.hamilton@thebusyschoolnz.school.nz,026-635-1713,2020-06-24,True
7949,3681,Chris,Lee,CARETAKER,chris.lee@thebusyschoolnz.school.nz,026-867-2702,2020-07-10,True
7950,3682,Chris,Martin,PRINCIPAL,chris.martin@ecolefrancaisei.school.nz,024-190-1708,2021-06-15,True
7951,3682,Sarah,King,SITE_MANAGER,sarah.king@ecolefrancaisei.school.nz,026-174-8429,2022-03-11,True
7952,3682,Lisa,Te Huia,HS_REP,lisa.te huia@ecolefrancaisei.school.nz,022-540-2006,2021-02-22,True
7953,3683,Amber,Tamati,PRINCIPAL,amber.tamati@terito-tekurata.school.nz,022-654-1550,2021-05-04,True
7954,3683,Noah,Tamati,SITE_MANAGER,noah.tamati@terito-tekurata.school.nz,026-229-1123,2021-11-07,True
7955,3683,Ruby,Burns,HS_REP,ruby.burns@terito-tekurata.school.nz,027-504-6007,2021-03-27,True
7956,3684,Holly,Wilson,PRINCIPAL,holly.wilson@christchurchnor.school.nz,021-590-5200,2022-05-21,True
7957,3684,Nikau,Smith,SITE_MANAGER,nikau.smith@christchurchnor.school.nz,028-503-7375,2022-01-12,True
7958,3684,Rawiri,Te Huia,HS_REP,rawiri.te huia@christchurchnor.school.nz,028-398-7739,2020-06-05,True
7959,3685,David,Morgan,PRINCIPAL,david.morgan@galaxyinternati.school.nz,024-234-3704,2021-08-14,True
7960,3685,Rawiri,Singh,SITE_MANAGER,rawiri.singh@galaxyinternati.school.nz,023-115-1748,2020-01-09,True
7961,3685,Joanne,Thompson,HS_REP,joanne.thompson@galaxyinternati.school.nz,021-659-2036,2021-04-09,True
7962,3686,Chris,Fitzgerald,PRINCIPAL,chris.fitzgerald@northwestcolleg.school.nz,024-744-9940,2021-11-04,True
7963,3686,Maia,Burns,SITE_MANAGER,maia.burns@northwestcolleg.school.nz,023-592-4701,2022-08-13,True
7964,3686,James,Wright,HS_REP,james.wright@northwestcolleg.school.nz,023-819-6820,2022-06-28,True
7965,3687,Nicola,Jones,PRINCIPAL,nicola.jones@tipene.school.nz,025-931-7766,2020-08-22,True
7966,3687,Tia,Mitchell,SITE_MANAGER,tia.mitchell@tipene.school.nz,023-255-5513,2022-03-19,True
7967,3687,Liam,Tamati,HS_REP,liam.tamati@tipene.school.nz,023-882-9907,2020-12-06,True
7968,3687,Nikau,Hill,CARETAKER,nikau.hill@tipene.school.nz,027-403-8291,2020-09-04,True
7969,3689,Reuben,Robinson,PRINCIPAL,reuben.robinson@tehikoiactivity.school.nz,023-139-3118,2022-07-29,True
7970,3689,Amber,Fitzgerald,SITE_MANAGER,amber.fitzgerald@tehikoiactivity.school.nz,021-660-6359,2021-03-07,True
7971,3689,Joanne,Burns,HS_REP,joanne.burns@tehikoiactivity.school.nz,025-137-7862,2020-07-27,True
7972,3690,Sophie,Wong,PRINCIPAL,sophie.wong@tepāwānangaoōma.school.nz,024-152-6729,2020-12-10,True
7973,3690,Aria,Mitchell,SITE_MANAGER,aria.mitchell@tepāwānangaoōma.school.nz,022-709-4716,2021-09-13,True
7974,3690,Kaia,Hill,HS_REP,kaia.hill@tepāwānangaoōma.school.nz,025-115-4163,2020-06-13,True
7975,3691,Wiremu,Kumar,PRINCIPAL,wiremu.kumar@mangawhaihillsc.school.nz,022-174-5569,2022-04-20,True
7976,3691,Liam,Taukiri,SITE_MANAGER,liam.taukiri@mangawhaihillsc.school.nz,027-612-6361,2021-10-09,True
7977,3691,Sophie,Taukiri,HS_REP,sophie.taukiri@mangawhaihillsc.school.nz,027-986-1226,2020-04-16,True
7978,3691,Charlotte,Crawford,CARETAKER,charlotte.crawford@mangawhaihillsc.school.nz,022-866-8076,2022-03-26,True
7979,3698,Anika,Wilson,PRINCIPAL,anika.wilson@twinoaksclassic.school.nz,028-753-6960,2020-06-04,True
7980,3698,Mason,Harawira,SITE_MANAGER,mason.harawira@twinoaksclassic.school.nz,027-807-3974,2021-02-27,True
7981,3698,Brooke,Baker,HS_REP,brooke.baker@twinoaksclassic.school.nz,026-604-9122,2022-09-22,True
7982,3699,Zara,Hill,PRINCIPAL,zara.hill@totarapointscho.school.nz,028-236-6284,2021-05-05,True
7983,3699,Daniel,Walker,SITE_MANAGER,daniel.walker@totarapointscho.school.nz,024-429-3765,2020-01-05,True
7984,3699,Nathan,Kumar,HS_REP,nathan.kumar@totarapointscho.school.nz,027-953-4641,2021-04-19,True
7985,3700,Stacey,Kim,PRINCIPAL,stacey.kim@abbotsfordschoo.school.nz,022-705-3829,2021-10-02,True
7986,3700,Max,Rewi,SITE_MANAGER,max.rewi@abbotsfordschoo.school.nz,027-143-2764,2022-03-11,True
7987,3700,Nikau,Johnston,HS_REP,nikau.johnston@abbotsfordschoo.school.nz,023-881-9865,2021-08-27,True
7988,3700,Craig,Mitchell,CARETAKER,craig.mitchell@abbotsfordschoo.school.nz,024-393-2140,2022-07-03,True
7989,3701,Ryan,Crawford,PRINCIPAL,ryan.crawford@alexandraprimar.school.nz,022-556-2702,2020-08-31,True
7990,3701,Moana,Lee,SITE_MANAGER,moana.lee@alexandraprimar.school.nz,024-897-4936,2021-03-27,True
7991,3701,David,Green,HS_REP,david.green@alexandraprimar.school.nz,021-523-6621,2020-12-14,True
7992,3703,Jessica,Johnston,PRINCIPAL,jessica.johnston@andersonsbaysch.school.nz,021-743-6208,2021-12-06,True
7993,3703,Anika,Smith,SITE_MANAGER,anika.smith@andersonsbaysch.school.nz,021-399-1100,2021-03-31,True
7994,3703,Craig,Walker,HS_REP,craig.walker@andersonsbaysch.school.nz,021-134-8774,2020-10-12,True
7995,3703,Stacey,Taylor,CARETAKER,stacey.taylor@andersonsbaysch.school.nz,021-327-4753,2021-05-06,True
7996,3704,Anika,Kumar,PRINCIPAL,anika.kumar@ardgowanschool.school.nz,027-623-7678,2022-03-22,True
7997,3704,Anika,Lee,SITE_MANAGER,anika.lee@ardgowanschool.school.nz,027-758-4907,2021-06-17,True
7998,3704,Paula,Wright,HS_REP,paula.wright@ardgowanschool.school.nz,022-807-8714,2020-08-28,True
7999,3704,Tracey,Turner,CARETAKER,tracey.turner@ardgowanschool.school.nz,023-488-3866,2020-07-17,True
8000,3706,Nikau,Edwards,PRINCIPAL,nikau.edwards@arthurstreetsch.school.nz,024-317-3570,2020-07-23,True
8001,3706,Aria,White,SITE_MANAGER,aria.white@arthurstreetsch.school.nz,024-230-1931,2021-09-30,True
8002,3706,Grace,Palmer,HS_REP,grace.palmer@arthurstreetsch.school.nz,022-831-5909,2021-07-10,True
8003,3707,Ihaia,Nguyen,PRINCIPAL,ihaia.nguyen@fenwickschool.school.nz,025-174-5161,2022-02-02,True
8004,3707,Matthew,Burns,SITE_MANAGER,matthew.burns@fenwickschool.school.nz,026-984-5495,2020-09-16,True
8005,3707,Michael,Burns,HS_REP,michael.burns@fenwickschool.school.nz,022-706-5271,2022-07-18,True
8006,3707,Moana,Parker,CARETAKER,moana.parker@fenwickschool.school.nz,025-625-6547,2022-03-25,True
8007,3709,Kaia,Campbell,PRINCIPAL,kaia.campbell@balaclavaschool.school.nz,023-844-2165,2020-07-25,True
8008,3709,Emma,Roberts,SITE_MANAGER,emma.roberts@balaclavaschool.school.nz,023-565-1774,2020-06-10,True
8009,3709,Sam,Henare,HS_REP,sam.henare@balaclavaschool.school.nz,023-186-3699,2021-02-27,True
8010,3710,Donna,Kim,PRINCIPAL,donna.kim@balcluthaschool.school.nz,027-319-7478,2020-03-17,True
8011,3710,Liam,Hamilton,SITE_MANAGER,liam.hamilton@balcluthaschool.school.nz,027-514-3748,2020-10-17,True
8012,3710,Kaia,Henare,HS_REP,kaia.henare@balcluthaschool.school.nz,024-386-2641,2021-06-14,True
8013,3710,Karen,Edwards,CARETAKER,karen.edwards@balcluthaschool.school.nz,024-937-4641,2022-05-08,True
8014,3711,Ryan,Turner,PRINCIPAL,ryan.turner@balmaceweninter.school.nz,021-798-9368,2021-06-29,True
8015,3711,Aroha,Rewi,SITE_MANAGER,aroha.rewi@balmaceweninter.school.nz,021-892-5389,2022-09-01,True
8016,3711,Nicola,Kumar,HS_REP,nicola.kumar@balmaceweninter.school.nz,023-842-5716,2021-06-16,True
8017,3711,Lisa,Roberts,CARETAKER,lisa.roberts@balmaceweninter.school.nz,021-351-4986,2020-02-25,True
8018,3716,James,Jones,PRINCIPAL,james.jones@bradfordschool.school.nz,026-462-5251,2021-08-30,True
8019,3716,Kaia,Watson,SITE_MANAGER,kaia.watson@bradfordschool.school.nz,023-317-1906,2021-09-20,True
8020,3716,Finn,Young,HS_REP,finn.young@bradfordschool.school.nz,028-701-3189,2020-08-24,True
8021,3718,Chris,Smith,PRINCIPAL,chris.smith@broadbayschool.school.nz,024-357-7547,2020-11-15,True
8022,3718,Jack,Harris,SITE_MANAGER,jack.harris@broadbayschool.school.nz,023-268-3940,2020-08-12,True
8023,3718,Mark,Fitzgerald,HS_REP,mark.fitzgerald@broadbayschool.school.nz,021-727-8587,2021-12-25,True
8024,3718,Simon,Rewi,CARETAKER,simon.rewi@broadbayschool.school.nz,023-825-7471,2021-08-18,True
8025,3719,Reuben,Baker,PRINCIPAL,reuben.baker@brockvilleschoo.school.nz,022-317-4479,2020-01-03,True
8026,3719,Grant,Hall,SITE_MANAGER,grant.hall@brockvilleschoo.school.nz,028-860-4998,2020-06-04,True
8027,3719,Luke,Wright,HS_REP,luke.wright@brockvilleschoo.school.nz,021-907-4347,2021-02-14,True
8028,3723,Kylie,Bennett,PRINCIPAL,kylie.bennett@clintonschool.school.nz,022-755-4882,2021-02-14,True
8029,3723,Caleb,Young,SITE_MANAGER,caleb.young@clintonschool.school.nz,024-161-8241,2021-05-11,True
8030,3723,Stacey,Cooper,HS_REP,stacey.cooper@clintonschool.school.nz,028-953-2632,2022-05-03,True
8031,3723,Jack,Mahuta,CARETAKER,jack.mahuta@clintonschool.school.nz,024-631-3789,2021-12-09,True
8032,3724,Chris,Mahuta,PRINCIPAL,chris.mahuta@cluthavalleysch.school.nz,021-990-7791,2022-07-20,True
8033,3724,Moana,Patel,SITE_MANAGER,moana.patel@cluthavalleysch.school.nz,027-683-3918,2021-12-01,True
8034,3724,Hayley,Mahuta,HS_REP,hayley.mahuta@cluthavalleysch.school.nz,027-183-7607,2021-01-25,True
8035,3725,Simon,Williams,PRINCIPAL,simon.williams@clydeschool.school.nz,025-100-1468,2020-03-22,True
8036,3725,Tane,Mahuta,SITE_MANAGER,tane.mahuta@clydeschool.school.nz,028-939-9353,2021-11-07,True
8037,3725,Paula,Jones,HS_REP,paula.jones@clydeschool.school.nz,024-129-5099,2022-09-10,True
8038,3725,Holly,Chen,CARETAKER,holly.chen@clydeschool.school.nz,022-576-8436,2020-06-30,True
8039,3727,Kylie,Te Huia,PRINCIPAL,kylie.te huia@concordschool.school.nz,025-121-6365,2022-08-28,True
8040,3727,Isla,Gray,SITE_MANAGER,isla.gray@concordschool.school.nz,028-252-6647,2020-09-13,True
8041,3727,Simon,Burns,HS_REP,simon.burns@concordschool.school.nz,027-155-7893,2021-08-19,True
8042,3727,Hemi,Wong,CARETAKER,hemi.wong@concordschool.school.nz,021-907-6045,2020-10-05,True
8043,3729,Moana,Patel,PRINCIPAL,moana.patel@cromwellprimary.school.nz,026-449-7126,2021-05-13,True
8044,3729,Maia,Turner,SITE_MANAGER,maia.turner@cromwellprimary.school.nz,026-609-5800,2020-03-01,True
8045,3729,Georgia,Kim,HS_REP,georgia.kim@cromwellprimary.school.nz,023-558-6786,2020-01-31,True
8046,3731,James,Burns,PRINCIPAL,james.burns@dunedinnorthint.school.nz,028-985-3890,2020-11-09,True
8047,3731,Kylie,Henare,SITE_MANAGER,kylie.henare@dunedinnorthint.school.nz,023-936-5016,2021-08-11,True
8048,3731,Caleb,Patel,HS_REP,caleb.patel@dunedinnorthint.school.nz,026-146-1459,2022-07-28,True
8049,3732,Simon,Green,PRINCIPAL,simon.green@duntroonschool.school.nz,024-257-8464,2022-05-03,True
8050,3732,Josh,Scott,SITE_MANAGER,josh.scott@duntroonschool.school.nz,025-506-7343,2021-09-20,True
8051,3732,Ethan,Jones,HS_REP,ethan.jones@duntroonschool.school.nz,021-146-9969,2022-01-18,True
8052,3733,Emma,Wong,PRINCIPAL,emma.wong@easttaierischoo.school.nz,021-869-9331,2022-08-29,True
8053,3733,Rachel,Murray,SITE_MANAGER,rachel.murray@easttaierischoo.school.nz,028-778-3977,2022-06-02,True
8054,3733,Sophie,Campbell,HS_REP,sophie.campbell@easttaierischoo.school.nz,026-854-3723,2020-12-23,True
8055,3736,Noah,Singh,PRINCIPAL,noah.singh@fairfieldschool.school.nz,025-516-2156,2021-03-23,True
8056,3736,Lisa,Anderson,SITE_MANAGER,lisa.anderson@fairfieldschool.school.nz,028-621-7414,2021-01-28,True
8057,3736,Noah,Russell,HS_REP,noah.russell@fairfieldschool.school.nz,021-700-8527,2020-06-09,True
8058,3737,Tracey,Martin,PRINCIPAL,tracey.martin@pembrokeschool(.school.nz,028-949-6783,2021-01-22,True
8059,3737,Shane,Russell,SITE_MANAGER,shane.russell@pembrokeschool(.school.nz,025-898-2846,2020-02-24,True
8060,3737,Nathan,Clarke,HS_REP,nathan.clarke@pembrokeschool(.school.nz,026-283-3254,2020-01-04,True
8061,3738,Holly,Williams,PRINCIPAL,holly.williams@fiveforksschool.school.nz,023-564-6248,2021-12-22,True
8062,3738,Simon,Cooper,SITE_MANAGER,simon.cooper@fiveforksschool.school.nz,024-400-8751,2022-04-09,True
8063,3738,Hemi,Rewi,HS_REP,hemi.rewi@fiveforksschool.school.nz,021-188-1122,2020-11-12,True
8064,3740,Kauri,Anderson,PRINCIPAL,kauri.anderson@georgestreetnor.school.nz,027-915-6759,2020-01-03,True
8065,3740,Brooke,Wright,SITE_MANAGER,brooke.wright@georgestreetnor.school.nz,023-602-8145,2021-05-15,True
8066,3740,Tia,Kim,HS_REP,tia.kim@georgestreetnor.school.nz,024-294-4973,2020-03-18,True
8067,3740,Daniel,King,CARETAKER,daniel.king@georgestreetnor.school.nz,025-525-9308,2022-06-05,True
8068,3741,Kaia,Lee,PRINCIPAL,kaia.lee@goldfieldsschoo.school.nz,026-924-1477,2021-02-10,True
8069,3741,Olivia,Cooper,SITE_MANAGER,olivia.cooper@goldfieldsschoo.school.nz,021-910-5823,2020-04-23,True
8070,3741,Nikau,Lee,HS_REP,nikau.lee@goldfieldsschoo.school.nz,025-519-6376,2022-01-18,True
8071,3742,Holly,Mitchell,PRINCIPAL,holly.mitchell@grantsbraesscho.school.nz,028-596-4484,2020-08-25,True
8072,3742,Amber,Crawford,SITE_MANAGER,amber.crawford@grantsbraesscho.school.nz,021-652-6429,2020-05-12,True
8073,3742,Ihaia,Fraser,HS_REP,ihaia.fraser@grantsbraesscho.school.nz,022-521-1613,2022-06-28,True
8074,3743,Ben,Taylor,PRINCIPAL,ben.taylor@greenislandscho.school.nz,026-755-8618,2021-11-26,True
8075,3743,Tane,Campbell,SITE_MANAGER,tane.campbell@greenislandscho.school.nz,027-630-9205,2020-09-18,True
8076,3743,Jessica,Chen,HS_REP,jessica.chen@greenislandscho.school.nz,023-493-9496,2021-09-11,True
8077,3743,Holly,Fitzgerald,CARETAKER,holly.fitzgerald@greenislandscho.school.nz,023-163-7786,2022-04-03,True
8078,3745,Sam,Russell,PRINCIPAL,sam.russell@halfwaybushscho.school.nz,022-706-5787,2022-06-07,True
8079,3745,Sarah,Taukiri,SITE_MANAGER,sarah.taukiri@halfwaybushscho.school.nz,025-745-6170,2022-02-24,True
8080,3745,Moana,White,HS_REP,moana.white@halfwaybushscho.school.nz,021-255-9021,2020-07-11,True
8081,3745,Georgia,Gallagher,CARETAKER,georgia.gallagher@halfwaybushscho.school.nz,025-411-4704,2021-05-07,True
8082,3746,Moana,Harawira,PRINCIPAL,moana.harawira@hampdenschool.school.nz,024-125-7186,2021-06-27,True
8083,3746,Stacey,Bennett,SITE_MANAGER,stacey.bennett@hampdenschool.school.nz,024-286-8710,2021-01-09,True
8084,3746,Georgia,Palmer,HS_REP,georgia.palmer@hampdenschool.school.nz,021-792-2058,2021-07-22,True
8085,3747,Wiremu,Jones,PRINCIPAL,wiremu.jones@hāweaflatschool.school.nz,027-193-8362,2022-09-10,True
8086,3747,Emma,Jones,SITE_MANAGER,emma.jones@hāweaflatschool.school.nz,028-129-8716,2021-06-17,True
8087,3747,Reuben,Kim,HS_REP,reuben.kim@hāweaflatschool.school.nz,021-456-9077,2021-09-29,True
8088,3747,Joanne,Mitchell,CARETAKER,joanne.mitchell@hāweaflatschool.school.nz,022-226-4467,2020-09-16,True
8089,3749,Liam,Kim,PRINCIPAL,liam.kim@heriotschool.school.nz,026-260-7647,2022-02-28,True
8090,3749,Georgia,King,SITE_MANAGER,georgia.king@heriotschool.school.nz,028-124-6163,2020-08-29,True
8091,3749,Jessica,Johnston,HS_REP,jessica.johnston@heriotschool.school.nz,024-163-2703,2022-09-05,True
8092,3749,Ihaia,Parker,CARETAKER,ihaia.parker@heriotschool.school.nz,021-946-9428,2020-02-15,True
8093,3753,Andrew,Wilson,PRINCIPAL,andrew.wilson@kaikoraischool.school.nz,027-455-1110,2020-10-26,True
8094,3753,Zara,Young,SITE_MANAGER,zara.young@kaikoraischool.school.nz,028-935-8935,2020-03-30,True
8095,3753,Jessica,Gallagher,HS_REP,jessica.gallagher@kaikoraischool.school.nz,021-595-8575,2020-02-07,True
8096,3754,Finn,Martin,PRINCIPAL,finn.martin@kaitangataschoo.school.nz,021-709-2569,2022-03-14,True
8097,3754,Finn,Taukiri,SITE_MANAGER,finn.taukiri@kaitangataschoo.school.nz,027-207-1838,2020-07-05,True
8098,3754,Stacey,Lee,HS_REP,stacey.lee@kaitangataschoo.school.nz,023-156-7848,2020-06-30,True
8099,3754,Reuben,Palmer,CARETAKER,reuben.palmer@kaitangataschoo.school.nz,022-644-5067,2020-01-27,True
8100,3755,Grant,Brown,PRINCIPAL,grant.brown@kakanuischool.school.nz,021-180-9713,2022-09-22,True
8101,3755,Michael,Parker,SITE_MANAGER,michael.parker@kakanuischool.school.nz,027-941-2023,2020-07-03,True
8102,3755,Nicola,Burns,HS_REP,nicola.burns@kakanuischool.school.nz,022-616-2514,2020-06-18,True
8103,3755,Matiu,Patel,CARETAKER,matiu.patel@kakanuischool.school.nz,028-578-7902,2020-01-30,True
8104,3756,Michael,Anderson,PRINCIPAL,michael.anderson@karitaneschool.school.nz,021-592-7532,2020-08-21,True
8105,3756,Aria,Robinson,SITE_MANAGER,aria.robinson@karitaneschool.school.nz,023-835-3002,2020-08-13,True
8106,3756,Noah,Henderson,HS_REP,noah.henderson@karitaneschool.school.nz,025-469-1398,2021-02-14,True
8107,3756,James,Fraser,CARETAKER,james.fraser@karitaneschool.school.nz,027-368-6693,2021-11-30,True
8108,3761,Georgia,Stewart,PRINCIPAL,georgia.stewart@leestreamschool.school.nz,023-233-8648,2020-09-29,True
8109,3761,Charlotte,Fitzgerald,SITE_MANAGER,charlotte.fitzgerald@leestreamschool.school.nz,021-942-3773,2020-05-13,True
8110,3761,Tia,Mitchell,HS_REP,tia.mitchell@leestreamschool.school.nz,024-206-6068,2021-10-11,True
8111,3762,Craig,Walker,PRINCIPAL,craig.walker@macandrewbaysch.school.nz,027-244-2909,2022-01-25,True
8112,3762,Wiremu,Harawira,SITE_MANAGER,wiremu.harawira@macandrewbaysch.school.nz,021-394-5378,2021-12-21,True
8113,3762,Grant,Bennett,HS_REP,grant.bennett@macandrewbaysch.school.nz,027-282-1424,2021-06-07,True
8114,3762,Ruby,Campbell,CARETAKER,ruby.campbell@macandrewbaysch.school.nz,022-548-3188,2022-09-03,True
8115,3764,Aria,Kim,PRINCIPAL,aria.kim@macraesmoonligh.school.nz,023-682-7423,2021-11-12,True
8116,3764,Emma,Wright,SITE_MANAGER,emma.wright@macraesmoonligh.school.nz,023-679-1256,2022-04-16,True
8117,3764,Nicola,Kim,HS_REP,nicola.kim@macraesmoonligh.school.nz,028-148-2635,2021-09-01,True
8118,3764,Olivia,Robinson,CARETAKER,olivia.robinson@macraesmoonligh.school.nz,025-809-8562,2020-04-13,True
8119,3765,Reuben,Kumar,PRINCIPAL,reuben.kumar@mahenoschool.school.nz,023-157-5749,2021-10-17,True
8120,3765,Rawiri,Campbell,SITE_MANAGER,rawiri.campbell@mahenoschool.school.nz,021-796-2270,2022-04-29,True
8121,3765,Grant,Wong,HS_REP,grant.wong@mahenoschool.school.nz,027-593-1526,2020-12-02,True
8122,3765,Aria,Johnston,CARETAKER,aria.johnston@mahenoschool.school.nz,025-889-7816,2021-07-09,True
8123,3767,Liam,Fraser,PRINCIPAL,liam.fraser@makaroraprimary.school.nz,024-225-7237,2020-11-09,True
8124,3767,Liam,Collins,SITE_MANAGER,liam.collins@makaroraprimary.school.nz,021-714-6501,2020-12-04,True
8125,3767,Michael,Henderson,HS_REP,michael.henderson@makaroraprimary.school.nz,027-703-7516,2022-06-01,True
8126,3768,Jessica,Robinson,PRINCIPAL,jessica.robinson@māorihillschool.school.nz,026-236-1527,2020-12-25,True
8127,3768,Aria,Henare,SITE_MANAGER,aria.henare@māorihillschool.school.nz,026-523-2209,2022-07-01,True
8128,3768,Caleb,Rewi,HS_REP,caleb.rewi@māorihillschool.school.nz,024-386-4439,2020-05-02,True
8129,3771,Zara,Kim,PRINCIPAL,zara.kim@millersflatscho.school.nz,026-964-9668,2022-01-20,True
8130,3771,Liam,Harawira,SITE_MANAGER,liam.harawira@millersflatscho.school.nz,024-390-3814,2020-05-09,True
8131,3771,Ben,Smith,HS_REP,ben.smith@millersflatscho.school.nz,024-342-5872,2021-05-23,True
8132,3772,Noah,Johnston,PRINCIPAL,noah.johnston@miltonschool.school.nz,028-418-5871,2022-04-23,True
8133,3772,Aria,Hamilton,SITE_MANAGER,aria.hamilton@miltonschool.school.nz,024-279-1847,2022-07-10,True
8134,3772,Grant,Jones,HS_REP,grant.jones@miltonschool.school.nz,022-846-8717,2021-12-06,True
8135,3776,David,Henderson,PRINCIPAL,david.henderson@morningtonschoo.school.nz,023-594-8224,2021-10-07,True
8136,3776,Grant,Wright,SITE_MANAGER,grant.wright@morningtonschoo.school.nz,026-560-7230,2020-06-19,True
8137,3776,Liam,Wright,HS_REP,liam.wright@morningtonschoo.school.nz,025-950-6863,2021-10-24,True
8138,3776,Michelle,Henderson,CARETAKER,michelle.henderson@morningtonschoo.school.nz,026-794-2980,2021-07-20,True
8139,3778,Scott,Nguyen,PRINCIPAL,scott.nguyen@elmgroveschool.school.nz,022-285-7380,2020-06-22,True
8140,3778,Mere,Kim,SITE_MANAGER,mere.kim@elmgroveschool.school.nz,023-459-8612,2021-05-20,True
8141,3778,Hayley,Mitchell,HS_REP,hayley.mitchell@elmgroveschool.school.nz,022-909-7486,2020-08-22,True
8142,3778,Sarah,Rewi,CARETAKER,sarah.rewi@elmgroveschool.school.nz,022-266-4746,2022-05-13,True
8143,3779,Joanne,Palmer,PRINCIPAL,joanne.palmer@musselburghscho.school.nz,022-420-7273,2020-04-07,True
8144,3779,James,Morgan,SITE_MANAGER,james.morgan@musselburghscho.school.nz,023-103-3047,2020-08-31,True
8145,3779,Hayley,Scott,HS_REP,hayley.scott@musselburghscho.school.nz,026-579-2605,2021-02-06,True
8146,3783,David,Hill,PRINCIPAL,david.hill@northeastvalley.school.nz,022-914-3182,2021-01-21,True
8147,3783,Zara,Crawford,SITE_MANAGER,zara.crawford@northeastvalley.school.nz,021-479-9381,2020-08-19,True
8148,3783,Karen,Baker,HS_REP,karen.baker@northeastvalley.school.nz,028-271-9650,2022-02-12,True
8149,3784,Rawiri,Te Huia,PRINCIPAL,rawiri.te huia@oamaruintermedi.school.nz,021-138-6433,2022-08-24,True
8150,3784,Jack,Walker,SITE_MANAGER,jack.walker@oamaruintermedi.school.nz,026-230-8363,2020-06-30,True
8151,3784,Zara,Parker,HS_REP,zara.parker@oamaruintermedi.school.nz,021-788-3875,2021-12-11,True
8152,3785,Scott,Tamati,PRINCIPAL,scott.tamati@tepākihiomaru.school.nz,026-470-1956,2022-06-23,True
8153,3785,Moana,Lee,SITE_MANAGER,moana.lee@tepākihiomaru.school.nz,026-765-5003,2022-03-06,True
8154,3785,Scott,Henderson,HS_REP,scott.henderson@tepākihiomaru.school.nz,021-682-2049,2021-06-12,True
8155,3785,Daniel,Bennett,CARETAKER,daniel.bennett@tepākihiomaru.school.nz,028-201-2925,2020-08-21,True
8156,3788,Emma,Taylor,PRINCIPAL,emma.taylor@omakauschool.school.nz,024-536-7941,2022-05-28,True
8157,3788,Isla,Wilson,SITE_MANAGER,isla.wilson@omakauschool.school.nz,026-571-7055,2021-03-21,True
8158,3788,Liam,Walker,HS_REP,liam.walker@omakauschool.school.nz,026-219-9916,2020-04-29,True
8159,3788,Hayley,Morgan,CARETAKER,hayley.morgan@omakauschool.school.nz,021-986-9935,2020-11-16,True
8160,3789,Lisa,Te Huia,PRINCIPAL,lisa.te huia@omaramaschool.school.nz,025-522-6183,2022-09-05,True
8161,3789,Nathan,Mahuta,SITE_MANAGER,nathan.mahuta@omaramaschool.school.nz,025-734-9803,2022-08-20,True
8162,3789,Ruby,Roberts,HS_REP,ruby.roberts@omaramaschool.school.nz,022-679-1217,2021-03-08,True
8163,3790,Liam,Smith,PRINCIPAL,liam.smith@ōpohoschool.school.nz,026-485-3346,2022-02-05,True
8164,3790,Stacey,Parker,SITE_MANAGER,stacey.parker@ōpohoschool.school.nz,023-264-9765,2020-12-18,True
8165,3790,Brooke,Scott,HS_REP,brooke.scott@ōpohoschool.school.nz,026-115-2191,2022-01-17,True
8166,3795,Paula,Campbell,PRINCIPAL,paula.campbell@outramschool.school.nz,025-270-8498,2020-02-29,True
8167,3795,Mason,Singh,SITE_MANAGER,mason.singh@outramschool.school.nz,028-669-5957,2021-01-07,True
8168,3795,Liam,Cooper,HS_REP,liam.cooper@outramschool.school.nz,024-637-2032,2021-09-11,True
8169,3795,Matthew,Hall,CARETAKER,matthew.hall@outramschool.school.nz,022-377-1487,2021-05-14,True
8170,3797,Tia,White,PRINCIPAL,tia.white@palmerstonschoo.school.nz,026-466-1753,2020-03-16,True
8171,3797,Matiu,Wong,SITE_MANAGER,matiu.wong@palmerstonschoo.school.nz,027-705-7413,2020-02-28,True
8172,3797,Reuben,Taukiri,HS_REP,reuben.taukiri@palmerstonschoo.school.nz,022-189-3483,2020-03-15,True
8173,3798,Max,Fraser,PRINCIPAL,max.fraser@papakaioschool.school.nz,027-232-9919,2021-11-23,True
8174,3798,Finn,Jones,SITE_MANAGER,finn.jones@papakaioschool.school.nz,026-916-8579,2020-03-08,True
8175,3798,Moana,Roberts,HS_REP,moana.roberts@papakaioschool.school.nz,023-818-5657,2020-07-19,True
8176,3801,Tia,Taukiri,PRINCIPAL,tia.taukiri@pinehillschool(.school.nz,025-311-2030,2022-07-12,True
8177,3801,Aroha,Robinson,SITE_MANAGER,aroha.robinson@pinehillschool(.school.nz,021-946-5648,2022-04-13,True
8178,3801,Ruby,Roberts,HS_REP,ruby.roberts@pinehillschool(.school.nz,026-920-8094,2021-09-23,True
8179,3801,Scott,Harawira,CARETAKER,scott.harawira@pinehillschool(.school.nz,024-201-2880,2020-01-30,True
8180,3802,Nicola,Martin,PRINCIPAL,nicola.martin@poolburnschool.school.nz,027-814-2413,2021-03-06,True
8181,3802,Noah,Mitchell,SITE_MANAGER,noah.mitchell@poolburnschool.school.nz,028-753-4113,2022-05-11,True
8182,3802,Maia,Kumar,HS_REP,maia.kumar@poolburnschool.school.nz,021-384-2405,2020-04-08,True
8183,3802,Hemi,Kim,CARETAKER,hemi.kim@poolburnschool.school.nz,028-397-6848,2021-02-23,True
8184,3803,Paula,Roberts,PRINCIPAL,paula.roberts@portchalmerssch.school.nz,025-324-3224,2022-09-04,True
8185,3803,Tracey,Williams,SITE_MANAGER,tracey.williams@portchalmerssch.school.nz,022-654-6552,2020-11-14,True
8186,3803,Karen,Stewart,HS_REP,karen.stewart@portchalmerssch.school.nz,023-123-8055,2021-04-16,True
8187,3805,Chris,Fitzgerald,PRINCIPAL,chris.fitzgerald@portobelloschoo.school.nz,027-499-3234,2021-09-21,True
8188,3805,Mark,Lee,SITE_MANAGER,mark.lee@portobelloschoo.school.nz,024-507-7817,2020-12-19,True
8189,3805,Tane,Wright,HS_REP,tane.wright@portobelloschoo.school.nz,022-963-3119,2021-10-12,True
8190,3807,Tia,Kumar,PRINCIPAL,tia.kumar@pūrākaunuischoo.school.nz,028-784-8035,2020-10-20,True
8191,3807,Max,Jones,SITE_MANAGER,max.jones@pūrākaunuischoo.school.nz,023-896-9039,2021-03-16,True
8192,3807,Caleb,Crawford,HS_REP,caleb.crawford@pūrākaunuischoo.school.nz,021-916-3079,2021-09-29,True
8193,3807,Georgia,Mitchell,CARETAKER,georgia.mitchell@pūrākaunuischoo.school.nz,025-997-3995,2022-08-04,True
8194,3808,Chris,Mahuta,PRINCIPAL,chris.mahuta@ravensbournesch.school.nz,027-736-3987,2021-12-11,True
8195,3808,James,Johnston,SITE_MANAGER,james.johnston@ravensbournesch.school.nz,027-597-7379,2020-03-14,True
8196,3808,Liam,Campbell,HS_REP,liam.campbell@ravensbournesch.school.nz,022-102-8753,2021-10-25,True
8197,3811,Kaia,Burns,PRINCIPAL,kaia.burns@romahapaschool.school.nz,028-792-5519,2021-07-01,True
8198,3811,Caleb,Cooper,SITE_MANAGER,caleb.cooper@romahapaschool.school.nz,028-761-2065,2021-05-10,True
8199,3811,Daniel,Brown,HS_REP,daniel.brown@romahapaschool.school.nz,021-892-5072,2020-09-15,True
8200,3811,Simon,Walker,CARETAKER,simon.walker@romahapaschool.school.nz,027-738-8217,2021-03-06,True
8201,3812,Holly,Morgan,PRINCIPAL,holly.morgan@rosebankschool(.school.nz,026-752-3052,2020-08-01,True
8202,3812,Daniel,Robinson,SITE_MANAGER,daniel.robinson@rosebankschool(.school.nz,024-109-6235,2020-02-05,True
8203,3812,Nicola,Palmer,HS_REP,nicola.palmer@rosebankschool(.school.nz,021-481-4476,2020-10-06,True
8204,3812,Wiremu,Kumar,CARETAKER,wiremu.kumar@rosebankschool(.school.nz,021-745-4187,2021-05-02,True
8205,3815,Moana,Scott,PRINCIPAL,moana.scott@sacredheartscho.school.nz,023-419-2249,2020-01-03,True
8206,3815,Tane,Taylor,SITE_MANAGER,tane.taylor@sacredheartscho.school.nz,026-230-1309,2020-09-01,True
8207,3815,Zara,Collins,HS_REP,zara.collins@sacredheartscho.school.nz,021-763-4923,2022-06-22,True
8208,3816,Matthew,Taylor,PRINCIPAL,matthew.taylor@tewhirikasaraco.school.nz,026-110-2464,2020-07-14,True
8209,3816,Joanne,Young,SITE_MANAGER,joanne.young@tewhirikasaraco.school.nz,022-451-5940,2022-02-13,True
8210,3816,Freya,Scott,HS_REP,freya.scott@tewhirikasaraco.school.nz,028-914-3847,2022-05-26,True
8211,3817,Charlotte,Tamati,PRINCIPAL,charlotte.tamati@sawyersbayschoo.school.nz,024-402-2085,2020-03-04,True
8212,3817,Jack,Scott,SITE_MANAGER,jack.scott@sawyersbayschoo.school.nz,025-660-2561,2021-04-12,True
8213,3817,Grace,Hill,HS_REP,grace.hill@sawyersbayschoo.school.nz,027-889-6850,2020-10-04,True
8214,3817,Moana,Williams,CARETAKER,moana.williams@sawyersbayschoo.school.nz,027-208-8861,2022-08-29,True
8215,3819,Grace,Kim,PRINCIPAL,grace.kim@stbernadettessc.school.nz,028-370-3668,2022-08-25,True
8216,3819,David,Turner,SITE_MANAGER,david.turner@stbernadettessc.school.nz,023-364-2919,2021-04-14,True
8217,3819,Ihaia,Baker,HS_REP,ihaia.baker@stbernadettessc.school.nz,021-927-2851,2022-02-15,True
8218,3819,Ethan,Mitchell,CARETAKER,ethan.mitchell@stbernadettessc.school.nz,027-589-7482,2021-09-22,True
8219,3820,Shane,Thompson,PRINCIPAL,shane.thompson@stbrigidsschool.school.nz,021-164-6516,2022-08-14,True
8220,3820,Jack,Gallagher,SITE_MANAGER,jack.gallagher@stbrigidsschool.school.nz,024-881-1538,2022-06-16,True
8221,3820,Caleb,Burns,HS_REP,caleb.burns@stbrigidsschool.school.nz,025-961-3676,2022-09-10,True
8222,3822,Rachel,Kim,PRINCIPAL,rachel.kim@stfrancisxavier.school.nz,026-571-8965,2022-07-06,True
8223,3822,Grace,Edwards,SITE_MANAGER,grace.edwards@stfrancisxavier.school.nz,025-552-9186,2021-04-23,True
8224,3822,Kauri,Hamilton,HS_REP,kauri.hamilton@stfrancisxavier.school.nz,025-120-8305,2021-06-14,True
8225,3823,Nicola,Lee,PRINCIPAL,nicola.lee@stgerardsschool.school.nz,021-315-6702,2020-04-30,True
8226,3823,Jessica,Martin,SITE_MANAGER,jessica.martin@stgerardsschool.school.nz,022-987-5094,2021-06-12,True
8227,3823,Nathan,Johnston,HS_REP,nathan.johnston@stgerardsschool.school.nz,024-471-4641,2022-09-07,True
8228,3823,Caleb,Lee,CARETAKER,caleb.lee@stgerardsschool.school.nz,028-838-1404,2020-04-27,True
8229,3824,Emma,Anderson,PRINCIPAL,emma.anderson@stjohnsschool(r.school.nz,024-782-9562,2020-09-19,True
8230,3824,Luke,Martin,SITE_MANAGER,luke.martin@stjohnsschool(r.school.nz,026-775-8573,2021-05-17,True
8231,3824,Tia,Russell,HS_REP,tia.russell@stjohnsschool(r.school.nz,026-868-8134,2021-06-22,True
8232,3824,Moana,Jones,CARETAKER,moana.jones@stjohnsschool(r.school.nz,026-922-6866,2022-05-21,True
8233,3825,Olivia,Smith,PRINCIPAL,olivia.smith@stjosephsschool.school.nz,022-303-5816,2021-02-04,True
8234,3825,Shane,Kim,SITE_MANAGER,shane.kim@stjosephsschool.school.nz,022-304-8206,2021-02-10,True
8235,3825,Kylie,Patel,HS_REP,kylie.patel@stjosephsschool.school.nz,024-796-7296,2020-03-27,True
8236,3826,Amelia,Palmer,PRINCIPAL,amelia.palmer@stjosephsschool.school.nz,022-103-8077,2020-08-07,True
8237,3826,Aroha,Robinson,SITE_MANAGER,aroha.robinson@stjosephsschool.school.nz,026-657-7018,2020-08-28,True
8238,3826,Nikau,Robinson,HS_REP,nikau.robinson@stjosephsschool.school.nz,023-938-8674,2021-02-11,True
8239,3827,Joanne,Campbell,PRINCIPAL,joanne.campbell@stjosephscathed.school.nz,022-339-7212,2021-05-21,True
8240,3827,Nikau,Green,SITE_MANAGER,nikau.green@stjosephscathed.school.nz,021-810-5630,2021-08-14,True
8241,3827,Sarah,Collins,HS_REP,sarah.collins@stjosephscathed.school.nz,025-841-4184,2021-01-17,True
8242,3829,Nathan,Walker,PRINCIPAL,nathan.walker@stleonardsschoo.school.nz,026-139-6973,2021-09-04,True
8243,3829,Luke,Stewart,SITE_MANAGER,luke.stewart@stleonardsschoo.school.nz,024-462-8927,2022-06-16,True
8244,3829,Isla,Roberts,HS_REP,isla.roberts@stleonardsschoo.school.nz,026-817-3281,2020-07-27,True
8245,3829,Tane,Robinson,CARETAKER,tane.robinson@stleonardsschoo.school.nz,024-889-4741,2020-07-23,True
8246,3830,Karen,Stewart,PRINCIPAL,karen.stewart@stmarysschool(d.school.nz,027-742-8764,2020-10-13,True
8247,3830,Matiu,Brown,SITE_MANAGER,matiu.brown@stmarysschool(d.school.nz,027-477-8197,2021-11-24,True
8248,3830,Max,Stewart,HS_REP,max.stewart@stmarysschool(d.school.nz,027-846-2920,2021-08-21,True
8249,3830,Finn,Fitzgerald,CARETAKER,finn.fitzgerald@stmarysschool(d.school.nz,027-154-6792,2021-09-25,True
8250,3831,Scott,Burns,PRINCIPAL,scott.burns@stmarysschool(m.school.nz,027-552-6480,2021-06-27,True
8251,3831,Max,Burns,SITE_MANAGER,max.burns@stmarysschool(m.school.nz,028-322-1178,2020-08-04,True
8252,3831,Ryan,Smith,HS_REP,ryan.smith@stmarysschool(m.school.nz,021-711-5982,2021-01-29,True
8253,3832,Wiremu,Gallagher,PRINCIPAL,wiremu.gallagher@stmarysschool(m.school.nz,021-684-9958,2022-04-24,True
8254,3832,Sam,Edwards,SITE_MANAGER,sam.edwards@stmarysschool(m.school.nz,022-514-6003,2021-07-22,True
8255,3832,Shane,Harawira,HS_REP,shane.harawira@stmarysschool(m.school.nz,022-478-5669,2020-03-15,True
8256,3832,Nikau,Rewi,CARETAKER,nikau.rewi@stmarysschool(m.school.nz,023-488-7012,2020-02-16,True
8257,3834,Rachel,Singh,PRINCIPAL,rachel.singh@stpeterchanelsc.school.nz,023-851-3193,2020-03-16,True
8258,3834,James,Mahuta,SITE_MANAGER,james.mahuta@stpeterchanelsc.school.nz,028-712-6851,2021-07-03,True
8259,3834,Chris,Russell,HS_REP,chris.russell@stpeterchanelsc.school.nz,027-486-4039,2020-08-02,True
8260,3834,Nicola,Tamati,CARETAKER,nicola.tamati@stpeterchanelsc.school.nz,028-879-8381,2021-03-04,True
8261,3835,Aria,Harris,PRINCIPAL,aria.harris@stclairschool.school.nz,023-598-5339,2022-09-05,True
8262,3835,Joanne,Gray,SITE_MANAGER,joanne.gray@stclairschool.school.nz,028-442-5389,2020-03-29,True
8263,3835,Stacey,Hill,HS_REP,stacey.hill@stclairschool.school.nz,021-233-1534,2022-06-28,True
8264,3835,Tane,Gallagher,CARETAKER,tane.gallagher@stclairschool.school.nz,025-510-3205,2020-11-05,True
8265,3836,Finn,Walker,PRINCIPAL,finn.walker@stirlingschool.school.nz,022-460-5789,2020-04-19,True
8266,3836,Ruby,Scott,SITE_MANAGER,ruby.scott@stirlingschool.school.nz,026-937-1309,2021-08-21,True
8267,3836,Finn,Kim,HS_REP,finn.kim@stirlingschool.school.nz,027-583-6155,2020-04-13,True
8268,3837,Daniel,Mitchell,PRINCIPAL,daniel.mitchell@strathtaierisch.school.nz,027-313-1122,2020-05-03,True
8269,3837,Mark,Edwards,SITE_MANAGER,mark.edwards@strathtaierisch.school.nz,025-779-8209,2020-04-18,True
8270,3837,Matthew,Watson,HS_REP,matthew.watson@strathtaierisch.school.nz,023-502-3170,2021-06-16,True
8271,3839,Jessica,Clarke,PRINCIPAL,jessica.clarke@tahunanormalint.school.nz,025-763-9583,2020-11-19,True
8272,3839,Kaia,Palmer,SITE_MANAGER,kaia.palmer@tahunanormalint.school.nz,022-218-6129,2022-07-16,True
8273,3839,Kylie,Taukiri,HS_REP,kylie.taukiri@tahunanormalint.school.nz,025-604-9052,2022-03-15,True
8274,3840,Ihaia,Bennett,PRINCIPAL,ihaia.bennett@taieribeachscho.school.nz,021-371-7603,2021-09-03,True
8275,3840,Stacey,Rewi,SITE_MANAGER,stacey.rewi@taieribeachscho.school.nz,023-240-2300,2021-05-21,True
8276,3840,Kaia,Rewi,HS_REP,kaia.rewi@taieribeachscho.school.nz,028-869-3705,2022-01-31,True
8277,3840,Craig,Harawira,CARETAKER,craig.harawira@taieribeachscho.school.nz,021-225-4567,2020-11-22,True
8278,3841,Simon,Turner,PRINCIPAL,simon.turner@tainuischool.school.nz,026-238-4082,2020-02-26,True
8279,3841,Ihaia,Parker,SITE_MANAGER,ihaia.parker@tainuischool.school.nz,026-178-8044,2022-06-18,True
8280,3841,Anika,Gray,HS_REP,anika.gray@tainuischool.school.nz,025-249-2104,2021-05-15,True
8281,3841,Sophie,Scott,CARETAKER,sophie.scott@tainuischool.school.nz,027-158-4608,2022-02-28,True
8282,3842,Joanne,Te Huia,PRINCIPAL,joanne.te huia@tapanuischool.school.nz,021-110-5003,2020-08-20,True
8283,3842,Ryan,Henderson,SITE_MANAGER,ryan.henderson@tapanuischool.school.nz,023-932-2864,2020-06-28,True
8284,3842,Kylie,Palmer,HS_REP,kylie.palmer@tapanuischool.school.nz,023-163-4537,2022-06-28,True
8285,3842,Nicola,Roberts,CARETAKER,nicola.roberts@tapanuischool.school.nz,024-191-6358,2021-04-17,True
8286,3843,Mason,Tamati,PRINCIPAL,mason.tamati@tarrasschool.school.nz,024-985-2494,2021-06-14,True
8287,3843,Hemi,Robinson,SITE_MANAGER,hemi.robinson@tarrasschool.school.nz,021-595-3420,2022-07-19,True
8288,3843,Kauri,Wilson,HS_REP,kauri.wilson@tarrasschool.school.nz,028-266-5538,2021-10-29,True
8289,3844,Charlotte,Fraser,PRINCIPAL,charlotte.fraser@theterraceschoo.school.nz,026-827-4527,2020-06-14,True
8290,3844,Sarah,Thompson,SITE_MANAGER,sarah.thompson@theterraceschoo.school.nz,024-738-5991,2022-03-23,True
8291,3844,Stacey,Burns,HS_REP,stacey.burns@theterraceschoo.school.nz,024-797-1822,2020-02-10,True
8292,3845,Sarah,Mahuta,PRINCIPAL,sarah.mahuta@tokoitischool.school.nz,021-400-6841,2020-05-05,True
8293,3845,Matthew,Patel,SITE_MANAGER,matthew.patel@tokoitischool.school.nz,022-865-1865,2021-06-04,True
8294,3845,Ben,Watson,HS_REP,ben.watson@tokoitischool.school.nz,027-197-6858,2021-04-27,True
8295,3847,Sophie,Johnston,PRINCIPAL,sophie.johnston@totaraschool.school.nz,024-466-7181,2020-12-31,True
8296,3847,Josh,Anderson,SITE_MANAGER,josh.anderson@totaraschool.school.nz,026-435-1207,2021-07-30,True
8297,3847,Tracey,Kim,HS_REP,tracey.kim@totaraschool.school.nz,024-129-2961,2020-09-12,True
8298,3850,Ruby,Rewi,PRINCIPAL,ruby.rewi@waiholadistrict.school.nz,022-765-3970,2021-09-10,True
8299,3850,Sophie,Martin,SITE_MANAGER,sophie.martin@waiholadistrict.school.nz,025-895-7721,2021-08-12,True
8300,3850,Wiremu,Jones,HS_REP,wiremu.jones@waiholadistrict.school.nz,028-232-1398,2020-05-07,True
8301,3850,Hayley,Singh,CARETAKER,hayley.singh@waiholadistrict.school.nz,028-971-6403,2021-07-20,True
8302,3851,Paula,Russell,PRINCIPAL,paula.russell@waikoikoischool.school.nz,027-949-7756,2022-07-10,True
8303,3851,Andrew,Roberts,SITE_MANAGER,andrew.roberts@waikoikoischool.school.nz,021-272-7981,2020-02-25,True
8304,3851,Caleb,Henderson,HS_REP,caleb.henderson@waikoikoischool.school.nz,027-522-3613,2022-02-09,True
8305,3852,Georgia,Cooper,PRINCIPAL,georgia.cooper@waikouaitischoo.school.nz,026-297-5672,2021-09-29,True
8306,3852,Kaia,Wilson,SITE_MANAGER,kaia.wilson@waikouaitischoo.school.nz,028-167-2463,2020-10-05,True
8307,3852,Ryan,Hill,HS_REP,ryan.hill@waikouaitischoo.school.nz,027-309-5244,2020-07-10,True
8308,3852,Mason,Green,CARETAKER,mason.green@waikouaitischoo.school.nz,026-462-5340,2021-03-09,True
8309,3855,Brooke,Morgan,PRINCIPAL,brooke.morgan@waitahunaschool.school.nz,021-766-5105,2021-01-11,True
8310,3855,Nicola,Martin,SITE_MANAGER,nicola.martin@waitahunaschool.school.nz,022-467-4659,2022-02-25,True
8311,3855,Sarah,Kumar,HS_REP,sarah.kumar@waitahunaschool.school.nz,026-799-9352,2020-09-06,True
8312,3855,Amber,Gray,CARETAKER,amber.gray@waitahunaschool.school.nz,027-963-8751,2022-09-19,True
8313,3857,Mason,Rewi,PRINCIPAL,mason.rewi@waitatischool.school.nz,025-615-2044,2021-07-26,True
8314,3857,Josh,Hall,SITE_MANAGER,josh.hall@waitatischool.school.nz,027-947-8559,2021-09-09,True
8315,3857,Anika,Lee,HS_REP,anika.lee@waitatischool.school.nz,023-603-1898,2021-02-12,True
8316,3857,Reuben,Taukiri,CARETAKER,reuben.taukiri@waitatischool.school.nz,022-217-9804,2021-09-24,True
8317,3858,Nikau,Edwards,PRINCIPAL,nikau.edwards@waiwerasouthsch.school.nz,026-156-5869,2022-02-24,True
8318,3858,Luke,Russell,SITE_MANAGER,luke.russell@waiwerasouthsch.school.nz,024-201-5619,2020-03-05,True
8319,3858,Jessica,Jones,HS_REP,jessica.jones@waiwerasouthsch.school.nz,027-139-3541,2021-01-08,True
8320,3858,Donna,Edwards,CARETAKER,donna.edwards@waiwerasouthsch.school.nz,026-433-1711,2020-02-12,True
8321,3859,Josh,Burns,PRINCIPAL,josh.burns@wakarischool.school.nz,025-342-8578,2020-12-23,True
8322,3859,Tracey,Smith,SITE_MANAGER,tracey.smith@wakarischool.school.nz,024-326-9979,2021-09-06,True
8323,3859,Finn,Tamati,HS_REP,finn.tamati@wakarischool.school.nz,028-582-1636,2021-10-03,True
8324,3861,Liam,Harawira,PRINCIPAL,liam.harawira@warepaschool.school.nz,026-802-8949,2021-12-11,True
8325,3861,Charlotte,Watson,SITE_MANAGER,charlotte.watson@warepaschool.school.nz,028-390-2084,2020-08-30,True
8326,3861,Andrew,Bennett,HS_REP,andrew.bennett@warepaschool.school.nz,022-988-1722,2021-09-28,True
8327,3862,Aroha,Wong,PRINCIPAL,aroha.wong@warringtonschoo.school.nz,021-403-8414,2021-02-19,True
8328,3862,Stacey,Hill,SITE_MANAGER,stacey.hill@warringtonschoo.school.nz,024-220-2061,2020-06-09,True
8329,3862,Jack,Fitzgerald,HS_REP,jack.fitzgerald@warringtonschoo.school.nz,023-819-7827,2021-08-16,True
8330,3862,Rachel,Kumar,CARETAKER,rachel.kumar@warringtonschoo.school.nz,023-871-7799,2020-02-20,True
8331,3864,Kauri,Morgan,PRINCIPAL,kauri.morgan@westonschool.school.nz,024-156-5306,2021-02-26,True
8332,3864,Michelle,Cooper,SITE_MANAGER,michelle.cooper@westonschool.school.nz,025-850-4208,2021-07-11,True
8333,3864,Jessica,Gray,HS_REP,jessica.gray@westonschool.school.nz,027-638-7538,2020-01-29,True
8334,3930,Nathan,Rewi,PRINCIPAL,nathan.rewi@arrowtownschool.school.nz,024-773-7012,2020-10-07,True
8335,3930,Nikau,Clarke,SITE_MANAGER,nikau.clarke@arrowtownschool.school.nz,028-974-2826,2022-08-17,True
8336,3930,Donna,Robinson,HS_REP,donna.robinson@arrowtownschool.school.nz,027-273-9382,2022-01-08,True
8337,3932,Lisa,Mahuta,PRINCIPAL,lisa.mahuta@balfourschool.school.nz,021-301-6736,2020-04-14,True
8338,3932,Sam,Walker,SITE_MANAGER,sam.walker@balfourschool.school.nz,026-363-3687,2022-04-23,True
8339,3932,Liam,Thompson,HS_REP,liam.thompson@balfourschool.school.nz,023-101-3746,2022-08-07,True
8340,3935,Anika,Fraser,PRINCIPAL,anika.fraser@hillsideprimary.school.nz,026-123-5650,2020-11-23,True
8341,3935,Charlotte,Bennett,SITE_MANAGER,charlotte.bennett@hillsideprimary.school.nz,027-371-5903,2021-10-14,True
8342,3935,Hemi,Te Huia,HS_REP,hemi.te huia@hillsideprimary.school.nz,025-545-4122,2022-01-03,True
8343,3935,Daniel,Parker,CARETAKER,daniel.parker@hillsideprimary.school.nz,028-273-2593,2021-09-16,True
8344,3938,Mere,Turner,PRINCIPAL,mere.turner@haurokovalleypr.school.nz,024-216-7536,2020-04-14,True
8345,3938,Joanne,Jones,SITE_MANAGER,joanne.jones@haurokovalleypr.school.nz,023-482-5961,2022-03-08,True
8346,3938,Ruby,Stewart,HS_REP,ruby.stewart@haurokovalleypr.school.nz,023-394-9571,2020-10-10,True
8347,3943,Tane,Harawira,PRINCIPAL,tane.harawira@diptonschool.school.nz,028-189-4891,2020-06-09,True
8348,3943,Lisa,Edwards,SITE_MANAGER,lisa.edwards@diptonschool.school.nz,025-787-1685,2021-02-25,True
8349,3943,David,Baker,HS_REP,david.baker@diptonschool.school.nz,027-752-1706,2020-08-02,True
8350,3946,Liam,Morgan,PRINCIPAL,liam.morgan@eastgoreschool.school.nz,021-766-9122,2021-12-31,True
8351,3946,Mere,Clarke,SITE_MANAGER,mere.clarke@eastgoreschool.school.nz,025-470-6175,2020-07-29,True
8352,3946,Ihaia,Campbell,HS_REP,ihaia.campbell@eastgoreschool.school.nz,027-798-8334,2020-10-26,True
8353,3946,Daniel,Williams,CARETAKER,daniel.williams@eastgoreschool.school.nz,021-906-9642,2022-08-30,True
8354,3947,Amelia,Cooper,PRINCIPAL,amelia.cooper@edendaleschool(.school.nz,021-901-4584,2022-01-21,True
8355,3947,Jack,Harawira,SITE_MANAGER,jack.harawira@edendaleschool(.school.nz,027-120-3573,2022-08-31,True
8356,3947,Liam,Wilson,HS_REP,liam.wilson@edendaleschool(.school.nz,027-134-8576,2020-06-25,True
8357,3947,Rachel,Martin,CARETAKER,rachel.martin@edendaleschool(.school.nz,023-537-9511,2021-12-27,True
8358,3953,Ryan,Hall,PRINCIPAL,ryan.hall@garstonschool.school.nz,026-347-9772,2020-01-06,True
8359,3953,Noah,Watson,SITE_MANAGER,noah.watson@garstonschool.school.nz,026-698-3428,2021-04-13,True
8360,3953,Donna,Taukiri,HS_REP,donna.taukiri@garstonschool.school.nz,025-296-1236,2022-07-24,True
8361,3953,Paula,Wong,CARETAKER,paula.wong@garstonschool.school.nz,024-908-5898,2020-02-16,True
8362,3955,Amber,Russell,PRINCIPAL,amber.russell@glenorchyschool.school.nz,021-886-8046,2020-04-20,True
8363,3955,Maia,Russell,SITE_MANAGER,maia.russell@glenorchyschool.school.nz,023-731-5828,2021-06-12,True
8364,3955,Georgia,Hamilton,HS_REP,georgia.hamilton@glenorchyschool.school.nz,022-890-6600,2020-06-11,True
8365,3955,Joanne,Wilson,CARETAKER,joanne.wilson@glenorchyschool.school.nz,025-175-3312,2020-04-13,True
8366,3956,Olivia,Nguyen,PRINCIPAL,olivia.nguyen@goremainschool.school.nz,023-135-9917,2021-11-26,True
8367,3956,Olivia,Lee,SITE_MANAGER,olivia.lee@goremainschool.school.nz,023-854-3066,2021-03-22,True
8368,3956,Maia,Murray,HS_REP,maia.murray@goremainschool.school.nz,025-748-9134,2022-05-31,True
8369,3957,Amber,Fitzgerald,PRINCIPAL,amber.fitzgerald@gorgeroadschool.school.nz,026-768-5909,2021-01-14,True
8370,3957,Max,Clarke,SITE_MANAGER,max.clarke@gorgeroadschool.school.nz,023-855-4009,2021-06-27,True
8371,3957,Jack,Tamati,HS_REP,jack.tamati@gorgeroadschool.school.nz,028-213-8945,2022-05-21,True
8372,3961,Rawiri,Clarke,PRINCIPAL,rawiri.clarke@halfmoonbayscho.school.nz,026-352-8162,2020-06-23,True
8373,3961,Donna,Tamati,SITE_MANAGER,donna.tamati@halfmoonbayscho.school.nz,028-987-4023,2022-07-24,True
8374,3961,Grant,Nguyen,HS_REP,grant.nguyen@halfmoonbayscho.school.nz,028-102-1471,2021-01-08,True
8375,3961,Ben,Fitzgerald,CARETAKER,ben.fitzgerald@halfmoonbayscho.school.nz,025-613-1287,2021-08-14,True
8376,3963,Jessica,Nguyen,PRINCIPAL,jessica.nguyen@heddonbushschoo.school.nz,023-111-7748,2020-05-01,True
8377,3963,Hayley,Morgan,SITE_MANAGER,hayley.morgan@heddonbushschoo.school.nz,025-583-4047,2021-11-12,True
8378,3963,Daniel,Robinson,HS_REP,daniel.robinson@heddonbushschoo.school.nz,022-415-6740,2022-03-23,True
8379,3963,Nicola,Watson,CARETAKER,nicola.watson@heddonbushschoo.school.nz,026-433-9553,2022-03-18,True
8380,3964,Maia,Harawira,PRINCIPAL,maia.harawira@hedgehopeschool.school.nz,025-413-2095,2022-03-22,True
8381,3964,Scott,Cooper,SITE_MANAGER,scott.cooper@hedgehopeschool.school.nz,022-411-4332,2020-06-04,True
8382,3964,Sophie,Mitchell,HS_REP,sophie.mitchell@hedgehopeschool.school.nz,026-642-9428,2021-10-05,True
8383,3966,Amber,Brown,PRINCIPAL,amber.brown@invercargillmid.school.nz,027-490-9229,2021-02-28,True
8384,3966,Josh,Roberts,SITE_MANAGER,josh.roberts@invercargillmid.school.nz,026-889-8166,2021-03-03,True
8385,3966,Chris,Collins,HS_REP,chris.collins@invercargillmid.school.nz,023-273-3508,2021-09-20,True
8386,3967,Nicola,Harris,PRINCIPAL,nicola.harris@windsornorthsch.school.nz,027-777-9201,2021-10-29,True
8387,3967,Maia,Singh,SITE_MANAGER,maia.singh@windsornorthsch.school.nz,021-796-9664,2022-01-16,True
8388,3967,Shane,Edwards,HS_REP,shane.edwards@windsornorthsch.school.nz,021-787-7373,2021-08-30,True
8389,3967,Shane,Johnston,CARETAKER,shane.johnston@windsornorthsch.school.nz,028-101-1500,2022-08-29,True
8390,3973,Nicola,Hall,PRINCIPAL,nicola.hall@knapdaleschool.school.nz,023-359-7096,2022-02-05,True
8391,3973,Karen,Harris,SITE_MANAGER,karen.harris@knapdaleschool.school.nz,028-946-9847,2021-03-27,True
8392,3973,Lisa,Wong,HS_REP,lisa.wong@knapdaleschool.school.nz,027-939-5804,2021-06-28,True
8393,3975,Ethan,Taukiri,PRINCIPAL,ethan.taukiri@limehillsschool.school.nz,024-447-8511,2021-05-06,True
8394,3975,Mason,Taylor,SITE_MANAGER,mason.taylor@limehillsschool.school.nz,021-439-7424,2022-02-09,True
8395,3975,Emma,Te Huia,HS_REP,emma.te huia@limehillsschool.school.nz,026-240-9365,2022-05-28,True
8396,3975,Mere,Turner,CARETAKER,mere.turner@limehillsschool.school.nz,024-402-2958,2021-01-23,True
8397,3977,Max,Singh,PRINCIPAL,max.singh@lochielschool.school.nz,024-968-5056,2021-02-16,True
8398,3977,Michelle,Edwards,SITE_MANAGER,michelle.edwards@lochielschool.school.nz,023-611-9024,2021-05-06,True
8399,3977,Michelle,Henderson,HS_REP,michelle.henderson@lochielschool.school.nz,022-809-7062,2022-09-02,True
8400,3980,Luke,Brown,PRINCIPAL,luke.brown@lumsdenschool.school.nz,027-412-7781,2021-06-17,True
8401,3980,Amelia,Singh,SITE_MANAGER,amelia.singh@lumsdenschool.school.nz,027-734-7346,2020-07-10,True
8402,3980,Reuben,Baker,HS_REP,reuben.baker@lumsdenschool.school.nz,027-279-5727,2021-02-23,True
8403,3980,Hemi,Taylor,CARETAKER,hemi.taylor@lumsdenschool.school.nz,021-454-8576,2021-03-07,True
8404,3982,Max,Jones,PRINCIPAL,max.jones@makarewaschool.school.nz,028-207-8576,2021-01-08,True
8405,3982,Moana,Rewi,SITE_MANAGER,moana.rewi@makarewaschool.school.nz,023-206-9576,2021-10-13,True
8406,3982,Mark,Henare,HS_REP,mark.henare@makarewaschool.school.nz,027-997-1306,2021-03-05,True
8407,3982,Brooke,Kumar,CARETAKER,brooke.kumar@makarewaschool.school.nz,028-319-9674,2021-08-17,True
8408,3984,Zara,Robinson,PRINCIPAL,zara.robinson@mararoaschool.school.nz,021-651-5640,2021-06-02,True
8409,3984,Mason,Nguyen,SITE_MANAGER,mason.nguyen@mararoaschool.school.nz,024-188-3034,2020-01-05,True
8410,3984,Sophie,Kim,HS_REP,sophie.kim@mararoaschool.school.nz,021-676-5016,2022-06-21,True
8411,3986,Nathan,Rewi,PRINCIPAL,nathan.rewi@matauraschool.school.nz,023-941-5441,2020-12-11,True
8412,3986,Chris,Wong,SITE_MANAGER,chris.wong@matauraschool.school.nz,027-825-2922,2021-08-23,True
8413,3986,Amber,Baker,HS_REP,amber.baker@matauraschool.school.nz,027-103-6586,2022-08-05,True
8414,3990,Nikau,Henderson,PRINCIPAL,nikau.henderson@mossburnschool.school.nz,025-731-2152,2020-09-09,True
8415,3990,Mason,Parker,SITE_MANAGER,mason.parker@mossburnschool.school.nz,023-961-9930,2020-03-15,True
8416,3990,Wiremu,Taylor,HS_REP,wiremu.taylor@mossburnschool.school.nz,022-910-7102,2020-07-13,True
8417,3990,Maia,Gray,CARETAKER,maia.gray@mossburnschool.school.nz,027-834-6364,2021-12-07,True
8418,3991,Moana,Wright,PRINCIPAL,moana.wright@myrossbushschoo.school.nz,021-917-6820,2022-03-29,True
8419,3991,Anika,Mitchell,SITE_MANAGER,anika.mitchell@myrossbushschoo.school.nz,023-917-9427,2022-08-24,True
8420,3991,Ihaia,Brown,HS_REP,ihaia.brown@myrossbushschoo.school.nz,026-325-1460,2021-05-19,True
8421,3991,Grace,Johnston,CARETAKER,grace.johnston@myrossbushschoo.school.nz,026-691-8848,2020-07-26,True
8422,3997,Holly,Anderson,PRINCIPAL,holly.anderson@otamaschool.school.nz,026-426-4322,2022-06-27,True
8423,3997,Simon,Wright,SITE_MANAGER,simon.wright@otamaschool.school.nz,022-358-1722,2021-05-06,True
8424,3997,Jack,Campbell,HS_REP,jack.campbell@otamaschool.school.nz,027-494-3238,2022-07-04,True
8425,4000,Zara,Bennett,PRINCIPAL,zara.bennett@otataraschool.school.nz,021-133-8883,2020-02-16,True
8426,4000,Nicola,Te Huia,SITE_MANAGER,nicola.te huia@otataraschool.school.nz,024-409-2935,2020-10-23,True
8427,4000,Rachel,Young,HS_REP,rachel.young@otataraschool.school.nz,028-521-1811,2020-08-16,True
8428,4000,Anika,Harris,CARETAKER,anika.harris@otataraschool.school.nz,026-659-4190,2022-06-23,True
8429,4001,Nicola,Gallagher,PRINCIPAL,nicola.gallagher@otautauschool.school.nz,024-843-6555,2020-04-13,True
8430,4001,Sarah,Henare,SITE_MANAGER,sarah.henare@otautauschool.school.nz,025-842-1257,2021-11-01,True
8431,4001,Caleb,Campbell,HS_REP,caleb.campbell@otautauschool.school.nz,027-998-4648,2020-03-25,True
8432,4001,Shane,Fitzgerald,CARETAKER,shane.fitzgerald@otautauschool.school.nz,025-540-6366,2021-06-06,True
8433,4003,Mark,White,PRINCIPAL,mark.white@pukerauschool.school.nz,024-872-1687,2022-09-13,True
8434,4003,Michelle,Clarke,SITE_MANAGER,michelle.clarke@pukerauschool.school.nz,024-170-4640,2020-09-09,True
8435,4003,Max,Russell,HS_REP,max.russell@pukerauschool.school.nz,025-161-5185,2021-07-06,True
8436,4005,Tracey,Hill,PRINCIPAL,tracey.hill@queenstownprima.school.nz,027-259-6779,2020-06-02,True
8437,4005,Tia,Mahuta,SITE_MANAGER,tia.mahuta@queenstownprima.school.nz,024-139-2082,2022-08-25,True
8438,4005,Wiremu,Roberts,HS_REP,wiremu.roberts@queenstownprima.school.nz,027-574-7761,2021-03-18,True
8439,4005,Jack,Harawira,CARETAKER,jack.harawira@queenstownprima.school.nz,024-693-5399,2021-12-10,True
8440,4006,Luke,Russell,PRINCIPAL,luke.russell@rimuschool.school.nz,026-302-7119,2020-02-16,True
8441,4006,David,Clarke,SITE_MANAGER,david.clarke@rimuschool.school.nz,027-752-2244,2020-10-25,True
8442,4006,Aria,Bennett,HS_REP,aria.bennett@rimuschool.school.nz,025-595-1064,2021-12-12,True
8443,4006,Wiremu,Young,CARETAKER,wiremu.young@rimuschool.school.nz,028-598-3665,2022-07-13,True
8444,4007,Sophie,Lee,PRINCIPAL,sophie.lee@riversdaleschoo.school.nz,024-921-7093,2020-06-10,True
8445,4007,Nicola,Rewi,SITE_MANAGER,nicola.rewi@riversdaleschoo.school.nz,023-863-8017,2021-04-01,True
8446,4007,Charlotte,Hamilton,HS_REP,charlotte.hamilton@riversdaleschoo.school.nz,028-757-6908,2021-05-12,True
8447,4007,Caleb,Wilson,CARETAKER,caleb.wilson@riversdaleschoo.school.nz,027-663-7905,2021-08-13,True
8448,4008,Jessica,Te Huia,PRINCIPAL,jessica.te huia@rivertonschool.school.nz,025-185-9206,2020-09-23,True
8449,4008,Nikau,Turner,SITE_MANAGER,nikau.turner@rivertonschool.school.nz,023-486-2189,2021-12-07,True
8450,4008,Shane,Kim,HS_REP,shane.kim@rivertonschool.school.nz,022-342-9377,2022-03-29,True
8451,4008,Sophie,Hamilton,CARETAKER,sophie.hamilton@rivertonschool.school.nz,023-802-6699,2020-07-17,True
8452,4011,Grace,Young,PRINCIPAL,grace.young@ruruspecialscho.school.nz,024-336-1749,2020-03-29,True
8453,4011,Rawiri,Turner,SITE_MANAGER,rawiri.turner@ruruspecialscho.school.nz,025-834-3083,2022-07-30,True
8454,4011,Nikau,Jones,HS_REP,nikau.jones@ruruspecialscho.school.nz,024-463-5448,2021-11-02,True
8455,4011,Noah,Turner,CARETAKER,noah.turner@ruruspecialscho.school.nz,023-351-7201,2020-03-05,True
8456,4013,Joanne,Parker,PRINCIPAL,joanne.parker@sacredheartscho.school.nz,024-302-4677,2020-11-25,True
8457,4013,Grace,Wong,SITE_MANAGER,grace.wong@sacredheartscho.school.nz,024-378-6913,2020-01-30,True
8458,4013,Karen,Hall,HS_REP,karen.hall@sacredheartscho.school.nz,028-791-8227,2020-04-11,True
8459,4013,Sam,Walker,CARETAKER,sam.walker@sacredheartscho.school.nz,026-781-9420,2022-03-25,True
8460,4014,Tia,Turner,PRINCIPAL,tia.turner@salfordschool.school.nz,021-671-8382,2022-04-14,True
8461,4014,Donna,Tamati,SITE_MANAGER,donna.tamati@salfordschool.school.nz,028-353-3292,2020-04-07,True
8462,4014,Caleb,Hamilton,HS_REP,caleb.hamilton@salfordschool.school.nz,024-397-4196,2021-02-06,True
8463,4014,Craig,Tamati,CARETAKER,craig.tamati@salfordschool.school.nz,025-457-9038,2021-07-26,True
8464,4016,Isla,Edwards,PRINCIPAL,isla.edwards@stjosephsschool.school.nz,023-543-8529,2022-07-23,True
8465,4016,Mason,Thompson,SITE_MANAGER,mason.thompson@stjosephsschool.school.nz,022-529-8866,2020-02-13,True
8466,4016,Rawiri,Wong,HS_REP,rawiri.wong@stjosephsschool.school.nz,026-986-4193,2021-12-13,True
8467,4017,Brooke,Robinson,PRINCIPAL,brooke.robinson@stjosephsschool.school.nz,028-750-5059,2021-09-18,True
8468,4017,Georgia,Collins,SITE_MANAGER,georgia.collins@stjosephsschool.school.nz,022-257-7299,2022-03-11,True
8469,4017,Nicola,Taukiri,HS_REP,nicola.taukiri@stjosephsschool.school.nz,027-121-4188,2021-06-16,True
8470,4017,Reuben,Edwards,CARETAKER,reuben.edwards@stjosephsschool.school.nz,025-670-6865,2020-10-26,True
8471,4018,Kaia,Jones,PRINCIPAL,kaia.jones@stmarysschool(g.school.nz,027-307-2523,2022-01-16,True
8472,4018,Hemi,Fitzgerald,SITE_MANAGER,hemi.fitzgerald@stmarysschool(g.school.nz,022-874-3057,2020-11-07,True
8473,4018,Freya,Nguyen,HS_REP,freya.nguyen@stmarysschool(g.school.nz,027-715-6498,2021-12-27,True
8474,4018,Charlotte,Patel,CARETAKER,charlotte.patel@stmarysschool(g.school.nz,022-876-2388,2022-02-21,True
8475,4019,Emma,Hall,PRINCIPAL,emma.hall@stpatricksschoo.school.nz,024-382-8797,2022-05-19,True
8476,4019,Sarah,Brown,SITE_MANAGER,sarah.brown@stpatricksschoo.school.nz,026-896-3191,2021-06-30,True
8477,4019,Charlotte,Martin,HS_REP,charlotte.martin@stpatricksschoo.school.nz,026-190-7271,2022-07-01,True
8478,4019,Grace,Walker,CARETAKER,grace.walker@stpatricksschoo.school.nz,024-135-2787,2020-03-29,True
8479,4020,Liam,Martin,PRINCIPAL,liam.martin@stpatricksschoo.school.nz,025-446-7875,2020-03-07,True
8480,4020,Josh,Collins,SITE_MANAGER,josh.collins@stpatricksschoo.school.nz,021-272-3646,2020-09-30,True
8481,4020,Ben,Henare,HS_REP,ben.henare@stpatricksschoo.school.nz,027-682-1302,2022-06-06,True
8482,4021,Anika,Thompson,PRINCIPAL,anika.thompson@stteresasschool.school.nz,022-247-9096,2020-11-17,True
8483,4021,Lisa,Taylor,SITE_MANAGER,lisa.taylor@stteresasschool.school.nz,023-904-2162,2021-01-31,True
8484,4021,Amber,Green,HS_REP,amber.green@stteresasschool.school.nz,022-555-4284,2020-03-08,True
8485,4021,Ryan,Wright,CARETAKER,ryan.wright@stteresasschool.school.nz,025-585-5521,2022-07-17,True
8486,4022,Mason,Palmer,PRINCIPAL,mason.palmer@sttheresasschoo.school.nz,025-647-7429,2020-06-02,True
8487,4022,Josh,Parker,SITE_MANAGER,josh.parker@sttheresasschoo.school.nz,022-909-3482,2022-04-15,True
8488,4022,Noah,Scott,HS_REP,noah.scott@sttheresasschoo.school.nz,026-294-2366,2022-03-20,True
8489,4023,Simon,Wong,PRINCIPAL,simon.wong@stthomasschool(.school.nz,023-195-7882,2021-08-21,True
8490,4023,Brooke,Stewart,SITE_MANAGER,brooke.stewart@stthomasschool(.school.nz,027-906-6273,2020-05-10,True
8491,4023,Mere,Edwards,HS_REP,mere.edwards@stthomasschool(.school.nz,028-578-1074,2021-06-13,True
8492,4026,Jack,Turner,PRINCIPAL,jack.turner@teanauschool.school.nz,022-954-6385,2022-02-24,True
8493,4026,Ryan,Wright,SITE_MANAGER,ryan.wright@teanauschool.school.nz,021-792-8852,2021-10-20,True
8494,4026,Tia,Harawira,HS_REP,tia.harawira@teanauschool.school.nz,021-791-6847,2021-01-22,True
8495,4026,Michael,Hill,CARETAKER,michael.hill@teanauschool.school.nz,024-754-5359,2020-01-03,True
8496,4027,Nikau,Taylor,PRINCIPAL,nikau.taylor@tetipuaschool.school.nz,021-936-9180,2020-07-16,True
8497,4027,Nikau,Clarke,SITE_MANAGER,nikau.clarke@tetipuaschool.school.nz,027-529-1866,2020-11-12,True
8498,4027,Max,Fraser,HS_REP,max.fraser@tetipuaschool.school.nz,026-879-7366,2021-12-26,True
8499,4028,Jessica,Williams,PRINCIPAL,jessica.williams@thornburyschool.school.nz,024-746-5968,2021-12-01,True
8500,4028,Reuben,Singh,SITE_MANAGER,reuben.singh@thornburyschool.school.nz,025-458-5263,2022-09-10,True
8501,4028,Moana,Martin,HS_REP,moana.martin@thornburyschool.school.nz,022-703-1063,2021-06-23,True
8502,4029,Holly,Kim,PRINCIPAL,holly.kim@tisburyschool.school.nz,028-970-9289,2020-11-13,True
8503,4029,Holly,Burns,SITE_MANAGER,holly.burns@tisburyschool.school.nz,024-227-6307,2020-03-08,True
8504,4029,Aria,Smith,HS_REP,aria.smith@tisburyschool.school.nz,027-597-5198,2021-09-07,True
8505,4029,Emma,Campbell,CARETAKER,emma.campbell@tisburyschool.school.nz,028-381-3157,2020-11-17,True
8506,4030,Anika,Harris,PRINCIPAL,anika.harris@tokanuischool.school.nz,025-684-9398,2022-01-16,True
8507,4030,Craig,King,SITE_MANAGER,craig.king@tokanuischool.school.nz,022-640-1132,2022-06-17,True
8508,4030,Moana,Morgan,HS_REP,moana.morgan@tokanuischool.school.nz,024-887-9808,2020-07-31,True
8509,4032,Shane,Hill,PRINCIPAL,shane.hill@tuturauprimarys.school.nz,023-617-4335,2020-09-08,True
8510,4032,Hayley,Murray,SITE_MANAGER,hayley.murray@tuturauprimarys.school.nz,028-528-4697,2020-12-21,True
8511,4032,Liam,Campbell,HS_REP,liam.campbell@tuturauprimarys.school.nz,025-908-4120,2020-08-12,True
8512,4034,Joanne,Johnston,PRINCIPAL,joanne.johnston@waianiwaschool.school.nz,021-438-5843,2021-10-15,True
8513,4034,Kauri,Harris,SITE_MANAGER,kauri.harris@waianiwaschool.school.nz,027-748-4076,2022-04-18,True
8514,4034,Matthew,Collins,HS_REP,matthew.collins@waianiwaschool.school.nz,021-210-1880,2022-04-23,True
8515,4034,Tracey,Watson,CARETAKER,tracey.watson@waianiwaschool.school.nz,028-206-3191,2020-09-12,True
8516,4035,Liam,Turner,PRINCIPAL,liam.turner@waihopaischool.school.nz,021-407-6201,2021-10-06,True
8517,4035,Wiremu,Murray,SITE_MANAGER,wiremu.murray@waihopaischool.school.nz,022-986-6020,2022-08-24,True
8518,4035,Kauri,Gray,HS_REP,kauri.gray@waihopaischool.school.nz,024-270-8577,2022-02-28,True
8519,4035,Mark,Patel,CARETAKER,mark.patel@waihopaischool.school.nz,026-849-5199,2020-03-30,True
8520,4036,Zara,Wilson,PRINCIPAL,zara.wilson@waikaiaschool.school.nz,026-170-9477,2020-06-28,True
8521,4036,Donna,Robinson,SITE_MANAGER,donna.robinson@waikaiaschool.school.nz,024-361-9151,2020-12-08,True
8522,4036,Matiu,Fitzgerald,HS_REP,matiu.fitzgerald@waikaiaschool.school.nz,021-922-8598,2021-06-05,True
8523,4037,Kylie,Anderson,PRINCIPAL,kylie.anderson@waikakaschool.school.nz,022-332-8617,2022-04-12,True
8524,4037,Maia,Harris,SITE_MANAGER,maia.harris@waikakaschool.school.nz,028-930-8783,2020-04-07,True
8525,4037,Reuben,Baker,HS_REP,reuben.baker@waikakaschool.school.nz,022-388-7642,2020-07-13,True
8526,4046,Michael,Green,PRINCIPAL,michael.green@wallacetownscho.school.nz,028-922-3987,2020-03-03,True
8527,4046,Ben,Hall,SITE_MANAGER,ben.hall@wallacetownscho.school.nz,022-201-5683,2021-08-25,True
8528,4046,Ethan,Turner,HS_REP,ethan.turner@wallacetownscho.school.nz,025-853-2001,2021-02-01,True
8529,4047,Ben,Collins,PRINCIPAL,ben.collins@waverleyparksch.school.nz,025-940-1129,2021-11-18,True
8530,4047,Michael,Chen,SITE_MANAGER,michael.chen@waverleyparksch.school.nz,026-529-2916,2020-03-07,True
8531,4047,Mark,Tamati,HS_REP,mark.tamati@waverleyparksch.school.nz,026-201-6004,2021-07-10,True
8532,4050,Kaia,Baker,PRINCIPAL,kaia.baker@westgoreschool.school.nz,027-336-4103,2020-04-21,True
8533,4050,Olivia,Hill,SITE_MANAGER,olivia.hill@westgoreschool.school.nz,023-676-5054,2021-08-07,True
8534,4050,Emma,Henderson,HS_REP,emma.henderson@westgoreschool.school.nz,028-892-9942,2020-04-12,True
8535,4050,Stacey,Mahuta,CARETAKER,stacey.mahuta@westgoreschool.school.nz,028-733-2177,2021-11-28,True
8536,4052,Finn,Hall,PRINCIPAL,finn.hall@wintonschool.school.nz,024-699-5492,2021-08-07,True
8537,4052,Georgia,Hamilton,SITE_MANAGER,georgia.hamilton@wintonschool.school.nz,026-143-2784,2021-06-10,True
8538,4052,Noah,King,HS_REP,noah.king@wintonschool.school.nz,028-519-6726,2021-09-04,True
8539,4053,Tia,Bennett,PRINCIPAL,tia.bennett@woodlandsprimar.school.nz,021-232-7455,2022-09-01,True
8540,4053,Jack,Parker,SITE_MANAGER,jack.parker@woodlandsprimar.school.nz,028-370-8814,2020-03-25,True
8541,4053,Max,Mitchell,HS_REP,max.mitchell@woodlandsprimar.school.nz,025-159-6482,2022-07-22,True
8542,4054,David,Jones,PRINCIPAL,david.jones@wyndhamschool.school.nz,024-386-1562,2020-01-24,True
8543,4054,Amber,Palmer,SITE_MANAGER,amber.palmer@wyndhamschool.school.nz,028-401-4624,2020-10-27,True
8544,4054,Daniel,Fraser,HS_REP,daniel.fraser@wyndhamschool.school.nz,027-812-6497,2022-04-27,True
8545,4100,Rawiri,Henderson,PRINCIPAL,rawiri.henderson@balmoralsdascho.school.nz,022-621-4567,2020-11-20,True
8546,4100,Hemi,Cooper,SITE_MANAGER,hemi.cooper@balmoralsdascho.school.nz,027-870-4192,2021-05-19,True
8547,4100,Anika,Gray,HS_REP,anika.gray@balmoralsdascho.school.nz,025-942-1492,2020-02-22,True
8548,4101,Georgia,Hill,PRINCIPAL,georgia.hill@carncotindepend.school.nz,026-353-2245,2021-06-25,True
8549,4101,Karen,Parker,SITE_MANAGER,karen.parker@carncotindepend.school.nz,021-727-6396,2020-07-05,True
8550,4101,Stacey,Burns,HS_REP,stacey.burns@carncotindepend.school.nz,021-823-4113,2021-09-13,True
8551,4101,Grant,Palmer,CARETAKER,grant.palmer@carncotindepend.school.nz,021-942-4569,2021-12-17,True
8552,4104,Ihaia,Turner,PRINCIPAL,ihaia.turner@hadlowpreparato.school.nz,024-249-1975,2021-09-11,True
8553,4104,Aroha,Harris,SITE_MANAGER,aroha.harris@hadlowpreparato.school.nz,025-337-6004,2020-09-05,True
8554,4104,Zara,Wong,HS_REP,zara.wong@hadlowpreparato.school.nz,027-799-6555,2020-12-24,True
8555,4105,Olivia,Baker,PRINCIPAL,olivia.baker@hamiltonseventh.school.nz,024-619-9490,2021-09-03,True
8556,4105,Luke,Fitzgerald,SITE_MANAGER,luke.fitzgerald@hamiltonseventh.school.nz,023-382-3700,2022-03-30,True
8557,4105,Kaia,Anderson,HS_REP,kaia.anderson@hamiltonseventh.school.nz,027-888-6712,2022-07-08,True
8558,4107,Tia,Harawira,PRINCIPAL,tia.harawira@parksidechristi.school.nz,027-280-8650,2021-02-17,True
8559,4107,Rawiri,Parker,SITE_MANAGER,rawiri.parker@parksidechristi.school.nz,022-483-8956,2021-01-11,True
8560,4107,Jessica,Gray,HS_REP,jessica.gray@parksidechristi.school.nz,021-558-2277,2022-02-07,True
8561,4107,Ryan,Taukiri,CARETAKER,ryan.taukiri@parksidechristi.school.nz,026-641-2994,2021-07-30,True
8562,4108,Jessica,Robinson,PRINCIPAL,jessica.robinson@hereworthschool.school.nz,026-340-4639,2020-06-18,True
8563,4108,Max,Stewart,SITE_MANAGER,max.stewart@hereworthschool.school.nz,025-555-7967,2021-02-10,True
8564,4108,Paula,Murray,HS_REP,paula.murray@hereworthschool.school.nz,022-383-2354,2021-07-13,True
8565,4108,Charlotte,Henare,CARETAKER,charlotte.henare@hereworthschool.school.nz,021-157-5255,2021-07-03,True
8566,4109,Ryan,Russell,PRINCIPAL,ryan.russell@hōhepaschool.school.nz,023-547-7986,2022-08-02,True
8567,4109,Lisa,Palmer,SITE_MANAGER,lisa.palmer@hōhepaschool.school.nz,028-535-9467,2021-10-12,True
8568,4109,Finn,Mitchell,HS_REP,finn.mitchell@hōhepaschool.school.nz,025-896-4841,2020-03-21,True
8569,4109,Mark,Edwards,CARETAKER,mark.edwards@hōhepaschool.school.nz,026-441-9765,2021-11-14,True
8570,4111,Sam,Morgan,PRINCIPAL,sam.morgan@huntleyschool(m.school.nz,025-477-8120,2021-11-18,True
8571,4111,Sam,Roberts,SITE_MANAGER,sam.roberts@huntleyschool(m.school.nz,022-767-2873,2020-09-21,True
8572,4111,Ethan,Green,HS_REP,ethan.green@huntleyschool(m.school.nz,021-427-9501,2020-02-13,True
8573,4112,Max,Taylor,PRINCIPAL,max.taylor@southlandadvent.school.nz,026-763-5959,2020-04-26,True
8574,4112,Aria,Anderson,SITE_MANAGER,aria.anderson@southlandadvent.school.nz,024-104-8966,2021-07-08,True
8575,4112,Brooke,Fitzgerald,HS_REP,brooke.fitzgerald@southlandadvent.school.nz,026-730-6835,2022-06-24,True
8576,4112,Reuben,Gray,CARETAKER,reuben.gray@southlandadvent.school.nz,022-906-5545,2020-10-23,True
8577,4116,Emma,King,PRINCIPAL,emma.king@kingsschool(rem.school.nz,024-607-2711,2022-07-27,True
8578,4116,Sam,Hall,SITE_MANAGER,sam.hall@kingsschool(rem.school.nz,025-979-4769,2020-04-12,True
8579,4116,Michelle,Patel,HS_REP,michelle.patel@kingsschool(rem.school.nz,025-284-8661,2021-05-05,True
8580,4117,Aroha,Jones,PRINCIPAL,aroha.jones@libertonchristi.school.nz,022-964-7186,2021-08-06,True
8581,4117,Simon,Brown,SITE_MANAGER,simon.brown@libertonchristi.school.nz,023-706-1795,2021-04-02,True
8582,4117,Caleb,Hall,HS_REP,caleb.hall@libertonchristi.school.nz,022-279-8600,2022-08-27,True
8583,4118,Nikau,Smith,PRINCIPAL,nikau.smith@medburypreparat.school.nz,021-332-2716,2020-03-30,True
8584,4118,Michelle,Gray,SITE_MANAGER,michelle.gray@medburypreparat.school.nz,022-216-6345,2020-03-08,True
8585,4118,Kaia,Wilson,HS_REP,kaia.wilson@medburypreparat.school.nz,025-641-9957,2020-10-18,True
8586,4119,Freya,Martin,PRINCIPAL,freya.martin@wellingtonhills.school.nz,021-302-6641,2022-06-17,True
8587,4119,Grant,Roberts,SITE_MANAGER,grant.roberts@wellingtonhills.school.nz,024-145-8613,2021-09-14,True
8588,4119,Shane,Murray,HS_REP,shane.murray@wellingtonhills.school.nz,028-556-1811,2022-02-19,True
8589,4121,Anika,Clarke,PRINCIPAL,anika.clarke@nelsoncollegefo.school.nz,021-221-7200,2020-07-21,True
8590,4121,Nicola,Jones,SITE_MANAGER,nicola.jones@nelsoncollegefo.school.nz,024-696-3982,2021-11-27,True
8591,4121,Amelia,Te Huia,HS_REP,amelia.te huia@nelsoncollegefo.school.nz,021-916-6115,2020-02-27,True
8592,4121,Max,Mitchell,CARETAKER,max.mitchell@nelsoncollegefo.school.nz,026-814-7124,2020-04-20,True
8593,4122,Kauri,Tamati,PRINCIPAL,kauri.tamati@nelsoncollege(p.school.nz,021-383-1584,2020-02-24,True
8594,4122,Sophie,Campbell,SITE_MANAGER,sophie.campbell@nelsoncollege(p.school.nz,026-690-4014,2020-04-15,True
8595,4122,Andrew,Morgan,HS_REP,andrew.morgan@nelsoncollege(p.school.nz,025-656-2243,2021-01-14,True
8596,4122,Holly,Baker,CARETAKER,holly.baker@nelsoncollege(p.school.nz,025-422-1076,2020-08-15,True
8597,4123,Emma,Walker,PRINCIPAL,emma.walker@newplymouthadve.school.nz,024-231-1311,2020-02-28,True
8598,4123,Sarah,Fraser,SITE_MANAGER,sarah.fraser@newplymouthadve.school.nz,023-854-4122,2020-08-28,True
8599,4123,Anika,Murray,HS_REP,anika.murray@newplymouthadve.school.nz,027-193-9053,2022-04-07,True
8600,4125,Brooke,Martin,PRINCIPAL,brooke.martin@southcitychrist.school.nz,024-145-7560,2022-09-23,True
8601,4125,Sam,Palmer,SITE_MANAGER,sam.palmer@southcitychrist.school.nz,026-592-7349,2022-07-02,True
8602,4125,Aroha,Green,HS_REP,aroha.green@southcitychrist.school.nz,021-502-4625,2021-01-23,True
8603,4126,Nathan,Clarke,PRINCIPAL,nathan.clarke@palmerstonnorth.school.nz,024-451-9762,2021-09-17,True
8604,4126,Aroha,Roberts,SITE_MANAGER,aroha.roberts@palmerstonnorth.school.nz,028-318-4994,2022-06-10,True
8605,4126,Michael,Martin,HS_REP,michael.martin@palmerstonnorth.school.nz,027-595-9259,2021-08-22,True
8606,4126,Josh,Taylor,CARETAKER,josh.taylor@palmerstonnorth.school.nz,021-558-4427,2022-04-28,True
8607,4129,Daniel,Edwards,PRINCIPAL,daniel.edwards@rotoruasdaschoo.school.nz,025-120-4488,2022-02-04,True
8608,4129,Shane,Mitchell,SITE_MANAGER,shane.mitchell@rotoruasdaschoo.school.nz,026-386-5048,2020-06-30,True
8609,4129,David,Clarke,HS_REP,david.clarke@rotoruasdaschoo.school.nz,026-856-4977,2020-03-14,True
8610,4129,Zara,Green,CARETAKER,zara.green@rotoruasdaschoo.school.nz,028-798-5810,2021-07-11,True
8611,4130,Zara,Fitzgerald,PRINCIPAL,zara.fitzgerald@stgeorgesschool.school.nz,028-232-1810,2022-02-27,True
8612,4130,Karen,Robinson,SITE_MANAGER,karen.robinson@stgeorgesschool.school.nz,024-718-7493,2022-02-13,True
8613,4130,Emma,Mitchell,HS_REP,emma.mitchell@stgeorgesschool.school.nz,021-767-7970,2020-06-10,True
8614,4130,Sarah,Parker,CARETAKER,sarah.parker@stgeorgesschool.school.nz,023-838-1661,2020-01-15,True
8615,4131,Reuben,Taylor,PRINCIPAL,reuben.taylor@stjohnsgirlssch.school.nz,024-879-4217,2022-08-10,True
8616,4131,Craig,Kim,SITE_MANAGER,craig.kim@stjohnsgirlssch.school.nz,024-244-7189,2020-10-16,True
8617,4131,Grant,Henderson,HS_REP,grant.henderson@stjohnsgirlssch.school.nz,028-765-4403,2022-07-09,True
8618,4132,Freya,Campbell,PRINCIPAL,freya.campbell@stjosephsschool.school.nz,024-223-8858,2020-04-15,True
8619,4132,Lisa,Taukiri,SITE_MANAGER,lisa.taukiri@stjosephsschool.school.nz,028-610-6063,2020-04-01,True
8620,4132,Sarah,Collins,HS_REP,sarah.collins@stjosephsschool.school.nz,028-282-2349,2021-10-07,True
8621,4132,Amber,Murray,CARETAKER,amber.murray@stjosephsschool.school.nz,026-991-6681,2021-04-28,True
8622,4133,Tane,Te Huia,PRINCIPAL,tane.te huia@saintkentigernb.school.nz,028-401-4984,2021-07-11,True
8623,4133,Ryan,Nguyen,SITE_MANAGER,ryan.nguyen@saintkentigernb.school.nz,024-392-2394,2022-08-18,True
8624,4133,Jack,Smith,HS_REP,jack.smith@saintkentigernb.school.nz,028-786-2260,2021-07-13,True
8625,4133,Sarah,Rewi,CARETAKER,sarah.rewi@saintkentigernb.school.nz,025-525-3085,2020-11-23,True
8626,4134,Andrew,Wilson,PRINCIPAL,andrew.wilson@stmarkschurchsc.school.nz,021-371-7919,2020-11-24,True
8627,4134,Rachel,Gallagher,SITE_MANAGER,rachel.gallagher@stmarkschurchsc.school.nz,021-724-7455,2021-03-28,True
8628,4134,Anika,Taylor,HS_REP,anika.taylor@stmarkschurchsc.school.nz,026-484-2395,2021-10-11,True
8629,4135,Caleb,Clarke,PRINCIPAL,caleb.clarke@stmarksschool(c.school.nz,027-306-8756,2020-07-29,True
8630,4135,Nikau,Thompson,SITE_MANAGER,nikau.thompson@stmarksschool(c.school.nz,021-128-6975,2022-06-15,True
8631,4135,Reuben,Patel,HS_REP,reuben.patel@stmarksschool(c.school.nz,021-326-1312,2020-03-10,True
8632,4135,Paula,Wilson,CARETAKER,paula.wilson@stmarksschool(c.school.nz,027-367-7741,2022-09-23,True
8633,4136,Simon,Williams,PRINCIPAL,simon.williams@stmichaelschurc.school.nz,027-362-1400,2020-04-18,True
8634,4136,Tane,Lee,SITE_MANAGER,tane.lee@stmichaelschurc.school.nz,026-140-2873,2020-03-27,True
8635,4136,Nikau,Russell,HS_REP,nikau.russell@stmichaelschurc.school.nz,023-435-1228,2021-01-27,True
8636,4136,Joanne,Watson,CARETAKER,joanne.watson@stmichaelschurc.school.nz,022-737-8055,2021-08-05,True
8637,4138,Hayley,Kim,PRINCIPAL,hayley.kim@selwynhousescho.school.nz,026-617-3732,2020-02-24,True
8638,4138,Hayley,Johnston,SITE_MANAGER,hayley.johnston@selwynhousescho.school.nz,028-844-5991,2020-07-09,True
8639,4138,Caleb,Collins,HS_REP,caleb.collins@selwynhousescho.school.nz,021-218-7240,2022-06-16,True
8640,4138,Tia,Wilson,CARETAKER,tia.wilson@selwynhousescho.school.nz,026-380-6463,2020-11-22,True
8641,4140,Rawiri,Kumar,PRINCIPAL,rawiri.kumar@southaucklandsd.school.nz,026-805-6590,2022-02-24,True
8642,4140,Amelia,Kim,SITE_MANAGER,amelia.kim@southaucklandsd.school.nz,022-867-6777,2021-09-10,True
8643,4140,Olivia,Thompson,HS_REP,olivia.thompson@southaucklandsd.school.nz,024-119-1507,2022-02-17,True
8644,4141,Holly,Mahuta,PRINCIPAL,holly.mahuta@southwellschool.school.nz,025-352-3014,2021-07-09,True
8645,4141,Luke,Cooper,SITE_MANAGER,luke.cooper@southwellschool.school.nz,021-621-1006,2021-08-27,True
8646,4141,Wiremu,Turner,HS_REP,wiremu.turner@southwellschool.school.nz,027-626-2066,2022-03-21,True
8647,4143,Mark,Hall,PRINCIPAL,mark.hall@tamarikischool.school.nz,022-191-9495,2020-12-13,True
8648,4143,Aroha,Baker,SITE_MANAGER,aroha.baker@tamarikischool.school.nz,028-299-1747,2021-12-18,True
8649,4143,Mark,Green,HS_REP,mark.green@tamarikischool.school.nz,022-294-7000,2021-02-20,True
8650,4144,Mere,Martin,PRINCIPAL,mere.martin@taurangaadventi.school.nz,024-748-6058,2022-09-19,True
8651,4144,Aria,Watson,SITE_MANAGER,aria.watson@taurangaadventi.school.nz,025-853-9651,2020-04-06,True
8652,4144,Ethan,Rewi,HS_REP,ethan.rewi@taurangaadventi.school.nz,024-497-3870,2021-09-30,True
8653,4144,Georgia,Singh,CARETAKER,georgia.singh@taurangaadventi.school.nz,024-994-5788,2020-06-12,True
8654,4145,Jessica,Smith,PRINCIPAL,jessica.smith@tepiipiingakaka.school.nz,022-402-7017,2020-05-12,True
8655,4145,Reuben,Murray,SITE_MANAGER,reuben.murray@tepiipiingakaka.school.nz,024-795-1529,2020-05-18,True
8656,4145,Ethan,Taukiri,HS_REP,ethan.taukiri@tepiipiingakaka.school.nz,026-535-7620,2021-08-18,True
8657,4146,Andrew,Jones,PRINCIPAL,andrew.jones@timatangacommun.school.nz,026-348-6383,2022-07-10,True
8658,4146,Reuben,Mitchell,SITE_MANAGER,reuben.mitchell@timatangacommun.school.nz,025-898-1162,2020-05-07,True
8659,4146,Noah,Tamati,HS_REP,noah.tamati@timatangacommun.school.nz,028-361-3087,2021-09-27,True
8660,4147,Olivia,Palmer,PRINCIPAL,olivia.palmer@waihischool.school.nz,021-886-3328,2020-11-05,True
8661,4147,Mere,Palmer,SITE_MANAGER,mere.palmer@waihischool.school.nz,027-900-1756,2020-05-08,True
8662,4147,Grant,Morgan,HS_REP,grant.morgan@waihischool.school.nz,021-829-7816,2021-09-12,True
8663,4147,James,Stewart,CARETAKER,james.stewart@waihischool.school.nz,025-882-9730,2021-04-10,True
8664,4149,Rawiri,Edwards,PRINCIPAL,rawiri.edwards@wellesleycolleg.school.nz,026-225-1617,2021-10-27,True
8665,4149,Jessica,Mahuta,SITE_MANAGER,jessica.mahuta@wellesleycolleg.school.nz,027-582-4767,2021-07-22,True
8666,4149,Ben,Morgan,HS_REP,ben.morgan@wellesleycolleg.school.nz,024-707-1988,2022-04-15,True
8667,4150,Kauri,Murray,PRINCIPAL,kauri.murray@wellingtonsdasc.school.nz,027-428-1960,2021-07-22,True
8668,4150,Josh,King,SITE_MANAGER,josh.king@wellingtonsdasc.school.nz,023-263-3239,2020-09-12,True
8669,4150,Shane,Murray,HS_REP,shane.murray@wellingtonsdasc.school.nz,028-182-2040,2021-07-05,True
8670,4150,Mere,Thompson,CARETAKER,mere.thompson@wellingtonsdasc.school.nz,028-895-5922,2022-08-03,True
8671,4151,Tia,Jones,PRINCIPAL,tia.jones@waitakeresdasch.school.nz,027-180-3380,2021-01-29,True
8672,4151,Tia,Anderson,SITE_MANAGER,tia.anderson@waitakeresdasch.school.nz,027-721-8371,2020-09-22,True
8673,4151,Lisa,Harris,HS_REP,lisa.harris@waitakeresdasch.school.nz,027-194-8193,2021-06-22,True
8674,4151,Michael,Patel,CARETAKER,michael.patel@waitakeresdasch.school.nz,024-321-6393,2022-05-07,True
8675,4154,Grant,Wright,PRINCIPAL,grant.wright@whangareiadvent.school.nz,027-700-3977,2020-08-29,True
8676,4154,Grant,Henare,SITE_MANAGER,grant.henare@whangareiadvent.school.nz,023-743-7101,2021-08-05,True
8677,4154,Nathan,Campbell,HS_REP,nathan.campbell@whangareiadvent.school.nz,027-379-6610,2021-07-31,True
8678,4154,Anika,Te Huia,CARETAKER,anika.te huia@whangareiadvent.school.nz,021-770-9853,2021-03-26,True
8679,4156,Michael,Burns,PRINCIPAL,michael.burns@blindandlowvisi.school.nz,027-556-8397,2022-01-22,True
8680,4156,Grant,Nguyen,SITE_MANAGER,grant.nguyen@blindandlowvisi.school.nz,022-310-4429,2020-05-26,True
8681,4156,Nathan,Walker,HS_REP,nathan.walker@blindandlowvisi.school.nz,025-656-3062,2022-06-15,True
8682,4157,Charlotte,Collins,PRINCIPAL,charlotte.collins@westbridgeresid.school.nz,023-437-6352,2021-03-31,True
8683,4157,Chris,Green,SITE_MANAGER,chris.green@westbridgeresid.school.nz,025-192-7850,2020-05-29,True
8684,4157,Nikau,Jones,HS_REP,nikau.jones@westbridgeresid.school.nz,022-235-4779,2020-05-25,True
8685,4158,Donna,Nguyen,PRINCIPAL,donna.nguyen@huttinternation.school.nz,022-703-9844,2021-12-18,True
8686,4158,Isla,Henare,SITE_MANAGER,isla.henare@huttinternation.school.nz,028-514-3843,2020-11-15,True
8687,4158,Ethan,Gray,HS_REP,ethan.gray@huttinternation.school.nz,026-918-5196,2020-01-02,True
8688,4160,Kylie,Kim,PRINCIPAL,kylie.kim@tkkmoteatihaunu.school.nz,021-465-6142,2021-11-29,True
8689,4160,Jack,Taukiri,SITE_MANAGER,jack.taukiri@tkkmoteatihaunu.school.nz,024-937-2887,2020-03-18,True
8690,4160,Andrew,Robinson,HS_REP,andrew.robinson@tkkmoteatihaunu.school.nz,021-126-1914,2022-06-23,True
8691,4204,Hayley,Te Huia,PRINCIPAL,hayley.te huia@harekrishnascho.school.nz,027-364-6894,2022-08-09,True
8692,4204,Grace,Roberts,SITE_MANAGER,grace.roberts@harekrishnascho.school.nz,026-482-7599,2020-07-09,True
8693,4204,Amelia,Martin,HS_REP,amelia.martin@harekrishnascho.school.nz,021-478-3152,2020-12-24,True
8694,4204,Michael,Nguyen,CARETAKER,michael.nguyen@harekrishnascho.school.nz,028-694-7388,2020-06-14,True
8695,4205,Simon,Green,PRINCIPAL,simon.green@tkkmopiriponote.school.nz,025-155-3588,2021-07-12,True
8696,4205,Rawiri,Harawira,SITE_MANAGER,rawiri.harawira@tkkmopiriponote.school.nz,026-749-7736,2021-11-07,True
8697,4205,Georgia,Henderson,HS_REP,georgia.henderson@tkkmopiriponote.school.nz,028-285-3322,2020-09-28,True
8698,4207,Mere,Campbell,PRINCIPAL,mere.campbell@tkkmongamaungar.school.nz,025-841-7411,2021-09-28,True
8699,4207,Aria,Thompson,SITE_MANAGER,aria.thompson@tkkmongamaungar.school.nz,021-291-8707,2021-08-23,True
8700,4207,Ryan,Young,HS_REP,ryan.young@tkkmongamaungar.school.nz,024-543-3941,2020-07-10,True
8701,4208,Freya,Crawford,PRINCIPAL,freya.crawford@tkkmomangere.school.nz,027-845-2597,2022-06-28,True
8702,4208,Matthew,Baker,SITE_MANAGER,matthew.baker@tkkmomangere.school.nz,024-612-4457,2020-12-20,True
8703,4208,Isla,Gray,HS_REP,isla.gray@tkkmomangere.school.nz,028-228-3923,2020-01-07,True
8704,4208,Anika,Patel,CARETAKER,anika.patel@tkkmomangere.school.nz,021-443-1492,2020-03-13,True
8705,4209,Craig,Robinson,PRINCIPAL,craig.robinson@tkkmomanawatu.school.nz,025-165-6084,2021-09-06,True
8706,4209,Finn,Singh,SITE_MANAGER,finn.singh@tkkmomanawatu.school.nz,022-788-4365,2021-09-16,True
8707,4209,Ryan,Gray,HS_REP,ryan.gray@tkkmomanawatu.school.nz,027-631-1623,2021-11-08,True
8708,4209,Jessica,Robinson,CARETAKER,jessica.robinson@tkkmomanawatu.school.nz,021-420-5779,2021-09-01,True
8709,4211,Luke,Murray,PRINCIPAL,luke.murray@tkkmoterito.school.nz,027-649-6154,2020-10-13,True
8710,4211,Emma,Kumar,SITE_MANAGER,emma.kumar@tkkmoterito.school.nz,028-283-9643,2021-07-24,True
8711,4211,Karen,Wilson,HS_REP,karen.wilson@tkkmoterito.school.nz,023-113-6138,2020-09-24,True
8712,4211,Luke,Roberts,CARETAKER,luke.roberts@tkkmoterito.school.nz,021-980-7526,2021-10-13,True
8713,4212,Chris,Jones,PRINCIPAL,chris.jones@tkkmowaitaha.school.nz,023-467-6551,2020-01-13,True
8714,4212,Hayley,Gray,SITE_MANAGER,hayley.gray@tkkmowaitaha.school.nz,028-922-6776,2021-05-21,True
8715,4212,Olivia,Patel,HS_REP,olivia.patel@tkkmowaitaha.school.nz,022-806-2822,2022-03-18,True
8716,4217,Kaia,Watson,PRINCIPAL,kaia.watson@tewharekuraoaro.school.nz,025-911-6102,2020-11-05,True
8717,4217,Matiu,Lee,SITE_MANAGER,matiu.lee@tewharekuraoaro.school.nz,027-857-7179,2021-06-02,True
8718,4217,Tia,Wright,HS_REP,tia.wright@tewharekuraoaro.school.nz,026-472-2983,2020-08-12,True
8719,4217,Ihaia,Robinson,CARETAKER,ihaia.robinson@tewharekuraoaro.school.nz,027-185-8944,2022-06-17,True
8720,4218,Ihaia,Wilson,PRINCIPAL,ihaia.wilson@tkkmotokomaru.school.nz,027-542-3273,2022-01-14,True
8721,4218,Ryan,Wright,SITE_MANAGER,ryan.wright@tkkmotokomaru.school.nz,021-818-5187,2021-08-25,True
8722,4218,Zara,Singh,HS_REP,zara.singh@tkkmotokomaru.school.nz,026-813-2516,2021-05-24,True
8723,4218,Sarah,Hall,CARETAKER,sarah.hall@tkkmotokomaru.school.nz,027-923-4608,2020-12-14,True
8724,4223,James,Palmer,PRINCIPAL,james.palmer@tkkmotamarongo.school.nz,022-879-2342,2022-04-12,True
8725,4223,Lisa,Williams,SITE_MANAGER,lisa.williams@tkkmotamarongo.school.nz,024-281-8680,2022-07-17,True
8726,4223,Caleb,Hamilton,HS_REP,caleb.hamilton@tkkmotamarongo.school.nz,023-412-4842,2021-12-28,True
8727,4226,Matthew,Gray,PRINCIPAL,matthew.gray@tkkmotamakinuia.school.nz,026-534-6141,2020-09-11,True
8728,4226,Andrew,Turner,SITE_MANAGER,andrew.turner@tkkmotamakinuia.school.nz,025-452-5468,2021-12-03,True
8729,4226,Wiremu,King,HS_REP,wiremu.king@tkkmotamakinuia.school.nz,028-445-9954,2020-12-20,True
8730,4226,Mark,Hamilton,CARETAKER,mark.hamilton@tkkmotamakinuia.school.nz,027-735-6704,2021-06-25,True
8731,4227,Nathan,Patel,PRINCIPAL,nathan.patel@tkkmokaikohe.school.nz,022-920-5605,2022-01-31,True
8732,4227,Charlotte,Cooper,SITE_MANAGER,charlotte.cooper@tkkmokaikohe.school.nz,023-467-1706,2020-11-05,True
8733,4227,Matthew,Clarke,HS_REP,matthew.clarke@tkkmokaikohe.school.nz,023-571-1602,2020-10-12,True
8734,4227,Matthew,Gray,CARETAKER,matthew.gray@tkkmokaikohe.school.nz,022-774-1494,2021-02-22,True
8735,4228,Rawiri,Anderson,PRINCIPAL,rawiri.anderson@tkkmopuautemoan.school.nz,022-930-9568,2020-05-18,True
8736,4228,Finn,Gallagher,SITE_MANAGER,finn.gallagher@tkkmopuautemoan.school.nz,023-547-2926,2020-07-25,True
8737,4228,Ruby,Gray,HS_REP,ruby.gray@tkkmopuautemoan.school.nz,027-828-8812,2020-10-02,True
8738,4229,Sarah,Patel,PRINCIPAL,sarah.patel@tkkmomanurewa.school.nz,021-197-8393,2020-12-25,True
8739,4229,Hayley,Kim,SITE_MANAGER,hayley.kim@tkkmomanurewa.school.nz,027-183-2060,2022-06-06,True
8740,4229,Brooke,Turner,HS_REP,brooke.turner@tkkmomanurewa.school.nz,022-600-5222,2021-05-01,True
8741,4229,Kylie,Wright,CARETAKER,kylie.wright@tkkmomanurewa.school.nz,024-621-4542,2022-05-22,True
8742,4230,Zara,Morgan,PRINCIPAL,zara.morgan@tkkmowhakarewai.school.nz,021-710-4200,2020-11-21,True
8743,4230,Jessica,White,SITE_MANAGER,jessica.white@tkkmowhakarewai.school.nz,027-500-4102,2021-10-19,True
8744,4230,Karen,Henare,HS_REP,karen.henare@tkkmowhakarewai.school.nz,024-349-4507,2020-04-08,True
8745,4230,Finn,Young,CARETAKER,finn.young@tkkmowhakarewai.school.nz,027-433-1022,2022-02-21,True
8746,4535,Karen,Crawford,PRINCIPAL,karen.crawford@tekurakaupapamā.school.nz,021-313-5942,2020-01-28,True
8747,4535,Kylie,Campbell,SITE_MANAGER,kylie.campbell@tekurakaupapamā.school.nz,027-483-6972,2022-08-23,True
8748,4535,Freya,Hall,HS_REP,freya.hall@tekurakaupapamā.school.nz,021-589-9852,2020-08-01,True
8749,4541,Scott,Mahuta,PRINCIPAL,scott.mahuta@theforestschool.school.nz,026-370-1330,2022-06-12,True
8750,4541,Luke,Scott,SITE_MANAGER,luke.scott@theforestschool.school.nz,022-175-6666,2020-05-06,True
8751,4541,Noah,Wong,HS_REP,noah.wong@theforestschool.school.nz,026-348-6804,2020-02-18,True
8752,4543,Maia,Martin,PRINCIPAL,maia.martin@tekapehuwhetu-t.school.nz,026-260-1168,2022-03-08,True
8753,4543,Wiremu,Watson,SITE_MANAGER,wiremu.watson@tekapehuwhetu-t.school.nz,028-202-8701,2022-06-29,True
8754,4543,Jessica,Martin,HS_REP,jessica.martin@tekapehuwhetu-t.school.nz,028-334-6033,2022-06-30,True
8755,4545,Caleb,Fitzgerald,PRINCIPAL,caleb.fitzgerald@altumacademy.school.nz,022-372-5765,2020-09-16,True
8756,4545,Rachel,Jones,SITE_MANAGER,rachel.jones@altumacademy.school.nz,022-159-9935,2022-02-10,True
8757,4545,Ruby,Tamati,HS_REP,ruby.tamati@altumacademy.school.nz,025-109-1540,2021-10-20,True
8758,4546,Rawiri,Fitzgerald,PRINCIPAL,rawiri.fitzgerald@aotearoainfinit.school.nz,027-385-5032,2020-01-18,True
8759,4546,Wiremu,Crawford,SITE_MANAGER,wiremu.crawford@aotearoainfinit.school.nz,024-596-3522,2022-06-29,True
8760,4546,Charlotte,Clarke,HS_REP,charlotte.clarke@aotearoainfinit.school.nz,021-753-8543,2022-08-23,True
8761,4546,Shane,Watson,CARETAKER,shane.watson@aotearoainfinit.school.nz,022-236-6960,2021-12-19,True
8762,4547,Brooke,Wright,PRINCIPAL,brooke.wright@tearatikahighsc.school.nz,021-960-1775,2020-09-29,True
8763,4547,Ethan,Bennett,SITE_MANAGER,ethan.bennett@tearatikahighsc.school.nz,025-120-8067,2020-11-24,True
8764,4547,Nathan,Henderson,HS_REP,nathan.henderson@tearatikahighsc.school.nz,022-264-8008,2022-05-02,True
8765,4547,Liam,Harris,CARETAKER,liam.harris@tearatikahighsc.school.nz,023-330-6707,2020-01-15,True
8766,4548,Hayley,Gallagher,PRINCIPAL,hayley.gallagher@sistersunitedac.school.nz,028-719-7084,2022-07-07,True
8767,4548,Isla,Jones,SITE_MANAGER,isla.jones@sistersunitedac.school.nz,028-747-7917,2021-05-24,True
8768,4548,Tracey,Campbell,HS_REP,tracey.campbell@sistersunitedac.school.nz,025-747-6427,2020-08-18,True
8769,4549,Rachel,Campbell,PRINCIPAL,rachel.campbell@newzealandperfo.school.nz,022-648-7592,2022-01-13,True
8770,4549,Grace,Chen,SITE_MANAGER,grace.chen@newzealandperfo.school.nz,022-996-7328,2020-01-14,True
8771,4549,Sam,Bennett,HS_REP,sam.bennett@newzealandperfo.school.nz,026-968-9517,2020-09-07,True
8772,4550,Sarah,Henderson,PRINCIPAL,sarah.henderson@city0-10.school.nz,024-726-9284,2020-02-05,True
8773,4550,Joanne,Clarke,SITE_MANAGER,joanne.clarke@city0-10.school.nz,024-610-3502,2021-08-09,True
8774,4550,Hayley,Lee,HS_REP,hayley.lee@city0-10.school.nz,024-726-2211,2022-02-25,True
8775,4552,Aroha,Kumar,PRINCIPAL,aroha.kumar@tumanakochristi.school.nz,023-784-7847,2020-11-21,True
8776,4552,Michael,Edwards,SITE_MANAGER,michael.edwards@tumanakochristi.school.nz,027-623-4929,2022-07-29,True
8777,4552,Grace,Watson,HS_REP,grace.watson@tumanakochristi.school.nz,024-919-7222,2021-06-11,True
8778,4552,Ryan,Watson,CARETAKER,ryan.watson@tumanakochristi.school.nz,021-776-8508,2020-09-15,True
8779,4559,Mark,Fraser,PRINCIPAL,mark.fraser@tewharekounga.school.nz,026-784-9433,2021-03-14,True
8780,4559,Rawiri,Harawira,SITE_MANAGER,rawiri.harawira@tewharekounga.school.nz,025-153-1739,2021-07-31,True
8781,4559,Chris,Roberts,HS_REP,chris.roberts@tewharekounga.school.nz,027-579-5693,2022-08-03,True
8782,4559,Josh,Lee,CARETAKER,josh.lee@tewharekounga.school.nz,027-489-2012,2020-02-21,True
8783,4560,Reuben,Kumar,PRINCIPAL,reuben.kumar@tekuraawhitu.school.nz,026-793-3689,2021-05-23,True
8784,4560,Jessica,Hill,SITE_MANAGER,jessica.hill@tekuraawhitu.school.nz,021-766-8964,2021-09-21,True
8785,4560,Kauri,Crawford,HS_REP,kauri.crawford@tekuraawhitu.school.nz,021-169-3510,2021-05-07,True
8786,4566,Olivia,Kim,PRINCIPAL,olivia.kim@tekuraongātiwhā.school.nz,025-460-5186,2022-08-06,True
8787,4566,Jessica,Fitzgerald,SITE_MANAGER,jessica.fitzgerald@tekuraongātiwhā.school.nz,025-340-5718,2020-05-18,True
8788,4566,Matthew,Harris,HS_REP,matthew.harris@tekuraongātiwhā.school.nz,022-460-4846,2021-08-06,True
8789,4582,Josh,Mahuta,PRINCIPAL,josh.mahuta@griffinacademy.school.nz,021-261-7163,2020-12-09,True
8790,4582,Rachel,Crawford,SITE_MANAGER,rachel.crawford@griffinacademy.school.nz,025-119-8831,2021-03-02,True
8791,4582,Matiu,Campbell,HS_REP,matiu.campbell@griffinacademy.school.nz,022-454-1070,2021-08-19,True
8792,4582,Chris,Tamati,CARETAKER,chris.tamati@griffinacademy.school.nz,028-210-3355,2020-01-29,True
8793,6070,James,Scott,PRINCIPAL,james.scott@goldensandsscho.school.nz,026-327-9534,2021-12-28,True
8794,6070,Emma,Fitzgerald,SITE_MANAGER,emma.fitzgerald@goldensandsscho.school.nz,027-237-2427,2021-12-30,True
8795,6070,Noah,Crawford,HS_REP,noah.crawford@goldensandsscho.school.nz,027-618-7913,2020-03-17,True
8796,6109,Simon,Henare,PRINCIPAL,simon.henare@aucklandseconda.school.nz,028-262-8732,2021-02-04,True
8797,6109,Brooke,Palmer,SITE_MANAGER,brooke.palmer@aucklandseconda.school.nz,022-268-6076,2021-05-16,True
8798,6109,Paula,Mitchell,HS_REP,paula.mitchell@aucklandseconda.school.nz,021-651-4083,2021-01-08,True
8799,6110,Emma,Mahuta,PRINCIPAL,emma.mahuta@awhinaschool/ac.school.nz,021-683-2475,2021-10-03,True
8800,6110,Matthew,Anderson,SITE_MANAGER,matthew.anderson@awhinaschool/ac.school.nz,027-482-3143,2022-02-20,True
8801,6110,Karen,Walker,HS_REP,karen.walker@awhinaschool/ac.school.nz,027-983-8034,2021-07-16,True
8802,6110,Emma,Scott,CARETAKER,emma.scott@awhinaschool/ac.school.nz,024-166-3285,2020-12-17,True
8803,6111,Kaia,Murray,PRINCIPAL,kaia.murray@invercargillact.school.nz,027-738-9414,2021-11-03,True
8804,6111,Michelle,Walker,SITE_MANAGER,michelle.walker@invercargillact.school.nz,027-762-9190,2021-10-31,True
8805,6111,Moana,Johnston,HS_REP,moana.johnston@invercargillact.school.nz,027-464-4063,2021-07-27,True
8806,6111,Nikau,Gallagher,CARETAKER,nikau.gallagher@invercargillact.school.nz,027-109-6875,2020-10-02,True
8807,6113,Isla,Harawira,PRINCIPAL,isla.harawira@papakuraactivit.school.nz,022-816-1578,2021-04-20,True
8808,6113,Tia,Parker,SITE_MANAGER,tia.parker@papakuraactivit.school.nz,024-719-6635,2022-04-06,True
8809,6113,Ihaia,Crawford,HS_REP,ihaia.crawford@papakuraactivit.school.nz,027-318-5106,2020-11-17,True
8810,6113,Joanne,Green,CARETAKER,joanne.green@papakuraactivit.school.nz,026-969-5960,2022-09-22,True
8811,6116,Simon,Edwards,PRINCIPAL,simon.edwards@londonhouselear.school.nz,021-450-6436,2020-07-18,True
8812,6116,Aroha,Wright,SITE_MANAGER,aroha.wright@londonhouselear.school.nz,027-318-4866,2021-09-08,True
8813,6116,Sarah,Collins,HS_REP,sarah.collins@londonhouselear.school.nz,024-331-7623,2020-10-09,True
8814,6116,Ryan,Parker,CARETAKER,ryan.parker@londonhouselear.school.nz,023-117-3820,2022-05-23,True
8815,6117,Moana,Kumar,PRINCIPAL,moana.kumar@huttvalleyactiv.school.nz,023-467-8573,2020-06-03,True
8816,6117,Kylie,Wong,SITE_MANAGER,kylie.wong@huttvalleyactiv.school.nz,026-510-5067,2022-09-11,True
8817,6117,Georgia,Roberts,HS_REP,georgia.roberts@huttvalleyactiv.school.nz,027-667-2817,2021-05-04,True
8818,6118,Zara,Stewart,PRINCIPAL,zara.stewart@manawatucommuni.school.nz,027-503-3820,2020-09-30,True
8819,6118,Matthew,Gallagher,SITE_MANAGER,matthew.gallagher@manawatucommuni.school.nz,024-883-2604,2021-05-03,True
8820,6118,Ihaia,Tamati,HS_REP,ihaia.tamati@manawatucommuni.school.nz,027-992-5945,2020-06-29,True
8821,6119,Nathan,Henderson,PRINCIPAL,nathan.henderson@akinaschool/act.school.nz,025-914-2300,2021-04-21,True
8822,6119,Matthew,Bennett,SITE_MANAGER,matthew.bennett@akinaschool/act.school.nz,022-337-5471,2020-03-27,True
8823,6119,Daniel,Kumar,HS_REP,daniel.kumar@akinaschool/act.school.nz,024-827-4421,2022-02-15,True
8824,6119,Reuben,Brown,CARETAKER,reuben.brown@akinaschool/act.school.nz,025-890-6448,2021-06-08,True
8825,6124,David,Brown,PRINCIPAL,david.brown@napiercommunity.school.nz,023-876-5907,2022-06-28,True
8826,6124,Aroha,Taylor,SITE_MANAGER,aroha.taylor@napiercommunity.school.nz,024-263-9995,2021-09-07,True
8827,6124,Kauri,Martin,HS_REP,kauri.martin@napiercommunity.school.nz,024-781-9888,2021-12-21,True
8828,6125,James,Harris,PRINCIPAL,james.harris@turanganui-a-ki.school.nz,026-189-8206,2020-02-11,True
8829,6125,Aria,Williams,SITE_MANAGER,aria.williams@turanganui-a-ki.school.nz,028-747-5184,2020-11-26,True
8830,6125,Mason,Kim,HS_REP,mason.kim@turanganui-a-ki.school.nz,025-417-7488,2020-06-09,True
8831,6125,Grace,Hamilton,CARETAKER,grace.hamilton@turanganui-a-ki.school.nz,023-143-2402,2021-06-11,True
8832,6126,Aria,Tamati,PRINCIPAL,aria.tamati@taranakiactivit.school.nz,024-274-1753,2021-03-25,True
8833,6126,Matiu,Parker,SITE_MANAGER,matiu.parker@taranakiactivit.school.nz,025-669-1359,2021-01-16,True
8834,6126,Craig,Kumar,HS_REP,craig.kumar@taranakiactivit.school.nz,028-160-4988,2021-08-20,True
8835,6126,Tia,Te Huia,CARETAKER,tia.te huia@taranakiactivit.school.nz,024-782-2524,2020-01-02,True
8836,6127,Zara,Watson,PRINCIPAL,zara.watson@poriruaactivity.school.nz,025-894-3771,2022-08-03,True
8837,6127,Holly,Robinson,SITE_MANAGER,holly.robinson@poriruaactivity.school.nz,022-198-1319,2021-01-26,True
8838,6127,Sophie,King,HS_REP,sophie.king@poriruaactivity.school.nz,024-455-5735,2022-02-26,True
8839,6128,Nikau,Williams,PRINCIPAL,nikau.williams@tearaactivityce.school.nz,021-764-1636,2022-05-14,True
8840,6128,Matthew,Anderson,SITE_MANAGER,matthew.anderson@tearaactivityce.school.nz,024-988-4729,2020-01-24,True
8841,6128,Aroha,White,HS_REP,aroha.white@tearaactivityce.school.nz,024-405-8290,2020-12-14,True
8842,6128,Lisa,Mahuta,CARETAKER,lisa.mahuta@tearaactivityce.school.nz,026-317-6386,2021-12-30,True
8843,6741,Maia,Harris,PRINCIPAL,maia.harris@tematauranga.school.nz,021-516-4187,2020-04-30,True
8844,6741,Jack,Wright,SITE_MANAGER,jack.wright@tematauranga.school.nz,026-630-7229,2021-09-27,True
8845,6741,Scott,Kumar,HS_REP,scott.kumar@tematauranga.school.nz,027-633-4432,2022-02-02,True
8846,6742,Georgia,Collins,PRINCIPAL,georgia.collins@tahataicoastsch.school.nz,027-679-5719,2021-05-19,True
8847,6742,Ben,Anderson,SITE_MANAGER,ben.anderson@tahataicoastsch.school.nz,028-750-1140,2022-06-21,True
8848,6742,Holly,Johnston,HS_REP,holly.johnston@tahataicoastsch.school.nz,021-895-7289,2020-06-04,True
8849,6742,Isla,Anderson,CARETAKER,isla.anderson@tahataicoastsch.school.nz,025-105-7804,2020-09-25,True
8850,6759,Ethan,Hill,PRINCIPAL,ethan.hill@snellsbeachprim.school.nz,026-402-7465,2022-04-13,True
8851,6759,Caleb,Clarke,SITE_MANAGER,caleb.clarke@snellsbeachprim.school.nz,021-436-5616,2021-01-03,True
8852,6759,Ihaia,Johnston,HS_REP,ihaia.johnston@snellsbeachprim.school.nz,025-965-4500,2021-06-21,True
8853,6759,Ihaia,Patel,CARETAKER,ihaia.patel@snellsbeachprim.school.nz,022-204-1500,2022-08-26,True
8854,6760,Joanne,Henare,PRINCIPAL,joanne.henare@somervilleinter.school.nz,028-101-5489,2022-02-26,True
8855,6760,Aria,Hill,SITE_MANAGER,aria.hill@somervilleinter.school.nz,023-980-7242,2020-11-02,True
8856,6760,Max,Wilson,HS_REP,max.wilson@somervilleinter.school.nz,023-175-7054,2022-05-27,True
8857,6763,Tane,Lee,PRINCIPAL,tane.lee@whangaparaoacol.school.nz,022-461-3206,2021-09-12,True
8858,6763,Maia,Roberts,SITE_MANAGER,maia.roberts@whangaparaoacol.school.nz,026-839-4807,2020-08-22,True
8859,6763,James,Parker,HS_REP,james.parker@whangaparaoacol.school.nz,025-725-9052,2021-11-26,True
8860,6763,Mere,Parker,CARETAKER,mere.parker@whangaparaoacol.school.nz,023-349-1628,2021-04-25,True
8861,6783,Isla,Williams,PRINCIPAL,isla.williams@remarkablesprim.school.nz,023-362-8261,2022-02-04,True
8862,6783,Kylie,Young,SITE_MANAGER,kylie.young@remarkablesprim.school.nz,025-119-4577,2022-07-06,True
8863,6783,Zara,Mitchell,HS_REP,zara.mitchell@remarkablesprim.school.nz,026-899-7612,2022-05-28,True
8864,6783,Freya,Nguyen,CARETAKER,freya.nguyen@remarkablesprim.school.nz,023-419-4522,2020-08-13,True
8865,6788,Ben,Chen,PRINCIPAL,ben.chen@hobsonvillepoin.school.nz,028-373-4588,2020-09-27,True
8866,6788,Karen,Stewart,SITE_MANAGER,karen.stewart@hobsonvillepoin.school.nz,025-170-2459,2022-06-28,True
8867,6788,Kauri,Henare,HS_REP,kauri.henare@hobsonvillepoin.school.nz,026-794-2974,2022-08-14,True
8868,6920,Zara,White,PRINCIPAL,zara.white@gulfharbourscho.school.nz,026-817-3849,2020-04-18,True
8869,6920,Aria,Baker,SITE_MANAGER,aria.baker@gulfharbourscho.school.nz,026-388-6759,2020-08-13,True
8870,6920,Amelia,Bennett,HS_REP,amelia.bennett@gulfharbourscho.school.nz,023-944-2902,2020-05-31,True
8871,6920,Chris,Hall,CARETAKER,chris.hall@gulfharbourscho.school.nz,026-867-5415,2020-11-09,True
8872,6921,Luke,Stewart,PRINCIPAL,luke.stewart@pointviewschool.school.nz,025-991-3073,2020-11-27,True
8873,6921,James,Wong,SITE_MANAGER,james.wong@pointviewschool.school.nz,021-778-8944,2021-09-14,True
8874,6921,David,White,HS_REP,david.white@pointviewschool.school.nz,022-758-3080,2022-04-06,True
8875,6922,Anika,Parker,PRINCIPAL,anika.parker@waihekeprimarys.school.nz,022-403-7890,2022-05-07,True
8876,6922,Jessica,Gray,SITE_MANAGER,jessica.gray@waihekeprimarys.school.nz,025-625-3795,2021-01-05,True
8877,6922,Nikau,Hill,HS_REP,nikau.hill@waihekeprimarys.school.nz,022-684-8506,2020-05-01,True
8878,6922,Tia,Henare,CARETAKER,tia.henare@waihekeprimarys.school.nz,024-650-9492,2021-05-09,True
8879,6929,Nathan,Taukiri,PRINCIPAL,nathan.taukiri@alfristoncolleg.school.nz,027-980-4057,2021-10-09,True
8880,6929,Michael,Fitzgerald,SITE_MANAGER,michael.fitzgerald@alfristoncolleg.school.nz,025-652-5113,2021-03-15,True
8881,6929,Anika,Te Huia,HS_REP,anika.te huia@alfristoncolleg.school.nz,022-448-8702,2022-03-01,True
8882,6930,Moana,White,PRINCIPAL,moana.white@botanydownsseco.school.nz,028-502-8908,2022-09-18,True
8883,6930,Rachel,Henderson,SITE_MANAGER,rachel.henderson@botanydownsseco.school.nz,022-180-2164,2020-01-29,True
8884,6930,Kaia,Mitchell,HS_REP,kaia.mitchell@botanydownsseco.school.nz,027-723-9804,2020-12-05,True
8885,6932,Sophie,Walker,PRINCIPAL,sophie.walker@pinehillschool(.school.nz,022-657-3548,2022-05-03,True
8886,6932,Amber,Parker,SITE_MANAGER,amber.parker@pinehillschool(.school.nz,025-743-7548,2021-06-06,True
8887,6932,Anika,Patel,HS_REP,anika.patel@pinehillschool(.school.nz,026-275-7844,2020-01-15,True
8888,6932,Tia,Wilson,CARETAKER,tia.wilson@pinehillschool(.school.nz,028-886-7875,2020-11-01,True
8889,6937,Amber,Johnston,PRINCIPAL,amber.johnston@summerlandprima.school.nz,021-915-2347,2020-07-16,True
8890,6937,Liam,Harawira,SITE_MANAGER,liam.harawira@summerlandprima.school.nz,021-490-5861,2022-07-10,True
8891,6937,Reuben,Smith,HS_REP,reuben.smith@summerlandprima.school.nz,022-783-5097,2021-07-13,True
8892,6939,Stacey,Kumar,PRINCIPAL,stacey.kumar@kohiaterracesch.school.nz,028-400-7771,2021-07-28,True
8893,6939,Ruby,Wilson,SITE_MANAGER,ruby.wilson@kohiaterracesch.school.nz,027-295-9435,2021-09-03,True
8894,6939,Maia,Jones,HS_REP,maia.jones@kohiaterracesch.school.nz,025-888-9221,2022-03-10,True
8895,6940,Emma,White,PRINCIPAL,emma.white@teakaukipapamoa.school.nz,025-649-5723,2022-03-27,True
8896,6940,Tane,Nguyen,SITE_MANAGER,tane.nguyen@teakaukipapamoa.school.nz,028-963-8225,2021-03-19,True
8897,6940,Anika,Hall,HS_REP,anika.hall@teakaukipapamoa.school.nz,025-443-2237,2022-01-10,True
8898,6941,Emma,Stewart,PRINCIPAL,emma.stewart@endeavourschool.school.nz,028-725-1948,2020-01-18,True
8899,6941,Finn,Edwards,SITE_MANAGER,finn.edwards@endeavourschool.school.nz,021-538-6746,2021-05-26,True
8900,6941,Chris,Fitzgerald,HS_REP,chris.fitzgerald@endeavourschool.school.nz,021-227-6418,2021-06-06,True
8901,6944,Joanne,Thompson,PRINCIPAL,joanne.thompson@randwickparksch.school.nz,022-900-3317,2021-02-17,True
8902,6944,Finn,Henare,SITE_MANAGER,finn.henare@randwickparksch.school.nz,022-882-1105,2022-07-24,True
8903,6944,Noah,Clarke,HS_REP,noah.clarke@randwickparksch.school.nz,026-928-2392,2020-11-08,True
8904,6945,Daniel,Fraser,PRINCIPAL,daniel.fraser@selwynridgescho.school.nz,028-245-7750,2022-07-13,True
8905,6945,Noah,Henderson,SITE_MANAGER,noah.henderson@selwynridgescho.school.nz,027-551-8829,2021-04-22,True
8906,6945,Nikau,Harris,HS_REP,nikau.harris@selwynridgescho.school.nz,021-325-6627,2021-05-24,True
8907,6946,Sarah,Hill,PRINCIPAL,sarah.hill@otehavalleyscho.school.nz,023-191-4468,2020-10-09,True
8908,6946,Maia,Burns,SITE_MANAGER,maia.burns@otehavalleyscho.school.nz,024-856-4839,2020-04-08,True
8909,6946,Rachel,Russell,HS_REP,rachel.russell@otehavalleyscho.school.nz,026-936-6575,2021-07-18,True
8910,6947,Tracey,Scott,PRINCIPAL,tracey.scott@thegardensschoo.school.nz,025-653-4863,2022-08-01,True
8911,6947,Kylie,Palmer,SITE_MANAGER,kylie.palmer@thegardensschoo.school.nz,024-177-4745,2020-09-23,True
8912,6947,Kauri,Baker,HS_REP,kauri.baker@thegardensschoo.school.nz,024-674-8066,2022-03-30,True
8913,6947,Ethan,Chen,CARETAKER,ethan.chen@thegardensschoo.school.nz,024-769-8828,2021-11-16,True
8914,6948,Finn,Morgan,PRINCIPAL,finn.morgan@albanyjuniorhig.school.nz,024-178-3572,2020-01-11,True
8915,6948,Mason,Taukiri,SITE_MANAGER,mason.taukiri@albanyjuniorhig.school.nz,024-125-2731,2020-10-02,True
8916,6948,Michael,Fraser,HS_REP,michael.fraser@albanyjuniorhig.school.nz,028-467-3478,2021-10-29,True
8917,6948,Freya,Taylor,CARETAKER,freya.taylor@albanyjuniorhig.school.nz,022-117-8370,2022-09-18,True
8918,6955,Olivia,Patel,PRINCIPAL,olivia.patel@upperharbourpri.school.nz,024-544-8471,2021-03-14,True
8919,6955,Josh,King,SITE_MANAGER,josh.king@upperharbourpri.school.nz,026-224-1906,2020-09-30,True
8920,6955,Holly,Nguyen,HS_REP,holly.nguyen@upperharbourpri.school.nz,028-749-3563,2020-04-13,True
8921,6955,Joanne,Parker,CARETAKER,joanne.parker@upperharbourpri.school.nz,023-768-1690,2021-04-28,True
8922,6959,Jack,Robinson,PRINCIPAL,jack.robinson@willowbankschoo.school.nz,028-578-3900,2020-10-21,True
8923,6959,Ben,Smith,SITE_MANAGER,ben.smith@willowbankschoo.school.nz,027-701-8795,2021-02-21,True
8924,6959,Georgia,Fitzgerald,HS_REP,georgia.fitzgerald@willowbankschoo.school.nz,026-641-5427,2022-09-03,True
8925,6959,James,Williams,CARETAKER,james.williams@willowbankschoo.school.nz,024-914-3737,2020-01-28,True
8926,6960,Simon,Thompson,PRINCIPAL,simon.thompson@baverstockoakss.school.nz,024-839-4755,2021-06-29,True
8927,6960,Maia,Roberts,SITE_MANAGER,maia.roberts@baverstockoakss.school.nz,024-676-1610,2020-09-08,True
8928,6960,Anika,Smith,HS_REP,anika.smith@baverstockoakss.school.nz,027-934-2413,2020-02-29,True
8929,6962,Matiu,Cooper,PRINCIPAL,matiu.cooper@tewharekuraomau.school.nz,026-813-9515,2020-08-10,True
8930,6962,Kylie,Kumar,SITE_MANAGER,kylie.kumar@tewharekuraomau.school.nz,026-116-2310,2022-02-16,True
8931,6962,Max,Cooper,HS_REP,max.cooper@tewharekuraomau.school.nz,021-441-3797,2021-11-08,True
8932,6962,Georgia,Hall,CARETAKER,georgia.hall@tewharekuraomau.school.nz,021-375-7019,2020-03-18,True
8933,6963,Tane,Hill,PRINCIPAL,tane.hill@papamoacollege.school.nz,027-986-1393,2021-08-10,True
8934,6963,Jessica,Wright,SITE_MANAGER,jessica.wright@papamoacollege.school.nz,026-208-4837,2020-12-11,True
8935,6963,Reuben,Fitzgerald,HS_REP,reuben.fitzgerald@papamoacollege.school.nz,027-266-7311,2021-05-25,True
8936,6967,Charlotte,Anderson,PRINCIPAL,charlotte.anderson@lemonwoodgroves.school.nz,026-442-8241,2022-03-15,True
8937,6967,Olivia,Johnston,SITE_MANAGER,olivia.johnston@lemonwoodgroves.school.nz,023-515-5287,2020-09-17,True
8938,6967,Tane,Baker,HS_REP,tane.baker@lemonwoodgroves.school.nz,025-718-4753,2021-04-25,True
8939,6975,Scott,Fraser,PRINCIPAL,scott.fraser@garincollege.school.nz,027-868-4981,2021-03-12,True
8940,6975,Moana,Singh,SITE_MANAGER,moana.singh@garincollege.school.nz,024-834-9768,2020-08-26,True
8941,6975,Aroha,Green,HS_REP,aroha.green@garincollege.school.nz,023-618-5562,2021-08-27,True
8942,6975,Tia,Nguyen,CARETAKER,tia.nguyen@garincollege.school.nz,027-991-3995,2021-02-05,True
8943,6976,Ben,Wright,PRINCIPAL,ben.wright@rototunaprimary.school.nz,023-554-3311,2021-05-08,True
8944,6976,Stacey,Watson,SITE_MANAGER,stacey.watson@rototunaprimary.school.nz,023-929-9878,2021-11-22,True
8945,6976,Aroha,Campbell,HS_REP,aroha.campbell@rototunaprimary.school.nz,028-442-7657,2020-08-07,True
8946,6977,Freya,Wright,PRINCIPAL,freya.wright@hobsonvillepoin.school.nz,024-873-8593,2021-02-24,True
8947,6977,Ethan,Harris,SITE_MANAGER,ethan.harris@hobsonvillepoin.school.nz,027-163-8076,2021-04-11,True
8948,6977,Ethan,Smith,HS_REP,ethan.smith@hobsonvillepoin.school.nz,021-692-7266,2020-12-17,True
8949,6977,Craig,Te Huia,CARETAKER,craig.te huia@hobsonvillepoin.school.nz,028-734-8790,2020-09-20,True
8950,6978,Brooke,Wong,PRINCIPAL,brooke.wong@reremoanaschool.school.nz,027-822-7610,2021-07-26,True
8951,6978,Joanne,Burns,SITE_MANAGER,joanne.burns@reremoanaschool.school.nz,027-695-8327,2020-03-13,True
8952,6978,Isla,Williams,HS_REP,isla.williams@reremoanaschool.school.nz,025-898-7814,2021-01-29,True
8953,6978,Stacey,Russell,CARETAKER,stacey.russell@reremoanaschool.school.nz,025-821-5045,2022-09-02,True
8954,6980,Caleb,Russell,PRINCIPAL,caleb.russell@clearviewprimar.school.nz,026-672-8107,2022-01-07,True
8955,6980,Hemi,Harris,SITE_MANAGER,hemi.harris@clearviewprimar.school.nz,026-807-5260,2020-04-18,True
8956,6980,Kaia,Young,HS_REP,kaia.young@clearviewprimar.school.nz,023-873-3442,2021-12-31,True
