site_id,site_name,street_address,suburb,town_city,postal_code,latitude,longitude,location,region,territorial_authority,education_region,urban_rural,school_type,school_definition,authority,total_roll,equity_index,status
1,Te Kura o Te Kao,6603 Far North Road ,,Te Kao,484.0,-34.654712,172.965948,POINT(172.965948 -34.654712),Northland Region,Far North District,Tai Tokerau,Rural other,Composite,,State,88,533,Open
2,Taipa Area School,578 State Highway 10 ,,Taipa,420.0,-34.994709,173.464302,POINT(173.464302 -34.994709),Northland Region,Far North District,Tai Tokerau,Rural settlement,Composite,,State,421,530,Open
3,Kaitaia College,53 Redan Road ,,Kaitaia,441.0,-35.121322,173.2587,POINT(173.2587 -35.121322),Northland Region,Far North District,Tai Tokerau,Small urban area,Secondary (Year 9-15),,State,732,522,Open
4,Whangaroa College,4157 State Highway 10 ,,Kaeo,448.0,-35.100861,173.78695,POINT(173.78695 -35.100861),Northland Region,Far North District,Tai Tokerau,Rural settlement,Secondary (Year 7-15),,State,100,540,Open
5,Kerikeri High School,48 Hone Heke Road ,,Kerikeri,245.0,-35.228354,173.955389,POINT(173.955389 -35.228354),Northland Region,Far North District,Tai Tokerau,Small urban area,Secondary (Year 7-15),,State,1640,463,Open
6,Broadwood Area School,1041 Broadwood Road ,,Broadwood,462.0,-35.261248,173.39499,POINT(173.39499 -35.261248),Northland Region,Far North District,Tai Tokerau,Rural other,Composite,,State,126,558,Open
7,Okaihau College,58 Settlers Way ,,Okaihau,475.0,-35.323759,173.765764,POINT(173.765764 -35.323759),Northland Region,Far North District,Tai Tokerau,Rural settlement,Secondary (Year 7-15),,State,263,516,Open
8,Bay of Islands College,1-9 Derrick Road ,,Kawakawa,243.0,-35.379502,174.075901,POINT(174.075901 -35.379502),Northland Region,Far North District,Tai Tokerau,Small urban area,Secondary (Year 9-15),,State,486,530,Open
9,Northland College,62 Mangakahia Road ,,Kaikohe,440.0,-35.413889,173.809917,POINT(173.809917 -35.413889),Northland Region,Far North District,Tai Tokerau,Small urban area,Secondary (Year 9-15),,State,309,552,Open
10,Te Kura Taumata o Panguru,2178 West Coast Road ,,Panguru,492.0,-35.380527,173.383068,POINT(173.383068 -35.380527),Northland Region,Far North District,Tai Tokerau,Rural other,Composite,,State,112,542,Open
11,Opononi Area School,263 State Highway 12 ,Omapere,Kaikohe,440.0,-35.528555,173.390212,POINT(173.390212 -35.528555),Northland Region,Far North District,Tai Tokerau,Rural settlement,Composite,,State,170,537,Open
12,Tauraroa Area School,398 Tauraroa Road ,,Maungakaramea,146.0,-35.873069,174.218169,POINT(174.218169 -35.873069),Northland Region,Whangarei District,Tai Tokerau,Rural other,Composite,,State,432,477,Open
13,Te Kamo High School,1 Wilkinson Avenue ,Kamo,Whangarei,141.0,-35.684394,174.302813,POINT(174.302813 -35.684394),Northland Region,Whangarei District,Tai Tokerau,Large urban area,Secondary (Year 9-15),,State,799,508,Open
14,Tikipunga High School,194 Corks Road ,Tikipunga,Whangarei,144.0,-35.683559,174.328317,POINT(174.328317 -35.683559),Northland Region,Whangarei District,Tai Tokerau,Large urban area,Secondary (Year 7-15),,State,359,560,Open
15,Whangārei Boys' High School,245 Western Hills Drive ,Avenues,Whangarei,140.0,-35.716116,174.318379,POINT(174.318379 -35.716116),Northland Region,Whangarei District,Tai Tokerau,Large urban area,Secondary (Year 9-15),,State,1442,474,Open
16,Whangārei Girls' High School,1 Lupton Avenue ,Regent,Whangarei,140.0,-35.713289,174.31955,POINT(174.31955 -35.713289),Northland Region,Whangarei District,Tai Tokerau,Large urban area,Secondary (Year 9-15),,State,1522,471,Open
17,Pompallier Catholic College,State Highway 14 ,Maunu,Whangarei,143.0,-35.744864,174.275713,POINT(174.275713 -35.744864),Northland Region,Whangarei District,Tai Tokerau,Large urban area,Secondary (Year 7-15),,State : Integrated,650,424,Open
18,Mangakahia Area School,1480 Mangakahia Road ,Titoki,Whangarei,140.0,-35.732278,174.058779,POINT(174.058779 -35.732278),Northland Region,Whangarei District,Tai Tokerau,Rural other,Composite,,State,80,560,Open
19,Dargaville High School,Plunket Street ,,Dargaville,310.0,-35.931691,173.868056,POINT(173.868056 -35.931691),Northland Region,Kaipara District,Tai Tokerau,Small urban area,Secondary (Year 9-15),,State,405,515,Open
20,Bream Bay College,2 Peter Snell Road ,,Ruakaka,151.0,-35.876079,174.455784,POINT(174.455784 -35.876079),Northland Region,Whangarei District,Tai Tokerau,Small urban area,Secondary (Year 7-15),,State,618,482,Open
21,Otamatea High School,Bickerstaffe Road ,,Maungaturoto,547.0,-36.117231,174.365259,POINT(174.365259 -36.117231),Northland Region,Kaipara District,Tai Tokerau,Rural other,Secondary (Year 7-15),,State,573,480,Open
22,Ruawai College,4375 State Highway 12 ,,Ruawai,549.0,-36.122571,174.011673,POINT(174.011673 -36.122571),Northland Region,Kaipara District,Tai Tokerau,Rural other,Secondary (Year 7-15),,State,145,526,Open
23,Rodney College,287 Rodney Street ,,Wellsford,900.0,-36.28816,174.520831,POINT(174.520831 -36.28816),Auckland Region,Rodney Local Board Area,Tāmaki Herenga Tāngata,Small urban area,Secondary (Year 9-15),,State,368,489,Open
24,Mahurangi College,Woodcocks Road ,,Warkworth,941.0,-36.406517,174.655544,POINT(174.655544 -36.406517),Auckland Region,Rodney Local Board Area,Tāmaki Herenga Tāngata,Small urban area,Secondary (Year 7-15),,State,1581,441,Open
25,Orewa College,76 Riverside Road ,,Orewa,946.0,-36.591698,174.689747,POINT(174.689747 -36.591698),Auckland Region,Hibiscus and Bays Local Board Area,Tāmaki Herenga Tāngata,Large urban area,Secondary (Year 7-15),,State,2282,432,Open
26,Kaipara College,Rautawhiri Road ,,Helensville,800.0,-36.680156,174.459138,POINT(174.459138 -36.680156),Auckland Region,Rodney Local Board Area,Tāmaki Herenga Tāngata,Small urban area,Secondary (Year 9-15),,State,721,460,Open
27,Long Bay College,Ashley Avenue ,Torbay,Auckland,742.0,-36.691395,174.738757,POINT(174.738757 -36.691395),Auckland Region,Hibiscus and Bays Local Board Area,Tāmaki Herenga Tāngata,Major urban area,Secondary (Year 9-15),,State,1960,422,Open
28,Rangitoto College,564 East Coast Road ,Browns Bay,Auckland,753.0,-36.737197,174.736684,POINT(174.736684 -36.737197),Auckland Region,Upper Harbour Local Board Area,Tāmaki Herenga Tāngata,Major urban area,Secondary (Year 9-15),,State,4167,397,Open
29,Kristin School,360 Albany Highway ,Albany,Auckland,752.0,-36.742989,174.692243,POINT(174.692243 -36.742989),Auckland Region,Upper Harbour Local Board Area,Tāmaki Herenga Tāngata,Major urban area,Composite,,Private : Fully Registered,1743,0,Open
30,Glenfield College,60 Kaipatiki Road ,Glenfield,Auckland,747.0,-36.779801,174.714953,POINT(174.714953 -36.779801),Auckland Region,Kaipātiki Local Board Area,Tāmaki Herenga Tāngata,Major urban area,Secondary (Year 9-15),,State,768,466,Open
31,Birkenhead College,140 Birkdale Road ,Birkenhead,Auckland,746.0,-36.799175,174.701151,POINT(174.701151 -36.799175),Auckland Region,Kaipātiki Local Board Area,Tāmaki Herenga Tāngata,Major urban area,Secondary (Year 9-15),,State,475,464,Open
32,Northcote College,Kauri Glen Road ,Northcote,Auckland,627.0,-36.808881,174.733677,POINT(174.733677 -36.808881),Auckland Region,Kaipātiki Local Board Area,Tāmaki Herenga Tāngata,Major urban area,Secondary (Year 9-15),,State,1603,428,Open
35,Carmel College,108 Shakespeare Road ,Milford,Auckland,741.0,-36.779176,174.756742,POINT(174.756742 -36.779176),Auckland Region,Devonport-Takapuna Local Board Area,Tāmaki Herenga Tāngata,Major urban area,Secondary (Year 7-15),,State : Integrated,1100,382,Open
36,Takapuna Grammar School,210 Lake Road ,Takapuna,Auckland,740.0,-36.800616,174.788477,POINT(174.788477 -36.800616),Auckland Region,Devonport-Takapuna Local Board Area,Tāmaki Herenga Tāngata,Major urban area,Secondary (Year 9-15),,State,2265,393,Open
37,Westlake Boys High School,Forrest Hill Road ,Takapuna,Auckland,620.0,-36.777366,174.749491,POINT(174.749491 -36.777366),Auckland Region,Devonport-Takapuna Local Board Area,Tāmaki Herenga Tāngata,Major urban area,Secondary (Year 9-15),,State,2773,399,Open
38,Westlake Girls' High School,2 Wairau Road ,Takapuna,Auckland,627.0,-36.782458,174.752309,POINT(174.752309 -36.782458),Auckland Region,Devonport-Takapuna Local Board Area,Tāmaki Herenga Tāngata,Major urban area,Secondary (Year 9-15),,State,2289,403,Open
39,Rosmini College,36 Dominion Street ,Takapuna,Auckland,622.0,-36.792443,174.760146,POINT(174.760146 -36.792443),Auckland Region,Devonport-Takapuna Local Board Area,Tāmaki Herenga Tāngata,Major urban area,Secondary (Year 7-15),,State : Integrated,1208,387,Open
40,Rutherford College,Kotuku Street ,Te Atatu,Auckland,610.0,-36.85259,174.646309,POINT(174.646309 -36.85259),Auckland Region,Henderson-Massey Local Board Area,Tāmaki Herenga Tāngata,Major urban area,Secondary (Year 9-15),,State,1607,459,Open
41,Macleans College,2 Macleans Road ,Bucklands Beach,Auckland,2145.0,-36.882722,174.914424,POINT(174.914424 -36.882722),Auckland Region,Howick Local Board Area,Tāmaki Herenga Manawa,Major urban area,Secondary (Year 9-15),,State,3078,385,Open
42,Green Bay High School,143-161 Godley Road ,Green Bay,Auckland,604.0,-36.93095,174.669395,POINT(174.669395 -36.93095),Auckland Region,Whau Local Board Area,Tāmaki Herenga Tāngata,Major urban area,Secondary (Year 9-15),,State,1959,430,Open
43,Massey High School,274 Don Buck Road ,Massey,Auckland,614.0,-36.84188,174.601693,POINT(174.601693 -36.84188),Auckland Region,Henderson-Massey Local Board Area,Tāmaki Herenga Tāngata,Major urban area,Secondary (Year 9-15),,State,2113,486,Open
44,Waitakere College,42 Rathgar Road ,Henderson,Auckland,650.0,-36.867097,174.620712,POINT(174.620712 -36.867097),Auckland Region,Henderson-Massey Local Board Area,Tāmaki Herenga Tāngata,Major urban area,Secondary (Year 9-15),,State,1988,480,Open
45,Henderson High School,Henderson Valley Road ,Henderson,Auckland,650.0,-36.883656,174.628205,POINT(174.628205 -36.883656),Auckland Region,Henderson-Massey Local Board Area,Tāmaki Herenga Tāngata,Major urban area,Secondary (Year 9-15),,State,1048,481,Open
46,Liston College,69 Rathgar Road ,Henderson,Auckland,610.0,-36.866064,174.623159,POINT(174.623159 -36.866064),Auckland Region,Henderson-Massey Local Board Area,Tāmaki Herenga Tāngata,Major urban area,Secondary (Year 7-15),,State : Integrated,856,414,Open
47,St Dominic's Catholic College (Henderson),29 Rathgar Road ,Henderson,Auckland,650.0,-36.868859,174.621071,POINT(174.621071 -36.868859),Auckland Region,Henderson-Massey Local Board Area,Tāmaki Herenga Tāngata,Major urban area,Secondary (Year 7-15),,State : Integrated,851,423,Open
48,Western Springs College-Ngā Puna o Waiōrea,Motions Road ,Western Springs,Auckland,1022.0,-36.861976,174.717535,POINT(174.717535 -36.861976),Auckland Region,Waitematā Local Board Area,Tāmaki Herenga Manawa,Major urban area,Secondary (Year 9-15),,State,1758,422,Open
49,Selwyn College,Kohimarama Road ,Kohimarama,Auckland,1071.0,-36.86233,174.838551,POINT(174.838551 -36.86233),Auckland Region,Ōrākei Local Board Area,Tāmaki Herenga Manawa,Major urban area,Secondary (Year 9-15),,State,1588,411,Open
50,St Mary's College (Ponsonby),11 New Street ,Ponsonby,Auckland,1144.0,-36.846003,174.748234,POINT(174.748234 -36.846003),Auckland Region,Waitematā Local Board Area,Tāmaki Herenga Manawa,Major urban area,Secondary (Year 7-15),,State : Integrated,998,388,Open
51,St Paul's College (Ponsonby),183 Richmond Road ,Ponsonby,Auckland,1021.0,-36.854456,174.73779,POINT(174.73779 -36.854456),Auckland Region,Waitematā Local Board Area,Tāmaki Herenga Manawa,Major urban area,Secondary (Year 7-15),,State : Integrated,395,480,Open
52,Tyndale Park Christian School,206 Murphys Road ,Flat Bush,Auckland,2019.0,-36.974546,174.922239,POINT(174.922239 -36.974546),Auckland Region,Howick Local Board Area,Tāmaki Herenga Waka,Major urban area,Composite,,Private : Fully Registered,115,0,Open
53,Auckland Girls' Grammar School,Howe Street ,Newton,Auckland,1141.0,-36.856867,174.753659,POINT(174.753659 -36.856867),Auckland Region,Waitematā Local Board Area,Tāmaki Herenga Manawa,Major urban area,Secondary (Year 9-15),,State,1191,485,Open
54,Auckland Grammar School,Mountain Road ,Epsom,Auckland,1149.0,-36.869414,174.768851,POINT(174.768851 -36.869414),Auckland Region,Albert-Eden Local Board Area,Tāmaki Herenga Manawa,Major urban area,Secondary (Year 9-15),,State,2767,386,Open
57,Tamaki College,Elstree Avenue ,Glen Innes,Auckland,1743.0,-36.877943,174.867271,POINT(174.867271 -36.877943),Auckland Region,Maungakiekie-Tāmaki Local Board Area,Tāmaki Herenga Manawa,Major urban area,Secondary (Year 9-15),,State,719,526,Open
58,Tangaroa College,Haumia Way ,Otara,Auckland,2159.0,-36.972905,174.892909,POINT(174.892909 -36.972905),Auckland Region,Ōtara-Papatoetoe Local Board Area,Tāmaki Herenga Waka,Major urban area,Secondary (Year 9-15),,State,1082,521,Open
59,Sacred Heart College (Auckland),250 West Tamaki Road ,Glendowie,Auckland,1071.0,-36.868894,174.872413,POINT(174.872413 -36.868894),Auckland Region,Ōrākei Local Board Area,Tāmaki Herenga Manawa,Major urban area,Secondary (Year 7-15),,State : Integrated,1511,394,Open
60,Saint Kentigern Girls' School,82 Shore Road ,Remuera,Auckland,1541.0,-36.865324,174.803912,POINT(174.803912 -36.865324),Auckland Region,Ōrākei Local Board Area,Tāmaki Herenga Manawa,Major urban area,Full Primary,,Private : Fully Registered,388,0,Open
61,Baradene College,237 Victoria Avenue ,Remuera,Auckland,1541.0,-36.865643,174.800324,POINT(174.800324 -36.865643),Auckland Region,Ōrākei Local Board Area,Tāmaki Herenga Manawa,Major urban area,Secondary (Year 7-15),,State : Integrated,1531,370,Open
62,St Peter's College (Epsom),Mountain Road ,Grafton,Auckland,1023.0,-36.867787,174.769673,POINT(174.769673 -36.867787),Auckland Region,Waitematā Local Board Area,Tāmaki Herenga Manawa,Major urban area,Secondary (Year 7-15),,State : Integrated,1318,383,Open
63,Marcellin College,617 Mt Albert Road ,Royal Oak,Auckland,1345.0,-36.91013,174.766435,POINT(174.766435 -36.91013),Auckland Region,Puketāpapa Local Board Area,Tāmaki Herenga Manawa,Major urban area,Secondary (Year 7-15),,State : Integrated,466,470,Open
64,Epsom Girls Grammar School,Silver Road ,Epsom,Auckland,1023.0,-36.876921,174.776577,POINT(174.776577 -36.876921),Auckland Region,Albert-Eden Local Board Area,Tāmaki Herenga Manawa,Major urban area,Secondary (Year 9-15),,State,2316,402,Open
65,Glendowie College,21 Crossfield Road ,Glendowie,Auckland,1071.0,-36.862578,174.868137,POINT(174.868137 -36.862578),Auckland Region,Ōrākei Local Board Area,Tāmaki Herenga Manawa,Major urban area,Secondary (Year 9-15),,State,1195,392,Open
66,Dilworth School,2 Erin Street ,Remuera,Auckland,1541.0,-36.880303,174.781062,POINT(174.781062 -36.880303),Auckland Region,Albert-Eden Local Board Area,Tāmaki Herenga Manawa,Major urban area,Composite,,Private : Fully Registered,506,0,Open
67,Diocesan School For Girls,Clyde Street ,Epsom,Auckland,1149.0,-36.879258,174.77947,POINT(174.77947 -36.879258),Auckland Region,Albert-Eden Local Board Area,Tāmaki Herenga Manawa,Major urban area,Composite,,Private : Fully Registered,1725,0,Open
68,St Cuthbert's College (Epsom),122 Market Road ,Epsom,Auckland,1344.0,-36.887581,174.77825,POINT(174.77825 -36.887581),Auckland Region,Albert-Eden Local Board Area,Tāmaki Herenga Manawa,Major urban area,Composite,,Private : Fully Registered,1643,0,Open
69,Mt Albert Grammar School,36 Alberton Ave ,Mount Albert,Auckland,1025.0,-36.884707,174.725349,POINT(174.725349 -36.884707),Auckland Region,Albert-Eden Local Board Area,Tāmaki Herenga Manawa,Major urban area,Secondary (Year 9-15),,State,3625,415,Open
70,Marist College,31 Alberton Avenue ,Mount Albert,Auckland,1025.0,-36.881938,174.726132,POINT(174.726132 -36.881938),Auckland Region,Albert-Eden Local Board Area,Tāmaki Herenga Manawa,Major urban area,Secondary (Year 7-15),,State : Integrated,766,398,Open
74,Mt Roskill Grammar,Frost Road ,Mount Roskill,Auckland,1041.0,-36.912708,174.747139,POINT(174.747139 -36.912708),Auckland Region,Puketāpapa Local Board Area,Tāmaki Herenga Manawa,Major urban area,Secondary (Year 9-15),,State,1919,444,Open
75,Lynfield College,White Swan Road ,Mount Roskill,Auckland,1041.0,-36.921035,174.715436,POINT(174.715436 -36.921035),Auckland Region,Puketāpapa Local Board Area,Tāmaki Herenga Manawa,Major urban area,Secondary (Year 9-15),,State,2017,417,Open
77,Bethlehem College,24 Elder Lane ,Bethlehem,Tauranga,3143.0,-37.704974,176.11123,POINT(176.11123 -37.704974),Bay of Plenty Region,Tauranga City,"Bay of Plenty, Waiariki",Major urban area,Composite,,State : Integrated,2108,409,Open
78,Avondale College,Victor Street ,Avondale,Auckland,1026.0,-36.891482,174.691137,POINT(174.691137 -36.891482),Auckland Region,Whau Local Board Area,Tāmaki Herenga Manawa,Major urban area,Secondary (Year 9-15),,State,2788,439,Open
79,Edgewater College,32 Edgewater Drive ,Pakuranga,Auckland,2010.0,-36.922507,174.874746,POINT(174.874746 -36.922507),Auckland Region,Howick Local Board Area,Tāmaki Herenga Manawa,Major urban area,Secondary (Year 9-15),,State,639,497,Open
80,Pakūranga College,Pigeon Mountain Road ,Bucklands Beach,Auckland,2143.0,-36.89763,174.901771,POINT(174.901771 -36.89763),Auckland Region,Howick Local Board Area,Tāmaki Herenga Manawa,Major urban area,Secondary (Year 9-15),,State,2270,431,Open
81,Saint Kentigern College,130 Pakuranga Road ,Pakuranga,Auckland,2140.0,-36.909712,174.875035,POINT(174.875035 -36.909712),Auckland Region,Howick Local Board Area,Tāmaki Herenga Manawa,Major urban area,Secondary (Year 7-15),,Private : Fully Registered,2343,0,Open
82,Aidanfield Christian School,2 Nash Road ,Aidanfield,Christchurch,8025.0,-43.563771,172.571,POINT(172.571 -43.563771),Canterbury Region,Christchurch City,"Canterbury, Chatham Islands",Major urban area,Composite,,State : Integrated,465,377,Open
83,Kelston Boys' High School,Archibald Road ,New Lynn,Auckland,640.0,-36.898785,174.666886,POINT(174.666886 -36.898785),Auckland Region,Whau Local Board Area,Tāmaki Herenga Tāngata,Major urban area,Secondary (Year 9-15),,State,821,505,Open
84,Kelston Girls' College,Great North Road ,New Lynn,Auckland,640.0,-36.908063,174.664361,POINT(174.664361 -36.908063),Auckland Region,Whau Local Board Area,Tāmaki Herenga Tāngata,Major urban area,Secondary (Year 9-15),,State,594,507,Open
85,One Tree Hill College,421 Great South Road ,Penrose,Auckland,1546.0,-36.902825,174.80696,POINT(174.80696 -36.902825),Auckland Region,Maungakiekie-Tāmaki Local Board Area,Tāmaki Herenga Manawa,Major urban area,Secondary (Year 9-15),,State,1472,466,Open
86,Onehunga High School,24 Pleasant Street ,Onehunga,Auckland,1061.0,-36.919501,174.770963,POINT(174.770963 -36.919501),Auckland Region,Maungakiekie-Tāmaki Local Board Area,Tāmaki Herenga Manawa,Major urban area,Secondary (Year 9-15),,State,1010,478,Open
87,Howick College,Sandspit Road ,Howick South,Auckland,2145.0,-36.90657,174.939278,POINT(174.939278 -36.90657),Auckland Region,Howick Local Board Area,Tāmaki Herenga Manawa,Major urban area,Secondary (Year 9-15),,State,2217,432,Open
88,Otahuhu College,74-78 Mangere Road ,Otahuhu,Auckland,1640.0,-36.953118,174.840645,POINT(174.840645 -36.953118),Auckland Region,Māngere-Ōtāhuhu Local Board Area,Tāmaki Herenga Waka,Major urban area,Secondary (Year 9-15),,State,1151,509,Open
89,King's College,Golf Avenue ,Otahuhu,Auckland,1640.0,-36.959802,174.837266,POINT(174.837266 -36.959802),Auckland Region,Māngere-Ōtāhuhu Local Board Area,Tāmaki Herenga Waka,Major urban area,Secondary (Year 9-15),,Private : Fully Registered,1233,0,Open
90,McAuley High School,26 High Street ,Otahuhu,Auckland,1640.0,-36.944408,174.847352,POINT(174.847352 -36.944408),Auckland Region,Māngere-Ōtāhuhu Local Board Area,Tāmaki Herenga Waka,Major urban area,Secondary (Year 9-15),,State : Integrated,770,483,Open
91,Mangere College,23 Bader Drive ,Mangere,Auckland,2153.0,-36.959618,174.791589,POINT(174.791589 -36.959618),Auckland Region,Māngere-Ōtāhuhu Local Board Area,Tāmaki Herenga Waka,Major urban area,Secondary (Year 9-15),,State,772,521,Open
93,Auckland Seventh-Day Adventist H S,119 Mountain Road ,Mangere Bridge,Auckland,2022.0,-36.956393,174.785003,POINT(174.785003 -36.956393),Auckland Region,Māngere-Ōtāhuhu Local Board Area,Tāmaki Herenga Waka,Major urban area,Secondary (Year 9-15),,State : Integrated,333,489,Open
94,De La Salle College,81 Gray Avenue ,Mangere East,Auckland,2158.0,-36.964806,174.837764,POINT(174.837764 -36.964806),Auckland Region,Ōtara-Papatoetoe Local Board Area,Tāmaki Herenga Waka,Major urban area,Secondary (Year 7-15),,State : Integrated,971,484,Open
95,Papatoetoe High School,19 Nicholson Avenue ,Papatoetoe,Auckland,2155.0,-36.975523,174.871805,POINT(174.871805 -36.975523),Auckland Region,Ōtara-Papatoetoe Local Board Area,Tāmaki Herenga Waka,Major urban area,Secondary (Year 9-15),,State,1815,472,Open
96,Aorere College,Portage Road ,Papatoetoe,Auckland,2155.0,-36.981416,174.833081,POINT(174.833081 -36.981416),Auckland Region,Ōtara-Papatoetoe Local Board Area,Tāmaki Herenga Waka,Major urban area,Secondary (Year 9-15),,State,1701,497,Open
97,Sir Edmund Hillary Collegiate Senior School,2 Franklyne Road ,Otara,Auckland,2159.0,-36.951275,174.87553,POINT(174.87553 -36.951275),Auckland Region,Ōtara-Papatoetoe Local Board Area,Tāmaki Herenga Waka,Major urban area,Secondary (Year 9-15),,State,664,525,Open
99,Manurewa High School,67 Browns Road ,Manurewa,Auckland,2243.0,-37.011253,174.882302,POINT(174.882302 -37.011253),Auckland Region,Manurewa Local Board Area,Tāmaki Herenga Waka,Major urban area,Secondary (Year 9-15),,State,2384,508,Open
100,Te Haikura a Kiwa,Dr Pickering Avenue ,Manurewa,Auckland,2243.0,-37.03498,174.885978,POINT(174.885978 -37.03498),Auckland Region,Manurewa Local Board Area,Tāmaki Herenga Waka,Major urban area,Secondary (Year 9-15),,State,1867,529,Open
101,Papakura High School,Willis Road ,,Papakura,2244.0,-37.062945,174.950801,POINT(174.950801 -37.062945),Auckland Region,Papakura Local Board Area,Tāmaki Herenga Waka,Major urban area,Secondary (Year 9-15),,State,1337,531,Open
102,Rosehill College,5 Edinburgh Avenue ,,Papakura,2244.0,-37.076585,174.936559,POINT(174.936559 -37.076585),Auckland Region,Papakura Local Board Area,Tāmaki Herenga Waka,Major urban area,Secondary (Year 9-15),,State,1772,473,Open
103,Pukekohe High School,14 Harris Street ,,Pukekohe,2340.0,-37.204552,174.905826,POINT(174.905826 -37.204552),Auckland Region,Franklin Local Board Area,Tāmaki Herenga Waka,Medium urban area,Secondary (Year 9-15),,State,1938,465,Open
104,Wesley College,State Highway 22 ,,Pukekohe,2340.0,-37.148293,174.890163,POINT(174.890163 -37.148293),Auckland Region,Franklin Local Board Area,Tāmaki Herenga Waka,Rural settlement,Secondary (Year 7-15),,State : Integrated,330,509,Open
105,Waiuku College,Constable Road ,,Waiuku,2341.0,-37.251019,174.725723,POINT(174.725723 -37.251019),Auckland Region,Franklin Local Board Area,Tāmaki Herenga Waka,Small urban area,Secondary (Year 9-15),,State,1002,476,Open
106,Tuakau College,Elizabeth Street ,,Tuakau,2342.0,-37.263023,174.93426,POINT(174.93426 -37.263023),Waikato Region,Waikato District,Tāmaki Herenga Waka,Small urban area,Secondary (Year 7-15),,State,1016,485,Open
108,Onewhero Area School,29 Hall Road ,Onewhero,Tuakau,2697.0,-37.332158,174.916276,POINT(174.916276 -37.332158),Waikato Region,Waikato District,Tāmaki Herenga Waka,Rural other,Composite,,State,390,467,Open
109,Coromandel Area School,Woollams Avenue ,,Coromandel,3543.0,-36.759266,175.500031,POINT(175.500031 -36.759266),Waikato Region,Thames-Coromandel District,Waikato,Small urban area,Composite,,State,212,512,Open
110,Mercury Bay Area School,South Highway ,,Whitianga,3510.0,-36.841247,175.698102,POINT(175.698102 -36.841247),Waikato Region,Thames-Coromandel District,Waikato,Small urban area,Composite,,State,868,465,Open
111,Thames High School,300 Sealey Street ,,Thames,3540.0,-37.139546,175.544879,POINT(175.544879 -37.139546),Waikato Region,Thames-Coromandel District,Waikato,Small urban area,Secondary (Year 9-15),,State,402,489,Open
112,Hauraki Plains College,2 Kaihere Road ,,Ngatea,3541.0,-37.276618,175.498679,POINT(175.498679 -37.276618),Waikato Region,Hauraki District,Waikato,Small urban area,Secondary (Year 9-15),,State,866,468,Open
113,Paeroa College,15 Te Aroha Road ,,Paeroa,3640.0,-37.385437,175.669282,POINT(175.669282 -37.385437),Waikato Region,Hauraki District,Waikato,Small urban area,Secondary (Year 9-15),,State,322,507,Open
114,Waihi College,Kensington Road ,,Waihi,3641.0,-37.386212,175.83115,POINT(175.83115 -37.386212),Waikato Region,Hauraki District,Waikato,Small urban area,Secondary (Year 7-15),,State,552,485,Open
115,Te Kauwhata College,50-64 Waerenga Road ,,Te Kauwhata,3741.0,-37.400837,175.151096,POINT(175.151096 -37.400837),Waikato Region,Waikato District,Waikato,Small urban area,Secondary (Year 7-15),,State,504,500,Open
116,Te Aroha College,106 Stanley Avenue ,,Te Aroha,3342.0,-37.541904,175.693304,POINT(175.693304 -37.541904),Waikato Region,Matamata-Piako District,Waikato,Small urban area,Secondary (Year 9-15),,State,401,492,Open
117,Katikati College,Beach Road ,,Katikati,3129.0,-37.552923,175.921779,POINT(175.921779 -37.552923),Bay of Plenty Region,Western Bay of Plenty District,"Bay of Plenty, Waiariki",Small urban area,Secondary (Year 7-15),,State,839,465,Open
118,Mount Maunganui College,565 Maunganui Road ,,Mount Maunganui,3116.0,-37.662776,176.207104,POINT(176.207104 -37.662776),Bay of Plenty Region,Tauranga City,"Bay of Plenty, Waiariki",Major urban area,Secondary (Year 9-15),,State,1756,452,Open
119,Huntly College,Bridge Street ,,Huntly,3740.0,-37.562095,175.15226,POINT(175.15226 -37.562095),Waikato Region,Waikato District,Waikato,Small urban area,Secondary (Year 9-15),,State,200,552,Open
120,Ōtūmoetai College,105 Windsor Road ,Tauranga Central,Tauranga,3145.0,-37.678754,176.129106,POINT(176.129106 -37.678754),Bay of Plenty Region,Tauranga City,"Bay of Plenty, Waiariki",Major urban area,Secondary (Year 9-15),,State,2002,451,Open
121,Tauranga Boys' College,664 Cameron Road ,,Tauranga,3112.0,-37.702139,176.156216,POINT(176.156216 -37.702139),Bay of Plenty Region,Tauranga City,"Bay of Plenty, Waiariki",Major urban area,Secondary (Year 9-15),,State,2288,456,Open
122,Tauranga Girls' College,930 Cameron Road ,Gate Pa,Tauranga,3112.0,-37.712366,176.144959,POINT(176.144959 -37.712366),Bay of Plenty Region,Tauranga City,"Bay of Plenty, Waiariki",Major urban area,Secondary (Year 9-15),,State,1456,466,Open
123,Te Puke High School,19 Tui Street ,,Te Puke,3153.0,-37.788258,176.318222,POINT(176.318222 -37.788258),Bay of Plenty Region,Western Bay of Plenty District,"Bay of Plenty, Waiariki",Small urban area,Secondary (Year 9-15),,State,1104,492,Open
124,Matamata College,Firth Street ,,Matamata,3440.0,-37.816276,175.770385,POINT(175.770385 -37.816276),Waikato Region,Matamata-Piako District,Waikato,Small urban area,Secondary (Year 9-15),,State,830,479,Open
125,Raglan Area School,42 Norrie Avenue ,,Raglan,3265.0,-37.807418,174.866613,POINT(174.866613 -37.807418),Waikato Region,Waikato District,Waikato,Small urban area,Composite,,State,597,453,Open
126,Morrinsville College,Alexandra Avenue ,,Morrinsville,3340.0,-37.650833,175.534069,POINT(175.534069 -37.650833),Waikato Region,Matamata-Piako District,Waikato,Small urban area,Secondary (Year 9-15),,State,758,481,Open
127,Ngaruawahia High School,56 Kent Street ,,Ngaruawahia,3742.0,-37.66004,175.158665,POINT(175.158665 -37.66004),Waikato Region,Waikato District,Waikato,Small urban area,Secondary (Year 9-15),,State,356,534,Open
129,Fairfield College,25 Bankwood Road ,Chartwell,Hamilton,3248.0,-37.76277,175.27696,POINT(175.27696 -37.76277),Waikato Region,Hamilton City,Waikato,Major urban area,Secondary (Year 9-15),,State,973,527,Open
130,St Paul's Collegiate (Hamilton),77 Hukanui Road ,Chartwell,Hamilton,3240.0,-37.759246,175.282196,POINT(175.282196 -37.759246),Waikato Region,Hamilton City,Waikato,Major urban area,Secondary (Year 9-15),,Private : Fully Registered,972,0,Open
131,Hamilton Boys' High School,Peachgrove Road ,,Hamilton,3240.0,-37.784988,175.294802,POINT(175.294802 -37.784988),Waikato Region,Hamilton City,Waikato,Major urban area,Secondary (Year 9-15),,State,2281,429,Open
132,Hamilton Girls' High School,Ward Street ,,Hamilton,3240.0,-37.789062,175.277353,POINT(175.277353 -37.789062),Waikato Region,Hamilton City,Waikato,Major urban area,Secondary (Year 9-15),,State,1801,463,Open
133,Raphael House Rudolf Steiner Area School,27 Matuhi Street ,Belmont,Lower Hutt,5010.0,-41.196228,174.907713,POINT(174.907713 -41.196228),Wellington Region,Lower Hutt City,Wellington,Major urban area,Composite,,State : Integrated,282,400,Open
134,Flaxmere College,Henderson Road ,Flaxmere,Hastings,4120.0,-39.623997,176.788805,POINT(176.788805 -39.623997),Hawke's Bay Region,Hastings District,"Hawke's Bay, Tairāwhiti",Large urban area,Secondary (Year 7-15),,State,364,558,Open
135,Fraser High School,72 Ellicott Road ,Dinsdale,Hamilton,3243.0,-37.784283,175.244737,POINT(175.244737 -37.784283),Waikato Region,Hamilton City,Waikato,Major urban area,Secondary (Year 9-15),,State,1446,508,Open
136,St John's College (Hillcrest),85 Hillcrest Road ,Hillcrest,Hamilton,3251.0,-37.791339,175.317501,POINT(175.317501 -37.791339),Waikato Region,Hamilton City,Waikato,Major urban area,Secondary (Year 9-15),,State : Integrated,956,428,Open
138,Hillcrest High School,141 Masters Avenue ,Hillcrest,Hamilton,3251.0,-37.793283,175.32629,POINT(175.32629 -37.793283),Waikato Region,Hamilton City,Waikato,Major urban area,Secondary (Year 9-15),,State,1818,451,Open
139,Sacred Heart Girls' College (Ham),52 Clyde Street ,Hamilton East,Hamilton,3247.0,-37.791585,175.29528,POINT(175.29528 -37.791585),Waikato Region,Hamilton City,Waikato,Major urban area,Secondary (Year 9-15),,State : Integrated,937,439,Open
140,Waikato Diocesan School For Girls,660 River Road ,,Hamilton,3240.0,-37.764497,175.267808,POINT(175.267808 -37.764497),Waikato Region,Hamilton City,Waikato,Major urban area,Secondary (Year 9-15),,State : Integrated,680,391,Open
141,St Peter's School (Cambridge),1716 Cambridge Road ,,Cambridge,3450.0,-37.890555,175.428899,POINT(175.428899 -37.890555),Waikato Region,Waipa District,Waikato,Medium urban area,Secondary (Year 7-15),,Private : Fully Registered,1215,0,Open
142,Cambridge High School,25 Swayne Road ,,Cambridge,3450.0,-37.878116,175.470878,POINT(175.470878 -37.878116),Waikato Region,Waipa District,Waikato,Medium urban area,Secondary (Year 9-15),,State,1757,447,Open
143,Trident High School,76 Arawa Road ,,Whakatane,3120.0,-37.973481,176.975956,POINT(176.975956 -37.973481),Bay of Plenty Region,Whakatane District,"Bay of Plenty, Waiariki",Medium urban area,Secondary (Year 9-15),,State,843,496,Open
144,Whakatane High School,56 Goulstone Road ,,Whakatane,3158.0,-37.962394,176.985794,POINT(176.985794 -37.962394),Bay of Plenty Region,Whakatane District,"Bay of Plenty, Waiariki",Medium urban area,Secondary (Year 9-15),,State,1234,475,Open
145,Rangitaiki College – Te Kura Tuarua o Rangitaiki,100 College Road ,,Edgecumbe,3120.0,-37.967933,176.827537,POINT(176.827537 -37.967933),Bay of Plenty Region,Whakatane District,"Bay of Plenty, Waiariki",Small urban area,Secondary (Year 9-15),,State,129,530,Open
146,Te Awamutu College,938 Alexandra Street ,,Te Awamutu,3840.0,-38.006315,175.314937,POINT(175.314937 -38.006315),Waikato Region,Waipa District,Waikato,Medium urban area,Secondary (Year 9-15),,State,1310,481,Open
148,Opotiki College,22 St John Street ,,Opotiki,3162.0,-38.013132,177.288103,POINT(177.288103 -38.013132),Bay of Plenty Region,Ōpōtiki District,"Bay of Plenty, Waiariki",Small urban area,Secondary (Year 9-15),,State,350,541,Open
151,Western Heights High School,70 Old Quarry Road ,Rotorua Central,Rotorua,3040.0,-38.119568,176.221187,POINT(176.221187 -38.119568),Bay of Plenty Region,Rotorua District,"Bay of Plenty, Waiariki",Large urban area,Secondary (Year 9-15),,State,1205,499,Open
152,Rotorua Boys' High School,1612 Pukuatua Street ,,Rotorua,3046.0,-38.13727,176.237477,POINT(176.237477 -38.13727),Bay of Plenty Region,Rotorua District,"Bay of Plenty, Waiariki",Large urban area,Secondary (Year 9-15),,State,1153,504,Open
153,Rotorua Girls' High School,251 Old Taupo Road ,Hillcrest,Rotorua,3010.0,-38.147857,176.238386,POINT(176.238386 -38.147857),Bay of Plenty Region,Rotorua District,"Bay of Plenty, Waiariki",Large urban area,Secondary (Year 9-15),,State,642,522,Open
154,Rotorua Lakes High School,Porikapa Road ,Te Ngae,Rotorua,3042.0,-38.136755,176.30233,POINT(176.30233 -38.136755),Bay of Plenty Region,Rotorua District,"Bay of Plenty, Waiariki",Large urban area,Secondary (Year 9-15),,State,630,473,Open
157,Ōtorohanga College,Bledisloe Avenue ,,Otorohanga,3940.0,-38.179869,175.206037,POINT(175.206037 -38.179869),Waikato Region,Ōtorohanga District,Waikato,Small urban area,Secondary (Year 9-15),,State,370,515,Open
158,Tokoroa High School,Billah Street ,,Tokoroa,3444.0,-38.226207,175.861524,POINT(175.861524 -38.226207),Waikato Region,South Waikato District,Waikato,Medium urban area,Secondary (Year 9-15),,State,500,525,Open
159,Forest View High School,Baird Road ,,Tokoroa,3444.0,-38.220079,175.842948,POINT(175.842948 -38.220079),Waikato Region,South Waikato District,Waikato,Medium urban area,Secondary (Year 9-15),,State,425,517,Open
160,Te Kuiti High School,Hospital Road ,,Te Kuiti,3941.0,-38.332231,175.154846,POINT(175.154846 -38.332231),Waikato Region,Waitomo District,Waikato,Small urban area,Secondary (Year 9-15),,State,304,522,Open
161,Benneydale School,Mine Road ,,Benneydale,3944.0,-38.521675,175.369183,POINT(175.369183 -38.521675),Waikato Region,Waitomo District,Waikato,Rural other,Full Primary,,State,28,559,Open
162,Piopio College,18 Aria Road ,,Piopio,3912.0,-38.472653,175.014155,POINT(175.014155 -38.472653),Waikato Region,Waitomo District,Waikato,Rural settlement,Secondary (Year 7-15),,State,159,499,Open
164,Reporoa College,45 Massey Road ,,Reporoa,3060.0,-38.437349,176.344112,POINT(176.344112 -38.437349),Waikato Region,Rotorua District,"Bay of Plenty, Waiariki",Rural other,Secondary (Year 7-15),,State,205,519,Open
166,Tauhara College,101 Invergarry Road ,,Taupo,3351.0,-38.697481,176.104929,POINT(176.104929 -38.697481),Waikato Region,Taupo District,"Bay of Plenty, Waiariki",Medium urban area,Secondary (Year 9-15),,State,689,486,Open
167,Taupo-nui-a-Tia College,122 Spa Road ,,Taupo,3351.0,-38.681065,176.078757,POINT(176.078757 -38.681065),Waikato Region,Taupo District,"Bay of Plenty, Waiariki",Medium urban area,Secondary (Year 9-15),,State,1198,463,Open
169,Taumarunui High School,202 Golf Road ,,Taumarunui,3946.0,-38.863298,175.248127,POINT(175.248127 -38.863298),Manawatū-Whanganui Region,Ruapehu District,Waikato,Small urban area,Secondary (Year 9-15),,State,300,528,Open
170,Waitara High School,18 Princess Street ,,Waitara,4346.0,-38.996615,174.245055,POINT(174.245055 -38.996615),Taranaki Region,New Plymouth District,"Taranaki, Whanganui, Manawatū",Small urban area,Secondary (Year 9-15),,State,440,524,Open
171,New Plymouth Boys' High School,107 Coronation Avenue ,,New Plymouth,4342.0,-39.061546,174.086318,POINT(174.086318 -39.061546),Taranaki Region,New Plymouth District,"Taranaki, Whanganui, Manawatū",Large urban area,Secondary (Year 9-15),,State,1484,446,Open
172,New Plymouth Girls' High School,60 Northgate ,,New Plymouth,4342.0,-39.054795,174.09477,POINT(174.09477 -39.054795),Taranaki Region,New Plymouth District,"Taranaki, Whanganui, Manawatū",Large urban area,Secondary (Year 9-15),,State,1301,447,Open
173,Spotswood College,129 South Road ,,New Plymouth,4344.0,-39.071205,174.036087,POINT(174.036087 -39.071205),Taranaki Region,New Plymouth District,"Taranaki, Whanganui, Manawatū",Large urban area,Secondary (Year 9-15),,State,936,493,Open
174,Sacred Heart Girls' College (N Plymouth),9 Pukaka Street ,Fitzroy,New Plymouth,4341.0,-39.052621,174.102287,POINT(174.102287 -39.052621),Taranaki Region,New Plymouth District,"Taranaki, Whanganui, Manawatū",Large urban area,Secondary (Year 7-15),,State : Integrated,737,414,Open
175,Francis Douglas Memorial College,201 Tukapa Street ,Westown,New Plymouth,4343.0,-39.081129,174.053406,POINT(174.053406 -39.081129),Taranaki Region,New Plymouth District,"Taranaki, Whanganui, Manawatū",Large urban area,Secondary (Year 7-15),,State : Integrated,791,418,Open
176,Ohura Valley Primary,1 Mangaparo Road ,,Ohura,3926.0,-38.844333,174.984709,POINT(174.984709 -38.844333),Manawatū-Whanganui Region,Ruapehu District,Waikato,Rural settlement,Full Primary,,State,12,565,Open
177,Inglewood High School,129 Rata Street ,,Inglewood,4347.0,-39.156657,174.18992,POINT(174.18992 -39.156657),Taranaki Region,New Plymouth District,"Taranaki, Whanganui, Manawatū",Small urban area,Secondary (Year 9-15),,State,537,478,Open
179,Stratford High School,Swansea Road ,,Stratford,4352.0,-39.339665,174.29667,POINT(174.29667 -39.339665),Taranaki Region,Stratford District,"Taranaki, Whanganui, Manawatū",Small urban area,Secondary (Year 9-15),,State,701,500,Open
180,Taranaki Diocesan School for Girls,61 Broadway North ,,Stratford,4352.0,-39.331771,174.281298,POINT(174.281298 -39.331771),Taranaki Region,Stratford District,"Taranaki, Whanganui, Manawatū",Small urban area,Secondary (Year 9-15),,State : Integrated,101,461,Open
181,Opunake High School,Tasman Street ,,Opunake,4645.0,-39.45064,173.851541,POINT(173.851541 -39.45064),Taranaki Region,South Taranaki District,"Taranaki, Whanganui, Manawatū",Small urban area,Secondary (Year 9-15),,State,318,503,Open
183,Ruapehu College,30 Tainui Street ,,Ohakune,4625.0,-39.41725,175.412796,POINT(175.412796 -39.41725),Manawatū-Whanganui Region,Ruapehu District,"Taranaki, Whanganui, Manawatū",Small urban area,Secondary (Year 9-15),,State,247,502,Open
185,Patea Area School,Kent Street ,,Patea,4545.0,-39.76142,174.481481,POINT(174.481481 -39.76142),Taranaki Region,South Taranaki District,"Taranaki, Whanganui, Manawatū",Small urban area,Composite,,State,179,541,Open
187,Whanganui City College,84 Ingestre Street ,,Whanganui,4541.0,-39.931369,175.046397,POINT(175.046397 -39.931369),Manawatū-Whanganui Region,Whanganui District,"Taranaki, Whanganui, Manawatū",Large urban area,Secondary (Year 9-15),,State,290,547,Open
188,Whanganui Girls' College,21 Jones Street ,Whanganui East,Whanganui,4540.0,-39.919788,175.055093,POINT(175.055093 -39.919788),Manawatū-Whanganui Region,Whanganui District,"Taranaki, Whanganui, Manawatū",Large urban area,Secondary (Year 9-15),,State,363,493,Open
189,Whanganui High School,76 Purnell Street ,,Whanganui,4541.0,-39.933791,175.031552,POINT(175.031552 -39.933791),Manawatū-Whanganui Region,Whanganui District,"Taranaki, Whanganui, Manawatū",Large urban area,Secondary (Year 9-15),,State,1461,482,Open
190,Cullinane College,15 Peat Street ,,Whanganui,4542.0,-39.913342,175.047245,POINT(175.047245 -39.913342),Manawatū-Whanganui Region,Whanganui District,"Taranaki, Whanganui, Manawatū",Large urban area,Secondary (Year 9-15),,State : Integrated,495,497,Open
191,Longburn Adventist College,100 Walkers Road ,Longburn,Palmerston North,4866.0,-40.388364,175.558142,POINT(175.558142 -40.388364),Manawatū-Whanganui Region,Palmerston North City,"Taranaki, Whanganui, Manawatū",Rural other,Secondary (Year 7-15),,State : Integrated,220,474,Open
192,Whanganui Collegiate School,132 Liverpool Street ,,Whanganui,4540.0,-39.929603,175.038219,POINT(175.038219 -39.929603),Manawatū-Whanganui Region,Whanganui District,"Taranaki, Whanganui, Manawatū",Large urban area,Secondary (Year 9-15),,State : Integrated,357,417,Open
195,Rangitīkei College,Bredins Line ,,Marton,4710.0,-40.06965,175.384373,POINT(175.384373 -40.06965),Manawatū-Whanganui Region,Rangitikei District,"Taranaki, Whanganui, Manawatū",Small urban area,Secondary (Year 9-15),,State,328,515,Open
196,Nga Tawa Diocesan School,164 Calico Line ,,Marton,4741.0,-40.067539,175.398803,POINT(175.398803 -40.067539),Manawatū-Whanganui Region,Rangitikei District,"Taranaki, Whanganui, Manawatū",Small urban area,Secondary (Year 9-15),,State : Integrated,198,431,Open
197,Feilding High School,Churcher Street ,,Feilding,4702.0,-40.214241,175.573639,POINT(175.573639 -40.214241),Manawatū-Whanganui Region,Manawatu District,"Taranaki, Whanganui, Manawatū",Medium urban area,Secondary (Year 9-15),,State,1682,472,Open
198,Awatapu College,434 Botanical Road ,West End,Palmerston North,4412.0,-40.372424,175.600207,POINT(175.600207 -40.372424),Manawatū-Whanganui Region,Palmerston North City,"Taranaki, Whanganui, Manawatū",Large urban area,Secondary (Year 9-15),,State,870,492,Open
199,Hato Paora College,1314 Kimbolton Road ,,Feilding,4777.0,-40.151741,175.659639,POINT(175.659639 -40.151741),Manawatū-Whanganui Region,Manawatu District,"Taranaki, Whanganui, Manawatū",Rural other,Secondary (Year 9-15),Secondary Māori Boarding School,State : Integrated,113,516,Open
200,Freyberg High School,Freyberg Street ,Roslyn,Palmerston North,4414.0,-40.337826,175.627632,POINT(175.627632 -40.337826),Manawatū-Whanganui Region,Palmerston North City,"Taranaki, Whanganui, Manawatū",Large urban area,Secondary (Year 9-15),,State,952,488,Open
201,Queen Elizabeth College,Rangitikei Street ,,Palmerston North,4442.0,-40.346901,175.604574,POINT(175.604574 -40.346901),Manawatū-Whanganui Region,Palmerston North City,"Taranaki, Whanganui, Manawatū",Large urban area,Secondary (Year 7-15),,State,415,556,Open
202,Palmerston North Boys' High School,Featherston Street ,,Palmerston North,4442.0,-40.34797,175.609856,POINT(175.609856 -40.34797),Manawatū-Whanganui Region,Palmerston North City,"Taranaki, Whanganui, Manawatū",Large urban area,Secondary (Year 9-15),,State,1821,441,Open
203,Palmerston North Girls' High School,Fitzherbert Avenue ,,Palmerston North,4410.0,-40.367122,175.619197,POINT(175.619197 -40.367122),Manawatū-Whanganui Region,Palmerston North City,"Taranaki, Whanganui, Manawatū",Large urban area,Secondary (Year 9-15),,State,1329,433,Open
204,St Peter's College (Palmerston North),Holdsworth Avenue ,Milson,Palmerston North,4414.0,-40.334097,175.605351,POINT(175.605351 -40.334097),Manawatū-Whanganui Region,Palmerston North City,"Taranaki, Whanganui, Manawatū",Large urban area,Secondary (Year 7-15),,State : Integrated,787,436,Open
205,Manawatū College,Ladys Mile ,,Foxton,4848.0,-40.466437,175.277659,POINT(175.277659 -40.466437),Manawatū-Whanganui Region,Horowhenua District,Wellington,Small urban area,Secondary (Year 9-15),,State,292,528,Open
206,Ngata Memorial College,1 College Road North ,,Ruatoria,4032.0,-37.893015,178.324251,POINT(178.324251 -37.893015),Gisborne Region,Gisborne District,"Hawke's Bay, Tairāwhiti",Rural settlement,Composite,,State,91,560,Open
208,Lytton High School,347 Nelson Road ,,Gisborne,4040.0,-38.643869,178.000182,POINT(178.000182 -38.643869),Gisborne Region,Gisborne District,"Hawke's Bay, Tairāwhiti",Large urban area,Secondary (Year 9-15),,State,578,526,Open
209,Gisborne Boys' High School,80 Stanley Road ,,Gisborne,4040.0,-38.658874,178.009033,POINT(178.009033 -38.658874),Gisborne Region,Gisborne District,"Hawke's Bay, Tairāwhiti",Large urban area,Secondary (Year 9-15),,State,797,486,Open
210,Gisborne Girls' High School,555 Gladstone Road ,Te Hapara,Gisborne,4040.0,-38.655219,178.008233,POINT(178.008233 -38.655219),Gisborne Region,Gisborne District,"Hawke's Bay, Tairāwhiti",Large urban area,Secondary (Year 9-15),,State,701,488,Open
211,Campion College,Campion Road ,,Gisborne,4040.0,-38.647793,177.989404,POINT(177.989404 -38.647793),Gisborne Region,Gisborne District,"Hawke's Bay, Tairāwhiti",Large urban area,Secondary (Year 7-15),,State : Integrated,478,437,Open
212,Tolaga Bay Area School,24 Resolution Street ,,Tolaga Bay,4077.0,-38.373074,178.300177,POINT(178.300177 -38.373074),Gisborne Region,Gisborne District,"Hawke's Bay, Tairāwhiti",Rural settlement,Composite,,State,240,526,Open
214,Wairoa College,16 Lucknow Street ,,Wairoa,4108.0,-39.035347,177.414175,POINT(177.414175 -39.035347),Hawke's Bay Region,Wairoa District,"Hawke's Bay, Tairāwhiti",Small urban area,Secondary (Year 7-15),,State,356,533,Open
215,Taradale High School,50 Murphy Road ,Taradale,Napier,4141.0,-39.542065,176.849976,POINT(176.849976 -39.542065),Hawke's Bay Region,Napier City,"Hawke's Bay, Tairāwhiti",Large urban area,Secondary (Year 9-15),,State,1049,448,Open
216,Napier Boys' High School,31 Chambers Street ,,Napier,4110.0,-39.514768,176.916453,POINT(176.916453 -39.514768),Hawke's Bay Region,Napier City,"Hawke's Bay, Tairāwhiti",Large urban area,Secondary (Year 9-15),,State,1296,453,Open
217,Napier Girls' High School,Clyde Road ,Bluff Hill,Napier,4110.0,-39.48566,176.915037,POINT(176.915037 -39.48566),Hawke's Bay Region,Napier City,"Hawke's Bay, Tairāwhiti",Large urban area,Secondary (Year 9-15),,State,1028,448,Open
218,Tamatea High School,61 Freyberg Avenue ,Greenmeadows,Napier,4145.0,-39.51829,176.870977,POINT(176.870977 -39.51829),Hawke's Bay Region,Napier City,"Hawke's Bay, Tairāwhiti",Large urban area,Secondary (Year 9-15),,State,346,532,Open
219,Sacred Heart College (Napier),12 Convent Road ,,Napier,4110.0,-39.482828,176.911425,POINT(176.911425 -39.482828),Hawke's Bay Region,Napier City,"Hawke's Bay, Tairāwhiti",Large urban area,Secondary (Year 9-15),,State : Integrated,354,446,Open
220,William Colenso College,21 Arnold Street ,Onekawa,Napier,4145.0,-39.506065,176.895837,POINT(176.895837 -39.506065),Hawke's Bay Region,Napier City,"Hawke's Bay, Tairāwhiti",Large urban area,Secondary (Year 7-15),,State,365,548,Open
221,Te Wharekura o Ruatoki,14-16 Mission Road ,Ruatoki,Whakatane,3158.0,-38.148073,177.007448,POINT(177.007448 -38.148073),Bay of Plenty Region,Whakatane District,"Bay of Plenty, Waiariki",Rural other,Composite,,State,231,524,Open
222,St Joseph's Maori Girls' College,25 Osier Road ,Taradale,Napier,4142.0,-39.526564,176.85548,POINT(176.85548 -39.526564),Hawke's Bay Region,Napier City,"Hawke's Bay, Tairāwhiti",Large urban area,Secondary (Year 7-15),Secondary Māori Boarding School,State : Integrated,180,515,Open
223,Havelock North High School,153 Te Mata Road ,,Havelock North,4157.0,-39.666613,176.894777,POINT(176.894777 -39.666613),Hawke's Bay Region,Hastings District,"Hawke's Bay, Tairāwhiti",Medium urban area,Secondary (Year 9-15),,State,1153,434,Open
224,Iona College,42 Lucknow Road ,,Havelock North,4157.0,-39.679047,176.878964,POINT(176.878964 -39.679047),Hawke's Bay Region,Hastings District,"Hawke's Bay, Tairāwhiti",Medium urban area,Secondary (Year 7-15),,State : Integrated,339,396,Open
225,Woodford House,3 Iona Road ,,Havelock North,4157.0,-39.684214,176.880403,POINT(176.880403 -39.684214),Hawke's Bay Region,Hastings District,"Hawke's Bay, Tairāwhiti",Medium urban area,Secondary (Year 7-15),,State : Integrated,381,394,Open
226,St John's College (Hastings),410 Jervois Street ,,Hastings,4159.0,-39.639766,176.857153,POINT(176.857153 -39.639766),Hawke's Bay Region,Hastings District,"Hawke's Bay, Tairāwhiti",Large urban area,Secondary (Year 9-15),,State : Integrated,406,456,Open
227,Hastings Boys' High School,800 South Karamu Road ,,Hastings,4156.0,-39.650209,176.834935,POINT(176.834935 -39.650209),Hawke's Bay Region,Hastings District,"Hawke's Bay, Tairāwhiti",Large urban area,Secondary (Year 9-15),,State,754,502,Open
228,Hastings Girls' High School - Ngā Rau Huia o Ākina,508 Pakowhai Road ,Stortford Lodge,Hastings,4153.0,-39.627208,176.834762,POINT(176.834762 -39.627208),Hawke's Bay Region,Hastings District,"Hawke's Bay, Tairāwhiti",Large urban area,Secondary (Year 9-15),,State,525,514,Open
229,Karamū High School,Windsor Avenue ,Parkvale-Napier/Hastings,Hastings,4156.0,-39.646515,176.866437,POINT(176.866437 -39.646515),Hawke's Bay Region,Hastings District,"Hawke's Bay, Tairāwhiti",Large urban area,Secondary (Year 9-15),,State,900,484,Open
230,Lindisfarne College,600 Pakowhai Road ,Stortford Lodge,Hastings,4153.0,-39.625798,176.836815,POINT(176.836815 -39.625798),Hawke's Bay Region,Hastings District,"Hawke's Bay, Tairāwhiti",Large urban area,Secondary (Year 7-15),,State : Integrated,564,398,Open
231,Taikura Rudolf Steiner School,505 Nelson Street ,Hastings Central,Hastings,4156.0,-39.636362,176.845372,POINT(176.845372 -39.636362),Hawke's Bay Region,Hastings District,"Hawke's Bay, Tairāwhiti",Large urban area,Composite,,State : Integrated,281,437,Open
232,Te Aute College,100 State Highway 2 ,,Pukehou,4142.0,-39.826457,176.629411,POINT(176.629411 -39.826457),Hawke's Bay Region,Central Hawke's Bay District,"Hawke's Bay, Tairāwhiti",Rural other,Secondary (Year 9-15),Secondary Māori Boarding School,State : Integrated,77,541,Open
233,Central Hawkes Bay College,45 Tavistock Road ,,Waipukurau,4242.0,-40.00178,176.56094,POINT(176.56094 -40.00178),Hawke's Bay Region,Central Hawke's Bay District,"Hawke's Bay, Tairāwhiti",Small urban area,Secondary (Year 9-15),,State,573,489,Open
234,Dannevirke High School,Grant Street ,,Dannevirke,4942.0,-40.20134,176.101029,POINT(176.101029 -40.20134),Manawatū-Whanganui Region,Tararua District,Wellington,Small urban area,Secondary (Year 9-15),,State,415,501,Open
235,Tararua College,Churchill Street ,,Pahiatua,4941.0,-40.456045,175.834844,POINT(175.834844 -40.456045),Manawatū-Whanganui Region,Tararua District,Wellington,Small urban area,Secondary (Year 9-15),,State,383,510,Open
236,Horowhenua College,Weraroa Road ,,Levin,5540.0,-40.621227,175.279764,POINT(175.279764 -40.621227),Manawatū-Whanganui Region,Horowhenua District,Wellington,Medium urban area,Secondary (Year 9-15),,State,885,495,Open
237,Waiopehu College,Bartholomew Road ,,Levin,5540.0,-40.629314,175.296334,POINT(175.296334 -40.629314),Manawatū-Whanganui Region,Horowhenua District,Wellington,Medium urban area,Secondary (Year 9-15),,State,570,513,Open
240,Otaki College,Mill Road ,,Ōtaki,5542.0,-40.759363,175.153793,POINT(175.153793 -40.759363),Wellington Region,Kapiti Coast District,Wellington,Small urban area,Secondary (Year 7-15),,State,422,495,Open
241,Wairarapa College,83 Pownall Street ,,Masterton,5840.0,-40.950301,175.646283,POINT(175.646283 -40.950301),Wellington Region,Masterton District,Wellington,Medium urban area,Secondary (Year 9-15),,State,949,479,Open
242,Solway College,Fleet Street ,,Masterton,5840.0,-40.9564,175.630829,POINT(175.630829 -40.9564),Wellington Region,Masterton District,Wellington,Medium urban area,Secondary (Year 7-15),,State : Integrated,207,431,Open
243,Mākoura College,29 Makora Road ,,Masterton,5840.0,-40.961323,175.666496,POINT(175.666496 -40.961323),Wellington Region,Masterton District,Wellington,Medium urban area,Secondary (Year 9-15),,State,358,537,Open
244,Chanel College,26 Herbert Street ,,Masterton,5840.0,-40.960109,175.655051,POINT(175.655051 -40.960109),Wellington Region,Masterton District,Wellington,Medium urban area,Secondary (Year 7-15),,State : Integrated,342,472,Open
245,Rathkeale College,217 Willow Park Drive ,Opaki,Masterton,5871.0,-40.898298,175.687565,POINT(175.687565 -40.898298),Wellington Region,Masterton District,Wellington,Rural other,Secondary (Year 9-15),,State : Integrated,316,415,Open
246,St Matthew's Collegiate (Masterton),33 Pownall Street ,,Masterton,5840.0,-40.945161,175.650439,POINT(175.650439 -40.945161),Wellington Region,Masterton District,Wellington,Medium urban area,Secondary (Year 7-15),,State : Integrated,277,404,Open
247,Kāpiti College,Margaret Road ,,Raumati Beach,5255.0,-40.921084,174.982229,POINT(174.982229 -40.921084),Wellington Region,Kapiti Coast District,Wellington,Medium urban area,Secondary (Year 9-15),,State,1389,430,Open
248,Paraparaumu College,Mazengarb Road ,,Paraparaumu,5254.0,-40.888259,175.003987,POINT(175.003987 -40.888259),Wellington Region,Kapiti Coast District,Wellington,Medium urban area,Secondary (Year 9-15),,State,1488,442,Open
249,Kuranui College,East Street ,,Greytown,5712.0,-41.092587,175.451039,POINT(175.451039 -41.092587),Wellington Region,South Wairarapa District,Wellington,Small urban area,Secondary (Year 9-15),,State,762,468,Open
250,Upper Hutt College,Moonshine Road ,Trentham,Upper Hutt,5018.0,-41.126202,175.040548,POINT(175.040548 -41.126202),Wellington Region,Upper Hutt City,Wellington,Large urban area,Secondary (Year 9-15),,State,1128,466,Open
251,Heretaunga College,20 Ward Street ,Trentham,Upper Hutt,5018.0,-41.129088,175.055075,POINT(175.055075 -41.129088),Wellington Region,Upper Hutt City,Wellington,Large urban area,Secondary (Year 9-15),,State,865,471,Open
252,St Patrick's College (Silverstream),207 Fergusson Drive ,,Upper Hutt,5018.0,-41.146109,175.012684,POINT(175.012684 -41.146109),Wellington Region,Upper Hutt City,Wellington,Large urban area,Secondary (Year 9-15),,State : Integrated,750,433,Open
253,Aotea College,Okowai Road ,,Porirua,5240.0,-41.125156,174.854396,POINT(174.854396 -41.125156),Wellington Region,Porirua City,Wellington,Large urban area,Secondary (Year 9-15),,State,1365,441,Open
254,Mana College,22 Awarua Street ,Takapuwahia,Porirua,5240.0,-41.127967,174.831116,POINT(174.831116 -41.127967),Wellington Region,Porirua City,Wellington,Large urban area,Secondary (Year 9-15),,State,511,509,Open
255,Porirua College,64 Driver Crescent ,Cannons Creek,Porirua,5240.0,-41.141261,174.874459,POINT(174.874459 -41.141261),Wellington Region,Porirua City,Wellington,Large urban area,Secondary (Year 9-15),,State,578,529,Open
256,Bishop Viard College,20 Kenepuru Drive ,,Porirua,5240.0,-41.140416,174.839226,POINT(174.839226 -41.140416),Wellington Region,Porirua City,Wellington,Large urban area,Secondary (Year 7-15),,State : Integrated,398,505,Open
257,Tawa College,38A Duncan Street ,Tawa,Wellington,5249.0,-41.164996,174.830508,POINT(174.830508 -41.164996),Wellington Region,Wellington City,Wellington,Major urban area,Secondary (Year 9-15),,State,1039,440,Open
258,Taita College,188 Eastern Hutt Road ,Taita,Lower Hutt,5019.0,-41.176079,174.966401,POINT(174.966401 -41.176079),Wellington Region,Lower Hutt City,Wellington,Major urban area,Secondary (Year 9-15),,State,348,520,Open
259,Naenae College,910 High Street ,,Lower Hutt,5040.0,-41.196633,174.940755,POINT(174.940755 -41.196633),Wellington Region,Lower Hutt City,Wellington,Major urban area,Secondary (Year 9-15),,State,871,500,Open
260,St Bernard's College,183 Waterloo Road ,,Lower Hutt,5010.0,-41.210301,174.916695,POINT(174.916695 -41.210301),Wellington Region,Lower Hutt City,Wellington,Major urban area,Secondary (Year 7-15),,State : Integrated,677,444,Open
261,Hutt Valley High School,84-114 Woburn Road ,,Lower Hutt,5040.0,-41.216497,174.901464,POINT(174.901464 -41.216497),Wellington Region,Lower Hutt City,Wellington,Major urban area,Secondary (Year 9-15),,State,1989,421,Open
262,Sacred Heart College (Lower Hutt),65 Laings Road ,,Lower Hutt,5010.0,-41.213997,174.906699,POINT(174.906699 -41.213997),Wellington Region,Lower Hutt City,Wellington,Major urban area,Secondary (Year 9-15),,State : Integrated,829,444,Open
263,Chilton Saint James School,124 Waterloo Road ,,Lower Hutt,5040.0,-41.210241,174.913594,POINT(174.913594 -41.210241),Wellington Region,Lower Hutt City,Wellington,Major urban area,Composite,,Private : Fully Registered,260,0,Open
265,St Oran's College,550 High Street ,Boulcott,Lower Hutt,5040.0,-41.204307,174.916426,POINT(174.916426 -41.204307),Wellington Region,Lower Hutt City,Wellington,Major urban area,Secondary (Year 7-15),,State : Integrated,503,380,Open
266,Waipa Christian School,93 Chapel Drive ,,Te Awamutu,3800.0,-38.021232,175.329509,POINT(175.329509 -38.021232),Waikato Region,Waipa District,Waikato,Medium urban area,Composite,,State : Integrated,109,421,Open
268,Newlands College,68 Bracken Road ,Newlands,Wellington,6037.0,-41.218096,174.82276,POINT(174.82276 -41.218096),Wellington Region,Wellington City,Wellington,Major urban area,Secondary (Year 9-15),,State,1235,410,Open
269,Onslow College,Burma Road ,Johnsonville,Wellington,6440.0,-41.231916,174.797672,POINT(174.797672 -41.231916),Wellington Region,Wellington City,Wellington,Major urban area,Secondary (Year 9-15),,State,1187,398,Open
272,Wellington Girls' College,18 Pipitea Street ,Thorndon,Wellington,6144.0,-41.275422,174.780673,POINT(174.780673 -41.275422),Wellington Region,Wellington City,Wellington,Major urban area,Secondary (Year 9-15),,State,1425,375,Open
273,Wellington High School and Com Ed Centre,Taranaki Street ,,Wellington,6140.0,-41.300724,174.774692,POINT(174.774692 -41.300724),Wellington Region,Wellington City,Wellington,Major urban area,Secondary (Year 9-15),,State,1642,401,Open
274,Wellington East Girls' College,Austin Street ,Mount Victoria,Wellington,6011.0,-41.302357,174.785007,POINT(174.785007 -41.302357),Wellington Region,Wellington City,Wellington,Major urban area,Secondary (Year 9-15),,State,1006,416,Open
275,Wellington College,Dufferin Street ,Mount Victoria,Wellington,6242.0,-41.303611,174.781374,POINT(174.781374 -41.303611),Wellington Region,Wellington City,Wellington,Major urban area,Secondary (Year 9-15),,State,1929,383,Open
276,St Patrick's College (Kilbirnie),581 Evans Bay Parade ,Kilbirnie,Wellington,6241.0,-41.313833,174.795985,POINT(174.795985 -41.313833),Wellington Region,Wellington City,Wellington,Major urban area,Secondary (Year 9-15),,State : Integrated,717,417,Open
277,Rongotai College,Coutts Street ,Kilbirnie,Wellington,6241.0,-41.321848,174.80066,POINT(174.80066 -41.321848),Wellington Region,Wellington City,Wellington,Major urban area,Secondary (Year 9-15),,State,716,428,Open
278,Queen Margaret College,53 Hobson Street ,Thorndon,Wellington,6144.0,-41.272425,174.780666,POINT(174.780666 -41.272425),Wellington Region,Wellington City,Wellington,Major urban area,Composite,,Private : Fully Registered,761,0,Open
279,TKKM o Hoani Waititi,441 West Coast Road ,Glen Eden,Auckland,641.0,-36.907202,174.631691,POINT(174.631691 -36.907202),Auckland Region,Waitākere Ranges Local Board Area,Tāmaki Herenga Tāngata,Major urban area,Composite,,State,239,493,Open
280,Samuel Marsden Collegiate School,Marsden Avenue ,Karori,Wellington,6147.0,-41.283945,174.744353,POINT(174.744353 -41.283945),Wellington Region,Wellington City,Wellington,Major urban area,Composite,,Private : Fully Registered,391,0,Open
281,Scots College,1 Monorgan Road ,Strathmore,Wellington,6243.0,-41.326932,174.818441,POINT(174.818441 -41.326932),Wellington Region,Wellington City,Wellington,Major urban area,Composite,,Private : Fully Registered,1169,0,Open
282,Te Kura Amorangi o Whakawatea,132 Saxbys Road ,Melville,Hamilton,3245.0,-37.82414,175.271398,POINT(175.271398 -37.82414),Waikato Region,Waipa District,Waikato,Rural other,Full Primary,,State,125,520,Open
283,Otamatea Christian School,98 Hurndall Street ,,Maungaturoto,520.0,-36.109236,174.35851,POINT(174.35851 -36.109236),Northland Region,Kaipara District,Tai Tokerau,Rural settlement,Composite,,Private : Fully Registered,50,0,Open
284,St Catherines College (Kilbirnie),14 Upper Bourke Street ,Kilbirnie,Wellington,6241.0,-41.318044,174.792481,POINT(174.792481 -41.318044),Wellington Region,Wellington City,Wellington,Major urban area,Secondary (Year 9-15),,State : Integrated,209,435,Open
286,St Mary's College (Wellington),15 Guildford Terrace ,Wellington CBD,Wellington,6011.0,-41.275812,174.77518,POINT(174.77518 -41.275812),Wellington Region,Wellington City,Wellington,Major urban area,Secondary (Year 9-15),,State : Integrated,558,429,Open
287,Queen Charlotte College,173 Waikawa Road ,,Picton,7220.0,-41.279741,174.02315,POINT(174.02315 -41.279741),Marlborough Region,Marlborough District,"Nelson, Marlborough, West Coast",Small urban area,Secondary (Year 7-15),,State,356,491,Open
288,Marlborough Boys' College,5 Stephenson Street ,,Blenheim,7201.0,-41.51902,173.955063,POINT(173.955063 -41.51902),Marlborough Region,Marlborough District,"Nelson, Marlborough, West Coast",Medium urban area,Secondary (Year 9-15),,State,1024,456,Open
289,Marlborough Girls' College,21 Mclauchlan Street ,Springlands,Blenheim,7201.0,-41.507454,173.944437,POINT(173.944437 -41.507454),Marlborough Region,Marlborough District,"Nelson, Marlborough, West Coast",Medium urban area,Secondary (Year 9-15),,State,960,455,Open
290,Collingwood Area School,36 Lewis Street ,,Collingwood,7073.0,-40.682214,172.680023,POINT(172.680023 -40.682214),Tasman Region,Tasman District,"Nelson, Marlborough, West Coast",Rural settlement,Composite,,State,155,461,Open
291,Rai Valley Area School,6700 State Highway 6 ,,Rai Valley,7194.0,-41.234081,173.58169,POINT(173.58169 -41.234081),Marlborough Region,Marlborough District,"Nelson, Marlborough, West Coast",Rural settlement,Composite,,State,103,490,Open
292,Golden Bay High School,12 Waitapu Road ,,Takaka,7110.0,-40.848048,172.808357,POINT(172.808357 -40.848048),Tasman Region,Tasman District,"Nelson, Marlborough, West Coast",Small urban area,Secondary (Year 7-15),,State,300,450,Open
293,Nayland College,166 Nayland Road ,Stoke,Nelson,7011.0,-41.305048,173.232706,POINT(173.232706 -41.305048),Nelson Region,Nelson City,"Nelson, Marlborough, West Coast",Large urban area,Secondary (Year 9-15),,State,1275,462,Open
294,Nelson College,Waimea Road ,,Nelson,7042.0,-41.285573,173.275569,POINT(173.275569 -41.285573),Nelson Region,Nelson City,"Nelson, Marlborough, West Coast",Large urban area,Secondary (Year 9-15),,State,1024,441,Open
295,Nelson College For Girls,Trafalgar Street ,,Nelson,7040.0,-41.279353,173.283181,POINT(173.283181 -41.279353),Nelson Region,Nelson City,"Nelson, Marlborough, West Coast",Large urban area,Secondary (Year 9-15),,State,964,442,Open
296,Waimea College,60 Salisbury Road ,,Richmond,7020.0,-41.337691,173.196869,POINT(173.196869 -41.337691),Tasman Region,Tasman District,"Nelson, Marlborough, West Coast",Medium urban area,Secondary (Year 9-15),,State,1526,447,Open
297,Tapawera Area School,48 Main Road ,Tapawera,Nelson,7096.0,-41.39319,172.824973,POINT(172.824973 -41.39319),Tasman Region,Tasman District,"Nelson, Marlborough, West Coast",Rural settlement,Composite,,State,147,496,Open
298,Motueka High School,Whakarewa Street ,,Motueka,7143.0,-41.11485,173.004622,POINT(173.004622 -41.11485),Tasman Region,Tasman District,"Nelson, Marlborough, West Coast",Small urban area,Secondary (Year 9-15),,State,718,464,Open
299,Murchison Area School,61 Waller Street ,,Murchison,7007.0,-41.799472,172.32653,POINT(172.32653 -41.799472),Tasman Region,Tasman District,"Nelson, Marlborough, West Coast",Rural settlement,Composite,,State,165,471,Open
300,Karamea Area School,Waverley Street ,Karamea,Westport,7864.0,-41.249398,172.116111,POINT(172.116111 -41.249398),West Coast Region,Buller District,"Nelson, Marlborough, West Coast",Rural settlement,Composite,,State,96,464,Open
301,Buller High School,33 Derby Street ,,Westport,7866.0,-41.747593,171.605043,POINT(171.605043 -41.747593),West Coast Region,Buller District,"Nelson, Marlborough, West Coast",Small urban area,Secondary (Year 9-15),,State,358,487,Open
303,Greymouth High School,High Street ,,Greymouth,7840.0,-42.462775,171.197216,POINT(171.197216 -42.462775),West Coast Region,Grey District,"Nelson, Marlborough, West Coast",Small urban area,Secondary (Year 9-15),,State,522,489,Open
304,John Paul II High School,10 Alexander Street ,,Greymouth,7840.0,-42.451508,171.21203,POINT(171.21203 -42.451508),West Coast Region,Grey District,"Nelson, Marlborough, West Coast",Small urban area,Secondary (Year 9-15),,State : Integrated,191,452,Open
305,Westland High School,140 Hampden Street ,,Hokitika,7810.0,-42.717508,170.972914,POINT(170.972914 -42.717508),West Coast Region,Westland District,"Nelson, Marlborough, West Coast",Small urban area,Secondary (Year 7-15),,State,404,475,Open
306,South Westland Area School,75 Wanganui Flat Road ,,Harihari,7884.0,-43.142307,170.553275,POINT(170.553275 -43.142307),West Coast Region,Westland District,"Nelson, Marlborough, West Coast",Rural settlement,Composite,,State,117,480,Open
307,Kaikōura High School,1 Rorrisons Road ,,Kaikoura,7340.0,-42.400438,173.674454,POINT(173.674454 -42.400438),Canterbury Region,Kaikoura District,"Nelson, Marlborough, West Coast",Small urban area,Secondary (Year 7-15),,State,191,475,Open
308,Amuri Area School,School Road ,,Culverden,7345.0,-42.771117,172.848257,POINT(172.848257 -42.771117),Canterbury Region,Hurunui District,"Canterbury, Chatham Islands",Rural settlement,Composite,,State,348,444,Open
309,Cheviot Area School,Hall Street ,,Cheviot,7341.0,-42.811459,173.275547,POINT(173.275547 -42.811459),Canterbury Region,Hurunui District,"Canterbury, Chatham Islands",Rural settlement,Composite,,State,172,463,Open
310,Oxford Area School,52 Bay Road ,,Oxford,7430.0,-43.2942,172.187986,POINT(172.187986 -43.2942),Canterbury Region,Waimakariri District,"Canterbury, Chatham Islands",Small urban area,Composite,,State,468,465,Open
311,Hurunui College,Tenterden Street ,,Hawarden,7348.0,-42.92381,172.637037,POINT(172.637037 -42.92381),Canterbury Region,Hurunui District,"Canterbury, Chatham Islands",Rural settlement,Composite,,State,190,465,Open
312,Rangiora High School,East Belt ,,Rangiora,7400.0,-43.298192,172.598729,POINT(172.598729 -43.298192),Canterbury Region,Waimakariri District,"Canterbury, Chatham Islands",Medium urban area,Secondary (Year 9-15),,State,1680,454,Open
314,Kaiapoi High School,101 Ohoka Road ,,Kaiapoi,7630.0,-43.387172,172.646126,POINT(172.646126 -43.387172),Canterbury Region,Waimakariri District,"Canterbury, Chatham Islands",Medium urban area,Secondary (Year 9-15),,State,1059,465,Open
315,St Bede's College,210 Main North Road ,Papanui,Christchurch,8542.0,-43.484055,172.616872,POINT(172.616872 -43.484055),Canterbury Region,Christchurch City,"Canterbury, Chatham Islands",Major urban area,Secondary (Year 9-15),,State : Integrated,802,415,Open
316,Papanui High School,30 Langdons Road ,Papanui,Christchurch,8542.0,-43.491042,172.606715,POINT(172.606715 -43.491042),Canterbury Region,Christchurch City,"Canterbury, Chatham Islands",Major urban area,Secondary (Year 9-15),,State,1416,461,Open
317,Christchurch Adventist School,15 Grants Road ,Papanui,Christchurch,8542.0,-43.499023,172.611436,POINT(172.611436 -43.499023),Canterbury Region,Christchurch City,"Canterbury, Chatham Islands",Major urban area,Composite,,State : Integrated,285,435,Open
318,St Andrew's College (Christchurch),347 Papanui Road ,Bryndwr,Christchurch,8052.0,-43.506368,172.615873,POINT(172.615873 -43.506368),Canterbury Region,Christchurch City,"Canterbury, Chatham Islands",Major urban area,Composite,,Private : Fully Registered,1634,0,Open
319,Burnside High School,151 Greers Road ,Burnside,Christchurch,8440.0,-43.50732,172.57771,POINT(172.57771 -43.50732),Canterbury Region,Christchurch City,"Canterbury, Chatham Islands",Major urban area,Secondary (Year 9-15),,State,2724,416,Open
320,Mairehau High School,Hills Road ,,Christchurch,8052.0,-43.494021,172.648484,POINT(172.648484 -43.494021),Canterbury Region,Christchurch City,"Canterbury, Chatham Islands",Major urban area,Secondary (Year 9-15),,State,410,510,Open
321,Shirley Boys' High School - Ngā Tama o Ōruapaeroa,209 Travis Road ,,Christchurch,8640.0,-43.494009,172.708176,POINT(172.708176 -43.494009),Canterbury Region,Christchurch City,"Canterbury, Chatham Islands",Major urban area,Secondary (Year 9-15),,State,1315,464,Open
324,Avonside Girls' High School,209 Travis Road ,North New Brighton,Christchurch,8083.0,-43.493984,172.707457,POINT(172.707457 -43.493984),Canterbury Region,Christchurch City,"Canterbury, Chatham Islands",Major urban area,Secondary (Year 9-15),,State,1088,472,Open
325,Rangi Ruru Girls' School,59 Hewitts Road ,Merivale,Christchurch,8014.0,-43.518903,172.617787,POINT(172.617787 -43.518903),Canterbury Region,Christchurch City,"Canterbury, Chatham Islands",Major urban area,Secondary (Year 7-15),,Private : Fully Registered,705,0,Open
326,Villa Maria College,21 Peer Street ,Upper Riccarton,Christchurch,8041.0,-43.528309,172.567569,POINT(172.567569 -43.528309),Canterbury Region,Christchurch City,"Canterbury, Chatham Islands",Major urban area,Secondary (Year 7-15),,State : Integrated,829,411,Open
327,Christchurch Boys' High School,71 Straven Road ,Riccarton,Christchurch,8440.0,-43.524811,172.59842,POINT(172.59842 -43.524811),Canterbury Region,Christchurch City,"Canterbury, Chatham Islands",Major urban area,Secondary (Year 9-15),,State,1426,418,Open
328,Christchurch Girls' High School -Te Kura o Hine Waiora,10 Matai Street ,Riccarton,Christchurch,8011.0,-43.524298,172.611374,POINT(172.611374 -43.524298),Canterbury Region,Christchurch City,"Canterbury, Chatham Islands",Major urban area,Secondary (Year 9-15),,State,1299,419,Open
329,Mangakino School,55 Karamu Street ,,Mangakino,3445.0,-38.369528,175.771411,POINT(175.771411 -38.369528),Waikato Region,Taupo District,Waikato,Rural settlement,Full Primary,,State,50,550,Open
330,Christ's College,33 Rolleston Avenue ,Christchurch Central,Christchurch,8140.0,-43.529721,172.627122,POINT(172.627122 -43.529721),Canterbury Region,Christchurch City,"Canterbury, Chatham Islands",Major urban area,Secondary (Year 9-15),,Private : Fully Registered,706,0,Open
331,St Thomas of Canterbury College,69 Middlepark Road ,Sockburn,Christchurch,8443.0,-43.533612,172.556212,POINT(172.556212 -43.533612),Canterbury Region,Christchurch City,"Canterbury, Chatham Islands",Major urban area,Secondary (Year 7-15),,State : Integrated,700,430,Open
333,St Margaret's College,12 Winchester Street ,Merivale,Christchurch,8144.0,-43.519096,172.622159,POINT(172.622159 -43.519096),Canterbury Region,Christchurch City,"Canterbury, Chatham Islands",Major urban area,Composite,,Private : Fully Registered,867,0,Open
334,Riccarton High School,31 Vicki Street ,Sockburn,Christchurch,8042.0,-43.535895,172.566365,POINT(172.566365 -43.535895),Canterbury Region,Christchurch City,"Canterbury, Chatham Islands",Major urban area,Secondary (Year 9-15),,State,1103,440,Open
335,Middleton Grange School,30 Acacia Avenue ,Riccarton,Christchurch,8041.0,-43.53625,172.576521,POINT(172.576521 -43.53625),Canterbury Region,Christchurch City,"Canterbury, Chatham Islands",Major urban area,Composite,,State : Integrated,1385,404,Open
336,Te Puna Wai o Waipapa - Hagley College,510 Hagley Avenue ,Christchurch Central,Christchurch,8140.0,-43.537243,172.623008,POINT(172.623008 -43.537243),Canterbury Region,Christchurch City,"Canterbury, Chatham Islands",Major urban area,Secondary (Year 9-15),,State,2035,468,Open
337,Te Aratai College,85 Aldwins Road ,Phillipstown,Christchurch,8642.0,-43.538254,172.667226,POINT(172.667226 -43.538254),Canterbury Region,Christchurch City,"Canterbury, Chatham Islands",Major urban area,Secondary (Year 7-15),,State,1259,507,Open
338,Hornby High School,180 Waterloo Road ,Hornby,Christchurch,8042.0,-43.538179,172.527635,POINT(172.527635 -43.538179),Canterbury Region,Christchurch City,"Canterbury, Chatham Islands",Major urban area,Secondary (Year 7-15),,State,1022,489,Open
339,Te Kura Tuarua o Horomaka Hillmorton High School,Tankerville Road ,Barrington,Christchurch,8244.0,-43.55768,172.592782,POINT(172.592782 -43.55768),Canterbury Region,Christchurch City,"Canterbury, Chatham Islands",Major urban area,Secondary (Year 7-15),,State,1430,467,Open
340,Cashmere High School,172 Rose Street ,Somerfield,Christchurch,8024.0,-43.56457,172.623861,POINT(172.623861 -43.56457),Canterbury Region,Christchurch City,"Canterbury, Chatham Islands",Major urban area,Secondary (Year 9-15),,State,2434,413,Open
341,Hillview Christian School,150 Wilsons Road ,St Martins,Christchurch,8022.0,-43.555741,172.652801,POINT(172.652801 -43.555741),Canterbury Region,Christchurch City,"Canterbury, Chatham Islands",Major urban area,Composite,,State : Integrated,548,418,Open
343,Marian College,2 Lydia Street ,Northcote-Christchurch,Christchurch,8052.0,-43.485578,172.612589,POINT(172.612589 -43.485578),Canterbury Region,Christchurch City,"Canterbury, Chatham Islands",Major urban area,Secondary (Year 9-15),,State : Integrated,430,426,Open
344,Westminster Christian School,31 Westminster Gardens ,Glenfield,Auckland,632.0,-36.76112,174.710163,POINT(174.710163 -36.76112),Auckland Region,Upper Harbour Local Board Area,Tāmaki Herenga Tāngata,Major urban area,Full Primary,,State : Integrated,364,344,Open
346,Darfield High School,Mclaughlins Road ,,Darfield,7541.0,-43.490028,172.103661,POINT(172.103661 -43.490028),Canterbury Region,Selwyn District,"Canterbury, Chatham Islands",Small urban area,Secondary (Year 7-15),,State,814,447,Open
347,Lincoln High School,25 Boundary Road ,,Lincoln,7640.0,-43.635766,172.485673,POINT(172.485673 -43.635766),Canterbury Region,Selwyn District,"Canterbury, Chatham Islands",Small urban area,Secondary (Year 9-15),,State,1430,423,Open
348,Mount Hutt College,44 Main Street ,,Methven,7745.0,-43.637617,171.650321,POINT(171.650321 -43.637617),Canterbury Region,Ashburton District,"Canterbury, Chatham Islands",Small urban area,Secondary (Year 7-15),,State,561,438,Open
349,Ellesmere College,Leeston Dunsandel Road ,,Leeston,7656.0,-43.757832,172.292414,POINT(172.292414 -43.757832),Canterbury Region,Selwyn District,"Canterbury, Chatham Islands",Small urban area,Secondary (Year 7-15),,State,571,462,Open
350,Akaroa Area School,141 Rue Jolie ,,Akaroa,7520.0,-43.811179,172.962434,POINT(172.962434 -43.811179),Canterbury Region,Christchurch City,"Canterbury, Chatham Islands",Rural settlement,Composite,,State,115,455,Open
351,Ashburton College,27 Walnut Avenue ,Allenton,Ashburton,7740.0,-43.892281,171.750169,POINT(171.750169 -43.892281),Canterbury Region,Ashburton District,"Canterbury, Chatham Islands",Medium urban area,Secondary (Year 9-15),,State,1391,467,Open
352,Geraldine High School,Mckenzie Street ,,Geraldine,7930.0,-44.091799,171.248558,POINT(171.248558 -44.091799),Canterbury Region,Timaru District,"Canterbury, Chatham Islands",Small urban area,Secondary (Year 7-15),,State,593,453,Open
353,Mackenzie College,Kirke Street ,,Fairlie,7925.0,-44.101614,170.825165,POINT(170.825165 -44.101614),Canterbury Region,Mackenzie District,"Canterbury, Chatham Islands",Rural settlement,Secondary (Year 7-15),,State,194,451,Open
354,Opihi College,Richard Pearse Drive ,,Temuka,7920.0,-44.23971,171.293655,POINT(171.293655 -44.23971),Canterbury Region,Timaru District,"Canterbury, Chatham Islands",Small urban area,Secondary (Year 7-15),,State,280,504,Open
357,Craighead Diocesan School,1 Wrights Avenue ,West End,Timaru,7910.0,-44.388302,171.225493,POINT(171.225493 -44.388302),Canterbury Region,Timaru District,"Canterbury, Chatham Islands",Medium urban area,Secondary (Year 7-15),,State : Integrated,410,409,Open
358,Roncalli College,Wellington Street ,,Timaru,7940.0,-44.402798,171.245983,POINT(171.245983 -44.402798),Canterbury Region,Timaru District,"Canterbury, Chatham Islands",Medium urban area,Secondary (Year 9-15),,State : Integrated,517,446,Open
359,Mountainview High School,Pages Road ,,Timaru,7940.0,-44.376707,171.219535,POINT(171.219535 -44.376707),Canterbury Region,Timaru District,"Canterbury, Chatham Islands",Medium urban area,Secondary (Year 9-15),,State,440,494,Open
360,Timaru Boys' High School,211 North Street ,West End,Timaru,7940.0,-44.400183,171.230188,POINT(171.230188 -44.400183),Canterbury Region,Timaru District,"Canterbury, Chatham Islands",Medium urban area,Secondary (Year 9-15),,State,808,457,Open
361,Timaru Girls' High School,Cain Street ,,Timaru,7940.0,-44.405382,171.244212,POINT(171.244212 -44.405382),Canterbury Region,Timaru District,"Canterbury, Chatham Islands",Medium urban area,Secondary (Year 9-15),,State,489,474,Open
362,Waimate High School,Paul Street ,,Waimate,7924.0,-44.73745,171.047272,POINT(171.047272 -44.73745),Canterbury Region,Waimate District,"Canterbury, Chatham Islands",Small urban area,Secondary (Year 7-15),,State,293,481,Open
363,Waitaki Valley School,Settlement Road ,,Kurow,9435.0,-44.7425,170.464687,POINT(170.464687 -44.7425),Canterbury Region,Waitaki District,"Otago, Southland",Rural settlement,Full Primary,,State,102,440,Open
365,Waitaki Boys' High School,Waitaki Avenue ,,Oamaru,9444.0,-45.076998,170.99382,POINT(170.99382 -45.076998),Otago Region,Waitaki District,"Otago, Southland",Medium urban area,Secondary (Year 9-15),,State,425,477,Open
366,Waitaki Girls' High School,Trent Street ,,Oamaru,9444.0,-45.088979,170.974331,POINT(170.974331 -45.088979),Otago Region,Waitaki District,"Otago, Southland",Medium urban area,Secondary (Year 9-15),,State,395,478,Open
368,The Cathedral Grammar School,2 Chester Street West ,,Christchurch,8140.0,-43.528058,172.628555,POINT(172.628555 -43.528058),Canterbury Region,Christchurch City,"Canterbury, Chatham Islands",Major urban area,Full Primary,,Private : Fully Registered,245,0,Open
369,St Kevins College (Oamaru),44A Taward Street ,,Oamaru,9444.0,-45.064918,170.983153,POINT(170.983153 -45.064918),Otago Region,Waitaki District,"Otago, Southland",Medium urban area,Secondary (Year 9-15),,State : Integrated,483,447,Open
370,Maniototo Area School,15 Caulfeild Street ,,Ranfurly,9332.0,-45.125268,170.099776,POINT(170.099776 -45.125268),Otago Region,Central Otago District,"Otago, Southland",Rural settlement,Composite,,State,136,470,Open
371,East Otago High School,Stour Street ,,Palmerston,9443.0,-45.478911,170.721208,POINT(170.721208 -45.478911),Otago Region,Waitaki District,"Otago, Southland",Rural settlement,Secondary (Year 7-15),,State,196,488,Open
372,Dunstan High School,Enterprise Street ,,Alexandra,9320.0,-45.245876,169.386879,POINT(169.386879 -45.245876),Otago Region,Central Otago District,"Otago, Southland",Small urban area,Secondary (Year 9-15),,State,590,445,Open
373,Cromwell College,Barry Avenue ,,Cromwell,9310.0,-45.04349,169.1945,POINT(169.1945 -45.04349),Otago Region,Central Otago District,"Otago, Southland",Small urban area,Secondary (Year 7-15),,State,696,445,Open
374,Wakatipu High School,47-49 Red Oaks Drive ,Frankton,Queenstown,9300.0,-45.025574,168.749026,POINT(168.749026 -45.025574),Otago Region,Queenstown-Lakes District,"Otago, Southland",Medium urban area,Secondary (Year 9-15),,State,1538,416,Open
375,Roxburgh Area School,78 Scotland Street ,,Roxburgh,9500.0,-45.538153,169.311203,POINT(169.311203 -45.538153),Otago Region,Central Otago District,"Otago, Southland",Rural settlement,Composite,,State,118,473,Open
376,Logan Park High School,76 Butts Road ,,Dunedin,9054.0,-45.861858,170.528807,POINT(170.528807 -45.861858),Otago Region,Dunedin City,"Otago, Southland",Major urban area,Secondary (Year 9-15),,State,796,430,Open
377,Otago Boys' High School,2 Arthur Street ,,Dunedin,9054.0,-45.870985,170.495877,POINT(170.495877 -45.870985),Otago Region,Dunedin City,"Otago, Southland",Major urban area,Secondary (Year 9-15),,State,862,432,Open
378,Otago Girls' High School,41 Tennyson Street ,,Dunedin,9016.0,-45.875699,170.499657,POINT(170.499657 -45.875699),Otago Region,Dunedin City,"Otago, Southland",Major urban area,Secondary (Year 9-15),,State,717,439,Open
380,St Hildas Collegiate,2 Cobden Street ,,Dunedin,9016.0,-45.867322,170.503674,POINT(170.503674 -45.867322),Otago Region,Dunedin City,"Otago, Southland",Major urban area,Secondary (Year 7-15),,State : Integrated,461,394,Open
381,Kaikorai Valley College,Kaikorai Valley Road ,,Dunedin,9011.0,-45.881778,170.467245,POINT(170.467245 -45.881778),Otago Region,Dunedin City,"Otago, Southland",Major urban area,Secondary (Year 7-15),,State,434,502,Open
382,Bayfield High School,Shore Street ,Andersons Bay,Dunedin,9013.0,-45.895969,170.523191,POINT(170.523191 -45.895969),Otago Region,Dunedin City,"Otago, Southland",Major urban area,Secondary (Year 9-15),,State,521,463,Open
383,Kings High School (Dunedin),270 Bay View Road ,,Dunedin,9012.0,-45.902928,170.494239,POINT(170.494239 -45.902928),Otago Region,Dunedin City,"Otago, Southland",Major urban area,Secondary (Year 9-15),,State,879,453,Open
384,Queen's High School,195 Surrey Street ,St Clair,Dunedin,9012.0,-45.90402,170.491395,POINT(170.491395 -45.90402),Otago Region,Dunedin City,"Otago, Southland",Major urban area,Secondary (Year 9-15),,State,592,463,Open
386,Columba College,399 Highgate ,Roslyn,Dunedin,9054.0,-45.863466,170.493983,POINT(170.493983 -45.863466),Otago Region,Dunedin City,"Otago, Southland",Major urban area,Composite,,State : Integrated,608,391,Open
387,John McGlashan College,2 Pilkington Street ,Maori Hill,Dunedin,9010.0,-45.85568,170.497833,POINT(170.497833 -45.85568),Otago Region,Dunedin City,"Otago, Southland",Major urban area,Secondary (Year 7-15),,State : Integrated,527,390,Open
390,Lawrence Area School,18 Harrington Street ,,Lawrence,9532.0,-45.921137,169.686813,POINT(169.686813 -45.921137),Otago Region,Clutha District,"Otago, Southland",Rural settlement,Composite,,State,127,460,Open
391,Blue Mountain College,State Highway 90 ,,Tapanui,9522.0,-45.939858,169.258764,POINT(169.258764 -45.939858),Otago Region,Clutha District,"Otago, Southland",Rural settlement,Secondary (Year 7-15),,State,229,463,Open
392,Tokomairiro High School,238 Union Street ,,Milton,9220.0,-46.113193,169.966921,POINT(169.966921 -46.113193),Otago Region,Clutha District,"Otago, Southland",Small urban area,Secondary (Year 7-15),,State,200,500,Open
393,South Otago High School,Frances Street ,Rosebank,Balclutha,9232.0,-46.246237,169.728524,POINT(169.728524 -46.246237),Otago Region,Clutha District,"Otago, Southland",Small urban area,Secondary (Year 9-15),,State,498,475,Open
394,The Catlins Area School,1 Stuart Street ,,Owaka,9535.0,-46.45314,169.661394,POINT(169.661394 -46.45314),Otago Region,Clutha District,"Otago, Southland",Rural settlement,Composite,,State,128,470,Open
395,Northern Southland College,Maria Street ,,Lumsden,9730.0,-45.744018,168.448746,POINT(168.448746 -45.744018),Southland Region,Southland District,"Otago, Southland",Rural settlement,Secondary (Year 7-15),,State,213,464,Open
397,St Peter's College (Gore),121 Kakapo Street ,,Gore,9740.0,-46.107165,168.924031,POINT(168.924031 -46.107165),Southland Region,Gore District,"Otago, Southland",Small urban area,Secondary (Year 7-15),,State : Integrated,350,442,Open
398,Takitimu Primary School,15 Evan Street ,,Nightcaps,9630.0,-45.974801,168.032578,POINT(168.032578 -45.974801),Southland Region,Southland District,"Otago, Southland",Rural settlement,Full Primary,,State,97,467,Open
399,Central Southland College,174 MacKenzie Street ,,Winton,9720.0,-46.137197,168.320121,POINT(168.320121 -46.137197),Southland Region,Southland District,"Otago, Southland",Small urban area,Secondary (Year 9-15),,State,669,462,Open
400,Fiordland College,4 Howden Street ,,Te Anau,9640.0,-45.409262,167.723689,POINT(167.723689 -45.409262),Southland Region,Southland District,"Otago, Southland",Small urban area,Secondary (Year 7-15),,State,299,441,Open
401,Menzies College,Alma Street ,,Wyndham,9831.0,-46.324828,168.845934,POINT(168.845934 -46.324828),Southland Region,Southland District,"Otago, Southland",Rural settlement,Secondary (Year 7-15),,State,345,477,Open
402,Waiau Area School,47 Orawia Road ,,Tuatapere,9620.0,-46.129567,167.688882,POINT(167.688882 -46.129567),Southland Region,Southland District,"Otago, Southland",Rural settlement,Composite,,State,137,525,Open
404,Southland Boys' High School,181 Herbert Street ,,Invercargill,9840.0,-46.395635,168.359101,POINT(168.359101 -46.395635),Southland Region,Invercargill City,"Otago, Southland",Large urban area,Secondary (Year 7-15),,State,1087,464,Open
405,Southland Girls' High School,328 Tweed Street ,Georgetown,Invercargill,9812.0,-46.417471,168.36516,POINT(168.36516 -46.417471),Southland Region,Invercargill City,"Otago, Southland",Large urban area,Secondary (Year 7-15),,State,1089,463,Open
408,Verdon College,Rockdale Road ,,Invercargill,9840.0,-46.41572,168.397288,POINT(168.397288 -46.41572),Southland Region,Invercargill City,"Otago, Southland",Large urban area,Secondary (Year 7-15),,State : Integrated,696,464,Open
409,Aparima College,33 Leader Street ,,Riverton,9822.0,-46.353612,168.016613,POINT(168.016613 -46.353612),Southland Region,Southland District,"Otago, Southland",Small urban area,Secondary (Year 7-15),,State,212,489,Open
418,Rangiora New Life School,2 Denchs Road ,Southbrook,Rangiora,7400.0,-43.320251,172.598016,POINT(172.598016 -43.320251),Canterbury Region,Waimakariri District,"Canterbury, Chatham Islands",Medium urban area,Composite,,State : Integrated,467,434,Open
419,Rudolf Steiner School (Chch),19 Ombersley Terrace ,Opawa,Christchurch,8241.0,-43.560087,172.659135,POINT(172.659135 -43.560087),Canterbury Region,Christchurch City,"Canterbury, Chatham Islands",Major urban area,Composite,,State : Integrated,282,410,Open
421,Richmond View School,26 Burleigh Road ,,Blenheim,7201.0,-41.526405,173.943363,POINT(173.943363 -41.526405),Marlborough Region,Marlborough District,"Nelson, Marlborough, West Coast",Medium urban area,Composite,,State : Integrated,330,429,Open
422,Faith City School,127 Springvale Road ,Springvale,Whanganui,4501.0,-39.92043,175.020933,POINT(175.020933 -39.92043),Manawatū-Whanganui Region,Whanganui District,"Taranaki, Whanganui, Manawatū",Large urban area,Full Primary,,State : Integrated,157,441,Open
424,Michael Park School,55 Amy Street ,Ellerslie,Auckland,1542.0,-36.893517,174.815655,POINT(174.815655 -36.893517),Auckland Region,Ōrākei Local Board Area,Tāmaki Herenga Manawa,Major urban area,Composite,,State : Integrated,317,388,Open
428,Whangamata Area School,Port Road ,,Whangamata,3643.0,-37.215339,175.866532,POINT(175.866532 -37.215339),Waikato Region,Thames-Coromandel District,Waikato,Small urban area,Composite,,State,560,460,Open
429,Excellere College,39 Great North Road ,Kamo,Whangarei,141.0,-35.669702,174.298573,POINT(174.298573 -35.669702),Northland Region,Whangarei District,Tai Tokerau,Large urban area,Composite,,State : Integrated,360,452,Open
432,KingsWay School,100 Jelas Road ,,Red Beach,945.0,-36.605641,174.683043,POINT(174.683043 -36.605641),Auckland Region,Hibiscus and Bays Local Board Area,Tāmaki Herenga Tāngata,Large urban area,Composite,,State : Integrated,2078,388,Open
435,Hukarere Girls' College,31 Napier Road ,,Havelock North,4157.0,-39.667401,176.879131,POINT(176.879131 -39.667401),Hawke's Bay Region,Hastings District,"Hawke's Bay, Tairāwhiti",Medium urban area,Secondary (Year 9-15),Secondary Māori Boarding School,State : Integrated,53,542,Open
436,Springbank School,78 Waimate North Road ,,Kerikeri,245.0,-35.242004,173.915476,POINT(173.915476 -35.242004),Northland Region,Far North District,Tai Tokerau,Rural other,Composite,,Private : Fully Registered,197,0,Open
439,Totara College of Accelerated Learning,3 Ruahine Street ,,Dannevirke,4942.0,-40.190155,176.111442,POINT(176.111442 -40.190155),Manawatū-Whanganui Region,Tararua District,Wellington,Small urban area,Composite,,State : Integrated,81,498,Open
440,Pinehurst School,75 Bush Road ,Albany,Auckland,751.0,-36.739163,174.704012,POINT(174.704012 -36.739163),Auckland Region,Upper Harbour Local Board Area,Tāmaki Herenga Tāngata,Major urban area,Composite,,Private : Fully Registered,1145,0,Open
441,ACG Strathallan,50 Hayfield Way ,Karaka,Papakura,2113.0,-37.081862,174.903703,POINT(174.903703 -37.081862),Auckland Region,Papakura Local Board Area,Tāmaki Herenga Waka,Major urban area,Composite,,Private : Fully Registered,1263,0,Open
443,Hastings Christian School,1009 Copeland Road ,Akina,Hastings,4122.0,-39.658526,176.845189,POINT(176.845189 -39.658526),Hawke's Bay Region,Hastings District,"Hawke's Bay, Tairāwhiti",Large urban area,Composite,,State : Integrated,328,428,Open
451,Hamilton Christian School,4 North City Road ,Rototuna North,Hamilton,3281.0,-37.721434,175.26086,POINT(175.26086 -37.721434),Waikato Region,Hamilton City,Waikato,Major urban area,Composite,,State : Integrated,979,413,Open
452,Southern Cross Campus,237 Buckland Road ,Mangere,Auckland,2153.0,-36.964291,174.816726,POINT(174.816726 -36.964291),Auckland Region,Māngere-Ōtāhuhu Local Board Area,Tāmaki Herenga Waka,Major urban area,Composite,,State,1678,515,Open
453,Kadimah School,514 Remuera Road ,Remuera,Auckland,1145.0,-36.881083,174.802674,POINT(174.802674 -36.881083),Auckland Region,Ōrākei Local Board Area,Tāmaki Herenga Manawa,Major urban area,Full Primary,,State : Integrated,143,361,Open
454,St Dominic's College,12B York Street ,Gonville,Whanganui,4541.0,-39.939407,175.022669,POINT(175.022669 -39.939407),Manawatū-Whanganui Region,Whanganui District,"Taranaki, Whanganui, Manawatū",Large urban area,Secondary (Year 7-15),,Private : Fully Registered,51,0,Open
456,Pukekohe Christian School,82 Yates Road ,,Pukekohe,2340.0,-37.216711,174.931297,POINT(174.931297 -37.216711),Auckland Region,Franklin Local Board Area,Tāmaki Herenga Waka,Medium urban area,Composite,,Private : Fully Registered,323,0,Open
460,Atea College,21 Domain Road ,Panmure,Auckland,1072.0,-36.901088,174.854481,POINT(174.854481 -36.901088),Auckland Region,Maungakiekie-Tāmaki Local Board Area,Tāmaki Herenga Manawa,Major urban area,Composite,,Private : Fully Registered,17,0,Open
462,Ambury Park Centre,66 Wellesley Road ,Mangere Bridge,Auckland,2151.0,-36.953132,174.771215,POINT(174.771215 -36.953132),Auckland Region,Māngere-Ōtāhuhu Local Board Area,Tāmaki Herenga Manawa,Major urban area,Secondary (Year 9-15),,Private : Fully Registered,3,0,Open
463,TKK Motuhake o Tawhiuau,43 Miro Drive ,,Murupara,3062.0,-38.460994,176.70927,POINT(176.70927 -38.460994),Bay of Plenty Region,Whakatane District,"Bay of Plenty, Waiariki",Small urban area,Composite,,State,90,552,Open
465,Mana Tamariki,165 Grey Street ,Palmerston North CBD,Palmerston North,4410.0,-40.349078,175.616143,POINT(175.616143 -40.349078),Manawatū-Whanganui Region,Palmerston North City,"Taranaki, Whanganui, Manawatū",Large urban area,Composite,,State,68,444,Open
466,Manukau Christian School,77 Rogers Road ,Manurewa,Auckland,2243.0,-37.027835,174.899782,POINT(174.899782 -37.027835),Auckland Region,Manurewa Local Board Area,Tāmaki Herenga Waka,Major urban area,Composite,,Private : Fully Registered,314,0,Open
471,Zayed College for Girls,44 Westney Road ,Mangere,Auckland,2153.0,-36.978829,174.792663,POINT(174.792663 -36.978829),Auckland Region,Māngere-Ōtāhuhu Local Board Area,Tāmaki Herenga Waka,Major urban area,Secondary (Year 7-15),,State : Integrated,194,433,Open
472,OneSchool Global - New Zealand,Level 1 The Precinct 40 Onehunga Mall,Onehunga,Auckland,1643.0,-36.930189,174.786583,POINT(174.786583 -36.930189),Auckland Region,Maungakiekie-Tāmaki Local Board Area,Tāmaki Herenga Manawa,Major urban area,Composite,,Private : Fully Registered,1499,0,Open
476,Tongariro School,22 Waipapa Road ,,Turangi,3334.0,-38.98579,175.815059,POINT(175.815059 -38.98579),Waikato Region,Taupo District,"Bay of Plenty, Waiariki",Small urban area,Composite,,State,366,546,Open
478,Wainuiomata High School,60 Parkway ,Wainuiomata,Lower Hutt,5048.0,-41.251669,174.936203,POINT(174.936203 -41.251669),Wellington Region,Lower Hutt City,Wellington,Major urban area,Secondary (Year 9-15),,State,707,509,Open
481,City Impact Church School,794 East Coast Road ,Oteha,Auckland,753.0,-36.721824,174.722963,POINT(174.722963 -36.721824),Auckland Region,Upper Harbour Local Board Area,Tāmaki Herenga Tāngata,Major urban area,Composite,,Private : Fully Registered,351,0,Open
482,Aquinas College,183 Pyes Pa Road ,Pyes Pa,Tauranga,3173.0,-37.750885,176.121982,POINT(176.121982 -37.750885),Bay of Plenty Region,Tauranga City,"Bay of Plenty, Waiariki",Major urban area,Secondary (Year 7-15),,State : Integrated,840,402,Open
484,Wentworth College,65 Gulf Harbour Drive ,Gulf Harbour,Whangaparaoa,943.0,-36.613154,174.791292,POINT(174.791292 -36.613154),Auckland Region,Hibiscus and Bays Local Board Area,Tāmaki Herenga Tāngata,Large urban area,Secondary (Year 7-15),,Private : Fully Registered,468,0,Open
485,Taumata School,145 Mortlake Heights ,Pyes Pa,Tauranga,3112.0,-37.751294,176.110904,POINT(176.110904 -37.751294),Bay of Plenty Region,Tauranga City,"Bay of Plenty, Waiariki",Major urban area,Full Primary,,State,636,415,Open
487,Mt Hobson Academy,,,,1546.0,,,,,,Tāmaki Herenga Manawa,,Composite,,Private : Fully Registered,45,0,Open
488,Ngā Taiātea Wharekura,134 Rotokauri Road ,Nawton,Hamilton,3289.0,-37.768016,175.231112,POINT(175.231112 -37.768016),Waikato Region,Hamilton City,Waikato,Major urban area,Secondary (Year 9-15),,State,295,504,Open
491,Sancta Maria College,319 Te Irirangi Drive ,Howick South,Manukau,2163.0,-36.957848,174.90488,POINT(174.90488 -36.957848),Auckland Region,Howick Local Board Area,Tāmaki Herenga Manawa,Major urban area,Secondary (Year 7-15),,State : Integrated,1049,390,Open
494,Putāruru College,Junction Street ,,Putaruru,3443.0,-38.04016,175.786837,POINT(175.786837 -38.04016),Waikato Region,South Waikato District,Waikato,Small urban area,Secondary (Year 7-15),,State,406,518,Open
495,Taieri College,Green Street ,,Mosgiel,9053.0,-45.875915,170.351398,POINT(170.351398 -45.875915),Otago Region,Dunedin City,"Otago, Southland",Medium urban area,Secondary (Year 7-15),,State,1198,459,Open
496,Reefton Area School,10 Victory Street ,,Reefton,7830.0,-42.115241,171.860874,POINT(171.860874 -42.115241),West Coast Region,Buller District,"Nelson, Marlborough, West Coast",Small urban area,Composite,,State,175,504,Open
497,Te Kura o Hirangi,29 Mawake Place ,,Turangi,3334.0,-38.984401,175.803419,POINT(175.803419 -38.984401),Waikato Region,Taupo District,"Bay of Plenty, Waiariki",Small urban area,Composite,,State,259,535,Open
498,Te Aho o Te Kura Pounamu,11 Portland Crescent ,Thorndon,Wellington,5045.0,-41.274444,174.776608,POINT(174.776608 -41.274444),Wellington Region,Wellington City,Wellington,Major urban area,Correspondence School,,State,8718,506,Open
506,Drury Christian School,13 Sutton Road ,,Drury,2113.0,-37.096351,174.950061,POINT(174.950061 -37.096351),Auckland Region,Papakura Local Board Area,Tāmaki Herenga Waka,Major urban area,Composite,,Private : Fully Registered,33,0,Open
514,Kimi Ora School,100 Walters Street ,Naenae,Lower Hutt,5041.0,-41.197646,174.94265,POINT(174.94265 -41.197646),Wellington Region,Lower Hutt City,Wellington,Major urban area,Specialist School,Day Specialist,State,137,467,Open
518,Kingslea School,19 Pavitt Street ,Richmond,Christchurch,7643.0,-43.521749,172.654959,POINT(172.654959 -43.521749),Canterbury Region,Christchurch City,"Canterbury, Chatham Islands",Major urban area,Specialist School,Oranga Tamariki,State,123,569,Open
522,Te Whānau o Ōtūmatua,15 Nash Road ,Halswell,Christchurch,8025.0,-43.562158,172.569358,POINT(172.569358 -43.562158),Canterbury Region,Christchurch City,"Canterbury, Chatham Islands",Major urban area,Specialist School,Residential Specialist School,State,13,540,Open
525,Salisbury School (Nelson),67 Salisbury Road ,,Richmond,7050.0,-41.337559,173.195399,POINT(173.195399 -41.337559),Tasman Region,Tasman District,"Nelson, Marlborough, West Coast",Medium urban area,Specialist School,Residential Specialist School,State,12,517,Open
527,Twizel Area School,Mt Cook Street ,,Twizel,7901.0,-44.255248,170.098059,POINT(170.098059 -44.255248),Canterbury Region,Mackenzie District,"Canterbury, Chatham Islands",Small urban area,Composite,,State,251,452,Open
528,Ponatahi Christian School,6 Howard Street ,,Carterton,5713.0,-41.032158,175.522456,POINT(175.522456 -41.032158),Wellington Region,Carterton District,Wellington,Small urban area,Composite,,State : Integrated,136,431,Open
530,Waiheke High School,11 Donald Bruce Road ,,Waiheke Island,1081.0,-36.799898,175.027745,POINT(175.027745 -36.799898),Auckland Region,Waiheke Local Board Area,Tāmaki Herenga Manawa,Small urban area,Secondary (Year 7-15),,State,387,442,Open
531,Catholic Cathedral College,62 Ferry Road ,Phillipstown,Christchurch,8145.0,-43.53766,172.646599,POINT(172.646599 -43.53766),Canterbury Region,Christchurch City,"Canterbury, Chatham Islands",Major urban area,Secondary (Year 7-15),,State : Integrated,601,448,Open
532,John Paul College,Whitworth Road ,Utuhina,Rotorua,3044.0,-38.143035,176.229637,POINT(176.229637 -38.143035),Bay of Plenty Region,Rotorua District,"Bay of Plenty, Waiariki",Large urban area,Secondary (Year 7-15),,State : Integrated,1098,415,Open
533,Mt Aspiring College,101 Plantation Road ,,Wanaka,9305.0,-44.68733,169.136772,POINT(169.136772 -44.68733),Otago Region,Queenstown-Lakes District,"Otago, Southland",Medium urban area,Secondary (Year 7-15),,State,1318,412,Open
536,Trinity Catholic College,340 Rattray Street ,City Rise,Dunedin,9054.0,-45.873943,170.496588,POINT(170.496588 -45.873943),Otago Region,Dunedin City,"Otago, Southland",Major urban area,Secondary (Year 7-15),,State : Integrated,867,431,Open
539,Waikato Waldorf School ( Rudolf Steiner),85 Barrington Drive ,Rototuna,Hamilton,3248.0,-37.725574,175.280722,POINT(175.280722 -37.725574),Waikato Region,Hamilton City,Waikato,Major urban area,Composite (Year 1-10),,State : Integrated,184,424,Open
544,Al-Madinah School,8 Westney Road ,Mangere,Auckland,2153.0,-36.97636,174.792438,POINT(174.792438 -36.97636),Auckland Region,Māngere-Ōtāhuhu Local Board Area,Tāmaki Herenga Waka,Major urban area,Composite,,State : Integrated,551,413,Open
545,Te Kura Toitu o Te Whaiti-nui-a-Toi,49 Minginui Road ,,Te Whaiti,3046.0,-38.589193,176.776491,POINT(176.776491 -38.589193),Bay of Plenty Region,Whakatane District,"Bay of Plenty, Waiariki",Rural other,Composite (Year 1-10),,State,15,540,Open
546,Whitby Collegiate,2 Starboard Lane ,Whitby,Porirua,6011.0,-41.114985,174.894118,POINT(174.894118 -41.114985),Wellington Region,Porirua City,Wellington,Large urban area,Secondary (Year 7-15),,Private : Fully Registered,357,0,Open
548,Aurora College,234 Regent Street ,,Invercargill,9840.0,-46.43114,168.384079,POINT(168.384079 -46.43114),Southland Region,Invercargill City,"Otago, Southland",Large urban area,Secondary (Year 7-15),,State,604,545,Open
549,Taihape Area School,26 Huia Street ,,Taihape,4742.0,-39.675966,175.801514,POINT(175.801514 -39.675966),Manawatū-Whanganui Region,Rangitikei District,"Taranaki, Whanganui, Manawatū",Small urban area,Composite,,State,254,514,Open
550,Te Waha O Rerekohu Area School,3 Arawhena Street ,,Te Araroa,4050.0,-37.633719,178.365549,POINT(178.365549 -37.633719),Gisborne Region,Gisborne District,"Hawke's Bay, Tairāwhiti",Rural settlement,Composite,,State,64,555,Open
551,Coastal Taranaki School,91 Carthew Street ,,Okato,4348.0,-39.19286,173.881545,POINT(173.881545 -39.19286),Taranaki Region,New Plymouth District,"Taranaki, Whanganui, Manawatū",Rural settlement,Composite,,State,240,478,Open
552,James Hargest College,282 Layard Street ,,Invercargill,9810.0,-46.390629,168.384284,POINT(168.384284 -46.390629),Southland Region,Invercargill City,"Otago, Southland",Large urban area,Secondary (Year 7-15),,State,1897,445,Open
553,Mission Heights Junior College,Jeffs Road ,Flat Bush,Auckland,2163.0,-36.963908,174.931233,POINT(174.931233 -36.963908),Auckland Region,Howick Local Board Area,Tāmaki Herenga Waka,Major urban area,Secondary (Year 7-10),,State,934,407,Open
555,Tangaroa College Teen Parent Unit,Haumia Way ,Otara South,Auckland,2159.0,-36.97311,174.8926,POINT(174.8926 -36.97311),Auckland Region,Ōtara-Papatoetoe Local Board Area,Tāmaki Herenga Waka,Major urban area,Teen Parent Unit,,State,0,569,Open
557,Holy Family School (Wanaka),152 Aubrey Road ,,Wanaka,9305.0,-44.67979,169.137627,POINT(169.137627 -44.67979),Otago Region,Queenstown-Lakes District,"Otago, Southland",Medium urban area,Full Primary,,State : Integrated,204,387,Open
558,TKKM o Te Kura Kokiri,1223 Welcome Bay Road ,Welcome Bay,Tauranga,3140.0,-37.723435,176.283679,POINT(176.283679 -37.723435),Bay of Plenty Region,Tauranga City,"Bay of Plenty, Waiariki",Major urban area,Composite,,State,264,551,Open
559,Te Kura o Te Wainui-ā-Rua,4502 Whanganui River Road ,,Ranana,4576.0,-39.582597,175.107522,POINT(175.107522 -39.582597),Manawatū-Whanganui Region,Whanganui District,"Taranaki, Whanganui, Manawatū",Rural other,Composite,,State,52,536,Open
563,Albany Senior High School,536 Albany Highway ,Albany,Auckland,752.0,-36.730178,174.695766,POINT(174.695766 -36.730178),Auckland Region,Upper Harbour Local Board Area,Tāmaki Herenga Tāngata,Major urban area,Secondary (Year 11-15),,State,765,446,Open
564,Ormiston Senior College,275 Ormiston Road ,Flat Bush,Auckland,2164.0,-36.96796,174.918244,POINT(174.918244 -36.96796),Auckland Region,Howick Local Board Area,Tāmaki Herenga Waka,Major urban area,Secondary (Year 11-15),,State,1539,443,Open
565,Stonefields School,81 Tihi Street ,Stonefields,Auckland,1072.0,-36.888313,174.840539,POINT(174.840539 -36.888313),Auckland Region,Ōrākei Local Board Area,Tāmaki Herenga Manawa,Major urban area,Full Primary,,State,646,361,Open
566,Maraekakaho School,68 Kereru Road ,,Maraekakaho,4171.0,-39.648542,176.6179,POINT(176.6179 -39.648542),Hawke's Bay Region,Hastings District,"Hawke's Bay, Tairāwhiti",Rural other,Full Primary,,State,137,402,Open
567,Te Wharekura o Te Kaokaoroa o Patetere,117 Buckland Street ,,Putaruru,3411.0,-38.044284,175.774428,POINT(175.774428 -38.044284),Waikato Region,South Waikato District,Waikato,Small urban area,Composite,,State,294,523,Open
570,Mission Heights Primary School,Jeffs Road ,Flat Bush,Auckland,2163.0,-36.962395,174.931665,POINT(174.931665 -36.962395),Auckland Region,Howick Local Board Area,Tāmaki Herenga Waka,Major urban area,Contributing,,State,679,368,Open
571,ACG Sunderland,6 Waipareira Avenue ,Henderson,Waitakere,610.0,-36.864303,174.633796,POINT(174.633796 -36.864303),Auckland Region,Henderson-Massey Local Board Area,Tāmaki Herenga Tāngata,Major urban area,Composite,,Private : Fully Registered,886,0,Open
572,Te Matauru Primary,53-59 Pentecost Road ,,Rangiora,7400.0,-43.314642,172.583507,POINT(172.583507 -43.314642),Canterbury Region,Waimakariri District,"Canterbury, Chatham Islands",Medium urban area,Full Primary,,State,240,445,Open
577,Te Totara Primary School,31 Hector Drive ,Rototuna North,Hamilton,3256.0,-37.719718,175.266642,POINT(175.266642 -37.719718),Waikato Region,Hamilton City,Waikato,Major urban area,Contributing,,State,716,393,Open
579,Knights Stream School- Mingimingi Hautoa,1 Killarney Avenue ,Halswell,Christchurch,8025.0,-43.570862,172.537934,POINT(172.537934 -43.570862),Canterbury Region,Christchurch City,"Canterbury, Chatham Islands",Major urban area,Full Primary,,State,647,385,Open
584,West Rolleston Primary School,327 Dunns Crossing Road ,,Rolleston,7678.0,-43.606888,172.355917,POINT(172.355917 -43.606888),Canterbury Region,Selwyn District,"Canterbury, Chatham Islands",Rural other,Full Primary,,State,751,415,Open
585,Ararira Springs Primary- Te Puna o Ararira,18 Russ Drive ,,Lincoln,7672.0,-43.648092,172.492975,POINT(172.492975 -43.648092),Canterbury Region,Selwyn District,"Canterbury, Chatham Islands",Small urban area,Full Primary,,State,527,397,Open
586,Shotover Primary School,57 Stalker Road ,,Queenstown,9304.0,-45.005745,168.776627,POINT(168.776627 -45.005745),Otago Region,Queenstown-Lakes District,"Otago, Southland",Medium urban area,Full Primary,,State,564,396,Open
588,Hingaia Peninsula School,3 Papaka Road ,Hingaia,Auckland,2580.0,-37.077445,174.916184,POINT(174.916184 -37.077445),Auckland Region,Papakura Local Board Area,Tāmaki Herenga Waka,Major urban area,Full Primary,,State,433,380,Open
589,Te Kura o Nga Ruahine Rangi,520 Eltham Road ,,Mangatoki,4391.0,-39.423822,174.229208,POINT(174.229208 -39.423822),Taranaki Region,South Taranaki District,"Taranaki, Whanganui, Manawatū",Rural other,Composite,,State,64,531,Open
593,Te Uho O Te Nikau Primary School,221 Flat Bush School Road ,Flat Bush,Auckland,2164.0,-36.976126,174.926097,POINT(174.926097 -36.976126),Auckland Region,Howick Local Board Area,Tāmaki Herenga Waka,Major urban area,Contributing,,State,617,393,Open
594,Te Kura Rau Iti,121 Murphys Road ,Flat Bush,Auckland,nan,-36.984807,174.921071,POINT(174.921071 -36.984807),Auckland Region,Howick Local Board Area,Tāmaki Herenga Waka,Major urban area,Contributing,,State,63,448,Open
595,Kauri Flats School,181 Walters Road ,Takanini,Auckland,2110.0,-37.0442,174.949754,POINT(174.949754 -37.0442),Auckland Region,Papakura Local Board Area,Tāmaki Herenga Waka,Major urban area,Full Primary,,State,703,410,Open
600,TKKM o Ngaringaomatariki,34 Oruawharo School Road ,Oruawharo,Wellsford,975.0,-36.272816,174.409953,POINT(174.409953 -36.272816),Northland Region,Kaipara District,Tai Tokerau,Rural other,Composite,,State,93,524,Open
601,Kumeroa School,58 Township Road ,,Kumeroa,4997.0,-40.337633,175.989711,POINT(175.989711 -40.337633),Manawatū-Whanganui Region,Tararua District,Wellington,Rural other,Full Primary,,State,33,461,Open
603,KingsGate School,58 Blake Road  ,Pukekohe West,Auckland,2120.0,-37.220357,174.884558,POINT(174.884558 -37.220357),Auckland Region,Franklin Local Board Area,Tāmaki Herenga Waka,Rural other,Composite,,State : Integrated,286,434,Open
604,Golden Grove School,57 Grey Street ,Onehunga,Auckland,1061.0,-36.918942,174.783874,POINT(174.783874 -36.918942),Auckland Region,Maungakiekie-Tāmaki Local Board Area,Tāmaki Herenga Manawa,Major urban area,Full Primary,,Private : Fully Registered,50,0,Open
605,Wentworth Primary,95 Gulf Harbour Drive ,Gulf Harbour,Whangaparaoa,943.0,-36.614512,174.793868,POINT(174.793868 -36.614512),Auckland Region,Hibiscus and Bays Local Board Area,Tāmaki Herenga Tāngata,Large urban area,Full Primary,,Private : Fully Registered,155,0,Open
607,Big Rock Primary School,2 Bath Street ,,Brighton,9035.0,-45.949295,170.33023,POINT(170.33023 -45.949295),Otago Region,Dunedin City,"Otago, Southland",Small urban area,Full Primary,,State,100,433,Open
608,Ashburton Christian School,119 Albert Street ,Elgin,Ashburton,7740.0,-43.911169,171.77209,POINT(171.77209 -43.911169),Canterbury Region,Ashburton District,"Canterbury, Chatham Islands",Medium urban area,Composite (Year 1-10),,State : Integrated,261,439,Open
612,Henderson - Teen Parent Unit - He Wero o nga Wahine,Henderson Valley Road ,Henderson,Auckland,650.0,-36.883328,174.628297,POINT(174.628297 -36.883328),Auckland Region,Henderson-Massey Local Board Area,Tāmaki Herenga Tāngata,Major urban area,Teen Parent Unit,,State,0,569,Open
614,Amesbury School,48 Amesbury Drive ,Churton Park,Wellington,6037.0,-41.199095,174.802131,POINT(174.802131 -41.199095),Wellington Region,Wellington City,Wellington,Major urban area,Contributing,,State,258,349,Open
615,Rototuna Senior High School,Kimbrae Drive ,Rototuna,Hamilton,3210.0,-37.715977,175.262993,POINT(175.262993 -37.715977),Waikato Region,Hamilton City,Waikato,Major urban area,Secondary (Year 11-15),,State,1031,451,Open
616,Murihiku Young Parents' Learning Centre,Isabella Street ,,Invercargill,9810.0,-46.40668,168.378062,POINT(168.378062 -46.40668),Southland Region,Invercargill City,"Otago, Southland",Large urban area,Teen Parent Unit,,State,0,569,Open
618,Sancta Maria Catholic Primary School,317 Te Irirangi Drive ,Flat Bush,Manukau,2163.0,-36.959994,174.903914,POINT(174.903914 -36.959994),Auckland Region,Howick Local Board Area,Tāmaki Herenga Manawa,Major urban area,Contributing,,State : Integrated,377,367,Open
620,Huanui College,328 Ngunguru Road RD 3 ,Glenbervie,Whangarei,173.0,-35.668291,174.361724,POINT(174.361724 -35.668291),Northland Region,Whangarei District,Tai Tokerau,Rural other,Secondary (Year 7-15),,Private : Fully Registered,358,0,Open
622,Silverstream Christian School,4 - 8 Blue Mountain Road ,Silverstream,Upper Hutt,5142.0,-41.15128,175.014553,POINT(175.014553 -41.15128),Wellington Region,Upper Hutt City,Wellington,Large urban area,Composite,,Private : Fully Registered,29,0,Open
624,Te Karaka Area School,5 Kanakanaia Road ,Te Karaka,Gisborne,4042.0,-38.469047,177.866317,POINT(177.866317 -38.469047),Gisborne Region,Gisborne District,"Hawke's Bay, Tairāwhiti",Rural settlement,Composite,,State,110,545,Open
625,Tamaoho School,36 Taikaranga Street ,,Pukekohe,2120.0,-37.201786,174.883229,POINT(174.883229 -37.201786),Auckland Region,Franklin Local Board Area,Tāmaki Herenga Waka,Medium urban area,Contributing,,State,333,446,Open
628,TKKM o Tuia te Matangi,32 D'Arcy Street ,,Richmond,7046.0,-41.334764,173.190247,POINT(173.190247 -41.334764),Tasman Region,Tasman District,"Nelson, Marlborough, West Coast",Medium urban area,Composite,,State,48,513,Open
630,Te Kura Māori o Ngā Tapuwae,1 Wickman Way ,Mangere,Auckland,2153.0,-36.964239,174.814456,POINT(174.814456 -36.964239),Auckland Region,Māngere-Ōtāhuhu Local Board Area,Tāmaki Herenga Waka,Major urban area,Composite,,State,334,499,Open
631,Kia Aroha Campus,51 Othello Drive ,Otara,Auckland,2023.0,-36.980854,174.892768,POINT(174.892768 -36.980854),Auckland Region,Ōtara-Papatoetoe Local Board Area,Tāmaki Herenga Waka,Major urban area,Composite,,State,319,539,Open
632,Tai Wananga,Ruakura AgResearch Centre ,,Hamilton,3252.0,-37.775345,175.305794,POINT(175.305794 -37.775345),Waikato Region,Hamilton City,Waikato,Major urban area,Secondary (Year 9-15),,State,170,526,Open
633,Kingsview School,14 Yewlett Cresent ,Frankton,Queenstown,9349.0,-45.017714,168.727617,POINT(168.727617 -45.017714),Otago Region,Queenstown-Lakes District,"Otago, Southland",Medium urban area,Full Primary,,State : Integrated,80,403,Open
639,Pa Harakeke Teen Parent Unit,Billah Street ,,Tokoroa,3444.0,-38.225977,175.861546,POINT(175.861546 -38.225977),Waikato Region,South Waikato District,Waikato,Medium urban area,Teen Parent Unit,,State,0,569,Open
641,Te Wharekura o Nga Purapura o Te Aroha,190 Factory Road ,,Te Awamutu,nan,-38.003127,175.315985,POINT(175.315985 -38.003127),Waikato Region,Waipa District,Waikato,Medium urban area,Composite,,State,94,505,Open
647,Bathgate Park School,213 Macandrew Road ,South Dunedin,Dunedin,9012.0,-45.900329,170.492258,POINT(170.492258 -45.900329),Otago Region,Dunedin City,"Otago, Southland",Major urban area,Full Primary,,State,123,510,Open
648,Carisbrook School,217 South Road ,Caversham,Dunedin,9012.0,-45.895389,170.484093,POINT(170.484093 -45.895389),Otago Region,Dunedin City,"Otago, Southland",Major urban area,Full Primary,,State,335,520,Open
651,Te Whata Tau o Putauaki,39-57 Galway Street ,,Kawerau,3127.0,-38.083373,176.706585,POINT(176.706585 -38.083373),Bay of Plenty Region,Kawerau District,"Bay of Plenty, Waiariki",Small urban area,Composite,,State,96,541,Open
654,Rolleston College,631 Springston Rolleston Road ,,Rolleston,7658.0,-43.603517,172.388514,POINT(172.388514 -43.603517),Canterbury Region,Selwyn District,"Canterbury, Chatham Islands",Medium urban area,Secondary (Year 9-15),,State,1968,449,Open
655,Kawerau Putauaki School,87-89 Fenton Mill Road ,,Kawerau,3127.0,-38.089843,176.685504,POINT(176.685504 -38.089843),Bay of Plenty Region,Kawerau District,"Bay of Plenty, Waiariki",Small urban area,Contributing,,State,127,522,Open
658,Murupara Area School,84 Pine Drive ,,Murupara,3062.0,-38.455354,176.703043,POINT(176.703043 -38.455354),Bay of Plenty Region,Whakatane District,"Bay of Plenty, Waiariki",Small urban area,Composite,,State,164,560,Open
660,Kahurangi School,45 Strathmore Avenue ,Strathmore,Wellington,6022.0,-41.328369,174.820902,POINT(174.820902 -41.328369),Wellington Region,Wellington City,Wellington,Major urban area,Full Primary,,State,263,438,Open
661,Tarawera High School,58-122 River Road ,,Kawerau,3169.0,-38.087207,176.709393,POINT(176.709393 -38.087207),Bay of Plenty Region,Kawerau District,"Bay of Plenty, Waiariki",Small urban area,Secondary (Year 7-15),,State,452,545,Open
670,Nelson Teen Parent Unit,111 Haven Road ,,Nelson,7040.0,-41.268127,173.277873,POINT(173.277873 -41.268127),Nelson Region,Nelson City,"Nelson, Marlborough, West Coast",Large urban area,Teen Parent Unit,,State,0,569,Open
671,Waikato Montessori Education Centre,267 Newell Road ,,Hamilton,3241.0,-37.827156,175.340394,POINT(175.340394 -37.827156),Waikato Region,Waikato District,Waikato,Rural other,Full Primary,,Private : Fully Registered,56,0,Open
674,Levin Teen Parent Unit,Bartholomew Road ,,Levin,5540.0,-40.629522,175.296346,POINT(175.296346 -40.629522),Manawatū-Whanganui Region,Horowhenua District,Wellington,Medium urban area,Teen Parent Unit,,State,0,569,Open
683,Ao Tawhiti Unlimited Discovery,5 Mollett St ,Christchurch,Christchurch,8140.0,-43.535939,172.635943,POINT(172.635943 -43.535939),Canterbury Region,Christchurch City,"Canterbury, Chatham Islands",Major urban area,Composite,,State,649,442,Open
684,Te Waka Unua School,476 Ferry Road ,Woolston,Christchurch,8023.0,-43.545671,172.672639,POINT(172.672639 -43.545671),Canterbury Region,Christchurch City,"Canterbury, Chatham Islands",Major urban area,Full Primary,,State,494,509,Open
685,Waitākiri Primary School,170 Burwood Road ,Burwood,Christchurch,8083.0,-43.488844,172.683844,POINT(172.683844 -43.488844),Canterbury Region,Christchurch City,"Canterbury, Chatham Islands",Major urban area,Contributing,,State,539,452,Open
686,Lyttelton Primary School,34 Oxford Street ,,Lyttelton,8841.0,-43.602344,172.723168,POINT(172.723168 -43.602344),Canterbury Region,Christchurch City,"Canterbury, Chatham Islands",Small urban area,Full Primary,,State,130,424,Open
688,Ormiston Primary School,291 Ormiston Road ,Flat Bush,Auckland,2164.0,-36.968315,174.920677,POINT(174.920677 -36.968315),Auckland Region,Howick Local Board Area,Tāmaki Herenga Waka,Major urban area,Contributing,,State,982,379,Open
696,Rāwhiti School,150 Leaver Terrace ,North New Brighton,Christchurch,8083.0,-43.496105,172.717708,POINT(172.717708 -43.496105),Canterbury Region,Christchurch City,"Canterbury, Chatham Islands",Major urban area,Full Primary,,State,520,478,Open
704,Haeata Community Campus,240 Breezes Road ,Wainoni,Christchurch,8643.0,-43.514761,172.696693,POINT(172.696693 -43.514761),Canterbury Region,Christchurch City,"Canterbury, Chatham Islands",Major urban area,Composite,,State,604,545,Open
705,Te Tipu Whenua o Pa Harakeke,151 Flaxmere Avenue ,Flaxmere,Hastings,4120.0,-39.62185,176.788895,POINT(176.788895 -39.62185),Hawke's Bay Region,Hastings District,"Hawke's Bay, Tairāwhiti",Large urban area,Teen Parent Unit,,State,0,569,Open
706,Te Pā o Rākaihautū,7 McLean Street ,Linwood,Christchurch,8013.0,-43.52931,172.672461,POINT(172.672461 -43.52931),Canterbury Region,Christchurch City,"Canterbury, Chatham Islands",Major urban area,Composite,,State,207,517,Open
707,ACG Tauranga,6 Keenan Road ,Pyes Pa,Tauranga,1141.0,-37.771596,176.115653,POINT(176.115653 -37.771596),Bay of Plenty Region,Tauranga City,"Bay of Plenty, Waiariki",Major urban area,Composite,,Private : Fully Registered,411,0,Open
708,Rototuna Junior High School,Kimbrae Drive ,Rototuna,Hamilton,3210.0,-37.716113,175.263497,POINT(175.263497 -37.716113),Waikato Region,Hamilton City,Waikato,Major urban area,Secondary (Year 7-10),,State,1372,428,Open
709,Ormiston Junior College,285 Ormiston Road ,Flat Bush,Auckland,2019.0,-36.967849,174.919678,POINT(174.919678 -36.967849),Auckland Region,Howick Local Board Area,Tāmaki Herenga Waka,Major urban area,Secondary (Year 7-10),,State,1509,424,Open
710,Rolleston Christian School,571-575 Springston Rolleston Road ,,Rolleston,7678.0,-43.608323,172.392912,POINT(172.392912 -43.608323),Canterbury Region,Selwyn District,"Canterbury, Chatham Islands",Medium urban area,Full Primary,,State : Integrated,277,392,Open
712,Te Rōhutu Whio,85 Kate Sheppard Drive ,,Rolleston,7678.0,-43.615521,172.402071,POINT(172.402071 -43.615521),Canterbury Region,Selwyn District,"Canterbury, Chatham Islands",Medium urban area,Full Primary,,State,343,429,Open
717,Whakatane Teen Parent Unit,36 Golf Links Road ,Thornton,Whakatane,3158.0,-37.942698,176.936281,POINT(176.936281 -37.942698),Bay of Plenty Region,Whakatane District,"Bay of Plenty, Waiariki",Medium urban area,Teen Parent Unit,,State,0,569,Open
719,Te Kura Kaupapa Maori o Te Orini ki Ngati Awa,33 Meadow Vale ,Coastlands,Whakatane,3120.0,-37.935029,176.971491,POINT(176.971491 -37.935029),Bay of Plenty Region,Whakatane District,"Bay of Plenty, Waiariki",Medium urban area,Composite,,State,96,517,Open
724,Te Manawa ō Pāpāmoa School,72 Te Okuroa Drive ,Papamoa Beach,Papamoa,3118.0,-37.721212,176.317908,POINT(176.317908 -37.721212),Bay of Plenty Region,Tauranga City,"Bay of Plenty, Waiariki",Major urban area,Contributing,,State,491,443,Open
725,Scott Point School,11 Scott Road ,Hobsonville,Auckland,616.0,-36.802388,174.660507,POINT(174.660507 -36.802388),Auckland Region,Upper Harbour Local Board Area,Tāmaki Herenga Tāngata,Major urban area,Full Primary,,State,895,362,Open
728,Meraki Montessori School,293 Wainui Road ,,Silverdale,992.0,-36.603609,174.660048,POINT(174.660048 -36.603609),Auckland Region,Rodney Local Board Area,Tāmaki Herenga Tāngata,Large urban area,Full Primary,,Private : Fully Registered,56,0,Open
729,Northland College Teen Parent Unit,24 Purdy Street ,,Kaikohe,440.0,-35.408492,173.806693,POINT(173.806693 -35.408492),Northland Region,Far North District,Tai Tokerau,Small urban area,Teen Parent Unit,,State,0,569,Open
730,Porangahau School,58 Keppel Street ,,Porangahau,4291.0,-40.303781,176.617012,POINT(176.617012 -40.303781),Hawke's Bay Region,Central Hawke's Bay District,"Hawke's Bay, Tairāwhiti",Rural settlement,Full Primary,,State,33,483,Open
737,Te Kura Kaupapa Maori o Horouta Wananga,30 Desmond Road ,Te Hapara,Gisborne,4041.0,-38.657548,178.006862,POINT(178.006862 -38.657548),Gisborne Region,Gisborne District,"Hawke's Bay, Tairāwhiti",Large urban area,Composite,,State,178,519,Open
738,St Francis of Assisi Catholic School,370 Innes Road ,Mairehau,Christchurch,8052.0,-43.499792,172.639393,POINT(172.639393 -43.499792),Canterbury Region,Christchurch City,"Canterbury, Chatham Islands",Major urban area,Full Primary,,State : Integrated,466,408,Open
739,Manukura,233 Tennent Drive ,Palmerston North,Palmerston North,4441.0,-40.389659,175.612776,POINT(175.612776 -40.389659),Manawatū-Whanganui Region,Palmerston North City,"Taranaki, Whanganui, Manawatū",Large urban area,Secondary (Year 9-15),,State,191,494,Open
742,Te Kura o Te Whānau-a-Apanui,6870 SHW 35 Te Kaha RD3 ,,Opotiki,3199.0,-37.728925,177.695838,POINT(177.695838 -37.728925),Bay of Plenty Region,Ōpōtiki District,"Bay of Plenty, Waiariki",Rural settlement,Composite,,State,190,542,Open
743,Holy Trinity Catholic Primary School,137 Airfield Road ,Takanini,Auckland,2246.0,-37.036334,174.940735,POINT(174.940735 -37.036334),Auckland Region,Papakura Local Board Area,Tāmaki Herenga Waka,Major urban area,Contributing,,State : Integrated,302,395,Open
746,Te Kura Whakatipu o Kawarau,85 Howden Drive ,,Queenstown,9349.0,-45.067998,168.745336,POINT(168.745336 -45.067998),Otago Region,Queenstown-Lakes District,"Otago, Southland",Medium urban area,Full Primary,,State,546,405,Open
747,Te Kura O Take Kārara,3 Grace Wright Drive ,,Wanaka,9343.0,-44.701996,169.15421,POINT(169.15421 -44.701996),Otago Region,Queenstown-Lakes District,"Otago, Southland",Medium urban area,Contributing,,State,323,405,Open
748,Ngākōroa School,1 Rorotu Ave ,,Karaka,2578.0,-37.10547,174.939358,POINT(174.939358 -37.10547),Auckland Region,Franklin Local Board Area,Tāmaki Herenga Waka,Major urban area,Full Primary,,State,222,466,Open
752,Summit Point School,1 Fred Thomas Drive ,Takapuna,Auckland,622.0,-36.790983,174.762275,POINT(174.762275 -36.790983),Auckland Region,Devonport-Takapuna Local Board Area,Tāmaki Herenga Tāngata,Major urban area,Full Primary,,Private : Fully Registered,36,0,Open
764,Ahutoetoe School,89 Maryvale Road ,,Wainui,nan,-36.615953,174.652689,POINT(174.652689 -36.615953),Auckland Region,Rodney Local Board Area,Tāmaki Herenga Tāngata,Large urban area,Contributing,,State,314,384,Open
767,Nukumea Primary School - Te Kura Tuatahi O Nukumea,"9 Cozier Pl, Orewa ",,Auckland,931.0,-36.578983,174.669796,POINT(174.669796 -36.578983),Auckland Region,Hibiscus and Bays Local Board Area,Tāmaki Herenga Tāngata,Large urban area,Contributing,,State,89,412,Open
774,Matua Ngaru School,47-49 Gilbransen Road ,,Kumeu,810.0,-36.767615,174.531646,POINT(174.531646 -36.767615),Auckland Region,Rodney Local Board Area,Tāmaki Herenga Tāngata,Small urban area,Full Primary,,State,552,399,Open
779,Fossil Bay School,58 Korora Road ,Oneroa,Waiheke Island,1840.0,-36.773783,175.006245,POINT(175.006245 -36.773783),Auckland Region,Waiheke Local Board Area,Tāmaki Herenga Manawa,Small urban area,Full Primary,,Private : Fully Registered,16,0,Open
780,Te Ao Mārama School,Cnr Borman Road and Hare Puke Drive ,Flagstaff-Hamilton,Hamilton,3210.0,-37.720396,175.239699,POINT(175.239699 -37.720396),Waikato Region,Hamilton City,Waikato,Major urban area,Contributing,,State,470,390,Open
781,Jireh Christian School,63 St Georges Road ,Avondale,Auckland,nan,-36.902175,174.695235,POINT(174.695235 -36.902175),Auckland Region,Whau Local Board Area,Tāmaki Herenga Manawa,Major urban area,Full Primary,,State : Integrated,284,387,Open
787,Auckland Montessori College,18 Pilkington Road ,Panmure,Auckland,1741.0,-36.898538,174.85385,POINT(174.85385 -36.898538),Auckland Region,Maungakiekie-Tāmaki Local Board Area,Tāmaki Herenga Manawa,Major urban area,Secondary (Year 7-15),,Private : Fully Registered,16,0,Open
840,Central Auckland Specialist School,766 Sandringham Road ,Mt Roskill,Auckland,1041.0,-36.902464,174.729805,POINT(174.729805 -36.902464),Auckland Region,Puketāpapa Local Board Area,Tāmaki Herenga Manawa,Major urban area,Specialist School,Day Specialist,State,288,464,Open
846,Suzanne Aubert Catholic School,60 Montiicola Drive ,Papamoa,Tauranga,3118.0,-37.723549,176.334858,POINT(176.334858 -37.723549),Bay of Plenty Region,Tauranga City,"Bay of Plenty, Waiariki",Major urban area,Contributing,,State : Integrated,212,393,Open
847,Future School,2 Sanders Ave ,Takapuna,Auckland,740.0,-36.79117,174.77428,POINT(174.77428 -36.79117),Auckland Region,Devonport-Takapuna Local Board Area,Tāmaki Herenga Tāngata,Major urban area,Composite,,Private : Fully Registered,73,0,Open
854,Vanguard Military School,8 Rothwell Avenue ,Rosedale,Auckland,nan,-36.751681,174.698673,POINT(174.698673 -36.751681),Auckland Region,Upper Harbour Local Board Area,Tāmaki Herenga Tāngata,Major urban area,Secondary (Year 9-15),,State,163,494,Open
871,Te Rangihakahaka Centre for Science and Technology,Turipuku Campus ,,Rotorua,3046.0,-38.127419,176.23492,POINT(176.23492 -38.127419),Bay of Plenty Region,Rotorua District,"Bay of Plenty, Waiariki",Large urban area,Composite (Year 1-10),,State,104,513,Open
872,Te Kōpuku High,70 Foreman Road ,Te Rapa,Hamilton,3200.0,-37.755802,175.234796,POINT(175.234796 -37.755802),Waikato Region,Hamilton City,Waikato,Major urban area,Secondary (Year 7-15),,State,361,525,Open
873,Te Aratika Academy,314 State Highway 51 ,,Mangateretere,4148.0,-39.617538,176.892938,POINT(176.892938 -39.617538),Hawke's Bay Region,Hastings District,"Hawke's Bay, Tairāwhiti",Rural other,Secondary (Year 9-15),,State,52,566,Open
874,Pacific Advance Secondary School,42 Atkinson Avenue ,Otahuhu,Auckland,1062.0,-36.941886,174.844394,POINT(174.844394 -36.941886),Auckland Region,Māngere-Ōtāhuhu Local Board Area,Tāmaki Herenga Waka,Major urban area,Secondary (Year 9-15),,State,161,519,Open
876,South Auckland Middle School,198 Mahia Road ,Manurewa,Auckland,1546.0,-37.040239,174.88353,POINT(174.88353 -37.040239),Auckland Region,Manurewa Local Board Area,Tāmaki Herenga Waka,Major urban area,Restricted Composite (Year 7-10),,State,180,488,Open
877,Middle School West Auckland,289 Lincoln Road ,Henderson,Auckland,1546.0,-36.85409,174.631539,POINT(174.631539 -36.85409),Auckland Region,Henderson-Massey Local Board Area,Tāmaki Herenga Tāngata,Major urban area,Restricted Composite (Year 7-10),,State,135,526,Open
878,Te Wharekura o Ngāti Rongomai,25 Middleton Road ,Hannahs Bay,Rotorua,3040.0,-38.121026,176.306038,POINT(176.306038 -38.121026),Bay of Plenty Region,Rotorua District,"Bay of Plenty, Waiariki",Large urban area,Composite,,State,100,500,Open
879,Rise UP Academy,6C Court Town Close ,Mangere,Auckland,2153.0,-36.966938,174.80224,POINT(174.80224 -36.966938),Auckland Region,Māngere-Ōtāhuhu Local Board Area,Tāmaki Herenga Waka,Major urban area,Full Primary,,State,101,485,Open
880,Waatea School,31 Calthorp Close ,Favona,Auckland,2155.0,-36.961083,174.801896,POINT(174.801896 -36.961083),Auckland Region,Māngere-Ōtāhuhu Local Board Area,Tāmaki Herenga Waka,Major urban area,Full Primary,,State : Integrated,69,564,Open
881,Tūranga Tangata Rite,154 Kahutia Street ,,Gisborne,4010.0,-38.668323,178.022022,POINT(178.022022 -38.668323),Gisborne Region,Gisborne District,"Hawke's Bay, Tairāwhiti",Large urban area,Secondary (Year 9-15),,State : Integrated,27,569,Open
900,A1 Student School,10 Kotiri St ,St Heliers,Auckland,nan,-36.85197,174.85018,POINT(174.85018 -36.85197),Auckland Region,Ōrākei Local Board Area,Tāmaki Herenga Manawa,Major urban area,Composite,,Private : Fully Registered,25,0,Open
903,Ko Taku Reo - Deaf Education New Zealand,38 Truro Street ,Sumner,Christchurch,8840.0,-43.580312,172.75832,POINT(172.75832 -43.580312),Canterbury Region,Christchurch City,Tāmaki Herenga Tāngata,Major urban area,Specialist School,Sensory School,State,104,516,Open
904,Green School New Zealand,406 Koru Road ,Omata,New Plymouth,4374.0,-39.135823,173.999084,POINT(173.999084 -39.135823),Taranaki Region,New Plymouth District,"Taranaki, Whanganui, Manawatū",Rural other,Composite,,Private : Fully Registered,92,0,Open
921,Crimson Global Academy,Level 4 117-125 St Georges Bay Road,Parnell,Auckland,1052.0,-36.850781,174.78253,POINT(174.78253 -36.850781),Auckland Region,Waitematā Local Board Area,Tāmaki Herenga Manawa,Major urban area,Secondary (Year 9-15),,Private : Fully Registered,76,0,Open
932,Te Kura ā Iwi o Pawarenga,42 Te Riha Roadway ,Pawarenga,Broadwood,496.0,-35.337097,173.289595,POINT(173.289595 -35.337097),Northland Region,Far North District,Tai Tokerau,Rural other,Full Primary,,State,17,537,Open
941,Iqra School,7 Hugh Brown Drive ,New Lynn,Auckland,640.0,-36.907242,174.681328,POINT(174.681328 -36.907242),Auckland Region,Whau Local Board Area,Tāmaki Herenga Tāngata,Major urban area,Composite,,State : Integrated,224,409,Open
946,Motueka Steiner School,165 Robinson Road RD2 ,,Lower Moutere,7143.0,-41.15233,172.997548,POINT(172.997548 -41.15233),Tasman Region,Tasman District,"Nelson, Marlborough, West Coast",Rural other,Full Primary,,State : Integrated,85,434,Open
949,St Ignatius of Loyola Catholic College,485 Burtt Road ,,Drury,2113.0,-37.130581,174.930555,POINT(174.930555 -37.130581),Auckland Region,Franklin Local Board Area,Tāmaki Herenga Waka,Rural other,Secondary (Year 7-15),,State : Integrated,608,419,Open
956,Harvest Christian School,351 Waipapa Road ,,Kerikeri,230.0,-35.206448,173.92457,POINT(173.92457 -35.206448),Northland Region,Far North District,Tai Tokerau,Rural other,Full Primary,,State : Integrated,78,447,Open
958,Liger Leadership Academy,Unit 10 34 Grant Road,Frankton,Queenstown,9349.0,-45.012956,168.743175,POINT(168.743175 -45.012956),Otago Region,Queenstown-Lakes District,"Otago, Southland",Medium urban area,Composite,,Private : Fully Registered,34,0,Open
960,TKKM o Tūtūtarakihi,32 Wireless Road ,,Kaitaia,482.0,-35.087837,173.253842,POINT(173.253842 -35.087837),Northland Region,Far North District,Tai Tokerau,Rural other,Full Primary,,State,32,540,Open
961,Te Paepae o Aotea,13 Camberwell Road ,,Hāwera,4640.0,-39.584942,174.274761,POINT(174.274761 -39.584942),Taranaki Region,South Taranaki District,"Taranaki, Whanganui, Manawatū",Small urban area,Secondary (Year 7-15),,State,867,509,Open
962,Te Rau Horopito,5 Arbor Green Boulevard ,,Rolleston,7614.0,-43.623875,172.372565,POINT(172.372565 -43.623875),Canterbury Region,Selwyn District,"Canterbury, Chatham Islands",Medium urban area,Full Primary,,State,70,434,Open
1000,Ahipara School,Main Road ,,Ahipara,449.0,-35.171776,173.153602,POINT(173.153602 -35.171776),Northland Region,Far North District,Tai Tokerau,Rural other,Full Primary,,State,204,509,Open
1001,Aranga School,State Highway 12 ,Aranga,Dargaville,376.0,-35.738759,173.613785,POINT(173.613785 -35.738759),Northland Region,Kaipara District,Tai Tokerau,Rural other,Full Primary,,State,17,534,Open
1002,Arapohue School,3248 Mititai Road ,Arapohue,Dargaville,370.0,-36.007772,173.94475,POINT(173.94475 -36.007772),Northland Region,Kaipara District,Tai Tokerau,Rural other,Full Primary,,State,35,502,Open
1004,Awanui School,172 State Highway 1 ,,Awanui,451.0,-35.03969,173.254099,POINT(173.254099 -35.03969),Northland Region,Far North District,Tai Tokerau,Rural settlement,Contributing,,State,44,544,Open
1007,Blomfield Special School and Resource Ctre,31 Maunu Road ,,Whangarei,140.0,-35.730665,174.314314,POINT(174.314314 -35.730665),Northland Region,Whangarei District,Tai Tokerau,Large urban area,Specialist School,Day Specialist,State,182,518,Open
1008,Dargaville Intermediate,Charlotte Street ,,Dargaville,310.0,-35.933508,173.865467,POINT(173.865467 -35.933508),Northland Region,Kaipara District,Tai Tokerau,Small urban area,Intermediate,,State,169,514,Open
1009,Dargaville Primary School,Portland St ,,Dargaville,340.0,-35.939306,173.866881,POINT(173.866881 -35.939306),Northland Region,Kaipara District,Tai Tokerau,Small urban area,Contributing,,State,401,492,Open
1011,Glenbervie School,151 Ngunguru Road ,,Glenbervie,173.0,-35.675883,174.347871,POINT(174.347871 -35.675883),Northland Region,Whangarei District,Tai Tokerau,Rural other,Contributing,,State,225,437,Open
1013,Herekino School,2525 Kaitaia-Awaroa Road ,,Herekino,481.0,-35.263626,173.21125,POINT(173.21125 -35.263626),Northland Region,Far North District,Tai Tokerau,Rural other,Full Primary,,State,23,532,Open
1014,Hikurangi School,4 Swann Avenue ,,Hikurangi,150.0,-35.596131,174.287271,POINT(174.287271 -35.596131),Northland Region,Whangarei District,Tai Tokerau,Small urban area,Full Primary,,State,177,526,Open
1015,Hora Hora School (Te Mai),22 Te Mai Road ,Woodhill,Whangarei,110.0,-35.736034,174.308142,POINT(174.308142 -35.736034),Northland Region,Whangarei District,Tai Tokerau,Large urban area,Contributing,,State,314,534,Open
1016,Horeke School,Horeke Road ,,Okaihau,475.0,-35.360102,173.579692,POINT(173.579692 -35.360102),Northland Region,Far North District,Tai Tokerau,Rural other,Contributing,,State,29,565,Open
1017,Hukerenui School Years 1-8,9 Crows Nest Road ,,Whangarei,182.0,-35.520589,174.196639,POINT(174.196639 -35.520589),Northland Region,Whangarei District,Tai Tokerau,Rural other,Full Primary,,State,166,476,Open
1018,Hurupaki School,20 Dip Road ,Kamo,Whangarei,112.0,-35.687424,174.289272,POINT(174.289272 -35.687424),Northland Region,Whangarei District,Tai Tokerau,Large urban area,Contributing,,State,326,436,Open
1019,Kaeo School,State Highway 10 ,,Kaeo,448.0,-35.100819,173.788172,POINT(173.788172 -35.100819),Northland Region,Far North District,Tai Tokerau,Rural settlement,Contributing,,State,136,526,Open
1020,Kaihu Valley School,66 Maropiu Road ,,Dargaville,373.0,-35.799333,173.738754,POINT(173.738754 -35.799333),Northland Region,Kaipara District,Tai Tokerau,Rural other,Full Primary,,State,13,563,Open
1021,Kaikohe East School,36 Mangakahia Road ,,Kaikohe,405.0,-35.40926,173.806378,POINT(173.806378 -35.40926),Northland Region,Far North District,Tai Tokerau,Small urban area,Contributing,,State,244,549,Open
1022,Kaikohe Intermediate,11 Park Road ,,Kaikohe,440.0,-35.406625,173.79698,POINT(173.79698 -35.406625),Northland Region,Far North District,Tai Tokerau,Small urban area,Intermediate,,State,119,555,Open
1023,Kaikohe West School,Tawanui Road ,,Kaikohe,440.0,-35.407063,173.791741,POINT(173.791741 -35.407063),Northland Region,Far North District,Tai Tokerau,Small urban area,Contributing,,State,182,557,Open
1024,Kaingaroa School (Kaitaia),State Highway 10 ,Kaingaroa,Kaitaia,483.0,-35.024674,173.330695,POINT(173.330695 -35.024674),Northland Region,Far North District,Tai Tokerau,Rural other,Full Primary,,State,106,490,Open
1025,Kaitaia Intermediate,45 North Road ,,Kaitaia,410.0,-35.104335,173.258501,POINT(173.258501 -35.104335),Northland Region,Far North District,Tai Tokerau,Small urban area,Intermediate,,State,218,541,Open
1026,Kaitaia School,Church Road ,,Kaitaia,410.0,-35.116436,173.270974,POINT(173.270974 -35.116436),Northland Region,Far North District,Tai Tokerau,Small urban area,Contributing,,State,284,544,Open
1027,Kaiwaka School,33 Kaiwaka-Mangawhai Road ,,Kaiwaka,975.0,-36.160034,174.446412,POINT(174.446412 -36.160034),Northland Region,Kaipara District,Tai Tokerau,Rural settlement,Contributing,,State,133,482,Open
1028,Totara Grove School,38 Corks Road ,Kamo,Whangarei,112.0,-35.679487,174.315335,POINT(174.315335 -35.679487),Northland Region,Whangarei District,Tai Tokerau,Large urban area,Contributing,,State,278,530,Open
1029,Te Kamo Intermediate School,Hailes Road ,Kamo,Whangarei,112.0,-35.687981,174.305611,POINT(174.305611 -35.687981),Northland Region,Whangarei District,Tai Tokerau,Large urban area,Intermediate,,State,618,482,Open
1030,Te Kamo School,Three Mile Bush Road ,Kamo,Whangarei,112.0,-35.68369,174.297331,POINT(174.297331 -35.68369),Northland Region,Whangarei District,Tai Tokerau,Large urban area,Contributing,,State,403,467,Open
1031,Karetu School,40 Kura Road ,,Kawakawa,283.0,-35.373793,174.152407,POINT(174.152407 -35.373793),Northland Region,Far North District,Tai Tokerau,Rural other,Full Primary,,State,80,497,Open
1032,Kaurihohore School,71 Apotu Road ,,Kauri,185.0,-35.643104,174.289052,POINT(174.289052 -35.643104),Northland Region,Whangarei District,Tai Tokerau,Rural other,Contributing,,State,180,439,Open
1033,Kawakawa Primary School,31-39 Albert Street ,,Kawakawa,210.0,-35.383222,174.066193,POINT(174.066193 -35.383222),Northland Region,Far North District,Tai Tokerau,Small urban area,Full Primary,,State,236,531,Open
1034,Kerikeri Primary School,Hone Heke Road ,,Kerikeri,245.0,-35.228343,173.956451,POINT(173.956451 -35.228343),Northland Region,Far North District,Tai Tokerau,Small urban area,Contributing,,State,511,462,Open
1035,Kohukohu School,Beach Road ,,Kohukohu,453.0,-35.359777,173.544154,POINT(173.544154 -35.359777),Northland Region,Far North District,Tai Tokerau,Rural settlement,Full Primary,,State,24,543,Open
1036,Kokopu School,921 Kokopu Road ,,Whangarei,179.0,-35.707274,174.13964,POINT(174.13964 -35.707274),Northland Region,Whangarei District,Tai Tokerau,Rural other,Full Primary,,State,123,461,Open
1037,Mangamuka School,Mangamuka School Road ,Mangamuka,Okaihau,476.0,-35.213724,173.538868,POINT(173.538868 -35.213724),Northland Region,Far North District,Tai Tokerau,Rural other,Contributing,,State,12,556,Open
1038,Mangawhai Beach School,34 Insley Street ,,Mangawhai,505.0,-36.128844,174.57708,POINT(174.57708 -36.128844),Northland Region,Kaipara District,Tai Tokerau,Small urban area,Full Primary,,State,710,430,Open
1039,Mangonui School,Colonel Mould Drive ,,Mangonui,442.0,-34.990484,173.534413,POINT(173.534413 -34.990484),Northland Region,Far North District,Tai Tokerau,Rural settlement,Contributing,,State,161,495,Open
1042,Matakohe School,117 Matakohe East Road ,,Matakohe,593.0,-36.132836,174.179918,POINT(174.179918 -36.132836),Northland Region,Kaipara District,Tai Tokerau,Rural other,Full Primary,,State,35,515,Open
1043,Matarau School,124 Matarau Road ,Kamo,Whangarei,185.0,-35.657809,174.222013,POINT(174.222013 -35.657809),Northland Region,Whangarei District,Tai Tokerau,Rural other,Full Primary,,State,280,440,Open
1044,Matauri Bay School,Whakarara Road ,,Matauri Bay,478.0,-35.043138,173.896267,POINT(173.896267 -35.043138),Northland Region,Far North District,Tai Tokerau,Rural settlement,Contributing,,State,43,549,Open
1046,Te Kura o Mātihetihe,West Coast Road ,,Kohukohu,492.0,-35.436425,173.283651,POINT(173.283651 -35.436425),Northland Region,Far North District,Tai Tokerau,Rural other,Composite,,State,22,552,Open
1047,Maungakaramea School,Tangihua Road ,,Maungakaramea,146.0,-35.844115,174.202609,POINT(174.202609 -35.844115),Northland Region,Whangarei District,Tai Tokerau,Rural settlement,Full Primary,,State,121,438,Open
1048,Maungatapere School,Mangakahia Road ,,Maungatapere,152.0,-35.755372,174.205703,POINT(174.205703 -35.755372),Northland Region,Whangarei District,Tai Tokerau,Rural settlement,Full Primary,,State,306,430,Open
1049,Maungaturoto School,Gorge Road ,,Maungaturoto,520.0,-36.109601,174.352788,POINT(174.352788 -36.109601),Northland Region,Kaipara District,Tai Tokerau,Rural settlement,Contributing,,State,195,477,Open
1050,Maunu School,13 Austin Road ,Maunu,Whangarei,110.0,-35.744983,174.272415,POINT(174.272415 -35.744983),Northland Region,Whangarei District,Tai Tokerau,Large urban area,Contributing,,State,311,409,Open
1052,Morningside School,Morningside Road ,,Whangarei,110.0,-35.734761,174.322127,POINT(174.322127 -35.734761),Northland Region,Whangarei District,Tai Tokerau,Large urban area,Contributing,,State,315,490,Open
1053,Motatau School,18 Henare Road ,,Motatau,281.0,-35.495902,174.034799,POINT(174.034799 -35.495902),Northland Region,Far North District,Tai Tokerau,Rural other,Full Primary,,State,62,539,Open
1055,Ngataki School,5265 Far North Road ,Ngataki,Kaitaia,484.0,-34.744411,173.046222,POINT(173.046222 -34.744411),Northland Region,Far North District,Tai Tokerau,Rural other,Composite (Year 1-10),,State,65,551,Open
1056,Ngunguru School,Te Maika Road ,,Ngunguru,173.0,-35.62659,174.512273,POINT(174.512273 -35.62659),Northland Region,Whangarei District,Tai Tokerau,Small urban area,Full Primary,,State,233,427,Open
1058,Ohaeawai School,22 Tennyson Street ,Ohaeawai,Kaikohe,472.0,-35.35262,173.883892,POINT(173.883892 -35.35262),Northland Region,Far North District,Tai Tokerau,Rural settlement,Contributing,,State,153,491,Open
1059,Okaihau Primary School,77 Settlers Way ,,Okaihau,475.0,-35.323742,173.764381,POINT(173.764381 -35.323742),Northland Region,Far North District,Tai Tokerau,Rural settlement,Contributing,,State,134,510,Open
1060,Te Kura o Ōmanaia,Omanaia Road ,Omanaia,Kaikohe,473.0,-35.456578,173.524334,POINT(173.524334 -35.456578),Northland Region,Far North District,Tai Tokerau,Rural other,Full Primary,,State,67,529,Open
1061,One Tree Point School,97 One Tree Point Road ,,One Tree Point,118.0,-35.831251,174.464105,POINT(174.464105 -35.831251),Northland Region,Whangarei District,Tai Tokerau,Small urban area,Contributing,,State,249,441,Open
1062,Onerahi School,Church Street ,Onerahi,Whangarei,110.0,-35.758065,174.367387,POINT(174.367387 -35.758065),Northland Region,Whangarei District,Tai Tokerau,Large urban area,Contributing,,State,403,489,Open
1063,Opua School,2 Franklin Street ,,Opua,200.0,-35.314587,174.11777,POINT(174.11777 -35.314587),Northland Region,Far North District,Tai Tokerau,Small urban area,Full Primary,,State,97,447,Open
1065,Oromahoe School,Oromahoe School Road ,Oromahoe,Kaikohe,472.0,-35.318809,173.972248,POINT(173.972248 -35.318809),Northland Region,Far North District,Tai Tokerau,Rural other,Full Primary,,State,166,450,Open
1066,Oruaiti School,2554 State Highway 10 ,Oruaiti,Mangonui,494.0,-35.003367,173.588927,POINT(173.588927 -35.003367),Northland Region,Far North District,Tai Tokerau,Rural other,Full Primary,,State,162,467,Open
1068,Otaika Valley School,11 Valley View Road ,Otaika Valley,Whangarei,170.0,-35.787003,174.300066,POINT(174.300066 -35.787003),Northland Region,Whangarei District,Tai Tokerau,Rural other,Full Primary,,State,163,470,Open
1069,Te Kura O Otangarei,William Jones Drive ,Otangarei,Whangarei,145.0,-35.695145,174.320624,POINT(174.320624 -35.695145),Northland Region,Whangarei District,Tai Tokerau,Large urban area,Full Primary,,State,90,569,Open
1071,Oturu School,Donald Road ,,Kaitaia,482.0,-35.09327,173.285688,POINT(173.285688 -35.09327),Northland Region,Far North District,Tai Tokerau,Rural other,Full Primary,,State,119,569,Open
1072,Paihia School,School Road ,,Paihia,200.0,-35.283576,174.090494,POINT(174.090494 -35.283576),Northland Region,Far North District,Tai Tokerau,Small urban area,Full Primary,,State,148,497,Open
1073,Pakaraka School,18 State Highway 10 ,Pakaraka,Kaikohe,472.0,-35.35626,173.957843,POINT(173.957843 -35.35626),Northland Region,Far North District,Tai Tokerau,Rural other,Full Primary,,State,66,521,Open
1074,Pakiri School,4 Bathgate Road ,Pakiri,Wellsford,972.0,-36.264923,174.727024,POINT(174.727024 -36.264923),Auckland Region,Rodney Local Board Area,Tāmaki Herenga Tāngata,Rural other,Full Primary,,State,8,486,Open
1075,Pakotai School,Mangakahia Road ,,Whangarei,172.0,-35.688408,173.900725,POINT(173.900725 -35.688408),Northland Region,Whangarei District,Tai Tokerau,Rural other,Full Primary,,State,23,562,Open
1076,Pamapuria School,State Highway 1 ,Pamapuria,Kaitaia,482.0,-35.132798,173.351826,POINT(173.351826 -35.132798),Northland Region,Far North District,Tai Tokerau,Rural other,Full Primary,,State,99,546,Open
1077,Paparoa School,14 Franklin Road ,,Paparoa,543.0,-36.099534,174.233448,POINT(174.233448 -36.099534),Northland Region,Kaipara District,Tai Tokerau,Rural settlement,Contributing,,State,44,468,Open
1078,Paparore School,157 West Coast Road ,,Awanui,486.0,-35.027928,173.202855,POINT(173.202855 -35.027928),Northland Region,Far North District,Tai Tokerau,Rural other,Contributing,,State,163,483,Open
1080,Parua Bay School,1396 Whangarei Heads Road ,Parua Bay,Whangarei,174.0,-35.769841,174.479467,POINT(174.479467 -35.769841),Northland Region,Whangarei District,Tai Tokerau,Rural settlement,Full Primary,,State,291,432,Open
1081,Peria School,1430 Oruru Road ,,Kaitaia,482.0,-35.098683,173.487626,POINT(173.487626 -35.098683),Northland Region,Far North District,Tai Tokerau,Rural other,Full Primary,,State,68,498,Open
1082,Pompallier Catholic School,23 Dominion Road ,,Kaitaia,410.0,-35.114878,173.26084,POINT(173.26084 -35.114878),Northland Region,Far North District,Tai Tokerau,Small urban area,Full Primary,,State : Integrated,161,462,Open
1083,Poroti School,673 Mangakahia Road ,Poroti,Whangarei,179.0,-35.739143,174.139016,POINT(174.139016 -35.739143),Northland Region,Whangarei District,Tai Tokerau,Rural other,Full Primary,,State,40,501,Open
1084,Portland School Te Kura o Tikorangi,10 Portland School Road ,,Whangarei,178.0,-35.798856,174.326546,POINT(174.326546 -35.798856),Northland Region,Whangarei District,Tai Tokerau,Rural other,Contributing,,State,105,515,Open
1085,Pouto School,11 Opuna Road ,,Te Kopuru,391.0,-36.28565,174.101868,POINT(174.101868 -36.28565),Northland Region,Kaipara District,Tai Tokerau,Rural other,Full Primary,,State,12,521,Open
1086,Pukenui School (Kaitaia),35 Lamb Road ,,Pukenui,484.0,-34.817188,173.116469,POINT(173.116469 -34.817188),Northland Region,Far North District,Tai Tokerau,Rural settlement,Full Primary,,State,102,484,Open
1087,Pukepoto School,Awaroa Road ,,Pukepoto,481.0,-35.159075,173.213725,POINT(173.213725 -35.159075),Northland Region,Far North District,Tai Tokerau,Rural other,Contributing,,State,26,560,Open
1089,Purua School,20 Irvine Road ,Purua,Whangarei,176.0,-35.632312,174.108323,POINT(174.108323 -35.632312),Northland Region,Whangarei District,Tai Tokerau,Rural other,Full Primary,,State,31,513,Open
1092,Raurimu Avenue School,Raurimu Avenue ,Onerahi,Whangarei,110.0,-35.763896,174.362661,POINT(174.362661 -35.763896),Northland Region,Whangarei District,Tai Tokerau,Large urban area,Full Primary,,State,42,569,Open
1093,Rawene School,Marmon Street ,,Rawene,443.0,-35.403696,173.506254,POINT(173.506254 -35.403696),Northland Region,Far North District,Tai Tokerau,Rural settlement,Full Primary,,State,67,523,Open
1094,Ruakākā School,12 Sandford Road ,,Ruakaka,171.0,-35.89824,174.440861,POINT(174.440861 -35.89824),Northland Region,Whangarei District,Tai Tokerau,Rural other,Contributing,,State,297,485,Open
1095,Ruawai Primary School,4376 State Highway 12 ,,Ruawai,530.0,-36.121583,174.011042,POINT(174.011042 -36.121583),Northland Region,Kaipara District,Tai Tokerau,Rural other,Contributing,,State,96,501,Open
1096,Russell School (Bay Of Islands),8 Baker Street ,,Russell,202.0,-35.262172,174.123766,POINT(174.123766 -35.262172),Northland Region,Far North District,Tai Tokerau,Rural settlement,Full Primary,,State,64,465,Open
1097,Selwyn Park School,38 Onslow Street ,,Dargaville,310.0,-35.932934,173.875985,POINT(173.875985 -35.932934),Northland Region,Kaipara District,Tai Tokerau,Small urban area,Contributing,,State,143,542,Open
1098,St Joseph's Catholic School (Dargaville),Charlotte Street ,,Dargaville,340.0,-35.935344,173.862788,POINT(173.862788 -35.935344),Northland Region,Kaipara District,Tai Tokerau,Small urban area,Full Primary,,State : Integrated,96,484,Open
1100,Te Kura o Hato Hohepa Te Kamura,State Highway 10 ,,Kaeo,479.0,-35.070013,173.712928,POINT(173.712928 -35.070013),Northland Region,Far North District,Tai Tokerau,Rural other,Full Primary,,State : Integrated,3,543,Open
1104,Tangiteroria School,3069 State Highway 14 ,,Tangiteroria,381.0,-35.821654,174.048431,POINT(174.048431 -35.821654),Northland Region,Kaipara District,Tai Tokerau,Rural other,Full Primary,,State,34,485,Open
1105,Tangowahine School,Tangowahine Valley Road ,Tangowahine,Dargaville,372.0,-35.865281,173.934923,POINT(173.934923 -35.865281),Northland Region,Kaipara District,Tai Tokerau,Rural other,Full Primary,,State,13,513,Open
1106,Tapora School,1 Okahukura Road ,,Tapora,977.0,-36.351256,174.302849,POINT(174.302849 -36.351256),Auckland Region,Rodney Local Board Area,Tāmaki Herenga Tāngata,Rural other,Full Primary,,State,21,441,Open
1107,Tauhoa School,Naumai Road ,Tauhoa,Warkworth,984.0,-36.378084,174.452893,POINT(174.452893 -36.378084),Auckland Region,Rodney Local Board Area,Tāmaki Herenga Tāngata,Rural other,Full Primary,,State,61,497,Open
1109,Te Hapua School,14 Waharua Road ,Te Hapua,Kaitaia,484.0,-34.517654,172.909436,POINT(172.909436 -34.517654),Northland Region,Far North District,Tai Tokerau,Rural other,Full Primary,,State,13,550,Open
1110,Te Horo School (Whangarei),3239 Pipiwai Road ,,Whangarei,176.0,-35.620325,174.017985,POINT(174.017985 -35.620325),Northland Region,Whangarei District,Tai Tokerau,Rural other,Full Primary,,State,44,562,Open
1111,Te Kopuru School,Norton Street ,,Te Kopuru,341.0,-36.029759,173.922792,POINT(173.922792 -36.029759),Northland Region,Kaipara District,Tai Tokerau,Rural settlement,Full Primary,,State,85,519,Open
1112,Te Takarangi,935 Purerua Road ,,Purerua,294.0,-35.138784,173.996339,POINT(173.996339 -35.138784),Northland Region,Far North District,Tai Tokerau,Rural other,Full Primary,,State,57,486,Open
1113,Tikipunga Primary School,Tania Place ,Tikipunga,Whangarei,112.0,-35.685964,174.324242,POINT(174.324242 -35.685964),Northland Region,Whangarei District,Tai Tokerau,Large urban area,Contributing,,State,337,548,Open
1114,Tinopai School,1913 Tinopai Road ,,Matakohe,593.0,-36.247162,174.245318,POINT(174.245318 -36.247162),Northland Region,Kaipara District,Tai Tokerau,Rural other,Full Primary,,State,19,534,Open
1115,Tomarata School,8 Pakiri Block Road ,,Wellsford,974.0,-36.231302,174.633729,POINT(174.633729 -36.231302),Auckland Region,Rodney Local Board Area,Tāmaki Herenga Tāngata,Rural other,Full Primary,,State,96,468,Open
1116,Totara North School,32 Totara School Road ,,Totara North,479.0,-35.038968,173.712486,POINT(173.712486 -35.038968),Northland Region,Far North District,Tai Tokerau,Rural other,Contributing,,State,19,487,Open
1119,Umawera School,State Highway 1 ,,Umawera,476.0,-35.285067,173.574373,POINT(173.574373 -35.285067),Northland Region,Far North District,Tai Tokerau,Rural other,Contributing,,State,28,502,Open
1120,Te Kura o Waihārara,8 Katavich Road ,Waiharara,Northland,484.0,-34.934849,173.185822,POINT(173.185822 -34.934849),Northland Region,Far North District,Tai Tokerau,Rural other,Full Primary,,State,17,561,Open
1122,Waima School,Main Road ,,Kaikohe,473.0,-35.48925,173.58652,POINT(173.58652 -35.48925),Northland Region,Far North District,Tai Tokerau,Rural other,Full Primary,,State,46,552,Open
1124,Waiotira School,Ararua Road ,Waiotira,Northland,193.0,-35.938725,174.198942,POINT(174.198942 -35.938725),Northland Region,Whangarei District,Tai Tokerau,Rural other,Contributing,,State,28,465,Open
1125,Waipu School,6 Argyle Street ,,Waipu,510.0,-35.987835,174.443368,POINT(174.443368 -35.987835),Northland Region,Whangarei District,Tai Tokerau,Small urban area,Contributing,,State,246,438,Open
1126,Wellsford School,47 School Road ,,Wellsford,900.0,-36.284045,174.515608,POINT(174.515608 -36.284045),Auckland Region,Rodney Local Board Area,Tāmaki Herenga Tāngata,Small urban area,Full Primary,,State,306,484,Open
1127,Whananaki School,Whananaki North Road ,,Whananaki,536.0,-35.514436,174.454687,POINT(174.454687 -35.514436),Northland Region,Whangarei District,Tai Tokerau,Rural other,Full Primary,,State,51,523,Open
1128,Whangarei Heads School,28 Whangarei Heads School Road ,,Whangarei Heads,174.0,-35.822317,174.516025,POINT(174.516025 -35.822317),Northland Region,Whangarei District,Tai Tokerau,Rural settlement,Full Primary,,State,142,408,Open
1129,Whangarei Intermediate,32 Rust Avenue ,,Whangarei,112.0,-35.722292,174.316797,POINT(174.316797 -35.722292),Northland Region,Whangarei District,Tai Tokerau,Large urban area,Intermediate,,State,530,506,Open
1130,Whangarei School,155 Bank Street ,,Whangarei,110.0,-35.717559,174.3218,POINT(174.3218 -35.717559),Northland Region,Whangarei District,Tai Tokerau,Large urban area,Contributing,,State,473,464,Open
1131,Whau Valley School,17 Moody Avenue ,Whau Valley,Whangarei,112.0,-35.700434,174.314857,POINT(174.314857 -35.700434),Northland Region,Whangarei District,Tai Tokerau,Large urban area,Contributing,,State,314,537,Open
1138,Renew School,2 Tarewa Road ,Morningside,Whangarei,148.0,-35.730346,174.316496,POINT(174.316496 -35.730346),Northland Region,Whangarei District,Tai Tokerau,Large urban area,Composite,,State : Integrated,194,461,Open
1139,Lake Taupo Christian School,42 Kiddle Drive ,,Taupo,3330.0,-38.697054,176.101668,POINT(176.101668 -38.697054),Waikato Region,Taupo District,"Bay of Plenty, Waiariki",Medium urban area,Composite,,State : Integrated,138,464,Open
1142,TKKM o Takapau,49 Charlotte Street ,,Takapau,4203.0,-40.025569,176.349137,POINT(176.349137 -40.025569),Hawke's Bay Region,Central Hawke's Bay District,"Hawke's Bay, Tairāwhiti",Rural settlement,Full Primary,,State,39,549,Open
1143,TKKM o Nga Mokopuna,4 Falkirk Avenue ,Seatoun,Wellington,6022.0,-41.320703,174.831726,POINT(174.831726 -41.320703),Wellington Region,Wellington City,Wellington,Major urban area,Composite,,State,176,459,Open
1147,Te Rangi Aniwaniwa,332 Quarry Road ,,Awanui,482.0,-35.070132,173.289687,POINT(173.289687 -35.070132),Northland Region,Far North District,Tai Tokerau,Rural other,Composite,,State,180,519,Open
1148,Nelson Christian Academy,100 Marsden Valley Road ,Stoke,Nelson,7011.0,-41.31628,173.244053,POINT(173.244053 -41.31628),Nelson Region,Nelson City,"Nelson, Marlborough, West Coast",Large urban area,Full Primary,,State : Integrated,315,449,Open
1149,Sonrise Christian School,138 Potae Avenue ,,Gisborne,4010.0,-38.641969,177.992676,POINT(177.992676 -38.641969),Gisborne Region,Gisborne District,"Hawke's Bay, Tairāwhiti",Large urban area,Composite,,State : Integrated,143,480,Open
1151,TKKM o Te Puaha o Waikato,Stack Road ,,Port Waikato,2695.0,-37.392886,174.724639,POINT(174.724639 -37.392886),Waikato Region,Waikato District,Waikato,Rural settlement,Full Primary,,State,51,540,Open
1153,TKKM o Te Koutu,41 Russell Road ,Rotorua Central,Rotorua,3040.0,-38.119256,176.234359,POINT(176.234359 -38.119256),Bay of Plenty Region,Rotorua District,"Bay of Plenty, Waiariki",Large urban area,Composite,,State,382,485,Open
1154,TKKM o Te Rawhiti Roa,42 Vinegar Hill Road ,Tikipunga,Whangarei,144.0,-35.677213,174.326641,POINT(174.326641 -35.677213),Northland Region,Whangarei District,Tai Tokerau,Large urban area,Composite,,State,188,535,Open
1156,Horizon School,410 Mahurangi East Road ,,Snells Beach,920.0,-36.427977,174.731165,POINT(174.731165 -36.427977),Auckland Region,Rodney Local Board Area,Tāmaki Herenga Tāngata,Small urban area,Composite,,State : Integrated,206,435,Open
1164,Everglade School,64 Everglade Drive ,Manukau Central,Auckland,2105.0,-36.997085,174.895434,POINT(174.895434 -36.997085),Auckland Region,Manurewa Local Board Area,Tāmaki Herenga Waka,Major urban area,Contributing,,State,462,424,Open
1165,TKKM o Ruamata,1005 Te Ngae Road ,Rotokawa,Rotorua,3040.0,-38.095665,176.322678,POINT(176.322678 -38.095665),Bay of Plenty Region,Rotorua District,"Bay of Plenty, Waiariki",Rural other,Composite,,State,282,494,Open
1167,Wanaka Primary School,7 Ironside Drive ,,Wanaka,9305.0,-44.683945,169.136735,POINT(169.136735 -44.683945),Otago Region,Queenstown-Lakes District,"Otago, Southland",Medium urban area,Contributing,,State,502,393,Open
1168,Emmanuel Christian School,322A Sawyers Arms Road ,Bishopdale,Christchurch,8053.0,-43.478668,172.588279,POINT(172.588279 -43.478668),Canterbury Region,Christchurch City,"Canterbury, Chatham Islands",Major urban area,Composite (Year 1-10),,State : Integrated,287,409,Open
1169,Paeroa Christian School,38 Coronation Street ,,Paeroa,3640.0,-37.366647,175.664909,POINT(175.664909 -37.366647),Waikato Region,Hauraki District,Waikato,Small urban area,Full Primary,,State : Integrated,52,459,Open
1170,Whakatane S D A School,57A James Street ,Kopeopeo,Whakatane,3120.0,-37.96151,176.975389,POINT(176.975389 -37.96151),Bay of Plenty Region,Whakatane District,"Bay of Plenty, Waiariki",Medium urban area,Full Primary,,State : Integrated,52,470,Open
1172,Cornerstone Christian School,119 Mihaere Drive ,Kelvin Grove,Palmerston North,4414.0,-40.331,175.650623,POINT(175.650623 -40.331),Manawatū-Whanganui Region,Palmerston North City,"Taranaki, Whanganui, Manawatū",Large urban area,Composite,,State : Integrated,603,417,Open
1175,Kaikohe Christian School,52 Mangakahia Road ,,Kaikohe,440.0,-35.411304,173.806566,POINT(173.806566 -35.411304),Northland Region,Far North District,Tai Tokerau,Small urban area,Composite,,State : Integrated,154,516,Open
1177,Te Huruhi School,7 Donald Bruce Road ,Surfdale,Waiheke Island,1081.0,-36.800746,175.028103,POINT(175.028103 -36.800746),Auckland Region,Waiheke Local Board Area,Tāmaki Herenga Manawa,Small urban area,Contributing,,State,239,423,Open
1178,Tasman Bay Christian School,6 Williams Road ,,Tasman,7173.0,-41.195405,173.055609,POINT(173.055609 -41.195405),Tasman Region,Tasman District,"Nelson, Marlborough, West Coast",Rural other,Full Primary,,State : Integrated,47,456,Open
1179,Maranatha Christian School,180 Hill Road ,Belmont,Lower Hutt,5040.0,-41.182642,174.913914,POINT(174.913914 -41.182642),Wellington Region,Lower Hutt City,Wellington,Rural other,Full Primary,,State : Integrated,156,403,Open
1184,Hāwera Christian School,2 Manawapou Road ,,Hāwera,4640.0,-39.595129,174.275137,POINT(174.275137 -39.595129),Taranaki Region,South Taranaki District,"Taranaki, Whanganui, Manawatū",Small urban area,Full Primary,,State : Integrated,50,470,Open
1185,Matahui School,117 Matahui Road ,,Katikati,3181.0,-37.598693,175.947272,POINT(175.947272 -37.598693),Bay of Plenty Region,Western Bay of Plenty District,"Bay of Plenty, Waiariki",Rural other,Full Primary,,Private : Fully Registered,50,0,Open
1186,Matamata Christian School,91A Smith Street ,,Matamata,3400.0,-37.816167,175.762633,POINT(175.762633 -37.816167),Waikato Region,Matamata-Piako District,Waikato,Small urban area,Composite,,State : Integrated,140,425,Open
1187,Tauranga Waldorf School,364 Welcome Bay Road ,Welcome Bay,Tauranga,3140.0,-37.728787,176.205671,POINT(176.205671 -37.728787),Bay of Plenty Region,Tauranga City,"Bay of Plenty, Waiariki",Major urban area,Full Primary,,State : Integrated,203,413,Open
1189,Wā Ora Montessori,278 Waddington Drive ,Naenae,Lower Hutt,5011.0,-41.201665,174.962095,POINT(174.962095 -41.201665),Wellington Region,Lower Hutt City,Wellington,Major urban area,Composite,,State : Integrated,257,396,Open
1190,Elim Christian College,159 Botany Road ,Howick South,Auckland,2163.0,-36.913922,174.915749,POINT(174.915749 -36.913922),Auckland Region,Howick Local Board Area,Tāmaki Herenga Manawa,Major urban area,Composite,,State : Integrated,1071,379,Open
1192,Dunedin Rudolf Steiner School,1 Fern Road ,Maia,Dunedin,9022.0,-45.859004,170.565766,POINT(170.565766 -45.859004),Otago Region,Dunedin City,"Otago, Southland",Major urban area,Full Primary,,State : Integrated,76,418,Open
1194,Red Beach School,20 Albert Hall Drive ,,Red Beach,932.0,-36.60918,174.701332,POINT(174.701332 -36.60918),Auckland Region,Hibiscus and Bays Local Board Area,Tāmaki Herenga Tāngata,Large urban area,Contributing,,State,466,409,Open
1195,Adventure School,18 Longitude Place ,Whitby,Porirua,5024.0,-41.120037,174.890084,POINT(174.890084 -41.120037),Wellington Region,Porirua City,Wellington,Large urban area,Full Primary,,State,462,389,Open
1200,Ahuroa School,1349 Ahuroa Road ,,Ahuroa,981.0,-36.473168,174.553401,POINT(174.553401 -36.473168),Auckland Region,Rodney Local Board Area,Tāmaki Herenga Tāngata,Rural other,Full Primary,,State,51,455,Open
1201,Aka Aka School,809 Aka Aka Main Road ,Aka Aka,Waiuku,2682.0,-37.283231,174.803977,POINT(174.803977 -37.283231),Waikato Region,Waikato District,Tāmaki Herenga Waka,Rural other,Full Primary,,State,46,488,Open
1202,Albany School,6 Bass Road ,Albany,Auckland,632.0,-36.736702,174.690624,POINT(174.690624 -36.736702),Auckland Region,Upper Harbour Local Board Area,Tāmaki Herenga Tāngata,Major urban area,Contributing,,State,642,378,Open
1203,Alfriston School,1373 Alfriston Road ,Manurewa,Auckland,2576.0,-37.016728,174.940054,POINT(174.940054 -37.016728),Auckland Region,Franklin Local Board Area,Tāmaki Herenga Waka,Rural other,Full Primary,,State,374,396,Open
1204,Anchorage Park School,Swan Crescent ,Pakuranga,Auckland,2010.0,-36.919697,174.867013,POINT(174.867013 -36.919697),Auckland Region,Howick Local Board Area,Tāmaki Herenga Manawa,Major urban area,Contributing,,State,122,442,Open
1206,Arahoe School,11 Arahoe Road ,New Lynn,Waitakere,600.0,-36.922866,174.674452,POINT(174.674452 -36.922866),Auckland Region,Whau Local Board Area,Tāmaki Herenga Tāngata,Major urban area,Contributing,,State,415,385,Open
1207,Ararimu School,7 Steel Road ,,Drury,2579.0,-37.140652,175.037192,POINT(175.037192 -37.140652),Auckland Region,Franklin Local Board Area,Tāmaki Herenga Waka,Rural other,Full Primary,,State,104,400,Open
1208,Ardmore School,Clevedon Road ,,Papakura,2582.0,-37.033892,174.999905,POINT(174.999905 -37.033892),Auckland Region,Franklin Local Board Area,Tāmaki Herenga Waka,Rural other,Full Primary,,State,343,415,Open
1209,Arohanui Special School,Tirimoana Road ,Te Atatu,Auckland,602.0,-36.881324,174.652675,POINT(174.652675 -36.881324),Auckland Region,Henderson-Massey Local Board Area,Tāmaki Herenga Tāngata,Major urban area,Specialist School,Day Specialist,State,277,479,Open
1210,Northern Health School,Level 1 60 Khyber Pass Road,Grafton,Auckland,1149.0,-36.864132,174.762424,POINT(174.762424 -36.864132),Auckland Region,Waitematā Local Board Area,Tāmaki Herenga Manawa,Major urban area,Specialist School,Regional Health School,State,6,569,Open
1211,Auckland Normal Intermediate,Poronui Street ,Mount Eden,Auckland,1024.0,-36.885383,174.765702,POINT(174.765702 -36.885383),Auckland Region,Albert-Eden Local Board Area,Tāmaki Herenga Manawa,Major urban area,Intermediate,,State,700,370,Open
1212,Avondale Intermediate,Holly Street ,Avondale,Auckland,1026.0,-36.890869,174.692917,POINT(174.692917 -36.890869),Auckland Region,Whau Local Board Area,Tāmaki Herenga Manawa,Major urban area,Intermediate,,State,381,474,Open
1213,Avondale Primary School (Auckland),4 Crayford Street West ,Avondale,Auckland,1026.0,-36.896286,174.698538,POINT(174.698538 -36.896286),Auckland Region,Whau Local Board Area,Tāmaki Herenga Manawa,Major urban area,Contributing,,State,367,444,Open
1214,Awhitu District School,14 Matakawau Road ,Matakawau,Waiuku,2684.0,-37.113261,174.616355,POINT(174.616355 -37.113261),Auckland Region,Franklin Local Board Area,Tāmaki Herenga Waka,Rural other,Full Primary,,State,108,472,Open
1215,Sir Douglas Bader Intermediate School,Court Town Close ,Mangere,Auckland,2022.0,-36.967322,174.801426,POINT(174.801426 -36.967322),Auckland Region,Māngere-Ōtāhuhu Local Board Area,Tāmaki Herenga Waka,Major urban area,Intermediate,,State,288,514,Open
1216,Bailey Road School,19 Bailey Road ,Mount Wellington,Auckland,1060.0,-36.909115,174.827157,POINT(174.827157 -36.909115),Auckland Region,Maungakiekie-Tāmaki Local Board Area,Tāmaki Herenga Manawa,Major urban area,Full Primary,,State,302,488,Open
1217,Sir Edmund Hillary Collegiate Middle School,2 Franklyne Road ,Otara,Auckland,2159.0,-36.950392,174.878555,POINT(174.878555 -36.950392),Auckland Region,Ōtara-Papatoetoe Local Board Area,Tāmaki Herenga Waka,Major urban area,Intermediate,,State,317,523,Open
1218,Bairds Mainfreight Primary School,Edward Avenue ,Otara,Auckland,2023.0,-36.959509,174.86696,POINT(174.86696 -36.959509),Auckland Region,Ōtara-Papatoetoe Local Board Area,Tāmaki Herenga Waka,Major urban area,Contributing,,State,331,511,Open
1219,Balmoral School (Auckland),19 Brixton Road ,Mount Eden,Auckland,1024.0,-36.884573,174.745822,POINT(174.745822 -36.884573),Auckland Region,Albert-Eden Local Board Area,Tāmaki Herenga Manawa,Major urban area,Full Primary,,State,769,366,Open
1220,Bayfield School,2-12 Clifton Road ,Herne Bay,Auckland,1011.0,-36.847738,174.731367,POINT(174.731367 -36.847738),Auckland Region,Waitematā Local Board Area,Tāmaki Herenga Manawa,Major urban area,Contributing,,State,364,356,Open
1221,Bayswater School,181 Bayswater Avenue ,Bayswater-Auckland,Auckland,622.0,-36.809716,174.787647,POINT(174.787647 -36.809716),Auckland Region,Devonport-Takapuna Local Board Area,Tāmaki Herenga Tāngata,Major urban area,Contributing,,State,116,420,Open
1222,Bayview School,Bayview Road ,Glenfield,Auckland,629.0,-36.772258,174.706554,POINT(174.706554 -36.772258),Auckland Region,Kaipātiki Local Board Area,Tāmaki Herenga Tāngata,Major urban area,Contributing,,State,385,404,Open
1223,Beach Haven School,Tramway Road ,Beach Haven,Auckland,626.0,-36.7939,174.691075,POINT(174.691075 -36.7939),Auckland Region,Kaipātiki Local Board Area,Tāmaki Herenga Tāngata,Major urban area,Contributing,,State,420,434,Open
1224,Beachlands School,18 Bell Road ,Beachlands,Auckland,2018.0,-36.884661,174.999507,POINT(174.999507 -36.884661),Auckland Region,Franklin Local Board Area,Tāmaki Herenga Manawa,Small urban area,Full Primary,,State,617,395,Open
1225,Belmont Intermediate,10 Winscombe Street ,Belmont,Auckland,622.0,-36.803593,174.789451,POINT(174.789451 -36.803593),Auckland Region,Devonport-Takapuna Local Board Area,Tāmaki Herenga Tāngata,Major urban area,Intermediate,,State,616,374,Open
1226,Belmont School (Auckland),3A Harrison Avenue ,Belmont,Auckland,622.0,-36.806214,174.791388,POINT(174.791388 -36.806214),Auckland Region,Devonport-Takapuna Local Board Area,Tāmaki Herenga Tāngata,Major urban area,Contributing,,State,422,365,Open
1227,Birdwood School,Karepo Crescent ,Ranui,Auckland,612.0,-36.85602,174.601802,POINT(174.601802 -36.85602),Auckland Region,Henderson-Massey Local Board Area,Tāmaki Herenga Tāngata,Major urban area,Full Primary,,State,287,522,Open
1228,Birkdale Intermediate,200 Birkdale Road ,Birkdale,Auckland,626.0,-36.796118,174.700666,POINT(174.700666 -36.796118),Auckland Region,Kaipātiki Local Board Area,Tāmaki Herenga Tāngata,Major urban area,Intermediate,,State,233,455,Open
1229,Birkdale North School,213 Birkdale Road ,Birkdale,Auckland,626.0,-36.790698,174.701508,POINT(174.701508 -36.790698),Auckland Region,Kaipātiki Local Board Area,Tāmaki Herenga Tāngata,Major urban area,Contributing,,State,142,427,Open
1230,Birkdale Primary School,10 Salisbury Road ,Birkdale,Auckland,626.0,-36.800327,174.703494,POINT(174.703494 -36.800327),Auckland Region,Kaipātiki Local Board Area,Tāmaki Herenga Tāngata,Major urban area,Contributing,,State,195,473,Open
1231,Birkenhead School,77 Mokoia Road ,Birkenhead,Auckland,626.0,-36.811005,174.723844,POINT(174.723844 -36.811005),Auckland Region,Kaipātiki Local Board Area,Tāmaki Herenga Tāngata,Major urban area,Contributing,,State,457,366,Open
1232,Blockhouse Bay Intermediate,95 Bolton Street ,Blockhouse Bay,Auckland,600.0,-36.918925,174.694022,POINT(174.694022 -36.918925),Auckland Region,Whau Local Board Area,Tāmaki Herenga Manawa,Major urban area,Intermediate,,State,834,401,Open
1233,Blockhouse Bay School,584 Blockhouse Bay Road ,Blockhouse Bay,Auckland,600.0,-36.924902,174.702162,POINT(174.702162 -36.924902),Auckland Region,Whau Local Board Area,Tāmaki Herenga Manawa,Major urban area,Contributing,,State,527,370,Open
1234,Bombay School,35 Paparata Road ,,Bombay,2675.0,-37.185533,174.995081,POINT(174.995081 -37.185533),Auckland Region,Franklin Local Board Area,Tāmaki Herenga Waka,Rural settlement,Full Primary,,State,372,407,Open
1235,Botany Downs School,Mirrabooka Avenue ,Botany Downs,Auckland,2010.0,-36.912085,174.922774,POINT(174.922774 -36.912085),Auckland Region,Howick Local Board Area,Tāmaki Herenga Manawa,Major urban area,Contributing,,State,572,392,Open
1236,Brookby School,359 Brookby Road ,Manurewa,Auckland,2576.0,-36.987433,174.993987,POINT(174.993987 -36.987433),Auckland Region,Franklin Local Board Area,Tāmaki Herenga Manawa,Rural other,Full Primary,,State,116,417,Open
1237,Browns Bay School,Masterton Road ,Browns Bay,Auckland,630.0,-36.721853,174.744662,POINT(174.744662 -36.721853),Auckland Region,Hibiscus and Bays Local Board Area,Tāmaki Herenga Tāngata,Major urban area,Contributing,,State,616,369,Open
1238,Bruce McLaren Intermediate,61 - 69 Bruce Mclaren Road ,Henderson,Auckland,612.0,-36.895336,174.627079,POINT(174.627079 -36.895336),Auckland Region,Henderson-Massey Local Board Area,Tāmaki Herenga Tāngata,Major urban area,Intermediate,,State,283,488,Open
1239,Buckland School,72 George Crescent ,,Buckland-Auckland,2677.0,-37.228336,174.926351,POINT(174.926351 -37.228336),Auckland Region,Franklin Local Board Area,Tāmaki Herenga Waka,Medium urban area,Full Primary,,State,276,433,Open
1240,Bucklands Beach Intermediate,247 Bucklands Beach Road ,Bucklands Beach,Auckland,2012.0,-36.883126,174.910452,POINT(174.910452 -36.883126),Auckland Region,Howick Local Board Area,Tāmaki Herenga Manawa,Major urban area,Intermediate,,State,948,367,Open
1241,Bucklands Beach Primary School,107 Clovelly Road ,Bucklands Beach,Auckland,2012.0,-36.865755,174.908001,POINT(174.908001 -36.865755),Auckland Region,Howick Local Board Area,Tāmaki Herenga Manawa,Major urban area,Contributing,,State,395,356,Open
1242,Campbells Bay School,77 Aberdeen Road ,Castor Bay,Auckland,620.0,-36.754727,174.759313,POINT(174.759313 -36.754727),Auckland Region,Devonport-Takapuna Local Board Area,Tāmaki Herenga Tāngata,Major urban area,Contributing,,State,802,344,Open
1243,Chaucer School,Chaucer Place ,Blockhouse Bay,Auckland,600.0,-36.914455,174.694563,POINT(174.694563 -36.914455),Auckland Region,Whau Local Board Area,Tāmaki Herenga Manawa,Major urban area,Contributing,,State,197,429,Open
1244,Chelsea School,Onetaunga Road ,Birkenhead,Auckland,626.0,-36.816259,174.70762,POINT(174.70762 -36.816259),Auckland Region,Kaipātiki Local Board Area,Tāmaki Herenga Tāngata,Major urban area,Contributing,,State,384,352,Open
1245,Christ the King Catholic School (Owairaka),288 Richardson Road ,Mount Roskill,Auckland,1041.0,-36.904106,174.720694,POINT(174.720694 -36.904106),Auckland Region,Puketāpapa Local Board Area,Tāmaki Herenga Manawa,Major urban area,Full Primary,,State : Integrated,115,449,Open
1246,Churchill Park School,41 Kinsale Avenue ,Glendowie,Auckland,1071.0,-36.851496,174.873571,POINT(174.873571 -36.851496),Auckland Region,Ōrākei Local Board Area,Tāmaki Herenga Manawa,Major urban area,Full Primary,,State,391,363,Open
1247,Clayton Park School,187 Coxhead Road ,Manurewa,Auckland,2103.0,-37.041063,174.896892,POINT(174.896892 -37.041063),Auckland Region,Manurewa Local Board Area,Tāmaki Herenga Waka,Major urban area,Full Primary,,State,326,509,Open
1248,Clendon Park School,145 Rowandale Avenue ,Manurewa,Auckland,2102.0,-37.017939,174.870791,POINT(174.870791 -37.017939),Auckland Region,Manurewa Local Board Area,Tāmaki Herenga Waka,Major urban area,Contributing,,State,733,525,Open
1249,Clevedon School,13 North Road ,Clevedon,Papakura,2582.0,-36.990305,175.038957,POINT(175.038957 -36.990305),Auckland Region,Franklin Local Board Area,Tāmaki Herenga Manawa,Rural settlement,Full Primary,,State,369,414,Open
1251,Sir Edmund Hillary Collegiate Junior School,2 Franklyne Road ,Otara,Auckland,2159.0,-36.950212,174.877275,POINT(174.877275 -36.950212),Auckland Region,Ōtara-Papatoetoe Local Board Area,Tāmaki Herenga Waka,Major urban area,Contributing,,State,355,517,Open
1252,Coatesville School,24 Mahoenui Valley Road ,Albany,Auckland,793.0,-36.717952,174.64439,POINT(174.64439 -36.717952),Auckland Region,Rodney Local Board Area,Tāmaki Herenga Tāngata,Rural other,Contributing,,State,252,376,Open
1253,Cockle Bay School,Sandspit Road ,Howick South,Auckland,2014.0,-36.905057,174.939225,POINT(174.939225 -36.905057),Auckland Region,Howick Local Board Area,Tāmaki Herenga Manawa,Major urban area,Contributing,,State,737,364,Open
1254,Colwill School Massey,Kintara Drive ,Massey,Auckland,614.0,-36.834051,174.632881,POINT(174.632881 -36.834051),Auckland Region,Henderson-Massey Local Board Area,Tāmaki Herenga Tāngata,Major urban area,Full Primary,,State,247,499,Open
1255,Conifer Grove School,Evanda Crescent ,Takanini,Auckland,2112.0,-37.048539,174.911616,POINT(174.911616 -37.048539),Auckland Region,Papakura Local Board Area,Tāmaki Herenga Waka,Major urban area,Full Primary,,State,540,431,Open
1256,Cornwall Park District School,193 Green Lane West ,Greenlane,Auckland,1051.0,-36.892542,174.789077,POINT(174.789077 -36.892542),Auckland Region,Albert-Eden Local Board Area,Tāmaki Herenga Manawa,Major urban area,Contributing,,State,676,350,Open
1257,Cosgrove School,10 Cosgrave Road ,,Papakura,2110.0,-37.054111,174.957852,POINT(174.957852 -37.054111),Auckland Region,Papakura Local Board Area,Tāmaki Herenga Waka,Major urban area,Contributing,,State,604,519,Open
1258,Dairy Flat School,1220 Dairy Flat Highway ,Dairy Flat,Auckland,794.0,-36.667771,174.638892,POINT(174.638892 -36.667771),Auckland Region,Rodney Local Board Area,Tāmaki Herenga Tāngata,Rural other,Contributing,,State,271,425,Open
1259,Dawson School,Haumia Way ,Otara,Auckland,2163.0,-36.974375,174.893387,POINT(174.893387 -36.974375),Auckland Region,Ōtara-Papatoetoe Local Board Area,Tāmaki Herenga Waka,Major urban area,Contributing,,State,284,515,Open
1260,Devonport Primary School,Kerr Street ,Devonport,Auckland,624.0,-36.828336,174.799486,POINT(174.799486 -36.828336),Auckland Region,Devonport-Takapuna Local Board Area,Tāmaki Herenga Tāngata,Major urban area,Contributing,,State,234,372,Open
1261,Dominion Road School,Quest Terrace ,Mount Roskill,Auckland,1041.0,-36.904869,174.743731,POINT(174.743731 -36.904869),Auckland Region,Puketāpapa Local Board Area,Tāmaki Herenga Manawa,Major urban area,Contributing,,State,208,454,Open
1262,Don Buck School,124 Don Buck Road ,Massey,Auckland,614.0,-36.851211,174.609884,POINT(174.609884 -36.851211),Auckland Region,Henderson-Massey Local Board Area,Tāmaki Herenga Tāngata,Major urban area,Full Primary,,State,253,494,Open
1263,Drury School,Young Crescent ,,Drury,2113.0,-37.098797,174.949723,POINT(174.949723 -37.098797),Auckland Region,Papakura Local Board Area,Tāmaki Herenga Waka,Major urban area,Full Primary,,State,337,446,Open
1264,East Tamaki School,196 Preston Road ,East Tamaki,Auckland,2163.0,-36.96255,174.886533,POINT(174.886533 -36.96255),Auckland Region,Ōtara-Papatoetoe Local Board Area,Tāmaki Herenga Waka,Major urban area,Contributing,,State,171,513,Open
1265,Edendale School (Auckland),419 Sandringham Road ,Sandringham,Auckland,1025.0,-36.887372,174.737208,POINT(174.737208 -36.887372),Auckland Region,Albert-Eden Local Board Area,Tāmaki Herenga Manawa,Major urban area,Contributing,,State,507,376,Open
1266,Edmonton School,Edmonton Road ,Te Atatu South,Auckland,610.0,-36.865667,174.642282,POINT(174.642282 -36.865667),Auckland Region,Henderson-Massey Local Board Area,Tāmaki Herenga Tāngata,Major urban area,Contributing,,State,207,454,Open
1267,Edmund Hillary School,Hunua Road ,,Papakura,2244.0,-37.067381,174.95773,POINT(174.95773 -37.067381),Auckland Region,Papakura Local Board Area,Tāmaki Herenga Waka,Major urban area,Full Primary,,State,189,528,Open
1268,Ellerslie School,12 Kalmia Street ,Ellerslie,Auckland,1051.0,-36.898634,174.805734,POINT(174.805734 -36.898634),Auckland Region,Maungakiekie-Tāmaki Local Board Area,Tāmaki Herenga Manawa,Major urban area,Full Primary,,State,746,373,Open
1269,Elm Park School,46 Gossamer Drive ,Pakuranga Heights,Auckland,2010.0,-36.910383,174.889952,POINT(174.889952 -36.910383),Auckland Region,Howick Local Board Area,Tāmaki Herenga Manawa,Major urban area,Contributing,,State,479,407,Open
1270,Epsom Normal School,41 The Drive ,Epsom,Auckland,1023.0,-36.890747,174.770541,POINT(174.770541 -36.890747),Auckland Region,Albert-Eden Local Board Area,Tāmaki Herenga Manawa,Major urban area,Contributing,,State,611,355,Open
1271,Fairburn School,10 Pukeora Road ,Otahuhu,Auckland,1062.0,-36.947799,174.849834,POINT(174.849834 -36.947799),Auckland Region,Māngere-Ōtāhuhu Local Board Area,Tāmaki Herenga Waka,Major urban area,Contributing,,State,436,482,Open
1272,Farm Cove Intermediate,16 Butley Drive ,Pakuranga,Auckland,2012.0,-36.896484,174.891,POINT(174.891 -36.896484),Auckland Region,Howick Local Board Area,Tāmaki Herenga Manawa,Major urban area,Intermediate,,State,508,409,Open
1273,Favona School,Wakefield Road ,Favona,Auckland,2024.0,-36.953953,174.806963,POINT(174.806963 -36.953953),Auckland Region,Māngere-Ōtāhuhu Local Board Area,Tāmaki Herenga Waka,Major urban area,Contributing,,State,278,494,Open
1274,Ferguson Intermediate (Otara),Ferguson Road ,Otara,Auckland,2159.0,-36.964274,174.882443,POINT(174.882443 -36.964274),Auckland Region,Ōtara-Papatoetoe Local Board Area,Tāmaki Herenga Waka,Major urban area,Intermediate,,State,381,519,Open
1275,Finlayson Park School,85 John Walker Drive ,Manurewa,Auckland,2102.0,-37.032006,174.871991,POINT(174.871991 -37.032006),Auckland Region,Manurewa Local Board Area,Tāmaki Herenga Waka,Major urban area,Contributing,,State,931,519,Open
1276,Flanshaw Road School,51 Flanshaw Road ,Te Atatu South,Auckland,610.0,-36.860805,174.645463,POINT(174.645463 -36.860805),Auckland Region,Henderson-Massey Local Board Area,Tāmaki Herenga Tāngata,Major urban area,Contributing,,State,362,446,Open
1277,Flat Bush School,Flat Bush Road ,Otara,Auckland,2023.0,-36.97529,174.883673,POINT(174.883673 -36.97529),Auckland Region,Ōtara-Papatoetoe Local Board Area,Tāmaki Herenga Waka,Major urban area,Contributing,,State,401,520,Open
1278,Forrest Hill School,50 Forrest Hill Road ,Forrest Hill,Auckland,620.0,-36.773717,174.749433,POINT(174.749433 -36.773717),Auckland Region,Devonport-Takapuna Local Board Area,Tāmaki Herenga Tāngata,Major urban area,Contributing,,State,473,373,Open
1279,Freemans Bay School,Wellington Street ,Freemans Bay,Auckland,1011.0,-36.852048,174.75281,POINT(174.75281 -36.852048),Auckland Region,Waitematā Local Board Area,Tāmaki Herenga Manawa,Major urban area,Contributing,,State,607,408,Open
1280,Freyberg Community School,Roberts Road ,Te Atatu South,Auckland,610.0,-36.871038,174.651176,POINT(174.651176 -36.871038),Auckland Region,Henderson-Massey Local Board Area,Tāmaki Herenga Tāngata,Major urban area,Contributing,,State,402,424,Open
1281,Fruitvale Road School,9 Croydon Road ,New Lynn,Auckland,600.0,-36.915651,174.667362,POINT(174.667362 -36.915651),Auckland Region,Whau Local Board Area,Tāmaki Herenga Tāngata,Major urban area,Contributing,,State,350,440,Open
1282,Gladstone School (Auckland),8 Seaview Terrace ,Mount Albert,Auckland,1025.0,-36.880183,174.71247,POINT(174.71247 -36.880183),Auckland Region,Albert-Eden Local Board Area,Tāmaki Herenga Manawa,Major urban area,Contributing,,State,794,378,Open
1283,Glamorgan School,Glamorgan Drive ,Torbay,Auckland,630.0,-36.702673,174.735313,POINT(174.735313 -36.702673),Auckland Region,Hibiscus and Bays Local Board Area,Tāmaki Herenga Tāngata,Major urban area,Contributing,,State,493,388,Open
1284,Glen Eden Intermediate,Kaurilands Road ,Titirangi,Auckland,604.0,-36.924551,174.652547,POINT(174.652547 -36.924551),Auckland Region,Waitākere Ranges Local Board Area,Tāmaki Herenga Tāngata,Major urban area,Intermediate,,State,924,420,Open
1285,Glen Eden School,3 Glenview Road ,Glen Eden,Auckland,602.0,-36.90865,174.652086,POINT(174.652086 -36.90865),Auckland Region,Waitākere Ranges Local Board Area,Tāmaki Herenga Tāngata,Major urban area,Contributing,,State,312,469,Open
1287,Glen Innes School,38-40 Eastview Road ,Glen Innes,Auckland,1743.0,-36.874151,174.857045,POINT(174.857045 -36.874151),Auckland Region,Maungakiekie-Tāmaki Local Board Area,Tāmaki Herenga Manawa,Major urban area,Full Primary,,State,126,522,Open
1289,Glen Taylor School,172 West Tamaki Road ,Glendowie,Auckland,1072.0,-36.869826,174.863975,POINT(174.863975 -36.869826),Auckland Region,Ōrākei Local Board Area,Tāmaki Herenga Manawa,Major urban area,Full Primary,,State,173,516,Open
1290,Glenavon School,340 Blockhouse Bay Road ,Blockhouse Bay,Auckland,600.0,-36.909858,174.701981,POINT(174.701981 -36.909858),Auckland Region,Whau Local Board Area,Tāmaki Herenga Manawa,Major urban area,Full Primary,,State,352,494,Open
1291,Glenbrae Primary School,103 Leybourne Circle ,Glen Innes,Auckland,1072.0,-36.873361,174.870065,POINT(174.870065 -36.873361),Auckland Region,Maungakiekie-Tāmaki Local Board Area,Tāmaki Herenga Manawa,Major urban area,Full Primary,,State,166,525,Open
1292,Glenbrook School,459 Glenbrook-Waiuku Road ,Glenbrook,Waiuku,2681.0,-37.204955,174.75142,POINT(174.75142 -37.204955),Auckland Region,Franklin Local Board Area,Tāmaki Herenga Waka,Rural other,Full Primary,,State,299,443,Open
1293,Glendene School,60 Barrys Road ,Glendene,Auckland,602.0,-36.886855,174.655175,POINT(174.655175 -36.886855),Auckland Region,Henderson-Massey Local Board Area,Tāmaki Herenga Tāngata,Major urban area,Contributing,,State,120,491,Open
1294,Glendowie School,217 Riddell Road ,Glendowie,Auckland,1071.0,-36.863143,174.87568,POINT(174.87568 -36.863143),Auckland Region,Ōrākei Local Board Area,Tāmaki Herenga Manawa,Major urban area,Full Primary,,State,656,364,Open
1295,Glenfield Intermediate,138 Chivalry Road ,Glenfield,Auckland,629.0,-36.779792,174.732175,POINT(174.732175 -36.779792),Auckland Region,Kaipātiki Local Board Area,Tāmaki Herenga Tāngata,Major urban area,Intermediate,,State,443,434,Open
1296,Glenfield Primary School,101 Chivalry Road ,Glenfield,Auckland,629.0,-36.779642,174.727633,POINT(174.727633 -36.779642),Auckland Region,Kaipātiki Local Board Area,Tāmaki Herenga Tāngata,Major urban area,Contributing,,State,295,415,Open
1297,Good Shepherd School (Balmoral),30 Telford Avenue ,Balmoral,Auckland,1041.0,-36.891182,174.743509,POINT(174.743509 -36.891182),Auckland Region,Albert-Eden Local Board Area,Tāmaki Herenga Manawa,Major urban area,Contributing,,State : Integrated,182,368,Open
1298,Green Bay Primary School,131 Godley Road ,Green Bay,Auckland,604.0,-36.931682,174.672668,POINT(174.672668 -36.931682),Auckland Region,Whau Local Board Area,Tāmaki Herenga Tāngata,Major urban area,Full Primary,,State,620,391,Open
1299,Greenhithe School,9 Isobel Road ,Greenhithe,Auckland,632.0,-36.774022,174.675395,POINT(174.675395 -36.774022),Auckland Region,Upper Harbour Local Board Area,Tāmaki Herenga Tāngata,Major urban area,Contributing,,State,462,358,Open
1300,Greenmeadows Intermediate,29 Greenmeadows Avenue ,Manurewa,Auckland,2102.0,-37.029261,174.906355,POINT(174.906355 -37.029261),Auckland Region,Manurewa Local Board Area,Tāmaki Herenga Waka,Major urban area,Intermediate,,State,347,490,Open
1301,Grey Lynn School,44 Surrey Crescent ,Grey Lynn,Auckland,1021.0,-36.863128,174.735488,POINT(174.735488 -36.863128),Auckland Region,Waitematā Local Board Area,Tāmaki Herenga Manawa,Major urban area,Contributing,,State,248,379,Open
1302,Halsey Drive School,106 Halsey Drive ,Lynfield,Auckland,1042.0,-36.93271,174.719184,POINT(174.719184 -36.93271),Auckland Region,Puketāpapa Local Board Area,Tāmaki Herenga Manawa,Major urban area,Contributing,,State,467,355,Open
1303,Harrisville School,202 Harrisville Road ,,Tuakau,2121.0,-37.239972,174.951571,POINT(174.951571 -37.239972),Waikato Region,Waikato District,Tāmaki Herenga Waka,Rural other,Contributing,,State,203,450,Open
1304,Hauraki School,82 Jutland Road ,Takapuna,Auckland,622.0,-36.803869,174.77445,POINT(174.77445 -36.803869),Auckland Region,Devonport-Takapuna Local Board Area,Tāmaki Herenga Tāngata,Major urban area,Contributing,,State,505,353,Open
1305,Hay Park School,670 Richardson Road ,Mount Roskill,Auckland,1041.0,-36.92368,174.744285,POINT(174.744285 -36.92368),Auckland Region,Puketāpapa Local Board Area,Tāmaki Herenga Manawa,Major urban area,Contributing,,State,153,491,Open
1306,Helensville School,29 Rata Street ,,Helensville,800.0,-36.679301,174.453861,POINT(174.453861 -36.679301),Auckland Region,Rodney Local Board Area,Tāmaki Herenga Tāngata,Small urban area,Full Primary,,State,493,447,Open
1307,Henderson Intermediate,70 Lincoln Road ,Henderson,Waitakere,610.0,-36.867743,174.627984,POINT(174.627984 -36.867743),Auckland Region,Henderson-Massey Local Board Area,Tāmaki Herenga Tāngata,Major urban area,Intermediate,,State,740,485,Open
1308,Henderson North School,Norval Road ,Henderson,Auckland,610.0,-36.869724,174.626326,POINT(174.626326 -36.869724),Auckland Region,Henderson-Massey Local Board Area,Tāmaki Herenga Tāngata,Major urban area,Contributing,,State,356,477,Open
1309,Henderson School,Montel Avenue ,Henderson,Auckland,612.0,-36.881193,174.63628,POINT(174.63628 -36.881193),Auckland Region,Henderson-Massey Local Board Area,Tāmaki Herenga Tāngata,Major urban area,Contributing,,State,196,485,Open
1310,Henderson South School,Garelja Road ,Henderson,Auckland,650.0,-36.888586,174.622353,POINT(174.622353 -36.888586),Auckland Region,Henderson-Massey Local Board Area,Tāmaki Herenga Tāngata,Major urban area,Contributing,,State,274,505,Open
1311,Henderson Valley School,389 Henderson Valley Road ,Henderson,Auckland,612.0,-36.899044,174.59229,POINT(174.59229 -36.899044),Auckland Region,Waitākere Ranges Local Board Area,Tāmaki Herenga Tāngata,Rural other,Contributing,,State,322,437,Open
1312,Hillpark School,57 Grande Vue Road ,Manurewa,Auckland,2102.0,-37.013244,174.89837,POINT(174.89837 -37.013244),Auckland Region,Manurewa Local Board Area,Tāmaki Herenga Waka,Major urban area,Contributing,,State,487,425,Open
1313,Hillsborough School,Belfast Street ,Hillsborough,Auckland,1042.0,-36.923253,174.757733,POINT(174.757733 -36.923253),Auckland Region,Puketāpapa Local Board Area,Tāmaki Herenga Manawa,Major urban area,Contributing,,State,353,370,Open
1314,Hobsonville School,104 Hobsonville Road ,Hobsonville,Auckland,618.0,-36.805129,174.637212,POINT(174.637212 -36.805129),Auckland Region,Upper Harbour Local Board Area,Tāmaki Herenga Tāngata,Major urban area,Full Primary,,State,482,397,Open
1315,Holy Cross School (Papatoetoe),Carruth Road ,Papatoetoe,Auckland,2155.0,-36.979569,174.860421,POINT(174.860421 -36.979569),Auckland Region,Ōtara-Papatoetoe Local Board Area,Tāmaki Herenga Waka,Major urban area,Full Primary,,State : Integrated,550,445,Open
1316,Holy Cross Catholic School (Henderson),8 Lavelle Road ,Henderson,Auckland,612.0,-36.886969,174.636365,POINT(174.636365 -36.886969),Auckland Region,Henderson-Massey Local Board Area,Tāmaki Herenga Tāngata,Major urban area,Full Primary,,State : Integrated,439,413,Open
1317,Homai School,89 Browns Road ,Manurewa,Auckland,2102.0,-37.01243,174.880252,POINT(174.880252 -37.01243),Auckland Region,Manurewa Local Board Area,Tāmaki Herenga Waka,Major urban area,Contributing,,State,396,505,Open
1318,Howick Intermediate,Botany Road ,Howick South,Auckland,2010.0,-36.89969,174.918246,POINT(174.918246 -36.89969),Auckland Region,Howick Local Board Area,Tāmaki Herenga Manawa,Major urban area,Intermediate,,State,605,429,Open
1319,Howick Primary School,Willoughby Avenue ,Howick West,Auckland,2143.0,-36.897739,174.915936,POINT(174.915936 -36.897739),Auckland Region,Howick Local Board Area,Tāmaki Herenga Manawa,Major urban area,Contributing,,State,318,422,Open
1320,Huapai District School,40 Station Road ,,Huapai,810.0,-36.774074,174.536946,POINT(174.536946 -36.774074),Auckland Region,Rodney Local Board Area,Tāmaki Herenga Tāngata,Small urban area,Full Primary,,State,499,406,Open
1321,Hunua School,43 Lockwood Road ,,Hunua,2583.0,-37.079793,175.074808,POINT(175.074808 -37.079793),Auckland Region,Franklin Local Board Area,Tāmaki Herenga Waka,Rural settlement,Full Primary,,State,155,433,Open
1322,Jean Batten School,6 Imrie Avenue ,Mangere,Auckland,2022.0,-36.973939,174.814316,POINT(174.814316 -36.973939),Auckland Region,Māngere-Ōtāhuhu Local Board Area,Tāmaki Herenga Waka,Major urban area,Contributing,,State,244,491,Open
1323,Kaiaua School,1061 East Coast Road ,,Kaiaua,2473.0,-37.09972,175.298105,POINT(175.298105 -37.09972),Waikato Region,Hauraki District,Tāmaki Herenga Waka,Rural settlement,Full Primary,,State,39,533,Open
1324,Kaipara Flats School,20 School Road ,,Warkworth,984.0,-36.408373,174.545885,POINT(174.545885 -36.408373),Auckland Region,Rodney Local Board Area,Tāmaki Herenga Tāngata,Rural settlement,Contributing,,State,109,425,Open
1325,Karaka School,12 Blackbridge Road ,,Papakura,2580.0,-37.125285,174.902942,POINT(174.902942 -37.125285),Auckland Region,Franklin Local Board Area,Tāmaki Herenga Waka,Rural other,Full Primary,,State,242,403,Open
1326,Kaukapakapa School,977 Kaipara Coast Highway ,,Kaukapakapa,843.0,-36.617883,174.494878,POINT(174.494878 -36.617883),Auckland Region,Rodney Local Board Area,Tāmaki Herenga Tāngata,Rural settlement,Full Primary,,State,250,449,Open
1327,Kauri Park School,16 McGlashen Place ,Beach Haven,Auckland,626.0,-36.805482,174.69842,POINT(174.69842 -36.805482),Auckland Region,Kaipātiki Local Board Area,Tāmaki Herenga Tāngata,Major urban area,Contributing,,State,357,384,Open
1328,Kaurilands School,Atkinson Road ,Titirangi,Auckland,604.0,-36.928233,174.65451,POINT(174.65451 -36.928233),Auckland Region,Waitākere Ranges Local Board Area,Tāmaki Herenga Tāngata,Major urban area,Contributing,,State,738,388,Open
1329,Kedgley Intermediate,Portage Road ,Papatoetoe,Auckland,2158.0,-36.976891,174.834163,POINT(174.834163 -36.976891),Auckland Region,Ōtara-Papatoetoe Local Board Area,Tāmaki Herenga Waka,Major urban area,Intermediate,,State,734,486,Open
1330,Kelston Intermediate,12C Vanguard Road ,Kelston,Auckland,602.0,-36.897624,174.663896,POINT(174.663896 -36.897624),Auckland Region,Whau Local Board Area,Tāmaki Herenga Tāngata,Major urban area,Intermediate,,State,406,504,Open
1331,Kelston School,5 Archibald Road ,Kelston,Auckland,602.0,-36.903467,174.665451,POINT(174.665451 -36.903467),Auckland Region,Whau Local Board Area,Tāmaki Herenga Tāngata,Major urban area,Contributing,,State,301,479,Open
1332,Kelvin Road School,Kelvin Road ,,Papakura,2110.0,-37.063363,174.959609,POINT(174.959609 -37.063363),Auckland Region,Papakura Local Board Area,Tāmaki Herenga Waka,Major urban area,Contributing,,State,542,539,Open
1333,Moanaroa School,54 Raglan Street ,Mangere East,Auckland,2024.0,-36.973509,174.82739,POINT(174.82739 -36.973509),Auckland Region,Māngere-Ōtāhuhu Local Board Area,Tāmaki Herenga Waka,Major urban area,Contributing,,State,340,500,Open
1334,Kohimarama School,112 Kohimarama Road ,Kohimarama,Auckland,1071.0,-36.854781,174.837156,POINT(174.837156 -36.854781),Auckland Region,Ōrākei Local Board Area,Tāmaki Herenga Manawa,Major urban area,Full Primary,,State,476,361,Open
1335,Konini School (Auckland),73 Withers Road ,Glen Eden,Auckland,602.0,-36.927233,174.64289,POINT(174.64289 -36.927233),Auckland Region,Waitākere Ranges Local Board Area,Tāmaki Herenga Tāngata,Major urban area,Contributing,,State,412,414,Open
1336,Koru School,71 Robertson Road ,Mangere,Auckland,2024.0,-36.958267,174.803964,POINT(174.803964 -36.958267),Auckland Region,Māngere-Ōtāhuhu Local Board Area,Tāmaki Herenga Waka,Major urban area,Full Primary,,State,455,504,Open
1337,Kōwhai Intermediate,26 Onslow Road ,Kingsland,Auckland,1024.0,-36.872187,174.748563,POINT(174.748563 -36.872187),Auckland Region,Albert-Eden Local Board Area,Tāmaki Herenga Manawa,Major urban area,Intermediate,,State,553,403,Open
1338,Laingholm School,54 Victory Road ,Laingholm,Auckland,604.0,-36.962451,174.627211,POINT(174.627211 -36.962451),Auckland Region,Waitākere Ranges Local Board Area,Tāmaki Herenga Tāngata,Major urban area,Contributing,,State,156,403,Open
1339,Leabank School,7 Dr Pickering Avenue ,Manurewa,Auckland,2102.0,-37.034195,174.886553,POINT(174.886553 -37.034195),Auckland Region,Manurewa Local Board Area,Tāmaki Herenga Waka,Major urban area,Contributing,,State,389,519,Open
1340,Leigh School,26 Hauraki Road ,Leigh,Warkworth,985.0,-36.291113,174.803596,POINT(174.803596 -36.291113),Auckland Region,Rodney Local Board Area,Tāmaki Herenga Tāngata,Rural settlement,Contributing,,State,56,426,Open
1341,Lincoln Heights School,Keegan Drive ,Massey,Auckland,656.0,-36.84487,174.619682,POINT(174.619682 -36.84487),Auckland Region,Henderson-Massey Local Board Area,Tāmaki Herenga Tāngata,Major urban area,Full Primary,,State,559,490,Open
1342,Long Bay School,Ralph Eagles Place ,Torbay,Auckland,630.0,-36.691084,174.734597,POINT(174.734597 -36.691084),Auckland Region,Hibiscus and Bays Local Board Area,Tāmaki Herenga Tāngata,Major urban area,Contributing,,State,511,375,Open
1343,Mairangi Bay School,13 Agathis Avenue ,Mairangi Bay,Auckland,630.0,-36.744593,174.747386,POINT(174.747386 -36.744593),Auckland Region,Hibiscus and Bays Local Board Area,Tāmaki Herenga Tāngata,Major urban area,Contributing,,State,446,358,Open
1344,Mangatangi School,2047 Miranda Road ,,Mangatangi,2473.0,-37.199817,175.204623,POINT(175.204623 -37.199817),Waikato Region,Waikato District,Waikato,Rural other,Full Primary,,State,105,477,Open
1345,Mangatawhiri School,15 Mckenzie Road ,,Pokeno,2471.0,-37.213804,175.12297,POINT(175.12297 -37.213804),Waikato Region,Waikato District,Tāmaki Herenga Waka,Rural other,Full Primary,,State,161,436,Open
1346,Maangere Bridge School,Coronation Road ,Mangere Bridge,Auckland,2151.0,-36.946367,174.786866,POINT(174.786866 -36.946367),Auckland Region,Māngere-Ōtāhuhu Local Board Area,Tāmaki Herenga Manawa,Major urban area,Contributing,,State,328,466,Open
1347,Mangere Central School,244 Kirkbride Road ,Mangere,Auckland,2022.0,-36.974111,174.790515,POINT(174.790515 -36.974111),Auckland Region,Māngere-Ōtāhuhu Local Board Area,Tāmaki Herenga Waka,Major urban area,Full Primary,,State,482,503,Open
1348,Māngere East School,21 Yates Road ,Mangere East,Auckland,2158.0,-36.964508,174.825119,POINT(174.825119 -36.964508),Auckland Region,Māngere-Ōtāhuhu Local Board Area,Tāmaki Herenga Waka,Major urban area,Full Primary,,State,550,505,Open
1350,Manuka Primary School,Manuka Road ,Glenfield,Auckland,629.0,-36.774831,174.716925,POINT(174.716925 -36.774831),Auckland Region,Kaipātiki Local Board Area,Tāmaki Herenga Tāngata,Major urban area,Contributing,,State,235,411,Open
1351,Royal Oak Intermediate School,74 Symonds Street ,Royal Oak,Auckland,1061.0,-36.915792,174.774516,POINT(174.774516 -36.915792),Auckland Region,Maungakiekie-Tāmaki Local Board Area,Tāmaki Herenga Manawa,Major urban area,Intermediate,,State,438,458,Open
1352,Manurewa East School,Scotts Road ,Manurewa,Auckland,2102.0,-37.02227,174.908655,POINT(174.908655 -37.02227),Auckland Region,Manurewa Local Board Area,Tāmaki Herenga Waka,Major urban area,Contributing,,State,388,529,Open
1353,Manurewa Intermediate,76 Russell Road ,Manurewa,Auckland,2102.0,-37.022515,174.885516,POINT(174.885516 -37.022515),Auckland Region,Manurewa Local Board Area,Tāmaki Herenga Waka,Major urban area,Intermediate,,State,929,518,Open
1354,Manurewa Central School,Hill Road ,Manurewa,Auckland,2102.0,-37.020492,174.896027,POINT(174.896027 -37.020492),Auckland Region,Manurewa Local Board Area,Tāmaki Herenga Waka,Major urban area,Contributing,,State,502,442,Open
1355,Manurewa South School,39 Tawa Crescent ,Manukau Central,Auckland,2102.0,-37.033073,174.896078,POINT(174.896078 -37.033073),Auckland Region,Manurewa Local Board Area,Tāmaki Herenga Waka,Major urban area,Contributing,,State,379,525,Open
1356,Manurewa West School,Mckean Avenue ,Manurewa,Auckland,2102.0,-37.024393,174.886906,POINT(174.886906 -37.024393),Auckland Region,Manurewa Local Board Area,Tāmaki Herenga Waka,Major urban area,Contributing,,State,434,495,Open
1357,Maraetai Beach School,154 Maraetai Drive ,,Maraetai Beach,2018.0,-36.878782,175.036926,POINT(175.036926 -36.878782),Auckland Region,Franklin Local Board Area,Tāmaki Herenga Manawa,Small urban area,Full Primary,,State,430,398,Open
1358,Maramarua School,2200 State Highway 2 ,,Maramarua,2471.0,-37.251032,175.227785,POINT(175.227785 -37.251032),Waikato Region,Waikato District,Waikato,Rural other,Full Primary,,State,102,499,Open
1359,Marist School (Mt Albert),14 Kitenui Avenue ,Mount Albert,Auckland,1025.0,-36.880871,174.725359,POINT(174.725359 -36.880871),Auckland Region,Albert-Eden Local Board Area,Tāmaki Herenga Manawa,Major urban area,Contributing,,State : Integrated,267,354,Open
1360,Marist Catholic School (Herne Bay),82 Kelmarna Avenue ,Herne Bay,Auckland,1011.0,-36.851308,174.735627,POINT(174.735627 -36.851308),Auckland Region,Waitematā Local Board Area,Tāmaki Herenga Manawa,Major urban area,Contributing,,State : Integrated,117,380,Open
1361,Marlborough School,Wykeham Place ,Glenfield,Auckland,629.0,-36.785858,174.730623,POINT(174.730623 -36.785858),Auckland Region,Kaipātiki Local Board Area,Tāmaki Herenga Tāngata,Major urban area,Contributing,,State,412,379,Open
1362,Marshall Laing School,39 Marshall Laing Avenue ,Mount Roskill,Auckland,1041.0,-36.916178,174.718233,POINT(174.718233 -36.916178),Auckland Region,Puketāpapa Local Board Area,Tāmaki Herenga Manawa,Major urban area,Contributing,,State,625,378,Open
1363,Massey Primary School,326 Don Buck Road ,Massey,Auckland,614.0,-36.839541,174.600248,POINT(174.600248 -36.839541),Auckland Region,Henderson-Massey Local Board Area,Tāmaki Herenga Tāngata,Major urban area,Full Primary,,State,533,492,Open
1364,Matakana School,952 Matakana Road ,,Warkworth,985.0,-36.355014,174.715127,POINT(174.715127 -36.355014),Auckland Region,Rodney Local Board Area,Tāmaki Herenga Tāngata,Rural settlement,Contributing,,State,350,394,Open
1365,Matipo Road School,63B Matipo Road ,Te Atatu North,Auckland,610.0,-36.837366,174.641103,POINT(174.641103 -36.837366),Auckland Region,Henderson-Massey Local Board Area,Tāmaki Herenga Tāngata,Major urban area,Contributing,,State,438,407,Open
1366,Mauku School,389 Union Road ,,Mauku,2678.0,-37.205572,174.820835,POINT(174.820835 -37.205572),Auckland Region,Franklin Local Board Area,Tāmaki Herenga Waka,Rural other,Contributing,,State,154,475,Open
1367,Maungawhau School,Ellerton Road ,Mount Eden,Auckland,1024.0,-36.891909,174.754176,POINT(174.754176 -36.891909),Auckland Region,Albert-Eden Local Board Area,Tāmaki Herenga Manawa,Major urban area,Contributing,,State,654,344,Open
1368,May Road School,504 Richardson Road ,Mount Roskill,Auckland,1041.0,-36.915293,174.730592,POINT(174.730592 -36.915293),Auckland Region,Puketāpapa Local Board Area,Tāmaki Herenga Manawa,Major urban area,Contributing,,State,178,496,Open
1369,Mayfield School (Auckland),12 Pearl Baker Drive ,Otara,Auckland,2023.0,-36.952764,174.886825,POINT(174.886825 -36.952764),Auckland Region,Ōtara-Papatoetoe Local Board Area,Tāmaki Herenga Waka,Major urban area,Contributing,,State,298,520,Open
1370,Meadowbank School,Waiatarua Road ,Remuera,Auckland,1050.0,-36.874784,174.819916,POINT(174.819916 -36.874784),Auckland Region,Ōrākei Local Board Area,Tāmaki Herenga Manawa,Major urban area,Contributing,,State,768,349,Open
1371,Mellons Bay School,140 Mellons Bay Road ,Howick,Auckland,2014.0,-36.886362,174.931409,POINT(174.931409 -36.886362),Auckland Region,Howick Local Board Area,Tāmaki Herenga Manawa,Major urban area,Contributing,,State,414,354,Open
1372,Te Paina School,15 Glass Road ,,Mercer,2474.0,-37.27622,175.057211,POINT(175.057211 -37.27622),Waikato Region,Waikato District,Tāmaki Herenga Waka,Rural other,Full Primary,,State,64,513,Open
1373,Meremere School,Heather Green Avenue ,,Meremere,2474.0,-37.317894,175.073248,POINT(175.073248 -37.317894),Waikato Region,Waikato District,Waikato,Rural settlement,Full Primary,,State,10,522,Open
1375,Milford School (Auckland),34 Shakespeare Road ,Milford,Auckland,620.0,-36.775003,174.76114,POINT(174.76114 -36.775003),Auckland Region,Devonport-Takapuna Local Board Area,Tāmaki Herenga Tāngata,Major urban area,Contributing,,State,563,356,Open
1376,Monte Cecilia Catholic School,34 Whitmore Road ,Mount Roskill,Auckland,1041.0,-36.927969,174.745712,POINT(174.745712 -36.927969),Auckland Region,Puketāpapa Local Board Area,Tāmaki Herenga Manawa,Major urban area,Contributing,,State : Integrated,143,414,Open
1378,Mt Eden Normal School,Valley Road ,Mount Eden,Auckland,1024.0,-36.876971,174.756557,POINT(174.756557 -36.876971),Auckland Region,Albert-Eden Local Board Area,Tāmaki Herenga Manawa,Major urban area,Contributing,,State,565,346,Open
1379,Mt Richmond School,30 Albion Road ,Otahuhu,Auckland,1640.0,-36.93942,174.841867,POINT(174.841867 -36.93942),Auckland Region,Māngere-Ōtāhuhu Local Board Area,Tāmaki Herenga Waka,Major urban area,Specialist School,Day Specialist,State,204,494,Open
1380,Mountain View School,81 Mountain Road ,Mangere,Auckland,2022.0,-36.954677,174.785756,POINT(174.785756 -36.954677),Auckland Region,Māngere-Ōtāhuhu Local Board Area,Tāmaki Herenga Waka,Major urban area,Contributing,,State,328,509,Open
1381,Mt Albert School,6 Sainsbury Road ,Mount Albert,Auckland,1025.0,-36.878118,174.731512,POINT(174.731512 -36.878118),Auckland Region,Albert-Eden Local Board Area,Tāmaki Herenga Manawa,Major urban area,Contributing,,State,513,390,Open
1382,Mt Carmel School (Meadowbank),6 Mt Carmel Place ,Meadowbank,Auckland,1072.0,-36.87333,174.824908,POINT(174.824908 -36.87333),Auckland Region,Ōrākei Local Board Area,Tāmaki Herenga Manawa,Major urban area,Contributing,,State : Integrated,202,354,Open
1383,Mt Roskill Intermediate,Denbigh Avenue ,Mount Roskill,Auckland,1041.0,-36.910271,174.744698,POINT(174.744698 -36.910271),Auckland Region,Puketāpapa Local Board Area,Tāmaki Herenga Manawa,Major urban area,Intermediate,,State,562,433,Open
1384,Mt Roskill Primary School,Frost Road ,Mount Roskill,Auckland,1041.0,-36.911446,174.748274,POINT(174.748274 -36.911446),Auckland Region,Puketāpapa Local Board Area,Tāmaki Herenga Manawa,Major urban area,Contributing,,State,631,406,Open
1385,Mulberry Grove School,271 Shoal Bay Road ,,Tryphena,991.0,-36.312636,175.494822,POINT(175.494822 -36.312636),Auckland Region,Aotea/Great Barrier Local Board Area,Tāmaki Herenga Manawa,Rural settlement,Full Primary,,State,24,482,Open
1386,Murrays Bay Intermediate,Sunrise Avenue ,Murrays Bay,Auckland,630.0,-36.73448,174.744644,POINT(174.744644 -36.73448),Auckland Region,Hibiscus and Bays Local Board Area,Tāmaki Herenga Tāngata,Major urban area,Intermediate,,State,1094,372,Open
1387,Murrays Bay School,18 Clematis Avenue ,Murrays Bay,Auckland,630.0,-36.733044,174.746691,POINT(174.746691 -36.733044),Auckland Region,Hibiscus and Bays Local Board Area,Tāmaki Herenga Tāngata,Major urban area,Contributing,,State,718,357,Open
1388,Macleans Primary School,Wycherley Drive ,Bucklands Beach,Auckland,2014.0,-36.888944,174.912216,POINT(174.912216 -36.888944),Auckland Region,Howick Local Board Area,Tāmaki Herenga Manawa,Major urban area,Contributing,,State,551,391,Open
1389,New Lynn School,Hutchinson Avenue ,New Lynn,Auckland,600.0,-36.914497,174.681073,POINT(174.681073 -36.914497),Auckland Region,Whau Local Board Area,Tāmaki Herenga Tāngata,Major urban area,Contributing,,State,402,451,Open
1390,New Windsor School,185 New Windsor Road ,New Windsor,Auckland,600.0,-36.907107,174.712845,POINT(174.712845 -36.907107),Auckland Region,Whau Local Board Area,Tāmaki Herenga Manawa,Major urban area,Contributing,,State,353,421,Open
1391,Newmarket School,7 Gillies Avenue ,Newmarket,Auckland,1023.0,-36.870562,174.774186,POINT(174.774186 -36.870562),Auckland Region,Waitematā Local Board Area,Tāmaki Herenga Manawa,Major urban area,Contributing,,State,251,372,Open
1392,Te Uru Karaka Newton Central School,Monmouth Street ,Grey Lynn,Auckland,1021.0,-36.862514,174.751636,POINT(174.751636 -36.862514),Auckland Region,Waitematā Local Board Area,Tāmaki Herenga Manawa,Major urban area,Contributing,,State,308,391,Open
1393,Nga Iwi School,60 Mascot Avenue ,Mangere,Auckland,2022.0,-36.97261,174.802698,POINT(174.802698 -36.97261),Auckland Region,Māngere-Ōtāhuhu Local Board Area,Tāmaki Herenga Waka,Major urban area,Contributing,,State,342,518,Open
1394,Northcote Intermediate,Lake Road ,Northcote,Auckland,748.0,-36.799157,174.745657,POINT(174.745657 -36.799157),Auckland Region,Kaipātiki Local Board Area,Tāmaki Herenga Tāngata,Major urban area,Intermediate,,State,672,404,Open
1395,Northcote School (Auckland),2 Lake Road ,Northcote,Auckland,627.0,-36.809976,174.742874,POINT(174.742874 -36.809976),Auckland Region,Kaipātiki Local Board Area,Tāmaki Herenga Tāngata,Major urban area,Contributing,,State,406,367,Open
1396,Northcross Intermediate,10 Sartors Avenue ,Browns Bay,Auckland,630.0,-36.715788,174.725735,POINT(174.725735 -36.715788),Auckland Region,Hibiscus and Bays Local Board Area,Tāmaki Herenga Tāngata,Major urban area,Intermediate,,State,1510,394,Open
1397,Oaklynn Special School,20 Mayville Avenue ,New Lynn,Auckland,600.0,-36.918271,174.681334,POINT(174.681334 -36.918271),Auckland Region,Whau Local Board Area,Tāmaki Herenga Tāngata,Major urban area,Specialist School,Day Specialist,State,228,453,Open
1398,Okiwi School,1 Mabey Road ,,Okiwi,961.0,-36.154207,175.394316,POINT(175.394316 -36.154207),Auckland Region,Aotea/Great Barrier Local Board Area,Tāmaki Herenga Manawa,Rural other,Full Primary,,State,33,475,Open
1399,Onehunga Primary School,122 Arthur Street ,Onehunga,Auckland,1061.0,-36.92067,174.783621,POINT(174.783621 -36.92067),Auckland Region,Maungakiekie-Tāmaki Local Board Area,Tāmaki Herenga Manawa,Major urban area,Contributing,,State,426,410,Open
1400,Onepoto School,31 Fraser Avenue ,Northcote,Auckland,748.0,-36.79803,174.746612,POINT(174.746612 -36.79803),Auckland Region,Kaipātiki Local Board Area,Tāmaki Herenga Tāngata,Major urban area,Contributing,,State,151,512,Open
1401,Opaheke School,Tasman Drive ,,Papakura,2113.0,-37.074307,174.9505,POINT(174.9505 -37.074307),Auckland Region,Papakura Local Board Area,Tāmaki Herenga Waka,Major urban area,Full Primary,,State,618,460,Open
1402,Orakei School,Grace Street ,Orakei,Auckland,1745.0,-36.858376,174.815043,POINT(174.815043 -36.858376),Auckland Region,Ōrākei Local Board Area,Tāmaki Herenga Manawa,Major urban area,Full Primary,,State,242,449,Open
1403,Oranga School,21 Rangipawa Road ,One Tree Hill,Auckland,1061.0,-36.907138,174.80004,POINT(174.80004 -36.907138),Auckland Region,Maungakiekie-Tāmaki Local Board Area,Tāmaki Herenga Manawa,Major urban area,Contributing,,State,224,437,Open
1404,Oratia School,1 Shaw Road ,Oratia,Auckland,604.0,-36.91304,174.620405,POINT(174.620405 -36.91304),Auckland Region,Waitākere Ranges Local Board Area,Tāmaki Herenga Tāngata,Rural other,Contributing,,State,438,410,Open
1405,Orere School,275 Orere Point Road ,Orere Point,Papakura,2585.0,-36.977936,175.22616,POINT(175.22616 -36.977936),Auckland Region,Franklin Local Board Area,Tāmaki Herenga Waka,Rural other,Full Primary,,State,38,473,Open
1406,Orewa Beach School,280 Centreway Road ,,Orewa,931.0,-36.579615,174.688479,POINT(174.688479 -36.579615),Auckland Region,Hibiscus and Bays Local Board Area,Tāmaki Herenga Tāngata,Large urban area,Contributing,,State,398,425,Open
1407,Orewa Primary School,86 Maire Road ,,Orewa,931.0,-36.585841,174.678986,POINT(174.678986 -36.585841),Auckland Region,Hibiscus and Bays Local Board Area,Tāmaki Herenga Tāngata,Large urban area,Contributing,,State,379,390,Open
1408,Otahuhu Intermediate,22 Luke Street ,Otahuhu,Auckland,1640.0,-36.937133,174.847248,POINT(174.847248 -36.937133),Auckland Region,Māngere-Ōtāhuhu Local Board Area,Tāmaki Herenga Waka,Major urban area,Intermediate,,State,375,502,Open
1409,Otahuhu School,41 Station Road ,Otahuhu,Auckland,1640.0,-36.942854,174.839664,POINT(174.839664 -36.942854),Auckland Region,Māngere-Ōtāhuhu Local Board Area,Tāmaki Herenga Waka,Major urban area,Contributing,,State,550,490,Open
1410,Otaua School,55 Maioro Road ,,Waiuku,2682.0,-37.306305,174.741349,POINT(174.741349 -37.306305),Waikato Region,Waikato District,Tāmaki Herenga Waka,Rural other,Full Primary,,State,222,450,Open
1411,Our Lady Sacred Heart School (Epsom),19 Banff Avenue ,Epsom,Auckland,1347.0,-36.897436,174.770376,POINT(174.770376 -36.897436),Auckland Region,Albert-Eden Local Board Area,Tāmaki Herenga Manawa,Major urban area,Contributing,,State : Integrated,209,344,Open
1412,Owairaka District School,113 Richardson Road ,Mount Albert,Auckland,1025.0,-36.895219,174.715658,POINT(174.715658 -36.895219),Auckland Region,Albert-Eden Local Board Area,Tāmaki Herenga Manawa,Major urban area,Contributing,,State,384,431,Open
1413,Owairoa Primary School,85s Nelson Street ,Howick,Auckland,2014.0,-36.899077,174.926309,POINT(174.926309 -36.899077),Auckland Region,Howick Local Board Area,Tāmaki Herenga Manawa,Major urban area,Contributing,,State,805,391,Open
1414,Paerata School,32 Jonah Lomu Drive ,,Paerata,2124.0,-37.141628,174.886531,POINT(174.886531 -37.141628),Auckland Region,Franklin Local Board Area,Tāmaki Herenga Waka,Rural settlement,Full Primary,,State,177,465,Open
1416,Pakuranga Heights School,77 Udys Road ,Pakuranga,Auckland,2140.0,-36.915569,174.882538,POINT(174.882538 -36.915569),Auckland Region,Howick Local Board Area,Tāmaki Herenga Manawa,Major urban area,Contributing,,State,495,449,Open
1417,Pakuranga Intermediate,43 Reeves Road ,Pakuranga,Auckland,2010.0,-36.914181,174.876417,POINT(174.876417 -36.914181),Auckland Region,Howick Local Board Area,Tāmaki Herenga Manawa,Major urban area,Intermediate,,State,278,486,Open
1418,Panama Road School,139 Panama Road ,Mt Wellington,Auckland,1062.0,-36.926098,174.853836,POINT(174.853836 -36.926098),Auckland Region,Maungakiekie-Tāmaki Local Board Area,Tāmaki Herenga Waka,Major urban area,Full Primary,,State,344,511,Open
1419,Panmure Bridge School,76 Kings Road ,Panmure,Auckland,1072.0,-36.901885,174.863906,POINT(174.863906 -36.901885),Auckland Region,Maungakiekie-Tāmaki Local Board Area,Tāmaki Herenga Manawa,Major urban area,Full Primary,,State,211,499,Open
1420,Panmure District School,87 Mount Wellington Highway ,Panmure,Auckland,1741.0,-36.901551,174.842517,POINT(174.842517 -36.901551),Auckland Region,Maungakiekie-Tāmaki Local Board Area,Tāmaki Herenga Manawa,Major urban area,Full Primary,,State,168,473,Open
1421,Papakura Central School,23 Ray Small Drive ,,Papakura,2110.0,-37.067973,174.936786,POINT(174.936786 -37.067973),Auckland Region,Papakura Local Board Area,Tāmaki Herenga Waka,Major urban area,Contributing,,State,447,437,Open
1422,Papakura Intermediate,50 Settlement Road ,,Papakura,2246.0,-37.06625,174.953941,POINT(174.953941 -37.06625),Auckland Region,Papakura Local Board Area,Tāmaki Herenga Waka,Major urban area,Intermediate,,State,313,542,Open
1423,Papakura Normal School,49 Walters Road ,,Papakura,2110.0,-37.048895,174.93616,POINT(174.93616 -37.048895),Auckland Region,Papakura Local Board Area,Tāmaki Herenga Waka,Major urban area,Full Primary,,State,768,491,Open
1424,Kereru Park Campus,58 Beach Road ,,Papakura,2244.0,-37.074483,174.936647,POINT(174.936647 -37.074483),Auckland Region,Papakura Local Board Area,Tāmaki Herenga Waka,Major urban area,Full Primary,,State,157,542,Open
1425,Paparimu School,3 Matheson Road ,Paparimu,Papakura,2583.0,-37.1462,175.126691,POINT(175.126691 -37.1462),Auckland Region,Franklin Local Board Area,Tāmaki Herenga Waka,Rural other,Full Primary,,State,36,454,Open
1426,Papatoetoe Central School,Great South Road ,Papatoetoe,Auckland,2155.0,-36.973673,174.864139,POINT(174.864139 -36.973673),Auckland Region,Ōtara-Papatoetoe Local Board Area,Tāmaki Herenga Waka,Major urban area,Contributing,,State,903,419,Open
1427,Papatoetoe East School,Tui Road ,Papatoetoe,Auckland,2241.0,-36.973521,174.875624,POINT(174.875624 -36.973521),Auckland Region,Ōtara-Papatoetoe Local Board Area,Tāmaki Herenga Waka,Major urban area,Contributing,,State,584,463,Open
1428,Papatoetoe Intermediate,175 Motatau Road ,Papatoetoe,Auckland,2155.0,-36.961663,174.854483,POINT(174.854483 -36.961663),Auckland Region,Ōtara-Papatoetoe Local Board Area,Tāmaki Herenga Waka,Major urban area,Intermediate,,State,722,477,Open
1429,Papatoetoe North School,25 Graeme Avenue ,Mangere East,Auckland,2024.0,-36.971049,174.835289,POINT(174.835289 -36.971049),Auckland Region,Ōtara-Papatoetoe Local Board Area,Tāmaki Herenga Waka,Major urban area,Contributing,,State,752,470,Open
1430,Papatoetoe South School,Milan Road ,Papatoetoe,Auckland,2025.0,-36.988413,174.853098,POINT(174.853098 -36.988413),Auckland Region,Ōtara-Papatoetoe Local Board Area,Tāmaki Herenga Waka,Major urban area,Contributing,,State,590,480,Open
1431,Papatoetoe West School,Hillcrest Road ,Papatoetoe,Auckland,2025.0,-36.979128,174.848344,POINT(174.848344 -36.979128),Auckland Region,Ōtara-Papatoetoe Local Board Area,Tāmaki Herenga Waka,Major urban area,Contributing,,State,670,468,Open
1432,Parakai School,10 Fordyce Road ,,Parakai,830.0,-36.663249,174.432924,POINT(174.432924 -36.663249),Auckland Region,Rodney Local Board Area,Tāmaki Herenga Tāngata,Small urban area,Full Primary,,State,216,481,Open
1433,Ridgeview School,1 Cutts Crescent ,Paremoremo,Auckland,632.0,-36.754652,174.648367,POINT(174.648367 -36.754652),Auckland Region,Upper Harbour Local Board Area,Tāmaki Herenga Tāngata,Rural other,Contributing,,State,50,470,Open
1434,Mangapikopiko School,202 Park Estate Road ,,Papakura,2247.0,-37.086943,174.927885,POINT(174.927885 -37.086943),Auckland Region,Papakura Local Board Area,Tāmaki Herenga Waka,Major urban area,Contributing,,State,277,528,Open
1435,Parkside School,184 Wellington Street ,,Pukekohe,2120.0,-37.21619,174.897546,POINT(174.897546 -37.21619),Auckland Region,Franklin Local Board Area,Tāmaki Herenga Waka,Medium urban area,Specialist School,Day Specialist,State,176,493,Open
1436,Parnell School,48 St Stephens Avenue ,Parnell,Auckland,1052.0,-36.855398,174.787907,POINT(174.787907 -36.855398),Auckland Region,Waitematā Local Board Area,Tāmaki Herenga Manawa,Major urban area,Full Primary,,State,520,382,Open
1437,Pasadena Intermediate,Moray Place ,Point Chevalier,Auckland,1022.0,-36.865836,174.717967,POINT(174.717967 -36.865836),Auckland Region,Albert-Eden Local Board Area,Tāmaki Herenga Manawa,Major urban area,Intermediate,,State,361,414,Open
1438,Patumāhoe Primary School,38 Patumahoe Road ,,Patumahoe,2679.0,-37.18751,174.832724,POINT(174.832724 -37.18751),Auckland Region,Franklin Local Board Area,Tāmaki Herenga Waka,Small urban area,Contributing,,State,268,415,Open
1439,Pigeon Mountain School,22 Wells Road ,Bucklands Beach,Auckland,2012.0,-36.882663,174.90705,POINT(174.90705 -36.882663),Auckland Region,Howick Local Board Area,Tāmaki Herenga Manawa,Major urban area,Contributing,,State,481,353,Open
1440,Point Chevalier School Rangi-mata-rau,Te Ra Road ,Point Chevalier,Auckland,1022.0,-36.860666,174.704211,POINT(174.704211 -36.860666),Auckland Region,Albert-Eden Local Board Area,Tāmaki Herenga Manawa,Major urban area,Contributing,,State,622,360,Open
1441,Pt England School,130 Pt England Road ,Panmure,Auckland,1072.0,-36.882824,174.866626,POINT(174.866626 -36.882824),Auckland Region,Maungakiekie-Tāmaki Local Board Area,Tāmaki Herenga Manawa,Major urban area,Full Primary,,State,447,518,Open
1442,Pokeno School,54 Pokeno Road ,,Pokeno,2472.0,-37.243489,175.01488,POINT(175.01488 -37.243489),Waikato Region,Waikato District,Tāmaki Herenga Waka,Small urban area,Full Primary,,State,671,429,Open
1444,Pomaria Road School,33a Pomaria Road ,Henderson,Auckland,610.0,-36.861407,174.626359,POINT(174.626359 -36.861407),Auckland Region,Henderson-Massey Local Board Area,Tāmaki Herenga Tāngata,Major urban area,Contributing,,State,435,487,Open
1445,Ponsonby Intermediate,50 Clarence Street ,Ponsonby,Auckland,1011.0,-36.848062,174.739685,POINT(174.739685 -36.848062),Auckland Region,Waitematā Local Board Area,Tāmaki Herenga Manawa,Major urban area,Intermediate,,State,591,380,Open
1446,Ponsonby Primary School,44 Curran Street ,Herne Bay,Auckland,1011.0,-36.842089,174.738996,POINT(174.738996 -36.842089),Auckland Region,Waitematā Local Board Area,Tāmaki Herenga Manawa,Major urban area,Contributing,,State,308,364,Open
1447,Prospect School,Rosier Road ,Glen Eden,Auckland,602.0,-36.915184,174.639896,POINT(174.639896 -36.915184),Auckland Region,Waitākere Ranges Local Board Area,Tāmaki Herenga Tāngata,Major urban area,Contributing,,State,324,495,Open
1448,Puhinui School,116 Puhinui Road ,Papatoetoe,Auckland,2241.0,-36.985961,174.866042,POINT(174.866042 -36.985961),Auckland Region,Ōtara-Papatoetoe Local Board Area,Tāmaki Herenga Waka,Major urban area,Contributing,,State,768,432,Open
1449,Pukekawa School,803 Highway 22 ,,Tuakau,2696.0,-37.341765,174.986308,POINT(174.986308 -37.341765),Waikato Region,Waikato District,Tāmaki Herenga Waka,Rural other,Contributing,,State,81,452,Open
1450,Pukekohe East School,137 Runciman Road ,,Pukekohe,2677.0,-37.184496,174.94503,POINT(174.94503 -37.184496),Auckland Region,Franklin Local Board Area,Tāmaki Herenga Waka,Medium urban area,Contributing,,State,154,404,Open
1451,Pukekohe Hill School,12 Green Lane ,,Pukekohe,2120.0,-37.211549,174.892292,POINT(174.892292 -37.211549),Auckland Region,Franklin Local Board Area,Tāmaki Herenga Waka,Medium urban area,Contributing,,State,542,452,Open
1452,Pukekohe Intermediate,44-74 Queen Street ,,Pukekohe,2340.0,-37.2036,174.901574,POINT(174.901574 -37.2036),Auckland Region,Franklin Local Board Area,Tāmaki Herenga Waka,Medium urban area,Intermediate,,State,689,465,Open
1453,Pukekohe North School,Princes Street ,,Pukekohe,2120.0,-37.195792,174.895974,POINT(174.895974 -37.195792),Auckland Region,Franklin Local Board Area,Tāmaki Herenga Waka,Medium urban area,Full Primary,,State,347,558,Open
1454,Pukeoware School,479 Baldhill Road ,,Waiuku,2681.0,-37.242601,174.774925,POINT(174.774925 -37.242601),Waikato Region,Waikato District,Tāmaki Herenga Waka,Rural other,Full Primary,,State,163,446,Open
1455,Puni School,357 Waiuku Road ,Puni,Pukekohe,2678.0,-37.232363,174.854579,POINT(174.854579 -37.232363),Auckland Region,Franklin Local Board Area,Tāmaki Herenga Waka,Rural other,Contributing,,State,206,430,Open
1456,Ramarama School,126 Ararimu Road ,,Drury,2579.0,-37.1423,174.973732,POINT(174.973732 -37.1423),Auckland Region,Franklin Local Board Area,Tāmaki Herenga Waka,Rural other,Full Primary,,State,218,412,Open
1457,Rangeview Intermediate,Keru Place ,Te Atatu South,Auckland,652.0,-36.868618,174.644966,POINT(174.644966 -36.868618),Auckland Region,Henderson-Massey Local Board Area,Tāmaki Herenga Tāngata,Major urban area,Intermediate,,State,457,465,Open
1458,Rānui Primary School,Ranui Station Road ,Ranui,Auckland,612.0,-36.865845,174.603406,POINT(174.603406 -36.865845),Auckland Region,Henderson-Massey Local Board Area,Tāmaki Herenga Tāngata,Major urban area,Contributing,,State,409,519,Open
1459,Redhill School,Redcrest Avenue ,,Papakura,2244.0,-37.06993,174.971627,POINT(174.971627 -37.06993),Auckland Region,Papakura Local Board Area,Tāmaki Herenga Waka,Major urban area,Full Primary,,State,205,535,Open
1460,Redoubt North School,Diorella Drive ,Manukau Central,Auckland,2023.0,-36.985861,174.889971,POINT(174.889971 -36.985861),Auckland Region,Ōtara-Papatoetoe Local Board Area,Tāmaki Herenga Waka,Major urban area,Full Primary,,State,475,475,Open
1461,Remuera Intermediate,Ascot Avenue ,Remuera,Auckland,1050.0,-36.886299,174.799566,POINT(174.799566 -36.886299),Auckland Region,Ōrākei Local Board Area,Tāmaki Herenga Manawa,Major urban area,Intermediate,,State,887,380,Open
1462,Remuera School,25 Dromorne Road ,Remuera,Auckland,1050.0,-36.881603,174.793116,POINT(174.793116 -36.881603),Auckland Region,Ōrākei Local Board Area,Tāmaki Herenga Manawa,Major urban area,Contributing,,State,569,348,Open
1463,Richmond Road School,113 Richmond Road ,Ponsonby,Auckland,1021.0,-36.856164,174.739777,POINT(174.739777 -36.856164),Auckland Region,Waitematā Local Board Area,Tāmaki Herenga Manawa,Major urban area,Contributing,,State,285,403,Open
1464,Riverhead School,21 School Road ,,Riverhead,820.0,-36.753222,174.593955,POINT(174.593955 -36.753222),Auckland Region,Rodney Local Board Area,Tāmaki Herenga Tāngata,Small urban area,Full Primary,,State,469,389,Open
1465,Riverhills School,13 Waikaremoana Place ,Pakuranga,Auckland,2010.0,-36.91995,174.889636,POINT(174.889636 -36.91995),Auckland Region,Howick Local Board Area,Tāmaki Herenga Manawa,Major urban area,Contributing,,State,129,494,Open
1466,Riverina School,30 Millen Avenue ,Pakuranga,Auckland,2010.0,-36.913968,174.861813,POINT(174.861813 -36.913968),Auckland Region,Howick Local Board Area,Tāmaki Herenga Manawa,Major urban area,Contributing,,State,138,468,Open
1467,Robertson Road School,205 Robertson Road ,Mangere,Auckland,2024.0,-36.967795,174.810345,POINT(174.810345 -36.967795),Auckland Region,Māngere-Ōtāhuhu Local Board Area,Tāmaki Herenga Waka,Major urban area,Full Primary,,State,502,507,Open
1468,Rongomai School,20 Rongomai Road ,East Tamaki,Auckland,2023.0,-36.968476,174.889019,POINT(174.889019 -36.968476),Auckland Region,Ōtara-Papatoetoe Local Board Area,Tāmaki Herenga Waka,Major urban area,Contributing,,State,151,526,Open
1470,Roscommon School,23 Burundi Avenue ,Manurewa,Auckland,2103.0,-37.026919,174.863548,POINT(174.863548 -37.026919),Auckland Region,Manurewa Local Board Area,Tāmaki Herenga Waka,Major urban area,Contributing,,State,542,517,Open
1471,Te Kura o Pātiki Rosebank School,217 Rosebank Road ,Avondale,Auckland,1026.0,-36.888166,174.68573,POINT(174.68573 -36.888166),Auckland Region,Whau Local Board Area,Tāmaki Herenga Manawa,Major urban area,Contributing,,State,564,476,Open
1472,Rosehill School,48-52  Rosehill Drive ,,Papakura,2113.0,-37.075817,174.93643,POINT(174.93643 -37.075817),Auckland Region,Papakura Local Board Area,Tāmaki Herenga Waka,Major urban area,Specialist School,Day Specialist,State,343,507,Open
1473,Rosehill Intermediate,Jupiter Street ,,Papakura,2244.0,-37.078203,174.935794,POINT(174.935794 -37.078203),Auckland Region,Papakura Local Board Area,Tāmaki Herenga Waka,Major urban area,Intermediate,,State,389,467,Open
1474,Rowandale School,73 Rowandale Avenue ,Manurewa,Auckland,2102.0,-37.024803,174.875236,POINT(174.875236 -37.024803),Auckland Region,Manurewa Local Board Area,Tāmaki Herenga Waka,Major urban area,Contributing,,State,563,520,Open
1475,Royal Oak School,Chandler Avenue ,Royal Oak,Auckland,1023.0,-36.908656,174.774377,POINT(174.774377 -36.908656),Auckland Region,Puketāpapa Local Board Area,Tāmaki Herenga Manawa,Major urban area,Contributing,,State,434,381,Open
1476,Royal Road School,Royal Road ,Massey,Auckland,614.0,-36.831663,174.618092,POINT(174.618092 -36.831663),Auckland Region,Henderson-Massey Local Board Area,Tāmaki Herenga Tāngata,Major urban area,Full Primary,,State,337,491,Open
1477,Ruapotaka School,10A Taratoa Street ,Panmure,Auckland,1072.0,-36.888067,174.860646,POINT(174.860646 -36.888067),Auckland Region,Maungakiekie-Tāmaki Local Board Area,Tāmaki Herenga Manawa,Major urban area,Full Primary,,State,134,526,Open
1478,Rutherford School,2 Kotuku Street ,Te Atatu Peninsula,Auckland,610.0,-36.852559,174.648899,POINT(174.648899 -36.852559),Auckland Region,Henderson-Massey Local Board Area,Tāmaki Herenga Tāngata,Major urban area,Contributing,,State,298,433,Open
1479,Sandspit Road School,Sandspit Road ,,Waiuku,2123.0,-37.240151,174.723952,POINT(174.723952 -37.240151),Auckland Region,Franklin Local Board Area,Tāmaki Herenga Waka,Small urban area,Full Primary,,State,268,459,Open
1480,Shelly Park School,13 Sunnyview Avenue ,Shelly Park,Auckland,2014.0,-36.908181,174.944935,POINT(174.944935 -36.908181),Auckland Region,Howick Local Board Area,Tāmaki Herenga Manawa,Major urban area,Contributing,,State,454,375,Open
1481,Sherwood School (Auckland),Sartors Avenue ,Browns Bay,Auckland,630.0,-36.715417,174.730853,POINT(174.730853 -36.715417),Auckland Region,Hibiscus and Bays Local Board Area,Tāmaki Herenga Tāngata,Major urban area,Contributing,,State,480,372,Open
1482,Silverdale School,4 Longmore Lane ,,Silverdale,944.0,-36.606136,174.679658,POINT(174.679658 -36.606136),Auckland Region,Hibiscus and Bays Local Board Area,Tāmaki Herenga Tāngata,Large urban area,Contributing,,State,629,382,Open
1483,Sir Keith Park School,33 Robertson Road ,Mangere,Auckland,2024.0,-36.955425,174.802486,POINT(174.802486 -36.955425),Auckland Region,Māngere-Ōtāhuhu Local Board Area,Tāmaki Herenga Waka,Major urban area,Specialist School,Day Specialist,State,188,500,Open
1484,Sommerville School,80A Tripoli Road ,Panmure,Auckland,1072.0,-36.893264,174.86422,POINT(174.86422 -36.893264),Auckland Region,Maungakiekie-Tāmaki Local Board Area,Tāmaki Herenga Manawa,Major urban area,Specialist School,Day Specialist,State,399,444,Open
1486,St Anne's Catholic School (Manurewa),124 Russell Road ,Manurewa,Auckland,2241.0,-37.021108,174.882432,POINT(174.882432 -37.021108),Auckland Region,Manurewa Local Board Area,Tāmaki Herenga Waka,Major urban area,Full Primary,,State : Integrated,493,453,Open
1487,St Dominic's Catholic School (Blockhouse Bay),32 Bolton Street ,Blockhouse Bay,Auckland,600.0,-36.919392,174.698727,POINT(174.698727 -36.919392),Auckland Region,Whau Local Board Area,Tāmaki Herenga Manawa,Major urban area,Contributing,,State : Integrated,264,356,Open
1488,St Francis Catholic School (Pt Chevalier),Montrose Street ,Point Chevalier,Auckland,1246.0,-36.870176,174.708386,POINT(174.708386 -36.870176),Auckland Region,Albert-Eden Local Board Area,Tāmaki Herenga Manawa,Major urban area,Contributing,,State : Integrated,269,367,Open
1489,St Heliers School,126 St Heliers Bay Road ,St Heliers,Auckland,1740.0,-36.857581,174.860517,POINT(174.860517 -36.857581),Auckland Region,Ōrākei Local Board Area,Tāmaki Herenga Manawa,Major urban area,Full Primary,,State,635,366,Open
1490,St Ignatius Catholic School (St Heliers),72 Speight Road ,St Heliers,Auckland,1071.0,-36.85269,174.850047,POINT(174.850047 -36.85269),Auckland Region,Ōrākei Local Board Area,Tāmaki Herenga Manawa,Major urban area,Contributing,,State : Integrated,218,354,Open
1491,St John the Evangelist Catholic School,14B Otara Road ,Otara,Auckland,2159.0,-36.961253,174.869759,POINT(174.869759 -36.961253),Auckland Region,Ōtara-Papatoetoe Local Board Area,Tāmaki Herenga Waka,Major urban area,Full Primary,,State : Integrated,193,487,Open
1492,St John's School (Mairangi Bay),87A Penzance Road ,Mairangi Bay,Auckland,630.0,-36.738602,174.743684,POINT(174.743684 -36.738602),Auckland Region,Hibiscus and Bays Local Board Area,Tāmaki Herenga Tāngata,Major urban area,Contributing,,State : Integrated,303,350,Open
1493,St Joseph's School (Grey Lynn),456 Great North Road ,Grey Lynn,Auckland,1245.0,-36.867102,174.739932,POINT(174.739932 -36.867102),Auckland Region,Waitematā Local Board Area,Tāmaki Herenga Manawa,Major urban area,Full Primary,,State : Integrated,75,447,Open
1494,St Joseph's Catholic School (Onehunga),125 Church Street ,Onehunga,Auckland,1061.0,-36.922912,174.788102,POINT(174.788102 -36.922912),Auckland Region,Maungakiekie-Tāmaki Local Board Area,Tāmaki Herenga Manawa,Major urban area,Full Primary,,State : Integrated,168,447,Open
1495,St Joseph's School (Orakei),16 Brenton Place ,Orakei,Auckland,1071.0,-36.86268,174.820998,POINT(174.820998 -36.86268),Auckland Region,Ōrākei Local Board Area,Tāmaki Herenga Manawa,Major urban area,Contributing,,State : Integrated,22,394,Open
1496,St Joseph's School (Otahuhu),29 High Street ,Otahuhu,Auckland,1062.0,-36.945142,174.847641,POINT(174.847641 -36.945142),Auckland Region,Māngere-Ōtāhuhu Local Board Area,Tāmaki Herenga Waka,Major urban area,Full Primary,,State : Integrated,269,468,Open
1497,St Joseph's School (Pukekohe),94 Seddon Street ,,Pukekohe,2340.0,-37.195916,174.901262,POINT(174.901262 -37.195916),Auckland Region,Franklin Local Board Area,Tāmaki Herenga Waka,Medium urban area,Contributing,,State : Integrated,340,427,Open
1498,St Joseph's Catholic School (Takapuna),2 Taharoto Road ,Takapuna,Auckland,622.0,-36.791104,174.761823,POINT(174.761823 -36.791104),Auckland Region,Devonport-Takapuna Local Board Area,Tāmaki Herenga Tāngata,Major urban area,Contributing,,State : Integrated,418,346,Open
1499,St Leonards Road School,15 St Leonards Road ,Kelston,Auckland,645.0,-36.898887,174.662759,POINT(174.662759 -36.898887),Auckland Region,Whau Local Board Area,Tāmaki Herenga Tāngata,Major urban area,Contributing,,State,436,481,Open
1500,St Leo's Catholic School (Devonport),102 Victoria Road ,Devonport,Auckland,744.0,-36.825322,174.796563,POINT(174.796563 -36.825322),Auckland Region,Devonport-Takapuna Local Board Area,Tāmaki Herenga Tāngata,Major urban area,Contributing,,State : Integrated,55,380,Open
1501,St Mark's School (Pakuranga),334 Pakuranga Road ,Pakuranga,Auckland,2143.0,-36.901451,174.89715,POINT(174.89715 -36.901451),Auckland Region,Howick Local Board Area,Tāmaki Herenga Manawa,Major urban area,Contributing,,State : Integrated,204,379,Open
1502,St Mary's Catholic School (Papakura),54 Clark Road ,,Papakura,2113.0,-37.071188,174.93651,POINT(174.93651 -37.071188),Auckland Region,Papakura Local Board Area,Tāmaki Herenga Waka,Major urban area,Contributing,,State : Integrated,389,425,Open
1503,St Mary's Catholic School (Avondale),2136 Great North Road ,Avondale,Auckland,600.0,-36.901674,174.693382,POINT(174.693382 -36.901674),Auckland Region,Whau Local Board Area,Tāmaki Herenga Manawa,Major urban area,Full Primary,,State : Integrated,170,447,Open
1504,St Mary's School (Ellerslie),58 Main Highway ,Ellerslie,Auckland,1542.0,-36.895625,174.803433,POINT(174.803433 -36.895625),Auckland Region,Maungakiekie-Tāmaki Local Board Area,Tāmaki Herenga Manawa,Major urban area,Contributing,,State : Integrated,373,367,Open
1505,St Mary's School (Northcote),45 Gladstone Road ,Northcote,Auckland,627.0,-36.807517,174.739083,POINT(174.739083 -36.807517),Auckland Region,Kaipātiki Local Board Area,Tāmaki Herenga Tāngata,Major urban area,Contributing,,State : Integrated,327,365,Open
1506,St Michael's Catholic School (Remuera),6 Beatrice Road ,Remuera,Auckland,1050.0,-36.873455,174.783908,POINT(174.783908 -36.873455),Auckland Region,Ōrākei Local Board Area,Tāmaki Herenga Manawa,Major urban area,Contributing,,State : Integrated,226,344,Open
1507,St Patrick's School (Panmure),5 Church Crescent ,Panmure,Auckland,1072.0,-36.902249,174.857072,POINT(174.857072 -36.902249),Auckland Region,Maungakiekie-Tāmaki Local Board Area,Tāmaki Herenga Manawa,Major urban area,Full Primary,,State : Integrated,71,445,Open
1508,St Pius X Catholic School (Glen Innes),103 Castledine Crescent ,Glen Innes,Auckland,1072.0,-36.871504,174.854399,POINT(174.854399 -36.871504),Auckland Region,Maungakiekie-Tāmaki Local Board Area,Tāmaki Herenga Manawa,Major urban area,Full Primary,,State : Integrated,122,501,Open
1509,St Therese School (Three Kings),463 Mt Albert Road ,Three Kings,Auckland,1041.0,-36.908246,174.750528,POINT(174.750528 -36.908246),Auckland Region,Puketāpapa Local Board Area,Tāmaki Herenga Manawa,Major urban area,Full Primary,,State : Integrated,83,470,Open
1510,St Thomas School (Auckland),Allum Street ,Kohimarama,Auckland,1071.0,-36.863082,174.841452,POINT(174.841452 -36.863082),Auckland Region,Ōrākei Local Board Area,Tāmaki Herenga Manawa,Major urban area,Full Primary,,State,786,377,Open
1511,Stanhope Road School,2 B Harris Road ,Mount Wellington,Auckland,1545.0,-36.895579,174.83179,POINT(174.83179 -36.895579),Auckland Region,Maungakiekie-Tāmaki Local Board Area,Tāmaki Herenga Manawa,Major urban area,Full Primary,,State,574,415,Open
1512,Stanley Bay School,15 Russell Street ,Stanley Point,Auckland,624.0,-36.825518,174.784759,POINT(174.784759 -36.825518),Auckland Region,Devonport-Takapuna Local Board Area,Tāmaki Herenga Tāngata,Major urban area,Contributing,,State,167,360,Open
1513,Stanmore Bay School,32 Waiora Road ,,Whangaparaoa,932.0,-36.62347,174.727916,POINT(174.727916 -36.62347),Auckland Region,Hibiscus and Bays Local Board Area,Tāmaki Herenga Tāngata,Large urban area,Contributing,,State,487,426,Open
1514,Our Lady Star of the Sea School (Howick),14 Oakridge Way ,Howick South,Auckland,2013.0,-36.919424,174.922996,POINT(174.922996 -36.919424),Auckland Region,Howick Local Board Area,Tāmaki Herenga Manawa,Major urban area,Contributing,,State : Integrated,297,355,Open
1515,Sunnyhills School,17 The Crest ,Pakuranga,Auckland,2010.0,-36.90209,174.883307,POINT(174.883307 -36.90209),Auckland Region,Howick Local Board Area,Tāmaki Herenga Manawa,Major urban area,Contributing,,State,480,367,Open
1516,Sunnybrae Normal School,36 Sunnybrae Road ,Hillcrest,Auckland,627.0,-36.789612,174.744714,POINT(174.744714 -36.789612),Auckland Region,Kaipātiki Local Board Area,Tāmaki Herenga Tāngata,Major urban area,Contributing,,State,377,386,Open
1518,Sunnynook School,Lyford Crescent ,Takapuna North,Auckland,620.0,-36.752399,174.742493,POINT(174.742493 -36.752399),Auckland Region,Devonport-Takapuna Local Board Area,Tāmaki Herenga Tāngata,Major urban area,Contributing,,State,503,392,Open
1519,Sunnyvale School,Ribblesdale Road ,Henderson,Auckland,612.0,-36.892405,174.636054,POINT(174.636054 -36.892405),Auckland Region,Henderson-Massey Local Board Area,Tāmaki Herenga Tāngata,Major urban area,Contributing,,State,494,477,Open
1520,Sutton Park School,89 Vine Street ,Mangere East,Auckland,2024.0,-36.957182,174.821816,POINT(174.821816 -36.957182),Auckland Region,Māngere-Ōtāhuhu Local Board Area,Tāmaki Herenga Waka,Major urban area,Full Primary,,State,533,494,Open
1521,Swanson School,703 Swanson Road ,,Swanson,612.0,-36.865447,174.581335,POINT(174.581335 -36.865447),Auckland Region,Waitākere Ranges Local Board Area,Tāmaki Herenga Tāngata,Major urban area,Full Primary,,State,544,462,Open
1522,Sylvia Park School,Longford Street ,Mount Wellington,Auckland,1060.0,-36.913478,174.836562,POINT(174.836562 -36.913478),Auckland Region,Maungakiekie-Tāmaki Local Board Area,Tāmaki Herenga Manawa,Major urban area,Full Primary,,State,581,461,Open
1523,Takanini School,39 Takanini School Road ,Takanini,Auckland,2112.0,-37.039337,174.924695,POINT(174.924695 -37.039337),Auckland Region,Papakura Local Board Area,Tāmaki Herenga Waka,Major urban area,Full Primary,,State,586,500,Open
1524,Takapuna Normal Intermediate,26 Northcote Road ,Takapuna,Auckland,6022.0,-36.787248,174.755731,POINT(174.755731 -36.787248),Auckland Region,Devonport-Takapuna Local Board Area,Tāmaki Herenga Tāngata,Major urban area,Intermediate,,State,721,371,Open
1525,Takapuna School,23 Auburn Street ,Takapuna,Auckland,622.0,-36.787886,174.768572,POINT(174.768572 -36.787886),Auckland Region,Devonport-Takapuna Local Board Area,Tāmaki Herenga Tāngata,Major urban area,Contributing,,State,366,375,Open
1526,Tāmaki School,11a Alamein Road ,Panmure,Auckland,1741.0,-36.894564,174.864784,POINT(174.864784 -36.894564),Auckland Region,Maungakiekie-Tāmaki Local Board Area,Tāmaki Herenga Manawa,Major urban area,Full Primary,,State,177,522,Open
1528,Target Road School,80 Target Road ,Totara Vale,North Shore,629.0,-36.76338,174.733365,POINT(174.733365 -36.76338),Auckland Region,Kaipātiki Local Board Area,Tāmaki Herenga Tāngata,Major urban area,Contributing,,State,451,412,Open
1529,Taupaki School,Cottle Road ,Henderson,Auckland,782.0,-36.820261,174.544543,POINT(174.544543 -36.820261),Auckland Region,Rodney Local Board Area,Tāmaki Herenga Tāngata,Rural other,Full Primary,,State,238,427,Open
1530,Te Atatu Intermediate,Harbour View Road ,Te Atatu Peninsula,Auckland,610.0,-36.840457,174.65287,POINT(174.65287 -36.840457),Auckland Region,Henderson-Massey Local Board Area,Tāmaki Herenga Tāngata,Major urban area,Intermediate,,State,418,434,Open
1531,Peninsula Primary School,Waipani Road ,Te Atatu,Auckland,610.0,-36.833201,174.65172,POINT(174.65172 -36.833201),Auckland Region,Henderson-Massey Local Board Area,Tāmaki Herenga Tāngata,Major urban area,Contributing,,State,434,421,Open
1532,Te Hihi School,767 Linwood Road ,,Papakura,2580.0,-37.114731,174.833213,POINT(174.833213 -37.114731),Auckland Region,Franklin Local Board Area,Tāmaki Herenga Waka,Rural other,Full Primary,,State,139,450,Open
1533,Te Kohanga School,976 Tuakau Bridge-Port Waikato Road ,,Tuakau,2693.0,-37.312704,174.845212,POINT(174.845212 -37.312704),Waikato Region,Waikato District,Tāmaki Herenga Waka,Rural other,Contributing,,State,22,542,Open
1534,Te Papapa School,219 Mt Smart Road ,Onehunga,Auckland,1061.0,-36.915229,174.799656,POINT(174.799656 -36.915229),Auckland Region,Maungakiekie-Tāmaki Local Board Area,Tāmaki Herenga Manawa,Major urban area,Contributing,,State,310,510,Open
1535,Three Kings School,944 Mt Eden Road ,Mount Roskill,Auckland,1024.0,-36.907366,174.759204,POINT(174.759204 -36.907366),Auckland Region,Puketāpapa Local Board Area,Tāmaki Herenga Manawa,Major urban area,Contributing,,State,474,373,Open
1536,Tirimoana School,Kokiri Street ,Te Atatu South,Auckland,610.0,-36.880337,174.650587,POINT(174.650587 -36.880337),Auckland Region,Henderson-Massey Local Board Area,Tāmaki Herenga Tāngata,Major urban area,Contributing,,State,646,417,Open
1537,Titirangi School,Atkinson Road ,Titirangi,Auckland,604.0,-36.938085,174.653783,POINT(174.653783 -36.938085),Auckland Region,Waitākere Ranges Local Board Area,Tāmaki Herenga Tāngata,Major urban area,Contributing,,State,446,366,Open
1538,Torbay School,Deep Creek Road ,Torbay,Auckland,630.0,-36.705384,174.745881,POINT(174.745881 -36.705384),Auckland Region,Hibiscus and Bays Local Board Area,Tāmaki Herenga Tāngata,Major urban area,Contributing,,State,575,391,Open
1539,Tuakau School,6 School Road ,,Tuakau,2121.0,-37.265931,174.940003,POINT(174.940003 -37.265931),Waikato Region,Waikato District,Tāmaki Herenga Waka,Small urban area,Contributing,,State,249,516,Open
1540,Valley School,East Street ,,Pukekohe,2340.0,-37.196975,174.91329,POINT(174.91329 -37.196975),Auckland Region,Franklin Local Board Area,Tāmaki Herenga Waka,Medium urban area,Contributing,,State,463,426,Open
1541,Vauxhall School,Morrison Avenue ,Devonport,Auckland,624.0,-36.817046,174.803082,POINT(174.803082 -36.817046),Auckland Region,Devonport-Takapuna Local Board Area,Tāmaki Herenga Tāngata,Major urban area,Contributing,,State,157,366,Open
1543,Verran Primary School,136 Verran Road ,Birkenhead,Auckland,626.0,-36.802719,174.713393,POINT(174.713393 -36.802719),Auckland Region,Kaipātiki Local Board Area,Tāmaki Herenga Tāngata,Major urban area,Contributing,,State,214,401,Open
1544,Victoria Avenue School,282 Victoria Avenue ,Remuera,Auckland,1050.0,-36.8655,174.799034,POINT(174.799034 -36.8655),Auckland Region,Ōrākei Local Board Area,Tāmaki Herenga Manawa,Major urban area,Contributing,,State,400,344,Open
1545,View Road School,View Road ,,Waiuku,2123.0,-37.245933,174.732101,POINT(174.732101 -37.245933),Auckland Region,Franklin Local Board Area,Tāmaki Herenga Waka,Small urban area,Full Primary,,State,185,524,Open
1546,Viscount School,Viscount Street ,Mangere Central,Auckland,2022.0,-36.967462,174.791455,POINT(174.791455 -36.967462),Auckland Region,Māngere-Ōtāhuhu Local Board Area,Tāmaki Herenga Waka,Major urban area,Full Primary,,State,452,516,Open
1547,Waiau Pa School,571 Waiau Pa Road ,Waiau Pa,Pukekohe,2679.0,-37.138169,174.751987,POINT(174.751987 -37.138169),Auckland Region,Franklin Local Board Area,Tāmaki Herenga Waka,Rural settlement,Full Primary,,State,342,428,Open
1548,Waikowhai Intermediate,Richardson Road ,Mount Roskill,Auckland,1041.0,-36.923362,174.743233,POINT(174.743233 -36.923362),Auckland Region,Puketāpapa Local Board Area,Tāmaki Herenga Manawa,Major urban area,Intermediate,,State,339,442,Open
1549,Waikowhai Primary School,381 Hillsborough Road ,Mount Roskill,Auckland,1042.0,-36.930136,174.741339,POINT(174.741339 -36.930136),Auckland Region,Puketāpapa Local Board Area,Tāmaki Herenga Manawa,Major urban area,Contributing,,State,198,433,Open
1550,Waimauku School,2 Muriwai Road ,,Waimauku,812.0,-36.769953,174.491337,POINT(174.491337 -36.769953),Auckland Region,Rodney Local Board Area,Tāmaki Herenga Tāngata,Small urban area,Full Primary,,State,669,406,Open
1552,Wainui School,492 Waitoki Road ,,Wainui,994.0,-36.607049,174.591915,POINT(174.591915 -36.607049),Auckland Region,Rodney Local Board Area,Tāmaki Herenga Tāngata,Rural other,Full Primary,,State,256,419,Open
1553,Waioneke School,1981 South Head Road ,,Helensville,874.0,-36.542443,174.297376,POINT(174.297376 -36.542443),Auckland Region,Rodney Local Board Area,Tāmaki Herenga Tāngata,Rural other,Full Primary,,State,93,448,Open
1554,Waipipi School,100 Creamery Road ,,Waiuku,2683.0,-37.214289,174.675501,POINT(174.675501 -37.214289),Auckland Region,Franklin Local Board Area,Tāmaki Herenga Waka,Rural other,Full Primary,,State,109,447,Open
1555,Wairau Intermediate,Becroft Drive ,Forrest Hill,Auckland,620.0,-36.760483,174.741895,POINT(174.741895 -36.760483),Auckland Region,Devonport-Takapuna Local Board Area,Tāmaki Herenga Tāngata,Major urban area,Intermediate,,State,340,421,Open
1556,Wairau Valley Special School,102 Hillside Road ,Glenfield,Auckland,627.0,-36.777948,174.733697,POINT(174.733697 -36.777948),Auckland Region,Kaipātiki Local Board Area,Tāmaki Herenga Tāngata,Major urban area,Specialist School,Day Specialist,State,296,434,Open
1557,Waitakere School,10 Bethells Road ,Auckland West,Auckland,614.0,-36.85194,174.539563,POINT(174.539563 -36.85194),Auckland Region,Waitākere Ranges Local Board Area,Tāmaki Herenga Tāngata,Rural settlement,Full Primary,,State,405,419,Open
1558,Waitoki School,1119 Kahikatea Flat Road ,Waitoki,Kaukapakapa,871.0,-36.635456,174.549547,POINT(174.549547 -36.635456),Auckland Region,Rodney Local Board Area,Tāmaki Herenga Tāngata,Rural other,Full Primary,,State,108,422,Open
1559,Waiuku Primary School,George Street ,,Waiuku,2123.0,-37.257574,174.73289,POINT(174.73289 -37.257574),Auckland Region,Franklin Local Board Area,Tāmaki Herenga Waka,Small urban area,Full Primary,,State,368,453,Open
1560,Wakaaranga School,18 Butley Drive ,Farm Cove,Auckland,2012.0,-36.89709,174.894052,POINT(174.894052 -36.89709),Auckland Region,Howick Local Board Area,Tāmaki Herenga Manawa,Major urban area,Contributing,,State,637,381,Open
1561,Warkworth School,35 Hill Street ,,Warkworth,941.0,-36.397754,174.656906,POINT(174.656906 -36.397754),Auckland Region,Rodney Local Board Area,Tāmaki Herenga Tāngata,Small urban area,Contributing,,State,626,433,Open
1562,Waterlea Public School,House Avenue ,Mangere Bridge,Auckland,2022.0,-36.943723,174.772874,POINT(174.772874 -36.943723),Auckland Region,Māngere-Ōtāhuhu Local Board Area,Tāmaki Herenga Manawa,Major urban area,Contributing,,State,410,410,Open
1563,Waterview School,10 Herdman Street ,Waterview,Auckland,1026.0,-36.87706,174.700846,POINT(174.700846 -36.87706),Auckland Region,Albert-Eden Local Board Area,Tāmaki Herenga Manawa,Major urban area,Contributing,,State,255,443,Open
1564,Wesley Intermediate,766-778 Sandringham Road ,Mount Roskill,Auckland,1041.0,-36.903232,174.729639,POINT(174.729639 -36.903232),Auckland Region,Puketāpapa Local Board Area,Tāmaki Herenga Manawa,Major urban area,Intermediate,,State,106,512,Open
1565,Wesley Primary School,24 Potter Avenue ,Mount Roskill,Auckland,1041.0,-36.899937,174.727705,POINT(174.727705 -36.899937),Auckland Region,Puketāpapa Local Board Area,Tāmaki Herenga Manawa,Major urban area,Contributing,,State,169,506,Open
1566,West Harbour School,Oriel Avenue ,West Harbour,Auckland,618.0,-36.823557,174.62252,POINT(174.62252 -36.823557),Auckland Region,Henderson-Massey Local Board Area,Tāmaki Herenga Tāngata,Major urban area,Full Primary,,State,496,495,Open
1567,Western Heights School (Auckland),Sturges Road ,Henderson,Auckland,612.0,-36.882467,174.616385,POINT(174.616385 -36.882467),Auckland Region,Henderson-Massey Local Board Area,Tāmaki Herenga Tāngata,Major urban area,Contributing,,State,659,395,Open
1568,Westmere School (Auckland),81 Garnet Road ,Westmere,Auckland,1022.0,-36.85974,174.724377,POINT(174.724377 -36.85974),Auckland Region,Waitematā Local Board Area,Tāmaki Herenga Manawa,Major urban area,Contributing,,State,363,378,Open
1569,Waimahia Intermediate School,44 Palmers Road ,Clendon Park,Auckland,2242.0,-37.035346,174.86547,POINT(174.86547 -37.035346),Auckland Region,Manurewa Local Board Area,Tāmaki Herenga Waka,Major urban area,Intermediate,,State,238,525,Open
1570,Weymouth School,23 Evans Road ,Weymouth,Auckland,2103.0,-37.046592,174.865615,POINT(174.865615 -37.046592),Auckland Region,Manurewa Local Board Area,Tāmaki Herenga Waka,Major urban area,Contributing,,State,551,497,Open
1571,Whangaparaoa School (Auckland),39 Ladies Mile ,Manly,Whangaparaoa,930.0,-36.635549,174.754756,POINT(174.754756 -36.635549),Auckland Region,Hibiscus and Bays Local Board Area,Tāmaki Herenga Tāngata,Large urban area,Contributing,,State,809,417,Open
1572,Whenuapai School,14 Airport Road ,Whenuapai,Auckland,618.0,-36.793237,174.618891,POINT(174.618891 -36.793237),Auckland Region,Upper Harbour Local Board Area,Tāmaki Herenga Tāngata,Major urban area,Full Primary,,State,682,400,Open
1573,Willow Park School,13 Compton Street ,Hillcrest,Auckland,627.0,-36.797397,174.733482,POINT(174.733482 -36.797397),Auckland Region,Kaipātiki Local Board Area,Tāmaki Herenga Tāngata,Major urban area,Contributing,,State,633,365,Open
1574,Wilson School,1A St Leonards Road ,Hauraki,Auckland,740.0,-36.800195,174.786673,POINT(174.786673 -36.800195),Auckland Region,Devonport-Takapuna Local Board Area,Tāmaki Herenga Tāngata,Major urban area,Specialist School,Day Specialist,State,136,440,Open
1575,Windy Ridge School,Valley View Road ,Glenfield,Auckland,629.0,-36.789845,174.711449,POINT(174.711449 -36.789845),Auckland Region,Kaipātiki Local Board Area,Tāmaki Herenga Tāngata,Major urban area,Contributing,,State,198,387,Open
1576,Wiri Central School,Inverell Avenue ,Manukau City,Auckland,2241.0,-37.000487,174.885458,POINT(174.885458 -37.000487),Auckland Region,Manurewa Local Board Area,Tāmaki Herenga Waka,Major urban area,Full Primary,,State,351,528,Open
1577,Woodhill School,1555 State Highway 16 ,Woodhill,Helensville,875.0,-36.742709,174.4387,POINT(174.4387 -36.742709),Auckland Region,Rodney Local Board Area,Tāmaki Herenga Tāngata,Rural other,Full Primary,,State,80,477,Open
1578,Woodlands Park School,202 Woodlands Park Road ,Titirangi,Auckland,604.0,-36.946677,174.630373,POINT(174.630373 -36.946677),Auckland Region,Waitākere Ranges Local Board Area,Tāmaki Herenga Tāngata,Major urban area,Contributing,,State,277,375,Open
1579,Wymondley Road School,77 Wymondley Road ,Otara,Auckland,2025.0,-36.951004,174.856366,POINT(174.856366 -36.951004),Auckland Region,Ōtara-Papatoetoe Local Board Area,Tāmaki Herenga Waka,Major urban area,Contributing,,State,142,523,Open
1580,Yendarra School,226 Bairds Road ,Otara,Auckland,2159.0,-36.966108,174.877703,POINT(174.877703 -36.966108),Auckland Region,Ōtara-Papatoetoe Local Board Area,Tāmaki Herenga Waka,Major urban area,Contributing,,State,224,512,Open
1581,Chapel Downs School,170 Dawson Road ,Flat Bush,Auckland,2164.0,-36.979496,174.900669,POINT(174.900669 -36.979496),Auckland Region,Howick Local Board Area,Tāmaki Herenga Waka,Major urban area,Contributing,,State,788,479,Open
1582,Nova Montessori School,53 Owles Terrace ,New Brighton,Christchurch,8061.0,-43.510659,172.724993,POINT(172.724993 -43.510659),Canterbury Region,Christchurch City,"Canterbury, Chatham Islands",Major urban area,Full Primary,,Private : Fully Registered,38,0,Open
1584,TKKM o Te Raki Paewhenua,7 Ceres Court ,Mairangi Bay,Auckland,748.0,-36.743396,174.732119,POINT(174.732119 -36.743396),Auckland Region,Upper Harbour Local Board Area,Tāmaki Herenga Tāngata,Major urban area,Composite,,State,148,504,Open
1585,St Anthony's School (Wanganui),88 Alma Road ,,Whanganui,4541.0,-39.939599,175.024063,POINT(175.024063 -39.939599),Manawatū-Whanganui Region,Whanganui District,"Taranaki, Whanganui, Manawatū",Large urban area,Composite,,Private : Fully Registered,91,0,Open
1587,Gloriavale Christian School,28 Heaphy Road ,,Haupiri,7840.0,-42.6058,171.70313,POINT(171.70313 -42.6058),West Coast Region,Grey District,"Nelson, Marlborough, West Coast",Rural settlement,Composite,,Private : Fully Registered,83,0,Open
1588,St Francis Xavier Catholic School (Whangarei),1 Percy Street ,Whau Valley,Whangarei,112.0,-35.702866,174.31496,POINT(174.31496 -35.702866),Northland Region,Whangarei District,Tai Tokerau,Large urban area,Contributing,,State : Integrated,463,404,Open
1589,TKKM o Toku Mapihi Maurea,137 Silverdale Road ,Hillcrest,Hamilton,3254.0,-37.788589,175.324236,POINT(175.324236 -37.788589),Waikato Region,Hamilton City,Waikato,Major urban area,Full Primary,,State,96,463,Open
1592,Marina View School,97 Marina View Drive ,West Harbour,Auckland,618.0,-36.81496,174.64074,POINT(174.64074 -36.81496),Auckland Region,Upper Harbour Local Board Area,Tāmaki Herenga Tāngata,Major urban area,Full Primary,,State,579,386,Open
1593,Kaitoke School (Claris),Kaitoke Lane ,Claris,Great Barrier Island,991.0,-36.256771,175.472761,POINT(175.472761 -36.256771),Auckland Region,Aotea/Great Barrier Local Board Area,Tāmaki Herenga Manawa,Rural other,Full Primary,,State,53,467,Open
1594,Riverview School,23 Riverview Road ,,Kerikeri,245.0,-35.207821,173.969687,POINT(173.969687 -35.207821),Northland Region,Far North District,Tai Tokerau,Small urban area,Contributing,,State,406,436,Open
1595,Titirangi Rudolf Steiner School,5 Helios Place ,Titirangi,Auckland,642.0,-36.952034,174.640776,POINT(174.640776 -36.952034),Auckland Region,Waitākere Ranges Local Board Area,Tāmaki Herenga Tāngata,Major urban area,Composite,,Private : Fully Registered,182,0,Open
1606,UP International College New Zealand,345 Queen Street ,Auckland CBD,Auckland,1245.0,-36.854547,174.762486,POINT(174.762486 -36.854547),Auckland Region,Waitematā Local Board Area,Tāmaki Herenga Manawa,Major urban area,Secondary (Year 9-15),,Private : Fully Registered,159,0,Open
1607,Bishop Edward Gaines Catholic School,Mossop Road ,,Tokoroa,3444.0,-38.223826,175.877656,POINT(175.877656 -38.223826),Waikato Region,South Waikato District,Waikato,Medium urban area,Full Primary,,State : Integrated,49,480,Open
1608,St Matthew's Primary School (Hastings),200 King Street South ,,Hastings,4156.0,-39.641202,176.840089,POINT(176.840089 -39.641202),Hawke's Bay Region,Hastings District,"Hawke's Bay, Tairāwhiti",Large urban area,Full Primary,,State : Integrated,155,436,Open
1611,Timaru Christian School,10 Quarry Road ,Watlington,Timaru,7910.0,-44.403579,171.228316,POINT(171.228316 -44.403579),Canterbury Region,Timaru District,"Canterbury, Chatham Islands",Medium urban area,Composite (Year 1-10),,State : Integrated,160,446,Open
1613,Te Rā School,89 Poplar Avenue ,Raumati South,Kapiti Coast,5032.0,-40.937769,174.984668,POINT(174.984668 -40.937769),Wellington Region,Kapiti Coast District,Wellington,Medium urban area,Full Primary,,State : Integrated,141,411,Open
1616,TKKM o Ngati Kahungunu o Te Wairoa,41 Kitchener Street ,,Wairoa,4160.0,-39.041005,177.417864,POINT(177.417864 -39.041005),Hawke's Bay Region,Wairoa District,"Hawke's Bay, Tairāwhiti",Small urban area,Composite,,State,191,532,Open
1617,TKKM o Ngati Rangi,40 Burns Street ,,Ohakune,4660.0,-39.414824,175.391594,POINT(175.391594 -39.414824),Manawatū-Whanganui Region,Ruapehu District,"Taranaki, Whanganui, Manawatū",Small urban area,Full Primary,,State,51,538,Open
1618,TKKM o Te Whanau Tahi,83 Lyttelton Street ,Spreydon,Christchurch,8244.0,-43.564588,172.614592,POINT(172.614592 -43.564588),Canterbury Region,Christchurch City,"Canterbury, Chatham Islands",Major urban area,Composite,,State,230,494,Open
1625,Ascot Community School,580 Tay Street ,Hawthorndale,Invercargill,9810.0,-46.407172,168.384837,POINT(168.384837 -46.407172),Southland Region,Invercargill City,"Otago, Southland",Large urban area,Full Primary,,State,236,516,Open
1627,St Paul's School (Richmond),63 Salisbury Road ,Richmond,Nelson,7050.0,-41.337953,173.194838,POINT(173.194838 -41.337953),Tasman Region,Tasman District,"Nelson, Marlborough, West Coast",Medium urban area,Full Primary,,State : Integrated,362,404,Open
1630,Central Regional Health School,Level 7 234 Wakefield Street,Te Aro,Wellington,6141.0,-41.292222,174.781261,POINT(174.781261 -41.292222),Wellington Region,Wellington City,Wellington,Major urban area,Specialist School,Regional Health School,State,25,569,Open
1631,Southern Health School,2 Halswell Road ,Hillmorton,Christchurch,8140.0,-43.553887,172.593881,POINT(172.593881 -43.553887),Canterbury Region,Christchurch City,"Canterbury, Chatham Islands",Major urban area,Specialist School,Regional Health School,State,20,569,Open
1633,St Mary MacKillop Catholic School,12 Mcnaughton Avenue ,Mangere,Auckland,2024.0,-36.962612,174.810338,POINT(174.810338 -36.962612),Auckland Region,Māngere-Ōtāhuhu Local Board Area,Tāmaki Herenga Waka,Major urban area,Full Primary,,State : Integrated,355,475,Open
1634,Te Kura Māori o Porirua,392 Warspite Avenue ,Waitangirua,Porirua,5024.0,-41.122124,174.878538,POINT(174.878538 -41.122124),Wellington Region,Porirua City,Wellington,Large urban area,Composite,,State,333,506,Open
1636,St Thomas More Catholic School,19 Gloucester Road ,Bayfair,Mount Maunganui,3116.0,-37.677013,176.226299,POINT(176.226299 -37.677013),Bay of Plenty Region,Tauranga City,"Bay of Plenty, Waiariki",Major urban area,Contributing,,State : Integrated,100,432,Open
1641,Amana Christian School,14 Gordon Road ,,Mosgiel,9053.0,-45.884359,170.353415,POINT(170.353415 -45.884359),Otago Region,Dunedin City,"Otago, Southland",Medium urban area,Composite,,Private : Fully Registered,64,0,Open
1643,St Paul's School (Massey),498 Don Buck Road ,Massey,Auckland,657.0,-36.826973,174.607463,POINT(174.607463 -36.826973),Auckland Region,Henderson-Massey Local Board Area,Tāmaki Herenga Tāngata,Major urban area,Contributing,,State : Integrated,447,398,Open
1645,Te Kura o Tōrere,2276 State Highway 35 ,,Opotiki,3197.0,-37.947644,177.493744,POINT(177.493744 -37.947644),Bay of Plenty Region,Ōpōtiki District,"Bay of Plenty, Waiariki",Rural other,Full Primary,,State,32,543,Open
1646,Wainuiomata Intermediate,66 Konini Street ,Wainuiomata,Lower Hutt,5014.0,-41.252707,174.933393,POINT(174.933393 -41.252707),Wellington Region,Lower Hutt City,Wellington,Major urban area,Intermediate,,State,341,502,Open
1647,Konini Primary School (Wainuiomata),28 Konini Street ,Wainuiomata,Lower Hutt,5014.0,-41.254826,174.936129,POINT(174.936129 -41.254826),Wellington Region,Lower Hutt City,Wellington,Major urban area,Contributing,,State,269,484,Open
1648,Manaia View School,64 Murdoch Crescent ,Raumanga,Whangarei,147.0,-35.745843,174.302758,POINT(174.302758 -35.745843),Northland Region,Whangarei District,Tai Tokerau,Large urban area,Full Primary,,State,187,565,Open
1650,Drummond Primary School,5 Domain Road ,,Drummond,9683.0,-46.153001,168.15067,POINT(168.15067 -46.153001),Southland Region,Southland District,"Otago, Southland",Rural other,Full Primary,,State,112,450,Open
1651,TKKM o Wairarapa,37 Johnstone Street ,,Masterton,5810.0,-40.96076,175.667556,POINT(175.667556 -40.96076),Wellington Region,Masterton District,Wellington,Medium urban area,Composite,,State,166,532,Open
1655,Destiny School,25 Druces Road ,Wiri,Auckland,2241.0,-37.000603,174.877783,POINT(174.877783 -37.000603),Auckland Region,Manurewa Local Board Area,Tāmaki Herenga Waka,Major urban area,Composite,,Private : Fully Registered,13,0,Open
1657,Silverstream (South) Primary School,52 Green Street ,,Mosgiel,9053.0,-45.874688,170.359816,POINT(170.359816 -45.874688),Otago Region,Dunedin City,"Otago, Southland",Medium urban area,Contributing,,State,315,477,Open
1658,Putāruru Primary School,Kennedy Drive ,,Putaruru,3443.0,-38.059323,175.779072,POINT(175.779072 -38.059323),Waikato Region,South Waikato District,Waikato,Small urban area,Contributing,,State,215,539,Open
1659,Lakeview School,Te Ore Ore Road ,,Masterton,5840.0,-40.947899,175.679087,POINT(175.679087 -40.947899),Wellington Region,Masterton District,Wellington,Medium urban area,Full Primary,,State,592,517,Open
1660,Masterton Primary School,53 South Road ,Kuripuni,Masterton,5842.0,-40.962151,175.644532,POINT(175.644532 -40.962151),Wellington Region,Masterton District,Wellington,Medium urban area,Contributing,,State,257,502,Open
1661,Douglas Park School,136 Cole Street ,,Masterton,5840.0,-40.945592,175.646571,POINT(175.646571 -40.945592),Wellington Region,Masterton District,Wellington,Medium urban area,Contributing,,State,332,479,Open
1662,Huia Range School,Cole Street ,,Dannevirke,4930.0,-40.199761,176.10897,POINT(176.10897 -40.199761),Manawatū-Whanganui Region,Tararua District,Wellington,Small urban area,Full Primary,,State,219,529,Open
1663,Stella Maris Primary School,50 Silverdale Street ,,Silverdale,944.0,-36.613787,174.677318,POINT(174.677318 -36.613787),Auckland Region,Hibiscus and Bays Local Board Area,Tāmaki Herenga Tāngata,Large urban area,Contributing,,State : Integrated,384,380,Open
1666,Te Kura o Waikare,Waikare Valley Road ,Waikare,Kawakawa,283.0,-35.339899,174.234208,POINT(174.234208 -35.339899),Northland Region,Far North District,Tai Tokerau,Rural other,Composite,,State,65,537,Open
1667,He Puna Ruku Mātauranga o Whangaruru,2916 Old Russell Road ,Whangaruru,Hikurangi,184.0,-35.377694,174.316723,POINT(174.316723 -35.377694),Northland Region,Whangarei District,Tai Tokerau,Rural other,Full Primary,,State,38,559,Open
1668,Wairoa Primary School,29 Campbell Street ,,Wairoa,4160.0,-39.037376,177.42471,POINT(177.42471 -39.037376),Hawke's Bay Region,Wairoa District,"Hawke's Bay, Tairāwhiti",Small urban area,Full Primary,,State,274,542,Open
1669,Tiaho Primary School,93 Clyde Road ,,Wairoa,4160.0,-39.04303,177.419994,POINT(177.419994 -39.04303),Hawke's Bay Region,Wairoa District,"Hawke's Bay, Tairāwhiti",Small urban area,Full Primary,,State,88,558,Open
1670,Te Ara Whanui Kura Kaupapa Māori o ngā Kōhanga Reo o Te Awa Kairangi,11-27 Victoria Street ,Alicetown,Lower Hutt,5045.0,-41.217445,174.888299,POINT(174.888299 -41.217445),Wellington Region,Lower Hutt City,Wellington,Major urban area,Composite,,State,411,517,Open
1672,TKKM o Nga Uri A Maui,349 Nelson Road ,,Gisborne,4010.0,-38.643503,177.997977,POINT(177.997977 -38.643503),Gisborne Region,Gisborne District,"Hawke's Bay, Tairāwhiti",Large urban area,Composite,,State,215,515,Open
1673,TKKM o Te Waiu o Ngati Porou,13 Tuparoa Road ,,Ruatoria,4032.0,-37.891158,178.320958,POINT(178.320958 -37.891158),Gisborne Region,Gisborne District,"Hawke's Bay, Tairāwhiti",Rural settlement,Composite,,State,155,516,Open
1674,TKKM o Te Wananga Whare Tapere o Takitimu,106 Bennett Road ,Waipatu,Hastings,4156.0,-39.61987,176.870381,POINT(176.870381 -39.61987),Hawke's Bay Region,Hastings District,"Hawke's Bay, Tairāwhiti",Rural other,Composite,,State,273,518,Open
1675,Ruakituri School,1607 Ruakituri Valley Road ,Ruakituri,Wairoa,4195.0,-38.770748,177.411364,POINT(177.411364 -38.770748),Hawke's Bay Region,Wairoa District,"Hawke's Bay, Tairāwhiti",Rural other,Full Primary,,State,9,494,Open
1676,Te Mahia School,457 Mahia East Coast Road ,,Nuhaka,4198.0,-39.087426,177.920268,POINT(177.920268 -39.087426),Hawke's Bay Region,Wairoa District,"Hawke's Bay, Tairāwhiti",Rural other,Full Primary,,State,57,501,Open
1677,Mohaka School,1978 Mohaka Coast Road ,,Mohaka,4189.0,-39.117133,177.190829,POINT(177.190829 -39.117133),Hawke's Bay Region,Wairoa District,"Hawke's Bay, Tairāwhiti",Rural other,Full Primary,,State,39,544,Open
1678,Te Kura o Waikaremoana,4764 State Highway 38 ,,Tuai,4195.0,-38.823645,177.151257,POINT(177.151257 -38.823645),Hawke's Bay Region,Wairoa District,"Hawke's Bay, Tairāwhiti",Rural settlement,Full Primary,,State,26,511,Open
1679,Rahotu School,5825 South Road ,,Rahotu,4684.0,-39.325024,173.802899,POINT(173.802899 -39.325024),Taranaki Region,South Taranaki District,"Taranaki, Whanganui, Manawatū",Rural other,Full Primary,,State,124,503,Open
1680,Aberdeen School,Aberdeen Drive ,Dinsdale,Hamilton,3243.0,-37.789,175.243253,POINT(175.243253 -37.789),Waikato Region,Hamilton City,Waikato,Major urban area,Contributing,,State,710,451,Open
1681,Allandale School,167 King Street ,Kopeopeo,Whakatane,3120.0,-37.968787,176.983304,POINT(176.983304 -37.968787),Bay of Plenty Region,Whakatane District,"Bay of Plenty, Waiariki",Medium urban area,Contributing,,State,339,517,Open
1682,Amisfield School,Moffat Road ,,Tokoroa,3420.0,-38.236275,175.882807,POINT(175.882807 -38.236275),Waikato Region,South Waikato District,Waikato,Medium urban area,Full Primary,,State,139,508,Open
1683,Aorangi School (Rotorua),3 Gem Street ,Pukehangi,Rotorua,3047.0,-38.131962,176.207999,POINT(176.207999 -38.131962),Bay of Plenty Region,Rotorua District,"Bay of Plenty, Waiariki",Large urban area,Contributing,,State,84,554,Open
1684,Apanui School,92 Mcalister Street ,,Whakatane,3120.0,-37.95703,176.989579,POINT(176.989579 -37.95703),Bay of Plenty Region,Whakatane District,"Bay of Plenty, Waiariki",Medium urban area,Contributing,,State,419,447,Open
1686,Arataki School,Kaimanawa Street ,,Mount Maunganui,3116.0,-37.675378,176.231122,POINT(176.231122 -37.675378),Bay of Plenty Region,Tauranga City,"Bay of Plenty, Waiariki",Major urban area,Contributing,,State,568,465,Open
1687,Āria School,Barclay Road ,,Aria,3979.0,-38.563158,174.985763,POINT(174.985763 -38.563158),Waikato Region,Waitomo District,Waikato,Rural other,Contributing,,State,45,461,Open
1688,Arohena School,40 Pukewhau Road ,,Te Awamutu,3877.0,-38.192977,175.615065,POINT(175.615065 -38.192977),Waikato Region,Ōtorohanga District,Waikato,Rural other,Full Primary,,State,18,479,Open
1689,Ashbrook School,150 Wellington Street ,,Opotiki,3122.0,-38.014704,177.293762,POINT(177.293762 -38.014704),Bay of Plenty Region,Ōpōtiki District,"Bay of Plenty, Waiariki",Small urban area,Full Primary,,State,67,563,Open
1691,Awakeri School,974 State Highway 30 ,,Whakatane,3192.0,-37.995011,176.897386,POINT(176.897386 -37.995011),Bay of Plenty Region,Whakatane District,"Bay of Plenty, Waiariki",Rural other,Full Primary,,State,335,447,Open
1693,Bankwood School,152 Bankwood Road ,Chartwell,Hamilton,3248.0,-37.754911,175.276101,POINT(175.276101 -37.754911),Waikato Region,Hamilton City,Waikato,Major urban area,Contributing,,State,349,526,Open
1694,Bellevue School (Tauranga),20 Princess Road ,Bellevue,Tauranga,3110.0,-37.679313,176.125569,POINT(176.125569 -37.679313),Bay of Plenty Region,Tauranga City,"Bay of Plenty, Waiariki",Major urban area,Contributing,,State,291,445,Open
1695,Berkley Normal Middle School,26 Berkley Avenue ,Hillcrest,Hamilton,3216.0,-37.802516,175.327495,POINT(175.327495 -37.802516),Waikato Region,Hamilton City,Waikato,Major urban area,Restricted Composite (Year 7-10),,State,771,420,Open
1696,TKKM o Bernard Fergusson,Duke Street ,,Ngaruawahia,3742.0,-37.662082,175.162062,POINT(175.162062 -37.662082),Waikato Region,Waikato District,Waikato,Small urban area,Full Primary,,State,170,510,Open
1697,Bethlehem School,66 Carmichael Road ,Bethlehem,Tauranga,3110.0,-37.690324,176.108604,POINT(176.108604 -37.690324),Bay of Plenty Region,Tauranga City,"Bay of Plenty, Waiariki",Major urban area,Contributing,,State,426,423,Open
1698,Broadlands School,2986 Broadlands Road ,,Reporoa,3081.0,-38.511393,176.332745,POINT(176.332745 -38.511393),Waikato Region,Rotorua District,"Bay of Plenty, Waiariki",Rural other,Contributing,,State,122,462,Open
1699,Te Kura o Manunui,72 Millers Road ,Brookfield,Tauranga,3146.0,-37.690898,176.130533,POINT(176.130533 -37.690898),Bay of Plenty Region,Tauranga City,"Bay of Plenty, Waiariki",Major urban area,Contributing,,State,325,508,Open
1700,Cambridge East School,Williams Street ,,Cambridge,3434.0,-37.884048,175.471247,POINT(175.471247 -37.884048),Waikato Region,Waipa District,Waikato,Medium urban area,Contributing,,State,355,419,Open
1701,Cambridge Middle School,Clare Street ,,Cambridge,3434.0,-37.887159,175.462246,POINT(175.462246 -37.887159),Waikato Region,Waipa District,Waikato,Medium urban area,Restricted Composite (Year 7-10),,State,595,431,Open
1702,Cambridge School,Wilson Street ,,Cambridge,3434.0,-37.895329,175.467817,POINT(175.467817 -37.895329),Waikato Region,Waipa District,Waikato,Medium urban area,Contributing,,State,408,403,Open
1704,Cargill School,Grampian Street ,,Tokoroa,3420.0,-38.241508,175.866036,POINT(175.866036 -38.241508),Waikato Region,South Waikato District,Waikato,Medium urban area,Contributing,,State,36,544,Open
1705,Centennial Park School,50 Te Kuiti Road ,,Te Kuiti,3910.0,-38.335869,175.174234,POINT(175.174234 -38.335869),Waikato Region,Waitomo District,Waikato,Small urban area,Full Primary,,State,76,540,Open
1706,Colville School,2391 Colville Road ,,Colville,3584.0,-36.628202,175.472294,POINT(175.472294 -36.628202),Waikato Region,Thames-Coromandel District,Waikato,Rural other,Full Primary,,State,38,478,Open
1707,Coroglen School,10 Rangihau Road ,,Whitianga,3591.0,-36.924372,175.6982,POINT(175.6982 -36.924372),Waikato Region,Thames-Coromandel District,Waikato,Rural other,Full Primary,,State,27,490,Open
1708,David Henry School,Thompson Street ,,Tokoroa,3420.0,-38.227335,175.854759,POINT(175.854759 -38.227335),Waikato Region,South Waikato District,Waikato,Medium urban area,Contributing,,State,150,527,Open
1709,David Street School,45 David Street ,,Morrinsville,3300.0,-37.650087,175.523679,POINT(175.523679 -37.650087),Waikato Region,Matamata-Piako District,Waikato,Small urban area,Contributing,,State,509,453,Open
1710,Deanwell School,Deanwell Avenue ,Melville,Hamilton,3206.0,-37.81988,175.275621,POINT(175.275621 -37.81988),Waikato Region,Hamilton City,Waikato,Major urban area,Contributing,,State,374,511,Open
1711,Edgecumbe School,92 College Road ,,Edgecumbe,3120.0,-37.969395,176.827669,POINT(176.827669 -37.969395),Bay of Plenty Region,Whakatane District,"Bay of Plenty, Waiariki",Small urban area,Full Primary,,State,163,494,Open
1713,Elstow-Waihou Combined School,356 Bowler Road ,,Te Aroha,3392.0,-37.523479,175.638269,POINT(175.638269 -37.523479),Waikato Region,Matamata-Piako District,Waikato,Rural other,Full Primary,,State,167,449,Open
1715,Fairfield Intermediate,Clarkin Road ,Fairfield,Hamilton,3248.0,-37.763347,175.285143,POINT(175.285143 -37.763347),Waikato Region,Hamilton City,Waikato,Major urban area,Intermediate,,State,896,475,Open
1716,Fairfield Primary School,260 Clarkin Road ,Fairfield,Hamilton,3248.0,-37.764108,175.284078,POINT(175.284078 -37.764108),Waikato Region,Hamilton City,Waikato,Major urban area,Contributing,,State,339,541,Open
1717,Fairhaven School,120 Boucher Avenue ,,Te Puke,3119.0,-37.796352,176.32103,POINT(176.32103 -37.796352),Bay of Plenty Region,Western Bay of Plenty District,"Bay of Plenty, Waiariki",Small urban area,Contributing,,State,484,454,Open
1718,Te Wharekura o Kirikiriroa,33 Fifth Avenue ,Enderley,Hamilton,3252.0,-37.771224,175.29569,POINT(175.29569 -37.771224),Waikato Region,Hamilton City,Waikato,Major urban area,Composite,,State,309,518,Open
1719,Firth School,45 Station Road ,,Matamata,3400.0,-37.817692,175.764422,POINT(175.764422 -37.817692),Waikato Region,Matamata-Piako District,Waikato,Small urban area,Contributing,,State,228,511,Open
1720,Forest Lake School,Storey Avenue ,Forest Lake,Hamilton,3200.0,-37.770336,175.255939,POINT(175.255939 -37.770336),Waikato Region,Hamilton City,Waikato,Major urban area,Contributing,,State,368,492,Open
1721,Frankton School,Massey Street ,Dinsdale,Hamilton,3204.0,-37.793252,175.249637,POINT(175.249637 -37.793252),Waikato Region,Hamilton City,Waikato,Major urban area,Contributing,,State,709,496,Open
1722,Galatea School,32 Mangamate Road ,Galatea,Murupara,3079.0,-38.410808,176.741362,POINT(176.741362 -38.410808),Bay of Plenty Region,Whakatane District,"Bay of Plenty, Waiariki",Rural other,Full Primary,,State,123,493,Open
1723,Glen Massey School,897 Waingaro Road ,Glen Massey,Ngaruawahia,3793.0,-37.673206,175.075906,POINT(175.075906 -37.673206),Waikato Region,Waikato District,Waikato,Rural other,Full Primary,,State,124,459,Open
1724,Glenholme School,149 Ranolf Street ,Glenholme,Rotorua,3010.0,-38.149355,176.246129,POINT(176.246129 -38.149355),Bay of Plenty Region,Rotorua District,"Bay of Plenty, Waiariki",Large urban area,Contributing,,State,326,496,Open
1725,Glenview School (Hamilton),Bruce Avenue ,Glenview,Hamilton,3206.0,-37.81635,175.290754,POINT(175.290754 -37.81635),Waikato Region,Hamilton City,Waikato,Major urban area,Contributing,,State,414,469,Open
1726,Goldfields School (Paeroa),55 Norwood Road ,,Paeroa,3600.0,-37.370573,175.674414,POINT(175.674414 -37.370573),Waikato Region,Hauraki District,Waikato,Small urban area,Specialist School,Day Specialist,State,92,518,Open
1727,Goodwood School,517 Fencourt Road ,,Cambridge,3493.0,-37.842492,175.472019,POINT(175.472019 -37.842492),Waikato Region,Waipa District,Waikato,Rural other,Contributing,,State,431,388,Open
1728,Gordonton School,Woodlands Road ,Gordonton,Hamilton,3281.0,-37.666548,175.30798,POINT(175.30798 -37.666548),Waikato Region,Waikato District,Waikato,Rural other,Full Primary,,State,243,420,Open
1729,Greenpark School (Tauranga),13 Lumsden Street ,Greerton,Tauranga,3112.0,-37.732545,176.127532,POINT(176.127532 -37.732545),Bay of Plenty Region,Tauranga City,"Bay of Plenty, Waiariki",Major urban area,Contributing,,State,701,443,Open
1730,Greerton Village School - Te Kura o Maarawaewae,151 Greerton Road ,Greerton,Tauranga,3142.0,-37.728178,176.133809,POINT(176.133809 -37.728178),Bay of Plenty Region,Tauranga City,"Bay of Plenty, Waiariki",Major urban area,Contributing,,State,371,507,Open
1731,Hamilton East School,Dawson Street ,Hamilton East,Hamilton,3216.0,-37.78742,175.290498,POINT(175.290498 -37.78742),Waikato Region,Hamilton City,Waikato,Major urban area,Contributing,,State,517,454,Open
1732,Hamilton North School,Warwick Avenue ,Te Rapa,Hamilton,3241.0,-37.755169,175.255766,POINT(175.255766 -37.755169),Waikato Region,Hamilton City,Waikato,Major urban area,Specialist School,Day Specialist,State,168,499,Open
1733,Hamilton West School,36 Hammond Street ,Hamilton West,Hamilton,3204.0,-37.798962,175.283299,POINT(175.283299 -37.798962),Waikato Region,Hamilton City,Waikato,Major urban area,Full Primary,,State,698,433,Open
1735,Hautapu School,Cnr Forrest and Hautapu Roads ,Hautapu,Cambridge,3493.0,-37.860469,175.425207,POINT(175.425207 -37.860469),Waikato Region,Waipa District,Waikato,Rural other,Full Primary,,State,202,420,Open
1736,Hauturu School,614 Harbour Road ,Hauturu,Oparau,3886.0,-38.10415,174.930091,POINT(174.930091 -38.10415),Waikato Region,Ōtorohanga District,Waikato,Rural other,Full Primary,,State,24,529,Open
1737,Hikuai School,24 Hikuai School Road ,,Hikuai,3579.0,-37.071598,175.773375,POINT(175.773375 -37.071598),Waikato Region,Thames-Coromandel District,Waikato,Rural other,Full Primary,,State,46,446,Open
1738,Hikutaia School,8062 State Highway 26 ,Hikutaia,Paeroa,3674.0,-37.295504,175.656921,POINT(175.656921 -37.295504),Waikato Region,Thames-Coromandel District,Waikato,Rural other,Full Primary,,State,134,481,Open
1739,Hillcrest Normal School,218 Cambridge Road ,Hillcrest,Hamilton,3251.0,-37.801124,175.321223,POINT(175.321223 -37.801124),Waikato Region,Hamilton City,Waikato,Major urban area,Contributing,,State,626,397,Open
1740,Hilltop School,88 Rokino Road ,,Taupo,3330.0,-38.700817,176.092077,POINT(176.092077 -38.700817),Waikato Region,Taupo District,"Bay of Plenty, Waiariki",Medium urban area,Full Primary,,State,578,421,Open
1741,Hinuera School,636 Hinuera Road ,,Hinuera,3472.0,-37.880686,175.75781,POINT(175.75781 -37.880686),Waikato Region,Matamata-Piako District,Waikato,Rural other,Contributing,,State,166,435,Open
1744,Horahora School (Cambridge),1798 Maungatautari Road ,,Cambridge,3494.0,-37.981267,175.625366,POINT(175.625366 -37.981267),Waikato Region,Waipa District,Waikato,Rural other,Full Primary,,State,37,441,Open
1745,Horohoro School,69 Apirana Road ,Horohoro,Rotorua,3077.0,-38.23903,176.171969,POINT(176.171969 -38.23903),Waikato Region,Rotorua District,"Bay of Plenty, Waiariki",Rural other,Full Primary,,State,39,545,Open
1746,Horotiu School,Bridge Road ,Horotiu,Hamilton,3288.0,-37.70081,175.204649,POINT(175.204649 -37.70081),Waikato Region,Waikato District,Waikato,Rural settlement,Full Primary,,State,203,464,Open
1747,Horsham Downs School,4 Martin Lane ,,Horsham Downs,3281.0,-37.699827,175.248986,POINT(175.248986 -37.699827),Waikato Region,Waikato District,Waikato,Rural other,Full Primary,,State,379,397,Open
1748,TKKM o Huiarau,98 Sister Annie Road ,,Ruatahuna,3046.0,-38.606848,176.95622,POINT(176.95622 -38.606848),Bay of Plenty Region,Whakatane District,"Bay of Plenty, Waiariki",Rural other,Composite,,State,56,536,Open
1749,Hukanui School,Pickering Crescent ,Chartwell,Hamilton,3248.0,-37.748151,175.278925,POINT(175.278925 -37.748151),Waikato Region,Hamilton City,Waikato,Major urban area,Contributing,,State,863,395,Open
1750,St Patrick's Catholic School (Taupo),86 Acacia Bay Road ,,Taupo,3330.0,-38.67766,176.061929,POINT(176.061929 -38.67766),Waikato Region,Taupo District,"Bay of Plenty, Waiariki",Medium urban area,Full Primary,,State : Integrated,230,418,Open
1751,Huntly School (Waikato),25 Onslow Street ,,Huntly,3740.0,-37.555034,175.162351,POINT(175.162351 -37.555034),Waikato Region,Waikato District,Waikato,Small urban area,Full Primary,,State,186,546,Open
1752,Huntly West School,Paki Street ,,Huntly,3740.0,-37.558865,175.150134,POINT(175.150134 -37.558865),Waikato Region,Waikato District,Waikato,Small urban area,Full Primary,,State,115,560,Open
1753,Insoll Avenue School,95 Insoll Avenue ,Fairfield,Hamilton,3214.0,-37.761853,175.296347,POINT(175.296347 -37.761853),Waikato Region,Hamilton City,Waikato,Major urban area,Contributing,,State,345,537,Open
1754,Rangitaiki School,27 Rangitaiki School Road ,,Rangitaiki,3379.0,-38.876539,176.367617,POINT(176.367617 -38.876539),Bay of Plenty Region,Taupo District,"Bay of Plenty, Waiariki",Rural other,Full Primary,,State,13,458,Open
1755,James Street School,96 James Street ,,Whakatane,3159.0,-37.96077,176.97143,POINT(176.97143 -37.96077),Bay of Plenty Region,Whakatane District,"Bay of Plenty, Waiariki",Medium urban area,Contributing,,State,240,507,Open
1756,Kaharoa School,296 Kaharoa Road ,,Rotorua,3096.0,-37.995973,176.234324,POINT(176.234324 -37.995973),Bay of Plenty Region,Rotorua District,"Bay of Plenty, Waiariki",Rural other,Full Primary,,State,176,445,Open
1757,Kaihere School,1115B State Highway 27 ,Kaihere,Morrinsville,3373.0,-37.372751,175.420544,POINT(175.420544 -37.372751),Waikato Region,Hauraki District,Waikato,Rural other,Full Primary,,State,45,470,Open
1758,Kaimai School,Main Road ,Kaimai,Tauranga,3171.0,-37.813002,176.025008,POINT(176.025008 -37.813002),Bay of Plenty Region,Western Bay of Plenty District,"Bay of Plenty, Waiariki",Rural other,Full Primary,,State,58,482,Open
1759,Kaingaroa Forest School,Dun Road ,,Kaingaroa Forest,3073.0,-38.407687,176.569432,POINT(176.569432 -38.407687),Bay of Plenty Region,Rotorua District,"Bay of Plenty, Waiariki",Rural settlement,Full Primary,,State,25,560,Open
1760,Kaipaki School,687 Kaipaki Road ,,Ohaupo,3495.0,-37.887657,175.385957,POINT(175.385957 -37.887657),Waikato Region,Waipa District,Waikato,Rural other,Full Primary,,State,130,417,Open
1761,Kaitao Intermediate,30 Bell Road ,Western Heights,Rotorua,3015.0,-38.125531,176.221391,POINT(176.221391 -38.125531),Bay of Plenty Region,Rotorua District,"Bay of Plenty, Waiariki",Large urban area,Intermediate,,State,251,540,Open
1762,Tauranga Special School,39 Eighteenth Avenue ,Tauranga South,Tauranga,3112.0,-37.711539,176.155618,POINT(176.155618 -37.711539),Bay of Plenty Region,Tauranga City,"Bay of Plenty, Waiariki",Major urban area,Specialist School,Day Specialist,State,129,499,Open
1763,Karangahake School,School Road ,,Karangahake,3674.0,-37.421807,175.723489,POINT(175.723489 -37.421807),Waikato Region,Hauraki District,Waikato,Rural settlement,Full Primary,,State,49,480,Open
1764,Karapiro School,Tirau Road ,Karapiro,Cambridge,3496.0,-37.915616,175.55361,POINT(175.55361 -37.915616),Waikato Region,Waipa District,Waikato,Rural other,Contributing,,State,24,499,Open
1765,Katikati Primary School,28 Beach Road ,,Katikati,3129.0,-37.551749,175.922079,POINT(175.922079 -37.551749),Bay of Plenty Region,Western Bay of Plenty District,"Bay of Plenty, Waiariki",Small urban area,Contributing,,State,527,471,Open
1766,Kawaha Point School,72-100 Aquarius Drive ,Kawaha Point,Rotorua,3010.0,-38.108983,176.23351,POINT(176.23351 -38.108983),Bay of Plenty Region,Rotorua District,"Bay of Plenty, Waiariki",Large urban area,Contributing,,State,228,498,Open
1770,Kawerau South School,175 Onslow Street ,,Kawerau,3169.0,-38.096442,176.701088,POINT(176.701088 -38.096442),Bay of Plenty Region,Kawerau District,"Bay of Plenty, Waiariki",Small urban area,Contributing,,State,331,536,Open
1771,Kawhia School,318 Rosamond Terrace ,,Kawhia,3843.0,-38.062017,174.820083,POINT(174.820083 -38.062017),Waikato Region,Ōtorohanga District,Waikato,Rural settlement,Full Primary,,State,54,556,Open
1772,Rotorua Specialist School - Te Kura Pūkenga o Rotorua,36 Kea Street ,Selwyn Heights,Rotorua,3015.0,-38.116624,176.223575,POINT(176.223575 -38.116624),Bay of Plenty Region,Rotorua District,"Bay of Plenty, Waiariki",Large urban area,Specialist School,Day Specialist,State,113,523,Open
1773,TKKM o Harataunga,1416 Kennedy Bay Road ,,Kennedy Bay,3583.0,-36.668798,175.550099,POINT(175.550099 -36.668798),Waikato Region,Thames-Coromandel District,Waikato,Rural other,Full Primary,,State,10,521,Open
1775,Kerepehi School,11 McGowan Avenue ,,Kerepehi,3671.0,-37.297058,175.540884,POINT(175.540884 -37.297058),Waikato Region,Hauraki District,Waikato,Rural settlement,Full Primary,,State,71,514,Open
1776,Kihikihi School,71 Whitmore Street ,,Kihikihi,3800.0,-38.040619,175.35508,POINT(175.35508 -38.040619),Waikato Region,Waipa District,Waikato,Small urban area,Full Primary,,State,161,524,Open
1777,Kimihia School,Tamihana Avenue ,,Huntly,3740.0,-37.543187,175.171861,POINT(175.171861 -37.543187),Waikato Region,Waikato District,Waikato,Small urban area,Full Primary,,State,330,510,Open
1778,Kinohaku School,22 Kawhia Harbour Road ,,Taharoa,3988.0,-38.159021,174.822338,POINT(174.822338 -38.159021),Waikato Region,Waitomo District,Waikato,Rural other,Full Primary,,State,12,526,Open
1779,Kio Kio School,1701 S H 3-Otorohanga Road ,Kio Kio,Otorohanga,3974.0,-38.162046,175.276714,POINT(175.276714 -38.162046),Waikato Region,Ōtorohanga District,Waikato,Rural other,Full Primary,,State,151,464,Open
1780,Kiwitahi School,2 Chepmell Road ,,Kiwitahi,3371.0,-37.740001,175.583388,POINT(175.583388 -37.740001),Waikato Region,Matamata-Piako District,Waikato,Rural other,Contributing,,State,94,439,Open
1781,Knighton Normal School,Knighton Road ,Hillcrest,Hamilton,3216.0,-37.793054,175.310072,POINT(175.310072 -37.793054),Waikato Region,Hamilton City,Waikato,Major urban area,Contributing,,State,674,476,Open
1782,Kopuarahi School,Bush Road ,,Thames,3574.0,-37.220224,175.50648,POINT(175.50648 -37.220224),Waikato Region,Hauraki District,Waikato,Rural other,Full Primary,,State,8,524,Open
1783,Korakonui School,734 Wharepuhunga Road ,Korakonui,Te Awamutu,3873.0,-38.144041,175.409784,POINT(175.409784 -38.144041),Waikato Region,Ōtorohanga District,Waikato,Rural other,Full Primary,,State,159,461,Open
1784,Koromatua School,355 Koromatua Road ,,Hamilton,3290.0,-37.831616,175.207492,POINT(175.207492 -37.831616),Waikato Region,Waipa District,Waikato,Rural other,Full Primary,,State,216,473,Open
1785,Kuratau School,2244 State Highway 41 ,Kuratau,Turangi,3381.0,-38.881513,175.674338,POINT(175.674338 -38.881513),Waikato Region,Taupo District,"Bay of Plenty, Waiariki",Rural other,Full Primary,,State,93,475,Open
1786,Kutarere School,461 State Highway 2 ,Kutarere,Opotiki,3198.0,-38.044262,177.14744,POINT(177.14744 -38.044262),Bay of Plenty Region,Ōpōtiki District,"Bay of Plenty, Waiariki",Rural other,Full Primary,,State,19,536,Open
1787,Lake Rerewhakaaitu School,9 Ash Pit Road ,Rerewhakaaitu,Rotorua,3073.0,-38.317411,176.493668,POINT(176.493668 -38.317411),Bay of Plenty Region,Rotorua District,"Bay of Plenty, Waiariki",Rural other,Full Primary,,State,72,479,Open
1788,Lake Rotoma School,22 Manawahe Road ,,Lake Rotoma,3074.0,-38.042015,176.546295,POINT(176.546295 -38.042015),Bay of Plenty Region,Rotorua District,"Bay of Plenty, Waiariki",Rural other,Full Primary,,State,25,541,Open
1789,Leamington School,Lamb Street ,Leamington,Cambridge,3432.0,-37.916947,175.473854,POINT(175.473854 -37.916947),Waikato Region,Waipa District,Waikato,Medium urban area,Contributing,,State,488,444,Open
1790,Lichfield School,779 Lichfield Road ,Lichfield,Putaruru,3482.0,-38.106168,175.811561,POINT(175.811561 -38.106168),Waikato Region,South Waikato District,Waikato,Rural other,Contributing,,State,86,457,Open
1791,Lynmore Primary School,Iles Road ,Lynmore,Rotorua,3010.0,-38.144565,176.284337,POINT(176.284337 -38.144565),Bay of Plenty Region,Rotorua District,"Bay of Plenty, Waiariki",Large urban area,Contributing,,State,631,411,Open
1792,Maeroa Intermediate,Churchill Avenue ,,Hamilton,3200.0,-37.778154,175.260655,POINT(175.260655 -37.778154),Waikato Region,Hamilton City,Waikato,Major urban area,Intermediate,,State,698,495,Open
1793,Maihiihi School,775 Maihiihi Road ,,Maihiihi,3972.0,-38.217565,175.386643,POINT(175.386643 -38.217565),Waikato Region,Ōtorohanga District,Waikato,Rural other,Full Primary,,State,42,465,Open
1794,Maketu School,8 School Road ,,Maketu,3189.0,-37.761977,176.455943,POINT(176.455943 -37.761977),Bay of Plenty Region,Western Bay of Plenty District,"Bay of Plenty, Waiariki",Small urban area,Contributing,,State,44,538,Open
1796,Malfroy School,196 Malfroy Road ,Hillcrest,Rotorua,3015.0,-38.14545,176.234256,POINT(176.234256 -38.14545),Bay of Plenty Region,Rotorua District,"Bay of Plenty, Waiariki",Large urban area,Contributing,,State,287,529,Open
1797,Mamaku School,54 Tarena Street ,,Mamaku,3020.0,-38.098604,176.078396,POINT(176.078396 -38.098604),Bay of Plenty Region,Rotorua District,"Bay of Plenty, Waiariki",Rural settlement,Full Primary,,State,91,514,Open
1798,Te Wharekura o Manaia,22 Goldfields Road ,Manaia,Coromandel,3581.0,-36.851534,175.478775,POINT(175.478775 -36.851534),Waikato Region,Thames-Coromandel District,Waikato,Rural other,Composite,,State,250,521,Open
1800,Manawaru School,442 Manawaru Road ,,Te Aroha,3391.0,-37.633176,175.763674,POINT(175.763674 -37.633176),Waikato Region,Matamata-Piako District,Waikato,Rural other,Full Primary,,State,76,447,Open
1806,Te Kura Mana Māori o Maraenui,11 Maraenui Pa Road ,,Opotiki,3162.0,-37.873301,177.583885,POINT(177.583885 -37.873301),Bay of Plenty Region,Ōpōtiki District,"Bay of Plenty, Waiariki",Rural other,Full Primary,,State,32,523,Open
1808,Marotiri School,1569 State Highway 32 ,Marotiri,Mangakino,3492.0,-38.543628,175.819589,POINT(175.819589 -38.543628),Waikato Region,Taupo District,"Bay of Plenty, Waiariki",Rural other,Full Primary,,State,170,453,Open
1809,Te Kura Mana Maori O Matahi,1176B Matahi Valley Road ,,Matahi,3196.0,-38.25921,177.110107,POINT(177.110107 -38.25921),Bay of Plenty Region,Whakatane District,"Bay of Plenty, Waiariki",Rural other,Full Primary,,State,16,562,Open
1811,Te Kura o Te Moutere O Matakana,183 Opureora Road ,Matakana Island,Tauranga,3136.0,-37.609834,176.083102,POINT(176.083102 -37.609834),Bay of Plenty Region,Western Bay of Plenty District,"Bay of Plenty, Waiariki",Rural other,Composite,,State,30,499,Open
1812,Matamata Intermediate,Smith Street ,,Matamata,3400.0,-37.815755,175.765335,POINT(175.765335 -37.815755),Waikato Region,Matamata-Piako District,Waikato,Small urban area,Intermediate,,State,399,472,Open
1813,Matamata Primary School,115A Broadway ,,Matamata,3440.0,-37.811744,175.77682,POINT(175.77682 -37.811744),Waikato Region,Matamata-Piako District,Waikato,Small urban area,Contributing,,State,505,443,Open
1814,Matangi School,599 Matangi Road ,,Matangi,3260.0,-37.803586,175.393697,POINT(175.393697 -37.803586),Waikato Region,Waikato District,Waikato,Rural other,Contributing,,State,186,398,Open
1815,Te Kura o Matapihi,398 Matapihi Road ,Matapihi,Tauranga,3175.0,-37.697147,176.194451,POINT(176.194451 -37.697147),Bay of Plenty Region,Tauranga City,"Bay of Plenty, Waiariki",Major urban area,Full Primary,,State,175,503,Open
1818,Matata School,43 Pollen Street ,,Matata,3194.0,-37.893318,176.759104,POINT(176.759104 -37.893318),Bay of Plenty Region,Whakatane District,"Bay of Plenty, Waiariki",Rural settlement,Full Primary,,State,98,514,Open
1819,Matatoki School,State Highway 26 ,Matatoki,Thames,3578.0,-37.206692,175.603397,POINT(175.603397 -37.206692),Waikato Region,Thames-Coromandel District,Waikato,Rural other,Full Primary,,State,82,459,Open
1820,Matua School,145 Levers Road ,Matua,Tauranga,3110.0,-37.665157,176.129675,POINT(176.129675 -37.665157),Bay of Plenty Region,Tauranga City,"Bay of Plenty, Waiariki",Major urban area,Contributing,,State,521,401,Open
1821,Maungatapu School,164 Maungatapu Road ,Maungatapu-Tauranga,Tauranga,3148.0,-37.721897,176.173783,POINT(176.173783 -37.721897),Bay of Plenty Region,Tauranga City,"Bay of Plenty, Waiariki",Major urban area,Contributing,,State,579,468,Open
1824,Melville Primary School,101 Ohaupo Road ,Melville,Hamilton,3206.0,-37.814238,175.283493,POINT(175.283493 -37.814238),Waikato Region,Hamilton City,Waikato,Major urban area,Contributing,,State,251,537,Open
1825,Merivale School,25 Kesteven Avenue ,,Tauranga,3112.0,-37.720485,176.143844,POINT(176.143844 -37.720485),Bay of Plenty Region,Tauranga City,"Bay of Plenty, Waiariki",Major urban area,Contributing,,State,160,548,Open
1826,Mihi School,76 Springs Road ,,Reporoa,3083.0,-38.470969,176.296934,POINT(176.296934 -38.470969),Waikato Region,Rotorua District,"Bay of Plenty, Waiariki",Rural other,Contributing,,State,16,539,Open
1827,Miller Avenue School,Miller Avenue ,,Paeroa,3600.0,-37.371748,175.672063,POINT(175.672063 -37.371748),Waikato Region,Hauraki District,Waikato,Small urban area,Full Primary,,State,85,530,Open
1829,Moanataiari School,101 Kuranui Street ,Moanataiari,Thames,3500.0,-37.129457,175.532751,POINT(175.532751 -37.129457),Waikato Region,Thames-Coromandel District,Waikato,Small urban area,Full Primary,,State,126,465,Open
1832,Mokoia Intermediate,29 Brent Road ,Owhata,Rotorua,3042.0,-38.137383,176.297507,POINT(176.297507 -38.137383),Bay of Plenty Region,Rotorua District,"Bay of Plenty, Waiariki",Large urban area,Intermediate,,State,332,473,Open
1833,Morrinsville Intermediate,Elizabeth Avenue ,,Morrinsville,3300.0,-37.647585,175.534972,POINT(175.534972 -37.647585),Waikato Region,Matamata-Piako District,Waikato,Small urban area,Intermediate,,State,361,478,Open
1834,Morrinsville School,Lincoln Street ,,Morrinsville,3300.0,-37.654062,175.528028,POINT(175.528028 -37.654062),Waikato Region,Matamata-Piako District,Waikato,Small urban area,Contributing,,State,222,502,Open
1835,Motumaoho School,2101 Hamilton Road ,Motumaoho,Morrinsville,3372.0,-37.685307,175.471491,POINT(175.471491 -37.685307),Waikato Region,Matamata-Piako District,Waikato,Rural other,Contributing,,State,28,488,Open
1836,Mountview School,31 Rangatira Street ,,Taupo,3330.0,-38.683174,176.092042,POINT(176.092042 -38.683174),Waikato Region,Taupo District,"Bay of Plenty, Waiariki",Medium urban area,Full Primary,,State,313,516,Open
1837,Mount Maunganui Intermediate School,Lodge Avenue ,,Mount Maunganui,3116.0,-37.665523,176.211289,POINT(176.211289 -37.665523),Bay of Plenty Region,Tauranga City,"Bay of Plenty, Waiariki",Major urban area,Intermediate,,State,669,444,Open
1838,Mount Maunganui Primary School,Orkney Road ,,Mount Maunganui,3116.0,-37.649355,176.198696,POINT(176.198696 -37.649355),Bay of Plenty Region,Tauranga City,"Bay of Plenty, Waiariki",Major urban area,Contributing,,State,409,399,Open
1841,Nawton School,Livingstone Avenue ,Nawton,Hamilton,3200.0,-37.779882,175.241733,POINT(175.241733 -37.779882),Waikato Region,Hamilton City,Waikato,Major urban area,Contributing,,State,510,535,Open
1842,Netherton School,7 School Road ,Netherton,Paeroa,3671.0,-37.340242,175.609845,POINT(175.609845 -37.340242),Waikato Region,Hauraki District,Waikato,Rural other,Full Primary,,State,132,465,Open
1843,Newstead Model School,429 Morrinsville Road ,,Newstead,3284.0,-37.776429,175.359004,POINT(175.359004 -37.776429),Waikato Region,Waikato District,Waikato,Rural other,Contributing,,State,151,418,Open
1844,Ngahinapouri School,1185 Kakaramea Road ,,Ngahinapouri,3882.0,-37.897937,175.205324,POINT(175.205324 -37.897937),Waikato Region,Waipa District,Waikato,Rural settlement,Full Primary,,State,185,415,Open
1845,Ngakonui Valley School,826 Taringamotu Road ,,Taumarunui,3994.0,-38.822018,175.315069,POINT(175.315069 -38.822018),Manawatū-Whanganui Region,Ruapehu District,Waikato,Rural other,Full Primary,,State,50,490,Open
1846,Ngakuru School,913 Whirinaki Valley Road ,Ngakuru,Rotorua,3077.0,-38.32138,176.1932,POINT(176.1932 -38.32138),Waikato Region,Rotorua District,"Bay of Plenty, Waiariki",Rural other,Full Primary,,State,56,461,Open
1847,Te Kura o Ngāpuke,2490 Taumarunui-Ngapuke Road ,,Taumarunui,3994.0,-38.88557,175.41716,POINT(175.41716 -38.88557),Manawatū-Whanganui Region,Ruapehu District,Waikato,Rural other,Full Primary,,State,15,562,Open
1849,Ngaruawahia School,Galileo Street ,,Ngaruawahia,3720.0,-37.670213,175.151009,POINT(175.151009 -37.670213),Waikato Region,Waikato District,Waikato,Small urban area,Full Primary,,State,175,553,Open
1850,Ngatea School,52 Orchard Road ,,Ngatea,3541.0,-37.27529,175.493406,POINT(175.493406 -37.27529),Waikato Region,Hauraki District,Waikato,Small urban area,Full Primary,,State,292,452,Open
1851,Te Kura o Ngaati Hauaa,300 Pukemoremore Road ,,Cambridge,3493.0,-37.798253,175.478631,POINT(175.478631 -37.798253),Waikato Region,Waikato District,Waikato,Rural other,Full Primary,,State,118,524,Open
1852,Ngongotahā School,22 School Road ,Ngongotaha,Rotorua,3041.0,-38.07981,176.209652,POINT(176.209652 -38.07981),Bay of Plenty Region,Rotorua District,"Bay of Plenty, Waiariki",Small urban area,Contributing,,State,388,486,Open
1853,Ngutunui School,400 Ngutunui Road ,Puketotara,Pirongia,3876.0,-38.076128,175.115991,POINT(175.115991 -38.076128),Waikato Region,Ōtorohanga District,Waikato,Rural other,Full Primary,,State,39,465,Open
1854,Nukuhou North School,1647 State Highway 2 ,,Whakatane,3196.0,-38.126716,177.126407,POINT(177.126407 -38.126716),Bay of Plenty Region,Whakatane District,"Bay of Plenty, Waiariki",Rural other,Full Primary,,State,55,532,Open
1855,Ohaupo School,4010 Great South Road ,,Ohaupo,3881.0,-37.905314,175.315726,POINT(175.315726 -37.905314),Waikato Region,Waipa District,Waikato,Rural other,Full Primary,,State,212,421,Open
1856,Ohinewai School,39 Ohinewai South Road ,Ohinewai,Huntly,3771.0,-37.492892,175.157807,POINT(175.157807 -37.492892),Waikato Region,Waikato District,Waikato,Rural other,Full Primary,,State,130,484,Open
1857,Ōhope Beach School,170 Pohutukawa Avenue ,,Ohope Beach,3121.0,-37.96964,177.049331,POINT(177.049331 -37.96964),Bay of Plenty Region,Whakatane District,"Bay of Plenty, Waiariki",Small urban area,Contributing,,State,218,419,Open
1858,Kuranui Primary School,66 Waiomou Road ,,Tirau,3485.0,-37.94061,175.838375,POINT(175.838375 -37.94061),Waikato Region,South Waikato District,Waikato,Rural other,Contributing,,State,48,472,Open
1860,Omanu School,Tui Street ,,Mount Maunganui,3116.0,-37.658579,176.206279,POINT(176.206279 -37.658579),Bay of Plenty Region,Tauranga City,"Bay of Plenty, Waiariki",Major urban area,Contributing,,State,543,403,Open
1861,Te Kura o Ōmarumutu,141 Omarumutu Road ,,Opotiki,3197.0,-37.99652,177.405099,POINT(177.405099 -37.99652),Bay of Plenty Region,Ōpōtiki District,"Bay of Plenty, Waiariki",Rural other,Full Primary,,State,70,519,Open
1862,Ōmokoroa Point School,37 Hamurana Road ,,Omokoroa,3114.0,-37.635821,176.042464,POINT(176.042464 -37.635821),Bay of Plenty Region,Western Bay of Plenty District,"Bay of Plenty, Waiariki",Small urban area,Full Primary,,State,327,432,Open
1863,Omokoroa School,Plummers Point Road ,,Whakamarama,3172.0,-37.67267,176.032159,POINT(176.032159 -37.67267),Bay of Plenty Region,Western Bay of Plenty District,"Bay of Plenty, Waiariki",Rural other,Full Primary,,State,319,423,Open
1865,Te Wharekura o Maniapoto,308 Oparure Road ,,Te Kuiti,3985.0,-38.315046,175.116309,POINT(175.116309 -38.315046),Waikato Region,Waitomo District,Waikato,Rural other,Composite,,State,126,527,Open
1866,Opotiki School,80-88 Church Street ,,Opotiki,3122.0,-38.009236,177.284973,POINT(177.284973 -38.009236),Bay of Plenty Region,Ōpōtiki District,"Bay of Plenty, Waiariki",Small urban area,Full Primary,,State,318,555,Open
1867,Ōpoutere School,1203 Tairua Road ,,Whangamata,3691.0,-37.129694,175.846029,POINT(175.846029 -37.129694),Waikato Region,Thames-Coromandel District,Waikato,Rural other,Full Primary,,State,118,459,Open
1869,Orini Combined School,1389 Orini Road ,,Taupiri,3792.0,-37.554648,175.316113,POINT(175.316113 -37.554648),Waikato Region,Waikato District,Waikato,Rural other,Full Primary,,State,90,460,Open
1870,Oropi School,Oropi Road ,Oropi,Tauranga,3173.0,-37.839065,176.159142,POINT(176.159142 -37.839065),Bay of Plenty Region,Western Bay of Plenty District,"Bay of Plenty, Waiariki",Rural other,Full Primary,,State,298,434,Open
1871,Otakiri School,571 Otakiri Road ,,Whakatane,3193.0,-37.986232,176.762961,POINT(176.762961 -37.986232),Bay of Plenty Region,Whakatane District,"Bay of Plenty, Waiariki",Rural other,Full Primary,,State,159,466,Open
1872,Otamarakau School,2216 Old Coach Road ,,Te Puke,3186.0,-37.837268,176.588269,POINT(176.588269 -37.837268),Bay of Plenty Region,Western Bay of Plenty District,"Bay of Plenty, Waiariki",Rural other,Full Primary,,State,63,466,Open
1873,TKKM o Otepou,759 Welcome Bay Road ,Tauranga Central,Tauranga,3112.0,-37.718298,176.241569,POINT(176.241569 -37.718298),Bay of Plenty Region,Tauranga City,"Bay of Plenty, Waiariki",Major urban area,Full Primary,,State,68,546,Open
1874,Ōtewā School,916 Otewa Road ,,Otorohanga,3975.0,-38.228415,175.289319,POINT(175.289319 -38.228415),Waikato Region,Ōtorohanga District,Waikato,Rural other,Full Primary,,State,56,483,Open
1875,Otonga Road School,105 Otonga Road ,Springfield,Rotorua,3015.0,-38.161953,176.234477,POINT(176.234477 -38.161953),Bay of Plenty Region,Rotorua District,"Bay of Plenty, Waiariki",Large urban area,Contributing,,State,501,415,Open
1876,Ōtorohanga School,95 Phillips Avenue ,,Otorohanga,3940.0,-38.188411,175.225467,POINT(175.225467 -38.188411),Waikato Region,Ōtorohanga District,Waikato,Small urban area,Full Primary,,State,113,538,Open
1877,Otorohanga South School,Rangipare Street ,,Otorohanga,3900.0,-38.187932,175.203181,POINT(175.203181 -38.187932),Waikato Region,Ōtorohanga District,Waikato,Small urban area,Full Primary,,State,308,481,Open
1878,Ōtūmoetai Intermediate,5 Charles Street ,Otumoetai,Tauranga,3110.0,-37.675421,176.129617,POINT(176.129617 -37.675421),Bay of Plenty Region,Tauranga City,"Bay of Plenty, Waiariki",Major urban area,Intermediate,,State,949,440,Open
1879,Ōtūmoetai Primary School,236 Otumoetai Road ,Otumoetai,Tauranga,3146.0,-37.682069,176.135992,POINT(176.135992 -37.682069),Bay of Plenty Region,Tauranga City,"Bay of Plenty, Waiariki",Major urban area,Contributing,,State,559,433,Open
1880,St Mary's Catholic School (Otorohanga),38 Hinewai Street ,,Otorohanga,3900.0,-38.182248,175.209675,POINT(175.209675 -38.182248),Waikato Region,Ōtorohanga District,Waikato,Small urban area,Full Primary,,State : Integrated,26,488,Open
1881,Owhata School,31 Brent Road ,Owhata,Rotorua,3010.0,-38.138107,176.298637,POINT(176.298637 -38.138107),Bay of Plenty Region,Rotorua District,"Bay of Plenty, Waiariki",Large urban area,Contributing,,State,228,536,Open
1882,Paengaroa School,33 Old Coach Road ,,Paengaroa,3189.0,-37.824916,176.414688,POINT(176.414688 -37.824916),Bay of Plenty Region,Western Bay of Plenty District,"Bay of Plenty, Waiariki",Rural settlement,Contributing,,State,199,468,Open
1883,Paeroa Central School,Wood Street ,,Paeroa,3600.0,-37.382135,175.676936,POINT(175.676936 -37.382135),Waikato Region,Hauraki District,Waikato,Small urban area,Full Primary,,State,72,545,Open
1884,Pahoia School,29 Esdaile Road ,,Tauranga,3180.0,-37.655224,175.996266,POINT(175.996266 -37.655224),Bay of Plenty Region,Western Bay of Plenty District,"Bay of Plenty, Waiariki",Rural other,Contributing,,State,169,428,Open
1885,Pāpāmoa Primary School,312 Dickson Road ,,Papamoa,3118.0,-37.709597,176.313864,POINT(176.313864 -37.709597),Bay of Plenty Region,Tauranga City,"Bay of Plenty, Waiariki",Major urban area,Contributing,,State,582,432,Open
1886,Pārāwai School,106 Lowe Avenue ,Parawai,Thames,3500.0,-37.155474,175.560611,POINT(175.560611 -37.155474),Waikato Region,Thames-Coromandel District,Waikato,Small urban area,Full Primary,,State,231,468,Open
1888,Te Kura o Te Paroa,34 Paroa Road ,,Whakatane,3191.0,-37.952177,176.940273,POINT(176.940273 -37.952177),Bay of Plenty Region,Whakatane District,"Bay of Plenty, Waiariki",Medium urban area,Full Primary,,State,288,520,Open
1889,Paterangi School,1326 Paterangi Road ,Paterangi,Ohaupo,3883.0,-37.950568,175.244242,POINT(175.244242 -37.950568),Waikato Region,Waipa District,Waikato,Rural other,Full Primary,,State,93,467,Open
1891,Patricia Avenue School,20 Patricia Avenue ,Hamilton East,Hamilton,3240.0,-37.786101,175.301528,POINT(175.301528 -37.786101),Waikato Region,Hamilton City,Waikato,Major urban area,Specialist School,Day Specialist,State,211,500,Open
1892,Peachgrove Intermediate,72 Peachgrove Road ,Hamilton East,Hamilton,3240.0,-37.78471,175.298632,POINT(175.298632 -37.78471),Waikato Region,Hamilton City,Waikato,Major urban area,Intermediate,,State,521,485,Open
1893,Pekapekarau School,742 Te Rahu Road ,,Te Awamutu,3840.0,-38.003318,175.338816,POINT(175.338816 -38.003318),Waikato Region,Waipa District,Waikato,Medium urban area,Contributing,,State,301,493,Open
1894,Pillans Point School,101 Maxwells Road ,Pillans Point,Tauranga,3110.0,-37.671863,176.156877,POINT(176.156877 -37.671863),Bay of Plenty Region,Tauranga City,"Bay of Plenty, Waiariki",Major urban area,Contributing,,State,487,405,Open
1895,Piopio Primary School,14 Aria Road ,,Piopio,3912.0,-38.47155,175.014754,POINT(175.014754 -38.47155),Waikato Region,Waitomo District,Waikato,Rural settlement,Contributing,,State,124,460,Open
1896,Piripiri School,2703 Te Anga Road ,,Te Kuiti,3988.0,-38.25501,174.875746,POINT(174.875746 -38.25501),Waikato Region,Waitomo District,Waikato,Rural other,Full Primary,,State,13,490,Open
1897,Pirongia School,100 Beechey Street ,,Pirongia,3844.0,-37.988674,175.203272,POINT(175.203272 -37.988674),Waikato Region,Waipa District,Waikato,Small urban area,Full Primary,,State,361,432,Open
1898,Pokuru School,873/2 Pokuru Road ,,Pokuru,3840.0,-38.056191,175.23641,POINT(175.23641 -38.056191),Waikato Region,Waipa District,Waikato,Rural other,Contributing,,State,137,461,Open
1899,Pongakawa School,956 Old Coach Road ,,Pongakawa,3186.0,-37.837505,176.476931,POINT(176.476931 -37.837505),Bay of Plenty Region,Western Bay of Plenty District,"Bay of Plenty, Waiariki",Rural other,Full Primary,,State,315,448,Open
1902,Puahue School,573 Puahue Road ,,Te Awamutu,3879.0,-38.036459,175.409281,POINT(175.409281 -38.036459),Waikato Region,Waipa District,Waikato,Rural other,Contributing,,State,153,425,Open
1903,Pukeatua School,2110 Arapuni Road ,,Pukeatua,3880.0,-38.064773,175.558005,POINT(175.558005 -38.064773),Waikato Region,Waipa District,Waikato,Rural other,Full Primary,,State,96,464,Open
1904,Pukehina School,1762 Old Coach Road ,,Pukehina,3186.0,-37.846067,176.542846,POINT(176.542846 -37.846067),Bay of Plenty Region,Western Bay of Plenty District,"Bay of Plenty, Waiariki",Rural other,Full Primary,,State,13,555,Open
1906,Pukenui School (Te Kuiti),King Street West ,,Te Kuiti,3910.0,-38.341451,175.160672,POINT(175.160672 -38.341451),Waikato Region,Waitomo District,Waikato,Small urban area,Full Primary,,State,128,540,Open
1907,Puketaha School,395 Puketaha Road ,Puketaha,Hamilton,3281.0,-37.720063,175.327519,POINT(175.327519 -37.720063),Waikato Region,Waikato District,Waikato,Rural other,Full Primary,,State,300,421,Open
1908,Pukete School,Pukete Road ,Pukete,Hamilton,3200.0,-37.745151,175.240436,POINT(175.240436 -37.745151),Waikato Region,Hamilton City,Waikato,Major urban area,Contributing,,State,416,459,Open
1911,Puriri School,Puriri Valley Road ,,Thames,3578.0,-37.229337,175.639129,POINT(175.639129 -37.229337),Waikato Region,Thames-Coromandel District,Waikato,Rural settlement,Full Primary,,State,29,475,Open
1912,Te Puru School,507 Thames Coast Road ,,Te Puru,3575.0,-37.041597,175.519803,POINT(175.519803 -37.041597),Waikato Region,Thames-Coromandel District,Waikato,Rural settlement,Full Primary,,State,168,456,Open
1916,Pyes Pa Road School,978 Pyes Pa Road ,,Pyes Pa,3173.0,-37.819257,176.125864,POINT(176.125864 -37.819257),Bay of Plenty Region,Western Bay of Plenty District,"Bay of Plenty, Waiariki",Rural other,Full Primary,,State,244,443,Open
1917,Te Wharekura o Rākaumangamanga,26 Mcdiarmid Crescent ,,Huntly,3700.0,-37.555912,175.145792,POINT(175.145792 -37.555912),Waikato Region,Waikato District,Waikato,Small urban area,Composite,,State,401,516,Open
1919,Te Kura o Rangiriri,39 Rangiriri Road ,,Rangiriri,3782.0,-37.429865,175.132756,POINT(175.132756 -37.429865),Waikato Region,Waikato District,Waikato,Rural other,Full Primary,,State,63,539,Open
1920,Rangitoto School,949 Rangitoto Road ,,Rangitoto,3982.0,-38.345472,175.256985,POINT(175.256985 -38.345472),Waikato Region,Waitomo District,Waikato,Rural other,Full Primary,,State,22,426,Open
1921,Rangiuru School,659 Rangiuru Road ,,Te Puke,3188.0,-37.844729,176.360483,POINT(176.360483 -37.844729),Bay of Plenty Region,Western Bay of Plenty District,"Bay of Plenty, Waiariki",Rural other,Full Primary,,State,98,493,Open
1923,Reporoa School,34 Massey Road ,,Reporoa,3060.0,-38.435285,176.343189,POINT(176.343189 -38.435285),Waikato Region,Rotorua District,"Bay of Plenty, Waiariki",Rural other,Contributing,,State,84,487,Open
1924,Rhode Street School,Rhode Street ,Dinsdale,Hamilton,3243.0,-37.799058,175.25179,POINT(175.25179 -37.799058),Waikato Region,Hamilton City,Waikato,Major urban area,Full Primary,,State,212,537,Open
1927,Roto-O-Rangi School,5 Kairangi Road ,,Cambridge,3495.0,-37.978941,175.461849,POINT(175.461849 -37.978941),Waikato Region,Waipa District,Waikato,Rural other,Contributing,,State,89,468,Open
1929,TKKM o Rotoiti,1620 State Highway 30 ,,Rotorua,3074.0,-38.048252,176.483862,POINT(176.483862 -38.048252),Bay of Plenty Region,Rotorua District,"Bay of Plenty, Waiariki",Rural settlement,Full Primary,,State,38,541,Open
1930,Rotokauri School,462 Rotokauri Road ,,Hamilton,3289.0,-37.77005,175.206318,POINT(175.206318 -37.77005),Waikato Region,Waikato District,Waikato,Rural other,Full Primary,,State,237,423,Open
1931,Rotokawa School,6 Rotokawa Road ,,Rotorua,3074.0,-38.108119,176.319986,POINT(176.319986 -38.108119),Bay of Plenty Region,Rotorua District,"Bay of Plenty, Waiariki",Large urban area,Contributing,,State,171,498,Open
1933,Rotorua Intermediate,83-95 Malfroy Road ,,Rotorua,3010.0,-38.144329,176.244115,POINT(176.244115 -38.144329),Bay of Plenty Region,Rotorua District,"Bay of Plenty, Waiariki",Large urban area,Intermediate,,State,656,505,Open
1934,Rotorua School,1249 Arawa Street ,Rotorua Central,Rotorua,3040.0,-38.134522,176.248831,POINT(176.248831 -38.134522),Bay of Plenty Region,Rotorua District,"Bay of Plenty, Waiariki",Large urban area,Full Primary,,State,385,522,Open
1935,Ficino School,27 Esplanade Road ,Mount Eden,Auckland,1024.0,-36.87326,174.759731,POINT(174.759731 -36.87326),Auckland Region,Albert-Eden Local Board Area,Tāmaki Herenga Manawa,Major urban area,Full Primary,,Private : Fully Registered,144,0,Open
1937,Ruawaro Combined School,76 Bain Road ,,Huntly,3772.0,-37.527585,175.041165,POINT(175.041165 -37.527585),Waikato Region,Waikato District,Waikato,Rural other,Full Primary,,State,23,479,Open
1938,Rukuhia School,58 Rukuhia Road ,,Ohaupo,3882.0,-37.853589,175.299799,POINT(175.299799 -37.853589),Waikato Region,Waipa District,Waikato,Rural settlement,Full Primary,,State,107,426,Open
1939,Selwyn School,Old Quarry Road ,,Rotorua,3046.0,-38.116472,176.225507,POINT(176.225507 -38.116472),Bay of Plenty Region,Rotorua District,"Bay of Plenty, Waiariki",Large urban area,Contributing,,State,324,544,Open
1940,Silverdale Normal School,62 Silverdale Road ,Hillcrest,Hamilton,3216.0,-37.792878,175.329298,POINT(175.329298 -37.792878),Waikato Region,Hamilton City,Waikato,Major urban area,Contributing,,State,380,464,Open
1941,Springdale School,985 No 1 Road ,,Waitoa,3380.0,-37.532358,175.567819,POINT(175.567819 -37.532358),Waikato Region,Matamata-Piako District,Waikato,Rural other,Full Primary,,State,32,490,Open
1942,St Andrews Middle School,Heath Street ,Te Rapa,Hamilton,3241.0,-37.754964,175.253886,POINT(175.253886 -37.754964),Waikato Region,Hamilton City,Waikato,Major urban area,Restricted Composite (Year 7-10),,State,139,541,Open
1943,St Anthony's Catholic School (Huntly),102 Bailey Street ,,Huntly,3740.0,-37.537154,175.162578,POINT(175.162578 -37.537154),Waikato Region,Waikato District,Waikato,Small urban area,Full Primary,,State : Integrated,92,457,Open
1944,St Columba's Catholic School (Frankton),50 Rifle Range Road ,Frankton,Hamilton,3242.0,-37.786763,175.250882,POINT(175.250882 -37.786763),Waikato Region,Hamilton City,Waikato,Major urban area,Full Primary,,State : Integrated,472,425,Open
1945,St Francis School (Thames),202 Mackay Street ,,Thames,3540.0,-37.143547,175.546126,POINT(175.546126 -37.143547),Waikato Region,Thames-Coromandel District,Waikato,Small urban area,Full Primary,,State : Integrated,79,409,Open
1946,St Joseph's Catholic School (Fairfield),88 Clarkin Road ,Fairfield,Hamilton,3240.0,-37.766687,175.274386,POINT(175.274386 -37.766687),Waikato Region,Hamilton City,Waikato,Major urban area,Full Primary,,State : Integrated,338,399,Open
1947,St Joseph's Catholic School (Matamata),Hohaia Street ,,Matamata,3440.0,-37.813278,175.777829,POINT(175.777829 -37.813278),Waikato Region,Matamata-Piako District,Waikato,Small urban area,Full Primary,,State : Integrated,24,447,Open
1948,St Joseph's Catholic School (Matata),18 Wilson Street ,,Matata,3194.0,-37.891227,176.757791,POINT(176.757791 -37.891227),Bay of Plenty Region,Whakatane District,"Bay of Plenty, Waiariki",Rural settlement,Full Primary,,State : Integrated,36,546,Open
1949,St Joseph's Catholic School (Morrinsville),11 Linden Street ,,Morrinsville,3300.0,-37.65486,175.532269,POINT(175.532269 -37.65486),Waikato Region,Matamata-Piako District,Waikato,Small urban area,Full Primary,,State : Integrated,185,420,Open
1950,St Joseph's Catholic School (Opotiki),Grey Street ,,Opotiki,3122.0,-38.002364,177.285677,POINT(177.285677 -38.002364),Bay of Plenty Region,Ōpōtiki District,"Bay of Plenty, Waiariki",Small urban area,Full Primary,,State : Integrated,150,467,Open
1951,St Joseph's Catholic School (Paeroa),200 Normanby Road ,,Paeroa,3600.0,-37.386368,175.679643,POINT(175.679643 -37.386368),Waikato Region,Hauraki District,Waikato,Small urban area,Full Primary,,State : Integrated,51,444,Open
1952,St Joseph's Catholic School (Te Aroha),41 Koromiko Street ,,Te Aroha,3320.0,-37.540324,175.710818,POINT(175.710818 -37.540324),Waikato Region,Matamata-Piako District,Waikato,Small urban area,Full Primary,,State : Integrated,62,446,Open
1953,St Joseph's Catholic School (Te Kuiti),Queen Street ,,Te Kuiti,3941.0,-38.340262,175.164606,POINT(175.164606 -38.340262),Waikato Region,Waitomo District,Waikato,Small urban area,Full Primary,,State : Integrated,66,449,Open
1954,St Joseph's Catholic School (Waihi),91 Mueller Street ,,Waihi,3610.0,-37.392955,175.845002,POINT(175.845002 -37.392955),Waikato Region,Hauraki District,Waikato,Small urban area,Full Primary,,State : Integrated,56,447,Open
1955,St Joseph's Catholic School (Whakatane),101 King Street ,,Whakatane,3120.0,-37.964493,176.98254,POINT(176.98254 -37.964493),Bay of Plenty Region,Whakatane District,"Bay of Plenty, Waiariki",Medium urban area,Full Primary,,State : Integrated,259,430,Open
1957,St Mary's Catholic School (Putāruru),5 Mackenzie Street ,,Putaruru,3411.0,-38.047376,175.77944,POINT(175.77944 -38.047376),Waikato Region,South Waikato District,Waikato,Small urban area,Full Primary,,State : Integrated,170,455,Open
1958,St Mary's Catholic School (Rotorua),37 Carnot Street ,Glenholme,Rotorua,3040.0,-38.146855,176.248196,POINT(176.248196 -38.146855),Bay of Plenty Region,Rotorua District,"Bay of Plenty, Waiariki",Large urban area,Contributing,,State : Integrated,451,387,Open
1959,St Mary's Catholic School (Tauranga),Thirteenth Avenue ,,Tauranga,3112.0,-37.706388,176.166143,POINT(176.166143 -37.706388),Bay of Plenty Region,Tauranga City,"Bay of Plenty, Waiariki",Major urban area,Contributing,,State : Integrated,465,385,Open
1960,St Michael's Catholic School (Rotorua),Lisa Crescent ,Western Heights,Rotorua,3047.0,-38.131417,176.21988,POINT(176.21988 -38.131417),Bay of Plenty Region,Rotorua District,"Bay of Plenty, Waiariki",Large urban area,Contributing,,State : Integrated,100,444,Open
1961,St Patrick's Catholic School (Taumarunui),12 High Street ,,Taumarunui,3920.0,-38.880474,175.259539,POINT(175.259539 -38.880474),Manawatū-Whanganui Region,Ruapehu District,Waikato,Small urban area,Full Primary,,State : Integrated,61,465,Open
1962,St Patrick's Catholic School (Te Awamutu),625 Alexandra Street ,,Te Awamutu,3840.0,-38.008559,175.319307,POINT(175.319307 -38.008559),Waikato Region,Waipa District,Waikato,Medium urban area,Full Primary,,State : Integrated,243,427,Open
1963,St Paul's Catholic School (Ngaruawahia),Belt Street ,,Ngaruawahia,3742.0,-37.672652,175.155337,POINT(175.155337 -37.672652),Waikato Region,Waikato District,Waikato,Small urban area,Full Primary,,State : Integrated,115,456,Open
1964,St Peter Chanel Catholic School (Te Rapa),5 Vardon Street ,Te Rapa,Hamilton,3200.0,-37.76428,175.253233,POINT(175.253233 -37.76428),Waikato Region,Hamilton City,Waikato,Major urban area,Full Primary,,State : Integrated,283,407,Open
1965,St Peter's Catholic School (Cambridge),22 Anzac Street ,,Cambridge,3434.0,-37.892754,175.472146,POINT(175.472146 -37.892754),Waikato Region,Waipa District,Waikato,Medium urban area,Full Primary,,State : Integrated,196,399,Open
1966,St Pius X Catholic School (Melville),57 Pine Avenue ,Melville,Hamilton,3206.0,-37.81316,175.288082,POINT(175.288082 -37.81316),Waikato Region,Hamilton City,Waikato,Major urban area,Full Primary,,State : Integrated,274,378,Open
1967,Stanley Avenue School,Stanley Avenue ,,Te Aroha,3320.0,-37.547302,175.697473,POINT(175.697473 -37.547302),Waikato Region,Matamata-Piako District,Waikato,Small urban area,Full Primary,,State,268,477,Open
1968,Strathmore School,Strathmore Drive ,,Tokoroa,3420.0,-38.233595,175.87129,POINT(175.87129 -38.233595),Waikato Region,South Waikato District,Waikato,Medium urban area,Contributing,,State,187,530,Open
1970,Sunset Primary School,110/170 Sunset Road ,Fordlands,Rotorua,3040.0,-38.139067,176.223221,POINT(176.223221 -38.139067),Bay of Plenty Region,Rotorua District,"Bay of Plenty, Waiariki",Large urban area,Contributing,,State,167,551,Open
1971,Te Kura o Tahaaroa,Taharoa Road ,,Te Kuiti,3988.0,-38.149441,174.732873,POINT(174.732873 -38.149441),Waikato Region,Waitomo District,Waikato,Rural settlement,Full Primary,,State,24,510,Open
1972,Tahuna School,43 Tahuna-Ohinewai Road ,,Tahuna,3373.0,-37.501903,175.489287,POINT(175.489287 -37.501903),Waikato Region,Matamata-Piako District,Waikato,Rural settlement,Contributing,,State,74,459,Open
1974,Tainui Full Primary School,Tainui Street ,,Tokoroa,3420.0,-38.241778,175.85781,POINT(175.85781 -38.241778),Waikato Region,South Waikato District,Waikato,Medium urban area,Full Primary,,State,249,526,Open
1975,Tairua School,110 Main Road ,,Tairua,3508.0,-37.011525,175.846526,POINT(175.846526 -37.011525),Waikato Region,Thames-Coromandel District,Waikato,Small urban area,Full Primary,,State,130,440,Open
1976,Tamahere Model Country School,37 Devine Road ,Tamahere,Hamilton,3283.0,-37.8265,175.354046,POINT(175.354046 -37.8265),Waikato Region,Waikato District,Waikato,Rural other,Contributing,,State,365,372,Open
1978,Taneatua School,44 McKenzie Street ,,Taneatua,3123.0,-38.065102,177.009344,POINT(177.009344 -38.065102),Bay of Plenty Region,Whakatane District,"Bay of Plenty, Waiariki",Rural settlement,Full Primary,,State,130,552,Open
1980,Tapu School,719 Thames Coast Road ,Tapu,Thames,3575.0,-36.985384,175.501159,POINT(175.501159 -36.985384),Waikato Region,Thames-Coromandel District,Waikato,Rural settlement,Full Primary,,State,5,521,Open
1982,Tarrangower School,25 Manson Street ,,Taumarunui,3920.0,-38.867918,175.25191,POINT(175.25191 -38.867918),Manawatū-Whanganui Region,Ruapehu District,Waikato,Small urban area,Full Primary,,State,63,549,Open
1983,Tatuanui School,State Highway 27 ,,Tatuanui,3374.0,-37.621803,175.597466,POINT(175.597466 -37.621803),Waikato Region,Matamata-Piako District,Waikato,Rural other,Contributing,,State,139,426,Open
1984,Tauhara School,90 Crown Road ,Tauhara,Taupo,3330.0,-38.691376,176.100389,POINT(176.100389 -38.691376),Waikato Region,Taupo District,"Bay of Plenty, Waiariki",Medium urban area,Contributing,,State,257,522,Open
1985,Tauhei Combined School,860 Tauhei Road ,,Tauhei,3375.0,-37.602195,175.429338,POINT(175.429338 -37.602195),Waikato Region,Matamata-Piako District,Waikato,Rural other,Contributing,,State,59,456,Open
1986,Taumarunui Primary School,Maata Street ,,Taumarunui,3920.0,-38.883558,175.27109,POINT(175.27109 -38.883558),Manawatū-Whanganui Region,Ruapehu District,Waikato,Small urban area,Full Primary,,State,142,554,Open
1987,Taupiri School,Greenlane Road ,,Taupiri,3721.0,-37.613665,175.187846,POINT(175.187846 -37.613665),Waikato Region,Waikato District,Waikato,Rural settlement,Full Primary,,State,112,502,Open
1988,Taupo Intermediate,22 Kotare Street ,Hilltop,Taupo,3330.0,-38.69762,176.096893,POINT(176.096893 -38.69762),Waikato Region,Taupo District,"Bay of Plenty, Waiariki",Medium urban area,Intermediate,,State,504,472,Open
1989,Taupo School,99 Tamamutu Street ,,Taupo,3330.0,-38.687286,176.073775,POINT(176.073775 -38.687286),Waikato Region,Taupo District,"Bay of Plenty, Waiariki",Medium urban area,Contributing,,State,452,450,Open
1990,Tauranga Intermediate,30 18th Avenue ,The Avenues,Tauranga,3140.0,-37.712212,176.15575,POINT(176.15575 -37.712212),Bay of Plenty Region,Tauranga City,"Bay of Plenty, Waiariki",Major urban area,Intermediate,,State,1217,475,Open
1991,Tauranga Primary School,31 Fifth Avenue ,,Tauranga,3110.0,-37.691996,176.16398,POINT(176.16398 -37.691996),Bay of Plenty Region,Tauranga City,"Bay of Plenty, Waiariki",Major urban area,Contributing,,State,458,423,Open
1992,Gate Pa School,900 Cameron Road South ,Gate Pa,Tauranga,3112.0,-37.711142,176.145836,POINT(176.145836 -37.711142),Bay of Plenty Region,Tauranga City,"Bay of Plenty, Waiariki",Major urban area,Contributing,,State,382,507,Open
1994,Tauriko School,768 State Highway 29 ,Tauriko,Tauranga,3171.0,-37.740732,176.095296,POINT(176.095296 -37.740732),Bay of Plenty Region,Tauranga City,"Bay of Plenty, Waiariki",Major urban area,Full Primary,,State,231,440,Open
1995,Tauwhare School,26 Scotsman Valley Road ,,Hamilton,3287.0,-37.77285,175.455519,POINT(175.455519 -37.77285),Waikato Region,Waikato District,Waikato,Rural other,Contributing,,State,114,423,Open
1996,Tāwera Bilingual School,164 Ngahina Road ,Ruatoki,Whakatane,3191.0,-38.151864,176.98582,POINT(176.98582 -38.151864),Bay of Plenty Region,Whakatane District,"Bay of Plenty, Waiariki",Rural other,Full Primary,,State,35,547,Open
1998,Te Akau School,953 Te Akau Road ,,Te Akau,3793.0,-37.668977,174.873561,POINT(174.873561 -37.668977),Waikato Region,Waikato District,Waikato,Rural other,Full Primary,,State,45,466,Open
1999,Te Aroha Primary School,Jubilee Avenue ,,Te Aroha,3320.0,-37.537543,175.709553,POINT(175.709553 -37.537543),Waikato Region,Matamata-Piako District,Waikato,Small urban area,Full Primary,,State,222,496,Open
2001,Te Awamutu Intermediate,646 Hazelmere Crescent ,,Te Awamutu,3800.0,-38.017685,175.332486,POINT(175.332486 -38.017685),Waikato Region,Waipa District,Waikato,Medium urban area,Intermediate,,State,531,479,Open
2002,Te Awamutu Primary School,401 Teasdale Street ,,Te Awamutu,3800.0,-38.012106,175.318627,POINT(175.318627 -38.012106),Waikato Region,Waipa District,Waikato,Medium urban area,Contributing,,State,590,461,Open
2005,Te Kauwhata Primary School,Wira Street ,,Te Kauwhata,3710.0,-37.404211,175.145245,POINT(175.145245 -37.404211),Waikato Region,Waikato District,Waikato,Small urban area,Contributing,,State,385,475,Open
2007,Te Kowhai School,605 Horotiu Road ,,Te Kowhai,3288.0,-37.739282,175.153339,POINT(175.153339 -37.739282),Waikato Region,Waikato District,Waikato,Rural settlement,Full Primary,,State,305,414,Open
2008,Te Kuiti Primary School,Rora Street ,,Te Kuiti,3941.0,-38.329334,175.159609,POINT(175.159609 -38.329334),Waikato Region,Waitomo District,Waikato,Small urban area,Full Primary,,State,324,489,Open
2009,Te Mahoe School,842 Galatea Road ,Lake Matahina,Whakatane,3192.0,-38.108728,176.816074,POINT(176.816074 -38.108728),Bay of Plenty Region,Whakatane District,"Bay of Plenty, Waiariki",Rural other,Full Primary,,State,33,556,Open
2010,Te Mata School (Raglan),778 Te Mata Road ,,Raglan,3296.0,-37.880361,174.867008,POINT(174.867008 -37.880361),Waikato Region,Waikato District,Waikato,Rural other,Full Primary,,State,154,413,Open
2011,TKKM o Te Matai,1327a Te Puke Highway ,Waitangi,Te Puke,3153.0,-37.791991,176.359637,POINT(176.359637 -37.791991),Bay of Plenty Region,Western Bay of Plenty District,"Bay of Plenty, Waiariki",Rural other,Full Primary,,State,43,532,Open
2012,Te Miro School,443 Te Miro Road ,Te Miro,Cambridge,3496.0,-37.807123,175.545052,POINT(175.545052 -37.807123),Waikato Region,Waipa District,Waikato,Rural other,Full Primary,,State,57,406,Open
2013,Te Pahu School,671 Te Pahu Road ,Te Pahu,Hamilton,3285.0,-37.923811,175.138918,POINT(175.138918 -37.923811),Waikato Region,Waipa District,Waikato,Rural other,Full Primary,,State,97,438,Open
2014,Te Poi School,3 Stopford Road ,Te Poi,Matamata,3473.0,-37.870703,175.847828,POINT(175.847828 -37.870703),Waikato Region,Matamata-Piako District,Waikato,Rural other,Contributing,,State,58,486,Open
2015,Te Puke Intermediate,133 Cameron Road ,,Te Puke,3119.0,-37.796326,176.315236,POINT(176.315236 -37.796326),Bay of Plenty Region,Western Bay of Plenty District,"Bay of Plenty, Waiariki",Small urban area,Intermediate,,State,518,473,Open
2016,Te Puke Primary School,43 Cameron Road ,,Te Puke,3119.0,-37.7876,176.316123,POINT(176.316123 -37.7876),Bay of Plenty Region,Western Bay of Plenty District,"Bay of Plenty, Waiariki",Small urban area,Contributing,,State,306,469,Open
2017,Te Puna School,225 Te Puna Road ,,Te Puna,3176.0,-37.675658,176.076681,POINT(176.076681 -37.675658),Bay of Plenty Region,Western Bay of Plenty District,"Bay of Plenty, Waiariki",Rural other,Full Primary,,State,248,466,Open
2019,Te Ranga School,1492 Te Matai Road ,,Te Puke,3188.0,-37.904354,176.272442,POINT(176.272442 -37.904354),Bay of Plenty Region,Western Bay of Plenty District,"Bay of Plenty, Waiariki",Rural other,Full Primary,,State,177,447,Open
2020,Te Rapa School,61 Ashurst Avenue ,Te Rapa,Hamilton,3241.0,-37.739398,175.236038,POINT(175.236038 -37.739398),Waikato Region,Hamilton City,Waikato,Major urban area,Full Primary,,State,530,443,Open
2021,Te Rerenga School,1229 Whangapoua Road ,,Te Rerenga,3582.0,-36.754585,175.596634,POINT(175.596634 -36.754585),Waikato Region,Thames-Coromandel District,Waikato,Rural other,Full Primary,,State,118,428,Open
2023,Te Kura O Te Teko,24 Te Teko Road ,,Te Teko,3167.0,-38.0342,176.797505,POINT(176.797505 -38.0342),Bay of Plenty Region,Whakatane District,"Bay of Plenty, Waiariki",Rural settlement,Full Primary,,State,140,532,Open
2024,Te Uku School,3436 State Highway 23 ,Raglan,Te Uku,3266.0,-37.828021,174.957155,POINT(174.957155 -37.828021),Waikato Region,Waikato District,Waikato,Rural other,Full Primary,,State,128,428,Open
2025,Te Waotu School,1274 Waotu Road ,,Putaruru,3481.0,-38.144246,175.68954,POINT(175.68954 -38.144246),Waikato Region,South Waikato District,Waikato,Rural other,Full Primary,,State,126,448,Open
2027,Thames South School,307 Rolleston Street ,,Thames,3500.0,-37.14458,175.54827,POINT(175.54827 -37.14458),Waikato Region,Thames-Coromandel District,Waikato,Small urban area,Full Primary,,State,60,541,Open
2028,Thornton School,43 Eastbank Road ,Thornton,Whakatane,3193.0,-37.92534,176.863286,POINT(176.863286 -37.92534),Bay of Plenty Region,Whakatane District,"Bay of Plenty, Waiariki",Rural other,Full Primary,,State,152,451,Open
2031,Tirau Primary School,69 Main Road ,,Tirau,3410.0,-37.975561,175.75529,POINT(175.75529 -37.975561),Waikato Region,South Waikato District,Waikato,Rural settlement,Contributing,,State,127,477,Open
2032,Tirohanga School,851 Tirohanga Road ,,Atiamuri,3078.0,-38.469025,175.910031,POINT(175.910031 -38.469025),Waikato Region,Taupo District,"Bay of Plenty, Waiariki",Rural other,Full Primary,,State,22,506,Open
2033,Tirohia School,6332 State Highway 26 ,,Tirohia,3673.0,-37.43151,175.6484,POINT(175.6484 -37.43151),Waikato Region,Hauraki District,Waikato,Rural other,Full Primary,,State,30,542,Open
2035,Tokoroa Central School,Clyde Street ,,Tokoroa,3444.0,-38.221156,175.864815,POINT(175.864815 -38.221156),Waikato Region,South Waikato District,Waikato,Medium urban area,Contributing,,State,191,538,Open
2037,Tokoroa Intermediate,Elizabeth Drive ,,Tokoroa,3444.0,-38.227692,175.859139,POINT(175.859139 -38.227692),Waikato Region,South Waikato District,Waikato,Medium urban area,Intermediate,,State,277,519,Open
2038,Tokoroa North School,29 Paraonui Road ,,Tokoroa,3420.0,-38.212817,175.853813,POINT(175.853813 -38.212817),Waikato Region,South Waikato District,Waikato,Medium urban area,Contributing,,State,415,494,Open
2040,Turaki School,Tumoana Street ,,Taumarunui,3920.0,-38.886258,175.268344,POINT(175.268344 -38.886258),Manawatū-Whanganui Region,Ruapehu District,Waikato,Small urban area,Full Primary,,State,182,512,Open
2043,Turua Primary School,Hauraki Road ,Turua,Thames,3574.0,-37.242176,175.568916,POINT(175.568916 -37.242176),Waikato Region,Hauraki District,Waikato,Rural settlement,Full Primary,,State,104,470,Open
2044,Upper Atiamuri School,2613 State Highway 30 ,,Atiamuri,3078.0,-38.332959,176.068046,POINT(176.068046 -38.332959),Waikato Region,Rotorua District,"Bay of Plenty, Waiariki",Rural other,Full Primary,,State,56,468,Open
2045,Vardon School,36 Cunningham Road ,Beerescourt,Hamilton,3200.0,-37.763356,175.256973,POINT(175.256973 -37.763356),Waikato Region,Hamilton City,Waikato,Major urban area,Contributing,,State,351,474,Open
2046,Waerenga School,1066 Taniwha Road RD 1 ,,Te Kauwhata,3781.0,-37.371726,175.266455,POINT(175.266455 -37.371726),Waikato Region,Waikato District,Waikato,Rural other,Full Primary,,State,107,451,Open
2047,Te Kura o Waharoa,32 Ward Street ,,Waharoa,3401.0,-37.760019,175.754739,POINT(175.754739 -37.760019),Waikato Region,Matamata-Piako District,Waikato,Rural settlement,Full Primary,,State,41,563,Open
2048,Waihi Beach School,100 Beach Road ,,Waihi Beach,3611.0,-37.405929,175.938503,POINT(175.938503 -37.405929),Bay of Plenty Region,Western Bay of Plenty District,Waikato,Small urban area,Contributing,,State,269,442,Open
2049,Waihi East School,Donnelly Street ,,Waihi,3641.0,-37.38184,175.856227,POINT(175.856227 -37.38184),Waikato Region,Hauraki District,Waikato,Small urban area,Contributing,,State,228,470,Open
2050,Waihi Central School,Moresby Avenue ,,Waihi,3610.0,-37.389972,175.838774,POINT(175.838774 -37.389972),Waikato Region,Hauraki District,Waikato,Small urban area,Contributing,,State,114,534,Open
2052,Waikaretu School,1448 Waikaretu Valley Road ,Waikaretu,Tuakau,2695.0,-37.543431,174.83214,POINT(174.83214 -37.543431),Waikato Region,Waikato District,Waikato,Rural other,Full Primary,,State,20,452,Open
2054,Waikino School,15 Abbott Road ,,Waikino,3682.0,-37.409518,175.770574,POINT(175.770574 -37.409518),Waikato Region,Hauraki District,Waikato,Rural settlement,Contributing,,State,84,462,Open
2055,Waikite Valley School,1090 Waikite Valley Road ,Waikite Valley,Rotorua,3077.0,-38.341913,176.256792,POINT(176.256792 -38.341913),Waikato Region,Rotorua District,"Bay of Plenty, Waiariki",Rural other,Full Primary,,State,81,445,Open
2057,Waimana School,6 Raroa Road ,,Waimana,3196.0,-38.143098,177.072258,POINT(177.072258 -38.143098),Bay of Plenty Region,Whakatane District,"Bay of Plenty, Waiariki",Rural other,Full Primary,,State,22,542,Open
2058,Waimata School,9780 Tauranga Road (SH2) ,,Waihi,3681.0,-37.426822,175.869656,POINT(175.869656 -37.426822),Waikato Region,Hauraki District,Waikato,Rural other,Contributing,,State,39,489,Open
2060,Waingaro School,5844 Waingaro Road ,,Ngaruawahia,3793.0,-37.675486,174.96916,POINT(174.96916 -37.675486),Waikato Region,Waikato District,Waikato,Rural other,Full Primary,,State,8,492,Open
2061,Te Kura o Waioweka,48 Waioeka Pa Road ,,Opotiki,3197.0,-38.083395,177.293329,POINT(177.293329 -38.083395),Bay of Plenty Region,Ōpōtiki District,"Bay of Plenty, Waiariki",Rural other,Full Primary,,State,67,533,Open
2062,Te Kura Māori ā Rohe o Waiohau,2481 Galatea Road ,Waiohau,Whakatane,3192.0,-38.224309,176.841698,POINT(176.841698 -38.224309),Bay of Plenty Region,Whakatane District,"Bay of Plenty, Waiariki",Rural other,Composite,,State,87,534,Open
2063,Waiotahe Valley School,32 Gabriels Gully Road ,,Opotiki,3198.0,-38.026417,177.192318,POINT(177.192318 -38.026417),Bay of Plenty Region,Ōpōtiki District,"Bay of Plenty, Waiariki",Rural other,Full Primary,,State,107,505,Open
2064,Waipa School,Kia Toa Street ,,Ngaruawahia,3720.0,-37.676024,175.149737,POINT(175.149737 -37.676024),Waikato Region,Waikato District,Waikato,Small urban area,Full Primary,,State,329,527,Open
2065,Waipahihi School,20 Parata Street ,Waipahihi,Taupo,3330.0,-38.717522,176.08711,POINT(176.08711 -38.717522),Waikato Region,Taupo District,"Bay of Plenty, Waiariki",Medium urban area,Contributing,,State,349,451,Open
2066,Wairakei School,2 Kauri Drive ,Wairakei,Taupo,3332.0,-38.619088,176.101477,POINT(176.101477 -38.619088),Waikato Region,Taupo District,"Bay of Plenty, Waiariki",Rural settlement,Contributing,,State,334,440,Open
2068,Te Kura o Waitahanui,107 State Highway 1 ,Waitahanui,Taupo,3378.0,-38.787768,176.076788,POINT(176.076788 -38.787768),Waikato Region,Taupo District,"Bay of Plenty, Waiariki",Rural settlement,Composite,,State,103,527,Open
2069,Waitakaruru School,6 Canal West Road ,,Waitakaruru,3576.0,-37.236201,175.393144,POINT(175.393144 -37.236201),Waikato Region,Hauraki District,Waikato,Rural other,Full Primary,,State,92,493,Open
2071,Waitetuna School,129 Waitetuna Valley Road ,,Raglan,3295.0,-37.846604,175.030893,POINT(175.030893 -37.846604),Waikato Region,Waikato District,Waikato,Rural other,Full Primary,,State,64,423,Open
2073,Waitomo Caves School,Hotel Access Road ,,Waitomo Caves,3977.0,-38.261418,175.109611,POINT(175.109611 -38.261418),Waikato Region,Waitomo District,Waikato,Rural other,Full Primary,,State,31,526,Open
2074,Walton School,305 Walton Road ,,Walton,3475.0,-37.732947,175.697237,POINT(175.697237 -37.732947),Waikato Region,Matamata-Piako District,Waikato,Rural other,Contributing,,State,125,456,Open
2075,Wairere School,413 Wardville Road ,Wardville,Waharoa,3474.0,-37.72336,175.778843,POINT(175.778843 -37.72336),Waikato Region,Matamata-Piako District,Waikato,Rural other,Contributing,,State,38,477,Open
2076,Welcome Bay School,309 Welcome Bay Road ,Welcome Bay,Tauranga,3112.0,-37.727465,176.196543,POINT(176.196543 -37.727465),Bay of Plenty Region,Tauranga City,"Bay of Plenty, Waiariki",Major urban area,Contributing,,State,284,469,Open
2077,Westbrook School,362 Malfroy Road ,,Rotorua,3015.0,-38.150636,176.218749,POINT(176.218749 -38.150636),Bay of Plenty Region,Rotorua District,"Bay of Plenty, Waiariki",Large urban area,Contributing,,State,474,475,Open
2078,Western Heights Primary School (Rotorua),197 Clayton Road ,Western Heights,Rotorua,3015.0,-38.130547,176.213391,POINT(176.213391 -38.130547),Bay of Plenty Region,Rotorua District,"Bay of Plenty, Waiariki",Large urban area,Contributing,,State,421,536,Open
2079,Whakamarama School,476 Whakamarama Road ,,Whakamarama,3179.0,-37.717145,175.99405,POINT(175.99405 -37.717145),Bay of Plenty Region,Western Bay of Plenty District,"Bay of Plenty, Waiariki",Rural other,Full Primary,,State,85,423,Open
2080,Whakamaru School,36 Kaahu Road ,Whakamaru,Mangakino,3492.0,-38.426748,175.808139,POINT(175.808139 -38.426748),Waikato Region,Taupo District,"Bay of Plenty, Waiariki",Rural other,Full Primary,,State,75,494,Open
2081,Whakarewarewa School,63 Sala Street ,Whakarewarewa,Rotorua,3043.0,-38.157958,176.264262,POINT(176.264262 -38.157958),Bay of Plenty Region,Rotorua District,"Bay of Plenty, Waiariki",Large urban area,Full Primary,,State,127,557,Open
2082,Whakatane Intermediate,101 James Street ,,Whakatane,3120.0,-37.961255,176.970443,POINT(176.970443 -37.961255),Bay of Plenty Region,Whakatane District,"Bay of Plenty, Waiariki",Medium urban area,Intermediate,,State,586,486,Open
2083,Whangamarino School,637 State Highway 33 ,,Okere Falls,3074.0,-38.026681,176.344225,POINT(176.344225 -38.026681),Bay of Plenty Region,Rotorua District,"Bay of Plenty, Waiariki",Rural settlement,Full Primary,,State,134,531,Open
2084,Te Kura Mana Māori o Whangaparaoa,11555 State Highway 35 ,Cape Runaway,Opotiki,3199.0,-37.574822,177.997524,POINT(177.997524 -37.574822),Bay of Plenty Region,Ōpōtiki District,"Bay of Plenty, Waiariki",Rural other,Composite,,State,79,519,Open
2085,ACG Parnell College,39 George Street ,Parnell,Auckland,1141.0,-36.863654,174.778126,POINT(174.778126 -36.863654),Auckland Region,Waitematā Local Board Area,Tāmaki Herenga Manawa,Major urban area,Composite,,Private : Fully Registered,1963,0,Open
2086,Wharepapa South School,14 Wharepapa Road ,,Te Awamutu,3877.0,-38.142835,175.534875,POINT(175.534875 -38.142835),Waikato Region,Waipa District,Waikato,Rural other,Full Primary,,State,30,496,Open
2087,Whatawhata School,9 Kura Street ,Whatawhata,Hamilton,3289.0,-37.792271,175.157421,POINT(175.157421 -37.792271),Waikato Region,Waikato District,Waikato,Rural settlement,Full Primary,,State,278,446,Open
2088,Whenuakite School,1055 State Highway 25 ,,Whitianga,3591.0,-36.914996,175.777175,POINT(175.777175 -36.914996),Waikato Region,Thames-Coromandel District,Waikato,Rural other,Full Primary,,State,152,428,Open
2090,Whitikahu School,763 Whitikahu Road ,Whitikahu,Taupiri,3792.0,-37.611213,175.345927,POINT(175.345927 -37.611213),Waikato Region,Waikato District,Waikato,Rural other,Full Primary,,State,56,458,Open
2091,Whitiora School,38 Willoughby Street ,Whitiora,Hamilton,3200.0,-37.779594,175.270037,POINT(175.270037 -37.779594),Waikato Region,Hamilton City,Waikato,Major urban area,Full Primary,,State,212,531,Open
2092,Woodlands School (Opotiki),168 Dip Road ,,Opotiki,3198.0,-38.038857,177.262899,POINT(177.262899 -38.038857),Bay of Plenty Region,Ōpōtiki District,"Bay of Plenty, Waiariki",Rural other,Full Primary,,State,177,516,Open
2093,Woodstock School,21 Woodstock Road ,Fairfield,Hamilton,3214.0,-37.768756,175.273488,POINT(175.273488 -37.768756),Waikato Region,Hamilton City,Waikato,Major urban area,Contributing,,State,385,443,Open
2094,Marian Catholic School (Hamilton),Firth Street ,Hamilton East,Hamilton,3247.0,-37.790843,175.295006,POINT(175.295006 -37.790843),Waikato Region,Hamilton City,Waikato,Major urban area,Full Primary,,State : Integrated,619,393,Open
2095,Kaponga School,30 Egmont Street ,,Kaponga,4642.0,-39.426204,174.149432,POINT(174.149432 -39.426204),Taranaki Region,South Taranaki District,"Taranaki, Whanganui, Manawatū",Rural settlement,Full Primary,,State,47,505,Open
2096,Crawshaw School,Crawshaw Drive ,Nawton,Hamilton,3200.0,-37.773944,175.232276,POINT(175.232276 -37.773944),Waikato Region,Hamilton City,Waikato,Major urban area,Full Primary,,State,294,536,Open
2097,Manaia School (Taranaki),36 Karaka Street ,,Manaia,4612.0,-39.546564,174.122763,POINT(174.122763 -39.546564),Taranaki Region,South Taranaki District,"Taranaki, Whanganui, Manawatū",Rural settlement,Full Primary,,State,54,553,Open
2098,Matapu School,495 Hastings Road ,,Hāwera,4675.0,-39.478529,174.226633,POINT(174.226633 -39.478529),Taranaki Region,South Taranaki District,"Taranaki, Whanganui, Manawatū",Rural other,Full Primary,,State,148,467,Open
2099,Trentham School,Moonshine Road ,Trentham,Upper Hutt,5018.0,-41.12885,175.044632,POINT(175.044632 -41.12885),Wellington Region,Upper Hutt City,Wellington,Large urban area,Contributing,,State,364,464,Open
2100,Koraunui School,17 Kairimu Street ,Stokes Valley,Lower Hutt,5019.0,-41.180552,174.984856,POINT(174.984856 -41.180552),Wellington Region,Lower Hutt City,Wellington,Major urban area,Contributing,,State,179,495,Open
2101,Tautoro School,6314 Mangakahia Road ,,Kaikohe,474.0,-35.472842,173.840289,POINT(173.840289 -35.472842),Northland Region,Far North District,Tai Tokerau,Rural other,Full Primary,,State,149,550,Open
2102,Maromaku School,Maromaku School Road ,,Kawakawa,281.0,-35.486657,174.105051,POINT(174.105051 -35.486657),Northland Region,Far North District,Tai Tokerau,Rural other,Full Primary,,State,20,485,Open
2103,Moerewa School,70 Otiria Road ,,Moerewa,211.0,-35.39392,174.00882,POINT(174.00882 -35.39392),Northland Region,Far North District,Tai Tokerau,Small urban area,Composite (Year 1-10),,State,131,552,Open
2104,TKKM o Taumarere,1-9 Station Road East ,,Moerewa,243.0,-35.388157,174.021052,POINT(174.021052 -35.388157),Northland Region,Far North District,Tai Tokerau,Small urban area,Composite,,State,126,523,Open
2105,Awahono School - Grey Valley,20 Napoleon Street ,,Ahaura,7843.0,-42.347611,171.538347,POINT(171.538347 -42.347611),West Coast Region,Grey District,"Nelson, Marlborough, West Coast",Rural settlement,Full Primary,,State,102,463,Open
2106,Paparoa Range School,Herald Street ,,Dobson,7805.0,-42.452015,171.311438,POINT(171.311438 -42.452015),West Coast Region,Grey District,"Nelson, Marlborough, West Coast",Rural settlement,Full Primary,,State,71,516,Open
2107,Geraldine Primary School,Wilson Street ,,Geraldine,7930.0,-44.096874,171.238854,POINT(171.238854 -44.096874),Canterbury Region,Timaru District,"Canterbury, Chatham Islands",Small urban area,Contributing,,State,269,439,Open
2108,Winchester Rural School,Rise Road ,,Winchester,7958.0,-44.189987,171.278429,POINT(171.278429 -44.189987),Canterbury Region,Timaru District,"Canterbury, Chatham Islands",Rural settlement,Contributing,,State,116,457,Open
2109,Temuka Primary School,9 Hayhurst Street ,,Temuka,7920.0,-44.246309,171.286994,POINT(171.286994 -44.246309),Canterbury Region,Timaru District,"Canterbury, Chatham Islands",Small urban area,Contributing,,State,205,476,Open
2110,Oceanview Heights School,241 Selwyn Street ,Marchwiel,Timaru,7910.0,-44.379556,171.230872,POINT(171.230872 -44.379556),Canterbury Region,Timaru District,"Canterbury, Chatham Islands",Medium urban area,Full Primary,,State,103,523,Open
2111,Grantlea Downs School,65 Grants Road ,Marchwiel,Timaru,7910.0,-44.374383,171.235534,POINT(171.235534 -44.374383),Canterbury Region,Timaru District,"Canterbury, Chatham Islands",Medium urban area,Full Primary,,State,302,498,Open
2112,Barton Rural School,462 Fairview Road ,Gleniti,Timaru,7972.0,-44.409939,171.171625,POINT(171.171625 -44.409939),Canterbury Region,Timaru District,"Canterbury, Chatham Islands",Rural other,Full Primary,,State,185,419,Open
2113,Bluestone School,Raymond Street ,West End,Timaru,7910.0,-44.398364,171.226384,POINT(171.226384 -44.398364),Canterbury Region,Timaru District,"Canterbury, Chatham Islands",Medium urban area,Full Primary,,State,471,474,Open
2114,Beaconsfield School,40 Guscott Road ,Gleniti,Timaru,7972.0,-44.434245,171.129705,POINT(171.129705 -44.434245),Canterbury Region,Timaru District,"Canterbury, Chatham Islands",Rural other,Full Primary,,State,120,438,Open
2115,Timaru South School,44 Queen Street ,Parkside,Timaru,7910.0,-44.408464,171.249835,POINT(171.249835 -44.408464),Canterbury Region,Timaru District,"Canterbury, Chatham Islands",Medium urban area,Full Primary,,State,200,511,Open
2116,New River Primary,117 Elizabeth Street ,Kew,Invercargill,9812.0,-46.4347,168.358161,POINT(168.358161 -46.4347),Southland Region,Invercargill City,"Otago, Southland",Large urban area,Contributing,,State,217,522,Open
2117,Fernworth Primary School,288 Pomona Street ,Strathern,Invercargill,9812.0,-46.431532,168.369961,POINT(168.369961 -46.431532),Southland Region,Invercargill City,"Otago, Southland",Large urban area,Contributing,,State,256,535,Open
2118,Newfield Park School,82 Wilfrid Street ,Newfield,Invercargill,9812.0,-46.420631,168.380453,POINT(168.380453 -46.420631),Southland Region,Invercargill City,"Otago, Southland",Large urban area,Contributing,,State,216,506,Open
2119,Donovan Primary School,200 Drury Lane ,Waikiwi,Invercargill,9810.0,-46.378906,168.340624,POINT(168.340624 -46.378906),Southland Region,Invercargill City,"Otago, Southland",Large urban area,Contributing,,State,368,464,Open
2120,Bluff School,Bradshaw Street ,,Bluff,9814.0,-46.602359,168.344302,POINT(168.344302 -46.602359),Southland Region,Invercargill City,"Otago, Southland",Small urban area,Full Primary,,State,112,511,Open
2123,Lake Brunner School,Ahau Street ,,Moana,7845.0,-42.575944,171.480778,POINT(171.480778 -42.575944),West Coast Region,Grey District,"Nelson, Marlborough, West Coast",Rural settlement,Full Primary,,State,54,482,Open
2150,Ahititi School,State Highway 3  ,Ahititi,Urenui,4378.0,-38.8584,174.606811,POINT(174.606811 -38.8584),Taranaki Region,New Plymouth District,"Taranaki, Whanganui, Manawatū",Rural other,Full Primary,,State,14,521,Open
2152,Auroa School,734 Auroa Road ,,Hāwera,4678.0,-39.483067,174.044642,POINT(174.044642 -39.483067),Taranaki Region,South Taranaki District,"Taranaki, Whanganui, Manawatū",Rural other,Full Primary,,State,162,473,Open
2153,Avon School,Hamlet Street ,,Stratford,4332.0,-39.351029,174.284729,POINT(174.284729 -39.351029),Taranaki Region,Stratford District,"Taranaki, Whanganui, Manawatū",Small urban area,Full Primary,,State,56,549,Open
2157,Bell Block School,31 Bell Block Court ,Bell Block,New Plymouth,4312.0,-39.035752,174.14481,POINT(174.14481 -39.035752),Taranaki Region,New Plymouth District,"Taranaki, Whanganui, Manawatū",Large urban area,Full Primary,,State,446,441,Open
2160,Central School Te Kura Waenga O Ngāmotu,40 Lemon Street ,,New Plymouth,4310.0,-39.059186,174.079959,POINT(174.079959 -39.059186),Taranaki Region,New Plymouth District,"Taranaki, Whanganui, Manawatū",Large urban area,Contributing,,State,217,417,Open
2161,Devon Intermediate,400 Devon Street West ,Lynmouth,New Plymouth,4340.0,-39.063582,174.054111,POINT(174.054111 -39.063582),Taranaki Region,New Plymouth District,"Taranaki, Whanganui, Manawatū",Large urban area,Intermediate,,State,345,494,Open
2164,Egmont Village School,1052 Junction Road ,Egmont Vllage,Inglewood,4386.0,-39.14647,174.14538,POINT(174.14538 -39.14647),Taranaki Region,New Plymouth District,"Taranaki, Whanganui, Manawatū",Rural settlement,Full Primary,,State,198,432,Open
2165,Eltham School,Conway Road ,,Eltham,4322.0,-39.434458,174.29777,POINT(174.29777 -39.434458),Taranaki Region,South Taranaki District,"Taranaki, Whanganui, Manawatū",Small urban area,Full Primary,,State,136,521,Open
2167,Fitzroy School,Barriball Street ,Fitzroy,New Plymouth,4312.0,-39.047956,174.102942,POINT(174.102942 -39.047956),Taranaki Region,New Plymouth District,"Taranaki, Whanganui, Manawatū",Large urban area,Contributing,,State,434,422,Open
2168,Frankley School,357 Tukapa Street ,,New Plymouth,4371.0,-39.090983,174.056453,POINT(174.056453 -39.090983),Taranaki Region,New Plymouth District,"Taranaki, Whanganui, Manawatū",Large urban area,Contributing,,State,243,422,Open
2171,Hāwera Primary School,261 South Road ,,Hāwera,4610.0,-39.592863,174.275218,POINT(174.275218 -39.592863),Taranaki Region,South Taranaki District,"Taranaki, Whanganui, Manawatū",Small urban area,Contributing,,State,162,521,Open
2172,Highlands Intermediate,260A Coronation Avenue ,,New Plymouth,4310.0,-39.074297,174.089797,POINT(174.089797 -39.074297),Taranaki Region,New Plymouth District,"Taranaki, Whanganui, Manawatū",Large urban area,Intermediate,,State,712,444,Open
2173,Huiakama School,State Highway 43 ,,Stratford,4395.0,-39.261338,174.568249,POINT(174.568249 -39.261338),Taranaki Region,Stratford District,"Taranaki, Whanganui, Manawatū",Rural other,Full Primary,,State,11,498,Open
2175,Huirangi School,Bayley Street ,,Huirangi,4373.0,-39.051773,174.249859,POINT(174.249859 -39.051773),Taranaki Region,New Plymouth District,"Taranaki, Whanganui, Manawatū",Rural other,Contributing,,State,110,476,Open
2177,Inglewood Primary School,33 Kelly Street ,,Inglewood,4347.0,-39.15922,174.200311,POINT(174.200311 -39.15922),Taranaki Region,New Plymouth District,"Taranaki, Whanganui, Manawatū",Small urban area,Full Primary,,State,385,477,Open
2178,Kaimata School,715 Tarata Road ,,Inglewood,4387.0,-39.161147,174.291619,POINT(174.291619 -39.161147),Taranaki Region,New Plymouth District,"Taranaki, Whanganui, Manawatū",Rural other,Full Primary,,State,105,444,Open
2182,Lepperton School,540 Richmond Road ,Lepperton,New Plymouth,4373.0,-39.062237,174.209864,POINT(174.209864 -39.062237),Taranaki Region,New Plymouth District,"Taranaki, Whanganui, Manawatū",Rural settlement,Full Primary,,State,123,423,Open
2185,Makahu School,835 Brewer Road ,Makahu,Stratford,4392.0,-39.292842,174.631143,POINT(174.631143 -39.292842),Taranaki Region,Stratford District,"Taranaki, Whanganui, Manawatū",Rural other,Full Primary,,State,18,472,Open
2189,Mangorei School,502 Mangorei Road ,Highlands Park,New Plymouth,4312.0,-39.089713,174.107552,POINT(174.107552 -39.089713),Taranaki Region,New Plymouth District,"Taranaki, Whanganui, Manawatū",Large urban area,Full Primary,,State,283,412,Open
2190,Manukorihi Intermediate,Manukorihi Road ,,Waitara,4320.0,-38.999725,174.243148,POINT(174.243148 -38.999725),Taranaki Region,New Plymouth District,"Taranaki, Whanganui, Manawatū",Small urban area,Intermediate,,State,208,512,Open
2191,Marco School,6537 Ohura Road ,,Stratford,4396.0,-39.10776,174.749718,POINT(174.749718 -39.10776),Manawatū-Whanganui Region,Stratford District,"Taranaki, Whanganui, Manawatū",Rural other,Full Primary,,State,17,458,Open
2192,Marfell Community School,Endeavour Street ,,New Plymouth,4310.0,-39.075471,174.045053,POINT(174.045053 -39.075471),Taranaki Region,New Plymouth District,"Taranaki, Whanganui, Manawatū",Large urban area,Contributing,,State,131,542,Open
2195,Matiere School,Main Road ,,Matiere,3995.0,-38.764669,175.102121,POINT(175.102121 -38.764669),Manawatū-Whanganui Region,Ruapehu District,Waikato,Rural other,Full Primary,,State,28,485,Open
2197,Merrilands School,Kauri Street ,,New Plymouth,4312.0,-39.063254,174.103854,POINT(174.103854 -39.063254),Taranaki Region,New Plymouth District,"Taranaki, Whanganui, Manawatū",Large urban area,Contributing,,State,139,479,Open
2198,Midhirst School,8 Erin Street ,Midhirst,Stratford,4394.0,-39.290782,174.264152,POINT(174.264152 -39.290782),Taranaki Region,Stratford District,"Taranaki, Whanganui, Manawatū",Rural settlement,Full Primary,,State,134,477,Open
2199,Mimi School,23 Pukearuhe Road ,Mimi,Urenui,4377.0,-38.970822,174.450167,POINT(174.450167 -38.970822),Taranaki Region,New Plymouth District,"Taranaki, Whanganui, Manawatū",Rural other,Contributing,,State,27,473,Open
2200,Mokau School,Rangi Street ,,Mokau,4350.0,-38.697235,174.617569,POINT(174.617569 -38.697235),Waikato Region,Waitomo District,"Taranaki, Whanganui, Manawatū",Rural settlement,Full Primary,,State,21,505,Open
2201,Mokoia School,969A South Road ,,Mokoia,4672.0,-39.615751,174.337196,POINT(174.337196 -39.615751),Taranaki Region,South Taranaki District,"Taranaki, Whanganui, Manawatū",Rural other,Contributing,,State,22,478,Open
2203,Moturoa School,Pioneer Road ,,New Plymouth,4310.0,-39.064092,174.035675,POINT(174.035675 -39.064092),Taranaki Region,New Plymouth District,"Taranaki, Whanganui, Manawatū",Large urban area,Contributing,,State,143,458,Open
2205,Ngaere School,4355 Mountain Road ,,Stratford,4393.0,-39.395477,174.30155,POINT(174.30155 -39.395477),Taranaki Region,Stratford District,"Taranaki, Whanganui, Manawatū",Rural other,Full Primary,,State,154,471,Open
2206,Norfolk School,6 Norfolk Road ,,Inglewood,4388.0,-39.200784,174.231892,POINT(174.231892 -39.200784),Taranaki Region,New Plymouth District,"Taranaki, Whanganui, Manawatū",Rural other,Full Primary,,State,154,434,Open
2207,Normanby School,3 Hunter Street ,,Normanby,4614.0,-39.54089,174.272881,POINT(174.272881 -39.54089),Taranaki Region,South Taranaki District,"Taranaki, Whanganui, Manawatū",Small urban area,Contributing,,State,139,503,Open
2208,Oakura School,16 Donnelly Street ,,New Plymouth,4314.0,-39.118918,173.958018,POINT(173.958018 -39.118918),Taranaki Region,New Plymouth District,"Taranaki, Whanganui, Manawatū",Small urban area,Full Primary,,State,379,390,Open
2214,Ōmata School,1 Holloway Road ,Omata,New Plymouth,4374.0,-39.093952,174.01991,POINT(174.01991 -39.093952),Taranaki Region,New Plymouth District,"Taranaki, Whanganui, Manawatū",Rural other,Full Primary,,State,205,410,Open
2215,Ongarue School,Ongarue Village Road ,,Ongarue,3997.0,-38.712404,175.288157,POINT(175.288157 -38.712404),Manawatū-Whanganui Region,Ruapehu District,Waikato,Rural other,Full Primary,,State,16,475,Open
2216,Opunake School,Gisborne Terrace ,,Opunake,4645.0,-39.449975,173.854786,POINT(173.854786 -39.449975),Taranaki Region,South Taranaki District,"Taranaki, Whanganui, Manawatū",Small urban area,Full Primary,,State,153,499,Open
2220,Pembroke School,Monmouth Road ,,Stratford,4394.0,-39.32274,174.229136,POINT(174.229136 -39.32274),Taranaki Region,Stratford District,"Taranaki, Whanganui, Manawatū",Rural other,Full Primary,,State,81,480,Open
2223,Puketapu School (New Plymouth),Dillon Drive ,Bell Block,New Plymouth,4312.0,-39.025257,174.15163,POINT(174.15163 -39.025257),Taranaki Region,New Plymouth District,"Taranaki, Whanganui, Manawatū",Large urban area,Full Primary,,State,318,480,Open
2226,Ramanui School,85 Fairfield Road ,,Hāwera,4640.0,-39.599619,174.280051,POINT(174.280051 -39.599619),Taranaki Region,South Taranaki District,"Taranaki, Whanganui, Manawatū",Small urban area,Contributing,,State,62,556,Open
2227,Ratapiko School,4 Ratapiko Road ,,Ratapiko,4390.0,-39.20033,174.322325,POINT(174.322325 -39.20033),Taranaki Region,New Plymouth District,"Taranaki, Whanganui, Manawatū",Rural other,Full Primary,,State,24,463,Open
2228,Rawhitiroa School,596 Rawhitiroa Road ,,Eltham,4398.0,-39.424228,174.360467,POINT(174.360467 -39.424228),Taranaki Region,South Taranaki District,"Taranaki, Whanganui, Manawatū",Rural other,Full Primary,,State,43,475,Open
2232,Spotswood Primary School,177 South Road ,,New Plymouth,4310.0,-39.073657,174.034114,POINT(174.034114 -39.073657),Taranaki Region,New Plymouth District,"Taranaki, Whanganui, Manawatū",Large urban area,Contributing,,State,203,507,Open
2233,St John Bosco School (New Plymouth),21 Clinton Street ,,New Plymouth,4312.0,-39.051143,174.102278,POINT(174.102278 -39.051143),Taranaki Region,New Plymouth District,"Taranaki, Whanganui, Manawatū",Large urban area,Contributing,,State : Integrated,259,385,Open
2235,St Joseph's School (Hawera),32 Victoria Street ,,Hāwera,4610.0,-39.589682,174.280071,POINT(174.280071 -39.589682),Taranaki Region,South Taranaki District,"Taranaki, Whanganui, Manawatū",Small urban area,Full Primary,,State : Integrated,204,439,Open
2236,St Joseph's School (New Plymouth),41A Calvert Road ,,New Plymouth,4310.0,-39.063408,174.050768,POINT(174.050768 -39.063408),Taranaki Region,New Plymouth District,"Taranaki, Whanganui, Manawatū",Large urban area,Contributing,,State : Integrated,281,384,Open
2237,St Joseph's School (Opunake),59 Allison Street ,,Opunake,4645.0,-39.449516,173.859688,POINT(173.859688 -39.449516),Taranaki Region,South Taranaki District,"Taranaki, Whanganui, Manawatū",Small urban area,Full Primary,,State : Integrated,123,441,Open
2238,St Joseph's School (Stratford),93 Miranda Street ,,Stratford,4332.0,-39.344073,174.284851,POINT(174.284851 -39.344073),Taranaki Region,Stratford District,"Taranaki, Whanganui, Manawatū",Small urban area,Full Primary,,State : Integrated,153,444,Open
2239,St Joseph's School (Waitara),21 Nelson Street ,,Waitara,4346.0,-39.006109,174.229207,POINT(174.229207 -39.006109),Taranaki Region,New Plymouth District,"Taranaki, Whanganui, Manawatū",Small urban area,Full Primary,,State : Integrated,91,510,Open
2240,St Patrick's School (Kaponga),71 Victoria Street ,,Kaponga,4642.0,-39.429392,174.151078,POINT(174.151078 -39.429392),Taranaki Region,South Taranaki District,"Taranaki, Whanganui, Manawatū",Rural settlement,Full Primary,,State : Integrated,28,437,Open
2241,St Patrick's School (Inglewood),53 Standish Street ,,Inglewood,4347.0,-39.158502,174.209938,POINT(174.209938 -39.158502),Taranaki Region,New Plymouth District,"Taranaki, Whanganui, Manawatū",Small urban area,Full Primary,,State : Integrated,59,436,Open
2242,St Pius X School (New Plymouth),120 Brooklands Road ,,New Plymouth,4310.0,-39.07539,174.083019,POINT(174.083019 -39.07539),Taranaki Region,New Plymouth District,"Taranaki, Whanganui, Manawatū",Large urban area,Contributing,,State : Integrated,188,391,Open
2244,Stratford Primary School,Regan Street ,,Stratford,4332.0,-39.339603,174.278697,POINT(174.278697 -39.339603),Taranaki Region,Stratford District,"Taranaki, Whanganui, Manawatū",Small urban area,Full Primary,,State,430,488,Open
2248,Tawhiti School,Galt Street ,,Hāwera,4610.0,-39.581158,174.288885,POINT(174.288885 -39.581158),Taranaki Region,South Taranaki District,"Taranaki, Whanganui, Manawatū",Small urban area,Contributing,,State,278,473,Open
2251,Tikorangi School,356 Ngatimaru Road ,,Waitara,4383.0,-39.034255,174.27925,POINT(174.27925 -39.034255),Taranaki Region,New Plymouth District,"Taranaki, Whanganui, Manawatū",Rural other,Contributing,,State,164,464,Open
2253,Tokirima School,71 Tokirima Road ,Tokirima,Taumarunui,3991.0,-38.939053,175.012311,POINT(175.012311 -38.939053),Manawatū-Whanganui Region,Ruapehu District,Waikato,Rural other,Full Primary,,State,28,456,Open
2254,Toko School,State Highway 43 ,,Stratford,4392.0,-39.324463,174.407667,POINT(174.407667 -39.324463),Taranaki Region,Stratford District,"Taranaki, Whanganui, Manawatū",Rural other,Full Primary,,State,105,461,Open
2255,Turuturu School,194 Glover Road ,,Hāwera,4610.0,-39.572082,174.269433,POINT(174.269433 -39.572082),Taranaki Region,South Taranaki District,"Taranaki, Whanganui, Manawatū",Small urban area,Contributing,,State,273,466,Open
2256,Urenui School,Takiroa Street ,Urenui,New Plymouth,4349.0,-38.99921,174.390118,POINT(174.390118 -38.99921),Taranaki Region,New Plymouth District,"Taranaki, Whanganui, Manawatū",Rural settlement,Contributing,,State,96,447,Open
2257,Uruti School,11 Uruti Road ,,New Plymouth,4378.0,-38.944846,174.52966,POINT(174.52966 -38.944846),Taranaki Region,New Plymouth District,"Taranaki, Whanganui, Manawatū",Rural other,Full Primary,,State,9,472,Open
2258,Vogeltown School,37 Huatoki Street ,Vogeltown,New Plymouth,4310.0,-39.079676,174.077899,POINT(174.077899 -39.079676),Taranaki Region,New Plymouth District,"Taranaki, Whanganui, Manawatū",Large urban area,Contributing,,State,329,447,Open
2260,Waitara Central School,12 Cracroft Street ,,Waitara,4346.0,-39.004424,174.233298,POINT(174.233298 -39.004424),Taranaki Region,New Plymouth District,"Taranaki, Whanganui, Manawatū",Small urban area,Contributing,,State,175,535,Open
2261,Waitara East School,Richmond Street ,,Waitara,4346.0,-38.99398,174.243855,POINT(174.243855 -38.99398),Taranaki Region,New Plymouth District,"Taranaki, Whanganui, Manawatū",Small urban area,Contributing,,State,196,532,Open
2262,Waitoriki School,364 Lincoln Road ,,Inglewood,4389.0,-39.134058,174.244445,POINT(174.244445 -39.134058),Taranaki Region,New Plymouth District,"Taranaki, Whanganui, Manawatū",Rural other,Full Primary,,State,32,458,Open
2264,Welbourn School,Arawa Street ,,New Plymouth,4312.0,-39.072168,174.092675,POINT(174.092675 -39.072168),Taranaki Region,New Plymouth District,"Taranaki, Whanganui, Manawatū",Large urban area,Contributing,,State,341,425,Open
2265,West End Te Kura O Morere,Bonithon Avenue ,,New Plymouth,4310.0,-39.062198,174.055625,POINT(174.055625 -39.062198),Taranaki Region,New Plymouth District,"Taranaki, Whanganui, Manawatū",Large urban area,Contributing,,State,223,462,Open
2266,Westown School,Sanders Avenue ,,New Plymouth,4343.0,-39.072672,174.063478,POINT(174.063478 -39.072672),Taranaki Region,New Plymouth District,"Taranaki, Whanganui, Manawatū",Large urban area,Contributing,,State,171,533,Open
2267,Whareorino School,8 Waikawau Beach Road ,Awakino,North Taranaki,4350.0,-38.471893,174.679813,POINT(174.679813 -38.471893),Waikato Region,Waitomo District,"Taranaki, Whanganui, Manawatū",Rural other,Full Primary,,State,8,525,Open
2268,Woodleigh School,85 Brois Street ,,New Plymouth,4310.0,-39.081566,174.066036,POINT(174.066036 -39.081566),Taranaki Region,New Plymouth District,"Taranaki, Whanganui, Manawatū",Large urban area,Contributing,,State,429,437,Open
2330,Aberfeldy School,Parapara Highway ,,Whanganui,4573.0,-39.787142,175.261857,POINT(175.261857 -39.787142),Manawatū-Whanganui Region,Whanganui District,"Taranaki, Whanganui, Manawatū",Rural other,Full Primary,,State,14,568,Open
2332,Aokautere School,Fitzherbert East Road ,Aokautere,Palmerston North,4471.0,-40.363624,175.66447,POINT(175.66447 -40.363624),Manawatū-Whanganui Region,Palmerston North City,"Taranaki, Whanganui, Manawatū",Large urban area,Contributing,,State,152,393,Open
2333,Apiti School,11 Bryce Street ,,Apiti,4771.0,-39.972505,175.873405,POINT(175.873405 -39.972505),Manawatū-Whanganui Region,Manawatu District,"Taranaki, Whanganui, Manawatū",Rural other,Full Primary,,State,14,488,Open
2334,Arahunga School,53 Konini Street ,Tawhero,Whanganui,4501.0,-39.933318,175.021474,POINT(175.021474 -39.933318),Manawatū-Whanganui Region,Whanganui District,"Taranaki, Whanganui, Manawatū",Large urban area,Specialist School,Day Specialist,State,120,527,Open
2336,Aranui School (Wanganui),Aranui Avenue ,,Whanganui,4501.0,-39.930184,174.979866,POINT(174.979866 -39.930184),Manawatū-Whanganui Region,Whanganui District,"Taranaki, Whanganui, Manawatū",Large urban area,Contributing,,State,62,536,Open
2337,Ashhurst School,96 Cambridge Avenue ,,Ashhurst,4810.0,-40.290704,175.755127,POINT(175.755127 -40.290704),Manawatū-Whanganui Region,Palmerston North City,"Taranaki, Whanganui, Manawatū",Small urban area,Full Primary,,State,447,459,Open
2338,Awahou School,518 Pohangina Valley East Rd ,,Ashhurst,4884.0,-40.177357,175.811742,POINT(175.811742 -40.177357),Manawatū-Whanganui Region,Manawatu District,"Taranaki, Whanganui, Manawatū",Rural other,Full Primary,,State,40,461,Open
2339,Awapuni School (P North),18 Rochester Street ,Awapuni,Palmerston North,4412.0,-40.372503,175.587987,POINT(175.587987 -40.372503),Manawatū-Whanganui Region,Palmerston North City,"Taranaki, Whanganui, Manawatū",Large urban area,Contributing,,State,100,531,Open
2341,Bainesse School,576 State Highway 56 ,,Palmerston North,4477.0,-40.408715,175.377492,POINT(175.377492 -40.408715),Manawatū-Whanganui Region,Manawatu District,"Taranaki, Whanganui, Manawatū",Rural other,Full Primary,,State,79,485,Open
2342,Brunswick School,15 Campbell Road ,,Whanganui,4571.0,-39.843836,175.024561,POINT(175.024561 -39.843836),Manawatū-Whanganui Region,Whanganui District,"Taranaki, Whanganui, Manawatū",Rural other,Full Primary,,State,107,474,Open
2343,Bulls School,Bridge Street ,,Bulls,4818.0,-40.168741,175.385156,POINT(175.385156 -40.168741),Manawatū-Whanganui Region,Rangitikei District,"Taranaki, Whanganui, Manawatū",Small urban area,Full Primary,,State,167,481,Open
2344,Bunnythorpe School,Baring Street ,,Bunnythorpe,4867.0,-40.282352,175.633029,POINT(175.633029 -40.282352),Manawatū-Whanganui Region,Palmerston North City,"Taranaki, Whanganui, Manawatū",Rural settlement,Full Primary,,State,29,525,Open
2345,Carlton School,99A Carlton Avenue ,,Whanganui,4501.0,-39.93517,175.030805,POINT(175.030805 -39.93517),Manawatū-Whanganui Region,Whanganui District,"Taranaki, Whanganui, Manawatū",Large urban area,Contributing,,State,268,507,Open
2346,Castlecliff School,Polson Street ,Castlecliff,Whanganui,4501.0,-39.940475,174.992103,POINT(174.992103 -39.940475),Manawatū-Whanganui Region,Whanganui District,"Taranaki, Whanganui, Manawatū",Large urban area,Contributing,,State,153,535,Open
2348,Churton School,Burmah Street ,Aramoho,Whanganui,4500.0,-39.892353,175.083796,POINT(175.083796 -39.892353),Manawatū-Whanganui Region,Whanganui District,"Taranaki, Whanganui, Manawatū",Large urban area,Contributing,,State,119,516,Open
2349,Clifton School (Bulls),Clifton Street ,,Bulls,4818.0,-40.179671,175.378623,POINT(175.378623 -40.179671),Manawatū-Whanganui Region,Rangitikei District,"Taranaki, Whanganui, Manawatū",Small urban area,Full Primary,,State,141,487,Open
2350,Cloverlea School,55 Herbert Avenue ,Cloverlea,Palmerston North,4412.0,-40.345267,175.584798,POINT(175.584798 -40.345267),Manawatū-Whanganui Region,Palmerston North City,"Taranaki, Whanganui, Manawatū",Large urban area,Contributing,,State,230,494,Open
2351,Te Kura Kaupapa Māori o Te Rau Toroa,378 Main South Road ,Fairfield,Dunedin,9018.0,-45.900146,170.410354,POINT(170.410354 -45.900146),Otago Region,Dunedin City,"Otago, Southland",Major urban area,Composite,,State,89,527,Open
2352,Coley Street School,53 Coley Street ,,Foxton,4814.0,-40.475634,175.293132,POINT(175.293132 -40.475634),Manawatū-Whanganui Region,Horowhenua District,Wellington,Small urban area,Full Primary,,State,214,516,Open
2353,College Street Normal School,402 College Street ,Hokowhitu,Palmerston North,4410.0,-40.360635,175.619958,POINT(175.619958 -40.360635),Manawatū-Whanganui Region,Palmerston North City,"Taranaki, Whanganui, Manawatū",Large urban area,Contributing,,State,591,409,Open
2354,Colyton School,Colyton Road ,,Feilding,4775.0,-40.226793,175.648672,POINT(175.648672 -40.226793),Manawatū-Whanganui Region,Manawatu District,"Taranaki, Whanganui, Manawatū",Rural other,Full Primary,,State,153,433,Open
2355,Durie Hill School,Portal Street ,Durie Hill,Whanganui,4500.0,-39.938774,175.074217,POINT(175.074217 -39.938774),Manawatū-Whanganui Region,Whanganui District,"Taranaki, Whanganui, Manawatū",Large urban area,Contributing,,State,188,463,Open
2356,Feilding Intermediate,95 East Street ,,Feilding,4740.0,-40.222731,175.578245,POINT(175.578245 -40.222731),Manawatū-Whanganui Region,Manawatu District,"Taranaki, Whanganui, Manawatū",Medium urban area,Intermediate,,State,327,478,Open
2357,Fordell School,21 Budge Street ,,Fordell,4572.0,-39.959096,175.199485,POINT(175.199485 -39.959096),Manawatū-Whanganui Region,Whanganui District,"Taranaki, Whanganui, Manawatū",Rural other,Full Primary,,State,128,455,Open
2358,Foxton Beach School,10 Carthew Terrace ,,Foxton Beach,4815.0,-40.461327,175.226176,POINT(175.226176 -40.461327),Manawatū-Whanganui Region,Horowhenua District,Wellington,Small urban area,Full Primary,,State,105,507,Open
2359,Foxton School,Park Street ,,Foxton,4814.0,-40.468784,175.281985,POINT(175.281985 -40.468784),Manawatū-Whanganui Region,Horowhenua District,Wellington,Small urban area,Full Primary,,State,86,547,Open
2360,Glen Oroua School,200 Sansons Road ,,Palmerston North,4473.0,-40.330995,175.411627,POINT(175.411627 -40.330995),Manawatū-Whanganui Region,Manawatu District,"Taranaki, Whanganui, Manawatū",Rural other,Full Primary,,State,68,415,Open
2361,Gonville School,Gonville Avenue ,Gonville,Whanganui,4501.0,-39.943131,175.030564,POINT(175.030564 -39.943131),Manawatū-Whanganui Region,Whanganui District,"Taranaki, Whanganui, Manawatū",Large urban area,Contributing,,State,163,513,Open
2362,Halcombe Primary School,30 Monteith Street ,Halcombe,Feilding,4779.0,-40.147005,175.498388,POINT(175.498388 -40.147005),Manawatū-Whanganui Region,Manawatu District,"Taranaki, Whanganui, Manawatū",Rural settlement,Full Primary,,State,193,427,Open
2363,Te Kura o Wairau,45 Somerset Crescent ,Highbury,Palmerston North,4442.0,-40.352945,175.584622,POINT(175.584622 -40.352945),Manawatū-Whanganui Region,Palmerston North City,"Taranaki, Whanganui, Manawatū",Large urban area,Contributing,,State,153,541,Open
2364,Hiwinui School,Watershed Road ,,Palmerston North,4470.0,-40.271459,175.702583,POINT(175.702583 -40.271459),Manawatū-Whanganui Region,Manawatu District,"Taranaki, Whanganui, Manawatū",Rural settlement,Full Primary,,State,131,415,Open
2365,Hokowhitu School,227 Albert Street ,,Palmerston North,4410.0,-40.357043,175.6297,POINT(175.6297 -40.357043),Manawatū-Whanganui Region,Palmerston North City,"Taranaki, Whanganui, Manawatū",Large urban area,Contributing,,State,360,426,Open
2366,Hunterville Consolidated School,33 Bruce Street ,,Hunterville,4730.0,-39.935509,175.564246,POINT(175.564246 -39.935509),Manawatū-Whanganui Region,Rangitikei District,"Taranaki, Whanganui, Manawatū",Rural settlement,Full Primary,,State,107,446,Open
2368,James Cook School,Mill Street ,,Marton,4710.0,-40.078508,175.373038,POINT(175.373038 -40.078508),Manawatū-Whanganui Region,Rangitikei District,"Taranaki, Whanganui, Manawatū",Small urban area,Full Primary,,State,145,499,Open
2369,Kai Iwi School,908 State Highway 3 ,Kai Iwi,Whanganui,4574.0,-39.851056,174.931957,POINT(174.931957 -39.851056),Manawatū-Whanganui Region,Whanganui District,"Taranaki, Whanganui, Manawatū",Rural other,Full Primary,,State,96,483,Open
2370,Kairanga School,1099 Kairanga-Bunnythorpe Road ,,Palmerston North,4475.0,-40.347704,175.533651,POINT(175.533651 -40.347704),Manawatū-Whanganui Region,Palmerston North City,"Taranaki, Whanganui, Manawatū",Rural other,Full Primary,,State,150,449,Open
2371,Kaitieke School,1415 Kaitieke Road ,Kaitieke,Owhango,3990.0,-39.101155,175.272347,POINT(175.272347 -39.101155),Manawatū-Whanganui Region,Ruapehu District,Waikato,Rural other,Full Primary,,State,8,459,Open
2372,Kaitoke School (Wanganui),16 Concord Line ,,Whanganui,4572.0,-39.960891,175.100272,POINT(175.100272 -39.960891),Manawatū-Whanganui Region,Whanganui District,"Taranaki, Whanganui, Manawatū",Rural other,Full Primary,,State,113,453,Open
2374,Kakaramea School,2193 South Road ,,Patea,4598.0,-39.706672,174.446673,POINT(174.446673 -39.706672),Taranaki Region,South Taranaki District,"Taranaki, Whanganui, Manawatū",Rural other,Contributing,,State,62,457,Open
2375,Kakatahi School,4315 Parapara Road ,,Kakatahi,4573.0,-39.690565,175.335335,POINT(175.335335 -39.690565),Manawatū-Whanganui Region,Whanganui District,"Taranaki, Whanganui, Manawatū",Rural other,Full Primary,,State,14,526,Open
2377,TKKM o Tupoho,18 Cross Street ,Castlecliff,Whanganui,4501.0,-39.941397,174.995812,POINT(174.995812 -39.941397),Manawatū-Whanganui Region,Whanganui District,"Taranaki, Whanganui, Manawatū",Large urban area,Composite,,State,178,549,Open
2378,Keith Street School,38 Keith Street ,,Whanganui,4500.0,-39.922316,175.046264,POINT(175.046264 -39.922316),Manawatū-Whanganui Region,Whanganui District,"Taranaki, Whanganui, Manawatū",Large urban area,Contributing,,State,171,528,Open
2379,Kimbolton School,Flyger Street ,,Kimbolton,4774.0,-40.053459,175.778381,POINT(175.778381 -40.053459),Manawatū-Whanganui Region,Manawatu District,"Taranaki, Whanganui, Manawatū",Rural settlement,Full Primary,,State,47,453,Open
2382,Kiwitea School,7 Perry Line ,,Kiwitea,4777.0,-40.107762,175.721275,POINT(175.721275 -40.107762),Manawatū-Whanganui Region,Manawatu District,"Taranaki, Whanganui, Manawatū",Rural other,Full Primary,,State,64,455,Open
2383,TKKM o Ngati Ruanui,245 South Road ,,Hāwera,4640.0,-39.593946,174.278736,POINT(174.278736 -39.593946),Taranaki Region,South Taranaki District,"Taranaki, Whanganui, Manawatū",Small urban area,Composite,,State,139,531,Open
2384,Te Kura o Kokohuia,36 Matipo Street ,Castlecliff,Whanganui,4501.0,-39.943697,175.004318,POINT(175.004318 -39.943697),Manawatū-Whanganui Region,Whanganui District,"Taranaki, Whanganui, Manawatū",Large urban area,Composite,,State,230,532,Open
2385,Kopane School,Rongotea Road ,,Palmerston North,4476.0,-40.310271,175.487357,POINT(175.487357 -40.310271),Manawatū-Whanganui Region,Manawatu District,"Taranaki, Whanganui, Manawatū",Rural other,Full Primary,,State,40,447,Open
2386,Linton Camp School,Puttick Road ,,Linton Camp,4820.0,-40.411656,175.591489,POINT(175.591489 -40.411656),Manawatū-Whanganui Region,Palmerston North City,"Taranaki, Whanganui, Manawatū",Large urban area,Full Primary,,State,147,482,Open
2388,Longburn School,4A Carey Street ,Longburn,Palmerston North,4412.0,-40.38489,175.543012,POINT(175.543012 -40.38489),Manawatū-Whanganui Region,Palmerston North City,"Taranaki, Whanganui, Manawatū",Rural settlement,Full Primary,,State,80,489,Open
2389,Lytton Street School,Lytton Street ,,Feilding,4702.0,-40.218404,175.576842,POINT(175.576842 -40.218404),Manawatū-Whanganui Region,Manawatu District,"Taranaki, Whanganui, Manawatū",Medium urban area,Contributing,,State,570,478,Open
2390,Manchester Street School,160 Manchester Street ,,Feilding,4702.0,-40.222117,175.560692,POINT(175.560692 -40.222117),Manawatū-Whanganui Region,Manawatu District,"Taranaki, Whanganui, Manawatū",Medium urban area,Contributing,,State,381,449,Open
2391,Mangamahu Primary School,46 Kowhai Street ,,Mangamahu,4586.0,-39.81776,175.362156,POINT(175.362156 -39.81776),Manawatū-Whanganui Region,Whanganui District,"Taranaki, Whanganui, Manawatū",Rural other,Full Primary,,State,6,553,Open
2392,Mangaweka School,5 Raumaewa Road ,,Mangaweka,4746.0,-39.80756,175.790341,POINT(175.790341 -39.80756),Manawatū-Whanganui Region,Rangitikei District,"Taranaki, Whanganui, Manawatū",Rural settlement,Full Primary,,State,44,458,Open
2393,Manunui School,140 Totara Street State Highway 4 ,,Taumarunui,3924.0,-38.888887,175.323172,POINT(175.323172 -38.888887),Manawatū-Whanganui Region,Ruapehu District,Waikato,Small urban area,Full Primary,,State,136,508,Open
2395,St Marcellin School (Wanganui),Totara Street ,,Whanganui,4501.0,-39.937475,175.015339,POINT(175.015339 -39.937475),Manawatū-Whanganui Region,Whanganui District,"Taranaki, Whanganui, Manawatū",Large urban area,Full Primary,,State : Integrated,52,504,Open
2396,Marton Junction School,Alexandra Street ,,Marton,4741.0,-40.087932,175.38788,POINT(175.38788 -40.087932),Manawatū-Whanganui Region,Rangitikei District,"Taranaki, Whanganui, Manawatū",Small urban area,Full Primary,,State,89,529,Open
2397,Marton School,Hereford Street ,,Marton,4710.0,-40.070855,175.381026,POINT(175.381026 -40.070855),Manawatū-Whanganui Region,Rangitikei District,"Taranaki, Whanganui, Manawatū",Small urban area,Full Primary,,State,202,491,Open
2398,Mataroa School,30 Rongoiti Road ,,Taihape,4791.0,-39.651711,175.720986,POINT(175.720986 -39.651711),Manawatū-Whanganui Region,Rangitikei District,"Taranaki, Whanganui, Manawatū",Rural other,Full Primary,,State,57,467,Open
2400,Milson School,Rutland Place ,Milson,Palmerston North,4414.0,-40.331728,175.612512,POINT(175.612512 -40.331728),Manawatū-Whanganui Region,Palmerston North City,"Taranaki, Whanganui, Manawatū",Large urban area,Contributing,,State,334,486,Open
2401,Moawhango School,Te Moehau Road ,,Moawhango,4792.0,-39.580871,175.861438,POINT(175.861438 -39.580871),Manawatū-Whanganui Region,Rangitikei District,"Taranaki, Whanganui, Manawatū",Rural other,Full Primary,,State,28,489,Open
2402,Monrad - Te Kura Waenga o Tirohanga,228 Botanical Road ,,Palmerston North,4443.0,-40.362752,175.592658,POINT(175.592658 -40.362752),Manawatū-Whanganui Region,Palmerston North City,"Taranaki, Whanganui, Manawatū",Large urban area,Intermediate,,State,334,517,Open
2403,Mosston School,211 Mosston Road ,Westmere,Whanganui,4501.0,-39.920256,175.011623,POINT(175.011623 -39.920256),Manawatū-Whanganui Region,Whanganui District,"Taranaki, Whanganui, Manawatū",Rural other,Contributing,,State,173,444,Open
2404,Mount Biggs School,707 Sandon Road ,,Feilding,4779.0,-40.200444,175.481579,POINT(175.481579 -40.200444),Manawatū-Whanganui Region,Manawatu District,"Taranaki, Whanganui, Manawatū",Rural other,Full Primary,,State,110,415,Open
2405,National Park School,Carroll Street ,,National Park,3948.0,-39.172556,175.397776,POINT(175.397776 -39.172556),Manawatū-Whanganui Region,Ruapehu District,"Taranaki, Whanganui, Manawatū",Rural settlement,Full Primary,,State,32,424,Open
2406,Newbury School,Rangitikei Line ,,Palmerston North,4475.0,-40.315383,175.57127,POINT(175.57127 -40.315383),Manawatū-Whanganui Region,Manawatu District,"Taranaki, Whanganui, Manawatū",Rural other,Full Primary,,State,198,445,Open
2407,Ngamatapouri School,Waitotara Valley Road ,,Waitotara,4588.0,-39.586433,174.839978,POINT(174.839978 -39.586433),Taranaki Region,South Taranaki District,"Taranaki, Whanganui, Manawatū",Rural other,Full Primary,,State,3,477,Open
2409,North Street School,52 North Street ,,Feilding,4702.0,-40.214048,175.567391,POINT(175.567391 -40.214048),Manawatū-Whanganui Region,Manawatu District,"Taranaki, Whanganui, Manawatū",Medium urban area,Full Primary,,State,345,506,Open
2410,Ohakune School,Arawa Street ,,Ohakune,4625.0,-39.414808,175.406211,POINT(175.406211 -39.414808),Manawatū-Whanganui Region,Ruapehu District,"Taranaki, Whanganui, Manawatū",Small urban area,Full Primary,,State,262,472,Open
2412,Okoia School,645 No 3 Line ,Okoia,Whanganui,4582.0,-39.924427,175.12551,POINT(175.12551 -39.924427),Manawatū-Whanganui Region,Whanganui District,"Taranaki, Whanganui, Manawatū",Rural other,Full Primary,,State,52,537,Open
2413,Orautoha School,16 Pukekaha Road ,,Orautoha,4696.0,-39.329008,175.234524,POINT(175.234524 -39.329008),Manawatū-Whanganui Region,Ruapehu District,"Taranaki, Whanganui, Manawatū",Rural other,Full Primary,,State,48,524,Open
2414,Oroua Downs School,State Highway 1 ,,Foxton,4891.0,-40.374304,175.319996,POINT(175.319996 -40.374304),Manawatū-Whanganui Region,Manawatu District,"Taranaki, Whanganui, Manawatū",Rural other,Full Primary,,State,87,473,Open
2416,Our Lady of Lourdes School (P North),96 Shamrock Street ,Takaro,Palmerston North,4443.0,-40.362046,175.595603,POINT(175.595603 -40.362046),Manawatū-Whanganui Region,Palmerston North City,"Taranaki, Whanganui, Manawatū",Large urban area,Contributing,,State : Integrated,149,422,Open
2417,Ōwhango School,Ohorere Street ,,Owhango,3990.0,-38.997471,175.379644,POINT(175.379644 -38.997471),Manawatū-Whanganui Region,Ruapehu District,Waikato,Rural settlement,Full Primary,,State,69,471,Open
2418,Central Normal School,201 Featherston Street ,,Palmerston North,4410.0,-40.35089,175.60348,POINT(175.60348 -40.35089),Manawatū-Whanganui Region,Palmerston North City,"Taranaki, Whanganui, Manawatū",Large urban area,Contributing,,State,462,491,Open
2419,Palmerston North Intermediate,56 Linton Street ,,Palmerston North,4410.0,-40.361293,175.610019,POINT(175.610019 -40.361293),Manawatū-Whanganui Region,Palmerston North City,"Taranaki, Whanganui, Manawatū",Large urban area,Intermediate,,State,749,426,Open
2420,Papanui Junction School,7471A Turakina Valley Road ,,Taihape,4791.0,-39.67698,175.543286,POINT(175.543286 -39.67698),Manawatū-Whanganui Region,Rangitikei District,"Taranaki, Whanganui, Manawatū",Rural other,Full Primary,,State,10,453,Open
2424,Parkland School (P North),41 Parkland Crescent ,,Palmerston North,4410.0,-40.350794,175.640595,POINT(175.640595 -40.350794),Manawatū-Whanganui Region,Palmerston North City,"Taranaki, Whanganui, Manawatū",Large urban area,Contributing,,State,312,443,Open
2428,Pukeokahu School,84 Matawhero Road ,,Pukeokahu,4792.0,-39.615968,176.00161,POINT(176.00161 -39.615968),Manawatū-Whanganui Region,Rangitikei District,"Taranaki, Whanganui, Manawatū",Rural other,Full Primary,,State,5,500,Open
2429,Raetihi Primary School,24 Grey Street ,,Raetihi,4632.0,-39.431444,175.278645,POINT(175.278645 -39.431444),Manawatū-Whanganui Region,Ruapehu District,"Taranaki, Whanganui, Manawatū",Small urban area,Full Primary,,State,89,516,Open
2436,Whare Kura Morehu ō Ratana,Kiatere Street ,,Ratana,4581.0,-40.036629,175.175514,POINT(175.175514 -40.036629),Manawatū-Whanganui Region,Rangitikei District,"Taranaki, Whanganui, Manawatū",Rural settlement,Composite,,State,61,534,Open
2437,Riverdale School (P North),95 Slacks Road ,Awapuni,Palmerston North,4445.0,-40.377704,175.594325,POINT(175.594325 -40.377704),Manawatū-Whanganui Region,Palmerston North City,"Taranaki, Whanganui, Manawatū",Large urban area,Contributing,,State,366,426,Open
2438,Rongotea School,Tyne Street ,,Rongotea,4865.0,-40.294796,175.42905,POINT(175.42905 -40.294796),Manawatū-Whanganui Region,Manawatu District,"Taranaki, Whanganui, Manawatū",Rural settlement,Full Primary,,State,140,470,Open
2439,Roslyn School,Kipling Street ,Roslyn,Palmerston North,4414.0,-40.330165,175.633244,POINT(175.633244 -40.330165),Manawatū-Whanganui Region,Palmerston North City,"Taranaki, Whanganui, Manawatū",Large urban area,Full Primary,,State,394,518,Open
2440,Ross Intermediate,25 Freyberg Street ,,Palmerston North,4414.0,-40.33882,175.625551,POINT(175.625551 -40.33882),Manawatū-Whanganui Region,Palmerston North City,"Taranaki, Whanganui, Manawatū",Large urban area,Intermediate,,State,440,473,Open
2441,Russell Street School,Russell Street ,,Palmerston North,4414.0,-40.339985,175.613127,POINT(175.613127 -40.339985),Manawatū-Whanganui Region,Palmerston North City,"Taranaki, Whanganui, Manawatū",Large urban area,Contributing,,State,323,429,Open
2442,Te Kura Waenga O Rutherford | Rutherford Intermediate School,32 Toi Street ,Tawhero,Whanganui,4501.0,-39.934177,175.019272,POINT(175.019272 -39.934177),Manawatū-Whanganui Region,Whanganui District,"Taranaki, Whanganui, Manawatū",Large urban area,Intermediate,,State,140,539,Open
2443,Sanson School,Main Highway North ,,Sanson,4817.0,-40.222301,175.423332,POINT(175.423332 -40.222301),Manawatū-Whanganui Region,Manawatu District,"Taranaki, Whanganui, Manawatū",Rural settlement,Full Primary,,State,24,470,Open
2445,TKKM o Ngati Kahungunu Ki Heretaunga,139 Stock Road ,Flaxmere,Hastings,4175.0,-39.642661,176.786401,POINT(176.786401 -39.642661),Hawke's Bay Region,Hastings District,"Hawke's Bay, Tairāwhiti",Rural other,Composite,,State,241,552,Open
2446,South Makirikiri School,945 Makirikiri Road ,,Marton,4789.0,-40.086722,175.309685,POINT(175.309685 -40.086722),Manawatū-Whanganui Region,Rangitikei District,"Taranaki, Whanganui, Manawatū",Rural other,Full Primary,,State,149,444,Open
2447,St Anne's School (Wanganui),Raine Street ,Whanganui East,Whanganui,4500.0,-39.9201,175.067237,POINT(175.067237 -39.9201),Manawatū-Whanganui Region,Whanganui District,"Taranaki, Whanganui, Manawatū",Large urban area,Full Primary,,State : Integrated,219,459,Open
2449,St James' Catholic School Te Kura Katorika o Hato Heemi,304 Albert Street ,Hokowhitu,Palmerston North,4410.0,-40.360796,175.631896,POINT(175.631896 -40.360796),Manawatū-Whanganui Region,Palmerston North City,"Taranaki, Whanganui, Manawatū",Large urban area,Contributing,,State : Integrated,141,410,Open
2450,St Johns Hill School,Parkes Avenue ,,Whanganui,4501.0,-39.917144,175.030662,POINT(175.030662 -39.917144),Manawatū-Whanganui Region,Whanganui District,"Taranaki, Whanganui, Manawatū",Large urban area,Contributing,,State,404,416,Open
2451,St Joseph's School (Feilding),60 Derby Street ,,Feilding,4702.0,-40.220514,175.570778,POINT(175.570778 -40.220514),Manawatū-Whanganui Region,Manawatu District,"Taranaki, Whanganui, Manawatū",Medium urban area,Full Primary,,State : Integrated,73,435,Open
2452,St Joseph's School (Patea),15 Suffolk Street ,,Patea,4520.0,-39.759256,174.478232,POINT(174.478232 -39.759256),Taranaki Region,South Taranaki District,"Taranaki, Whanganui, Manawatū",Small urban area,Contributing,,State : Integrated,5,544,Open
2453,St Joseph's School (Taihape),27 Rauma Road ,,Taihape,4720.0,-39.685445,175.809243,POINT(175.809243 -39.685445),Manawatū-Whanganui Region,Rangitikei District,"Taranaki, Whanganui, Manawatū",Small urban area,Full Primary,,State : Integrated,78,435,Open
2454,St Mary's School (Wanganui),30 London Street ,,Whanganui,4500.0,-39.912234,175.04975,POINT(175.04975 -39.912234),Manawatū-Whanganui Region,Whanganui District,"Taranaki, Whanganui, Manawatū",Large urban area,Full Primary,,State : Integrated,241,469,Open
2455,St Mary's School (Foxton),Johnston Street ,,Foxton,4814.0,-40.476827,175.284335,POINT(175.284335 -40.476827),Manawatū-Whanganui Region,Horowhenua District,Wellington,Small urban area,Full Primary,,State : Integrated,39,509,Open
2456,St Matthew's School (Marton),25 Ross Street ,,Marton,4710.0,-40.074857,175.376604,POINT(175.376604 -40.074857),Manawatū-Whanganui Region,Rangitikei District,"Taranaki, Whanganui, Manawatū",Small urban area,Full Primary,,State : Integrated,55,484,Open
2457,St Mary's School (P North),69A Ruahine Street ,Roslyn,Palmerston North,4414.0,-40.338749,175.622461,POINT(175.622461 -40.338749),Manawatū-Whanganui Region,Palmerston North City,"Taranaki, Whanganui, Manawatū",Large urban area,Contributing,,State : Integrated,222,389,Open
2460,Takaro School,Brighton Crescent ,,Palmerston North,4412.0,-40.359755,175.590336,POINT(175.590336 -40.359755),Manawatū-Whanganui Region,Palmerston North City,"Taranaki, Whanganui, Manawatū",Large urban area,Full Primary,,State,202,534,Open
2461,Tangimoana School,19 Punga Street ,,Tangimoana,4822.0,-40.296121,175.2492,POINT(175.2492 -40.296121),Manawatū-Whanganui Region,Manawatu District,"Taranaki, Whanganui, Manawatū",Rural settlement,Full Primary,,State,16,535,Open
2462,Taonui School,Waughs Road ,,Feilding,4775.0,-40.256719,175.599626,POINT(175.599626 -40.256719),Manawatū-Whanganui Region,Manawatu District,"Taranaki, Whanganui, Manawatū",Rural other,Full Primary,,State,147,462,Open
2463,Taoroa School,43 Pukeokahu Road ,,Taihape,4793.0,-39.692148,175.942396,POINT(175.942396 -39.692148),Manawatū-Whanganui Region,Rangitikei District,"Taranaki, Whanganui, Manawatū",Rural other,Full Primary,,State,44,518,Open
2465,Tawhero School,Totara Street ,,Whanganui,4501.0,-39.936406,175.015497,POINT(175.015497 -39.936406),Manawatū-Whanganui Region,Whanganui District,"Taranaki, Whanganui, Manawatū",Large urban area,Contributing,,State,176,547,Open
2466,Terrace End School,201 Ruahine Street ,Terrace End,Palmerston North,4441.0,-40.34576,175.627034,POINT(175.627034 -40.34576),Manawatū-Whanganui Region,Palmerston North City,"Taranaki, Whanganui, Manawatū",Large urban area,Contributing,,State,215,505,Open
2467,Turitea School,208 Old West Road ,,Tiritea,4472.0,-40.401262,175.619913,POINT(175.619913 -40.401262),Manawatū-Whanganui Region,Palmerston North City,"Taranaki, Whanganui, Manawatū",Large urban area,Contributing,,State,132,403,Open
2468,Turakina School,State Highway 3 ,,Turakina,4581.0,-40.049299,175.216025,POINT(175.216025 -40.049299),Manawatū-Whanganui Region,Rangitikei District,"Taranaki, Whanganui, Manawatū",Rural other,Full Primary,,State,30,508,Open
2469,Upokongaro School,State Highway 4 ,Upokongaro,Whanganui,4573.0,-39.866199,175.113684,POINT(175.113684 -39.866199),Manawatū-Whanganui Region,Whanganui District,"Taranaki, Whanganui, Manawatū",Rural other,Full Primary,,State,91,524,Open
2472,Waiouru School,Ruapehu Street ,,Waiouru,4826.0,-39.468546,175.673128,POINT(175.673128 -39.468546),Manawatū-Whanganui Region,Ruapehu District,"Taranaki, Whanganui, Manawatū",Rural settlement,Full Primary,,State,93,484,Open
2474,Waitotara School,Severn Street ,,Waitotara,4549.0,-39.804515,174.736281,POINT(174.736281 -39.804515),Taranaki Region,South Taranaki District,"Taranaki, Whanganui, Manawatū",Rural settlement,Full Primary,,State,41,496,Open
2475,Waituna West School,Waituna Valley Road ,,Feilding,4779.0,-40.041349,175.642707,POINT(175.642707 -40.041349),Manawatū-Whanganui Region,Manawatu District,"Taranaki, Whanganui, Manawatū",Rural other,Full Primary,,State,48,439,Open
2476,Whanganui East School,Patapu Street ,Whanganui East,Whanganui,4500.0,-39.91454,175.063803,POINT(175.063803 -39.91454),Manawatū-Whanganui Region,Whanganui District,"Taranaki, Whanganui, Manawatū",Large urban area,Contributing,,State,157,547,Open
2477,Whanganui Intermediate,90 Dublin Street ,,Whanganui,4500.0,-39.928663,175.042535,POINT(175.042535 -39.928663),Manawatū-Whanganui Region,Whanganui District,"Taranaki, Whanganui, Manawatū",Large urban area,Intermediate,,State,416,505,Open
2478,Waverley Primary School,Gloag Street ,,Waverley,4510.0,-39.763184,174.62965,POINT(174.62965 -39.763184),Taranaki Region,South Taranaki District,"Taranaki, Whanganui, Manawatū",Rural settlement,Full Primary,,State,157,487,Open
2479,West End School (P North),196 College Street ,,Palmerston North,4412.0,-40.369605,175.59988,POINT(175.59988 -40.369605),Manawatū-Whanganui Region,Palmerston North City,"Taranaki, Whanganui, Manawatū",Large urban area,Contributing,,State,342,458,Open
2480,Westmere School - Whanganui,135 Rapanui Rd ,,Whanganui,4574.0,-39.896953,174.994822,POINT(174.994822 -39.896953),Manawatū-Whanganui Region,Whanganui District,"Taranaki, Whanganui, Manawatū",Rural other,Full Primary,,State,235,427,Open
2481,Whakarongo School,Stoney Creek Road ,,Palmerston North,4470.0,-40.326441,175.676376,POINT(175.676376 -40.326441),Manawatū-Whanganui Region,Palmerston North City,"Taranaki, Whanganui, Manawatū",Large urban area,Full Primary,,State,474,424,Open
2482,Whangaehu School,71 Ruatangata Road ,,Whangaehu-Whanganui,4581.0,-40.006511,175.175478,POINT(175.175478 -40.006511),Manawatū-Whanganui Region,Rangitikei District,"Taranaki, Whanganui, Manawatū",Rural other,Full Primary,,State,17,530,Open
2483,Whenuakura School,52 Kaharoa Road ,,Patea,4597.0,-39.743739,174.512585,POINT(174.512585 -39.743739),Taranaki Region,South Taranaki District,"Taranaki, Whanganui, Manawatū",Rural other,Contributing,,State,30,455,Open
2484,Winchester School (P North),552 Ruahine Street ,Hokowhitu,Palmerston North,4410.0,-40.360057,175.642693,POINT(175.642693 -40.360057),Manawatū-Whanganui Region,Palmerston North City,"Taranaki, Whanganui, Manawatū",Large urban area,Contributing,,State,333,420,Open
2542,Argyll East School,1071 Argyll Road ,,Otane,4276.0,-39.861195,176.532535,POINT(176.532535 -39.861195),Hawke's Bay Region,Central Hawke's Bay District,"Hawke's Bay, Tairāwhiti",Rural other,Full Primary,,State,76,450,Open
2543,Arthur Miller School,210 Guppy Road ,Taradale,Napier,4112.0,-39.541379,176.858077,POINT(176.858077 -39.541379),Hawke's Bay Region,Napier City,"Hawke's Bay, Tairāwhiti",Large urban area,Contributing,,State,310,425,Open
2544,Awapuni School (Gisborne),129 Awapuni Road ,,Gisborne,4010.0,-38.667285,178.01001,POINT(178.01001 -38.667285),Gisborne Region,Gisborne District,"Hawke's Bay, Tairāwhiti",Large urban area,Contributing,,State,299,499,Open
2546,Bledisloe School,30A Meanee Road ,Taradale,Napier,4141.0,-39.537197,176.851603,POINT(176.851603 -39.537197),Hawke's Bay Region,Napier City,"Hawke's Bay, Tairāwhiti",Large urban area,Contributing,,State,286,474,Open
2547,Bridge Pa School,42 Maraekakaho Road ,,Bridge Pa,4175.0,-39.649051,176.754604,POINT(176.754604 -39.649051),Hawke's Bay Region,Hastings District,"Hawke's Bay, Tairāwhiti",Rural other,Full Primary,,State,107,523,Open
2548,Camberley School,627 Kiwi Street ,Camberley,Hastings,4120.0,-39.626627,176.818642,POINT(176.818642 -39.626627),Hawke's Bay Region,Hastings District,"Hawke's Bay, Tairāwhiti",Large urban area,Contributing,,State,67,556,Open
2549,Clive School,57 School Road ,,Clive,4102.0,-39.585688,176.92218,POINT(176.92218 -39.585688),Hawke's Bay Region,Hastings District,"Hawke's Bay, Tairāwhiti",Small urban area,Contributing,,State,216,450,Open
2553,Dannevirke South School,Stairs Street ,,Dannevirke,4942.0,-40.20929,176.092543,POINT(176.092543 -40.20929),Manawatū-Whanganui Region,Tararua District,Wellington,Small urban area,Full Primary,,State,266,504,Open
2554,Ebbett Park School,600 Oliphant Road ,Raureka,Hastings,4120.0,-39.644029,176.826298,POINT(176.826298 -39.644029),Hawke's Bay Region,Hastings District,"Hawke's Bay, Tairāwhiti",Large urban area,Contributing,,State,162,533,Open
2555,Elgin School,2 Knox Street ,Elgin-Gisborne,Gisborne,4010.0,-38.655029,177.993954,POINT(177.993954 -38.655029),Gisborne Region,Gisborne District,"Hawke's Bay, Tairāwhiti",Large urban area,Contributing,,State,39,562,Open
2556,Elsthorpe School,25 Kenderdine Road ,,Elsthorpe,4277.0,-39.914918,176.812565,POINT(176.812565 -39.914918),Hawke's Bay Region,Central Hawke's Bay District,"Hawke's Bay, Tairāwhiti",Rural other,Full Primary,,State,36,446,Open
2557,Eskdale School,324 Hill Road ,,Napier,4182.0,-39.402535,176.85281,POINT(176.85281 -39.402535),Hawke's Bay Region,Napier City,"Hawke's Bay, Tairāwhiti",Large urban area,Full Primary,,State,280,423,Open
2558,Te Kahu Amohia - Fairhaven School,30B Meeanee Road ,Taradale,Napier,4141.0,-39.536993,176.851618,POINT(176.851618 -39.536993),Hawke's Bay Region,Napier City,"Hawke's Bay, Tairāwhiti",Large urban area,Specialist School,Day Specialist,State,105,514,Open
2560,Flaxmere Primary School,20 Henderson Road ,Flaxmere,Hastings,4120.0,-39.622396,176.791421,POINT(176.791421 -39.622396),Hawke's Bay Region,Hastings District,"Hawke's Bay, Tairāwhiti",Large urban area,Full Primary,,State,409,539,Open
2561,Flemington School (Waipukurau),2 Rotohiwi Road ,,Waipukurau,4282.0,-40.149885,176.444697,POINT(176.444697 -40.149885),Hawke's Bay Region,Central Hawke's Bay District,"Hawke's Bay, Tairāwhiti",Rural other,Full Primary,,State,79,432,Open
2562,Frasertown School,5 Russell Parade ,Frasertown,Wairoa,4163.0,-38.966593,177.405379,POINT(177.405379 -38.966593),Hawke's Bay Region,Wairoa District,"Hawke's Bay, Tairāwhiti",Rural settlement,Full Primary,,State,113,479,Open
2563,Frimley School,200 Frimley Road ,Frimley,Hastings,4120.0,-39.627661,176.833354,POINT(176.833354 -39.627661),Hawke's Bay Region,Hastings District,"Hawke's Bay, Tairāwhiti",Large urban area,Contributing,,State,469,473,Open
2564,Gisborne Central School,7 Central Street ,Whataupoko,Gisborne,4010.0,-38.654952,178.030442,POINT(178.030442 -38.654952),Gisborne Region,Gisborne District,"Hawke's Bay, Tairāwhiti",Large urban area,Contributing,,State,357,430,Open
2566,Gisborne Intermediate,156 Roebuck Road ,,Gisborne,4010.0,-38.662329,178.011292,POINT(178.011292 -38.662329),Gisborne Region,Gisborne District,"Hawke's Bay, Tairāwhiti",Large urban area,Intermediate,,State,507,486,Open
2567,Greenmeadows School,29 Osier Road ,Greenmeadows,Napier,4145.0,-39.529317,176.858614,POINT(176.858614 -39.529317),Hawke's Bay Region,Napier City,"Hawke's Bay, Tairāwhiti",Large urban area,Contributing,,State,483,436,Open
2569,Hastings Central School,400 Karamu Road South ,,Hastings,4122.0,-39.645649,176.841387,POINT(176.841387 -39.645649),Hawke's Bay Region,Hastings District,"Hawke's Bay, Tairāwhiti",Large urban area,Contributing,,State,217,522,Open
2570,Hastings Intermediate,621 Hastings Street South ,,Hastings,4122.0,-39.649551,176.838712,POINT(176.838712 -39.649551),Hawke's Bay Region,Hastings District,"Hawke's Bay, Tairāwhiti",Large urban area,Intermediate,,State,401,509,Open
2571,Haumoana School,7 Raymond Road ,,Hastings,4180.0,-39.625241,176.951175,POINT(176.951175 -39.625241),Hawke's Bay Region,Hastings District,"Hawke's Bay, Tairāwhiti",Rural other,Contributing,,State,155,421,Open
2572,Havelock North Intermediate,13 Nimon Street ,,Havelock North,4130.0,-39.664526,176.892154,POINT(176.892154 -39.664526),Hawke's Bay Region,Hastings District,"Hawke's Bay, Tairāwhiti",Medium urban area,Intermediate,,State,523,432,Open
2573,Havelock North Primary School,9 Campbell Street ,,Havelock North,4130.0,-39.671266,176.879959,POINT(176.879959 -39.671266),Hawke's Bay Region,Hastings District,"Hawke's Bay, Tairāwhiti",Medium urban area,Contributing,,State,542,399,Open
2574,Henry Hill School,15 Dick Place ,Onekawa,Napier,4110.0,-39.516043,176.887624,POINT(176.887624 -39.516043),Hawke's Bay Region,Napier City,"Hawke's Bay, Tairāwhiti",Large urban area,Contributing,,State,269,539,Open
2575,Heretaunga Intermediate,260 Orchard Road ,,Hastings,4120.0,-39.629217,176.822682,POINT(176.822682 -39.629217),Hawke's Bay Region,Hastings District,"Hawke's Bay, Tairāwhiti",Large urban area,Intermediate,,State,262,492,Open
2578,Hiruharama School,45 Hiruharama Road ,Waitakaro,Ruatoria,4081.0,-37.928293,178.260707,POINT(178.260707 -37.928293),Gisborne Region,Gisborne District,"Hawke's Bay, Tairāwhiti",Rural other,Full Primary,,State,104,543,Open
2581,Ilminster Intermediate,70 De Lautour Road ,,Gisborne,4040.0,-38.66985,178.045589,POINT(178.045589 -38.66985),Gisborne Region,Gisborne District,"Hawke's Bay, Tairāwhiti",Large urban area,Intermediate,,State,314,508,Open
2582,Irongate School,16 Walton Way ,Flaxmere,Hastings,4120.0,-39.628353,176.782714,POINT(176.782714 -39.628353),Hawke's Bay Region,Hastings District,"Hawke's Bay, Tairāwhiti",Large urban area,Full Primary,,State,182,533,Open
2584,Kaiti School,517 Wainui Road ,Kaiti,Gisborne,4041.0,-38.675803,178.045197,POINT(178.045197 -38.675803),Gisborne Region,Gisborne District,"Hawke's Bay, Tairāwhiti",Large urban area,Contributing,,State,410,535,Open
2585,Kereru School,2306 Kereru Road ,,Hastings,4171.0,-39.655869,176.407528,POINT(176.407528 -39.655869),Hawke's Bay Region,Hastings District,"Hawke's Bay, Tairāwhiti",Rural other,Full Primary,,State,28,444,Open
2587,Kotemaori School,4778 State Highway 2 ,,Kotemaori,4188.0,-39.062472,177.03526,POINT(177.03526 -39.062472),Hawke's Bay Region,Wairoa District,"Hawke's Bay, Tairāwhiti",Rural other,Full Primary,,State,16,535,Open
2588,Kōwhai School,407 Hastings St South ,Akina,Hastings,4156.0,-39.64652,176.841567,POINT(176.841567 -39.64652),Hawke's Bay Region,Hastings District,"Hawke's Bay, Tairāwhiti",Large urban area,Specialist School,Day Specialist,State,132,517,Open
2590,Lucknow School,42 Elliott Crescent ,,Havelock North,4130.0,-39.674036,176.871074,POINT(176.871074 -39.674036),Hawke's Bay Region,Hastings District,"Hawke's Bay, Tairāwhiti",Medium urban area,Contributing,,State,258,451,Open
2592,Mahora School,710 Frederick Street ,Mahora,Hastings,4155.0,-39.625898,176.84784,POINT(176.84784 -39.625898),Hawke's Bay Region,Hastings District,"Hawke's Bay, Tairāwhiti",Large urban area,Contributing,,State,354,470,Open
2593,Makaraka School,137 Main Road ,Makaraka,Gisborne,4010.0,-38.651239,177.96045,POINT(177.96045 -38.651239),Gisborne Region,Gisborne District,"Hawke's Bay, Tairāwhiti",Large urban area,Contributing,,State,99,444,Open
2594,Makarika School,17 Makarika School Road ,,Ruatoria,4081.0,-37.951557,178.226095,POINT(178.226095 -37.951557),Gisborne Region,Gisborne District,"Hawke's Bay, Tairāwhiti",Rural other,Full Primary,,State,25,542,Open
2595,Makauri School,120 King Road ,,Gisborne,4071.0,-38.625058,177.95714,POINT(177.95714 -38.625058),Gisborne Region,Gisborne District,"Hawke's Bay, Tairāwhiti",Rural other,Contributing,,State,153,438,Open
2597,Mangapapa School,5 Rua Street ,Mangapapa,Gisborne,4010.0,-38.647988,178.019915,POINT(178.019915 -38.647988),Gisborne Region,Gisborne District,"Hawke's Bay, Tairāwhiti",Large urban area,Contributing,,State,401,478,Open
2599,Mangateretere School,314 State Highway 2 ,,Whakatu,4161.0,-39.617724,176.892886,POINT(176.892886 -39.617724),Hawke's Bay Region,Hastings District,"Hawke's Bay, Tairāwhiti",Rural other,Full Primary,,State,36,555,Open
2600,Te Kura o Māngātuna,1175 Waiapu Road State Highway 35,Tolaga Bay,Gisborne,4077.0,-38.293878,178.272582,POINT(178.272582 -38.293878),Gisborne Region,Gisborne District,"Hawke's Bay, Tairāwhiti",Rural other,Full Primary,,State,24,517,Open
2602,Manutuke School,59 Waingake Road ,,Manutuke,4053.0,-38.679756,177.904776,POINT(177.904776 -38.679756),Gisborne Region,Gisborne District,"Hawke's Bay, Tairāwhiti",Rural settlement,Composite,,State,229,522,Open
2604,Maraenui Bilingual School (Napier),2A Lister Crescent ,Maraenui,Napier,4110.0,-39.513585,176.905655,POINT(176.905655 -39.513585),Hawke's Bay Region,Napier City,"Hawke's Bay, Tairāwhiti",Large urban area,Full Primary,,State,127,562,Open
2606,Marewa School,80D Latham Street ,Marewa,Napier,4110.0,-39.505766,176.905445,POINT(176.905445 -39.505766),Hawke's Bay Region,Napier City,"Hawke's Bay, Tairāwhiti",Large urban area,Contributing,,State,261,542,Open
2609,Te Kura o Mata,Huiarua Station ,,Tokomaru Bay,4079.0,-38.099202,178.05331,POINT(178.05331 -38.099202),Gisborne Region,Gisborne District,"Hawke's Bay, Tairāwhiti",Rural other,Full Primary,,State,5,489,Open
2611,Matawai School,29 Raumati Street ,,Matawai,4051.0,-38.359795,177.534528,POINT(177.534528 -38.359795),Gisborne Region,Gisborne District,"Hawke's Bay, Tairāwhiti",Rural other,Full Primary,,State,51,476,Open
2612,Mayfair School,1110 Willowpark Road North ,Mayfair,Hastings,4122.0,-39.637819,176.860588,POINT(176.860588 -39.637819),Hawke's Bay Region,Hastings District,"Hawke's Bay, Tairāwhiti",Large urban area,Contributing,,State,221,527,Open
2613,Meeanee School,6 Gavin Black Street ,Meeanee,Napier,4112.0,-39.544995,176.889953,POINT(176.889953 -39.544995),Hawke's Bay Region,Napier City,"Hawke's Bay, Tairāwhiti",Large urban area,Full Primary,,State,102,493,Open
2616,Motu School,6 Motu Falls Road ,,Motu,4052.0,-38.25628,177.548498,POINT(177.548498 -38.25628),Gisborne Region,Gisborne District,"Hawke's Bay, Tairāwhiti",Rural other,Full Primary,,State,7,488,Open
2617,Muriwai School,1684 Wharerata Road ,Muriwai,Gisborne,4072.0,-38.756132,177.920637,POINT(177.920637 -38.756132),Gisborne Region,Gisborne District,"Hawke's Bay, Tairāwhiti",Rural other,Full Primary,,State,60,521,Open
2618,Napier Central School,32 Napier Terrace ,,Napier,4110.0,-39.488524,176.908497,POINT(176.908497 -39.488524),Hawke's Bay Region,Napier City,"Hawke's Bay, Tairāwhiti",Large urban area,Contributing,,State,253,403,Open
2619,Napier Intermediate,3 Jull Street ,Hospital Hill,Napier,4110.0,-39.495095,176.906925,POINT(176.906925 -39.495095),Hawke's Bay Region,Napier City,"Hawke's Bay, Tairāwhiti",Large urban area,Intermediate,,State,362,497,Open
2620,Nelson Park School,54 Kennedy Road ,,Napier,4110.0,-39.496815,176.90779,POINT(176.90779 -39.496815),Hawke's Bay Region,Napier City,"Hawke's Bay, Tairāwhiti",Large urban area,Contributing,,State,345,458,Open
2621,Ngatapa School,1590 Wharekopae Road ,,Gisborne,4072.0,-38.584566,177.790363,POINT(177.790363 -38.584566),Gisborne Region,Gisborne District,"Hawke's Bay, Tairāwhiti",Rural other,Full Primary,,State,12,456,Open
2622,Norsewood and Districts School,Coronation Street ,,Norsewood,4943.0,-40.070783,176.21647,POINT(176.21647 -40.070783),Manawatū-Whanganui Region,Tararua District,Wellington,Rural settlement,Full Primary,,State,41,514,Open
2624,Nuhaka School,14 Ihaka Street ,,Nuhaka,4165.0,-39.045507,177.738822,POINT(177.738822 -39.045507),Hawke's Bay Region,Wairoa District,"Hawke's Bay, Tairāwhiti",Rural settlement,Full Primary,,State,97,508,Open
2625,Ohuka School,12 Okare Road ,,Wairoa,4195.0,-38.815773,177.2951,POINT(177.2951 -38.815773),Hawke's Bay Region,Wairoa District,"Hawke's Bay, Tairāwhiti",Rural other,Full Primary,,State,11,523,Open
2626,Omahu School,22 Taihape Road ,,Hastings,4175.0,-39.581786,176.759164,POINT(176.759164 -39.581786),Hawke's Bay Region,Hastings District,"Hawke's Bay, Tairāwhiti",Rural settlement,Full Primary,,State,54,569,Open
2627,Omakere School,46 Long Range Road ,,Waipawa,4271.0,-40.050987,176.754079,POINT(176.754079 -40.050987),Hawke's Bay Region,Central Hawke's Bay District,"Hawke's Bay, Tairāwhiti",Rural other,Full Primary,,State,77,437,Open
2628,Onekawa School,235 Kennedy Road ,Onekawa,Napier,4110.0,-39.505535,176.893107,POINT(176.893107 -39.505535),Hawke's Bay Region,Napier City,"Hawke's Bay, Tairāwhiti",Large urban area,Contributing,,State,333,487,Open
2629,Ongaonga School,51 Mill St ,,Ongaonga,4244.0,-39.915092,176.418537,POINT(176.418537 -39.915092),Hawke's Bay Region,Central Hawke's Bay District,"Hawke's Bay, Tairāwhiti",Rural settlement,Full Primary,,State,28,453,Open
2631,Ormond School,45 Whitmore Road ,Ormond,Gisborne,4071.0,-38.553027,177.919532,POINT(177.919532 -38.553027),Gisborne Region,Gisborne District,"Hawke's Bay, Tairāwhiti",Rural other,Contributing,,State,93,460,Open
2634,Otane School,67 Higginson Street ,,Otane,4202.0,-39.898125,176.631445,POINT(176.631445 -39.898125),Hawke's Bay Region,Central Hawke's Bay District,"Hawke's Bay, Tairāwhiti",Rural other,Full Primary,,State,77,487,Open
2637,Te Kura o Pakipaki,316 Paki Paki Road ,,Pakipaki,4178.0,-39.687956,176.787193,POINT(176.787193 -39.687956),Hawke's Bay Region,Hastings District,"Hawke's Bay, Tairāwhiti",Rural other,Full Primary,,State,52,545,Open
2638,Pakowhai School,25 Chesterhope Road ,Pakowhai,Napier,4183.0,-39.581205,176.863311,POINT(176.863311 -39.581205),Hawke's Bay Region,Hastings District,"Hawke's Bay, Tairāwhiti",Rural other,Contributing,,State,37,452,Open
2641,Parkvale School,1217 Howard Street ,,Hastings,4122.0,-39.652152,176.860432,POINT(176.860432 -39.652152),Hawke's Bay Region,Hastings District,"Hawke's Bay, Tairāwhiti",Large urban area,Contributing,,State,502,462,Open
2642,Patoka School,6 Hendley Road ,Patoka,Napier,4186.0,-39.347197,176.605377,POINT(176.605377 -39.347197),Hawke's Bay Region,Hastings District,"Hawke's Bay, Tairāwhiti",Rural other,Full Primary,,State,32,469,Open
2643,Patutahi School,29 Atkins Street ,Patutahi,Gisborne,4072.0,-38.62585,177.888196,POINT(177.888196 -38.62585),Gisborne Region,Gisborne District,"Hawke's Bay, Tairāwhiti",Rural settlement,Full Primary,,State,68,526,Open
2644,Te Whai Hiringa,Peterhead Avenue ,Flaxmere,Hastings,4120.0,-39.629812,176.791461,POINT(176.791461 -39.629812),Hawke's Bay Region,Hastings District,"Hawke's Bay, Tairāwhiti",Large urban area,Full Primary,,State,429,533,Open
2647,Porritt School,36 Lyttelton Crescent ,Tamatea,Napier,4112.0,-39.516268,176.865427,POINT(176.865427 -39.516268),Hawke's Bay Region,Napier City,"Hawke's Bay, Tairāwhiti",Large urban area,Contributing,,State,324,493,Open
2648,Port Ahuriri School,15 Lever Street ,Ahuriri,Napier,4110.0,-39.485684,176.8984,POINT(176.8984 -39.485684),Hawke's Bay Region,Napier City,"Hawke's Bay, Tairāwhiti",Large urban area,Contributing,,State,242,425,Open
2649,Potaka School,7164 Te Aararoa Road ,,Hicks Bay,3199.0,-37.57326,178.142356,POINT(178.142356 -37.57326),Gisborne Region,Gisborne District,"Hawke's Bay, Tairāwhiti",Rural other,Full Primary,,State,45,523,Open
2650,Poukawa School,107 Poukawa Road ,,Hastings,4178.0,-39.759146,176.72327,POINT(176.72327 -39.759146),Hawke's Bay Region,Hastings District,"Hawke's Bay, Tairāwhiti",Rural other,Full Primary,,State,94,476,Open
2651,Pukehamoamoa School,11 Matapiro Road ,,Hastings,4179.0,-39.547143,176.682763,POINT(176.682763 -39.547143),Hawke's Bay Region,Hastings District,"Hawke's Bay, Tairāwhiti",Rural other,Full Primary,,State,58,437,Open
2652,Pukehou School,174 S H 2 South Of Hastings ,,Pukehou,4276.0,-39.834399,176.634291,POINT(176.634291 -39.834399),Hawke's Bay Region,Central Hawke's Bay District,"Hawke's Bay, Tairāwhiti",Rural other,Full Primary,,State,35,452,Open
2654,Puketapu School (Hawkes Bay),708 Puketapu Road ,Puketapu,Napier,4141.0,-39.506323,176.791194,POINT(176.791194 -39.506323),Hawke's Bay Region,Hastings District,"Hawke's Bay, Tairāwhiti",Rural other,Full Primary,,State,231,421,Open
2657,Putere School,2254 Putere Road ,Putere,Wairoa,4189.0,-38.943664,177.027722,POINT(177.027722 -38.943664),Hawke's Bay Region,Wairoa District,"Hawke's Bay, Tairāwhiti",Rural other,Full Primary,,State,4,484,Open
2658,Putorino School,27 Waikare Road ,,Putorino,4188.0,-39.134348,177.00688,POINT(177.00688 -39.134348),Hawke's Bay Region,Hastings District,"Hawke's Bay, Tairāwhiti",Rural other,Full Primary,,State,19,492,Open
2659,TKKM o Tapere-Nui-A-Whatonga,524 Rangitukia Road ,,Gisborne,4087.0,-37.772241,178.459778,POINT(178.459778 -37.772241),Gisborne Region,Gisborne District,"Hawke's Bay, Tairāwhiti",Rural other,Full Primary,,State,27,532,Open
2662,Raureka School,910 Gordon Road ,Raureka,Hastings,4120.0,-39.638484,176.824243,POINT(176.824243 -39.638484),Hawke's Bay Region,Hastings District,"Hawke's Bay, Tairāwhiti",Large urban area,Contributing,,State,304,499,Open
2663,Reignier Catholic School,99 Guppy Road ,Greenmeadows,Napier,4145.0,-39.531565,176.860113,POINT(176.860113 -39.531565),Hawke's Bay Region,Napier City,"Hawke's Bay, Tairāwhiti",Large urban area,Full Primary,,State : Integrated,216,404,Open
2664,Rere School,3294 Wharekopae Road ,Rere,Gisborne,4040.0,-38.549218,177.631542,POINT(177.631542 -38.549218),Gisborne Region,Gisborne District,"Hawke's Bay, Tairāwhiti",Rural other,Full Primary,,State,32,442,Open
2665,Richmond School (Napier),13A Barnard Avenue ,Maraenui,Napier,4141.0,-39.519237,176.903285,POINT(176.903285 -39.519237),Hawke's Bay Region,Napier City,"Hawke's Bay, Tairāwhiti",Large urban area,Contributing,,State,67,569,Open
2667,Riverdale School (Gisborne),324 Stout Street ,,Gisborne,4040.0,-38.644379,178.002553,POINT(178.002553 -38.644379),Gisborne Region,Gisborne District,"Hawke's Bay, Tairāwhiti",Large urban area,Contributing,,State,148,552,Open
2669,Ruahine School,333 Maharahara Road ,,Dannevirke,4972.0,-40.23409,176.003221,POINT(176.003221 -40.23409),Manawatū-Whanganui Region,Tararua District,Wellington,Rural other,Full Primary,,State,172,451,Open
2672,Sherenden and Districts School,2129 Taihape Road ,,Hastings,4179.0,-39.505728,176.575118,POINT(176.575118 -39.505728),Hawke's Bay Region,Hastings District,"Hawke's Bay, Tairāwhiti",Rural other,Full Primary,,State,48,441,Open
2673,Sherwood School (Hawkes Bay),358 Makaretu Road ,,Takapau,4286.0,-39.941666,176.309437,POINT(176.309437 -39.941666),Hawke's Bay Region,Central Hawke's Bay District,"Hawke's Bay, Tairāwhiti",Rural other,Full Primary,,State,27,460,Open
2676,St Joseph's School (Dannevirke),McPhee Street ,,Dannevirke,4930.0,-40.209894,176.102267,POINT(176.102267 -40.209894),Manawatū-Whanganui Region,Tararua District,Wellington,Small urban area,Full Primary,,State : Integrated,125,473,Open
2677,St Joseph's School (Hastings),404 Eastbourne Street East ,Akina,Hastings,4122.0,-39.646231,176.846363,POINT(176.846363 -39.646231),Hawke's Bay Region,Hastings District,"Hawke's Bay, Tairāwhiti",Large urban area,Full Primary,,State : Integrated,275,418,Open
2678,St Joseph's School (Central Hawke's Bay),6 Russell Street ,,Waipukurau,4242.0,-39.994546,176.559062,POINT(176.559062 -39.994546),Hawke's Bay Region,Central Hawke's Bay District,"Hawke's Bay, Tairāwhiti",Small urban area,Full Primary,,State : Integrated,105,436,Open
2679,St Joseph's School (Wairoa),56 Queen Street ,,Wairoa,4160.0,-39.034809,177.420177,POINT(177.420177 -39.034809),Hawke's Bay Region,Wairoa District,"Hawke's Bay, Tairāwhiti",Small urban area,Full Primary,,State : Integrated,98,502,Open
2680,St Mary's Catholic School (Gisborne),40 Campion Road ,,Gisborne,4040.0,-38.648417,177.990034,POINT(177.990034 -38.648417),Gisborne Region,Gisborne District,"Hawke's Bay, Tairāwhiti",Large urban area,Contributing,,State : Integrated,222,423,Open
2681,St Mary's Catholic School (Hastings),901 Frederick Street ,Mahora,Hastings,4120.0,-39.623917,176.847238,POINT(176.847238 -39.623917),Hawke's Bay Region,Hastings District,"Hawke's Bay, Tairāwhiti",Large urban area,Full Primary,,State : Integrated,281,421,Open
2684,Takapau School,15 Charles Street ,,Takapau,4203.0,-40.025336,176.34649,POINT(176.34649 -40.025336),Hawke's Bay Region,Central Hawke's Bay District,"Hawke's Bay, Tairāwhiti",Rural settlement,Full Primary,,State,113,496,Open
2685,Tamatea Intermediate,15 Freyberg Avenue ,Tamatea,Napier,4112.0,-39.514748,176.872722,POINT(176.872722 -39.514748),Hawke's Bay Region,Napier City,"Hawke's Bay, Tairāwhiti",Large urban area,Intermediate,,State,367,498,Open
2686,Tamatea School,10 Durham Avenue ,Tamatea,Napier,4112.0,-39.508991,176.86843,POINT(176.86843 -39.508991),Hawke's Bay Region,Napier City,"Hawke's Bay, Tairāwhiti",Large urban area,Contributing,,State,146,535,Open
2687,Taradale Intermediate,6 Murphy Road ,Taradale,Napier,4112.0,-39.538776,176.851551,POINT(176.851551 -39.538776),Hawke's Bay Region,Napier City,"Hawke's Bay, Tairāwhiti",Large urban area,Intermediate,,State,504,440,Open
2688,Taradale School,10 Church Road ,Taradale,Napier,4141.0,-39.534894,176.843615,POINT(176.843615 -39.534894),Hawke's Bay Region,Napier City,"Hawke's Bay, Tairāwhiti",Large urban area,Contributing,,State,414,407,Open
2691,Te Awa School,Te Awa Avenue ,Napier South,Napier,4110.0,-39.511461,176.916673,POINT(176.916673 -39.511461),Hawke's Bay Region,Napier City,"Hawke's Bay, Tairāwhiti",Large urban area,Contributing,,State,169,536,Open
2692,Te Hapara School,31 Mill Road ,Te Hapara,Gisborne,4010.0,-38.651399,178.00129,POINT(178.00129 -38.651399),Gisborne Region,Gisborne District,"Hawke's Bay, Tairāwhiti",Large urban area,Contributing,,State,191,524,Open
2697,Te Mata School (Havelock North),7 Nimon Street ,,Havelock North,4130.0,-39.664097,176.891791,POINT(176.891791 -39.664097),Hawke's Bay Region,Hastings District,"Hawke's Bay, Tairāwhiti",Medium urban area,Contributing,,State,521,394,Open
2698,Te Pohue School,44 Richmond Road ,,Te Pohue,4182.0,-39.253028,176.683117,POINT(176.683117 -39.253028),Hawke's Bay Region,Hastings District,"Hawke's Bay, Tairāwhiti",Rural other,Full Primary,,State,26,473,Open
2701,Te Wharau School (Gisborne),28 Graham Road ,Kaiti,Gisborne,4010.0,-38.668854,178.04279,POINT(178.04279 -38.668854),Gisborne Region,Gisborne District,"Hawke's Bay, Tairāwhiti",Large urban area,Contributing,,State,332,514,Open
2702,The Terrace School (Waipukurau),164 Porangahau Road ,,Waipukurau,4200.0,-40.00643,176.548378,POINT(176.548378 -40.00643),Hawke's Bay Region,Central Hawke's Bay District,"Hawke's Bay, Tairāwhiti",Small urban area,Full Primary,,State,191,536,Open
2703,Tikitiki School,33 Rangitukia Road ,Tikitiki,Gisborne,4049.0,-37.793167,178.412605,POINT(178.412605 -37.793167),Gisborne Region,Gisborne District,"Hawke's Bay, Tairāwhiti",Rural other,Full Primary,,State,29,538,Open
2704,Tikokino School,29-43 Owen Street ,,Tikokino,4273.0,-39.8213,176.453479,POINT(176.453479 -39.8213),Hawke's Bay Region,Central Hawke's Bay District,"Hawke's Bay, Tairāwhiti",Rural settlement,Full Primary,,State,82,438,Open
2705,Tiniroto School,14 School Road ,,Tiniroto,4044.0,-38.77402,177.56816,POINT(177.56816 -38.77402),Gisborne Region,Gisborne District,"Hawke's Bay, Tairāwhiti",Rural other,Full Primary,,State,7,470,Open
2706,Hatea-A-Rangi,6 School Road ,,Tokomaru Bay,4047.0,-38.131952,178.315128,POINT(178.315128 -38.131952),Gisborne Region,Gisborne District,"Hawke's Bay, Tairāwhiti",Rural settlement,Full Primary,,State,16,544,Open
2710,Tutira School,9 Matahorua Road ,,Tutira,4162.0,-39.203001,176.881858,POINT(176.881858 -39.203001),Hawke's Bay Region,Hastings District,"Hawke's Bay, Tairāwhiti",Rural other,Full Primary,,State,20,505,Open
2711,Twyford School,142 Twyford Road ,,Hastings,4175.0,-39.601147,176.796906,POINT(176.796906 -39.601147),Hawke's Bay Region,Hastings District,"Hawke's Bay, Tairāwhiti",Rural other,Full Primary,,State,169,445,Open
2712,Waerenga-O-Kuri School,1763 Tiniroto Road ,Waerengaokuri,Gisborne,4072.0,-38.687971,177.771687,POINT(177.771687 -38.687971),Gisborne Region,Gisborne District,"Hawke's Bay, Tairāwhiti",Rural other,Full Primary,,State,33,443,Open
2715,Waikirikiri School,7 Pickering Street ,Kaiti,Gisborne,4041.0,-38.674494,178.056839,POINT(178.056839 -38.674494),Gisborne Region,Gisborne District,"Hawke's Bay, Tairāwhiti",Large urban area,Full Primary,,State,208,559,Open
2718,Waimarama School,27 Taupunga Road ,Waimarama Beach,Havelock North,4294.0,-39.803359,176.987166,POINT(176.987166 -39.803359),Hawke's Bay Region,Hastings District,"Hawke's Bay, Tairāwhiti",Rural other,Contributing,,State,13,504,Open
2721,Wainui Beach School,56 Wairere Road ,Wainui,Gisborne,4010.0,-38.683687,178.075122,POINT(178.075122 -38.683687),Gisborne Region,Gisborne District,"Hawke's Bay, Tairāwhiti",Large urban area,Contributing,,State,232,401,Open
2723,Waipawa School,6 Harker Street ,,Waipawa,4210.0,-39.943615,176.590064,POINT(176.590064 -39.943615),Hawke's Bay Region,Central Hawke's Bay District,"Hawke's Bay, Tairāwhiti",Small urban area,Full Primary,,State,332,482,Open
2725,Waipukurau School,2 St Mary'S Road ,,Waipukurau,4200.0,-39.996655,176.554965,POINT(176.554965 -39.996655),Hawke's Bay Region,Central Hawke's Bay District,"Hawke's Bay, Tairāwhiti",Small urban area,Full Primary,,State,298,467,Open
2732,Weber School,3329 Weber Road ,Weber,Dannevirke,4970.0,-40.401351,176.31282,POINT(176.31282 -40.401351),Manawatū-Whanganui Region,Tararua District,Wellington,Rural other,Full Primary,,State,32,447,Open
2733,Westshore School,Ferguson Avenue ,Westshore,Napier,4110.0,-39.477054,176.882976,POINT(176.882976 -39.477054),Hawke's Bay Region,Napier City,"Hawke's Bay, Tairāwhiti",Large urban area,Contributing,,State,68,500,Open
2736,Whangara School,44 Pa Road ,Whangara,Gisborne,4073.0,-38.556338,178.21547,POINT(178.21547 -38.556338),Gisborne Region,Gisborne District,"Hawke's Bay, Tairāwhiti",Rural other,Full Primary,,State,85,479,Open
2739,Te Kura Kaupapa Maori o Whatatutu,24 Te Hau Road ,Whatatutu,Gisborne,4094.0,-38.378708,177.835718,POINT(177.835718 -38.378708),Gisborne Region,Gisborne District,"Hawke's Bay, Tairāwhiti",Rural other,Full Primary,,State,21,538,Open
2742,Woodville School,Ross Street ,,Woodville,4920.0,-40.337647,175.870509,POINT(175.870509 -40.337647),Manawatū-Whanganui Region,Tararua District,Wellington,Small urban area,Full Primary,,State,121,507,Open
2745,St Patrick's School (Napier),24 Riverbend Road ,Marewa,Napier,4143.0,-39.503727,176.895636,POINT(176.895636 -39.503727),Hawke's Bay Region,Napier City,"Hawke's Bay, Tairāwhiti",Large urban area,Full Primary,,State : Integrated,236,435,Open
2746,Te Kura o Kimi Ora,1 Boston Crescent ,Flaxmere,Hastings,4120.0,-39.61362,176.773163,POINT(176.773163 -39.61362),Hawke's Bay Region,Hastings District,"Hawke's Bay, Tairāwhiti",Large urban area,Full Primary,,State,146,532,Open
2747,Hawke's Bay School for Teenage Parents,Arnold Street ,Onekawa,Napier,4145.0,-39.505957,176.895719,POINT(176.895719 -39.505957),Hawke's Bay Region,Napier City,"Hawke's Bay, Tairāwhiti",Large urban area,Teen Parent Unit,,State,0,569,Open
2748,Karanga Mai Young Parents College,Corner Robert Coup Road & Ohoka Road ,,Kaiapoi,7630.0,-43.38764,172.644532,POINT(172.644532 -43.38764),Canterbury Region,Waimakariri District,"Canterbury, Chatham Islands",Medium urban area,Teen Parent Unit,,State,0,569,Open
2749,Te Whare Whai Hua Teenage Parent Centre,Nelson Road ,,Gisborne,4040.0,-38.643658,178.00015,POINT(178.00015 -38.643658),Gisborne Region,Gisborne District,"Hawke's Bay, Tairāwhiti",Large urban area,Teen Parent Unit,,State,0,569,Open
2750,Puawānanga Wairarapa Young Parents,Makora Road ,,Masterton,5840.0,-40.961647,175.666481,POINT(175.666481 -40.961647),Wellington Region,Masterton District,Wellington,Medium urban area,Teen Parent Unit,,State,0,569,Open
2751,Te Whakatipuranga (Otumoetai TPU),Windermere Drive ,,Windermere,3143.0,-37.733441,176.15074,POINT(176.15074 -37.733441),Bay of Plenty Region,Tauranga City,"Bay of Plenty, Waiariki",Major urban area,Teen Parent Unit,,State,0,569,Open
2752,He Huarahi Tamariki,9 Matai Street ,Linden,Wellington,5249.0,-41.160383,174.835927,POINT(174.835927 -41.160383),Wellington Region,Wellington City,Wellington,Major urban area,Teen Parent Unit,,State,0,569,Open
2753,Te Āhuru Mōwai,1 Mokoia Drive ,Rotorua,Rotorua,3046.0,-38.166534,176.243803,POINT(176.243803 -38.166534),Bay of Plenty Region,Rotorua District,"Bay of Plenty, Waiariki",Large urban area,Teen Parent Unit,,State,0,569,Open
2754,Stratford High School Teen Parent Unit,Swansea Road ,,Stratford,4352.0,-39.340204,174.296841,POINT(174.296841 -39.340204),Taranaki Region,Stratford District,"Taranaki, Whanganui, Manawatū",Small urban area,Teen Parent Unit,,State,0,569,Open
2755,Titiro Whakamua,34 Miro Street ,Trentham,Upper Hutt,5018.0,-41.131262,175.052708,POINT(175.052708 -41.131262),Wellington Region,Upper Hutt City,Wellington,Large urban area,Teen Parent Unit,,State,0,569,Open
2756,Whakatipuria Teen Parent Unit,Freyberg Street ,Palmerston North CBD,Palmerston North,4414.0,-40.338453,175.625992,POINT(175.625992 -40.338453),Manawatū-Whanganui Region,Palmerston North City,"Taranaki, Whanganui, Manawatū",Large urban area,Teen Parent Unit,,State,0,569,Open
2757,He Mataariki School for Teen Parents,13 Whaka Street ,Raumanga,Whangarei,147.0,-35.742046,174.303393,POINT(174.303393 -35.742046),Northland Region,Whangarei District,Tai Tokerau,Large urban area,Teen Parent Unit,,State,0,569,Open
2758,Te Tari Ako Matua Taiohi Education Centre,44 Ballance Street ,,Kawerau,3169.0,-38.095457,176.703193,POINT(176.703193 -38.095457),Bay of Plenty Region,Kawerau District,"Bay of Plenty, Waiariki",Small urban area,Teen Parent Unit,,State,0,569,Open
2759,He Puaawai Teen Parent Unit,72 Ellicot Road ,,Hamilton,3243.0,-37.784147,175.2446,POINT(175.2446 -37.784147),Waikato Region,Hamilton City,Waikato,Major urban area,Teen Parent Unit,,State,0,569,Open
2760,Eden Campus,16 Ngauruhoe Street ,Mount Eden,Auckland,1349.0,-36.88228,174.759781,POINT(174.759781 -36.88228),Auckland Region,Albert-Eden Local Board Area,Tāmaki Herenga Manawa,Major urban area,Teen Parent Unit,,State,0,569,Open
2761,Kimihia Parents' College,521 Ferry Road ,Woolston,Christchurch,8642.0,-43.544767,172.673447,POINT(172.673447 -43.544767),Canterbury Region,Christchurch City,"Canterbury, Chatham Islands",Major urban area,Teen Parent Unit,,State,0,569,Open
2762,Taonga Education Centre,28 Palmers Road ,Clendon,Auckland,2243.0,-37.034958,174.867889,POINT(174.867889 -37.034958),Auckland Region,Manurewa Local Board Area,Tāmaki Herenga Waka,Major urban area,Teen Parent Unit,,State,0,569,Open
2801,Alfredton School,15207 Route 52 ,Alfredton,Eketahuna,4996.0,-40.68095,175.857767,POINT(175.857767 -40.68095),Manawatū-Whanganui Region,Tararua District,Wellington,Rural other,Full Primary,,State,24,434,Open
2802,Arakura School,209 Wellington Road ,Wainuiomata,Lower Hutt,5048.0,-41.24196,174.944295,POINT(174.944295 -41.24196),Wellington Region,Lower Hutt City,Wellington,Major urban area,Contributing,,State,148,500,Open
2803,Avalon School,10 Gordon Street ,Avalon,Lower Hutt,5011.0,-41.194731,174.944062,POINT(174.944062 -41.194731),Wellington Region,Lower Hutt City,Wellington,Major urban area,Contributing,,State,218,487,Open
2805,Ballance School,15 Post Office Road ,,Pahiatua,4983.0,-40.402007,175.798758,POINT(175.798758 -40.402007),Manawatū-Whanganui Region,Tararua District,Wellington,Rural other,Full Primary,,State,22,504,Open
2806,Bellevue School (Newlands),12 Bancroft Terrace ,Newlands,Wellington,6037.0,-41.225623,174.82521,POINT(174.82521 -41.225623),Wellington Region,Wellington City,Wellington,Major urban area,Contributing,,State,241,392,Open
2807,Belmont School (Lower Hutt),709 Western Hutt Road ,Belmont,Lower Hutt,5010.0,-41.191492,174.928899,POINT(174.928899 -41.191492),Wellington Region,Lower Hutt City,Wellington,Major urban area,Contributing,,State,307,398,Open
2808,Berhampore School,105 Britomart Street ,Berhampore,Wellington,6023.0,-41.321097,174.773549,POINT(174.773549 -41.321097),Wellington Region,Wellington City,Wellington,Major urban area,Contributing,,State,270,392,Open
2810,Birchville School,16 Gemstone Drive ,Birchville,Upper Hutt,5018.0,-41.092643,175.099817,POINT(175.099817 -41.092643),Wellington Region,Upper Hutt City,Wellington,Large urban area,Contributing,,State,131,461,Open
2811,Blenheim School,11 Seymour Street ,,Blenheim,7201.0,-41.510622,173.954907,POINT(173.954907 -41.510622),Marlborough Region,Marlborough District,"Nelson, Marlborough, West Coast",Medium urban area,Contributing,,State,144,501,Open
2812,Bohally Intermediate,Mclauchlan Street ,,Blenheim,7201.0,-41.504564,173.944347,POINT(173.944347 -41.504564),Marlborough Region,Marlborough District,"Nelson, Marlborough, West Coast",Medium urban area,Intermediate,,State,532,459,Open
2813,Boulcott School,29 Boulcott Street ,,Lower Hutt,5010.0,-41.201381,174.921779,POINT(174.921779 -41.201381),Wellington Region,Lower Hutt City,Wellington,Major urban area,Contributing,,State,336,394,Open
2814,Brandon Intermediate,32 Driver Crescent ,Cannons Creek,Porirua,5024.0,-41.143157,174.870831,POINT(174.870831 -41.143157),Wellington Region,Porirua City,Wellington,Large urban area,Intermediate,,State,167,523,Open
2816,Brooklyn School (Wellington),58 Washington Avenue ,Brooklyn,Wellington,6021.0,-41.306172,174.766454,POINT(174.766454 -41.306172),Wellington Region,Wellington City,Wellington,Major urban area,Full Primary,,State,373,362,Open
2818,Cannons Creek School,5 Warspite Avenue ,Porirua East,Porirua,5024.0,-41.140746,174.865675,POINT(174.865675 -41.140746),Wellington Region,Porirua City,Wellington,Large urban area,Contributing,,State,131,521,Open
2820,Carterton School,Holloway Street ,,Carterton,5743.0,-41.026465,175.530685,POINT(175.530685 -41.026465),Wellington Region,Carterton District,Wellington,Small urban area,Full Primary,,State,178,471,Open
2821,Cashmere Avenue School,110 Cashmere Avenue ,Khandallah,Wellington,6035.0,-41.247789,174.798197,POINT(174.798197 -41.247789),Wellington Region,Wellington City,Wellington,Major urban area,Contributing,,State,310,344,Open
2823,Crofton Downs Primary School,21 Chartwell Drive ,Crofton Downs,Wellington,6035.0,-41.2596,174.764037,POINT(174.764037 -41.2596),Wellington Region,Wellington City,Wellington,Major urban area,Contributing,,State,158,357,Open
2824,Churton Park School,90 Churton Drive ,Churton Park,Wellington,6037.0,-41.20847,174.808278,POINT(174.808278 -41.20847),Wellington Region,Wellington City,Wellington,Major urban area,Contributing,,State,312,361,Open
2826,Clifton Terrace Model School,15 Clifton Terrace ,Kelburn,Wellington,6012.0,-41.2833,174.772854,POINT(174.772854 -41.2833),Wellington Region,Wellington City,Wellington,Major urban area,Full Primary,,State,78,372,Open
2827,Clyde Quay School,27 Elizabeth Street ,Mount Victoria,Wellington,6011.0,-41.296017,174.7845,POINT(174.7845 -41.296017),Wellington Region,Wellington City,Wellington,Major urban area,Full Primary,,State,221,369,Open
2828,Corinna School,36 Kalingo Street ,Porirua East,Porirua,5024.0,-41.133541,174.882281,POINT(174.882281 -41.133541),Wellington Region,Porirua City,Wellington,Large urban area,Full Primary,,State,137,522,Open
2831,Dalefield School,440 Dalefield Road ,,Carterton,5791.0,-41.025385,175.477597,POINT(175.477597 -41.025385),Wellington Region,Carterton District,Wellington,Rural other,Full Primary,,State,75,463,Open
2832,Discovery School,Pullen Lane ,Whitby,Porirua,5024.0,-41.110581,174.890108,POINT(174.890108 -41.110581),Wellington Region,Porirua City,Wellington,Large urban area,Full Primary,,State,457,393,Open
2833,Dyer Street School,9 Dyer Street ,,Lower Hutt,5011.0,-41.202121,174.936278,POINT(174.936278 -41.202121),Wellington Region,Lower Hutt City,Wellington,Major urban area,Contributing,,State,206,460,Open
2834,Eastern Hutt School,53 Kings Crescent ,Lower Hutt,Lower Hutt,5010.0,-41.207854,174.91271,POINT(174.91271 -41.207854),Wellington Region,Lower Hutt City,Wellington,Major urban area,Contributing,,State,591,373,Open
2835,Eketāhuna School,Albert Street ,,Eketahuna,4900.0,-40.64923,175.709131,POINT(175.709131 -40.64923),Manawatū-Whanganui Region,Tararua District,Wellington,Rural settlement,Full Primary,,State,101,487,Open
2836,Te Puni School - Te kura o Te Puni,Waiwhetu Road ,Fairfield,Lower Hutt,5011.0,-41.209258,174.933369,POINT(174.933369 -41.209258),Wellington Region,Lower Hutt City,Wellington,Major urban area,Contributing,,State,156,470,Open
2837,Evans Bay Intermediate,14 Kemp Street ,Kilbirnie,Wellington,6241.0,-41.315375,174.797044,POINT(174.797044 -41.315375),Wellington Region,Wellington City,Wellington,Major urban area,Intermediate,,State,336,403,Open
2838,Fairfield School (Levin),89 Macarthur Street ,,Levin,5510.0,-40.6189,175.304844,POINT(175.304844 -40.6189),Manawatū-Whanganui Region,Horowhenua District,Wellington,Medium urban area,Full Primary,,State,387,474,Open
2839,Fairhall School,New Renwick Road ,Fairhall,Blenheim,7272.0,-41.530597,173.896787,POINT(173.896787 -41.530597),Marlborough Region,Marlborough District,"Nelson, Marlborough, West Coast",Rural other,Full Primary,,State,187,391,Open
2840,Featherston School Te Kura o Paetūmokai,11 Lyon Street ,,Featherston,5710.0,-41.11877,175.326505,POINT(175.326505 -41.11877),Wellington Region,South Wairarapa District,Wellington,Small urban area,Full Primary,,State,143,497,Open
2841,Fergusson Intermediate (Trentham),Hikurangi Street ,Trentham,Upper Hutt,5018.0,-41.126527,175.037186,POINT(175.037186 -41.126527),Wellington Region,Upper Hutt City,Wellington,Large urban area,Intermediate,,State,331,442,Open
2842,Fernlea School,25a Lees Grove ,Wainuiomata,Lower Hutt,5014.0,-41.264097,174.937905,POINT(174.937905 -41.264097),Wellington Region,Lower Hutt City,Wellington,Major urban area,Contributing,,State,198,481,Open
2843,Fernridge School,264 Upper Plain Road ,,Masterton,5888.0,-40.933595,175.615935,POINT(175.615935 -40.933595),Wellington Region,Masterton District,Wellington,Rural other,Contributing,,State,204,448,Open
2844,Fraser Crescent School,16 Redwood Street ,Elderslea,Upper Hutt,5018.0,-41.121542,175.061058,POINT(175.061058 -41.121542),Wellington Region,Upper Hutt City,Wellington,Large urban area,Contributing,,State,291,463,Open
2845,Gladstone School (Masterton),Te Whiti Road ,,Gladstone,5884.0,-41.080437,175.654505,POINT(175.654505 -41.080437),Wellington Region,Carterton District,Wellington,Rural other,Full Primary,,State,184,417,Open
2846,Pukeatua Primary School (Wainuiomata),Frederick Street ,Wainuiomata,Lower Hutt,5014.0,-41.254031,174.94952,POINT(174.94952 -41.254031),Wellington Region,Lower Hutt City,Wellington,Major urban area,Full Primary,,State,157,525,Open
2847,Glenview School (Porirua East),106 Bedford Street ,Porirua East,Porirua,5243.0,-41.147127,174.867071,POINT(174.867071 -41.147127),Wellington Region,Porirua City,Wellington,Large urban area,Contributing,,State,87,511,Open
2848,Gracefield School,Bell Road ,Gracefield,Lower Hutt,5010.0,-41.231665,174.915621,POINT(174.915621 -41.231665),Wellington Region,Lower Hutt City,Wellington,Major urban area,Contributing,,State,207,437,Open
2849,Greenacres School,Raroa Terrace ,Tawa,Wellington,5028.0,-41.164324,174.838773,POINT(174.838773 -41.164324),Wellington Region,Wellington City,Wellington,Major urban area,Contributing,,State,154,384,Open
2850,Greytown School,East Street ,,Greytown,5712.0,-41.082514,175.460429,POINT(175.460429 -41.082514),Wellington Region,South Wairarapa District,Wellington,Small urban area,Full Primary,,State,309,414,Open
2851,Grovetown School,Vickerman Street ,Grovetown,Blenheim,7202.0,-41.481336,173.968885,POINT(173.968885 -41.481336),Marlborough Region,Marlborough District,"Nelson, Marlborough, West Coast",Rural settlement,Contributing,,State,67,440,Open
2852,Hampton Hill School,Rimu Street ,Tawa,Wellington,5028.0,-41.166068,174.822493,POINT(174.822493 -41.166068),Wellington Region,Wellington City,Wellington,Major urban area,Contributing,,State,112,428,Open
2854,Hataitai School,Arawa Road ,Hataitai,Wellington,6021.0,-41.298115,174.800728,POINT(174.800728 -41.298115),Wellington Region,Wellington City,Wellington,Major urban area,Full Primary,,State,217,365,Open
2855,Havelock School,47 Main Road ,,Havelock,7100.0,-41.280887,173.766556,POINT(173.766556 -41.280887),Marlborough Region,Marlborough District,"Nelson, Marlborough, West Coast",Rural settlement,Full Primary,,State,39,462,Open
2859,Holy Family School (Porirua),169 Mungavin Avenue ,Cannons Creek,Porirua,5024.0,-41.139873,174.859455,POINT(174.859455 -41.139873),Wellington Region,Porirua City,Wellington,Large urban area,Contributing,,State : Integrated,154,487,Open
2861,Houghton Valley School,110 Houghton Bay Road ,Houghton Bay,Wellington,6023.0,-41.334153,174.78765,POINT(174.78765 -41.334153),Wellington Region,Wellington City,Wellington,Major urban area,Contributing,,State,200,366,Open
2862,Hutt Central School,Railway Avenue ,,Lower Hutt,5010.0,-41.212431,174.891819,POINT(174.891819 -41.212431),Wellington Region,Lower Hutt City,Wellington,Major urban area,Contributing,,State,270,396,Open
2863,Hutt Intermediate,Kauri Street ,Woburn,Lower Hutt,5011.0,-41.215243,174.913594,POINT(174.913594 -41.215243),Wellington Region,Lower Hutt City,Wellington,Major urban area,Intermediate,,State,604,412,Open
2865,Island Bay School,Thames Street ,Island Bay,Wellington,6023.0,-41.335665,174.77494,POINT(174.77494 -41.335665),Wellington Region,Wellington City,Wellington,Major urban area,Contributing,,State,335,371,Open
2866,Johnsonville School,Morgan Street ,Johnsonville,Wellington,6037.0,-41.219321,174.805557,POINT(174.805557 -41.219321),Wellington Region,Wellington City,Wellington,Major urban area,Contributing,,State,344,391,Open
2867,West Park School,97 Broderick Road ,Johnsonville,Wellington,6037.0,-41.224691,174.797294,POINT(174.797294 -41.224691),Wellington Region,Wellington City,Wellington,Major urban area,Contributing,,State,246,392,Open
2868,Kahutara School,990 Kahutara Road ,,Featherston,5771.0,-41.227188,175.340717,POINT(175.340717 -41.227188),Wellington Region,South Wairarapa District,Wellington,Rural other,Full Primary,,State,90,456,Open
2871,Kapakapanui School,23 Rimu Street ,,Waikanae,5250.0,-40.873785,175.054629,POINT(175.054629 -40.873785),Wellington Region,Kapiti Coast District,Wellington,Medium urban area,Full Primary,,State,497,434,Open
2872,Mahinawa Specialist School and Resource Centre,1b Takapuwahia Drive ,,Porirua,5240.0,-41.12722,174.830023,POINT(174.830023 -41.12722),Wellington Region,Porirua City,Wellington,Large urban area,Specialist School,Day Specialist,State,154,510,Open
2873,Kapiti School,20 Iver Trask Place ,,Paraparaumu,5254.0,-40.914308,175.005021,POINT(175.005021 -40.914308),Wellington Region,Kapiti Coast District,Wellington,Medium urban area,Full Primary,,State,101,477,Open
2874,Karori Normal School,Donald Street ,Karori,Wellington,6012.0,-41.284073,174.741874,POINT(174.741874 -41.284073),Wellington Region,Wellington City,Wellington,Major urban area,Full Primary,,State,594,354,Open
2875,Karori West Normal School,Allington Road ,Karori,Wellington,6012.0,-41.289454,174.722326,POINT(174.722326 -41.289454),Wellington Region,Wellington City,Wellington,Major urban area,Full Primary,,State,437,381,Open
2876,Kelburn Normal School,Kowhai Road ,Kelburn,Wellington,6012.0,-41.287277,174.761649,POINT(174.761649 -41.287277),Wellington Region,Wellington City,Wellington,Major urban area,Full Primary,,State,269,353,Open
2877,Kelson School,52 Taieri Crescent ,Kelson,Lower Hutt,5010.0,-41.180638,174.933121,POINT(174.933121 -41.180638),Wellington Region,Lower Hutt City,Wellington,Major urban area,Contributing,,State,265,386,Open
2878,Kenakena School,Donovan Road ,,Paraparaumu Beach,5252.0,-40.884056,174.992265,POINT(174.992265 -40.884056),Wellington Region,Kapiti Coast District,Wellington,Medium urban area,Full Primary,,State,522,438,Open
2879,Khandallah School,20 Clark Street ,Khandallah,Wellington,6035.0,-41.244029,174.789742,POINT(174.789742 -41.244029),Wellington Region,Wellington City,Wellington,Major urban area,Contributing,,State,294,372,Open
2880,Kilbirnie School,72 Hamilton Road ,Hataitai,Wellington,6241.0,-41.308635,174.793705,POINT(174.793705 -41.308635),Wellington Region,Wellington City,Wellington,Major urban area,Contributing,,State,211,377,Open
2882,Koputaroa School,399 Koputaroa Road ,,Levin,5575.0,-40.578429,175.337387,POINT(175.337387 -40.578429),Manawatū-Whanganui Region,Horowhenua District,Wellington,Rural other,Full Primary,,State,183,452,Open
2883,Korokoro School,Korokoro Road ,Petone,Lower Hutt,5012.0,-41.215812,174.867211,POINT(174.867211 -41.215812),Wellington Region,Lower Hutt City,Wellington,Major urban area,Full Primary,,State,195,375,Open
2886,Levin East School,Bartholomew Road ,,Levin,5510.0,-40.628682,175.296785,POINT(175.296785 -40.628682),Manawatū-Whanganui Region,Horowhenua District,Wellington,Medium urban area,Contributing,,State,398,526,Open
2887,Levin Intermediate,Collingwood Street ,,Levin,5510.0,-40.62007,175.270373,POINT(175.270373 -40.62007),Manawatū-Whanganui Region,Horowhenua District,Wellington,Medium urban area,Intermediate,,State,278,517,Open
2888,Levin North School,Weraroa Road ,,Levin,5510.0,-40.614282,175.286113,POINT(175.286113 -40.614282),Manawatū-Whanganui Region,Horowhenua District,Wellington,Medium urban area,Contributing,,State,240,506,Open
2889,Levin School,67 Tiro Tiro Road ,,Levin,5510.0,-40.620141,175.272588,POINT(175.272588 -40.620141),Manawatū-Whanganui Region,Horowhenua District,Wellington,Medium urban area,Contributing,,State,256,508,Open
2890,Linden School,Ranui Terrace ,Tawa,Wellington,5249.0,-41.159351,174.835441,POINT(174.835441 -41.159351),Wellington Region,Wellington City,Wellington,Major urban area,Contributing,,State,113,500,Open
2891,Linkwater School,1357 Queen Charlotte Drive ,,Linkwater,7281.0,-41.289162,173.87947,POINT(173.87947 -41.289162),Marlborough Region,Marlborough District,"Nelson, Marlborough, West Coast",Rural other,Full Primary,,State,55,412,Open
2892,Lyall Bay School,Freyberg Street ,Lyall Bay,Wellington,6022.0,-41.324592,174.79315,POINT(174.79315 -41.324592),Wellington Region,Wellington City,Wellington,Major urban area,Contributing,,State,282,402,Open
2893,Maidstone Intermediate,Redwood Street ,,Upper Hutt,5018.0,-41.122612,175.059626,POINT(175.059626 -41.122612),Wellington Region,Upper Hutt City,Wellington,Large urban area,Intermediate,,State,556,470,Open
2894,Mākara Model School,399 Makara Road ,Karori,Wellington,6972.0,-41.268112,174.704915,POINT(174.704915 -41.268112),Wellington Region,Wellington City,Wellington,Rural other,Full Primary,,State,63,395,Open
2895,Makuri School,5 Titoki Road ,,Makuri,4989.0,-40.532432,176.013994,POINT(176.013994 -40.532432),Manawatū-Whanganui Region,Tararua District,Wellington,Rural other,Full Primary,,State,14,440,Open
2896,Manakau School,Mokena Kohere Street ,Manakau,Levin,5541.0,-40.713712,175.217885,POINT(175.217885 -40.713712),Manawatū-Whanganui Region,Horowhenua District,Wellington,Rural settlement,Full Primary,,State,98,452,Open
2899,Mangaroa School,93 Flux Road ,,Upper Hutt,5371.0,-41.123065,175.116072,POINT(175.116072 -41.123065),Wellington Region,Upper Hutt City,Wellington,Rural other,Contributing,,State,95,416,Open
2900,Mangatainoka School,2 Makuri Street ,,Mangatainoka,4982.0,-40.417309,175.862935,POINT(175.862935 -40.417309),Manawatū-Whanganui Region,Tararua District,Wellington,Rural other,Full Primary,,State,48,509,Open
2902,Te Kura o Hau Karetu,32 Hillside Drive ,Maoribank,Upper Hutt,5018.0,-41.113502,175.099718,POINT(175.099718 -41.113502),Wellington Region,Upper Hutt City,Wellington,Large urban area,Contributing,,State,147,527,Open
2903,Maraeroa School,47 Driver Crescent ,Porirua East,Porirua,5024.0,-41.140694,174.872227,POINT(174.872227 -41.140694),Wellington Region,Porirua City,Wellington,Large urban area,Contributing,,State,152,515,Open
2904,Holy Cross School (Miramar),2 Athens Street ,Miramar,Wellington,6022.0,-41.317091,174.82005,POINT(174.82005 -41.317091),Wellington Region,Wellington City,Wellington,Major urban area,Full Primary,,State : Integrated,177,418,Open
2906,Martinborough School,Dublin Street ,,Martinborough,5711.0,-41.218711,175.452717,POINT(175.452717 -41.218711),Wellington Region,South Wairarapa District,Wellington,Small urban area,Full Primary,,State,245,433,Open
2909,Masterton Intermediate,38 Intermediate Street ,,Masterton,5840.0,-40.956936,175.640523,POINT(175.640523 -40.956936),Wellington Region,Masterton District,Wellington,Medium urban area,Intermediate,,State,335,483,Open
2911,Mauriceville School,1378 Opaki Kaiparoro Road ,,Mauriceville,5882.0,-40.775214,175.702162,POINT(175.702162 -40.775214),Wellington Region,Masterton District,Wellington,Rural other,Full Primary,,State,10,505,Open
2912,Mayfield School (Blenheim),79 Hutcheson Street ,Mayfield,Blenheim,7201.0,-41.499975,173.95493,POINT(173.95493 -41.499975),Marlborough Region,Marlborough District,"Nelson, Marlborough, West Coast",Medium urban area,Contributing,,State,97,517,Open
2915,Miramar Central School,Park Road ,Miramar,Wellington,6243.0,-41.314335,174.818705,POINT(174.818705 -41.314335),Wellington Region,Wellington City,Wellington,Major urban area,Contributing,,State,170,415,Open
2916,Miramar North School,Weka Street ,Miramar,Wellington,6022.0,-41.303907,174.824236,POINT(174.824236 -41.303907),Wellington Region,Wellington City,Wellington,Major urban area,Contributing,,State,232,380,Open
2918,Mt Cook School (Wellington),160 Tory Street ,,Wellington,6011.0,-41.297617,174.778693,POINT(174.778693 -41.297617),Wellington Region,Wellington City,Wellington,Major urban area,Full Primary,,State,297,414,Open
2920,Muritai School,Muritai Road ,Eastbourne,Lower Hutt,5013.0,-41.291865,174.89712,POINT(174.89712 -41.291865),Wellington Region,Lower Hutt City,Wellington,Major urban area,Full Primary,,State,332,375,Open
2921,Naenae Intermediate,Walters Street ,Naenae,Lower Hutt,5011.0,-41.196865,174.94465,POINT(174.94465 -41.196865),Wellington Region,Lower Hutt City,Wellington,Major urban area,Intermediate,,State,295,483,Open
2922,Naenae School,Wheatley Street ,Naenae,Lower Hutt,5011.0,-41.204173,174.946045,POINT(174.946045 -41.204173),Wellington Region,Lower Hutt City,Wellington,Major urban area,Contributing,,State,352,529,Open
2923,Natone Park School,6 Kokiri Crescent ,Waitangirua,Porirua,5024.0,-41.130765,174.879629,POINT(174.879629 -41.130765),Wellington Region,Porirua City,Wellington,Large urban area,Contributing,,State,100,525,Open
2924,Newlands Intermediate,Bracken Road ,Newlands,Wellington,6037.0,-41.219122,174.824028,POINT(174.824028 -41.219122),Wellington Region,Wellington City,Wellington,Major urban area,Intermediate,,State,518,398,Open
2925,Newlands School,200 Newlands Road ,Newlands,Wellington,6442.0,-41.224718,174.820918,POINT(174.820918 -41.224718),Wellington Region,Wellington City,Wellington,Major urban area,Contributing,,State,299,386,Open
2926,Newtown School,Mein Street ,Newtown,Wellington,6021.0,-41.311015,174.779604,POINT(174.779604 -41.311015),Wellington Region,Wellington City,Wellington,Major urban area,Contributing,,State,315,417,Open
2927,Ngaio School,45 Abbott Street ,Ngaio,Wellington,6035.0,-41.249282,174.776172,POINT(174.776172 -41.249282),Wellington Region,Wellington City,Wellington,Major urban area,Contributing,,State,275,353,Open
2928,Ngati Toa School,Piko Street ,Titahi Bay,Porirua,5022.0,-41.117482,174.835256,POINT(174.835256 -41.117482),Wellington Region,Porirua City,Wellington,Large urban area,Contributing,,State,129,495,Open
2930,Normandale School,16 Martin Grove ,Normandale,Lower Hutt,5010.0,-41.202414,174.886189,POINT(174.886189 -41.202414),Wellington Region,Lower Hutt City,Wellington,Major urban area,Contributing,,State,132,370,Open
2931,Northland School,14 Harbour View Road ,Northland,Wellington,6012.0,-41.280654,174.760124,POINT(174.760124 -41.280654),Wellington Region,Wellington City,Wellington,Major urban area,Full Primary,,State,219,360,Open
2933,Ohau School,Muhunoa East Road ,Ohau,Levin,5570.0,-40.662132,175.251628,POINT(175.251628 -40.662132),Manawatū-Whanganui Region,Horowhenua District,Wellington,Rural settlement,Full Primary,,State,154,467,Open
2936,Ōpaki School,36 Waipipi Road ,,Masterton,5871.0,-40.896099,175.661464,POINT(175.661464 -40.896099),Wellington Region,Masterton District,Wellington,Rural other,Full Primary,,State,175,422,Open
2937,Opiki School,566 Tane Road ,Opiki,Palmerston North,4474.0,-40.442991,175.459999,POINT(175.459999 -40.442991),Manawatū-Whanganui Region,Horowhenua District,"Taranaki, Whanganui, Manawatū",Rural other,Full Primary,,State,114,435,Open
2939,Otaki School,Mill Road ,,Ōtaki,5512.0,-40.755141,175.144199,POINT(175.144199 -40.755141),Wellington Region,Kapiti Coast District,Wellington,Small urban area,Contributing,,State,204,528,Open
2941,Our Lady of the Rosary School (Waiwhetu),12-16 Wainui Road ,Waiwhetu,Lower Hutt,5010.0,-41.225611,174.914634,POINT(174.914634 -41.225611),Wellington Region,Lower Hutt City,Wellington,Major urban area,Full Primary,,State : Integrated,265,428,Open
2942,Owhiro Bay School,Happy Valley Road ,Owhiro Bay,Wellington,6023.0,-41.337797,174.759738,POINT(174.759738 -41.337797),Wellington Region,Wellington City,Wellington,Major urban area,Contributing,,State,84,398,Open
2943,Oxford Crescent School,5 Oxford Crescent ,Upper Hutt CBD,Upper Hutt,5018.0,-41.118985,175.07508,POINT(175.07508 -41.118985),Wellington Region,Upper Hutt City,Wellington,Large urban area,Contributing,,State,386,447,Open
2944,Paekākāriki School,Wellington Road ,,Paekakariki,5258.0,-40.982131,174.957503,POINT(174.957503 -40.982131),Wellington Region,Kapiti Coast District,Wellington,Small urban area,Full Primary,,State,98,411,Open
2945,Pahiatua School,21 Albert Street ,,Pahiatua,4910.0,-40.451536,175.839089,POINT(175.839089 -40.451536),Manawatū-Whanganui Region,Tararua District,Wellington,Small urban area,Full Primary,,State,331,478,Open
2946,Papakowhai School,Spey Place ,Papakowhai,Porirua,5024.0,-41.11339,174.867393,POINT(174.867393 -41.11339),Wellington Region,Porirua City,Wellington,Large urban area,Full Primary,,State,469,387,Open
2947,Paparangi School,Beazley Avenue ,Paparangi,Wellington,6037.0,-41.214565,174.819394,POINT(174.819394 -41.214565),Wellington Region,Wellington City,Wellington,Major urban area,Contributing,,State,232,381,Open
2948,Paraparaumu Beach School,Gray Avenue ,,Paraparaumu Beach,5252.0,-40.890536,174.994678,POINT(174.994678 -40.890536),Wellington Region,Kapiti Coast District,Wellington,Medium urban area,Full Primary,,State,468,443,Open
2949,Paraparaumu School,Ruapehu Street ,,Paraparaumu,5032.0,-40.917357,175.008925,POINT(175.008925 -40.917357),Wellington Region,Kapiti Coast District,Wellington,Medium urban area,Full Primary,,State,305,463,Open
2950,Paremata School,Paremata Crescent ,Paremata,Porirua,5024.0,-41.106972,174.86826,POINT(174.86826 -41.106972),Wellington Region,Porirua City,Wellington,Large urban area,Full Primary,,State,311,408,Open
2953,Pauatahanui School,12A Paekakariki Hill Road ,Pauatahanui,Porirua,5381.0,-41.104943,174.916938,POINT(174.916938 -41.104943),Wellington Region,Porirua City,Wellington,Rural other,Full Primary,,State,196,395,Open
2955,Petone Central School,16 Britannia Street ,Petone,Lower Hutt,5046.0,-41.224085,174.880252,POINT(174.880252 -41.224085),Wellington Region,Lower Hutt City,Wellington,Major urban area,Full Primary,,State,192,447,Open
2956,Picton School,5 Buller Street ,,Picton,7220.0,-41.29381,174.001255,POINT(174.001255 -41.29381),Marlborough Region,Marlborough District,"Nelson, Marlborough, West Coast",Small urban area,Contributing,,State,121,493,Open
2957,Pinehaven School,Forest Road ,Pinehaven,Upper Hutt,5019.0,-41.160828,175.015217,POINT(175.015217 -41.160828),Wellington Region,Upper Hutt City,Wellington,Large urban area,Contributing,,State,183,398,Open
2958,Pirinoa School,2782 Lake Ferry Road ,,Pirinoa,5772.0,-41.353011,175.20479,POINT(175.20479 -41.353011),Wellington Region,South Wairarapa District,Wellington,Rural other,Full Primary,,State,36,493,Open
2959,Plateau School,Molloys Road ,Te Marua,Upper Hutt,5018.0,-41.093604,175.132971,POINT(175.132971 -41.093604),Wellington Region,Upper Hutt City,Wellington,Large urban area,Contributing,,State,140,421,Open
2960,Plimmerton School,11 School Road ,Plimmerton,Porirua,5026.0,-41.078997,174.866007,POINT(174.866007 -41.078997),Wellington Region,Porirua City,Wellington,Large urban area,Full Primary,,State,395,396,Open
2961,Pomare School,Partridge Street ,Taita,Lower Hutt,5011.0,-41.172119,174.963542,POINT(174.963542 -41.172119),Wellington Region,Lower Hutt City,Wellington,Major urban area,Contributing,,State,102,515,Open
2962,Pongaroa School,9 Makomako Street ,,Pongaroa,4944.0,-40.541005,176.194459,POINT(176.194459 -40.541005),Manawatū-Whanganui Region,Tararua District,Wellington,Rural settlement,Full Primary,,State,49,485,Open
2963,Porirua East School,8 Martin Street ,Porirua East,Porirua,5024.0,-41.13977,174.84913,POINT(174.84913 -41.13977),Wellington Region,Porirua City,Wellington,Large urban area,Contributing,,State,147,500,Open
2964,Porirua School,Awarua Street ,Elsdon,Porirua,5022.0,-41.129838,174.835301,POINT(174.835301 -41.129838),Wellington Region,Porirua City,Wellington,Large urban area,Contributing,,State,136,509,Open
2965,Poroutawhao School,796 State Highway 1 ,,Levin,5572.0,-40.55271,175.27062,POINT(175.27062 -40.55271),Manawatū-Whanganui Region,Horowhenua District,Wellington,Rural other,Full Primary,,State,95,476,Open
2966,Postgate School,Staithes Drive North ,Whitby,Porirua,5024.0,-41.112681,174.880045,POINT(174.880045 -41.112681),Wellington Region,Porirua City,Wellington,Large urban area,Full Primary,,State,315,461,Open
2967,Pukerua Bay School,Rawhiti Road ,Pukerua Bay,Porirua,5026.0,-41.035405,174.885228,POINT(174.885228 -41.035405),Wellington Region,Porirua City,Wellington,Large urban area,Full Primary,,State,155,412,Open
2968,Maungaraki School,137 Dowse Drive ,Maungaraki,Lower Hutt,5010.0,-41.209627,174.87814,POINT(174.87814 -41.209627),Wellington Region,Lower Hutt City,Wellington,Major urban area,Full Primary,,State,358,379,Open
2969,Randwick School,59 Randwick Road ,Moera,Lower Hutt,5010.0,-41.229325,174.904637,POINT(174.904637 -41.229325),Wellington Region,Lower Hutt City,Wellington,Major urban area,Full Primary,,State,112,504,Open
2970,Rangikura School,95 Conclusion Street ,Ascot Park,Porirua,5024.0,-41.117726,174.871648,POINT(174.871648 -41.117726),Wellington Region,Porirua City,Wellington,Large urban area,Full Primary,,State,360,503,Open
2971,Rapaura School,349 Hammerichs Road ,,Rapaura,7273.0,-41.473052,173.901391,POINT(173.901391 -41.473052),Marlborough Region,Marlborough District,"Nelson, Marlborough, West Coast",Rural other,Full Primary,,State,107,418,Open
2972,Raroa Normal Intermediate,37 Haumia Street ,Johnsonville,Wellington,6440.0,-41.231078,174.800392,POINT(174.800392 -41.231078),Wellington Region,Wellington City,Wellington,Major urban area,Intermediate,,State,527,379,Open
2973,Rata Street School,Rata Street ,Naenae,Lower Hutt,5011.0,-41.199385,174.95653,POINT(174.95653 -41.199385),Wellington Region,Lower Hutt City,Wellington,Major urban area,Contributing,,State,320,507,Open
2974,Raumati Beach School,Raumati Road ,,Raumati Beach,5255.0,-40.919509,174.982948,POINT(174.982948 -40.919509),Wellington Region,Kapiti Coast District,Wellington,Medium urban area,Full Primary,,State,516,423,Open
2975,Raumati South School,54A Matai Road ,,Raumati South,5255.0,-40.933401,174.984759,POINT(174.984759 -40.933401),Wellington Region,Kapiti Coast District,Wellington,Medium urban area,Full Primary,,State,357,411,Open
2976,Redwood School (Tawa),Redwood Avenue ,Tawa,Wellington,5249.0,-41.182092,174.821898,POINT(174.821898 -41.182092),Wellington Region,Wellington City,Wellington,Major urban area,Contributing,,State,306,377,Open
2977,Redwoodtown School,90 Cleghorn Street ,Redwoodtown,Blenheim,7201.0,-41.530202,173.953141,POINT(173.953141 -41.530202),Marlborough Region,Marlborough District,"Nelson, Marlborough, West Coast",Medium urban area,Full Primary,,State,308,493,Open
2978,Renwick School,26 Havelock Street ,,Renwick,7204.0,-41.5082,173.831527,POINT(173.831527 -41.5082),Marlborough Region,Marlborough District,"Nelson, Marlborough, West Coast",Small urban area,Full Primary,,State,424,449,Open
2979,Rewa Rewa School,Padnell Crescent ,Newlands,Wellington,6037.0,-41.220507,174.818949,POINT(174.818949 -41.220507),Wellington Region,Wellington City,Wellington,Major urban area,Contributing,,State,141,392,Open
2980,Te Kura o Tawatawa - Ridgway School,Mornington Road ,Brooklyn,Wellington,6021.0,-41.315749,174.764465,POINT(174.764465 -41.315749),Wellington Region,Wellington City,Wellington,Major urban area,Full Primary,,State,215,380,Open
2981,Riverlands School,21 School Road ,,Blenheim,7274.0,-41.523836,173.98502,POINT(173.98502 -41.523836),Marlborough Region,Marlborough District,"Nelson, Marlborough, West Coast",Medium urban area,Full Primary,,State,175,467,Open
2982,Roseneath School,Maida Vale Road ,Roseneath,Wellington,6011.0,-41.287468,174.802491,POINT(174.802491 -41.287468),Wellington Region,Wellington City,Wellington,Major urban area,Full Primary,,State,71,378,Open
2983,Russell School (Porirua East),18 Fantame Street ,Cannons Creek,Porirua,5024.0,-41.134335,174.872214,POINT(174.872214 -41.134335),Wellington Region,Porirua City,Wellington,Large urban area,Contributing,,State,112,509,Open
2984,Sacred Heart School (Petone),33 Britannia Street ,Petone,Lower Hutt,5012.0,-41.223267,174.880174,POINT(174.880174 -41.223267),Wellington Region,Lower Hutt City,Wellington,Major urban area,Full Primary,,State : Integrated,153,415,Open
2985,Sacred Heart Cathedral School,Guilford Terrace ,Thorndon,Wellington,6011.0,-41.275814,174.77573,POINT(174.77573 -41.275814),Wellington Region,Wellington City,Wellington,Major urban area,Full Primary,,State : Integrated,232,375,Open
2987,Seatoun School,59 Burnham Street ,Seatoun,Wellington,6022.0,-41.326459,174.836841,POINT(174.836841 -41.326459),Wellington Region,Wellington City,Wellington,Major urban area,Full Primary,,State,383,356,Open
2988,Seddon School,Redwood Street ,,Seddon,7210.0,-41.675517,174.072938,POINT(174.072938 -41.675517),Marlborough Region,Marlborough District,"Nelson, Marlborough, West Coast",Rural settlement,Full Primary,,State,127,440,Open
2989,Shannon School,Grey Street ,,Shannon,4821.0,-40.544754,175.414881,POINT(175.414881 -40.544754),Manawatū-Whanganui Region,Horowhenua District,Wellington,Small urban area,Full Primary,,State,127,517,Open
2990,Silverstream School,Whitemans Road ,Silverstream,Upper Hutt,5019.0,-41.148127,175.012662,POINT(175.012662 -41.148127),Wellington Region,Upper Hutt City,Wellington,Large urban area,Contributing,,State,481,393,Open
2991,Solway School,318 Ngaumutawa Road ,Solway,Masterton,5810.0,-40.960548,175.612664,POINT(175.612664 -40.960548),Wellington Region,Masterton District,Wellington,Medium urban area,Contributing,,State,240,463,Open
2992,South End School,275 High Street South ,,Carterton,5713.0,-41.033977,175.519194,POINT(175.519194 -41.033977),Wellington Region,Carterton District,Wellington,Small urban area,Full Primary,,State,191,450,Open
2993,South Featherston School,45 South Featherston Road ,,Featherston,5771.0,-41.13851,175.35182,POINT(175.35182 -41.13851),Wellington Region,South Wairarapa District,Wellington,Rural other,Full Primary,,State,65,457,Open
2994,South Wellington Intermediate,30 Waripori Street ,Newtown,Wellington,6023.0,-41.318187,174.780255,POINT(174.780255 -41.318187),Wellington Region,Wellington City,Wellington,Major urban area,Intermediate,,State,337,400,Open
2995,Spring Creek School,52 Ferry Road ,,Spring Creek,7202.0,-41.458482,173.968679,POINT(173.968679 -41.458482),Marlborough Region,Marlborough District,"Nelson, Marlborough, West Coast",Rural settlement,Contributing,,State,44,498,Open
2996,Springlands School,Murphys Road ,,Blenheim,7201.0,-41.507008,173.932774,POINT(173.932774 -41.507008),Marlborough Region,Marlborough District,"Nelson, Marlborough, West Coast",Medium urban area,Contributing,,State,350,435,Open
2997,St Annes School (Newtown),14 Daniell Street ,Newtown,Wellington,6021.0,-41.311289,174.781642,POINT(174.781642 -41.311289),Wellington Region,Wellington City,Wellington,Major urban area,Full Primary,,State : Integrated,220,435,Open
2998,St Anthony's School (Pahiatua),24 Wakeman Street ,,Pahiatua,4910.0,-40.453435,175.844844,POINT(175.844844 -40.453435),Manawatū-Whanganui Region,Tararua District,Wellington,Small urban area,Full Primary,,State : Integrated,122,441,Open
2999,St Anthony's School (Seatoun),10 Ludlam Street ,Seatoun,Wellington,6022.0,-41.323844,174.829603,POINT(174.829603 -41.323844),Wellington Region,Wellington City,Wellington,Major urban area,Full Primary,,State : Integrated,35,391,Open
3000,St Benedict's School (Khandallah),50 Nicholson Road ,Khandallah,Wellington,6035.0,-41.249506,174.79143,POINT(174.79143 -41.249506),Wellington Region,Wellington City,Wellington,Major urban area,Full Primary,,State : Integrated,209,350,Open
3001,St Bernadette's School (Naenae),190 Naenae Road ,Naenae,Lower Hutt,5011.0,-41.201424,174.953131,POINT(174.953131 -41.201424),Wellington Region,Lower Hutt City,Wellington,Major urban area,Full Primary,,State : Integrated,125,488,Open
3004,St Brendan's School (Heretaunga),56 Palmer Crescent ,Heretaunga,Upper Hutt,5019.0,-41.139254,175.0318,POINT(175.0318 -41.139254),Wellington Region,Upper Hutt City,Wellington,Large urban area,Full Primary,,State : Integrated,277,391,Open
3005,St Brigids School (Johnsonville),9-11 Phillip Street ,Johnsonville,Wellington,6037.0,-41.222341,174.801906,POINT(174.801906 -41.222341),Wellington Region,Wellington City,Wellington,Major urban area,Full Primary,,State : Integrated,290,372,Open
3006,St Francis De Sales School (Is Bay),11 Mersey Street ,Island Bay,Wellington,6023.0,-41.337887,174.77506,POINT(174.77506 -41.337887),Wellington Region,Wellington City,Wellington,Major urban area,Full Primary,,State : Integrated,196,395,Open
3007,St Francis Xavier School (Tawa),Main Road ,Tawa,Wellington,5028.0,-41.179001,174.824816,POINT(174.824816 -41.179001),Wellington Region,Wellington City,Wellington,Major urban area,Contributing,,State : Integrated,157,402,Open
3008,St Joseph's School (Levin),48 Weraroa Road ,,Levin,5540.0,-40.624201,175.278813,POINT(175.278813 -40.624201),Manawatū-Whanganui Region,Horowhenua District,Wellington,Medium urban area,Full Primary,,State : Integrated,184,462,Open
3011,St Joseph's School (Upper Hutt),Pine Avenue ,,Upper Hutt,5140.0,-41.123463,175.068515,POINT(175.068515 -41.123463),Wellington Region,Upper Hutt City,Wellington,Large urban area,Full Primary,,State : Integrated,552,411,Open
3012,St Mary's School (Blenheim),3 Stephenson Street ,,Blenheim,7201.0,-41.517618,173.952782,POINT(173.952782 -41.517618),Marlborough Region,Marlborough District,"Nelson, Marlborough, West Coast",Medium urban area,Full Primary,,State : Integrated,171,440,Open
3013,St Mary's School (Carterton),4 King Street ,,Carterton,5713.0,-41.03069,175.523697,POINT(175.523697 -41.03069),Wellington Region,Carterton District,Wellington,Small urban area,Full Primary,,State : Integrated,134,433,Open
3015,St Michael's School (Taita),Cooper Street ,Taita,Lower Hutt,5011.0,-41.177116,174.960972,POINT(174.960972 -41.177116),Wellington Region,Lower Hutt City,Wellington,Major urban area,Full Primary,,State : Integrated,127,476,Open
3016,St Patrick's School (Masterton),132 Chapel Street ,,Masterton,5842.0,-40.95265,175.653523,POINT(175.653523 -40.95265),Wellington Region,Masterton District,Wellington,Medium urban area,Contributing,,State : Integrated,217,439,Open
3017,Our Lady of Kapiti School,20 Milne Drive ,,Paraparaumu,5032.0,-40.907413,174.996503,POINT(174.996503 -40.907413),Wellington Region,Kapiti Coast District,Wellington,Medium urban area,Full Primary,,State : Integrated,300,402,Open
3018,St Claudine Thevenet School,Rata Street ,Wainuiomata,Lower Hutt,5014.0,-41.257632,174.938944,POINT(174.938944 -41.257632),Wellington Region,Lower Hutt City,Wellington,Major urban area,Full Primary,,State : Integrated,189,447,Open
3019,St Patrick's School (Kilbirnie),5 Childers Terrace ,Kilbirnie,Wellington,6022.0,-41.3172,174.794345,POINT(174.794345 -41.3172),Wellington Region,Wellington City,Wellington,Major urban area,Full Primary,,State : Integrated,125,433,Open
3020,St Peter Chanel School (Otaki),Convent Road ,,Ōtaki,5512.0,-40.746593,175.142068,POINT(175.142068 -40.746593),Wellington Region,Kapiti Coast District,Wellington,Small urban area,Full Primary,,State : Integrated,20,562,Open
3021,Sts Peter and Paul School (L Hutt),Myrtle Street ,,Lower Hutt,5010.0,-41.211464,174.905744,POINT(174.905744 -41.211464),Wellington Region,Lower Hutt City,Wellington,Major urban area,Full Primary,,State : Integrated,442,380,Open
3022,St Pius X School (Titahi Bay),Tuki Street ,Titahi Bay,Porirua,5242.0,-41.111479,174.836614,POINT(174.836614 -41.111479),Wellington Region,Porirua City,Wellington,Large urban area,Contributing,,State : Integrated,16,477,Open
3023,St Teresa's School (Featherston),63 Bell Street ,,Featherston,5710.0,-41.115136,175.328753,POINT(175.328753 -41.115136),Wellington Region,South Wairarapa District,Wellington,Small urban area,Full Primary,,State : Integrated,117,453,Open
3024,St Teresa's School (Karori),299 Karori Road ,Karori,Wellington,6012.0,-41.28588,174.734099,POINT(174.734099 -41.28588),Wellington Region,Wellington City,Wellington,Major urban area,Full Primary,,State : Integrated,125,390,Open
3025,St Theresa's School (Plimmerton),James Street ,Plimmerton,Porirua,5026.0,-41.084429,174.869303,POINT(174.869303 -41.084429),Wellington Region,Porirua City,Wellington,Large urban area,Contributing,,State : Integrated,199,368,Open
3029,Tairangi School,Omapere Street ,Waitangirua,Porirua,5024.0,-41.121953,174.881475,POINT(174.881475 -41.121953),Wellington Region,Porirua City,Wellington,Large urban area,Full Primary,,State,142,512,Open
3030,Taita Central School,33A Churton Crescent ,Taita,Lower Hutt,5011.0,-41.180931,174.955351,POINT(174.955351 -41.180931),Wellington Region,Lower Hutt City,Wellington,Major urban area,Contributing,,State,116,504,Open
3031,Avalon Intermediate,1041 High Street ,Avalon,Lower Hutt,5011.0,-41.188995,174.950964,POINT(174.950964 -41.188995),Wellington Region,Lower Hutt City,Wellington,Major urban area,Intermediate,,State,172,509,Open
3032,Taitoko School,Kinross Street ,,Levin,5540.0,-40.638307,175.289795,POINT(175.289795 -40.638307),Manawatū-Whanganui Region,Horowhenua District,Wellington,Medium urban area,Full Primary,,State,242,541,Open
3034,Tawa Intermediate,Ranui Terrace ,Tawa,Wellington,5028.0,-41.163939,174.832994,POINT(174.832994 -41.163939),Wellington Region,Wellington City,Wellington,Major urban area,Intermediate,,State,453,426,Open
3035,Tawa School,Oxford Street ,Tawa,Wellington,5028.0,-41.173149,174.825895,POINT(174.825895 -41.173149),Wellington Region,Wellington City,Wellington,Major urban area,Full Primary,,State,413,426,Open
3036,Tawhai School,69 Glen Road ,Stokes Valley,Lower Hutt,5019.0,-41.172627,174.988098,POINT(174.988098 -41.172627),Wellington Region,Lower Hutt City,Wellington,Major urban area,Contributing,,State,331,438,Open
3037,Te Aro School,360 The Terrace ,Te Aro,Wellington,6011.0,-41.293332,174.769203,POINT(174.769203 -41.293332),Wellington Region,Wellington City,Wellington,Major urban area,Full Primary,,State,210,398,Open
3038,Te Horo School (Otaki),124 School Road ,Te Horo,Ōtaki,5582.0,-40.810554,175.129638,POINT(175.129638 -40.810554),Wellington Region,Kapiti Coast District,Wellington,Rural other,Full Primary,,State,203,425,Open
3040,Thorndon School,20 Turnbull Street ,Thorndon,Wellington,6011.0,-41.273914,174.779963,POINT(174.779963 -41.273914),Wellington Region,Wellington City,Wellington,Major urban area,Full Primary,,State,278,362,Open
3041,Tinui School,25 Charles Street ,Tinui,Masterton,5889.0,-40.877917,176.072881,POINT(176.072881 -40.877917),Wellington Region,Masterton District,Wellington,Rural other,Full Primary,,State,20,466,Open
3043,Titahi Bay Intermediate,Kahutea Terrace ,Titahi Bay,Porirua,5022.0,-41.114252,174.842312,POINT(174.842312 -41.114252),Wellington Region,Porirua City,Wellington,Large urban area,Intermediate,,State,170,504,Open
3044,Titahi Bay North School,47 Jillett Street ,Titahi Bay,Porirua,5242.0,-41.102159,174.843226,POINT(174.843226 -41.102159),Wellington Region,Porirua City,Wellington,Large urban area,Full Primary,,State,123,516,Open
3045,Titahi Bay School,Kura Street ,Titahi Bay,Porirua,5240.0,-41.111639,174.840144,POINT(174.840144 -41.111639),Wellington Region,Porirua City,Wellington,Large urban area,Contributing,,State,368,459,Open
3046,Tokomaru School,5 Tokomaru East Road ,,Tokomaru,4864.0,-40.474947,175.510626,POINT(175.510626 -40.474947),Manawatū-Whanganui Region,Horowhenua District,"Taranaki, Whanganui, Manawatū",Rural settlement,Full Primary,,State,71,490,Open
3048,Totara Park School,16 California Drive ,Totara Park,Upper Hutt,5018.0,-41.110988,175.082547,POINT(175.082547 -41.110988),Wellington Region,Upper Hutt City,Wellington,Large urban area,Contributing,,State,222,441,Open
3050,Tua Marina School,Campbells Road ,,Blenheim,7246.0,-41.42944,173.962221,POINT(173.962221 -41.42944),Marlborough Region,Marlborough District,"Nelson, Marlborough, West Coast",Rural settlement,Full Primary,,State,94,432,Open
3051,Tui Glen School,126 Stokes Valley Road ,Stokes Valley,Lower Hutt,5019.0,-41.169496,174.983215,POINT(174.983215 -41.169496),Wellington Region,Lower Hutt City,Wellington,Major urban area,Full Primary,,State,178,524,Open
3053,Upper Hutt School,49 Martin Street ,Wallaceville,Upper Hutt,5018.0,-41.12642,175.064807,POINT(175.064807 -41.12642),Wellington Region,Upper Hutt City,Wellington,Large urban area,Contributing,,State,440,436,Open
3055,Wadestown School,Rose Street ,Wadestown,Wellington,6012.0,-41.262739,174.767833,POINT(174.767833 -41.262739),Wellington Region,Wellington City,Wellington,Major urban area,Full Primary,,State,249,349,Open
3056,Waikanae School,Seddon Street ,,Waikanae,5036.0,-40.876317,175.069658,POINT(175.069658 -40.876317),Wellington Region,Kapiti Coast District,Wellington,Medium urban area,Full Primary,,State,457,437,Open
3057,Waikawa Bay School,282 Waikawa Road ,,Picton,7220.0,-41.271638,174.037993,POINT(174.037993 -41.271638),Marlborough Region,Marlborough District,"Nelson, Marlborough, West Coast",Small urban area,Contributing,,State,144,460,Open
3059,Wainuiomata Primary School,Homedale Road ,Wainuiomata,Lower Hutt,5049.0,-41.275343,174.955785,POINT(174.955785 -41.275343),Wellington Region,Lower Hutt City,Wellington,Major urban area,Contributing,,State,246,484,Open
3060,Wainuioru School,1340 Masterton Stronvar Road ,Wainuioru,Masterton,5890.0,-41.037253,175.809549,POINT(175.809549 -41.037253),Wellington Region,Masterton District,Wellington,Rural other,Full Primary,,State,85,413,Open
3062,Wairau Valley School (Blenheim),30 Morse Street ,Wairau Valley,Blenheim,7271.0,-41.562571,173.527347,POINT(173.527347 -41.562571),Marlborough Region,Marlborough District,"Nelson, Marlborough, West Coast",Rural settlement,Full Primary,,State,31,461,Open
3064,Waitaria Bay School,5668 Kenepuru Road ,,Picton,7282.0,-41.158283,174.044022,POINT(174.044022 -41.158283),Marlborough Region,Marlborough District,"Nelson, Marlborough, West Coast",Rural other,Full Primary,,State,12,449,Open
3065,Waitohu School,21 Waitohu Valley Road ,,Ōtaki,5512.0,-40.756271,175.167624,POINT(175.167624 -40.756271),Wellington Region,Kapiti Coast District,Wellington,Small urban area,Contributing,,State,233,486,Open
3067,Ward School,Duncan Street ,,Ward,7248.0,-41.826488,174.13992,POINT(174.13992 -41.826488),Marlborough Region,Marlborough District,"Nelson, Marlborough, West Coast",Rural settlement,Full Primary,,State,55,437,Open
3068,Waterloo School,Hardy Street ,Waterloo,Lower Hutt,5011.0,-41.21539,174.924381,POINT(174.924381 -41.21539),Wellington Region,Lower Hutt City,Wellington,Major urban area,Contributing,,State,512,391,Open
3070,Whareama School,82 Langdale Road ,,Masterton,5872.0,-40.955741,176.032192,POINT(176.032192 -40.955741),Wellington Region,Masterton District,Wellington,Rural other,Full Primary,,State,50,451,Open
3071,Whitney Street School,Whitney Street ,,Blenheim,7201.0,-41.519959,173.948782,POINT(173.948782 -41.519959),Marlborough Region,Marlborough District,"Nelson, Marlborough, West Coast",Medium urban area,Contributing,,State,369,474,Open
3072,Wilford School,William Street ,Petone,Lower Hutt,5012.0,-41.223419,174.890736,POINT(174.890736 -41.223419),Wellington Region,Lower Hutt City,Wellington,Major urban area,Full Primary,,State,207,428,Open
3073,Ōtari School,166 Wilton Road ,Wilton,Wellington,6012.0,-41.268241,174.756417,POINT(174.756417 -41.268241),Wellington Region,Wellington City,Wellington,Major urban area,Full Primary,,State,198,393,Open
3074,Windley School,146 Mungavin Avenue ,Porirua East,Porirua,5024.0,-41.140932,174.859128,POINT(174.859128 -41.140932),Wellington Region,Porirua City,Wellington,Large urban area,Full Primary,,State,183,529,Open
3075,Witherlea School,214-216 Weld Street ,Witherlea,Blenheim,7201.0,-41.540592,173.955381,POINT(173.955381 -41.540592),Marlborough Region,Marlborough District,"Nelson, Marlborough, West Coast",Medium urban area,Contributing,,State,388,415,Open
3077,Worser Bay School,168 Seatoun Heights Road ,Seatoun,Wellington,6022.0,-41.312846,174.827109,POINT(174.827109 -41.312846),Wellington Region,Wellington City,Wellington,Major urban area,Contributing,,State,110,351,Open
3100,TKKM o Te Hiringa,12-24 Tainui Street ,,Tokoroa,3420.0,-38.237982,175.859137,POINT(175.859137 -38.237982),Waikato Region,South Waikato District,Waikato,Medium urban area,Composite,,State,135,525,Open
3101,Te Kura ā Iwi o Whakatupuranga Rua Mano,143 Tasman Road ,,Ōtaki,5542.0,-40.750958,175.133546,POINT(175.133546 -40.750958),Wellington Region,Kapiti Coast District,Wellington,Small urban area,Composite,,State,204,504,Open
3102,TKKM o Waiuku,100 Creamery Road ,,Auckland,2683.0,-37.214463,174.675433,POINT(174.675433 -37.214463),Auckland Region,Franklin Local Board Area,Tāmaki Herenga Waka,Rural other,Full Primary,,State,25,472,Open
3103,TKKM o Hurungaterangi,114 Sunset Road ,Mangakakahi,Rotorua,3044.0,-38.138376,176.22598,POINT(176.22598 -38.138376),Bay of Plenty Region,Rotorua District,"Bay of Plenty, Waiariki",Large urban area,Composite,,State,92,550,Open
3104,TKKM o Te Kotuku,92 Simpson Road ,Ranui,Auckland,650.0,-36.875379,174.59757,POINT(174.59757 -36.875379),Auckland Region,Henderson-Massey Local Board Area,Tāmaki Herenga Tāngata,Major urban area,Full Primary,,State,139,509,Open
3106,TKKM o Whangaroa,2209 Wainui Road ,Matauri Bay,Northland,478.0,-35.041691,173.895554,POINT(173.895554 -35.041691),Northland Region,Far North District,Tai Tokerau,Rural settlement,Composite,,State,29,540,Open
3107,TKKM o Te Ara Hou,22 Wycliffe Street ,Onekawa,Napier,4110.0,-39.509898,176.891879,POINT(176.891879 -39.509898),Hawke's Bay Region,Napier City,"Hawke's Bay, Tairāwhiti",Large urban area,Composite,,State,241,525,Open
3113,Te Wharekura o Manurewa,119 Katikati Drive ,Manurewa,Auckland,2242.0,-37.015241,174.868451,POINT(174.868451 -37.015241),Auckland Region,Manurewa Local Board Area,Tāmaki Herenga Waka,Major urban area,Secondary (Year 9-15),,State,76,547,Open
3114,TKKM o Pukemiro,14 Norman Senn Ave ,,Kaitaia,441.0,-35.123178,173.259189,POINT(173.259189 -35.123178),Northland Region,Far North District,Tai Tokerau,Small urban area,Composite,,State,150,537,Open
3115,Te Wharekura o Te Rau Aroha,5453 State Highway 27 ,,Waitoa,3440.0,-37.668709,175.675173,POINT(175.675173 -37.668709),Waikato Region,Matamata-Piako District,Waikato,Rural other,Composite,,State,138,539,Open
3117,Te Kura Kaupapa Māori o Hokianga,68 Koutu Point Road ,,Opononi,473.0,-35.473084,173.406341,POINT(173.406341 -35.473084),Northland Region,Far North District,Tai Tokerau,Rural other,Composite,,State,139,521,Open
3118,Te Kura Kaupapa Maori o Taumarunui,35 Makere Street ,,Taumarunui,3946.0,-38.887056,175.295105,POINT(175.295105 -38.887056),Manawatū-Whanganui Region,Ruapehu District,Waikato,Small urban area,Composite,,State,95,531,Open
3119,TKKM o Kawakawa mai Tawhiti,22 Wharf Road ,,Hicks Bay,4054.0,-37.591403,178.291791,POINT(178.291791 -37.591403),Gisborne Region,Gisborne District,"Hawke's Bay, Tairāwhiti",Rural settlement,Composite,,State,84,523,Open
3180,Appleby School,19 Moutere Highway ,,Tasman,7081.0,-41.306922,173.119986,POINT(173.119986 -41.306922),Tasman Region,Tasman District,"Nelson, Marlborough, West Coast",Rural other,Full Primary,,State,143,430,Open
3181,Auckland Point School,111 Haven Road ,,Nelson,7010.0,-41.268292,173.277868,POINT(173.277868 -41.268292),Nelson Region,Nelson City,"Nelson, Marlborough, West Coast",Large urban area,Contributing,,State,84,501,Open
3182,Birchwood School,15 Durham Street ,Stoke,Nelson,7011.0,-41.306739,173.224448,POINT(173.224448 -41.306739),Nelson Region,Nelson City,"Nelson, Marlborough, West Coast",Large urban area,Contributing,,State,234,456,Open
3183,Brightwater School,106 Ellis Street ,,Brightwater,7022.0,-41.37914,173.112957,POINT(173.112957 -41.37914),Tasman Region,Tasman District,"Nelson, Marlborough, West Coast",Small urban area,Contributing,,State,239,439,Open
3184,Broadgreen Intermediate,193 Nayland Road ,Stoke,Nelson,7011.0,-41.306113,173.232856,POINT(173.232856 -41.306113),Nelson Region,Nelson City,"Nelson, Marlborough, West Coast",Large urban area,Intermediate,,State,485,471,Open
3185,Brooklyn School (Motueka),Umukuri Road ,Brooklyn,Motueka,7198.0,-41.09507,172.971174,POINT(172.971174 -41.09507),Tasman Region,Tasman District,"Nelson, Marlborough, West Coast",Rural other,Full Primary,,State,139,450,Open
3186,Canvastown School,Main Road ,,Canvastown,7178.0,-41.288827,173.668124,POINT(173.668124 -41.288827),Marlborough Region,Marlborough District,"Nelson, Marlborough, West Coast",Rural other,Full Primary,,State,46,467,Open
3187,Clifton Terrace School,888 Atawhai Drive ,,Nelson,7010.0,-41.224653,173.322845,POINT(173.322845 -41.224653),Nelson Region,Nelson City,"Nelson, Marlborough, West Coast",Large urban area,Contributing,,State,271,406,Open
3188,Dovedale School,1220 Dovedale Road ,,Tasman,7096.0,-41.287343,172.894626,POINT(172.894626 -41.287343),Tasman Region,Tasman District,"Nelson, Marlborough, West Coast",Rural other,Full Primary,,State,21,447,Open
3189,Enner Glynn School,10 The Ridgeway ,Stoke,Nelson,7011.0,-41.30557,173.253976,POINT(173.253976 -41.30557),Nelson Region,Nelson City,"Nelson, Marlborough, West Coast",Large urban area,Contributing,,State,313,425,Open
3192,Granity School,83 Torea Street ,,Granity,7823.0,-41.630018,171.85248,POINT(171.85248 -41.630018),West Coast Region,Buller District,"Nelson, Marlborough, West Coast",Rural settlement,Full Primary,,State,30,531,Open
3193,Hampden Street School,250 Hampden Street ,,Nelson,7010.0,-41.284804,173.277316,POINT(173.277316 -41.284804),Nelson Region,Nelson City,"Nelson, Marlborough, West Coast",Large urban area,Contributing,,State,435,424,Open
3194,Henley School (Nelson),56A William Street ,,Richmond,7020.0,-41.341242,173.195159,POINT(173.195159 -41.341242),Tasman Region,Tasman District,"Nelson, Marlborough, West Coast",Medium urban area,Contributing,,State,483,430,Open
3195,Hira School,800 State Highway 6 ,,Nelson,7071.0,-41.216183,173.394417,POINT(173.394417 -41.216183),Nelson Region,Nelson City,"Nelson, Marlborough, West Coast",Rural other,Contributing,,State,43,442,Open
3196,Hope School,316 Paton Road ,,Hope,7081.0,-41.369201,173.145106,POINT(173.145106 -41.369201),Tasman Region,Tasman District,"Nelson, Marlborough, West Coast",Small urban area,Contributing,,State,87,429,Open
3199,Lake Rotoiti School,State Highway 63 ,,Nelson,7072.0,-41.801592,172.85158,POINT(172.85158 -41.801592),Tasman Region,Tasman District,"Nelson, Marlborough, West Coast",Rural settlement,Full Primary,,State,17,430,Open
3200,Lower Moutere School,8 School Road ,,Lower Moutere,7175.0,-41.154344,172.995271,POINT(172.995271 -41.154344),Tasman Region,Tasman District,"Nelson, Marlborough, West Coast",Rural other,Full Primary,,State,214,474,Open
3201,Mahana School,15 Mahana School Road ,,Mahana,7173.0,-41.26635,173.044234,POINT(173.044234 -41.26635),Tasman Region,Tasman District,"Nelson, Marlborough, West Coast",Rural other,Full Primary,,State,53,414,Open
3202,Maitai School,93 Tasman Street ,,Nelson,7010.0,-41.273325,173.291893,POINT(173.291893 -41.273325),Nelson Region,Nelson City,"Nelson, Marlborough, West Coast",Large urban area,Specialist School,Day Specialist,State,58,484,Open
3203,Mapua School,4 Stafford Drive ,,Mapua,7005.0,-41.246728,173.090942,POINT(173.090942 -41.246728),Tasman Region,Tasman District,"Nelson, Marlborough, West Coast",Small urban area,Full Primary,,State,238,398,Open
3204,Maruia School,State Highway 65 ,,Maruia,7062.0,-42.187481,172.220716,POINT(172.220716 -42.187481),West Coast Region,Buller District,"Nelson, Marlborough, West Coast",Rural other,Full Primary,,State,17,445,Open
3206,Motueka South School,Courtney Street ,,Motueka,7143.0,-41.127726,173.008469,POINT(173.008469 -41.127726),Tasman Region,Tasman District,"Nelson, Marlborough, West Coast",Small urban area,Full Primary,,State,170,455,Open
3207,Motupipi School,435 Abel Tasman Drive ,Motupipi,Takaka,7183.0,-40.852913,172.851265,POINT(172.851265 -40.852913),Tasman Region,Tasman District,"Nelson, Marlborough, West Coast",Rural other,Contributing,,State,83,426,Open
3208,Nayland Primary School,225 Nayland Road ,Stoke,Nelson,7011.0,-41.307038,173.231984,POINT(173.231984 -41.307038),Nelson Region,Nelson City,"Nelson, Marlborough, West Coast",Large urban area,Contributing,,State,366,462,Open
3209,Nelson Central School,Nile Street ,,Nelson,7010.0,-41.277564,173.28919,POINT(173.28919 -41.277564),Nelson Region,Nelson City,"Nelson, Marlborough, West Coast",Large urban area,Contributing,,State,377,425,Open
3210,Nelson Intermediate,112 Tipahi Street ,,Nelson,7010.0,-41.28928,173.267367,POINT(173.267367 -41.28928),Nelson Region,Nelson City,"Nelson, Marlborough, West Coast",Large urban area,Intermediate,,State,415,454,Open
3212,Ngatimoti School,4 Greenhill Road ,,Motueka,7196.0,-41.202591,172.875575,POINT(172.875575 -41.202591),Tasman Region,Tasman District,"Nelson, Marlborough, West Coast",Rural other,Full Primary,,State,69,437,Open
3213,Parklands School (Motueka),Pah Street ,,Motueka,7143.0,-41.110341,173.009272,POINT(173.009272 -41.110341),Tasman Region,Tasman District,"Nelson, Marlborough, West Coast",Small urban area,Full Primary,,State,199,503,Open
3214,Ranzau School,111 Ranzau Road ,,Hope,7020.0,-41.348834,173.148589,POINT(173.148589 -41.348834),Tasman Region,Tasman District,"Nelson, Marlborough, West Coast",Rural other,Contributing,,State,108,433,Open
3216,Richmond School (Nelson),14 Cambridge Street ,Richmond,Nelson,7020.0,-41.33948,173.182011,POINT(173.182011 -41.33948),Tasman Region,Tasman District,"Nelson, Marlborough, West Coast",Medium urban area,Contributing,,State,500,455,Open
3217,Riwaka School,School Road ,,Riwaka,7198.0,-41.076405,172.999162,POINT(172.999162 -41.076405),Tasman Region,Tasman District,"Nelson, Marlborough, West Coast",Rural settlement,Full Primary,,State,134,450,Open
3219,Sacred Heart School (Reefton),Walsh Street ,,Reefton,7830.0,-42.117611,171.867433,POINT(171.867433 -42.117611),West Coast Region,Buller District,"Nelson, Marlborough, West Coast",Small urban area,Full Primary,,State : Integrated,21,451,Open
3220,St Canice's School (Westport),24 A Brougham Street ,,Westport,7825.0,-41.754884,171.605557,POINT(171.605557 -41.754884),West Coast Region,Buller District,"Nelson, Marlborough, West Coast",Small urban area,Full Primary,,State : Integrated,142,436,Open
3221,St Joseph's School (Nelson),1/18 Manuka Street ,,Nelson,7010.0,-41.278585,173.287786,POINT(173.287786 -41.278585),Nelson Region,Nelson City,"Nelson, Marlborough, West Coast",Large urban area,Full Primary,,State : Integrated,356,401,Open
3222,St Peter Chanel School (Motueka),423 High Street ,,Motueka,7120.0,-41.126308,173.010998,POINT(173.010998 -41.126308),Tasman Region,Tasman District,"Nelson, Marlborough, West Coast",Small urban area,Full Primary,,State : Integrated,90,453,Open
3223,Stoke School,601 Main Road ,Stoke,Nelson,7041.0,-41.316379,173.230619,POINT(173.230619 -41.316379),Nelson Region,Nelson City,"Nelson, Marlborough, West Coast",Large urban area,Contributing,,State,185,484,Open
3224,Tahunanui School,69 Muritai Street ,Tahunanui,Nelson,7011.0,-41.286722,173.245319,POINT(173.245319 -41.286722),Nelson Region,Nelson City,"Nelson, Marlborough, West Coast",Large urban area,Contributing,,State,272,474,Open
3225,Central Takaka School,44 Central Takaka Road ,,Takaka,7183.0,-40.879847,172.820968,POINT(172.820968 -40.879847),Tasman Region,Tasman District,"Nelson, Marlborough, West Coast",Small urban area,Contributing,,State,39,458,Open
3226,Takaka Primary School,9 Wadsworth Street ,,Takaka,7110.0,-40.845511,172.809545,POINT(172.809545 -40.845511),Tasman Region,Tasman District,"Nelson, Marlborough, West Coast",Small urban area,Contributing,,State,127,452,Open
3228,Tasman School,417 Aporo Road ,,Tasman,7173.0,-41.188687,173.049043,POINT(173.049043 -41.188687),Tasman Region,Tasman District,"Nelson, Marlborough, West Coast",Rural settlement,Full Primary,,State,114,414,Open
3229,Upper Moutere School,Main Road ,,Upper Moutere,7144.0,-41.270234,173.004993,POINT(173.004993 -41.270234),Tasman Region,Tasman District,"Nelson, Marlborough, West Coast",Rural other,Full Primary,,State,100,423,Open
3231,Te Puna Wānanga o Te Wairepo – Victory Primary School,214 Vanguard Street ,,Nelson,7010.0,-41.28377,173.269151,POINT(173.269151 -41.28377),Nelson Region,Nelson City,"Nelson, Marlborough, West Coast",Large urban area,Contributing,,State,360,469,Open
3233,Waimea Intermediate,Salisbury Road ,,Richmond,7020.0,-41.339409,173.193919,POINT(173.193919 -41.339409),Tasman Region,Tasman District,"Nelson, Marlborough, West Coast",Medium urban area,Intermediate,,State,550,451,Open
3234,Wakefield School,66 Edward Street ,,Wakefield,7025.0,-41.407999,173.044337,POINT(173.044337 -41.407999),Tasman Region,Tasman District,"Nelson, Marlborough, West Coast",Small urban area,Full Primary,,State,260,440,Open
3235,Westport North School,Cobden Street ,,Westport,7825.0,-41.747607,171.608397,POINT(171.608397 -41.747607),West Coast Region,Buller District,"Nelson, Marlborough, West Coast",Small urban area,Full Primary,,State,194,497,Open
3236,Westport South School,Derby Street ,,Westport,7825.0,-41.76294,171.608386,POINT(171.608386 -41.76294),West Coast Region,Buller District,"Nelson, Marlborough, West Coast",Small urban area,Full Primary,,State,231,479,Open
3270,Sacred Heart School (Christchurch),40 Spencer Street ,Addington,Christchurch,8149.0,-43.546066,172.612757,POINT(172.612757 -43.546066),Canterbury Region,Christchurch City,"Canterbury, Chatham Islands",Major urban area,Full Primary,,State : Integrated,185,404,Open
3271,Addington Te Kura Taumatua,22 Brougham Street ,Addington,Christchurch,8024.0,-43.547858,172.61824,POINT(172.61824 -43.547858),Canterbury Region,Christchurch City,"Canterbury, Chatham Islands",Major urban area,Contributing,,State,340,470,Open
3273,Albury School,48 Queen Street ,,Albury,7984.0,-44.230478,170.87061,POINT(170.87061 -44.230478),Canterbury Region,Mackenzie District,"Canterbury, Chatham Islands",Rural other,Contributing,,State,24,435,Open
3274,Allenton School,110 Harrison Street ,Allenton,Ashburton,7700.0,-43.885885,171.741452,POINT(171.741452 -43.885885),Canterbury Region,Ashburton District,"Canterbury, Chatham Islands",Medium urban area,Contributing,,State,437,440,Open
3275,Pītau-Allenvale School,1A Treedale Street ,Belfast,Christchurch,8051.0,-43.448622,172.625248,POINT(172.625248 -43.448622),Canterbury Region,Christchurch City,"Canterbury, Chatham Islands",Major urban area,Specialist School,Day Specialist,State,135,466,Open
3276,Amberley School,2 Lawcocks Road ,,Amberley,7410.0,-43.152379,172.723044,POINT(172.723044 -43.152379),Canterbury Region,Hurunui District,"Canterbury, Chatham Islands",Small urban area,Full Primary,,State,244,463,Open
3280,Arowhenua Maori School,33 Huirapa Street ,Arowhenua,Temuka,7985.0,-44.255105,171.270848,POINT(171.270848 -44.255105),Canterbury Region,Timaru District,"Canterbury, Chatham Islands",Rural other,Full Primary,,State,40,548,Open
3281,Ashburton Borough School,49 Winter Street ,Allenton,Ashburton,7700.0,-43.9024,171.74279,POINT(171.74279 -43.9024),Canterbury Region,Ashburton District,"Canterbury, Chatham Islands",Medium urban area,Full Primary,,State,248,458,Open
3282,Ashburton Intermediate,144 Cass Street ,Netherby,Ashburton,7700.0,-43.901069,171.758827,POINT(171.758827 -43.901069),Canterbury Region,Ashburton District,"Canterbury, Chatham Islands",Medium urban area,Intermediate,,State,436,474,Open
3283,Ashburton Netherby School,51 Brucefield Avenue ,Netherby,Ashburton,7700.0,-43.896402,171.765981,POINT(171.765981 -43.896402),Canterbury Region,Ashburton District,"Canterbury, Chatham Islands",Medium urban area,Contributing,,State,189,501,Open
3284,Tūtira Ashgrove School,48 Seddon Street ,Southbrook,Rangiora,7400.0,-43.29992,172.581525,POINT(172.581525 -43.29992),Canterbury Region,Waimakariri District,"Canterbury, Chatham Islands",Medium urban area,Full Primary,,State,424,442,Open
3285,Ashley Rakahuri School,Boundary Road ,Ashley,Rangiora,7440.0,-43.274067,172.596264,POINT(172.596264 -43.274067),Canterbury Region,Waimakariri District,"Canterbury, Chatham Islands",Rural other,Full Primary,,State,184,444,Open
3287,Avonhead School - Rakipaoa,55 Avonhead Road ,Avonhead,Christchurch,8042.0,-43.524102,172.559497,POINT(172.559497 -43.524102),Canterbury Region,Christchurch City,"Canterbury, Chatham Islands",Major urban area,Full Primary,,State,591,406,Open
3288,Ngutuawa School,10 Gould Crescent ,Woolston,Christchurch,8023.0,-43.554159,172.687455,POINT(172.687455 -43.554159),Canterbury Region,Christchurch City,"Canterbury, Chatham Islands",Major urban area,Full Primary,,State,136,526,Open
3289,Pareawa Banks Avenue School,57 Averill Street ,Richmond,Christchurch,8013.0,-43.512915,172.660004,POINT(172.660004 -43.512915),Canterbury Region,Christchurch City,"Canterbury, Chatham Islands",Major urban area,Contributing,,State,357,466,Open
3290,Barrytown School,21 Cargill Road ,,Barrytown,7873.0,-42.244796,171.324208,POINT(171.324208 -42.244796),West Coast Region,Grey District,"Nelson, Marlborough, West Coast",Rural other,Full Primary,,State,37,470,Open
3291,Beckenham Te Kura o Pūroto,71 Sandwich Road ,Beckenham,Christchurch,8023.0,-43.562877,172.645488,POINT(172.645488 -43.562877),Canterbury Region,Christchurch City,"Canterbury, Chatham Islands",Major urban area,Full Primary,,State,472,412,Open
3292,Pūtahi Belfast School,700 Main North Road ,Belfast,Christchurch,8051.0,-43.453618,172.627302,POINT(172.627302 -43.453618),Canterbury Region,Christchurch City,"Canterbury, Chatham Islands",Major urban area,Full Primary,,State,437,458,Open
3293,Bishopdale School Te Kura o Papakōhatu,465 Greers Road ,Bishopdale,Christchurch,8053.0,-43.486649,172.596248,POINT(172.596248 -43.486649),Canterbury Region,Christchurch City,"Canterbury, Chatham Islands",Major urban area,Contributing,,State,171,521,Open
3295,Blaketown School,90 Blake Street ,Blaketown,Greymouth,7805.0,-42.452586,171.192977,POINT(171.192977 -42.452586),West Coast Region,Grey District,"Nelson, Marlborough, West Coast",Small urban area,Full Primary,,State,86,513,Open
3299,Breens Intermediate,85 Breens Road ,Bishopdale,Christchurch,8051.0,-43.487498,172.577254,POINT(172.577254 -43.487498),Canterbury Region,Christchurch City,"Canterbury, Chatham Islands",Major urban area,Intermediate,,State,273,443,Open
3301,Broadfield School,Cnr Shands & Robinsons Roads ,,Rolleston,7676.0,-43.602804,172.467945,POINT(172.467945 -43.602804),Canterbury Region,Selwyn District,"Canterbury, Chatham Islands",Rural other,Full Primary,,State,146,397,Open
3302,Te Ahuwai Bromley School,33 Keighleys Road ,Bromley,Christchurch,8062.0,-43.536557,172.687055,POINT(172.687055 -43.536557),Canterbury Region,Christchurch City,"Canterbury, Chatham Islands",Major urban area,Contributing,,State,359,513,Open
3303,Broomfield School,115 Mt Brown Road ,,Amberley,7482.0,-43.117264,172.685605,POINT(172.685605 -43.117264),Canterbury Region,Hurunui District,"Canterbury, Chatham Islands",Rural other,Full Primary,,State,135,419,Open
3304,Burnham School - Te Kura o Tiori,56 Godley Road ,,Burnham,7600.0,-43.616299,172.308404,POINT(172.308404 -43.616299),Canterbury Region,Selwyn District,"Canterbury, Chatham Islands",Small urban area,Full Primary,,State,184,474,Open
3305,Tuia Burnside Primary School,96 Memorial Avenue ,Ilam,Christchurch,8053.0,-43.512738,172.581782,POINT(172.581782 -43.512738),Canterbury Region,Christchurch City,"Canterbury, Chatham Islands",Major urban area,Contributing,,State,319,437,Open
3307,Cannington School,794 Cannington Road ,,Cannington,7984.0,-44.357499,170.93677,POINT(170.93677 -44.357499),Canterbury Region,Mackenzie District,"Canterbury, Chatham Islands",Rural other,Full Primary,,State,20,461,Open
3308,Carew Peel Forest School,1051 Ealing Montalto Road ,,Carew,7775.0,-43.960073,171.356948,POINT(171.356948 -43.960073),Canterbury Region,Ashburton District,"Canterbury, Chatham Islands",Rural other,Contributing,,State,78,417,Open
3309,Casebrook Intermediate,Veitches Road ,Casebrook,Christchurch,8051.0,-43.481806,172.603796,POINT(172.603796 -43.481806),Canterbury Region,Christchurch City,"Canterbury, Chatham Islands",Major urban area,Intermediate,,State,441,466,Open
3310,Cashmere Primary Te Pae Kererū,135 Hackthorne Road ,Cashmere,Christchurch,8022.0,-43.576418,172.632546,POINT(172.632546 -43.576418),Canterbury Region,Christchurch City,"Canterbury, Chatham Islands",Major urban area,Full Primary,,State,488,368,Open
3313,Chertsey School,83 High Street ,Chertsey,Ashburton,7772.0,-43.804883,171.93764,POINT(171.93764 -43.804883),Canterbury Region,Ashburton District,"Canterbury, Chatham Islands",Rural other,Contributing,,State,36,502,Open
3314,Chisnallwood Intermediate,90 Breezes Road ,Avondale,Christchurch,8061.0,-43.509808,172.688993,POINT(172.688993 -43.509808),Canterbury Region,Christchurch City,"Canterbury, Chatham Islands",Major urban area,Intermediate,,State,410,482,Open
3316,Christ The King School (Burnside),92 Greers Road ,Burnside,Christchurch,8053.0,-43.509154,172.576637,POINT(172.576637 -43.509154),Canterbury Region,Christchurch City,"Canterbury, Chatham Islands",Major urban area,Full Primary,,State : Integrated,317,369,Open
3317,Christchurch East School,311 Gloucester Street ,Christchurch Central,Christchurch,8011.0,-43.529647,172.648358,POINT(172.648358 -43.529647),Canterbury Region,Christchurch City,"Canterbury, Chatham Islands",Major urban area,Full Primary,,State,294,454,Open
3318,Christchurch South Karamata Intermediate School,204 Selwyn Street ,Spreydon,Christchurch,8024.0,-43.552165,172.625329,POINT(172.625329 -43.552165),Canterbury Region,Christchurch City,"Canterbury, Chatham Islands",Major urban area,Intermediate,,State,489,411,Open
3321,Clarkville Te Kura ki Waimātao,10 Heywards Road ,Clarkville,Kaiapoi,7692.0,-43.405997,172.623356,POINT(172.623356 -43.405997),Canterbury Region,Waimakariri District,"Canterbury, Chatham Islands",Rural other,Full Primary,,State,198,429,Open
3322,Cobden School,Fox Street ,Cobden,Greymouth,7802.0,-42.440339,171.211019,POINT(171.211019 -42.440339),West Coast Region,Grey District,"Nelson, Marlborough, West Coast",Small urban area,Full Primary,,State,106,523,Open
3323,Wairarapa Cobham Intermediate,294 Ilam Road ,Fendalton,Christchurch,8053.0,-43.510467,172.583791,POINT(172.583791 -43.510467),Canterbury Region,Christchurch City,"Canterbury, Chatham Islands",Major urban area,Intermediate,,State,670,405,Open
3324,Cotswold Mātāhae School,Cotswold Avenue ,Bishopdale,Christchurch,8053.0,-43.482458,172.587178,POINT(172.587178 -43.482458),Canterbury Region,Christchurch City,"Canterbury, Chatham Islands",Major urban area,Contributing,,State,545,419,Open
3325,Cust School,473 Early's Road ,,Cust,7444.0,-43.312457,172.381037,POINT(172.381037 -43.312457),Canterbury Region,Waimakariri District,"Canterbury, Chatham Islands",Rural settlement,Full Primary,,State,136,412,Open
3326,Darfield School,16 Ross Street ,,Darfield,7510.0,-43.490411,172.106323,POINT(172.106323 -43.490411),Canterbury Region,Selwyn District,"Canterbury, Chatham Islands",Small urban area,Contributing,,State,310,430,Open
3327,Diamond Harbour School,13 Hunters Road ,,Diamond Harbour,8971.0,-43.629962,172.726705,POINT(172.726705 -43.629962),Canterbury Region,Christchurch City,"Canterbury, Chatham Islands",Small urban area,Full Primary,,State,110,412,Open
3329,Dorie School,103 Dorie School Road ,Chertsey,Ashburton,7781.0,-43.865175,172.11665,POINT(172.11665 -43.865175),Canterbury Region,Ashburton District,"Canterbury, Chatham Islands",Rural other,Full Primary,,State,62,414,Open
3331,Dunsandel School,Irvines Road ,,Leeston,7682.0,-43.667584,172.197107,POINT(172.197107 -43.667584),Canterbury Region,Selwyn District,"Canterbury, Chatham Islands",Rural settlement,Contributing,,State,128,426,Open
3332,Duvauchelle School,School Lane ,,Duvauchelle,7545.0,-43.749671,172.932045,POINT(172.932045 -43.749671),Canterbury Region,Christchurch City,"Canterbury, Chatham Islands",Rural settlement,Contributing,,State,25,420,Open
3334,Elmwood Normal School,Aikmans Road ,Merivale,Christchurch,8014.0,-43.513814,172.614755,POINT(172.614755 -43.513814),Canterbury Region,Christchurch City,"Canterbury, Chatham Islands",Major urban area,Contributing,,State,541,376,Open
3335,Fairlie School,21 School Road ,,Fairlie,7925.0,-44.100613,170.826014,POINT(170.826014 -44.100613),Canterbury Region,Mackenzie District,"Canterbury, Chatham Islands",Rural settlement,Contributing,,State,137,437,Open
3336,Fairton School,14 Fairfield Road ,Fairton,Ashburton,7772.0,-43.870492,171.815595,POINT(171.815595 -43.870492),Canterbury Region,Ashburton District,"Canterbury, Chatham Islands",Medium urban area,Contributing,,State,31,460,Open
3338,Tūora Fendalton School,168 Clyde Road ,Burnside,Christchurch,8053.0,-43.517081,172.591149,POINT(172.591149 -43.517081),Canterbury Region,Christchurch City,"Canterbury, Chatham Islands",Major urban area,Contributing,,State,419,371,Open
3339,Ferndale Te Ahu,104 Merivale Lane ,Merivale,Christchurch,8146.0,-43.517086,172.621648,POINT(172.621648 -43.517086),Canterbury Region,Christchurch City,"Canterbury, Chatham Islands",Major urban area,Specialist School,Day Specialist,State,141,521,Open
3340,Fernside School,285 O'Roarkes Road ,Fernside,Rangiora,7471.0,-43.312427,172.53361,POINT(172.53361 -43.312427),Canterbury Region,Waimakariri District,"Canterbury, Chatham Islands",Rural other,Full Primary,,State,261,412,Open
3342,Fox Glacier School,Cook Flat Road ,,Fox Glacier,7859.0,-43.462929,170.008367,POINT(170.008367 -43.462929),West Coast Region,Westland District,"Nelson, Marlborough, West Coast",Rural settlement,Full Primary,,State,5,470,Open
3343,Franz Josef Glacier School,State Highway 6 ,,Franz Josef,7856.0,-43.374446,170.180408,POINT(170.180408 -43.374446),West Coast Region,Westland District,"Nelson, Marlborough, West Coast",Rural settlement,Full Primary,,State,42,422,Open
3346,Gilberthorpe School,221 Buchanan’s Road ,Hei Hei,Christchurch,8042.0,-43.528585,172.51853,POINT(172.51853 -43.528585),Canterbury Region,Christchurch City,"Canterbury, Chatham Islands",Major urban area,Contributing,,State,234,475,Open
3347,Gleniti School,22 Heath Street ,Gleniti,Timaru,7910.0,-44.382757,171.193234,POINT(171.193234 -44.382757),Canterbury Region,Timaru District,"Canterbury, Chatham Islands",Medium urban area,Full Primary,,State,376,414,Open
3348,Glenavy School,19 Ruane Street ,Glenavy,Waimate,7980.0,-44.914546,171.098345,POINT(171.098345 -44.914546),Canterbury Region,Waimate District,"Canterbury, Chatham Islands",Rural settlement,Full Primary,,State,121,446,Open
3352,Glentunnel School,85 Homebush Road ,,Glentunnel,7638.0,-43.482047,171.932435,POINT(171.932435 -43.482047),Canterbury Region,Selwyn District,"Canterbury, Chatham Islands",Rural other,Contributing,,State,101,428,Open
3354,Te Kura o Ōhinetahi - Governors Bay,1 Jetty Road ,,Governors Bay,8971.0,-43.623986,172.64999,POINT(172.64999 -43.623986),Canterbury Region,Christchurch City,"Canterbury, Chatham Islands",Rural settlement,Full Primary,,State,92,386,Open
3357,Greendale School,187 Greendale Road ,,Greendale,7671.0,-43.572742,172.083957,POINT(172.083957 -43.572742),Canterbury Region,Selwyn District,"Canterbury, Chatham Islands",Rural other,Contributing,,State,32,434,Open
3359,Greta Valley School,Motunau Beach ,,Amberley,7483.0,-42.964904,172.977861,POINT(172.977861 -42.964904),Canterbury Region,Hurunui District,"Canterbury, Chatham Islands",Rural other,Full Primary,,State,35,442,Open
3361,Greymouth Main School,Joyce Crescent ,,Greymouth,7805.0,-42.466692,171.197272,POINT(171.197272 -42.466692),West Coast Region,Grey District,"Nelson, Marlborough, West Coast",Small urban area,Full Primary,,State,183,492,Open
3363,Haast School,Jacksons Bay Road ,Hannah's Clearing,Haast,7844.0,-43.940784,168.857148,POINT(168.857148 -43.940784),West Coast Region,Westland District,"Nelson, Marlborough, West Coast",Rural other,Full Primary,,State,9,471,Open
3366,Te Kura o te Tauawa Halswell School,1 School Road ,Halswell,Christchurch,8025.0,-43.590432,172.570711,POINT(172.570711 -43.590432),Canterbury Region,Christchurch City,"Canterbury, Chatham Islands",Major urban area,Full Primary,,State,733,385,Open
3367,Hampstead School,55 Wellington Street ,Hampstead,Ashburton,7700.0,-43.912534,171.760198,POINT(171.760198 -43.912534),Canterbury Region,Ashburton District,"Canterbury, Chatham Islands",Medium urban area,Contributing,,State,309,489,Open
3368,Hanmer Springs School,8 Cheltenham Street ,,Hanmer Springs,7334.0,-42.521958,172.831496,POINT(172.831496 -42.521958),Canterbury Region,Hurunui District,"Canterbury, Chatham Islands",Small urban area,Full Primary,,State,97,426,Open
3369,Hāpuku School,Kincaid Road ,,Kaikoura,7371.0,-42.334217,173.704972,POINT(173.704972 -42.334217),Canterbury Region,Kaikoura District,"Nelson, Marlborough, West Coast",Rural other,Full Primary,,State,16,501,Open
3370,Harewood School,721 Harewood Road ,Harewood,Christchurch,8051.0,-43.479772,172.559446,POINT(172.559446 -43.479772),Canterbury Region,Christchurch City,"Canterbury, Chatham Islands",Major urban area,Contributing,,State,160,410,Open
3371,Heathcote Valley School,Bridle Path Road ,Heathcote Valley,Christchurch,8022.0,-43.579876,172.708878,POINT(172.708878 -43.579876),Canterbury Region,Christchurch City,"Canterbury, Chatham Islands",Major urban area,Full Primary,,State,188,424,Open
3372,He Tīwai Mātauranga Heaton Normal Intermediate,125 Heaton Street ,Merivale,Christchurch,nan,-43.510414,172.615408,POINT(172.615408 -43.510414),Canterbury Region,Christchurch City,"Canterbury, Chatham Islands",Major urban area,Intermediate,,State,538,407,Open
3373,Highfield School,Rimu Street ,Glenwood,Timaru,7910.0,-44.390404,171.213467,POINT(171.213467 -44.390404),Canterbury Region,Timaru District,"Canterbury, Chatham Islands",Medium urban area,Full Primary,,State,307,477,Open
3375,Hinds School,50 Reed Street ,Hinds,Ashburton,7775.0,-44.000913,171.565272,POINT(171.565272 -44.000913),Canterbury Region,Ashburton District,"Canterbury, Chatham Islands",Rural settlement,Full Primary,,State,173,434,Open
3376,Hokitika Primary School,230 Park Street ,,Hokitika,7810.0,-42.719004,170.980595,POINT(170.980595 -42.719004),West Coast Region,Westland District,"Nelson, Marlborough, West Coast",Small urban area,Contributing,,State,165,479,Open
3379,Hoon Hay Te Kura Kōaka,91 Sparks Road ,Hoon Hay,Christchurch,8025.0,-43.564866,172.606598,POINT(172.606598 -43.564866),Canterbury Region,Christchurch City,"Canterbury, Chatham Islands",Major urban area,Contributing,,State,443,416,Open
3380,Hornby Primary School,190 Waterloo Road ,Hornby,Christchurch,8042.0,-43.538707,172.522632,POINT(172.522632 -43.538707),Canterbury Region,Christchurch City,"Canterbury, Chatham Islands",Major urban area,Contributing,,State,257,489,Open
3381,Hororata School,2548 Bealey Road ,Hororata,Darfield,7572.0,-43.53945,171.959653,POINT(171.959653 -43.53945),Canterbury Region,Selwyn District,"Canterbury, Chatham Islands",Rural settlement,Contributing,,State,71,432,Open
3384,Ilam School,66 Ilam Road ,Ilam,Christchurch,8041.0,-43.526413,172.579696,POINT(172.579696 -43.526413),Canterbury Region,Christchurch City,"Canterbury, Chatham Islands",Major urban area,Contributing,,State,378,394,Open
3385,Te Kura o Te Mātāpuna Isleworth School,59A Farrington Avenue ,Bishopdale,Christchurch,8053.0,-43.493107,172.582123,POINT(172.582123 -43.493107),Canterbury Region,Christchurch City,"Canterbury, Chatham Islands",Major urban area,Contributing,,State,238,466,Open
3387,Kaingaroa School (Chatham Islands),Kaingaroa Road ,,Chatham Islands,8942.0,-43.735686,-176.26665,POINT(-176.26665 -43.735686),Area Outside Region,Chatham Islands Territory,"Canterbury, Chatham Islands",Rural other,Full Primary,,State,6,501,Open
3388,Kaiapoi Borough School,20 Hilton Street ,,Kaiapoi,7630.0,-43.379062,172.651468,POINT(172.651468 -43.379062),Canterbury Region,Waimakariri District,"Canterbury, Chatham Islands",Medium urban area,Full Primary,,State,372,490,Open
3389,Kaiapoi North School,278 Williams Street ,,Kaiapoi,7630.0,-43.375957,172.663615,POINT(172.663615 -43.375957),Canterbury Region,Waimakariri District,"Canterbury, Chatham Islands",Medium urban area,Full Primary,,State,505,461,Open
3391,Kaikōura Primary School,19 Torquay Street ,Esplanade,Kaikoura,7300.0,-42.408026,173.684082,POINT(173.684082 -42.408026),Canterbury Region,Kaikoura District,"Nelson, Marlborough, West Coast",Small urban area,Contributing,,State,120,471,Open
3392,Kaikōura Suburban School,425 Schoolhouse Road ,,Kaikoura,7371.0,-42.371694,173.638327,POINT(173.638327 -42.371694),Canterbury Region,Kaikoura District,"Nelson, Marlborough, West Coast",Rural other,Contributing,,State,54,450,Open
3393,Kaniere School,16 Camp Street ,Kaniere,Hokitika,7811.0,-42.746201,171.00586,POINT(171.00586 -42.746201),West Coast Region,Westland District,"Nelson, Marlborough, West Coast",Rural settlement,Contributing,,State,111,443,Open
3394,Karoro School,Main South Road ,,Greymouth,7805.0,-42.475879,171.18674,POINT(171.18674 -42.475879),West Coast Region,Grey District,"Nelson, Marlborough, West Coast",Small urban area,Full Primary,,State,170,447,Open
3396,Kahikatea Kirkwood Intermediate,260 Riccarton Road ,Riccarton,Christchurch,8041.0,-43.530607,172.585501,POINT(172.585501 -43.530607),Canterbury Region,Christchurch City,"Canterbury, Chatham Islands",Major urban area,Intermediate,,State,285,430,Open
3397,Kirwee Model School,School Lane ,,Kirwee,7543.0,-43.496674,172.218161,POINT(172.218161 -43.496674),Canterbury Region,Selwyn District,"Canterbury, Chatham Islands",Rural settlement,Contributing,,State,145,420,Open
3398,Kokatahi-Kowhitirangi School,35 Upper Kokatahi Road ,,Hokitika,7881.0,-42.834259,171.03775,POINT(171.03775 -42.834259),West Coast Region,Westland District,"Nelson, Marlborough, West Coast",Rural other,Contributing,,State,37,477,Open
3401,Kumara School,68 Fifth Street ,,Kumara,7832.0,-42.635661,171.187378,POINT(171.187378 -42.635661),West Coast Region,Westland District,"Nelson, Marlborough, West Coast",Rural settlement,Full Primary,,State,47,473,Open
3402,Ladbrooks School,9 Barnes Road ,,Ladbrooks,7674.0,-43.617669,172.532329,POINT(172.532329 -43.617669),Canterbury Region,Selwyn District,"Canterbury, Chatham Islands",Rural other,Full Primary,,State,134,403,Open
3406,Lake Tekapo School,Aorangi Crescent ,,Lake Tekapo,7945.0,-44.005064,170.4748,POINT(170.4748 -44.005064),Canterbury Region,Mackenzie District,"Canterbury, Chatham Islands",Rural settlement,Contributing,,State,36,415,Open
3407,Lauriston School,Church Street ,Lauriston,Ashburton,7772.0,-43.730734,171.778572,POINT(171.778572 -43.730734),Canterbury Region,Ashburton District,"Canterbury, Chatham Islands",Rural other,Contributing,,State,95,399,Open
3410,Leeston School,Selwyn Street ,,Leeston,7632.0,-43.760752,172.297571,POINT(172.297571 -43.760752),Canterbury Region,Selwyn District,"Canterbury, Chatham Islands",Small urban area,Contributing,,State,309,451,Open
3411,Leithfield School Te Kura o Kōwai,Old Main Road ,,Amberley,7481.0,-43.197813,172.740036,POINT(172.740036 -43.197813),Canterbury Region,Hurunui District,"Canterbury, Chatham Islands",Rural settlement,Full Primary,,State,137,448,Open
3412,Lincoln Primary School,130 North Belt ,,Lincoln,7608.0,-43.637105,172.487099,POINT(172.487099 -43.637105),Canterbury Region,Selwyn District,"Canterbury, Chatham Islands",Small urban area,Full Primary,,State,832,407,Open
3413,Te Huarahi Linwood Avenue School,260 Linwood Avenue ,Linwood,Christchurch,8062.0,-43.535284,172.67488,POINT(172.67488 -43.535284),Canterbury Region,Christchurch City,"Canterbury, Chatham Islands",Major urban area,Contributing,,State,337,499,Open
3415,Whītau School,221 Woodham Road ,Linwood,Christchurch,8062.0,-43.524848,172.675792,POINT(172.675792 -43.524848),Canterbury Region,Christchurch City,"Canterbury, Chatham Islands",Major urban area,Contributing,,State,295,513,Open
3418,Little River School,46 Western Valley Road ,,Little River,7591.0,-43.763797,172.795487,POINT(172.795487 -43.763797),Canterbury Region,Christchurch City,"Canterbury, Chatham Islands",Rural settlement,Full Primary,,State,36,423,Open
3419,Loburn School Te Kura Aromauka,73 Hodgsons Road ,Loburn,Rangiora,7472.0,-43.250122,172.530073,POINT(172.530073 -43.250122),Canterbury Region,Waimakariri District,"Canterbury, Chatham Islands",Rural other,Full Primary,,State,173,430,Open
3425,Mairehau Primary School,43 Mahars Road ,,Christchurch,8640.0,-43.49871,172.641415,POINT(172.641415 -43.49871),Canterbury Region,Christchurch City,"Canterbury, Chatham Islands",Major urban area,Full Primary,,State,379,466,Open
3426,Makikihi School,12 Makikihi Station Road ,,Makikihi,7978.0,-44.632039,171.142241,POINT(171.142241 -44.632039),Canterbury Region,Waimate District,"Canterbury, Chatham Islands",Rural settlement,Full Primary,,State,44,478,Open
3429,Te Rito Harakeke - Marshland School,11 Te Korari Street ,Marshland,Christchurch,8083.0,-43.472028,172.664748,POINT(172.664748 -43.472028),Canterbury Region,Christchurch City,"Canterbury, Chatham Islands",Major urban area,Full Primary,,State,591,404,Open
3432,Mayfield School (Mid-Canterbury),14 Lismore Mayfield Road ,,Ashburton,7775.0,-43.823442,171.421329,POINT(171.421329 -43.823442),Canterbury Region,Ashburton District,"Canterbury, Chatham Islands",Rural other,Full Primary,,State,108,442,Open
3434,Merrin School Ngā Whetū Kohara,41 Merrin Street ,Avonhead,Christchurch,8042.0,-43.510497,172.558579,POINT(172.558579 -43.510497),Canterbury Region,Christchurch City,"Canterbury, Chatham Islands",Major urban area,Full Primary,,State,454,398,Open
3436,Methven Primary School,McDonald Street ,,Methven,7730.0,-43.636575,171.650119,POINT(171.650119 -43.636575),Canterbury Region,Ashburton District,"Canterbury, Chatham Islands",Small urban area,Contributing,,State,289,423,Open
3441,Mt Somers Springburn School,78 Ashburton Gorge Road ,Mount Somers,Ashburton,7771.0,-43.704789,171.402382,POINT(171.402382 -43.704789),Canterbury Region,Ashburton District,"Canterbury, Chatham Islands",Rural settlement,Full Primary,,State,78,439,Open
3442,Aoraki Mount Cook School,"5 Sebastopol Drive, Aoraki ",,Mt Cook,7946.0,-43.738181,170.099857,POINT(170.099857 -43.738181),Canterbury Region,Mackenzie District,"Canterbury, Chatham Islands",Rural settlement,Full Primary,,State,5,411,Open
3443,Mt Pleasant School,82 Major Hornbrook Road ,Mt Pleasant,Christchurch,8081.0,-43.562448,172.715927,POINT(172.715927 -43.562448),Canterbury Region,Christchurch City,"Canterbury, Chatham Islands",Major urban area,Full Primary,,State,386,393,Open
3445,New Brighton Catholic School (Chch),100 Lonsdale Street ,New Brighton,Christchurch,8083.0,-43.505942,172.723723,POINT(172.723723 -43.505942),Canterbury Region,Christchurch City,"Canterbury, Chatham Islands",Major urban area,Full Primary,,State : Integrated,195,445,Open
3447,North Loburn School,813 Loburn Whiterock Road ,,Loburn North,7472.0,-43.207605,172.493841,POINT(172.493841 -43.207605),Canterbury Region,Waimakariri District,"Canterbury, Chatham Islands",Rural other,Full Primary,,State,80,420,Open
3449,Te Kura o Matarangi - Northcote School,26 Tuckers Road ,Redwood,Christchurch,8051.0,-43.479365,172.614009,POINT(172.614009 -43.479365),Canterbury Region,Christchurch City,"Canterbury, Chatham Islands",Major urban area,Contributing,,State,156,533,Open
3450,Oaklands Te Kura o Ōwaka,Cunningham Place ,Halswell,Christchurch,8025.0,-43.571583,172.56465,POINT(172.56465 -43.571583),Canterbury Region,Christchurch City,"Canterbury, Chatham Islands",Major urban area,Full Primary,,State,641,410,Open
3451,Ōhoka School,261 Jacksons Road ,,Kaiapoi,7692.0,-43.370163,172.590554,POINT(172.590554 -43.370163),Canterbury Region,Waimakariri District,"Canterbury, Chatham Islands",Rural other,Full Primary,,State,220,406,Open
3452,Okains Bay School,1163 Okains Bay Road ,,Okains Bay,7583.0,-43.708872,173.042737,POINT(173.042737 -43.708872),Canterbury Region,Christchurch City,"Canterbury, Chatham Islands",Rural other,Full Primary,,State,9,545,Open
3454,Omihi School,990 Omihi Road ,,Hurunui,7483.0,-43.022141,172.85363,POINT(172.85363 -43.022141),Canterbury Region,Hurunui District,"Canterbury, Chatham Islands",Rural other,Full Primary,,State,41,435,Open
3455,Te Kura o Ōpāwaho – Opawa School,Ford Road ,Opawa,Christchurch,8023.0,-43.555662,172.66449,POINT(172.66449 -43.555662),Canterbury Region,Christchurch City,"Canterbury, Chatham Islands",Major urban area,Full Primary,,State,367,463,Open
3461,Our Lady of the Assumption School (Chch),89 A Sparks Road ,Hoon Hay,Christchurch,8025.0,-43.564788,172.60708,POINT(172.60708 -43.564788),Canterbury Region,Christchurch City,"Canterbury, Chatham Islands",Major urban area,Full Primary,,State : Integrated,327,401,Open
3462,Our Lady of the Snows School (Methven),Main Road ,,Methven,7730.0,-43.639725,171.647461,POINT(171.647461 -43.639725),Canterbury Region,Ashburton District,"Canterbury, Chatham Islands",Small urban area,Full Primary,,State : Integrated,41,403,Open
3463,Our Lady of Victories,106 Main South Road ,Sockburn,Christchurch,8443.0,-43.536215,172.559125,POINT(172.559125 -43.536215),Canterbury Region,Christchurch City,"Canterbury, Chatham Islands",Major urban area,Full Primary,,State : Integrated,254,376,Open
3464,Ōuruhia Model School,21 Turners Road ,Ouruhia,Christchurch,8083.0,-43.444597,172.660388,POINT(172.660388 -43.444597),Canterbury Region,Christchurch City,"Canterbury, Chatham Islands",Rural other,Full Primary,,State,22,445,Open
3466,Papanui Primary School,40 Winters Road ,Papanui,Christchurch,8051.0,-43.488025,172.619727,POINT(172.619727 -43.488025),Canterbury Region,Christchurch City,"Canterbury, Chatham Islands",Major urban area,Contributing,,State,230,452,Open
3467,Paparoa Street School,120 Paparoa Street ,Papanui,Christchurch,8053.0,-43.499655,172.619586,POINT(172.619586 -43.499655),Canterbury Region,Christchurch City,"Canterbury, Chatham Islands",Major urban area,Contributing,,State,332,398,Open
3470,Parkview Pārua,Chadbury Street ,Parklands,Christchurch,8842.0,-43.4806,172.705631,POINT(172.705631 -43.4806),Canterbury Region,Christchurch City,"Canterbury, Chatham Islands",Major urban area,Full Primary,,State,380,477,Open
3472,Paroa School (Greymouth),494 Main South Road ,Paroa,Greymouth,7805.0,-42.509697,171.168468,POINT(171.168468 -42.509697),West Coast Region,Grey District,"Nelson, Marlborough, West Coast",Small urban area,Full Primary,,State,169,453,Open
3476,Pitt Island School,Flower Pot-Glory Road ,Pitt Island,Chatham Islands,8942.0,-44.243558,-176.234699,POINT(-176.234699 -44.243558),Area Outside Region,Chatham Islands Territory,"Canterbury, Chatham Islands",Rural other,Full Primary,,State,11,471,Open
3477,Pleasant Point Primary School,33 Halstead Road ,,Pleasant Point,7903.0,-44.257427,171.132171,POINT(171.132171 -44.257427),Canterbury Region,Timaru District,"Canterbury, Chatham Islands",Small urban area,Full Primary,,State,238,444,Open
3478,Prebbleton School,Blakes Road ,,Prebbleton,7604.0,-43.577074,172.513059,POINT(172.513059 -43.577074),Canterbury Region,Selwyn District,"Canterbury, Chatham Islands",Small urban area,Full Primary,,State,548,379,Open
3479,Queenspark Te Hua Mānuka,222 Queenspark Drive ,Parklands,Christchurch,8083.0,-43.473158,172.695985,POINT(172.695985 -43.473158),Canterbury Region,Christchurch City,"Canterbury, Chatham Islands",Major urban area,Full Primary,,State,453,453,Open
3480,Rakaia School,Dunford Street ,,Rakaia,7710.0,-43.751468,172.022787,POINT(172.022787 -43.751468),Canterbury Region,Ashburton District,"Canterbury, Chatham Islands",Small urban area,Full Primary,,State,195,465,Open
3481,Rangiora Borough School,King Street ,,Rangiora,7440.0,-43.30538,172.590275,POINT(172.590275 -43.30538),Canterbury Region,Waimakariri District,"Canterbury, Chatham Islands",Medium urban area,Full Primary,,State,314,463,Open
3483,Te Raekura Redcliffs School,113 Beachville Road ,Redcliffs,Christchurch,8081.0,-43.556439,172.733609,POINT(172.733609 -43.556439),Canterbury Region,Christchurch City,"Canterbury, Chatham Islands",Major urban area,Full Primary,,State,253,400,Open
3484,Redwood School (Christchurch),51 Prestons Road ,Redwood,Christchurch,8051.0,-43.473605,172.621954,POINT(172.621954 -43.473605),Canterbury Region,Christchurch City,"Canterbury, Chatham Islands",Major urban area,Contributing,,State,290,443,Open
3485,Te Kāpehu Riccarton School,1 English Street ,Sockburn,Christchurch,8042.0,-43.533363,172.564144,POINT(172.564144 -43.533363),Canterbury Region,Christchurch City,"Canterbury, Chatham Islands",Major urban area,Full Primary,,State,367,462,Open
3488,Rolleston School,11 Tennyson Street ,,Rolleston,7643.0,-43.592491,172.381339,POINT(172.381339 -43.592491),Canterbury Region,Selwyn District,"Canterbury, Chatham Islands",Medium urban area,Full Primary,,State,728,425,Open
3489,Ross School,Moorhouse Street ,,Ross,7812.0,-42.897857,170.816761,POINT(170.816761 -42.897857),West Coast Region,Westland District,"Nelson, Marlborough, West Coast",Rural settlement,Contributing,,State,9,502,Open
3490,Rotherham School,71 George Street ,,Rotherham,7379.0,-42.698452,172.944205,POINT(172.944205 -42.698452),Canterbury Region,Hurunui District,"Canterbury, Chatham Islands",Rural settlement,Contributing,,State,35,441,Open
3492,Te Kōmanawa Rowley School,48 Rowley Avenue ,Hoon Hay,Christchurch,8025.0,-43.562252,172.587768,POINT(172.587768 -43.562252),Canterbury Region,Christchurch City,"Canterbury, Chatham Islands",Major urban area,Contributing,,State,227,535,Open
3493,Te Ara Maurea Roydvale School,117 Roydvale Avenue ,Burnside,Christchurch,8053.0,-43.494484,172.563148,POINT(172.563148 -43.494484),Canterbury Region,Christchurch City,"Canterbury, Chatham Islands",Major urban area,Contributing,,State,284,395,Open
3495,Runanga School,Mcgowan Street ,,Runanga,7803.0,-42.399339,171.252152,POINT(171.252152 -42.399339),West Coast Region,Grey District,"Nelson, Marlborough, West Coast",Small urban area,Full Primary,,State,20,534,Open
3496,Te Parito Kōwhai Russley School,75 Cutts Road ,Avonhead,Christchurch,8042.0,-43.517895,172.544704,POINT(172.544704 -43.517895),Canterbury Region,Christchurch City,"Canterbury, Chatham Islands",Major urban area,Full Primary,,State,425,420,Open
3498,Sacred Heart School (Timaru),54 Heaton Street ,,Timaru,7910.0,-44.401811,171.248548,POINT(171.248548 -44.401811),Canterbury Region,Timaru District,"Canterbury, Chatham Islands",Medium urban area,Full Primary,,State : Integrated,227,438,Open
3501,Te Waitai Sefton School,603 Upper Sefton Road ,,Sefton,7445.0,-43.246713,172.672877,POINT(172.672877 -43.246713),Canterbury Region,Waimakariri District,"Canterbury, Chatham Islands",Rural settlement,Full Primary,,State,121,434,Open
3502,Sheffield Contributing School,Wrights Road ,,Sheffield,7500.0,-43.390946,172.025361,POINT(172.025361 -43.390946),Canterbury Region,Selwyn District,"Canterbury, Chatham Islands",Rural settlement,Contributing,,State,89,431,Open
3503,Te Oraka,60 Shirley Road ,Shirley,Christchurch,8640.0,-43.508313,172.661644,POINT(172.661644 -43.508313),Canterbury Region,Christchurch City,"Canterbury, Chatham Islands",Major urban area,Intermediate,,State,192,505,Open
3504,Te Hiwa Shirley Primary School,11 Shirley Road ,Shirley,Christchurch,8013.0,-43.507888,172.653152,POINT(172.653152 -43.507888),Canterbury Region,Christchurch City,"Canterbury, Chatham Islands",Major urban area,Contributing,,State,364,494,Open
3505,Wigram Primary School - Te Piki Kāhu,5 The Runway ,Wigram,Christchurch,8042.0,-43.553946,172.551525,POINT(172.551525 -43.553946),Canterbury Region,Christchurch City,"Canterbury, Chatham Islands",Major urban area,Contributing,,State,482,392,Open
3506,Somerfield Te Kura Wairepo,42 Studholme Street ,Somerfield,Christchurch,8024.0,-43.561645,172.628537,POINT(172.628537 -43.561645),Canterbury Region,Christchurch City,"Canterbury, Chatham Islands",Major urban area,Contributing,,State,554,419,Open
3507,Te Manu Tukutuku South Hornby School,35 Amyes Road ,Hornby,Christchurch,8042.0,-43.547122,172.529047,POINT(172.529047 -43.547122),Canterbury Region,Christchurch City,"Canterbury, Chatham Islands",Major urban area,Contributing,,State,306,464,Open
3508,South New Brighton School,160 Estuary Road ,South New Brighton,Christchurch,8062.0,-43.52622,172.733527,POINT(172.733527 -43.52622),Canterbury Region,Christchurch City,"Canterbury, Chatham Islands",Major urban area,Full Primary,,State,381,454,Open
3509,Southbridge School,25 Hastings Street ,,Southbridge,7602.0,-43.809042,172.251661,POINT(172.251661 -43.809042),Canterbury Region,Selwyn District,"Canterbury, Chatham Islands",Rural settlement,Contributing,,State,124,452,Open
3510,Southbrook School,26 Marshall Street ,,Rangiora,7440.0,-43.321616,172.599819,POINT(172.599819 -43.321616),Canterbury Region,Waimakariri District,"Canterbury, Chatham Islands",Medium urban area,Full Primary,,State,253,474,Open
3512,Te Kura o Mōkihi Spreydon School,50 Hoon Hay Road ,Hoon Hay,Christchurch,8245.0,-43.557575,172.597927,POINT(172.597927 -43.557575),Canterbury Region,Christchurch City,"Canterbury, Chatham Islands",Major urban area,Contributing,,State,279,453,Open
3515,Springfield School,2 Tawera Lane ,,Springfield,7649.0,-43.337474,171.9325,POINT(171.9325 -43.337474),Canterbury Region,Selwyn District,"Canterbury, Chatham Islands",Rural settlement,Contributing,,State,41,439,Open
3516,Springston School,Leeston Road ,,Springston,7616.0,-43.644586,172.425734,POINT(172.425734 -43.644586),Canterbury Region,Selwyn District,"Canterbury, Chatham Islands",Rural settlement,Full Primary,,State,237,433,Open
3517,St Albans Catholic School (Christchurch),49 Rutland Street ,St Albans,Christchurch,8014.0,-43.507131,172.629095,POINT(172.629095 -43.507131),Canterbury Region,Christchurch City,"Canterbury, Chatham Islands",Major urban area,Contributing,,State : Integrated,111,394,Open
3518,St Albans School,17 Sheppard Place ,St Albans,Christchurch,8014.0,-43.508774,172.634388,POINT(172.634388 -43.508774),Canterbury Region,Christchurch City,"Canterbury, Chatham Islands",Major urban area,Contributing,,State,572,414,Open
3519,St Andrew's School (Timaru),21 Blue Cliffs Road ,,St Andrews,7988.0,-44.528475,171.188022,POINT(171.188022 -44.528475),Canterbury Region,Waimate District,"Canterbury, Chatham Islands",Rural settlement,Full Primary,,State,82,479,Open
3520,St Anne's School (Woolston),739 Ferry Road ,Woolston,Christchurch,8241.0,-43.550383,172.685581,POINT(172.685581 -43.550383),Canterbury Region,Christchurch City,"Canterbury, Chatham Islands",Major urban area,Full Primary,,State : Integrated,179,447,Open
3521,St Bernadette's School (Hornby),74 Hei Hei Road ,Hornby,Christchurch,8042.0,-43.533484,172.525345,POINT(172.525345 -43.533484),Canterbury Region,Christchurch City,"Canterbury, Chatham Islands",Major urban area,Full Primary,,State : Integrated,166,423,Open
3523,St James School (Aranui),Rowan Avenue ,Aranui,Christchurch,8061.0,-43.51173,172.70486,POINT(172.70486 -43.51173),Canterbury Region,Christchurch City,"Canterbury, Chatham Islands",Major urban area,Contributing,,State : Integrated,100,501,Open
3527,St Joseph's School (Ashburton),87 Havelock Street ,,Ashburton,7700.0,-43.901132,171.746227,POINT(171.746227 -43.901132),Canterbury Region,Ashburton District,"Canterbury, Chatham Islands",Medium urban area,Full Primary,,State : Integrated,244,408,Open
3528,St Joseph's School (Pleasant Point),29 Afghan Street ,,Pleasant Point,7903.0,-44.26184,171.131708,POINT(171.131708 -44.26184),Canterbury Region,Timaru District,"Canterbury, Chatham Islands",Small urban area,Full Primary,,State : Integrated,47,426,Open
3529,St Joseph's School (Fairlie),3 Gall Street ,,Fairlie,7925.0,-44.10421,170.827614,POINT(170.827614 -44.10421),Canterbury Region,Mackenzie District,"Canterbury, Chatham Islands",Rural settlement,Full Primary,,State : Integrated,26,427,Open
3530,St Joseph's School (Kaikōura),30 Ludstone Road ,,Kaikoura,7300.0,-42.399981,173.675501,POINT(173.675501 -42.399981),Canterbury Region,Kaikoura District,"Nelson, Marlborough, West Coast",Small urban area,Full Primary,,State : Integrated,110,431,Open
3531,St Joseph's School (Papanui),4 Vagues Road ,Papanui,Christchurch,8052.0,-43.488673,172.614444,POINT(172.614444 -43.488673),Canterbury Region,Christchurch City,"Canterbury, Chatham Islands",Major urban area,Full Primary,,State : Integrated,433,395,Open
3532,St Joseph's School (Temuka),Wilkin Street ,,Temuka,7920.0,-44.244131,171.284601,POINT(171.284601 -44.244131),Canterbury Region,Timaru District,"Canterbury, Chatham Islands",Small urban area,Full Primary,,State : Integrated,106,451,Open
3533,St Joseph's School (Timaru),50 Kelvin Street ,,Timaru,7910.0,-44.378511,171.225105,POINT(171.225105 -44.378511),Canterbury Region,Timaru District,"Canterbury, Chatham Islands",Medium urban area,Full Primary,,State : Integrated,213,403,Open
3534,St Martins School,Albert Terrace ,St Martins,Christchurch,8022.0,-43.565432,172.657232,POINT(172.657232 -43.565432),Canterbury Region,Christchurch City,"Canterbury, Chatham Islands",Major urban area,Full Primary,,State,477,402,Open
3535,St Mary's School (Christchurch),375 Manchester Street ,,Christchurch,8013.0,-43.523227,172.639261,POINT(172.639261 -43.523227),Canterbury Region,Christchurch City,"Canterbury, Chatham Islands",Major urban area,Full Primary,,State : Integrated,123,397,Open
3536,St Mary's School (Hokitika),87 Sewell Street ,,Hokitika,7810.0,-42.715747,170.965597,POINT(170.965597 -42.715747),West Coast Region,Westland District,"Nelson, Marlborough, West Coast",Small urban area,Full Primary,,State : Integrated,137,442,Open
3537,St Patrick's School (Bryndwr),57 Plynlimon Road ,Bryndwr,Christchurch,8052.0,-43.511239,172.604049,POINT(172.604049 -43.511239),Canterbury Region,Christchurch City,"Canterbury, Chatham Islands",Major urban area,Full Primary,,State : Integrated,171,376,Open
3538,St Patrick's School (Greymouth),13 Puketahi Street ,,Greymouth,7805.0,-42.451968,171.211341,POINT(171.211341 -42.451968),West Coast Region,Grey District,"Nelson, Marlborough, West Coast",Small urban area,Full Primary,,State : Integrated,216,442,Open
3539,St Patrick's School (Waimate),Cameron Street ,,Waimate,7960.0,-44.731442,171.052432,POINT(171.052432 -44.731442),Canterbury Region,Waimate District,"Canterbury, Chatham Islands",Small urban area,Full Primary,,State : Integrated,30,408,Open
3540,St Patrick's School (Kaiapoi),Fuller Street ,,Kaiapoi,7630.0,-43.384361,172.654115,POINT(172.654115 -43.384361),Canterbury Region,Waimakariri District,"Canterbury, Chatham Islands",Medium urban area,Full Primary,,State : Integrated,196,440,Open
3542,St Peter's School Te Kura Haoika,11 Fisher Avenue ,Beckenham,Christchurch,8023.0,-43.559766,172.637698,POINT(172.637698 -43.559766),Canterbury Region,Christchurch City,"Canterbury, Chatham Islands",Major urban area,Full Primary,,State : Integrated,156,397,Open
3543,St Teresa's School (Riccarton),10 Puriri Street ,,Christchurch,8041.0,-43.529758,172.59214,POINT(172.59214 -43.529758),Canterbury Region,Christchurch City,"Canterbury, Chatham Islands",Major urban area,Full Primary,,State : Integrated,171,398,Open
3544,Our Lady Star of the Sea School (Christchurch),45 Colenso Street ,Sumner,Christchurch,8840.0,-43.574868,172.762543,POINT(172.762543 -43.574868),Canterbury Region,Christchurch City,"Canterbury, Chatham Islands",Major urban area,Full Primary,,State : Integrated,101,401,Open
3546,Sumner School,Colenso Street ,Sumner,Christchurch,8840.0,-43.573098,172.759628,POINT(172.759628 -43.573098),Canterbury Region,Christchurch City,"Canterbury, Chatham Islands",Major urban area,Full Primary,,State,321,382,Open
3547,Te Koromiko Swannanoa School,1305 Tram Road ,,Rangiora,7476.0,-43.369342,172.495566,POINT(172.495566 -43.369342),Canterbury Region,Waimakariri District,"Canterbury, Chatham Islands",Rural other,Full Primary,,State,297,419,Open
3549,Tai Tapu School,1 School Road ,,Tai Tapu,7645.0,-43.663629,172.550066,POINT(172.550066 -43.663629),Canterbury Region,Selwyn District,"Canterbury, Chatham Islands",Rural settlement,Full Primary,,State,269,400,Open
3553,Te One School,North Road ,Waitangi (Chatham Islands),Chatham Islands,8942.0,-43.93302,-176.527573,POINT(-176.527573 -43.93302),Area Outside Region,Chatham Islands Territory,"Canterbury, Chatham Islands",Rural other,Full Primary,,State,59,483,Open
3554,Waitaha School,12 Lemonwood Drive ,,Rolleston,7615.0,-43.623432,172.385925,POINT(172.385925 -43.623432),Canterbury Region,Selwyn District,"Canterbury, Chatham Islands",Medium urban area,Specialist School,Day Specialist,State,125,462,Open
3555,Te Kura o Rātā Templeton School,40 Kirk Road ,Templeton,Christchurch,8042.0,-43.550162,172.472361,POINT(172.472361 -43.550162),Canterbury Region,Christchurch City,"Canterbury, Chatham Islands",Major urban area,Full Primary,,State,283,449,Open
3557,Te Kura o Huriawa Thorrington,22A Colombo Street ,Cashmere,Christchurch,8022.0,-43.566305,172.636568,POINT(172.636568 -43.566305),Canterbury Region,Christchurch City,"Canterbury, Chatham Islands",Major urban area,Contributing,,State,441,377,Open
3561,Tinwald School,131 Thomson Street ,Tinwald,Ashburton,7741.0,-43.923887,171.719067,POINT(171.719067 -43.923887),Canterbury Region,Ashburton District,"Canterbury, Chatham Islands",Medium urban area,Contributing,,State,263,465,Open
3563,Te Kura o Tuahiwi,206 Tuahiwi Road ,,Kaiapoi,7691.0,-43.334247,172.643796,POINT(172.643796 -43.334247),Canterbury Region,Waimakariri District,"Canterbury, Chatham Islands",Rural other,Full Primary,,State,183,498,Open
3565,View Hill School,496 Island Road ,,Oxford,7495.0,-43.299033,172.071832,POINT(172.071832 -43.299033),Canterbury Region,Waimakariri District,"Canterbury, Chatham Islands",Rural other,Full Primary,,State,69,439,Open
3566,Waiau School,11 Montrose Street ,,Waiau,7332.0,-42.653683,173.04201,POINT(173.04201 -42.653683),Canterbury Region,Hurunui District,"Canterbury, Chatham Islands",Rural settlement,Contributing,,State,30,442,Open
3567,Waihao Downs School,1139 Hakataramea Highway ,Waihao Downs,Waimate,7977.0,-44.790963,170.927483,POINT(170.927483 -44.790963),Canterbury Region,Waimate District,"Canterbury, Chatham Islands",Rural other,Full Primary,,State,75,442,Open
3569,Waikari School,23 Princes Street ,,Waikari,7420.0,-42.969376,172.700677,POINT(172.700677 -42.969376),Canterbury Region,Hurunui District,"Canterbury, Chatham Islands",Rural settlement,Full Primary,,State,35,455,Open
3570,Pegasus Bay School,5 Solander Road ,,Pegasus,7612.0,-43.314909,172.692266,POINT(172.692266 -43.314909),Canterbury Region,Waimakariri District,"Canterbury, Chatham Islands",Small urban area,Full Primary,,State,419,422,Open
3571,Waimairi School,1 Tillman Avenue ,,Christchurch,8052.0,-43.504214,172.605282,POINT(172.605282 -43.504214),Canterbury Region,Christchurch City,"Canterbury, Chatham Islands",Major urban area,Contributing,,State,320,418,Open
3572,Waimataitai School,25 Trafalgar Street ,,Timaru,7910.0,-44.388036,171.238242,POINT(171.238242 -44.388036),Canterbury Region,Timaru District,"Canterbury, Chatham Islands",Medium urban area,Full Primary,,State,463,464,Open
3573,Waimate Centennial School,5 Hughes Street ,,Waimate,7924.0,-44.729133,171.038642,POINT(171.038642 -44.729133),Canterbury Region,Waimate District,"Canterbury, Chatham Islands",Small urban area,Contributing,,State,136,473,Open
3574,Waimate Main School,25 John Street ,,Waimate,7924.0,-44.736306,171.046665,POINT(171.046665 -44.736306),Canterbury Region,Waimate District,"Canterbury, Chatham Islands",Small urban area,Contributing,,State,84,483,Open
3576,Waipara School,2 Loffhagen Drive ,,Waipara,7447.0,-43.053621,172.762053,POINT(172.762053 -43.053621),Canterbury Region,Hurunui District,"Canterbury, Chatham Islands",Rural settlement,Full Primary,,State,32,478,Open
3577,Wairakei School (Christchurch),250 Wairakei Road ,Bryndwr,Christchurch,8053.0,-43.500167,172.588282,POINT(172.588282 -43.500167),Canterbury Region,Christchurch City,"Canterbury, Chatham Islands",Major urban area,Contributing,,State,202,478,Open
3579,Waituna Creek School,178 Waituna School Road ,,Waimate,7978.0,-44.701224,171.015144,POINT(171.015144 -44.701224),Canterbury Region,Waimate District,"Canterbury, Chatham Islands",Rural other,Full Primary,,State,30,448,Open
3580,Wakanui School,Wakanui School Road ,,Ashburton,7777.0,-43.973865,171.822857,POINT(171.822857 -43.973865),Canterbury Region,Ashburton District,"Canterbury, Chatham Islands",Rural other,Full Primary,,State,94,415,Open
3581,Waltham School,Hastings Street East ,Waltham,Christchurch,8023.0,-43.548989,172.648613,POINT(172.648613 -43.548989),Canterbury Region,Christchurch City,"Canterbury, Chatham Islands",Major urban area,Full Primary,,State,256,489,Open
3585,Weedons School,135 Weedons Ross Road ,Weedons,Christchurch,7675.0,-43.570608,172.403181,POINT(172.403181 -43.570608),Canterbury Region,Selwyn District,"Canterbury, Chatham Islands",Rural other,Full Primary,,State,154,420,Open
3586,West Eyreton School,1651 North Eyre Road ,West Eyreton,Rangiora,7475.0,-43.349492,172.360111,POINT(172.360111 -43.349492),Canterbury Region,Waimakariri District,"Canterbury, Chatham Islands",Rural other,Full Primary,,State,185,438,Open
3587,West Melton School,Weedons Ross Road ,,West Melton,7618.0,-43.521443,172.369386,POINT(172.369386 -43.521443),Canterbury Region,Selwyn District,"Canterbury, Chatham Islands",Small urban area,Full Primary,,State,486,391,Open
3588,Te Ara Koropiko West Spreydon School,147 Lyttelton Street ,Spreydon,Christchurch,8024.0,-43.559634,172.611297,POINT(172.611297 -43.559634),Canterbury Region,Christchurch City,"Canterbury, Chatham Islands",Major urban area,Contributing,,State,271,445,Open
3589,Westburn Te Kura O Hereora,257 Waimairi Road ,Ilam,Christchurch,8041.0,-43.512146,172.570887,POINT(172.570887 -43.512146),Canterbury Region,Christchurch City,"Canterbury, Chatham Islands",Major urban area,Full Primary,,State,457,383,Open
3591,Wharenui School,Matipo Street ,Riccarton,Christchurch,8041.0,-43.536311,172.596742,POINT(172.596742 -43.536311),Canterbury Region,Christchurch City,"Canterbury, Chatham Islands",Major urban area,Full Primary,,State,411,457,Open
3592,Whataroa School,65 Scally Road ,,Whataroa,7857.0,-43.262545,170.361348,POINT(170.361348 -43.262545),West Coast Region,Westland District,"Nelson, Marlborough, West Coast",Rural other,Full Primary,,State,20,482,Open
3594,Longbeach School,Boundary Road ,,Ashburton,7773.0,-43.979123,171.683118,POINT(171.683118 -43.979123),Canterbury Region,Ashburton District,"Canterbury, Chatham Islands",Rural other,Full Primary,,State,166,420,Open
3597,Windwhistle School,19 Rakaia Gorge Road ,,Darfield,7572.0,-43.515524,171.713285,POINT(171.713285 -43.515524),Canterbury Region,Selwyn District,"Canterbury, Chatham Islands",Rural other,Contributing,,State,31,389,Open
3599,Woodbury School,559 Woodbury Road ,,Geraldine,7991.0,-44.034925,171.206998,POINT(171.206998 -44.034925),Canterbury Region,Timaru District,"Canterbury, Chatham Islands",Rural other,Contributing,,State,115,412,Open
3600,Woodend School,Main North Road ,,Woodend,7641.0,-43.324564,172.665404,POINT(172.665404 -43.324564),Canterbury Region,Waimakariri District,"Canterbury, Chatham Islands",Small urban area,Full Primary,,State,585,453,Open
3602,Yaldhurst School – Tōtara Tūkaha,48 School Road ,,Yaldhurst,7676.0,-43.510194,172.502189,POINT(172.502189 -43.510194),Canterbury Region,Christchurch City,"Canterbury, Chatham Islands",Major urban area,Full Primary,,State,125,432,Open
3612,Mangakōtukutuku College,6 Collins Road ,Glenview,Hamilton,3206.0,-37.816878,175.281521,POINT(175.281521 -37.816878),Waikato Region,Hamilton City,Waikato,Major urban area,Secondary (Year 7-15),,State,780,529,Open
3618,Te Kura aa Iwi o Ngaati Kauwhata,2959 Cheltenham Hunterville Road ,,Feilding,4777.0,-40.130208,175.658024,POINT(175.658024 -40.130208),Manawatū-Whanganui Region,Manawatu District,"Taranaki, Whanganui, Manawatū",Rural other,Composite,,State,57,540,Open
3619,Te Kāpehu Whetū,171 Lower Dent Street ,,Whangarei,110.0,-35.727535,174.33015,POINT(174.33015 -35.727535),Northland Region,Whangarei District,Tai Tokerau,Large urban area,Composite,,State,172,529,Open
3625,Māruawai College,28 Coutts Road ,,Gore,9740.0,-46.103255,168.930253,POINT(168.930253 -46.103255),Southland Region,Gore District,"Otago, Southland",Small urban area,Secondary (Year 7-15),,State,603,494,Open
3628,Elim Christian College Henderson,80 Central Park Drive ,Henderson,Auckland,2010.0,-36.859102,174.631624,POINT(174.631624 -36.859102),Auckland Region,Henderson-Massey Local Board Area,Tāmaki Herenga Tāngata,Major urban area,Full Primary,,State : Integrated,146,378,Open
3630,Elim Christian College Mt Albert,1 McLean Street ,Mt Albert,Auckland,1025.0,-36.889135,174.709179,POINT(174.709179 -36.889135),Auckland Region,Albert-Eden Local Board Area,Tāmaki Herenga Manawa,Major urban area,Composite,,State : Integrated,444,394,Open
3641,Porirua Montessori Primary School,39 Cleat Street ,Whitby,Porirua,5024.0,-41.121986,174.882284,POINT(174.882284 -41.121986),Wellington Region,Porirua City,Wellington,Large urban area,Full Primary,,Private : Fully Registered,11,0,Open
3679,Te Kura Kaupapa Māori o Ngā Papaonekura,38 Park Estate Road ,Papakura,Auckland,2113.0,-37.084895,174.937592,POINT(174.937592 -37.084895),Auckland Region,Papakura Local Board Area,Tāmaki Herenga Waka,Major urban area,Composite,,State,74,485,Open
3680,Mastery Schools New Zealand - Arapaki,8 Kennedy Place ,Hillsborough,Christchurch,8022.0,-43.559546,172.676349,POINT(172.676349 -43.559546),Canterbury Region,Christchurch City,"Canterbury, Chatham Islands",Major urban area,Full Primary,,Charter School,112,434,Open
3681,The BUSY School NZ,75 Karangahape Road ,Auckland Central,Auckland,1010.0,-36.857588,174.762561,POINT(174.762561 -36.857588),Auckland Region,Waitematā Local Board Area,Tāmaki Herenga Manawa,Major urban area,Secondary (Year 9-15),,Charter School,107,445,Open
3682,Ecole Francaise Internationale Auckland,131 Remuera Road ,Remuera,Auckland,1050.0,-36.874792,174.783919,POINT(174.783919 -36.874792),Auckland Region,Ōrākei Local Board Area,Tāmaki Herenga Manawa,Major urban area,Contributing,,Charter School,68,368,Open
3683,Te Rito - Te Kura Taiao,11 Aurere Beach Road ,,Taipa,420.0,-34.989963,173.420291,POINT(173.420291 -34.989963),Northland Region,Far North District,Tai Tokerau,Rural other,Composite,,Charter School,114,523,Open
3684,Christchurch North College,19 Sheffield Crescent ,Burnside,Christchurch,8053.0,-43.491404,172.560742,POINT(172.560742 -43.491404),Canterbury Region,Christchurch City,"Canterbury, Chatham Islands",Major urban area,Secondary (Year 7-15),,Charter School,61,446,Open
3685,Galaxy International College,Level 3 48 Courthouse Lane,Auckland CBD,Auckland,nan,-36.847936,174.767457,POINT(174.767457 -36.847936),Auckland Region,Waitematā Local Board Area,Tāmaki Herenga Manawa,Major urban area,Secondary (Year 9-15),,Private : Provisionally Registered,0,0,Open
3686,North West College,111B Lincoln Road ,Henderson,Auckland,610.0,-36.865086,174.631089,POINT(174.631089 -36.865086),Auckland Region,Henderson-Massey Local Board Area,Tāmaki Herenga Tāngata,Major urban area,Secondary (Year 7-15),,Charter School,150,394,Open
3687,TIPENE,1832 Great South Road ,,Bombay,2675.0,-37.175499,174.98131,POINT(174.98131 -37.175499),Auckland Region,Franklin Local Board Area,Tāmaki Herenga Waka,Rural other,Secondary (Year 9-15),,Charter School,69,542,Open
3689,Te Hikoi Activity Centre,Gate 11A 54 Otara Road,Otara,Auckland,2155.0,-36.955504,174.866412,POINT(174.866412 -36.955504),Auckland Region,Ōtara-Papatoetoe Local Board Area,Tāmaki Herenga Waka,Major urban area,Activity Centre,,State,0,569,Open
3690,Te Pā Wānanga o Ōmaka Marae,Ōmaka Marae ,,Blenheim,7272.0,-41.53551,173.92301,POINT(173.92301 -41.53551),Marlborough Region,Marlborough District,"Nelson, Marlborough, West Coast",Medium urban area,Full Primary,,State,49,526,Open
3691,Mangawhai Hills College,106 Tara Road ,,Mangawhai,573.0,-36.123774,174.557554,POINT(174.557554 -36.123774),Northland Region,Kaipara District,Tai Tokerau,Rural other,Composite,,Private : Fully Registered,36,0,Open
3698,Twin Oaks Classical School,422 Mount Albert Road ,Mt Roskill,Auckland,1051.0,-36.905724,174.745805,POINT(174.745805 -36.905724),Auckland Region,Puketāpapa Local Board Area,Tāmaki Herenga Manawa,Major urban area,Composite,,Charter School,87,384,Open
3699,Totara Point School,303 Manukau Road ,Epsom,Auckland,1052.0,-36.886947,174.775281,POINT(174.775281 -36.886947),Auckland Region,Albert-Eden Local Board Area,Tāmaki Herenga Manawa,Major urban area,Contributing,,Charter School,0,395,Open
3700,Abbotsford School,72 North Taieri Road ,Karaka,Dunedin,9052.0,-45.893498,170.417989,POINT(170.417989 -45.893498),Otago Region,Dunedin City,"Otago, Southland",Major urban area,Full Primary,,State,284,438,Open
3701,Alexandra Primary School,2 Ventry Street ,,Alexandra,9320.0,-45.255325,169.389801,POINT(169.389801 -45.255325),Otago Region,Central Otago District,"Otago, Southland",Small urban area,Full Primary,,State,202,447,Open
3703,Andersons Bay School,92 Jeffery Street ,Andersons Bay,Dunedin,9013.0,-45.894907,170.535455,POINT(170.535455 -45.894907),Otago Region,Dunedin City,"Otago, Southland",Major urban area,Contributing,,State,305,409,Open
3704,Ardgowan School,Ardgowan Road ,,Oamaru,9492.0,-45.061243,170.967238,POINT(170.967238 -45.061243),Otago Region,Waitaki District,"Otago, Southland",Rural other,Full Primary,,State,129,453,Open
3706,Arthur Street School,26 Arthur Street ,City Rise,Dunedin,9016.0,-45.872617,170.49515,POINT(170.49515 -45.872617),Otago Region,Dunedin City,"Otago, Southland",Major urban area,Full Primary,,State,200,424,Open
3707,Fenwick School,25A Arun Street ,South Hill,Oamaru,9400.0,-45.105905,170.962027,POINT(170.962027 -45.105905),Otago Region,Waitaki District,"Otago, Southland",Medium urban area,Contributing,,State,281,465,Open
3709,Balaclava School,2 Mercer Street ,Balaclava,Dunedin,9011.0,-45.888608,170.467181,POINT(170.467181 -45.888608),Otago Region,Dunedin City,"Otago, Southland",Major urban area,Contributing,,State,252,428,Open
3710,Balclutha School,Lanark Street ,,Balclutha,9230.0,-46.240495,169.742709,POINT(169.742709 -46.240495),Otago Region,Clutha District,"Otago, Southland",Small urban area,Full Primary,,State,219,481,Open
3711,Balmacewen Intermediate,44 Chapman Street ,Wakari,Dunedin,9010.0,-45.85924,170.489862,POINT(170.489862 -45.85924),Otago Region,Dunedin City,"Otago, Southland",Major urban area,Intermediate,,State,473,425,Open
3716,Bradford School,42A Bradford Street ,Bradford,Dunedin,9011.0,-45.876146,170.467373,POINT(170.467373 -45.876146),Otago Region,Dunedin City,"Otago, Southland",Major urban area,Contributing,,State,97,475,Open
3718,Broad Bay School,4 Roebuck Rise ,Broad Bay,Dunedin,9014.0,-45.847673,170.624151,POINT(170.624151 -45.847673),Otago Region,Dunedin City,"Otago, Southland",Major urban area,Full Primary,,State,15,432,Open
3719,Brockville School,Brockville Road ,Brockville,Dunedin,9011.0,-45.867409,170.460266,POINT(170.460266 -45.867409),Otago Region,Dunedin City,"Otago, Southland",Major urban area,Full Primary,,State,135,528,Open
3723,Clinton School,Halsey Street ,,Clinton,9534.0,-46.200886,169.381165,POINT(169.381165 -46.200886),Otago Region,Clutha District,"Otago, Southland",Rural settlement,Full Primary,,State,66,447,Open
3724,Clutha Valley School,2155 Clutha Valley Road ,,Greenfield,9274.0,-46.093588,169.550575,POINT(169.550575 -46.093588),Otago Region,Clutha District,"Otago, Southland",Rural other,Full Primary,,State,103,445,Open
3725,Clyde School,25 Blyth Street ,,Clyde,9330.0,-45.191106,169.319284,POINT(169.319284 -45.191106),Otago Region,Central Otago District,"Otago, Southland",Small urban area,Full Primary,,State,173,420,Open
3727,Concord School,5 Thoreau Street ,Concord,Dunedin,9018.0,-45.903474,170.454303,POINT(170.454303 -45.903474),Otago Region,Dunedin City,"Otago, Southland",Major urban area,Contributing,,State,63,498,Open
3729,Cromwell Primary School,Molyneux Avenue ,,Cromwell,9310.0,-45.045004,169.203515,POINT(169.203515 -45.045004),Otago Region,Central Otago District,"Otago, Southland",Small urban area,Contributing,,State,407,426,Open
3731,Dunedin North Intermediate,North Road ,,Dunedin,9041.0,-45.853486,170.522205,POINT(170.522205 -45.853486),Otago Region,Dunedin City,"Otago, Southland",Major urban area,Intermediate,,State,276,435,Open
3732,Duntroon School,Campbell Street ,,Duntroon,9494.0,-44.856037,170.686398,POINT(170.686398 -44.856037),Canterbury Region,Waitaki District,"Otago, Southland",Rural settlement,Full Primary,,State,105,423,Open
3733,East Taieri School,11 Cemetery Road ,East Taieri,Mosgiel,9024.0,-45.889789,170.347121,POINT(170.347121 -45.889789),Otago Region,Dunedin City,"Otago, Southland",Medium urban area,Contributing,,State,313,401,Open
3736,Fairfield School (Dunedin),10 Sickels Street ,Fairfield,Dunedin,9018.0,-45.900545,170.391366,POINT(170.391366 -45.900545),Otago Region,Dunedin City,"Otago, Southland",Major urban area,Full Primary,,State,497,420,Open
3737,Pembroke School (Oamaru),Harlech Street ,,Oamaru,9400.0,-45.078029,170.982726,POINT(170.982726 -45.078029),Otago Region,Waitaki District,"Otago, Southland",Medium urban area,Contributing,,State,234,496,Open
3738,Five Forks School,1403 Kakanui Valley Road ,,Waitaki,9491.0,-45.050518,170.770568,POINT(170.770568 -45.050518),Otago Region,Waitaki District,"Otago, Southland",Rural other,Full Primary,,State,57,449,Open
3740,George Street Normal School,George Street ,,Dunedin,9016.0,-45.858338,170.511824,POINT(170.511824 -45.858338),Otago Region,Dunedin City,"Otago, Southland",Major urban area,Contributing,,State,388,403,Open
3741,Goldfields School (Cromwell),Gilling Place ,,Cromwell,9310.0,-45.043384,169.186586,POINT(169.186586 -45.043384),Otago Region,Central Otago District,"Otago, Southland",Small urban area,Contributing,,State,324,431,Open
3742,Grants Braes School,137 Belford Street ,Waverley,Dunedin,9013.0,-45.884426,170.53346,POINT(170.53346 -45.884426),Otago Region,Dunedin City,"Otago, Southland",Major urban area,Contributing,,State,203,395,Open
3743,Green Island School,3 Howden Street ,Green Island,Dunedin,9018.0,-45.90477,170.429455,POINT(170.429455 -45.90477),Otago Region,Dunedin City,"Otago, Southland",Major urban area,Full Primary,,State,136,490,Open
3745,Halfway Bush School,54 Ashmore Street ,Halfway Bush,Dunedin,9010.0,-45.857001,170.465985,POINT(170.465985 -45.857001),Otago Region,Dunedin City,"Otago, Southland",Major urban area,Contributing,,State,37,498,Open
3746,Hampden School,41-47 Norwich Street ,,Hampden,9410.0,-45.325318,170.815932,POINT(170.815932 -45.325318),Otago Region,Waitaki District,"Otago, Southland",Rural settlement,Full Primary,,State,34,489,Open
3747,Hāwea Flat School,576 Camphill Road RD 2 ,Hawea Flat,Wanaka,9382.0,-44.651718,169.291049,POINT(169.291049 -44.651718),Otago Region,Queenstown-Lakes District,"Otago, Southland",Rural settlement,Contributing,,State,394,412,Open
3749,Heriot School,181 Roxburgh Street ,Heriot,Tapanui,9587.0,-45.839156,169.273189,POINT(169.273189 -45.839156),Otago Region,Clutha District,"Otago, Southland",Rural other,Contributing,,State,64,441,Open
3753,Kaikorai School,22 Tyne Street ,Roslyn,Dunedin,9010.0,-45.865445,170.491007,POINT(170.491007 -45.865445),Otago Region,Dunedin City,"Otago, Southland",Major urban area,Contributing,,State,311,397,Open
3754,Kaitangata School,108 Salcombe Street ,,Kaitangata,9210.0,-46.280569,169.852561,POINT(169.852561 -46.280569),Otago Region,Clutha District,"Otago, Southland",Rural settlement,Full Primary,,State,97,496,Open
3755,Kakanui School,Fyfe Place ,,Kakanui,9495.0,-45.187258,170.892819,POINT(170.892819 -45.187258),Otago Region,Waitaki District,"Otago, Southland",Rural settlement,Full Primary,,State,38,450,Open
3756,Karitane School,1260 Coast Road ,,Karitane,9471.0,-45.64439,170.655816,POINT(170.655816 -45.64439),Otago Region,Dunedin City,"Otago, Southland",Rural settlement,Contributing,,State,28,463,Open
3761,Lee Stream School,2518 Clarks Junction-Lee Stream Road ,,Outram,9074.0,-45.781768,170.097552,POINT(170.097552 -45.781768),Otago Region,Dunedin City,"Otago, Southland",Rural other,Full Primary,,State,12,414,Open
3762,Macandrew Bay School,488 Portobello Road ,Macandrew Bay,Dunedin,9014.0,-45.869697,170.597765,POINT(170.597765 -45.869697),Otago Region,Dunedin City,"Otago, Southland",Major urban area,Contributing,,State,128,387,Open
3764,Macraes Moonlight School,6 Hyde Street ,Macraes Flat,Palmerston,9483.0,-45.381023,170.428336,POINT(170.428336 -45.381023),Otago Region,Waitaki District,"Otago, Southland",Rural other,Full Primary,,State,13,461,Open
3765,Maheno School,Short Street ,,Maheno,9495.0,-45.167295,170.834255,POINT(170.834255 -45.167295),Otago Region,Waitaki District,"Otago, Southland",Rural settlement,Full Primary,,State,92,430,Open
3767,Makarora Primary School,31 Rata Road ,Makarora,Wanaka,9346.0,-44.234013,169.233666,POINT(169.233666 -44.234013),Otago Region,Queenstown-Lakes District,"Otago, Southland",Rural other,Full Primary,,State,13,395,Open
3768,Māori Hill School,Passmore Crescent ,Maori Hill,Dunedin,9010.0,-45.857413,170.500969,POINT(170.500969 -45.857413),Otago Region,Dunedin City,"Otago, Southland",Major urban area,Contributing,,State,239,373,Open
3771,Millers Flat School,Teviot Road ,,Millers Flat,9544.0,-45.659482,169.409728,POINT(169.409728 -45.659482),Otago Region,Central Otago District,"Otago, Southland",Rural settlement,Full Primary,,State,23,456,Open
3772,Milton School,Coronation Court ,,Milton,9241.0,-46.113826,169.962047,POINT(169.962047 -46.113826),Otago Region,Clutha District,"Otago, Southland",Small urban area,Contributing,,State,104,492,Open
3776,Mornington School,34 Elgin Road ,Mornington,Dunedin,9011.0,-45.882506,170.475514,POINT(170.475514 -45.882506),Otago Region,Dunedin City,"Otago, Southland",Major urban area,Contributing,,State,239,439,Open
3778,Elmgrove School,74 Argyle Street ,,Mosgiel,9024.0,-45.87964,170.346074,POINT(170.346074 -45.87964),Otago Region,Dunedin City,"Otago, Southland",Medium urban area,Contributing,,State,300,460,Open
3779,Musselburgh School,34 Marlow Street ,Musselburgh,Dunedin,9012.0,-45.903489,170.514738,POINT(170.514738 -45.903489),Otago Region,Dunedin City,"Otago, Southland",Major urban area,Contributing,,State,138,500,Open
3783,North East Valley Normal School,248 North Road ,North East Valley,Dunedin,9010.0,-45.849266,170.530524,POINT(170.530524 -45.849266),Otago Region,Dunedin City,"Otago, Southland",Major urban area,Contributing,,State,181,450,Open
3784,Oamaru Intermediate,Pembroke Street ,,Oamaru,9400.0,-45.075693,170.984299,POINT(170.984299 -45.075693),Otago Region,Waitaki District,"Otago, Southland",Medium urban area,Intermediate,,State,290,477,Open
3785,Te Pākihi o Maru,Torridge Street ,,Oamaru,9400.0,-45.091738,170.971467,POINT(170.971467 -45.091738),Otago Region,Waitaki District,"Otago, Southland",Medium urban area,Contributing,,State,122,502,Open
3788,Omakau School,Deaker Street ,,Omakau,9352.0,-45.090941,169.60271,POINT(169.60271 -45.090941),Otago Region,Central Otago District,"Otago, Southland",Rural settlement,Full Primary,,State,84,449,Open
3789,Omarama School,State Highway 8 ,,Omarama,9448.0,-44.48905,169.962015,POINT(169.962015 -44.48905),Canterbury Region,Waitaki District,"Otago, Southland",Rural settlement,Full Primary,,State,28,434,Open
3790,Ōpoho School,96 Signal Hill Road ,Opoho,Dunedin,9010.0,-45.853619,170.533006,POINT(170.533006 -45.853619),Otago Region,Dunedin City,"Otago, Southland",Major urban area,Contributing,,State,121,410,Open
3795,Outram School,1 Beaumaris Street ,,Outram,9062.0,-45.861134,170.228273,POINT(170.228273 -45.861134),Otago Region,Dunedin City,"Otago, Southland",Rural settlement,Full Primary,,State,189,440,Open
3797,Palmerston School,Stromness Street ,,Palmerston,9430.0,-45.481031,170.719157,POINT(170.719157 -45.481031),Otago Region,Waitaki District,"Otago, Southland",Rural settlement,Contributing,,State,97,461,Open
3798,Papakaio School,17 Papakaio Road ,,Oamaru,9494.0,-44.989901,170.979614,POINT(170.979614 -44.989901),Otago Region,Waitaki District,"Otago, Southland",Rural other,Full Primary,,State,121,449,Open
3801,Pine Hill School (Dunedin),11 Hislop Street ,Pine Hill,Dunedin,9010.0,-45.846459,170.518163,POINT(170.518163 -45.846459),Otago Region,Dunedin City,"Otago, Southland",Major urban area,Contributing,,State,48,509,Open
3802,Poolburn School,1017 Ida Valley-Omakau Road ,,Oturehua,9387.0,-45.137217,169.696295,POINT(169.696295 -45.137217),Otago Region,Central Otago District,"Otago, Southland",Rural other,Full Primary,,State,29,431,Open
3803,Port Chalmers School,30A Albertson Avenue ,,Port Chalmers,9023.0,-45.821029,170.617507,POINT(170.617507 -45.821029),Otago Region,Dunedin City,"Otago, Southland",Major urban area,Full Primary,,State,82,448,Open
3805,Portobello School,30 Harington Point Road ,Portobello,Dunedin,9014.0,-45.838224,170.6572,POINT(170.6572 -45.838224),Otago Region,Dunedin City,"Otago, Southland",Major urban area,Full Primary,,State,57,450,Open
3807,Pūrākaunui School,8 Mihiwaka Station Road ,,Purakaunui,9081.0,-45.772776,170.631812,POINT(170.631812 -45.772776),Otago Region,Dunedin City,"Otago, Southland",Rural other,Full Primary,,State,9,443,Open
3808,Ravensbourne School,8 Wanaka Street ,Ravensbourne,Dunedin,9022.0,-45.864944,170.555576,POINT(170.555576 -45.864944),Otago Region,Dunedin City,"Otago, Southland",Major urban area,Contributing,,State,16,479,Open
3811,Romahapa School,School Road ,,Balclutha,9271.0,-46.34561,169.709372,POINT(169.709372 -46.34561),Otago Region,Clutha District,"Otago, Southland",Rural other,Full Primary,,State,67,438,Open
3812,Rosebank School (Balclutha),Frances Street ,,Balclutha,9230.0,-46.246557,169.72508,POINT(169.72508 -46.246557),Otago Region,Clutha District,"Otago, Southland",Small urban area,Full Primary,,State,208,465,Open
3815,Sacred Heart School (Dunedin),63 North Road ,North East Valley,Dunedin,9010.0,-45.853387,170.520981,POINT(170.520981 -45.853387),Otago Region,Dunedin City,"Otago, Southland",Major urban area,Contributing,,State : Integrated,57,427,Open
3816,Te Whirika Sara Cohen Specialist School,38 Riselaw Road ,Calton Hill,Dunedin,9012.0,-45.898837,170.482778,POINT(170.482778 -45.898837),Otago Region,Dunedin City,"Otago, Southland",Major urban area,Specialist School,Day Specialist,State,78,498,Open
3817,Sawyers Bay School,99 Stevenson Avenue ,Sawyers Bay,Port Chalmers,9023.0,-45.819742,170.601212,POINT(170.601212 -45.819742),Otago Region,Dunedin City,"Otago, Southland",Major urban area,Contributing,,State,113,432,Open
3819,St Bernadette's School (Forbury),16 Forbury Road ,,Dunedin,9012.0,-45.899843,170.484353,POINT(170.484353 -45.899843),Otago Region,Dunedin City,"Otago, Southland",Major urban area,Contributing,,State : Integrated,181,425,Open
3820,St Brigids School (Tainui),57 Bayfield Road ,Andersons Bay,Dunedin,9013.0,-45.898059,170.527675,POINT(170.527675 -45.898059),Otago Region,Dunedin City,"Otago, Southland",Major urban area,Contributing,,State : Integrated,73,399,Open
3822,St Francis Xavier School (Mornington),27 Benhar Street ,Mornington,Dunedin,9011.0,-45.888904,170.476152,POINT(170.476152 -45.888904),Otago Region,Dunedin City,"Otago, Southland",Major urban area,Contributing,,State : Integrated,96,387,Open
3823,St Gerard's School (Alexandra),2 Station Street ,,Alexandra,9320.0,-45.249273,169.396538,POINT(169.396538 -45.249273),Otago Region,Central Otago District,"Otago, Southland",Small urban area,Full Primary,,State : Integrated,166,415,Open
3824,St John's School (Ranfurly),6 Stuart Road ,,Ranfurly,9332.0,-45.134172,170.096601,POINT(170.096601 -45.134172),Otago Region,Central Otago District,"Otago, Southland",Rural settlement,Full Primary,,State : Integrated,63,395,Open
3825,St Joseph's School (Oamaru),36 Usk Street ,,Oamaru,9400.0,-45.092549,170.970448,POINT(170.970448 -45.092549),Otago Region,Waitaki District,"Otago, Southland",Medium urban area,Full Primary,,State : Integrated,145,437,Open
3826,St Joseph's School (Balclutha),18 Stewart Street ,,Balclutha,9230.0,-46.240837,169.737186,POINT(169.737186 -46.240837),Otago Region,Clutha District,"Otago, Southland",Small urban area,Full Primary,,State : Integrated,67,410,Open
3827,St Joseph's Cathedral School,43 Elm Row ,City Rise,Dunedin,9016.0,-45.875888,170.497257,POINT(170.497257 -45.875888),Otago Region,Dunedin City,"Otago, Southland",Major urban area,Contributing,,State : Integrated,150,401,Open
3829,St Leonard's School (Dunedin),29 St Leonards Drive ,Saint Leonards,Dunedin,9022.0,-45.846739,170.578318,POINT(170.578318 -45.846739),Otago Region,Dunedin City,"Otago, Southland",Major urban area,Contributing,,State,9,414,Open
3830,St Mary's School (Dunedin),6 A Cromwell Street ,Wakari,Dunedin,9010.0,-45.861479,170.480336,POINT(170.480336 -45.861479),Otago Region,Dunedin City,"Otago, Southland",Major urban area,Contributing,,State : Integrated,58,403,Open
3831,St Mary's School (Milton),Chaucer Street ,,Milton,9220.0,-46.125212,169.961282,POINT(169.961282 -46.125212),Otago Region,Clutha District,"Otago, Southland",Small urban area,Contributing,,State : Integrated,63,465,Open
3832,St Mary's School (Mosgiel),87 Church Street ,,Mosgiel,9024.0,-45.881293,170.354878,POINT(170.354878 -45.881293),Otago Region,Dunedin City,"Otago, Southland",Medium urban area,Full Primary,,State : Integrated,132,408,Open
3834,St Peter Chanel School (Green Island),Main Road ,Green Island,Dunedin,9052.0,-45.903518,170.425204,POINT(170.425204 -45.903518),Otago Region,Dunedin City,"Otago, Southland",Major urban area,Full Primary,,State : Integrated,47,427,Open
3835,St Clair School,135 Richardson Street ,St Clair,Dunedin,9012.0,-45.908179,170.493124,POINT(170.493124 -45.908179),Otago Region,Dunedin City,"Otago, Southland",Major urban area,Contributing,,State,359,422,Open
3836,Stirling School,2 Boyd Street ,,Stirling,9231.0,-46.248153,169.779596,POINT(169.779596 -46.248153),Otago Region,Clutha District,"Otago, Southland",Rural settlement,Full Primary,,State,80,469,Open
3837,Strath Taieri School,Swansea Street ,,Middlemarch,9596.0,-45.504741,170.119398,POINT(170.119398 -45.504741),Otago Region,Dunedin City,"Otago, Southland",Rural settlement,Full Primary,,State,40,432,Open
3839,Tahuna Normal Intermediate,31 Auld Street ,Musselburgh,Dunedin,9012.0,-45.903952,170.517529,POINT(170.517529 -45.903952),Otago Region,Dunedin City,"Otago, Southland",Major urban area,Intermediate,,State,494,442,Open
3840,Taieri Beach School,Moturata Road ,Taieri Mouth,Brighton,9091.0,-46.071794,170.194988,POINT(170.194988 -46.071794),Otago Region,Clutha District,"Otago, Southland",Rural settlement,Full Primary,,State,5,538,Open
3841,Tainui School,41 Tahuna Road ,Tainui,Dunedin,9013.0,-45.903233,170.524692,POINT(170.524692 -45.903233),Otago Region,Dunedin City,"Otago, Southland",Major urban area,Contributing,,State,254,441,Open
3842,Tapanui School,Sussex Street ,,Tapanui,9522.0,-45.941742,169.260478,POINT(169.260478 -45.941742),Otago Region,Clutha District,"Otago, Southland",Rural settlement,Contributing,,State,73,445,Open
3843,Tarras School,2812 Tarras-Cromwell Road ,,Tarras,9383.0,-44.837524,169.412277,POINT(169.412277 -44.837524),Otago Region,Central Otago District,"Otago, Southland",Rural other,Full Primary,,State,31,443,Open
3844,The Terrace School (Alexandra),Marslin Street ,,Alexandra,9320.0,-45.243476,169.388799,POINT(169.388799 -45.243476),Otago Region,Central Otago District,"Otago, Southland",Small urban area,Full Primary,,State,283,445,Open
3845,Tokoiti School,2 Leman Street ,Tokoiti,Milton,9220.0,-46.131623,169.971265,POINT(169.971265 -46.131623),Otago Region,Clutha District,"Otago, Southland",Small urban area,Contributing,,State,37,525,Open
3847,Totara School,633 Fortification Road ,,Alma,9495.0,-45.119587,170.896877,POINT(170.896877 -45.119587),Otago Region,Waitaki District,"Otago, Southland",Rural other,Full Primary,,State,18,450,Open
3850,Waihola District School,Kilgour Street ,,Waihola,9243.0,-46.021197,170.099846,POINT(170.099846 -46.021197),Otago Region,Clutha District,"Otago, Southland",Rural settlement,Full Primary,,State,26,461,Open
3851,Waikoikoi School,22 Koi Flat Road ,,Waikoikoi,9771.0,-46.007622,169.153397,POINT(169.153397 -46.007622),Otago Region,Clutha District,"Otago, Southland",Rural other,Contributing,,State,12,490,Open
3852,Waikouaiti School,6 Malloch Street ,,Waikouaiti,9510.0,-45.596272,170.673457,POINT(170.673457 -45.596272),Otago Region,Dunedin City,"Otago, Southland",Small urban area,Contributing,,State,90,440,Open
3855,Waitahuna School,18 Sunderland Street ,,Waitahuna,9593.0,-45.986387,169.7591,POINT(169.7591 -45.986387),Otago Region,Clutha District,"Otago, Southland",Rural other,Contributing,,State,6,490,Open
3857,Waitati School,Mount Cargill Road ,,Waitati,9085.0,-45.75501,170.57295,POINT(170.57295 -45.75501),Otago Region,Dunedin City,"Otago, Southland",Rural other,Full Primary,,State,53,421,Open
3858,Waiwera South School,May Street ,,Waiwera South,9584.0,-46.216283,169.4894,POINT(169.4894 -46.216283),Otago Region,Clutha District,"Otago, Southland",Rural other,Full Primary,,State,31,439,Open
3859,Wakari School,150 Helensburgh Road ,Wakari,Dunedin,9010.0,-45.856391,170.479808,POINT(170.479808 -45.856391),Otago Region,Dunedin City,"Otago, Southland",Major urban area,Contributing,,State,302,440,Open
3861,Warepa School,Old Port Road ,,Balclutha,9273.0,-46.269676,169.622693,POINT(169.622693 -46.269676),Otago Region,Clutha District,"Otago, Southland",Rural other,Full Primary,,State,65,433,Open
3862,Warrington School,Ferguson Street ,,Warrington,9449.0,-45.709508,170.595678,POINT(170.595678 -45.709508),Otago Region,Dunedin City,"Otago, Southland",Rural settlement,Full Primary,,State,37,397,Open
3864,Weston School,1 Charles Street ,,Weston,9401.0,-45.078621,170.918495,POINT(170.918495 -45.078621),Otago Region,Waitaki District,"Otago, Southland",Medium urban area,Full Primary,,State,243,434,Open
3930,Arrowtown School,9 Chalmers Place ,,Arrowtown,9351.0,-44.948448,168.838744,POINT(168.838744 -44.948448),Otago Region,Queenstown-Lakes District,"Otago, Southland",Small urban area,Full Primary,,State,433,395,Open
3932,Balfour School,131 Queen Street ,,Balfour,9746.0,-45.842766,168.585454,POINT(168.585454 -45.842766),Southland Region,Southland District,"Otago, Southland",Rural settlement,Contributing,,State,69,421,Open
3935,Hillside Primary School,24 McCaughan Street ,,Browns,9781.0,-46.149181,168.422707,POINT(168.422707 -46.149181),Southland Region,Southland District,"Otago, Southland",Rural other,Full Primary,,State,17,454,Open
3938,Hauroko Valley Primary School,956 Clifden Highway ,,Tuatapere,9691.0,-46.052018,167.712473,POINT(167.712473 -46.052018),Southland Region,Southland District,"Otago, Southland",Rural other,Full Primary,,State,74,428,Open
3943,Dipton School,1935 South Hillend-Dipton Road ,,Dipton,9791.0,-45.890816,168.352161,POINT(168.352161 -45.890816),Southland Region,Southland District,"Otago, Southland",Rural other,Full Primary,,State,45,421,Open
3946,East Gore School,3 Wentworth Street ,,Gore,9710.0,-46.091738,168.960487,POINT(168.960487 -46.091738),Southland Region,Gore District,"Otago, Southland",Small urban area,Contributing,,State,122,518,Open
3947,Edendale School (Southland),24 Salford Street ,,Edendale,9825.0,-46.311623,168.782136,POINT(168.782136 -46.311623),Southland Region,Southland District,"Otago, Southland",Rural settlement,Contributing,,State,120,431,Open
3953,Garston School,Kingston-Garston Highway ,,Garston,9750.0,-45.464451,168.689209,POINT(168.689209 -45.464451),Southland Region,Southland District,"Otago, Southland",Rural other,Full Primary,,State,24,429,Open
3955,Glenorchy School,Oban Street ,,Glenorchy,9350.0,-44.85065,168.38703,POINT(168.38703 -44.85065),Otago Region,Queenstown-Lakes District,"Otago, Southland",Rural settlement,Full Primary,,State,29,406,Open
3956,Gore Main School,Ardwick Street ,,Gore,9710.0,-46.095941,168.9406,POINT(168.9406 -46.095941),Southland Region,Gore District,"Otago, Southland",Small urban area,Contributing,,State,204,455,Open
3957,Gorge Road School,4 Factory Road ,,Invercargill,9875.0,-46.473899,168.700489,POINT(168.700489 -46.473899),Southland Region,Southland District,"Otago, Southland",Rural other,Full Primary,,State,26,460,Open
3961,Halfmoon Bay School,Ayr Street ,Half Moon Bay,Stewart Island,9846.0,-46.899076,168.128157,POINT(168.128157 -46.899076),Southland Region,Southland District,"Otago, Southland",Rural settlement,Full Primary,,State,31,453,Open
3963,Heddon Bush School,233 Hall Road ,,Winton,9783.0,-46.077844,168.15396,POINT(168.15396 -46.077844),Southland Region,Southland District,"Otago, Southland",Rural other,Full Primary,,State,66,439,Open
3964,Hedgehope School,2250 Winton-Hedgehope Highway ,Hedgehope,Invercargill,9872.0,-46.207473,168.542016,POINT(168.542016 -46.207473),Southland Region,Southland District,"Otago, Southland",Rural other,Full Primary,,State,55,440,Open
3966,Invercargill Middle School,31 Jed Street ,,Invercargill,9810.0,-46.411325,168.357545,POINT(168.357545 -46.411325),Southland Region,Invercargill City,"Otago, Southland",Large urban area,Contributing,,State,157,484,Open
3967,Windsor North School,91 Chelmsford Street ,Windsor,Invercargill,9810.0,-46.39323,168.366486,POINT(168.366486 -46.39323),Southland Region,Invercargill City,"Otago, Southland",Large urban area,Contributing,,State,315,422,Open
3973,Knapdale School,Knapdale Road ,,Gore,9773.0,-46.009975,168.918606,POINT(168.918606 -46.009975),Southland Region,Gore District,"Otago, Southland",Rural other,Full Primary,,State,53,455,Open
3975,Limehills School,Derby Road ,,Limehills,9783.0,-46.065238,168.328799,POINT(168.328799 -46.065238),Southland Region,Southland District,"Otago, Southland",Rural other,Full Primary,,State,135,429,Open
3977,Lochiel School,Smith Road ,,Lochiel,9781.0,-46.205986,168.335175,POINT(168.335175 -46.205986),Southland Region,Southland District,"Otago, Southland",Rural other,Full Primary,,State,77,432,Open
3980,Lumsden School,19 Maria Street ,,Lumsden,9730.0,-45.740712,168.448531,POINT(168.448531 -45.740712),Southland Region,Southland District,"Otago, Southland",Rural settlement,Contributing,,State,88,458,Open
3982,Makarewa School,56 Flora Road ,Makarewa,Invercargill,9876.0,-46.329975,168.348432,POINT(168.348432 -46.329975),Southland Region,Invercargill City,"Otago, Southland",Rural other,Contributing,,State,149,440,Open
3984,Mararoa School,State Highway 94 ,,Te Anau,9672.0,-45.544994,167.894436,POINT(167.894436 -45.544994),Southland Region,Southland District,"Otago, Southland",Rural other,Full Primary,,State,28,425,Open
3986,Mataura School,Oakland Street ,,Mataura,9712.0,-46.193131,168.862887,POINT(168.862887 -46.193131),Southland Region,Gore District,"Otago, Southland",Small urban area,Contributing,,State,55,514,Open
3990,Mossburn School,28 Surrey Street ,,Mossburn,9747.0,-45.668072,168.23773,POINT(168.23773 -45.668072),Southland Region,Southland District,"Otago, Southland",Rural settlement,Contributing,,State,55,427,Open
3991,Myross Bush School,288 Mill Road North ,,Myross Bush,9872.0,-46.37283,168.417815,POINT(168.417815 -46.37283),Southland Region,Invercargill City,"Otago, Southland",Rural other,Contributing,,State,170,414,Open
3997,Otama School,12 McBain Road RD 3 ,Otama,Gore,9773.0,-45.960151,168.8666,POINT(168.8666 -45.960151),Southland Region,Gore District,"Otago, Southland",Rural other,Full Primary,,State,18,442,Open
4000,Otatara School,146 Dunns Road ,Otatara,Invercargill,9879.0,-46.431486,168.29038,POINT(168.29038 -46.431486),Southland Region,Invercargill City,"Otago, Southland",Large urban area,Contributing,,State,237,412,Open
4001,Otautau School,Elles Road ,,Otautau,9610.0,-46.140681,167.993263,POINT(167.993263 -46.140681),Southland Region,Southland District,"Otago, Southland",Rural settlement,Full Primary,,State,129,461,Open
4003,Pukerau School,Pukerau Street ,,Gore,9772.0,-46.097802,169.095347,POINT(169.095347 -46.097802),Southland Region,Gore District,"Otago, Southland",Rural other,Contributing,,State,55,439,Open
4005,Queenstown Primary School,20 Robins Road ,,Queenstown,9300.0,-45.027455,168.659531,POINT(168.659531 -45.027455),Otago Region,Queenstown-Lakes District,"Otago, Southland",Medium urban area,Full Primary,,State,514,402,Open
4006,Rimu School,442 Rimu Road ,Rimu,Invercargill,9871.0,-46.400294,168.501456,POINT(168.501456 -46.400294),Southland Region,Southland District,"Otago, Southland",Rural other,Full Primary,,State,101,446,Open
4007,Riversdale School,Rutland Street ,,Riversdale,9744.0,-45.900912,168.738412,POINT(168.738412 -45.900912),Southland Region,Southland District,"Otago, Southland",Rural settlement,Full Primary,,State,138,441,Open
4008,Riverton School,Leader Street ,,Riverton,9822.0,-46.351828,168.019399,POINT(168.019399 -46.351828),Southland Region,Southland District,"Otago, Southland",Small urban area,Contributing,,State,132,469,Open
4011,Ruru Special School,Ruru Street ,,Invercargill,9810.0,-46.376766,168.346021,POINT(168.346021 -46.376766),Southland Region,Invercargill City,"Otago, Southland",Large urban area,Specialist School,Day Specialist,State,127,519,Open
4013,Sacred Heart School (Waikiwi),435 North Road ,Waikiwi,Invercargill,9810.0,-46.37023,168.349381,POINT(168.349381 -46.37023),Southland Region,Invercargill City,"Otago, Southland",Large urban area,Contributing,,State : Integrated,88,430,Open
4014,Salford School,110 Lamond Street ,Hargest,Invercargill,9810.0,-46.38791,168.374499,POINT(168.374499 -46.38791),Southland Region,Invercargill City,"Otago, Southland",Large urban area,Contributing,,State,241,422,Open
4016,St Joseph's School (Queenstown),25 Beetham Street ,,Queenstown,9300.0,-45.030916,168.665444,POINT(168.665444 -45.030916),Otago Region,Queenstown-Lakes District,"Otago, Southland",Medium urban area,Full Primary,,State : Integrated,128,393,Open
4017,St Joseph's School (Invercargill),70 Eye Street ,,Invercargill,9812.0,-46.416503,168.352158,POINT(168.352158 -46.416503),Southland Region,Invercargill City,"Otago, Southland",Large urban area,Full Primary,,State : Integrated,153,465,Open
4018,St Mary's School (Gore),14 Ardwick Street ,,Gore,9740.0,-46.102671,168.940616,POINT(168.940616 -46.102671),Southland Region,Gore District,"Otago, Southland",Small urban area,Contributing,,State : Integrated,196,429,Open
4019,St Patrick's School (Nightcaps),11 Digger Street ,,Nightcaps,9630.0,-45.971547,168.036222,POINT(168.036222 -45.971547),Southland Region,Southland District,"Otago, Southland",Rural settlement,Full Primary,,State : Integrated,17,544,Open
4020,St Patrick's School (Invercargill),161 Metzger Street ,Georgetown,Invercargill,9812.0,-46.426717,168.376955,POINT(168.376955 -46.426717),Southland Region,Invercargill City,"Otago, Southland",Large urban area,Contributing,,State : Integrated,277,468,Open
4021,St Teresa's School (Bluff),181 Foyle Street ,,Bluff,9814.0,-46.600046,168.335097,POINT(168.335097 -46.600046),Southland Region,Invercargill City,"Otago, Southland",Small urban area,Full Primary,,State : Integrated,6,501,Open
4022,St Theresa's School (Invercargill),161 King Street   ,,Invercargill,9810.0,-46.398765,168.371623,POINT(168.371623 -46.398765),Southland Region,Invercargill City,"Otago, Southland",Large urban area,Contributing,,State : Integrated,272,405,Open
4023,St Thomas School (Winton),1 Church Street ,,Winton,9741.0,-46.150501,168.326635,POINT(168.326635 -46.150501),Southland Region,Southland District,"Otago, Southland",Small urban area,Full Primary,,State : Integrated,91,407,Open
4026,Te Anau School,181 Milford Road ,,Te Anau,9600.0,-45.413459,167.718043,POINT(167.718043 -45.413459),Southland Region,Southland District,"Otago, Southland",Small urban area,Contributing,,State,273,429,Open
4027,Te Tipua School,775 State Highway 96 ,,Gore,9774.0,-46.185376,168.762641,POINT(168.762641 -46.185376),Southland Region,Southland District,"Otago, Southland",Rural other,Full Primary,,State,36,507,Open
4028,Thornbury School,28 Muriel Street ,,Thornbury,9883.0,-46.290924,168.095707,POINT(168.095707 -46.290924),Southland Region,Southland District,"Otago, Southland",Rural other,Contributing,,State,70,438,Open
4029,Tisbury School,3 Boundary Road ,,Invercargill,9844.0,-46.444979,168.39987,POINT(168.39987 -46.444979),Southland Region,Invercargill City,"Otago, Southland",Rural other,Contributing,,State,118,467,Open
4030,Tokanui School,18 Duncan Street ,,Tokanui,9884.0,-46.563166,168.946581,POINT(168.946581 -46.563166),Southland Region,Southland District,"Otago, Southland",Rural other,Full Primary,,State,49,462,Open
4032,Tuturau Primary School,285 Shanks Road ,,Gore,9774.0,-46.251607,168.856132,POINT(168.856132 -46.251607),Southland Region,Southland District,"Otago, Southland",Rural other,Contributing,,State,22,487,Open
4034,Waianiwa School,244 Argyle Otahuti Road ,,Waianiwa,9874.0,-46.296381,168.252395,POINT(168.252395 -46.296381),Southland Region,Southland District,"Otago, Southland",Rural other,Full Primary,,State,57,438,Open
4035,Waihopai School,121 Herbert Street ,Gladstone,Invercargill,9810.0,-46.395359,168.354578,POINT(168.354578 -46.395359),Southland Region,Invercargill City,"Otago, Southland",Large urban area,Contributing,,State,336,428,Open
4036,Waikaia School,22 Leamington Street ,,Waikaia,9745.0,-45.723914,168.848074,POINT(168.848074 -45.723914),Southland Region,Southland District,"Otago, Southland",Rural settlement,Full Primary,,State,24,407,Open
4037,Waikaka School,22 Matheson Road ,,Gore,9775.0,-45.92637,169.017531,POINT(169.017531 -45.92637),Southland Region,Gore District,"Otago, Southland",Rural other,Full Primary,,State,59,430,Open
4046,Wallacetown School,34 Mauchline Street ,,Wallacetown,9816.0,-46.332255,168.289807,POINT(168.289807 -46.332255),Southland Region,Southland District,"Otago, Southland",Rural settlement,Contributing,,State,75,461,Open
4047,Waverley Park School,55 Eden Crescent ,Glengarry,Invercargill,9810.0,-46.396542,168.384216,POINT(168.384216 -46.396542),Southland Region,Invercargill City,"Otago, Southland",Large urban area,Contributing,,State,249,495,Open
4050,West Gore School,120 Kitchener Street ,,Gore,9710.0,-46.108154,168.927419,POINT(168.927419 -46.108154),Southland Region,Gore District,"Otago, Southland",Small urban area,Contributing,,State,149,482,Open
4052,Winton School,Eglinton Street ,,Winton,9741.0,-46.148076,168.326786,POINT(168.326786 -46.148076),Southland Region,Southland District,"Otago, Southland",Small urban area,Full Primary,,State,263,471,Open
4053,Woodlands Primary School,Woodlands ,,Invercargill,9871.0,-46.35864,168.558137,POINT(168.558137 -46.35864),Southland Region,Southland District,"Otago, Southland",Rural settlement,Contributing,,State,103,440,Open
4054,Wyndham School,40 Florence Street ,,Wyndham,9831.0,-46.324627,168.843097,POINT(168.843097 -46.324627),Southland Region,Southland District,"Otago, Southland",Rural settlement,Contributing,,State,135,455,Open
4100,Balmoral S D A School,10 Wiremu Street ,Balmoral,Auckland,1342.0,-36.887836,174.745772,POINT(174.745772 -36.887836),Auckland Region,Albert-Eden Local Board Area,Tāmaki Herenga Manawa,Major urban area,Full Primary,,State : Integrated,65,441,Open
4101,Carncot Independent School,263 Broadway Avenue ,,Palmerston North,4414.0,-40.349801,175.621747,POINT(175.621747 -40.349801),Manawatū-Whanganui Region,Palmerston North City,"Taranaki, Whanganui, Manawatū",Large urban area,Full Primary,,Private : Fully Registered,129,0,Open
4104,Hadlow Preparatory School,68 High Street ,,Masterton,5810.0,-40.959594,175.641069,POINT(175.641069 -40.959594),Wellington Region,Masterton District,Wellington,Medium urban area,Full Primary,,State : Integrated,195,386,Open
4105,Hamilton Seventh-Day Adventist School,46 Annebrook Road ,Hillcrest,Hamilton,3283.0,-37.806791,175.338495,POINT(175.338495 -37.806791),Waikato Region,Waikato District,Waikato,Rural other,Full Primary,,State : Integrated,119,425,Open
4107,Parkside Christian S D A School,135 Tait Drive ,Greenmeadows,Napier,4145.0,-39.526062,176.865859,POINT(176.865859 -39.526062),Hawke's Bay Region,Napier City,"Hawke's Bay, Tairāwhiti",Large urban area,Full Primary,,State : Integrated,59,471,Open
4108,Hereworth School,118 Te Mata Road ,,Havelock North,4157.0,-39.666625,176.890916,POINT(176.890916 -39.666625),Hawke's Bay Region,Hastings District,"Hawke's Bay, Tairāwhiti",Medium urban area,Full Primary,,Private : Fully Registered,332,0,Open
4109,Hōhepa School,21 Fryer Road ,Poraiti,Napier,4141.0,-39.503209,176.846228,POINT(176.846228 -39.503209),Hawke's Bay Region,Napier City,"Hawke's Bay, Tairāwhiti",Large urban area,Composite,,Private : Fully Registered,28,0,Open
4111,Huntley School (Marton),Wanganui Road ,,Marton,4741.0,-40.064434,175.360967,POINT(175.360967 -40.064434),Manawatū-Whanganui Region,Rangitikei District,"Taranaki, Whanganui, Manawatū",Rural other,Full Primary,,Private : Fully Registered,164,0,Open
4112,Southland Adventist Christian School,21 Durham Street ,Waikiwi,Invercargill,9843.0,-46.375658,168.34555,POINT(168.34555 -46.375658),Southland Region,Invercargill City,"Otago, Southland",Large urban area,Full Primary,,State : Integrated,127,439,Open
4116,King's School (Remuera),258 Remuera Road ,Remuera,Auckland,1541.0,-36.879469,174.792272,POINT(174.792272 -36.879469),Auckland Region,Ōrākei Local Board Area,Tāmaki Herenga Manawa,Major urban area,Full Primary,,Private : Fully Registered,761,0,Open
4117,Liberton Christian School,5 Hillary Street ,Pine Hill,Dunedin,9041.0,-45.847573,170.512966,POINT(170.512966 -45.847573),Otago Region,Dunedin City,"Otago, Southland",Major urban area,Full Primary,,State : Integrated,135,379,Open
4118,Medbury Preparatory School,109 Clyde Road ,Fendalton,Christchurch,8540.0,-43.521889,172.589114,POINT(172.589114 -43.521889),Canterbury Region,Christchurch City,"Canterbury, Chatham Islands",Major urban area,Full Primary,,Private : Fully Registered,372,0,Open
4119,Wellington Hills Christian College,19-21 Broderick Road ,Johnsonville,Wellington,6037.0,-41.224871,174.806183,POINT(174.806183 -41.224871),Wellington Region,Wellington City,Wellington,Major urban area,Composite,,State : Integrated,168,414,Open
4121,Nelson College For Girls Prep School,Trafalgar Street South ,,Nelson,7040.0,-41.279531,173.283068,POINT(173.283068 -41.279531),Nelson Region,Nelson City,"Nelson, Marlborough, West Coast",Large urban area,Intermediate,,Private : Fully Registered,96,0,Open
4122,Nelson College (Prep Dept),Waimea Road ,,Nelson,7042.0,-41.285794,173.275723,POINT(173.275723 -41.285794),Nelson Region,Nelson City,"Nelson, Marlborough, West Coast",Large urban area,Intermediate,,Private : Fully Registered,93,0,Open
4123,New Plymouth Adventist Christian School,41 Saxton Road ,Vogeltown,New Plymouth,4371.0,-39.085739,174.090023,POINT(174.090023 -39.085739),Taranaki Region,New Plymouth District,"Taranaki, Whanganui, Manawatū",Large urban area,Full Primary,,State : Integrated,59,443,Open
4125,Southcity Christian School,137 Collins Road ,Glenview,Hamilton,3245.0,-37.821909,175.268758,POINT(175.268758 -37.821909),Waikato Region,Waipa District,Waikato,Rural other,Full Primary,,State : Integrated,237,380,Open
4126,Palmerston North Adventist Christian School,25 Snelson Street ,,Palmerston North,4410.0,-40.360994,175.607452,POINT(175.607452 -40.360994),Manawatū-Whanganui Region,Palmerston North City,"Taranaki, Whanganui, Manawatū",Large urban area,Contributing,,State : Integrated,100,433,Open
4129,Rotorua S D A School,3 Tilsley Street ,Glenholme,Rotorua,3010.0,-38.150835,176.253367,POINT(176.253367 -38.150835),Bay of Plenty Region,Rotorua District,"Bay of Plenty, Waiariki",Large urban area,Full Primary,,State : Integrated,45,508,Open
4130,St George's School,132 Liverpool Street ,,Whanganui,4500.0,-39.929293,175.038396,POINT(175.038396 -39.929293),Manawatū-Whanganui Region,Whanganui District,"Taranaki, Whanganui, Manawatū",Large urban area,Full Primary,,Private : Fully Registered,133,0,Open
4131,St John's Girls' School (Invercargill),349 Dee Street ,,Invercargill,9810.0,-46.398542,168.347753,POINT(168.347753 -46.398542),Southland Region,Invercargill City,"Otago, Southland",Large urban area,Full Primary,,State : Integrated,124,417,Open
4132,St Joseph's School (Rangiora),35 Victoria Street ,,Rangiora,nan,-43.307442,172.595537,POINT(172.595537 -43.307442),Canterbury Region,Waimakariri District,"Canterbury, Chatham Islands",Medium urban area,Full Primary,,State : Integrated,177,420,Open
4133,Saint Kentigern Boys' School,82 Shore Road ,Remuera,Auckland,1541.0,-36.863852,174.802421,POINT(174.802421 -36.863852),Auckland Region,Ōrākei Local Board Area,Tāmaki Herenga Manawa,Major urban area,Full Primary,,Private : Fully Registered,658,0,Open
4134,St Mark's Church School (Mt Victoria),13 Dufferin Street ,Mount Victoria,Wellington,6242.0,-41.30108,174.781597,POINT(174.781597 -41.30108),Wellington Region,Wellington City,Wellington,Major urban area,Full Primary,,Private : Fully Registered,133,0,Open
4135,St Mark's School (Christchurch),Cholmondeley Avenue ,Opawa,Christchurch,8023.0,-43.552887,172.659307,POINT(172.659307 -43.552887),Canterbury Region,Christchurch City,"Canterbury, Chatham Islands",Major urban area,Full Primary,,State : Integrated,234,398,Open
4136,St Michael's Church School,249 Durham Street ,Christchurch Central,Christchurch,8140.0,-43.534774,172.633065,POINT(172.633065 -43.534774),Canterbury Region,Christchurch City,"Canterbury, Chatham Islands",Major urban area,Full Primary,,Private : Fully Registered,126,0,Open
4138,Selwyn House School,122 Merivale Lane ,Merivale,Christchurch,8014.0,-43.516643,172.623012,POINT(172.623012 -43.516643),Canterbury Region,Christchurch City,"Canterbury, Chatham Islands",Major urban area,Full Primary,,Private : Fully Registered,294,0,Open
4140,South Auckland S D A School,42 A Puhinui Road ,Papatoetoe,Auckland,2155.0,-36.983553,174.873967,POINT(174.873967 -36.983553),Auckland Region,Ōtara-Papatoetoe Local Board Area,Tāmaki Herenga Waka,Major urban area,Full Primary,,State : Integrated,353,474,Open
4141,Southwell School,200 Peachgrove Road ,Claudelands,Hamilton,3252.0,-37.774864,175.297033,POINT(175.297033 -37.774864),Waikato Region,Hamilton City,Waikato,Major urban area,Full Primary,,Private : Fully Registered,646,0,Open
4143,Tamariki School,86 St John's Street ,Woolston,Christchurch,8241.0,-43.546479,172.689238,POINT(172.689238 -43.546479),Canterbury Region,Christchurch City,"Canterbury, Chatham Islands",Major urban area,Full Primary,,State : Integrated,49,464,Open
4144,Tauranga Adventist School,19 Moffat Road ,Bethlehem,Tauranga,3147.0,-37.712633,176.113183,POINT(176.113183 -37.712633),Bay of Plenty Region,Tauranga City,"Bay of Plenty, Waiariki",Major urban area,Full Primary,,State : Integrated,115,429,Open
4145,Te Pi'ipi'inga Kakano Mai I Rangiatea,131 South Road ,Spotswood,New Plymouth,4344.0,-39.072961,174.035215,POINT(174.035215 -39.072961),Taranaki Region,New Plymouth District,"Taranaki, Whanganui, Manawatū",Large urban area,Composite,,State,131,514,Open
4146,Timatanga Community School,9 Mamari Road ,Whenuapai,Waitakere,618.0,-36.798577,174.612391,POINT(174.612391 -36.798577),Auckland Region,Upper Harbour Local Board Area,Tāmaki Herenga Tāngata,Major urban area,Full Primary,,State : Integrated,24,413,Open
4147,Waihi School,611 Temuka-Orari Highway ,,Temuka,7986.0,-44.173004,171.28259,POINT(171.28259 -44.173004),Canterbury Region,Timaru District,"Canterbury, Chatham Islands",Rural other,Full Primary,,Private : Fully Registered,137,0,Open
4149,Wellesley College,611A Marine Drive ,Days Bay,Lower Hutt,5047.0,-41.278533,174.907282,POINT(174.907282 -41.278533),Wellington Region,Lower Hutt City,Wellington,Major urban area,Full Primary,,Private : Fully Registered,232,0,Open
4150,Wellington S D A School,58 Raiha Street ,,Porirua,5249.0,-41.14846,174.831728,POINT(174.831728 -41.14846),Wellington Region,Porirua City,Wellington,Large urban area,Full Primary,,State : Integrated,106,453,Open
4151,Waitakere S D A School,26 Corban Avenue ,Henderson,Auckland,650.0,-36.893036,174.628386,POINT(174.628386 -36.893036),Auckland Region,Henderson-Massey Local Board Area,Tāmaki Herenga Tāngata,Major urban area,Full Primary,,State : Integrated,69,471,Open
4154,Whangarei Adventist Christian School,82 Whau Valley Road ,,Whangarei,112.0,-35.69627,174.307197,POINT(174.307197 -35.69627),Northland Region,Whangarei District,Tai Tokerau,Large urban area,Full Primary,,State : Integrated,30,474,Open
4156,Blind and Low Vision Education Network NZ,2 McVilly Rd ,Manurewa,Auckland,2243.0,-37.014798,174.87331,POINT(174.87331 -37.014798),Auckland Region,Manurewa Local Board Area,Tāmaki Herenga Waka,Major urban area,Specialist School,Sensory School,State,76,480,Open
4157,Westbridge Residential School,488E Don Buck Road ,Royal Heights,Auckland,656.0,-36.827289,174.599049,POINT(174.599049 -36.827289),Auckland Region,Henderson-Massey Local Board Area,Tāmaki Herenga Tāngata,Major urban area,Specialist School,Residential Specialist School,State,3,553,Open
4158,Hutt International Boys' School,Granville Street ,Trentham,Upper Hutt,5142.0,-41.140881,175.037121,POINT(175.037121 -41.140881),Wellington Region,Upper Hutt City,Wellington,Large urban area,Secondary (Year 7-15),,State : Integrated,653,366,Open
4160,TKKM o Te Atihaunui-A-Paparangi,25 Anaua Street ,Putiki,Whanganui,4500.0,-39.946844,175.049331,POINT(175.049331 -39.946844),Manawatū-Whanganui Region,Whanganui District,"Taranaki, Whanganui, Manawatū",Large urban area,Full Primary,,State,126,507,Open
4204,Hare Krishna School,1229 Coatesville-Riverhead Highway 28 ,,Riverhead,892.0,-36.769884,174.588686,POINT(174.588686 -36.769884),Auckland Region,Rodney Local Board Area,Tāmaki Herenga Tāngata,Rural other,Composite,,State : Integrated,214,371,Open
4205,TKKM o Piripono Te Kura Whakahou ki Ōtara,52 Alexander Crescent ,Otara,Auckland,2159.0,-36.95536,174.877035,POINT(174.877035 -36.95536),Auckland Region,Ōtara-Papatoetoe Local Board Area,Tāmaki Herenga Waka,Major urban area,Full Primary,,State,95,542,Open
4207,TKKM o Nga Maungarongo,140 Haverstock Road ,Mount Albert,Auckland,1440.0,-36.888352,174.726823,POINT(174.726823 -36.888352),Auckland Region,Albert-Eden Local Board Area,Tāmaki Herenga Manawa,Major urban area,Composite,,State,65,527,Open
4208,TKKM o Mangere,7 Comet Crescent ,Mangere,Auckland,2153.0,-36.96407,174.79608,POINT(174.79608 -36.96407),Auckland Region,Māngere-Ōtāhuhu Local Board Area,Tāmaki Herenga Waka,Major urban area,Composite,,State,292,544,Open
4209,TKKM o Manawatu,88 Rhodes Drive ,Kelvin Grove,Palmerston North,4414.0,-40.328271,175.645745,POINT(175.645745 -40.328271),Manawatū-Whanganui Region,Palmerston North City,"Taranaki, Whanganui, Manawatū",Large urban area,Full Primary,,State,117,506,Open
4211,TKKM o Te Rito,Te Rauparaha Street ,,Ōtaki,5542.0,-40.749054,175.13837,POINT(175.13837 -40.749054),Wellington Region,Kapiti Coast District,Wellington,Small urban area,Composite,,State,98,486,Open
4212,TKKM o Waitaha,45 Hassals Lane ,Waltham,Christchurch,8023.0,-43.551181,172.656331,POINT(172.656331 -43.551181),Canterbury Region,Christchurch City,"Canterbury, Chatham Islands",Major urban area,Composite,,State,224,519,Open
4217,Te Wharekura o Arowhenua,734 Tweed Street ,,Invercargill,9812.0,-46.416528,168.394643,POINT(168.394643 -46.416528),Southland Region,Invercargill City,"Otago, Southland",Large urban area,Composite,,State,189,536,Open
4218,TKKM o Tokomaru,19 Tokomaru Street ,,Tokomaru Bay,4047.0,-38.126566,178.31554,POINT(178.31554 -38.126566),Gisborne Region,Gisborne District,"Hawke's Bay, Tairāwhiti",Rural settlement,Full Primary,,State,21,531,Open
4223,TKKM o Tamarongo,169 Tasman Street ,,Opunake,4645.0,-39.450015,173.849356,POINT(173.849356 -39.450015),Taranaki Region,South Taranaki District,"Taranaki, Whanganui, Manawatū",Small urban area,Full Primary,,State,25,562,Open
4226,TKKM o Tamaki Nui A Rua,36 Makirikiri Road ,,Dannevirke,4930.0,-40.221345,176.088804,POINT(176.088804 -40.221345),Manawatū-Whanganui Region,Tararua District,Wellington,Small urban area,Composite,,State,81,535,Open
4227,TKKM o Kaikohe,20 Hongi Street ,,Kaikohe,440.0,-35.399996,173.803359,POINT(173.803359 -35.399996),Northland Region,Far North District,Tai Tokerau,Small urban area,Composite,,State,243,521,Open
4228,TKKM o Puau Te Moananui-a-Kiwa,26 A Farringdon Street ,Glen Innes,Auckland,1743.0,-36.873519,174.860179,POINT(174.860179 -36.873519),Auckland Region,Maungakiekie-Tāmaki Local Board Area,Tāmaki Herenga Manawa,Major urban area,Composite,,State,87,550,Open
4229,TKKM o Manurewa,119 Katikati Drive ,Manurewa,Auckland,2242.0,-37.015241,174.868451,POINT(174.868451 -37.015241),Auckland Region,Manurewa Local Board Area,Tāmaki Herenga Waka,Major urban area,Full Primary,,State,139,544,Open
4230,TKKM o Whakarewa I Te Reo Ki Tuwharetoa,56 Waikato Street ,,Taupo,3351.0,-38.68091,176.074192,POINT(176.074192 -38.68091),Waikato Region,Taupo District,"Bay of Plenty, Waiariki",Medium urban area,Composite,,State,190,516,Open
4535,Te Kura Kaupapa Māori o Hawaiki Hou,264A Lytton Road ,Elgin-Gisborne,Gisborne,4010.0,-38.660235,177.994769,POINT(177.994769 -38.660235),Gisborne Region,Gisborne District,"Hawke's Bay, Tairāwhiti",Large urban area,Composite,,State,84,555,Open
4541,The Forest School,605 Hibiscus Coast Highway ,Waiwera,Orewa,nan,-36.560733,174.698008,POINT(174.698008 -36.560733),Auckland Region,Hibiscus and Bays Local Board Area,Tāmaki Herenga Tāngata,Rural other,Full Primary,,Charter School,0,462,Open
4543,Te Kapehu Whetu - Tamaki,6-7 City Road ,Grafton,Auckland,1052.0,-36.856902,174.763597,POINT(174.763597 -36.856902),Auckland Region,Waitematā Local Board Area,Tāmaki Herenga Manawa,Major urban area,Secondary (Year 9-15),,Charter School,0,507,Open
4545,Altum Academy,66 Albemarle Road ,Wilton,Wellington,6012.0,-41.275091,174.756559,POINT(174.756559 -41.275091),Wellington Region,Wellington City,Wellington,Major urban area,Secondary (Year 7-15),,Charter School,0,375,Open
4546,Aotearoa Infinite Academy,18 Viaduct Harbour Avenue ,Auckland Central,Auckland,nan,-36.845589,174.757783,POINT(174.757783 -36.845589),Auckland Region,Waitematā Local Board Area,Tāmaki Herenga Manawa,Major urban area,Secondary (Year 9-15),,Charter School,0,473,Open
4547,Te Aratika High School,23 Giles Lane ,Mangateretere,Hastings,nan,-39.617654,176.894357,POINT(176.894357 -39.617654),Hawke's Bay Region,Hastings District,"Hawke's Bay, Tairāwhiti",Rural other,Secondary (Year 7-15),,Charter School,0,561,Open
4548,Sisters United Academy,239 Green Lane West ,Epsom,Auckland,nan,-36.892056,174.776159,POINT(174.776159 -36.892056),Auckland Region,Albert-Eden Local Board Area,Tāmaki Herenga Manawa,Major urban area,Secondary (Year 9-15),,Charter School,0,532,Open
4549,New Zealand Performance Academy Aotearoa,48 Somme Road ,Trentham,Upper Hutt,nan,-41.142127,175.028482,POINT(175.028482 -41.142127),Wellington Region,Upper Hutt City,Wellington,Large urban area,Secondary (Year 9-15),,Charter School,0,459,Open
4550,City 0-10,108 Greys Avenue ,Auckland Central,Auckland,794.0,-36.855518,174.759812,POINT(174.759812 -36.855518),Auckland Region,Waitematā Local Board Area,Tāmaki Herenga Manawa,Major urban area,Composite,,Private : Provisionally Registered,0,0,Open
4552,Tumanako Christian College,24 Waipapakauri Domain Rd ,,Waipapakauri,484.0,-35.025633,173.225124,POINT(173.225124 -35.025633),Northland Region,Far North District,Tai Tokerau,Rural other,Composite,,Private : Provisionally Registered,41,0,Open
4559,Te Whare Kounga,158 Carroll Street ,,Wairoa,nan,-39.025475,177.418778,POINT(177.418778 -39.025475),Hawke's Bay Region,Wairoa District,"Hawke's Bay, Tairāwhiti",Small urban area,Secondary (Year 7-15),,Charter School,0,533,Open
4560,Te Kura Awhitu,5906 Ruatahuna Road ,Ruatahuna,Minginui,3079.0,-38.613646,176.959107,POINT(176.959107 -38.613646),Bay of Plenty Region,Whakatane District,"Bay of Plenty, Waiariki",Rural other,Composite,,Charter School,0,536,Open
4566,Te Kura o Ngāti Whātua ki Tāmaki,Ground Floor 8 Tangihua Street,Auckland Central,Auckland,nan,-36.846108,174.773425,POINT(174.773425 -36.846108),Auckland Region,Waitematā Local Board Area,Tāmaki Herenga Manawa,Major urban area,Secondary (Year 9-15),,Charter School,0,435,Open
4582,Griffin Academy,47 Cobham Road ,,Kerikeri,nan,-35.231177,173.953217,POINT(173.953217 -35.231177),Northland Region,Far North District,Tai Tokerau,Small urban area,Composite,,Private : Provisionally Registered,0,0,Open
6070,Golden Sands School,26 Golden Sands Drive ,Papamoa Beach,Papamoa,3118.0,-37.718291,176.340294,POINT(176.340294 -37.718291),Bay of Plenty Region,Tauranga City,"Bay of Plenty, Waiariki",Major urban area,Contributing,,State,496,426,Open
6109,Auckland Secondary Schools' Centre,272A Jervois Road ,Herne Bay,Auckland,1011.0,-36.848636,174.730724,POINT(174.730724 -36.848636),Auckland Region,Waitematā Local Board Area,Tāmaki Herenga Manawa,Major urban area,Activity Centre,,State,0,569,Open
6110,Awhina School/ Activity Centre,50 Homedale Street ,Pukehangi,Rotorua,3040.0,-38.136653,176.210172,POINT(176.210172 -38.136653),Bay of Plenty Region,Rotorua District,"Bay of Plenty, Waiariki",Large urban area,Activity Centre,,State,0,569,Open
6111,Invercargill Activity Centre,78 Lowe Street ,,Invercargill,9810.0,-46.400515,168.348384,POINT(168.348384 -46.400515),Southland Region,Invercargill City,"Otago, Southland",Large urban area,Activity Centre,,State,0,569,Open
6113,Papakura Activity Centre,59 Wood Street ,,Papakura,2244.0,-37.065541,174.945539,POINT(174.945539 -37.065541),Auckland Region,Papakura Local Board Area,Tāmaki Herenga Waka,Major urban area,Activity Centre,,State,0,569,Open
6116,London House Learning Centre,154 London Street ,,Dunedin,9016.0,-45.871403,170.496575,POINT(170.496575 -45.871403),Otago Region,Dunedin City,"Otago, Southland",Major urban area,Activity Centre,,State,0,569,Open
6117,Hutt Valley Activity Centre,28 Graham Street ,Petone,Lower Hutt,5012.0,-41.222298,174.894609,POINT(174.894609 -41.222298),Wellington Region,Lower Hutt City,Wellington,Major urban area,Activity Centre,,State,0,569,Open
6118,Manawatu Community High School - Manawatu Kura a Iwi,120 Savage Crescent ,West End,Palmerston North,4445.0,-40.36839,175.606604,POINT(175.606604 -40.36839),Manawatū-Whanganui Region,Palmerston North City,"Taranaki, Whanganui, Manawatū",Large urban area,Activity Centre,,State,0,569,Open
6119,Akina School/ Activity Centre,414 Karamu Road South ,,Hastings,4156.0,-39.646056,176.83965,POINT(176.83965 -39.646056),Hawke's Bay Region,Hastings District,"Hawke's Bay, Tairāwhiti",Large urban area,Activity Centre,,State,0,569,Open
6124,Napier Community High School,22 Creagh Street ,,Napier,4110.0,-39.510318,176.915176,POINT(176.915176 -39.510318),Hawke's Bay Region,Napier City,"Hawke's Bay, Tairāwhiti",Large urban area,Activity Centre,,State,0,569,Open
6125,Turanganui-A-Kiwa Activity Centre,29 Carnarvon Street ,,Gisborne,4010.0,-38.659114,178.021471,POINT(178.021471 -38.659114),Gisborne Region,Gisborne District,"Hawke's Bay, Tairāwhiti",Large urban area,Activity Centre,,State,0,569,Open
6126,Taranaki Activity Centre,334 Frankley Road ,,New Plymouth,4310.0,-39.088241,174.061232,POINT(174.061232 -39.088241),Taranaki Region,New Plymouth District,"Taranaki, Whanganui, Manawatū",Large urban area,Activity Centre,,State,0,569,Open
6127,Porirua Activity Centre,28 Kenepuru Drive ,,Porirua,5240.0,-41.142944,174.842412,POINT(174.842412 -41.142944),Wellington Region,Porirua City,Wellington,Large urban area,Activity Centre,,State,0,569,Open
6128,Te Ara Activity Centre,7 Fore Street ,Kaiwharawhara,Wellington,nan,-41.258435,174.789146,POINT(174.789146 -41.258435),Wellington Region,Wellington City,Wellington,Major urban area,Activity Centre,,State,0,569,Open
6741,Te Matauranga,206 Finlayson Avenue ,Clendon Park,Auckland,2103.0,-37.035348,174.860313,POINT(174.860313 -37.035348),Auckland Region,Manurewa Local Board Area,Tāmaki Herenga Waka,Major urban area,Contributing,,State,312,503,Open
6742,Tahatai Coast School,45 Evans Road ,Papamoa,Tauranga,3118.0,-37.692058,176.259997,POINT(176.259997 -37.692058),Bay of Plenty Region,Tauranga City,"Bay of Plenty, Waiariki",Major urban area,Contributing,,State,785,428,Open
6759,Snells Beach Primary School,62 Dawson Road ,,Snells Beach,942.0,-36.428453,174.723704,POINT(174.723704 -36.428453),Auckland Region,Rodney Local Board Area,Tāmaki Herenga Tāngata,Small urban area,Contributing,,State,348,437,Open
6760,Somerville Intermediate School,39 Somerville Road ,Howick South,Auckland,2014.0,-36.91284,174.93907,POINT(174.93907 -36.91284),Auckland Region,Howick Local Board Area,Tāmaki Herenga Manawa,Major urban area,Intermediate,,State,957,387,Open
6763,Whangaparaoa College,8 Stanmore Bay Road ,,Stanmore Bay,943.0,-36.632624,174.745363,POINT(174.745363 -36.632624),Auckland Region,Hibiscus and Bays Local Board Area,Tāmaki Herenga Tāngata,Large urban area,Secondary (Year 7-15),,State,1904,447,Open
6783,Remarkables Primary School,49 Lake Avenue ,Frankton,Queenstown,9349.0,-45.022927,168.7318,POINT(168.7318 -45.022927),Otago Region,Queenstown-Lakes District,"Otago, Southland",Medium urban area,Full Primary,,State,417,397,Open
6788,Hobsonville Point Primary School,18 De Havilland Road ,Hobsonville Point,Auckland,657.0,-36.793184,174.662907,POINT(174.662907 -36.793184),Auckland Region,Upper Harbour Local Board Area,Tāmaki Herenga Tāngata,Major urban area,Full Primary,,State,689,370,Open
6920,Gulf Harbour School,65 Alec Craig Way ,,Whangaparaoa,930.0,-36.610568,174.799514,POINT(174.799514 -36.610568),Auckland Region,Hibiscus and Bays Local Board Area,Tāmaki Herenga Tāngata,Large urban area,Contributing,,State,540,414,Open
6921,Point View School,Kilkenny Drive ,Howick South,Auckland,2145.0,-36.925916,174.921715,POINT(174.921715 -36.925916),Auckland Region,Howick Local Board Area,Tāmaki Herenga Manawa,Major urban area,Contributing,,State,641,344,Open
6922,Waiheke Primary School,26 Sea View Road ,Ostend,Waiheke Island,1081.0,-36.791252,175.053076,POINT(175.053076 -36.791252),Auckland Region,Waiheke Local Board Area,Tāmaki Herenga Manawa,Small urban area,Full Primary,,State,274,411,Open
6929,Alfriston College,550 Porchester Road ,Manurewa,Auckland,2243.0,-37.017649,174.919792,POINT(174.919792 -37.017649),Auckland Region,Manurewa Local Board Area,Tāmaki Herenga Waka,Major urban area,Secondary (Year 9-15),,State,1273,496,Open
6930,Botany Downs Secondary College,575 Chapel Road ,Botany Downs,Auckland,2016.0,-36.934108,174.915446,POINT(174.915446 -36.934108),Auckland Region,Howick Local Board Area,Tāmaki Herenga Manawa,Major urban area,Secondary (Year 9-15),,State,1994,403,Open
6932,Pinehill School (Browns Bay),Cnr Hugh Green Drive & Spencer Road ,Pinehill,Auckland,632.0,-36.726727,174.717604,POINT(174.717604 -36.726727),Auckland Region,Upper Harbour Local Board Area,Tāmaki Herenga Tāngata,Major urban area,Contributing,,State,388,359,Open
6937,Summerland Primary,62 Summerland Drive ,Henderson,Auckland,612.0,-36.875363,174.612019,POINT(174.612019 -36.875363),Auckland Region,Henderson-Massey Local Board Area,Tāmaki Herenga Tāngata,Major urban area,Contributing,,State,619,394,Open
6939,Kohia Terrace School,3 Kohia Terrace ,Epsom,Auckland,1023.0,-36.885336,174.770216,POINT(174.770216 -36.885336),Auckland Region,Albert-Eden Local Board Area,Tāmaki Herenga Manawa,Major urban area,Full Primary,,State,367,344,Open
6940,Te Akau ki Papamoa Primary School,29 Doncaster Drive ,Papamoa,Tauranga,3151.0,-37.706322,176.288173,POINT(176.288173 -37.706322),Bay of Plenty Region,Tauranga City,"Bay of Plenty, Waiariki",Major urban area,Contributing,,State,492,448,Open
6941,Endeavour School,Endeavour Avenue ,Flagstaff-Hamilton,Hamilton,3248.0,-37.732253,175.253714,POINT(175.253714 -37.732253),Waikato Region,Hamilton City,Waikato,Major urban area,Contributing,,State,449,411,Open
6944,Randwick Park School,Riverton Drive ,Randwick Park,Auckland,2243.0,-37.022922,174.917646,POINT(174.917646 -37.022922),Auckland Region,Manurewa Local Board Area,Tāmaki Herenga Waka,Major urban area,Full Primary,,State,695,496,Open
6945,Selwyn Ridge School,20 Holmburn Street ,Welcome Bay,Tauranga,3112.0,-37.733151,176.182359,POINT(176.182359 -37.733151),Bay of Plenty Region,Tauranga City,"Bay of Plenty, Waiariki",Major urban area,Contributing,,State,467,449,Open
6946,Oteha Valley School,87 Fields Parade ,Oteha,Auckland,632.0,-36.71746,174.718348,POINT(174.718348 -36.71746),Auckland Region,Upper Harbour Local Board Area,Tāmaki Herenga Tāngata,Major urban area,Contributing,,State,510,357,Open
6947,The Gardens School,101 Charles Prevost Drive ,The Gardens,Manukau,2105.0,-37.004951,174.917435,POINT(174.917435 -37.004951),Auckland Region,Manurewa Local Board Area,Tāmaki Herenga Waka,Major urban area,Full Primary,,State,528,400,Open
6948,Albany Junior High School,Appleby Road ,Albany,Auckland,751.0,-36.749098,174.692581,POINT(174.692581 -36.749098),Auckland Region,Upper Harbour Local Board Area,Tāmaki Herenga Tāngata,Major urban area,Secondary (Year 7-10),,State,1128,408,Open
6955,Upper Harbour Primary School,140 Kyle Road ,Albany,Auckland,632.0,-36.762293,174.686613,POINT(174.686613 -36.762293),Auckland Region,Upper Harbour Local Board Area,Tāmaki Herenga Tāngata,Major urban area,Contributing,,State,360,351,Open
6959,Willowbank School (Howick),56 Middlefield Drive ,Dannemora,Auckland,2016.0,-36.948733,174.914146,POINT(174.914146 -36.948733),Auckland Region,Howick Local Board Area,Tāmaki Herenga Manawa,Major urban area,Contributing,,State,710,374,Open
6960,Baverstock Oaks School,21 Baverstock Road ,Flat Bush,Auckland,2016.0,-36.955855,174.91386,POINT(174.91386 -36.955855),Auckland Region,Howick Local Board Area,Tāmaki Herenga Manawa,Major urban area,Contributing,,State,593,388,Open
6962,Te Wharekura o Mauao,1 Westmorland Rise ,Bethlehem,Tauranga,3147.0,-37.691216,176.109724,POINT(176.109724 -37.691216),Bay of Plenty Region,Tauranga City,"Bay of Plenty, Waiariki",Major urban area,Secondary (Year 7-15),,State,285,522,Open
6963,Papamoa College,151 Doncaster Road ,Papamoa,Tauranga,3151.0,-37.714028,176.302675,POINT(176.302675 -37.714028),Bay of Plenty Region,Tauranga City,"Bay of Plenty, Waiariki",Major urban area,Secondary (Year 7-15),,State,1869,458,Open
6967,Lemonwood Grove School,14 Lemonwood Drive ,,Rolleston,7615.0,-43.622673,172.386021,POINT(172.386021 -43.622673),Canterbury Region,Selwyn District,"Canterbury, Chatham Islands",Medium urban area,Full Primary,,State,1147,419,Open
6975,Garin College,35 Champion Road ,Richmond,Nelson,7020.0,-41.335408,173.204819,POINT(173.204819 -41.335408),Nelson Region,Nelson City,"Nelson, Marlborough, West Coast",Medium urban area,Secondary (Year 9-15),,State : Integrated,634,429,Open
6976,Rototuna Primary School,23 Strathmore Drive ,Rototuna,Hamilton,3256.0,-37.732342,175.276571,POINT(175.276571 -37.732342),Waikato Region,Hamilton City,Waikato,Major urban area,Contributing,,State,821,400,Open
6977,Hobsonville Point Secondary School,Hobsonville Point Road ,Hobsonville Point,Auckland,657.0,-36.79409,174.65521,POINT(174.65521 -36.79409),Auckland Region,Upper Harbour Local Board Area,Tāmaki Herenga Tāngata,Major urban area,Secondary (Year 9-15),,State,1056,430,Open
6978,Reremoana School,Scotsmoor Drive ,Wattle Downs,Auckland,2243.0,-37.05066,174.877018,POINT(174.877018 -37.05066),Auckland Region,Manurewa Local Board Area,Tāmaki Herenga Waka,Major urban area,Full Primary,,State,423,408,Open
6980,Clearview Primary,20 Broadlands Drive ,,Rolleston,7643.0,-43.606108,172.38121,POINT(172.38121 -43.606108),Canterbury Region,Selwyn District,"Canterbury, Chatham Islands",Medium urban area,Full Primary,,State,833,414,Open
