site_contractor_id,site_id,contractor_id,contract_start_date,contract_end_date,is_active
1,1,95,2021-10-21,,True
2,1,147,2022-08-20,,True
3,1,124,2020-10-08,,True
4,1,113,2021-11-17,,True
5,1,91,2022-01-18,,True
6,2,48,2020-05-06,,True
7,2,143,2020-10-29,,True
8,2,9,2020-08-05,,True
9,2,137,2021-08-24,,True
10,3,95,2022-12-16,,True
11,3,1,2021-08-19,,True
12,3,91,2022-07-18,,True
13,3,56,2020-10-19,2022-09-22,False
14,4,63,2022-07-14,,True
15,4,56,2022-11-26,,True
16,4,9,2020-02-21,,True
17,4,5,2021-08-04,,True
18,5,48,2020-08-29,,True
19,5,37,2022-04-04,,True
20,5,16,2020-04-06,,True
21,5,95,2022-02-11,,True
22,6,137,2023-01-22,,True
23,6,47,2020-08-29,,True
24,6,91,2021-12-21,,True
25,6,9,2021-02-05,,True
26,7,48,2022-01-19,,True
27,7,95,2021-12-23,,True
28,7,91,2023-01-14,,True
29,7,5,2020-01-18,,True
30,7,16,2021-06-19,,True
31,8,95,2020-08-22,2023-05-06,False
32,8,98,2021-11-20,,True
33,8,5,2021-12-13,,True
34,8,27,2021-07-02,,True
35,8,16,2020-05-08,,True
36,9,5,2021-07-20,,True
37,9,48,2020-09-26,,True
38,9,68,2022-04-11,,True
39,10,27,2021-08-06,,True
40,10,91,2021-01-19,,True
41,10,137,2020-12-23,,True
42,10,68,2023-03-19,,True
43,10,95,2022-09-26,,True
44,11,48,2023-03-20,,True
45,11,5,2020-01-20,,True
46,11,56,2023-03-01,,True
47,12,95,2021-10-16,,True
48,12,87,2023-04-06,,True
49,12,91,2021-05-05,2023-06-06,False
50,13,56,2022-06-27,,True
51,13,68,2023-02-07,,True
52,13,95,2020-08-07,,True
53,14,16,2021-01-06,2022-09-26,False
54,14,48,2020-09-10,,True
55,14,68,2021-08-23,,True
56,14,5,2021-05-23,,True
57,14,95,2021-07-13,,True
58,15,31,2022-02-27,,True
59,15,95,2022-06-02,,True
60,15,70,2021-12-31,,True
61,15,56,2020-04-12,,True
62,15,137,2020-02-20,2023-01-22,False
63,16,16,2020-01-15,,True
64,16,5,2021-01-14,,True
65,16,56,2022-12-25,2024-08-10,False
66,17,87,2020-02-17,,True
67,17,48,2020-12-15,,True
68,17,24,2020-03-31,,True
69,17,109,2020-07-29,2023-02-20,False
70,18,5,2021-09-02,,True
71,18,55,2021-02-11,,True
72,18,48,2022-04-16,2025-02-21,False
73,18,16,2021-01-25,,True
74,18,57,2022-05-09,,True
75,19,85,2021-10-17,,True
76,19,98,2020-08-14,,True
77,19,56,2023-02-05,,True
78,20,32,2020-01-22,,True
79,20,57,2021-12-23,,True
80,20,143,2022-10-15,,True
81,21,48,2022-09-29,,True
82,21,5,2023-01-21,,True
83,21,88,2020-06-20,,True
84,21,143,2022-04-06,,True
85,21,38,2021-07-27,,True
86,21,91,2020-08-20,,True
87,22,56,2021-06-01,2023-01-20,False
88,22,48,2020-12-09,,True
89,22,16,2020-08-29,,True
90,22,5,2020-09-16,,True
91,23,61,2021-05-31,,True
92,23,34,2023-03-19,,True
93,23,118,2021-08-31,2023-08-15,False
94,23,110,2022-11-07,,True
95,24,102,2021-04-14,,True
96,24,100,2020-08-17,,True
97,24,10,2022-05-12,,True
98,25,71,2022-06-19,,True
99,25,100,2022-11-26,2025-08-22,False
100,25,64,2022-12-25,,True
101,25,13,2023-04-09,2025-07-10,False
102,25,7,2021-04-27,2024-02-12,False
103,26,100,2022-12-29,2025-12-17,False
104,26,71,2020-03-25,,True
105,27,70,2021-11-18,,True
106,27,73,2020-02-17,,True
107,27,83,2021-01-21,,True
108,28,50,2021-01-08,,True
109,28,83,2021-04-26,,True
110,28,44,2022-11-14,2025-06-02,False
111,29,121,2020-12-17,,True
112,29,7,2022-01-25,,True
113,29,102,2020-01-10,,True
114,30,44,2020-01-02,,True
115,30,118,2021-09-05,,True
116,30,102,2021-03-25,2022-12-05,False
117,30,83,2021-06-15,,True
118,30,22,2020-09-28,,True
119,30,84,2023-02-25,,True
120,31,44,2020-04-25,,True
121,31,120,2020-08-26,2022-01-09,False
122,31,61,2022-11-01,2025-06-14,False
123,32,7,2021-09-30,,True
124,32,102,2021-08-20,,True
125,32,94,2023-04-12,2025-01-13,False
126,32,118,2023-02-17,,True
127,32,100,2022-06-08,,True
128,35,9,2020-08-28,,True
129,35,118,2021-11-13,,True
130,35,53,2021-02-07,,True
131,35,71,2021-06-11,,True
132,35,34,2020-05-05,2022-01-06,False
133,35,83,2021-09-07,,True
134,36,71,2020-12-23,,True
135,36,44,2022-02-12,2024-11-04,False
136,36,125,2021-06-03,,True
137,36,100,2022-12-05,,True
138,37,102,2023-01-13,,True
139,37,44,2020-06-19,2022-09-07,False
140,37,100,2020-03-25,,True
141,38,71,2023-03-26,,True
142,38,7,2022-04-04,,True
143,38,141,2020-08-02,2022-10-22,False
144,39,118,2020-02-25,,True
145,39,102,2021-10-22,2024-05-03,False
146,39,49,2021-10-10,,True
147,40,120,2021-10-01,2023-12-17,False
148,40,83,2022-06-24,,True
149,40,118,2021-12-19,2024-11-06,False
150,40,102,2020-12-19,,True
151,40,34,2022-03-29,,True
152,41,61,2021-08-08,,True
153,41,44,2020-11-21,,True
154,41,22,2020-02-16,,True
155,41,100,2020-03-14,2022-09-27,False
156,41,83,2022-09-22,2024-03-10,False
157,42,100,2021-02-17,,True
158,42,71,2021-03-06,2022-06-01,False
159,42,103,2021-10-27,2023-06-26,False
160,42,34,2022-08-11,,True
161,43,96,2022-12-04,,True
162,43,71,2020-08-18,,True
163,43,60,2021-06-19,,True
164,44,124,2022-10-20,,True
165,44,118,2020-02-14,,True
166,44,44,2021-11-11,,True
167,44,112,2021-08-01,,True
168,44,61,2021-01-11,,True
169,44,144,2021-10-21,,True
170,45,115,2021-05-11,,True
171,45,61,2021-01-06,2022-02-28,False
172,45,86,2020-11-21,2023-01-18,False
173,45,118,2022-07-23,,True
174,46,100,2020-08-22,,True
175,46,44,2021-06-20,,True
176,46,47,2022-07-04,,True
177,46,122,2020-05-01,2021-05-07,False
178,46,13,2020-09-21,,True
179,47,45,2020-07-15,,True
180,47,71,2021-01-21,,True
181,47,118,2022-09-02,2025-07-13,False
182,47,82,2022-07-19,,True
183,48,118,2021-12-17,,True
184,48,42,2023-03-04,,True
185,48,22,2022-07-10,,True
186,48,7,2022-07-29,,True
187,48,36,2021-09-18,,True
188,49,63,2023-03-09,2024-07-15,False
189,49,22,2020-05-19,,True
190,49,34,2021-04-27,,True
191,49,112,2020-05-05,,True
192,49,139,2022-11-20,,True
193,49,7,2022-12-11,,True
194,50,44,2022-01-22,,True
195,50,99,2021-07-12,2024-03-24,False
196,50,61,2022-01-07,,True
197,51,128,2021-01-30,,True
198,51,100,2021-08-18,2024-08-03,False
199,51,114,2020-08-18,,True
200,51,71,2022-06-27,,True
201,51,44,2022-05-16,,True
202,52,84,2022-11-20,,True
203,52,26,2022-04-24,,True
204,52,2,2022-02-13,2024-04-28,False
205,52,22,2020-08-04,,True
206,52,44,2022-07-25,2024-11-14,False
207,53,102,2021-10-12,,True
208,53,61,2022-07-29,,True
209,53,100,2022-02-04,,True
210,53,7,2022-09-23,,True
211,53,22,2021-06-30,,True
212,54,61,2022-02-03,,True
213,54,100,2021-07-23,,True
214,54,83,2021-04-21,,True
215,57,102,2020-07-22,,True
216,57,7,2021-11-26,,True
217,57,108,2022-01-13,,True
218,58,30,2021-07-11,,True
219,58,71,2021-04-11,,True
220,58,130,2022-11-03,,True
221,59,118,2022-04-13,,True
222,59,34,2022-10-23,,True
223,59,7,2021-07-20,,True
224,60,100,2023-04-06,,True
225,60,83,2021-06-07,2023-10-03,False
226,60,106,2022-01-24,2024-01-29,False
227,60,127,2023-01-03,2025-01-17,False
228,60,22,2021-08-04,2023-12-17,False
229,60,7,2021-05-18,,True
230,61,105,2020-02-24,,True
231,61,100,2020-07-14,,True
232,61,118,2021-12-10,,True
233,61,61,2021-07-09,,True
234,61,10,2021-02-15,,True
235,62,103,2021-05-06,,True
236,62,61,2023-01-04,,True
237,62,139,2020-05-01,,True
238,62,102,2021-03-22,,True
239,62,64,2020-08-08,2022-03-01,False
240,63,65,2020-07-04,,True
241,63,71,2020-04-30,,True
242,63,118,2023-01-06,,True
243,63,14,2020-09-22,,True
244,63,61,2022-10-12,,True
245,63,99,2022-05-14,,True
246,64,102,2022-10-13,,True
247,64,1,2020-05-02,,True
248,64,100,2021-04-12,,True
249,65,109,2020-09-16,,True
250,65,100,2021-09-28,2024-02-27,False
251,65,106,2021-09-24,2024-03-02,False
252,66,22,2021-07-05,,True
253,66,83,2021-11-04,,True
254,66,142,2020-01-20,,True
255,66,44,2022-12-05,,True
256,66,118,2021-05-14,,True
257,67,44,2021-11-13,2023-06-10,False
258,67,71,2021-04-25,,True
259,67,22,2021-03-24,,True
260,67,115,2022-04-10,,True
261,68,44,2021-09-06,2023-05-14,False
262,68,61,2022-04-18,,True
263,68,36,2023-01-16,2025-07-02,False
264,68,34,2023-03-12,,True
265,69,22,2022-04-18,,True
266,69,97,2021-06-15,,True
267,69,83,2023-01-26,,True
268,69,89,2021-08-06,,True
269,69,71,2020-12-24,,True
270,70,100,2020-06-22,2023-03-05,False
271,70,87,2021-04-10,,True
272,70,7,2020-04-23,2021-10-26,False
273,74,59,2020-06-17,,True
274,74,81,2022-01-11,,True
275,74,118,2021-10-23,,True
276,75,7,2022-05-30,,True
277,75,102,2022-05-07,,True
278,75,100,2020-08-30,,True
279,75,105,2022-04-24,2023-12-09,False
280,77,24,2023-02-15,,True
281,77,112,2020-06-15,2021-07-24,False
282,77,58,2023-01-30,,True
283,78,141,2020-01-06,,True
284,78,102,2021-03-16,2022-03-19,False
285,78,133,2022-12-07,2025-04-26,False
286,78,83,2021-11-29,,True
287,79,44,2021-06-20,2022-11-16,False
288,79,34,2021-06-25,2023-05-18,False
289,79,7,2022-09-16,,True
290,79,4,2020-10-30,,True
291,79,71,2020-12-02,,True
292,80,34,2020-08-28,2023-05-13,False
293,80,61,2023-03-10,,True
294,80,44,2022-10-21,,True
295,80,68,2020-10-13,,True
296,81,7,2023-01-17,,True
297,81,34,2022-09-19,2024-05-11,False
298,81,100,2020-11-07,2022-05-30,False
299,81,12,2022-03-27,,True
300,81,102,2022-12-08,,True
301,82,114,2023-03-18,,True
302,82,35,2022-04-20,,True
303,82,30,2020-02-20,,True
304,83,34,2020-11-14,,True
305,83,33,2022-07-24,,True
306,83,83,2021-11-23,,True
307,84,48,2021-02-23,2022-12-23,False
308,84,102,2023-03-25,,True
309,84,118,2021-02-27,,True
310,85,100,2021-08-05,,True
311,85,102,2020-02-13,,True
312,85,44,2020-07-14,,True
313,86,31,2022-08-02,,True
314,86,46,2022-09-04,,True
315,86,102,2021-05-30,2023-11-08,False
316,86,22,2020-09-09,,True
317,87,7,2021-05-17,2023-10-13,False
318,87,118,2021-07-11,,True
319,87,24,2021-05-09,,True
320,87,137,2022-03-21,,True
321,88,34,2021-08-16,2023-06-14,False
322,88,138,2022-10-18,2025-01-30,False
323,88,25,2021-01-25,,True
324,88,22,2023-01-10,,True
325,88,118,2021-12-06,,True
326,89,71,2020-10-13,,True
327,89,44,2022-10-25,2025-09-25,False
328,89,7,2021-06-04,,True
329,90,100,2020-03-27,,True
330,90,21,2021-02-23,2023-01-04,False
331,90,99,2021-02-21,2022-09-14,False
332,90,44,2022-12-11,,True
333,91,61,2022-02-12,,True
334,91,100,2021-03-14,,True
335,91,22,2020-06-21,,True
336,93,102,2023-03-06,,True
337,93,82,2022-05-18,,True
338,93,105,2020-07-30,,True
339,93,71,2022-07-04,,True
340,93,118,2020-06-21,,True
341,93,34,2022-11-02,,True
342,94,118,2021-07-25,2024-03-27,False
343,94,102,2020-08-24,,True
344,94,35,2022-05-03,,True
345,94,74,2021-05-08,2023-06-28,False
346,95,34,2022-10-24,,True
347,95,14,2020-10-23,,True
348,95,61,2020-12-04,,True
349,95,102,2020-06-22,,True
350,95,110,2021-12-20,,True
351,96,84,2021-02-25,,True
352,96,120,2023-03-03,,True
353,96,118,2020-04-06,,True
354,96,107,2021-08-01,,True
355,96,44,2021-11-17,,True
356,97,71,2021-10-03,,True
357,97,86,2020-10-31,2023-03-14,False
358,97,118,2022-06-17,,True
359,97,22,2021-09-13,2023-09-01,False
360,99,34,2022-04-05,,True
361,99,67,2022-10-17,,True
362,99,13,2020-01-25,,True
363,100,61,2021-02-06,,True
364,100,80,2023-03-01,,True
365,100,43,2022-07-26,,True
366,101,44,2020-03-13,,True
367,101,100,2020-03-09,,True
368,101,7,2022-07-23,,True
369,102,118,2021-03-01,,True
370,102,70,2021-05-13,2023-09-26,False
371,102,34,2020-02-18,,True
372,102,94,2022-03-27,2025-02-17,False
373,103,83,2022-10-28,,True
374,103,100,2023-02-28,2025-05-31,False
375,103,133,2022-11-17,,True
376,103,61,2021-11-26,2024-07-11,False
377,104,76,2021-09-15,,True
378,104,109,2021-05-11,2024-02-15,False
379,104,31,2020-10-19,,True
380,104,3,2021-08-26,,True
381,104,7,2020-02-14,,True
382,105,7,2020-08-29,,True
383,105,118,2020-02-15,2021-04-12,False
384,105,22,2021-11-02,,True
385,105,100,2021-08-12,,True
386,106,99,2022-02-24,2024-08-28,False
387,106,46,2020-08-12,,True
388,106,28,2022-12-25,,True
389,108,25,2020-05-24,,True
390,108,100,2022-11-04,2024-08-13,False
391,108,19,2021-08-09,2023-03-28,False
392,108,126,2022-04-26,,True
393,108,103,2022-08-06,,True
394,108,48,2020-02-13,,True
395,109,126,2021-09-19,,True
396,109,21,2021-09-27,,True
397,109,56,2020-01-30,2021-07-16,False
398,109,73,2022-11-11,,True
399,109,69,2022-04-13,,True
400,110,25,2021-04-20,,True
401,110,89,2020-11-01,,True
402,110,39,2021-05-04,2022-05-29,False
403,110,126,2020-07-29,,True
404,110,67,2020-07-28,,True
405,110,74,2021-05-28,,True
406,111,99,2021-07-21,,True
407,111,97,2023-02-05,,True
408,111,49,2021-02-11,,True
409,112,21,2022-10-14,2024-09-01,False
410,112,99,2021-12-03,,True
411,112,19,2022-06-30,,True
412,112,115,2020-09-07,2022-11-13,False
413,112,25,2021-10-17,2023-06-22,False
414,113,57,2023-01-05,,True
415,113,140,2022-10-25,,True
416,113,17,2020-02-02,,True
417,113,25,2022-06-08,,True
418,113,99,2021-05-06,2023-01-14,False
419,114,126,2023-01-13,,True
420,114,30,2022-05-02,,True
421,114,90,2023-02-23,,True
422,115,49,2020-08-22,,True
423,115,126,2021-07-17,,True
424,115,85,2022-08-04,,True
425,116,140,2021-02-23,,True
426,116,47,2021-08-28,,True
427,116,126,2020-10-28,,True
428,116,39,2020-08-22,,True
429,117,14,2021-05-25,,True
430,117,128,2022-04-16,,True
431,117,58,2020-12-26,,True
432,117,131,2020-05-12,,True
433,117,75,2020-12-10,2022-12-22,False
434,118,112,2020-09-23,,True
435,118,118,2022-07-08,2024-11-17,False
436,118,145,2021-02-03,,True
437,118,24,2022-03-06,2024-12-15,False
438,118,149,2020-07-27,2021-11-15,False
439,119,150,2020-06-06,2022-03-06,False
440,119,4,2023-03-20,2025-05-11,False
441,119,17,2020-10-13,,True
442,119,85,2021-05-23,,True
443,119,124,2023-03-14,,True
444,120,11,2020-08-14,,True
445,120,12,2023-03-18,,True
446,120,131,2020-12-29,,True
447,120,112,2021-11-18,2024-04-27,False
448,120,145,2021-04-15,,True
449,120,29,2022-08-13,,True
450,121,75,2021-02-05,,True
451,121,147,2020-01-25,,True
452,121,132,2020-05-24,2021-08-29,False
453,121,142,2022-01-26,,True
454,121,131,2021-05-20,,True
455,122,58,2023-02-27,,True
456,122,112,2020-03-10,,True
457,122,75,2022-11-12,,True
458,123,75,2023-03-07,,True
459,123,28,2020-10-07,2022-02-26,False
460,124,102,2022-10-02,,True
461,124,35,2021-04-18,,True
462,124,150,2021-09-12,,True
463,124,119,2020-12-21,,True
464,125,39,2020-10-27,,True
465,125,21,2020-02-12,,True
466,125,7,2020-06-10,2023-05-29,False
467,126,38,2022-09-13,,True
468,126,99,2023-03-31,,True
469,126,138,2022-12-16,,True
470,126,120,2021-04-04,,True
471,127,99,2020-04-27,,True
472,127,19,2021-05-29,,True
473,127,38,2022-04-07,,True
474,127,111,2020-05-30,,True
475,127,46,2021-03-11,2023-04-18,False
476,127,103,2022-12-21,,True
477,129,42,2020-11-20,,True
478,129,150,2022-05-28,,True
479,129,148,2021-07-08,2024-01-13,False
480,129,119,2020-05-26,,True
481,130,21,2020-08-30,,True
482,130,99,2022-01-10,,True
483,130,25,2022-02-05,,True
484,130,93,2021-07-16,,True
485,130,150,2020-08-28,,True
486,131,19,2022-02-28,,True
487,131,25,2020-09-03,2022-10-12,False
488,131,114,2021-12-14,,True
489,131,99,2020-05-02,,True
490,132,17,2021-10-24,2024-02-01,False
491,132,150,2020-12-10,2023-05-29,False
492,132,126,2022-02-05,,True
493,132,39,2021-12-11,,True
494,133,110,2021-07-22,,True
495,133,62,2023-02-05,,True
496,133,52,2021-06-11,,True
497,133,3,2022-08-04,2024-12-20,False
498,134,94,2020-06-06,,True
499,134,33,2022-06-29,,True
500,134,6,2023-02-04,,True
501,134,60,2020-01-27,,True
502,135,17,2021-07-11,,True
503,135,21,2020-09-05,,True
504,135,126,2020-02-13,,True
505,135,29,2022-01-25,2024-08-27,False
506,136,108,2021-01-01,,True
507,136,150,2021-11-23,,True
508,136,103,2020-07-17,2022-03-07,False
509,136,28,2023-03-04,,True
510,136,21,2020-04-05,,True
511,138,30,2020-10-17,2022-02-20,False
512,138,2,2022-01-13,,True
513,138,39,2020-04-26,2023-04-17,False
514,138,135,2022-10-23,,True
515,138,17,2021-02-10,,True
516,139,99,2021-04-10,,True
517,139,38,2020-03-13,,True
518,139,39,2020-11-02,,True
519,139,103,2021-05-30,,True
520,140,99,2022-02-17,,True
521,140,150,2021-09-18,,True
522,140,122,2021-12-18,,True
523,141,126,2021-10-31,2024-08-09,False
524,141,17,2021-12-15,,True
525,141,125,2021-05-22,,True
526,141,19,2020-05-13,,True
527,141,103,2023-01-14,,True
528,142,17,2021-04-15,,True
529,142,21,2022-03-29,,True
530,142,140,2020-05-14,2022-06-29,False
531,143,64,2021-09-14,,True
532,143,29,2020-04-03,,True
533,143,131,2022-01-21,2024-08-10,False
534,144,75,2021-04-28,,True
535,144,143,2020-04-19,,True
536,144,28,2022-05-28,,True
537,145,128,2023-02-02,2025-07-25,False
538,145,112,2021-03-08,,True
539,145,149,2020-04-12,,True
540,145,145,2020-01-06,,True
541,145,75,2021-06-10,2023-02-04,False
542,145,43,2020-12-17,,True
543,146,38,2020-08-01,,True
544,146,140,2021-10-10,,True
545,146,39,2020-02-15,,True
546,146,69,2020-12-14,,True
547,146,25,2021-09-16,,True
548,148,40,2023-03-13,,True
549,148,149,2021-03-22,,True
550,148,111,2022-05-02,,True
551,148,128,2023-02-19,,True
552,148,121,2021-11-26,2023-10-02,False
553,148,28,2022-02-08,,True
554,151,128,2022-10-04,2023-10-23,False
555,151,58,2021-11-04,,True
556,151,24,2021-08-18,,True
557,152,28,2020-02-27,,True
558,152,112,2023-01-21,,True
559,152,13,2020-10-19,2023-06-28,False
560,152,98,2020-05-21,,True
561,153,29,2023-03-15,,True
562,153,28,2020-03-29,,True
563,153,145,2021-11-29,,True
564,153,127,2020-02-09,2021-06-08,False
565,154,143,2020-02-08,,True
566,154,99,2020-03-17,,True
567,154,128,2021-08-22,,True
568,154,29,2022-02-23,2023-12-17,False
569,157,25,2020-07-18,,True
570,157,103,2020-10-19,2022-05-24,False
571,157,126,2021-09-12,,True
572,157,99,2020-08-25,,True
573,158,150,2020-11-28,,True
574,158,94,2023-04-06,,True
575,158,39,2022-01-01,,True
576,158,38,2022-01-11,,True
577,158,143,2020-06-22,2021-06-28,False
578,159,39,2020-03-07,,True
579,159,140,2021-12-01,,True
580,159,99,2021-10-08,,True
581,159,22,2020-01-24,2022-03-24,False
582,160,140,2023-01-31,2024-03-06,False
583,160,38,2023-01-10,,True
584,160,19,2022-11-26,,True
585,160,149,2021-07-19,,True
586,161,39,2021-08-26,,True
587,161,38,2020-08-23,,True
588,161,99,2020-04-27,2023-04-06,False
589,162,38,2020-02-07,,True
590,162,40,2020-10-28,,True
591,162,150,2021-04-08,,True
592,162,19,2020-01-15,,True
593,164,42,2023-03-05,,True
594,164,150,2021-08-05,,True
595,164,21,2020-11-12,2022-09-23,False
596,164,3,2021-04-27,,True
597,166,99,2021-08-07,,True
598,166,21,2023-02-11,2025-07-28,False
599,166,25,2022-03-20,,True
600,166,140,2022-03-04,,True
601,167,45,2022-08-09,,True
602,167,115,2020-11-10,,True
603,167,99,2021-03-28,,True
604,169,92,2022-03-17,,True
605,169,42,2021-10-11,,True
606,169,68,2022-05-29,,True
607,169,45,2022-07-28,,True
608,169,31,2022-12-10,,True
609,169,18,2022-02-16,,True
610,170,22,2022-02-19,2024-02-29,False
611,170,80,2022-11-07,,True
612,170,65,2020-05-12,,True
613,170,62,2020-07-23,2022-10-31,False
614,171,147,2020-07-25,2022-08-04,False
615,171,119,2022-11-24,,True
616,171,4,2022-10-28,,True
617,171,65,2021-02-24,,True
618,172,80,2021-12-02,2023-09-17,False
619,172,62,2022-02-12,,True
620,172,38,2021-04-22,,True
621,172,147,2022-07-11,,True
622,172,42,2022-10-22,,True
623,173,65,2022-03-23,,True
624,173,62,2021-03-24,2023-11-09,False
625,174,147,2021-01-30,,True
626,174,64,2021-12-29,,True
627,174,62,2021-01-31,,True
628,174,65,2022-07-04,,True
629,175,78,2021-05-22,,True
630,175,80,2022-09-04,,True
631,175,17,2021-02-02,2022-03-30,False
632,175,147,2022-11-27,,True
633,176,81,2020-09-23,,True
634,176,77,2020-04-05,,True
635,176,57,2021-05-21,,True
636,176,11,2022-08-10,,True
637,177,66,2021-06-02,,True
638,177,62,2021-03-31,,True
639,177,84,2022-10-16,2025-05-16,False
640,177,43,2022-07-21,,True
641,179,147,2021-11-28,,True
642,179,80,2020-09-23,,True
643,179,62,2020-02-08,,True
644,179,65,2021-02-21,2023-11-10,False
645,180,65,2021-03-28,,True
646,180,80,2022-10-08,,True
647,180,62,2020-02-05,2021-05-25,False
648,180,124,2021-10-20,,True
649,181,44,2020-04-04,,True
650,181,80,2021-06-13,,True
651,181,147,2023-03-08,,True
652,181,62,2021-03-05,,True
653,183,32,2023-01-24,2024-09-28,False
654,183,123,2022-02-17,,True
655,183,120,2021-06-15,,True
656,183,121,2022-08-26,,True
657,183,63,2021-09-10,,True
658,185,147,2022-05-28,,True
659,185,55,2021-08-01,,True
660,185,65,2022-09-02,,True
661,185,80,2022-09-09,,True
662,185,120,2020-09-23,2023-04-18,False
663,187,51,2022-03-06,,True
664,187,64,2022-06-04,,True
665,187,138,2021-02-08,,True
666,187,123,2021-04-11,,True
667,188,64,2020-11-02,2022-03-28,False
668,188,49,2022-06-21,,True
669,188,26,2021-11-10,,True
670,188,122,2022-10-19,2025-07-30,False
671,189,118,2020-10-31,,True
672,189,57,2022-12-19,,True
673,189,77,2023-01-13,,True
674,190,92,2020-03-10,,True
675,190,123,2021-12-30,,True
676,190,51,2020-10-04,2022-12-24,False
677,190,32,2021-09-21,,True
678,190,31,2022-09-23,,True
679,190,146,2020-08-16,,True
680,191,51,2022-10-28,,True
681,191,18,2021-04-30,,True
682,191,81,2021-02-01,,True
683,191,59,2020-04-22,,True
684,191,49,2021-01-31,,True
685,191,32,2022-05-05,2024-12-30,False
686,192,4,2022-01-14,,True
687,192,57,2021-11-18,,True
688,192,123,2022-10-15,,True
689,192,18,2020-09-27,,True
690,195,112,2020-03-20,,True
691,195,137,2021-02-23,,True
692,195,51,2021-09-22,2024-01-25,False
693,196,32,2020-03-16,,True
694,196,122,2020-02-09,,True
695,196,57,2022-09-01,,True
696,196,120,2022-05-22,,True
697,196,129,2021-09-20,,True
698,197,130,2021-04-14,,True
699,197,79,2022-05-02,2025-03-24,False
700,197,51,2021-06-07,,True
701,197,120,2021-10-14,,True
702,198,77,2021-12-05,,True
703,198,120,2021-09-29,2022-11-26,False
704,198,18,2022-02-06,,True
705,198,37,2022-04-22,2023-07-28,False
706,199,122,2020-09-13,,True
707,199,149,2022-09-22,,True
708,199,77,2022-01-22,,True
709,199,18,2021-04-08,,True
710,199,81,2022-08-14,2025-01-03,False
711,200,81,2020-03-06,,True
712,200,120,2020-02-25,,True
713,200,51,2020-08-12,,True
714,200,122,2022-01-31,2023-12-21,False
715,200,31,2020-08-16,,True
716,201,150,2021-07-06,2023-01-04,False
717,201,46,2021-05-26,,True
718,201,81,2022-11-05,,True
719,201,77,2022-01-20,,True
720,201,18,2022-06-05,,True
721,202,120,2021-06-22,,True
722,202,31,2022-10-25,2024-11-13,False
723,203,64,2022-01-03,,True
724,203,135,2020-10-20,,True
725,203,99,2020-05-20,,True
726,203,123,2020-05-25,,True
727,203,92,2022-10-22,,True
728,203,82,2022-05-11,,True
729,204,55,2020-10-28,,True
730,204,64,2020-05-19,2021-10-25,False
731,204,81,2021-12-23,,True
732,204,77,2022-02-11,,True
733,204,123,2023-03-28,,True
734,205,83,2022-01-11,,True
735,205,127,2021-09-24,,True
736,205,31,2021-10-25,2023-12-31,False
737,205,4,2021-02-06,,True
738,206,55,2023-01-12,,True
739,206,88,2023-01-30,,True
740,206,94,2022-10-31,2024-11-23,False
741,208,88,2021-05-18,,True
742,208,45,2020-09-12,,True
743,208,138,2020-03-12,,True
744,209,54,2020-03-08,,True
745,209,55,2021-12-22,,True
746,209,149,2022-05-02,2025-02-19,False
747,209,99,2020-10-14,2022-07-10,False
748,209,124,2020-10-21,,True
749,210,124,2021-07-09,,True
750,210,8,2022-04-02,2023-09-20,False
751,210,63,2020-08-03,,True
752,211,65,2022-09-27,,True
753,211,126,2021-11-13,2023-08-23,False
754,211,8,2021-02-17,2022-04-02,False
755,211,35,2021-09-29,,True
756,212,11,2023-02-27,2025-11-06,False
757,212,148,2022-12-03,,True
758,212,45,2021-07-19,2023-07-02,False
759,212,70,2021-04-04,,True
760,214,60,2021-11-27,,True
761,214,14,2022-12-29,,True
762,214,63,2020-06-07,,True
763,214,94,2020-11-17,,True
764,215,60,2022-08-05,2024-08-07,False
765,215,63,2021-02-04,2022-08-10,False
766,215,94,2022-12-12,,True
767,215,13,2022-01-19,,True
768,215,89,2021-01-17,,True
769,216,57,2021-06-15,,True
770,216,47,2021-11-21,2024-05-27,False
771,216,150,2020-01-18,,True
772,217,66,2022-03-30,2025-01-02,False
773,217,63,2022-02-28,,True
774,217,14,2022-08-29,,True
775,218,50,2021-03-12,,True
776,218,94,2022-11-29,,True
777,218,67,2020-06-26,2021-09-21,False
778,218,66,2022-08-29,,True
779,219,50,2023-01-12,,True
780,219,33,2020-09-19,,True
781,219,63,2020-05-21,,True
782,220,106,2023-02-26,2026-02-20,False
783,220,60,2020-10-18,,True
784,220,63,2021-03-31,2024-01-12,False
785,220,50,2020-12-23,,True
786,220,66,2020-05-22,,True
787,221,6,2020-06-12,,True
788,221,112,2021-09-11,,True
789,221,58,2021-04-22,,True
790,221,128,2020-07-28,,True
791,222,94,2021-05-29,,True
792,222,113,2023-03-31,,True
793,222,63,2021-08-24,,True
794,222,26,2020-08-24,2022-04-02,False
795,222,3,2023-01-17,,True
796,222,149,2022-09-21,,True
797,223,66,2020-11-26,2023-08-11,False
798,223,63,2020-06-15,,True
799,223,14,2023-01-16,2025-11-15,False
800,223,83,2021-06-15,,True
801,224,6,2020-02-13,,True
802,224,33,2021-04-23,,True
803,224,94,2021-08-27,,True
804,224,70,2022-10-30,,True
805,224,63,2020-11-25,,True
806,224,61,2021-12-10,,True
807,225,63,2022-03-03,,True
808,225,94,2021-11-07,,True
809,225,67,2022-11-23,2025-03-01,False
810,225,34,2021-03-09,,True
811,225,14,2020-05-26,2022-05-05,False
812,226,67,2020-12-10,,True
813,226,14,2020-04-11,,True
814,226,134,2021-02-06,,True
815,227,50,2020-09-10,,True
816,227,13,2021-01-28,,True
817,227,67,2023-01-11,,True
818,227,63,2021-12-25,,True
819,227,66,2020-08-10,2021-09-10,False
820,228,145,2022-07-27,,True
821,228,6,2022-03-26,2023-11-12,False
822,228,50,2020-06-16,,True
823,228,66,2021-10-17,,True
824,229,66,2022-09-08,,True
825,229,14,2022-07-14,,True
826,229,42,2023-04-02,2025-10-15,False
827,229,67,2022-10-16,,True
828,229,99,2022-08-24,,True
829,229,28,2020-06-02,,True
830,230,38,2020-06-02,,True
831,230,50,2022-04-23,,True
832,230,106,2023-01-12,,True
833,230,60,2020-12-25,2022-10-05,False
834,231,50,2022-10-09,,True
835,231,37,2021-08-15,,True
836,231,13,2022-11-29,,True
837,232,4,2020-08-06,,True
838,232,94,2023-02-06,,True
839,232,85,2021-06-06,,True
840,233,94,2022-08-04,,True
841,233,128,2020-08-06,,True
842,233,33,2021-08-29,,True
843,233,63,2022-10-12,,True
844,234,51,2021-02-01,,True
845,234,77,2023-02-07,2025-11-11,False
846,234,92,2022-08-08,,True
847,234,18,2020-09-20,2022-01-18,False
848,235,72,2023-01-08,,True
849,235,49,2022-03-19,,True
850,235,81,2023-03-27,,True
851,235,64,2020-03-29,2022-12-25,False
852,235,106,2022-01-17,,True
853,236,77,2022-08-01,,True
854,236,87,2020-09-30,,True
855,236,51,2020-04-20,2023-04-19,False
856,237,49,2021-11-06,,True
857,237,92,2020-09-11,,True
858,237,75,2021-12-29,,True
859,237,120,2020-02-29,,True
860,237,122,2021-03-25,,True
861,240,139,2020-06-02,2022-01-30,False
862,240,108,2021-04-27,,True
863,240,52,2021-06-04,,True
864,240,127,2020-04-03,2023-01-20,False
865,240,1,2020-12-07,,True
866,240,146,2021-09-08,2024-06-07,False
867,241,127,2020-01-08,2021-08-16,False
868,241,81,2020-04-08,,True
869,241,82,2021-06-07,,True
870,241,52,2021-11-26,,True
871,241,117,2020-03-10,,True
872,242,1,2020-02-13,,True
873,242,82,2021-01-28,,True
874,242,57,2022-05-07,,True
875,243,115,2020-08-12,,True
876,243,127,2021-12-09,,True
877,243,77,2021-02-14,,True
878,244,52,2020-10-25,,True
879,244,78,2023-03-21,,True
880,245,78,2020-09-02,,True
881,245,53,2020-11-25,,True
882,245,52,2021-11-17,,True
883,245,127,2020-07-15,,True
884,245,143,2020-06-22,,True
885,246,127,2022-03-01,,True
886,246,1,2022-04-25,,True
887,246,99,2022-01-09,,True
888,246,78,2021-09-25,,True
889,247,78,2020-12-23,,True
890,247,1,2020-08-27,,True
891,247,127,2022-11-13,,True
892,247,65,2021-06-20,,True
893,248,122,2022-06-24,,True
894,248,108,2021-03-09,,True
895,248,127,2023-03-19,,True
896,248,135,2021-03-21,,True
897,249,10,2020-04-20,,True
898,249,117,2021-06-29,,True
899,249,1,2020-06-28,,True
900,249,146,2023-03-27,,True
901,250,82,2020-10-23,2023-05-12,False
902,250,127,2021-10-31,,True
903,250,147,2020-03-16,2022-07-21,False
904,250,117,2020-11-12,2022-03-23,False
905,251,82,2020-06-10,2021-06-12,False
906,251,127,2021-03-14,,True
907,251,117,2022-02-23,2025-02-04,False
908,252,127,2020-05-22,,True
909,252,78,2021-03-28,,True
910,253,52,2021-01-09,,True
911,253,117,2021-02-04,,True
912,253,82,2022-01-04,,True
913,253,78,2021-01-22,,True
914,254,1,2022-10-29,,True
915,254,78,2020-07-10,,True
916,254,52,2023-02-03,,True
917,255,82,2021-01-23,2023-06-28,False
918,255,71,2021-06-24,2022-07-27,False
919,255,78,2021-12-20,2024-11-03,False
920,256,127,2021-11-05,,True
921,256,52,2022-04-18,2023-08-16,False
922,257,123,2020-07-03,,True
923,257,82,2020-08-12,,True
924,257,52,2022-03-14,,True
925,257,117,2021-03-30,,True
926,257,70,2021-11-13,,True
927,258,1,2021-12-10,2024-07-27,False
928,258,127,2023-02-11,,True
929,258,72,2020-05-13,,True
930,258,65,2023-02-04,,True
931,259,52,2022-09-05,,True
932,259,111,2020-04-22,,True
933,259,137,2023-04-12,,True
934,260,52,2023-03-17,,True
935,260,117,2023-03-18,,True
936,260,82,2021-02-07,,True
937,260,78,2022-02-06,2024-04-06,False
938,261,52,2021-08-04,,True
939,261,1,2022-09-03,,True
940,261,78,2022-09-29,2024-08-11,False
941,262,115,2020-08-05,,True
942,262,123,2021-02-12,2022-11-20,False
943,262,82,2022-01-13,2023-03-02,False
944,262,78,2021-04-19,,True
945,262,1,2021-02-16,,True
946,263,142,2021-06-15,,True
947,263,52,2022-02-22,,True
948,263,117,2022-06-01,,True
949,265,127,2022-08-13,,True
950,265,1,2023-01-24,,True
951,265,52,2021-09-07,,True
952,266,110,2021-06-11,,True
953,266,80,2022-09-09,,True
954,266,28,2021-11-30,2023-04-01,False
955,266,21,2021-06-06,,True
956,266,94,2020-07-04,,True
957,268,127,2021-05-17,,True
958,268,82,2020-03-23,2022-08-03,False
959,268,52,2020-06-04,,True
960,269,78,2022-04-04,,True
961,269,103,2023-03-28,,True
962,269,127,2022-02-15,,True
963,269,144,2021-11-05,,True
964,269,82,2021-10-25,2023-07-18,False
965,272,127,2022-11-14,,True
966,272,1,2020-10-01,,True
967,272,82,2022-10-24,,True
968,273,52,2021-11-03,,True
969,273,82,2021-12-09,,True
970,273,122,2020-02-15,,True
971,274,127,2021-12-08,,True
972,274,117,2021-12-27,,True
973,275,137,2020-01-09,,True
974,275,49,2020-05-05,,True
975,275,82,2022-11-29,2025-02-09,False
976,275,53,2021-03-24,,True
977,275,1,2022-05-15,2025-02-20,False
978,275,83,2023-02-14,2025-07-24,False
979,276,127,2022-10-02,2024-04-12,False
980,276,1,2021-09-25,,True
981,277,78,2022-07-09,,True
982,277,127,2021-03-08,,True
983,277,126,2021-12-23,,True
984,277,144,2021-08-03,,True
985,277,62,2022-06-18,,True
986,277,82,2021-10-29,,True
987,278,78,2021-04-11,,True
988,278,1,2021-10-25,,True
989,278,117,2020-06-27,,True
990,278,90,2021-03-30,,True
991,279,34,2021-01-11,,True
992,279,74,2022-11-02,,True
993,279,83,2021-11-21,,True
994,280,66,2020-03-30,,True
995,280,127,2020-07-18,,True
996,280,84,2022-05-09,,True
997,281,1,2020-07-28,,True
998,281,117,2021-01-25,,True
999,281,82,2021-08-11,,True
1000,282,21,2022-11-09,,True
1001,282,46,2022-10-21,,True
1002,282,39,2022-05-14,,True
1003,282,25,2020-02-15,,True
1004,283,9,2023-02-16,,True
1005,283,16,2021-03-29,,True
1006,283,56,2023-03-16,,True
1007,284,89,2022-08-05,,True
1008,284,143,2022-04-17,,True
1009,284,117,2021-07-16,,True
1010,284,145,2022-10-26,2025-04-05,False
1011,286,16,2020-11-07,2023-09-25,False
1012,286,52,2020-01-29,,True
1013,286,78,2020-05-18,,True
1014,286,127,2021-08-20,2023-12-19,False
1015,287,23,2022-11-06,,True
1016,287,129,2021-12-02,,True
1017,287,27,2021-11-28,,True
1018,288,92,2023-01-05,,True
1019,288,116,2021-01-09,,True
1020,288,129,2020-07-20,,True
1021,288,27,2022-10-14,,True
1022,289,129,2022-11-22,2023-12-19,False
1023,289,27,2020-12-04,,True
1024,289,149,2021-10-02,,True
1025,290,89,2022-05-15,2024-06-25,False
1026,290,59,2020-06-10,,True
1027,290,2,2022-11-08,,True
1028,290,104,2020-12-13,,True
1029,290,47,2022-01-21,,True
1030,291,48,2022-04-04,,True
1031,291,9,2021-08-13,,True
1032,291,140,2022-08-13,2025-01-02,False
1033,291,142,2021-11-21,,True
1034,291,126,2022-04-04,2024-11-20,False
1035,292,127,2022-04-09,,True
1036,292,18,2023-04-05,,True
1037,292,91,2020-04-27,,True
1038,292,73,2022-11-04,,True
1039,292,146,2022-08-01,2025-01-27,False
1040,292,104,2020-11-10,,True
1041,293,109,2020-03-21,,True
1042,293,3,2021-01-28,,True
1043,294,109,2021-02-10,,True
1044,294,15,2021-08-08,,True
1045,294,144,2022-08-10,,True
1046,294,111,2020-05-14,,True
1047,294,113,2021-12-08,,True
1048,295,113,2022-08-07,,True
1049,295,104,2020-05-07,,True
1050,295,144,2020-12-11,,True
1051,295,109,2020-05-12,,True
1052,296,48,2021-06-22,,True
1053,296,59,2022-10-17,,True
1054,296,40,2020-10-30,,True
1055,297,146,2021-11-18,,True
1056,297,47,2022-09-23,,True
1057,297,40,2022-04-09,,True
1058,297,2,2022-02-06,,True
1059,298,31,2022-11-24,,True
1060,298,58,2020-02-24,,True
1061,298,142,2021-11-06,,True
1062,298,59,2020-05-08,,True
1063,298,68,2022-07-29,,True
1064,299,47,2022-02-16,,True
1065,299,41,2022-06-26,,True
1066,299,120,2023-02-03,,True
1067,300,26,2022-01-02,2024-09-09,False
1068,300,17,2022-08-15,,True
1069,300,108,2020-07-28,,True
1070,300,105,2020-01-07,,True
1071,300,30,2022-05-05,,True
1072,301,88,2021-08-02,,True
1073,301,106,2022-12-21,,True
1074,301,1,2021-08-03,,True
1075,301,64,2023-02-09,2025-12-06,False
1076,301,96,2020-05-01,,True
1077,301,122,2021-01-02,,True
1078,303,73,2022-05-27,,True
1079,303,108,2023-04-06,,True
1080,303,93,2021-04-19,,True
1081,304,96,2022-01-15,,True
1082,304,106,2021-02-14,,True
1083,304,70,2021-08-01,,True
1084,304,37,2021-11-28,2023-02-10,False
1085,304,26,2022-01-29,,True
1086,305,93,2021-04-25,,True
1087,305,141,2023-01-16,,True
1088,305,26,2022-04-11,,True
1089,305,133,2022-10-04,,True
1090,305,72,2021-01-11,,True
1091,306,96,2020-01-10,2022-12-05,False
1092,306,73,2022-03-23,,True
1093,306,117,2020-04-16,2023-02-11,False
1094,306,110,2021-09-15,,True
1095,306,106,2021-12-18,,True
1096,306,108,2020-07-22,,True
1097,307,105,2020-06-09,,True
1098,307,114,2022-07-14,,True
1099,307,138,2020-01-13,,True
1100,308,105,2022-12-01,,True
1101,308,37,2020-05-31,,True
1102,308,42,2020-10-03,,True
1103,308,114,2020-06-09,,True
1104,308,136,2021-08-05,,True
1105,308,138,2022-12-21,2025-04-28,False
1106,309,114,2021-07-21,2024-02-04,False
1107,309,42,2020-08-11,2022-12-25,False
1108,309,138,2021-05-21,,True
1109,309,13,2022-04-16,,True
1110,310,3,2020-01-12,2022-05-02,False
1111,310,46,2021-12-31,,True
1112,310,107,2023-01-15,,True
1113,311,105,2021-12-05,,True
1114,311,136,2022-05-18,,True
1115,311,110,2020-12-28,,True
1116,311,107,2020-11-28,,True
1117,311,138,2020-10-31,,True
1118,312,23,2021-11-15,,True
1119,312,32,2021-11-11,2024-10-31,False
1120,312,35,2020-07-24,,True
1121,314,114,2020-06-20,,True
1122,314,150,2022-01-02,2023-06-08,False
1123,314,107,2020-01-04,2021-04-27,False
1124,314,67,2020-07-07,,True
1125,314,30,2022-06-07,,True
1126,315,24,2022-03-31,,True
1127,315,16,2020-01-04,,True
1128,315,136,2023-04-14,,True
1129,315,135,2022-05-12,,True
1130,316,105,2022-07-20,,True
1131,316,42,2020-11-26,2022-03-26,False
1132,316,8,2022-09-19,,True
1133,316,66,2020-08-16,,True
1134,316,114,2020-07-22,2022-06-03,False
1135,317,149,2020-08-21,,True
1136,317,105,2021-09-11,2022-10-16,False
1137,317,138,2021-02-04,,True
1138,317,30,2022-04-18,,True
1139,317,135,2020-09-30,,True
1140,318,107,2021-05-16,,True
1141,318,95,2021-09-05,,True
1142,318,71,2020-09-04,,True
1143,319,7,2020-12-12,2021-12-23,False
1144,319,23,2020-06-19,,True
1145,319,136,2020-07-13,,True
1146,319,47,2020-06-03,2022-05-12,False
1147,320,144,2020-07-07,,True
1148,320,150,2022-10-16,,True
1149,320,24,2021-04-20,,True
1150,321,136,2021-08-29,2023-02-21,False
1151,321,105,2021-06-07,,True
1152,321,42,2021-10-12,,True
1153,324,105,2020-05-21,,True
1154,324,63,2020-03-26,,True
1155,324,107,2022-01-30,,True
1156,324,128,2022-12-03,,True
1157,325,107,2020-05-20,,True
1158,325,35,2021-10-12,,True
1159,325,114,2022-02-23,,True
1160,325,22,2022-02-05,,True
1161,325,94,2022-11-29,2024-08-26,False
1162,326,135,2022-04-26,,True
1163,326,107,2022-05-08,,True
1164,326,26,2020-11-14,,True
1165,326,42,2021-09-01,,True
1166,326,23,2022-07-20,,True
1167,327,114,2022-09-08,,True
1168,327,107,2022-08-30,,True
1169,327,105,2020-04-05,,True
1170,327,127,2022-06-09,,True
1171,328,46,2022-09-27,,True
1172,328,80,2020-05-23,,True
1173,328,107,2021-02-03,,True
1174,328,4,2022-08-24,,True
1175,328,52,2021-03-20,,True
1176,328,35,2022-07-29,,True
1177,329,38,2020-05-03,,True
1178,329,25,2022-04-10,2023-09-20,False
1179,330,42,2020-05-25,,True
1180,330,136,2021-05-03,,True
1181,330,30,2023-02-05,2025-10-08,False
1182,331,28,2020-09-26,,True
1183,331,143,2020-08-27,2022-04-19,False
1184,331,135,2021-05-21,,True
1185,333,32,2021-06-26,,True
1186,333,68,2022-11-25,,True
1187,333,64,2021-03-15,2023-05-09,False
1188,333,23,2022-07-27,2025-03-14,False
1189,334,23,2020-09-27,,True
1190,334,30,2022-03-20,,True
1191,334,99,2022-05-30,2025-05-13,False
1192,335,138,2022-12-26,,True
1193,335,107,2021-11-05,,True
1194,335,30,2022-09-01,2024-05-13,False
1195,336,149,2020-04-01,,True
1196,336,114,2021-08-08,,True
1197,336,136,2020-03-06,,True
1198,337,135,2020-12-06,,True
1199,337,23,2020-02-24,,True
1200,337,114,2020-04-08,,True
1201,337,45,2021-08-29,,True
1202,337,105,2022-01-15,,True
1203,337,136,2022-05-06,,True
1204,338,135,2022-01-20,,True
1205,338,23,2020-08-11,,True
1206,338,136,2022-07-13,,True
1207,338,31,2021-06-13,,True
1208,339,19,2022-01-07,2024-04-13,False
1209,339,138,2020-04-09,,True
1210,339,107,2020-12-23,,True
1211,339,103,2022-03-12,,True
1212,339,105,2021-11-18,,True
1213,339,53,2022-05-07,,True
1214,340,21,2020-11-15,2022-03-20,False
1215,340,42,2020-07-13,2022-08-03,False
1216,340,30,2020-10-24,,True
1217,340,23,2020-07-10,,True
1218,340,147,2023-04-04,,True
1219,341,95,2020-07-03,,True
1220,341,105,2021-07-09,,True
1221,341,114,2020-11-05,,True
1222,343,35,2021-08-30,,True
1223,343,42,2020-01-15,,True
1224,343,75,2022-05-14,2024-02-27,False
1225,344,61,2021-06-05,2022-08-16,False
1226,344,100,2021-05-21,,True
1227,344,118,2022-07-14,,True
1228,344,34,2020-03-29,,True
1229,346,30,2023-03-18,,True
1230,346,107,2022-08-16,,True
1231,346,109,2020-11-16,2022-10-06,False
1232,346,33,2020-03-10,,True
1233,346,114,2022-03-14,,True
1234,346,138,2022-01-24,2024-06-30,False
1235,347,135,2022-04-20,,True
1236,347,123,2021-06-10,,True
1237,347,23,2020-03-15,,True
1238,348,149,2020-03-10,,True
1239,348,138,2022-11-10,,True
1240,348,105,2022-05-29,,True
1241,348,37,2021-10-09,,True
1242,348,35,2020-04-24,,True
1243,349,114,2022-12-22,,True
1244,349,107,2021-04-25,,True
1245,349,30,2020-08-02,,True
1246,349,136,2022-12-09,2024-06-15,False
1247,349,42,2023-03-18,2025-10-18,False
1248,350,42,2021-12-09,,True
1249,350,135,2021-10-24,,True
1250,350,136,2020-09-10,,True
1251,350,30,2021-09-10,,True
1252,351,143,2020-07-15,,True
1253,351,136,2022-05-06,,True
1254,351,105,2022-09-14,,True
1255,351,42,2020-10-10,,True
1256,352,123,2020-01-20,2021-11-01,False
1257,352,23,2020-02-23,,True
1258,352,68,2020-10-03,,True
1259,352,38,2022-08-20,,True
1260,353,105,2022-05-21,,True
1261,353,35,2022-07-11,,True
1262,353,114,2022-10-31,,True
1263,353,98,2022-10-13,,True
1264,354,136,2021-02-08,,True
1265,354,69,2021-10-02,,True
1266,354,148,2023-04-14,2025-11-28,False
1267,357,3,2021-01-25,,True
1268,357,138,2021-04-01,,True
1269,357,35,2022-08-15,,True
1270,357,105,2020-07-27,,True
1271,358,35,2021-09-21,,True
1272,358,23,2022-02-01,,True
1273,358,105,2021-10-27,2024-03-06,False
1274,358,42,2021-06-26,,True
1275,358,56,2023-01-21,,True
1276,359,91,2020-01-12,,True
1277,359,138,2022-04-15,,True
1278,359,114,2023-01-26,,True
1279,360,35,2021-05-20,,True
1280,360,23,2020-02-13,,True
1281,360,114,2020-07-19,,True
1282,360,138,2021-12-14,,True
1283,360,42,2020-01-09,2021-12-12,False
1284,360,105,2020-09-13,2022-01-09,False
1285,361,13,2022-05-10,,True
1286,361,30,2022-09-20,2024-11-14,False
1287,362,42,2023-02-12,2025-09-22,False
1288,362,23,2021-09-01,,True
1289,362,105,2021-06-24,,True
1290,362,138,2021-02-01,,True
1291,362,67,2022-09-30,,True
1292,363,36,2021-09-17,2023-02-12,False
1293,363,64,2023-03-25,2025-09-11,False
1294,363,78,2022-08-05,2024-06-05,False
1295,365,136,2020-04-16,2022-10-23,False
1296,365,41,2022-01-14,,True
1297,365,76,2020-10-31,2022-05-27,False
1298,365,39,2021-01-04,,True
1299,366,54,2023-04-12,,True
1300,366,74,2022-07-31,2023-11-10,False
1301,366,10,2021-09-08,2023-07-19,False
1302,366,109,2020-02-24,,True
1303,366,37,2022-04-16,,True
1304,368,107,2022-08-21,,True
1305,368,57,2021-04-11,2023-10-25,False
1306,368,86,2022-05-08,,True
1307,368,23,2020-08-20,,True
1308,369,136,2021-07-21,,True
1309,369,21,2021-07-14,,True
1310,369,46,2022-01-21,,True
1311,369,76,2020-12-01,,True
1312,369,114,2020-10-25,,True
1313,370,54,2021-03-03,,True
1314,370,74,2023-03-03,,True
1315,371,61,2020-02-27,2021-08-12,False
1316,371,123,2022-03-28,,True
1317,371,54,2021-05-02,,True
1318,371,127,2021-02-11,,True
1319,371,41,2022-01-21,,True
1320,372,74,2020-06-26,,True
1321,372,129,2021-04-01,2022-10-28,False
1322,372,76,2021-02-02,2023-02-09,False
1323,373,76,2022-06-01,,True
1324,373,65,2020-12-16,,True
1325,373,91,2022-10-12,,True
1326,374,121,2021-04-23,,True
1327,374,117,2020-04-02,,True
1328,374,46,2022-09-20,,True
1329,374,38,2022-04-16,2024-10-10,False
1330,374,37,2022-11-21,,True
1331,375,10,2022-10-05,,True
1332,375,71,2022-04-21,2024-06-15,False
1333,376,10,2020-09-07,,True
1334,376,77,2022-10-25,,True
1335,376,46,2020-05-09,,True
1336,376,101,2023-01-07,,True
1337,376,76,2022-04-26,,True
1338,377,115,2022-08-07,,True
1339,377,37,2022-06-12,,True
1340,377,41,2020-11-08,,True
1341,378,54,2021-03-13,,True
1342,378,32,2022-12-14,,True
1343,378,41,2023-04-06,,True
1344,378,115,2022-08-14,,True
1345,378,121,2021-02-20,,True
1346,380,9,2023-04-07,,True
1347,380,41,2021-12-02,,True
1348,380,31,2020-04-03,,True
1349,380,122,2021-06-28,,True
1350,380,121,2020-07-30,,True
1351,381,10,2021-01-22,,True
1352,381,76,2022-11-29,,True
1353,381,41,2021-10-06,,True
1354,381,74,2022-04-23,,True
1355,381,114,2020-08-02,,True
1356,381,121,2020-03-25,2023-01-20,False
1357,382,76,2022-10-31,,True
1358,382,54,2022-02-13,,True
1359,382,121,2022-11-05,,True
1360,382,37,2020-11-30,,True
1361,383,134,2022-06-24,,True
1362,383,26,2022-09-12,,True
1363,383,41,2021-09-14,2022-10-14,False
1364,384,46,2021-03-01,,True
1365,384,48,2020-01-10,2021-10-15,False
1366,384,37,2020-12-13,2023-05-31,False
1367,386,37,2022-08-04,,True
1368,386,54,2022-10-25,,True
1369,386,59,2021-07-14,2023-08-12,False
1370,387,61,2020-06-30,,True
1371,387,105,2020-02-29,,True
1372,387,54,2020-04-05,,True
1373,387,76,2023-01-23,,True
1374,387,10,2022-05-03,2024-08-29,False
1375,390,40,2022-03-10,,True
1376,390,76,2020-02-26,,True
1377,390,39,2022-09-11,,True
1378,390,74,2020-09-06,,True
1379,390,144,2021-03-02,,True
1380,391,109,2022-03-10,,True
1381,391,41,2021-10-14,,True
1382,391,10,2020-07-21,,True
1383,391,115,2022-07-09,,True
1384,392,76,2022-11-10,2024-01-17,False
1385,392,74,2022-12-10,,True
1386,392,7,2021-06-09,2022-10-02,False
1387,392,68,2021-03-23,,True
1388,392,46,2021-05-08,2022-11-29,False
1389,392,104,2020-11-06,,True
1390,393,46,2023-01-13,,True
1391,393,74,2022-05-14,,True
1392,393,37,2021-01-05,,True
1393,394,54,2022-10-09,,True
1394,394,46,2020-02-07,,True
1395,394,115,2021-03-27,,True
1396,394,39,2022-01-19,,True
1397,394,74,2022-04-19,,True
1398,395,90,2020-01-10,,True
1399,395,36,2021-09-12,,True
1400,395,139,2020-07-07,,True
1401,395,85,2021-12-06,2023-09-17,False
1402,397,36,2022-05-05,,True
1403,397,132,2020-02-25,,True
1404,397,134,2020-08-22,,True
1405,398,86,2021-05-15,,True
1406,398,36,2022-05-28,,True
1407,398,11,2022-08-10,,True
1408,398,144,2022-05-13,,True
1409,399,55,2022-12-16,,True
1410,399,126,2023-02-22,,True
1411,399,108,2021-05-02,,True
1412,400,100,2021-05-12,,True
1413,400,134,2022-02-11,,True
1414,400,122,2023-01-04,,True
1415,401,90,2023-03-30,,True
1416,401,105,2021-10-01,,True
1417,401,79,2022-09-11,,True
1418,401,86,2023-04-13,,True
1419,402,86,2020-08-03,,True
1420,402,12,2020-04-14,,True
1421,402,36,2021-10-30,2024-10-21,False
1422,402,135,2021-02-01,,True
1423,404,47,2022-09-04,2024-03-14,False
1424,404,44,2022-05-01,,True
1425,404,12,2020-11-15,2022-10-04,False
1426,405,85,2021-07-16,,True
1427,405,75,2021-12-11,,True
1428,405,10,2022-11-25,,True
1429,405,139,2021-04-01,,True
1430,405,12,2021-08-04,,True
1431,408,22,2022-06-09,,True
1432,408,139,2022-05-08,2024-07-16,False
1433,408,121,2021-08-18,,True
1434,408,12,2021-08-09,,True
1435,408,85,2022-09-04,,True
1436,409,144,2022-08-09,,True
1437,409,50,2020-06-15,,True
1438,409,119,2021-02-06,,True
1439,418,42,2021-03-03,,True
1440,418,138,2022-01-28,,True
1441,418,136,2022-12-10,,True
1442,418,23,2021-06-23,,True
1443,419,105,2020-06-17,,True
1444,419,87,2021-04-04,,True
1445,419,135,2020-03-17,,True
1446,419,4,2022-05-23,,True
1447,419,30,2020-03-20,,True
1448,419,39,2022-01-25,,True
1449,421,122,2022-12-11,,True
1450,421,126,2021-04-27,2023-12-28,False
1451,421,71,2023-01-09,,True
1452,421,72,2023-01-26,,True
1453,422,4,2020-10-11,,True
1454,422,49,2020-04-22,,True
1455,422,51,2022-08-06,2024-09-03,False
1456,422,123,2021-10-05,2023-03-16,False
1457,424,83,2023-02-06,,True
1458,424,34,2021-02-25,,True
1459,424,60,2022-02-11,,True
1460,424,102,2021-06-06,,True
1461,424,42,2021-06-23,2023-12-03,False
1462,428,38,2022-11-11,,True
1463,428,124,2020-09-17,2022-09-27,False
1464,428,136,2021-08-20,,True
1465,428,150,2023-01-03,,True
1466,429,95,2020-10-08,,True
1467,429,87,2021-03-23,,True
1468,429,8,2020-10-11,,True
1469,429,136,2020-06-16,,True
1470,432,118,2020-08-26,,True
1471,432,143,2022-01-15,,True
1472,432,83,2021-02-21,,True
1473,432,22,2020-10-10,,True
1474,435,33,2021-12-16,,True
1475,435,98,2021-12-20,,True
1476,435,66,2022-12-30,,True
1477,435,63,2023-02-21,,True
1478,436,5,2021-04-05,,True
1479,436,95,2020-03-16,,True
1480,436,9,2021-08-18,2023-12-02,False
1481,436,137,2020-01-29,2021-12-04,False
1482,439,51,2022-11-09,2025-09-15,False
1483,439,4,2022-04-22,,True
1484,439,31,2021-11-28,,True
1485,440,100,2023-01-15,,True
1486,440,102,2021-08-30,,True
1487,440,83,2021-08-11,,True
1488,441,118,2020-07-30,2023-06-18,False
1489,441,71,2022-07-26,,True
1490,441,22,2022-10-28,,True
1491,443,60,2020-09-12,,True
1492,443,50,2020-10-18,,True
1493,443,124,2021-06-19,2023-03-03,False
1494,451,150,2022-06-28,,True
1495,451,25,2023-04-07,,True
1496,451,99,2020-12-19,,True
1497,452,100,2023-01-04,2025-07-30,False
1498,452,14,2022-05-18,2024-05-03,False
1499,452,34,2023-01-02,,True
1500,453,44,2022-08-12,,True
1501,453,100,2021-09-05,,True
1502,453,71,2020-01-01,,True
1503,453,7,2022-02-15,2023-05-08,False
1504,454,136,2020-07-28,,True
1505,454,92,2021-06-16,,True
1506,454,87,2021-08-30,,True
1507,454,107,2020-08-10,2021-08-16,False
1508,454,58,2023-01-07,2024-09-25,False
1509,456,44,2021-02-27,,True
1510,456,100,2021-10-11,,True
1511,456,83,2021-01-02,,True
1512,460,101,2020-11-27,,True
1513,460,22,2022-05-31,,True
1514,460,44,2021-07-14,,True
1515,460,7,2020-08-16,,True
1516,462,102,2022-03-24,2024-02-26,False
1517,462,75,2021-09-11,,True
1518,462,83,2021-03-06,,True
1519,462,44,2020-12-05,,True
1520,463,29,2023-02-03,,True
1521,463,75,2023-02-07,,True
1522,463,42,2020-08-17,,True
1523,463,24,2022-11-02,,True
1524,465,77,2022-05-10,,True
1525,465,18,2021-06-10,,True
1526,465,57,2022-05-11,,True
1527,465,32,2021-05-15,,True
1528,466,102,2020-05-30,2022-02-26,False
1529,466,118,2021-11-21,,True
1530,466,44,2020-03-02,2022-12-25,False
1531,471,102,2021-03-24,2022-11-15,False
1532,471,145,2022-11-17,,True
1533,471,149,2021-10-10,,True
1534,472,22,2023-03-27,,True
1535,472,100,2023-04-07,,True
1536,472,102,2021-05-20,,True
1537,476,17,2022-08-08,2024-12-06,False
1538,476,62,2021-11-28,,True
1539,476,150,2022-04-25,2024-02-07,False
1540,476,103,2021-11-29,,True
1541,478,117,2023-01-25,,True
1542,478,78,2022-04-20,,True
1543,478,62,2022-01-13,,True
1544,478,21,2020-04-23,,True
1545,481,97,2020-02-20,,True
1546,481,102,2021-01-22,,True
1547,481,71,2021-10-14,,True
1548,481,44,2021-03-01,2023-09-10,False
1549,482,28,2020-07-01,,True
1550,482,131,2022-04-20,2025-02-27,False
1551,482,57,2020-06-29,,True
1552,482,81,2020-03-22,,True
1553,484,7,2021-10-27,2024-03-05,False
1554,484,102,2021-06-24,2023-10-18,False
1555,484,34,2020-01-14,,True
1556,484,22,2020-12-12,2022-08-29,False
1557,485,17,2020-01-13,,True
1558,485,28,2020-10-11,,True
1559,485,128,2023-02-14,,True
1560,485,58,2022-07-11,,True
1561,487,93,2020-04-10,,True
1562,487,58,2022-08-19,,True
1563,487,12,2022-05-17,,True
1564,487,124,2021-09-27,,True
1565,488,15,2020-05-31,2022-10-27,False
1566,488,99,2022-03-21,,True
1567,488,103,2022-12-17,,True
1568,488,74,2020-05-28,,True
1569,491,83,2020-02-14,,True
1570,491,48,2020-12-25,,True
1571,491,7,2021-10-18,,True
1572,491,44,2022-11-13,,True
1573,491,34,2022-02-27,,True
1574,494,46,2021-10-28,,True
1575,494,140,2022-03-25,,True
1576,494,17,2020-02-03,,True
1577,494,117,2023-01-20,,True
1578,494,126,2020-09-04,2022-10-25,False
1579,494,87,2021-06-08,,True
1580,495,16,2022-06-06,,True
1581,495,37,2021-09-23,,True
1582,495,121,2020-07-27,,True
1583,495,41,2022-06-01,2024-10-04,False
1584,496,108,2022-01-27,,True
1585,496,98,2020-04-13,,True
1586,496,43,2020-04-17,,True
1587,496,110,2021-12-04,,True
1588,497,17,2021-02-13,,True
1589,497,21,2022-07-20,,True
1590,497,51,2022-10-01,,True
1591,497,39,2021-05-31,,True
1592,498,127,2020-10-10,,True
1593,498,82,2022-04-29,,True
1594,506,119,2022-08-29,,True
1595,506,92,2022-12-30,,True
1596,506,102,2021-03-14,,True
1597,514,78,2021-08-10,2023-01-16,False
1598,514,1,2021-08-07,,True
1599,514,29,2022-06-16,,True
1600,514,127,2020-03-11,,True
1601,514,149,2021-07-03,,True
1602,518,105,2022-12-22,,True
1603,518,140,2021-04-19,2022-08-11,False
1604,518,114,2020-05-16,2022-09-06,False
1605,518,136,2023-01-02,,True
1606,522,107,2022-11-12,2025-07-14,False
1607,522,136,2020-10-04,,True
1608,522,105,2020-12-31,,True
1609,525,1,2021-08-29,,True
1610,525,40,2020-11-06,2022-11-22,False
1611,525,104,2022-05-22,,True
1612,525,53,2022-07-25,,True
1613,525,71,2020-06-14,,True
1614,525,6,2022-02-18,2023-10-14,False
1615,527,46,2022-10-08,,True
1616,527,96,2022-01-27,2024-06-23,False
1617,527,35,2021-03-13,,True
1618,527,30,2022-09-13,,True
1619,527,138,2020-11-30,2022-02-03,False
1620,528,52,2022-02-09,,True
1621,528,117,2021-09-28,,True
1622,528,13,2021-11-15,,True
1623,528,82,2022-12-27,,True
1624,528,78,2020-06-23,,True
1625,530,100,2021-12-15,,True
1626,530,34,2021-03-08,,True
1627,531,114,2020-06-01,2022-08-12,False
1628,531,105,2022-09-03,,True
1629,531,107,2022-05-16,2024-06-19,False
1630,531,30,2021-08-29,,True
1631,532,112,2022-09-22,,True
1632,532,128,2021-05-12,2024-03-20,False
1633,532,75,2021-01-03,,True
1634,533,76,2022-03-20,,True
1635,533,37,2020-02-15,,True
1636,533,115,2022-06-13,,True
1637,536,46,2021-12-28,,True
1638,536,121,2020-09-27,,True
1639,536,19,2022-09-13,,True
1640,536,74,2023-02-14,,True
1641,539,106,2022-07-02,,True
1642,539,99,2020-02-29,,True
1643,539,81,2020-07-07,,True
1644,539,59,2020-09-19,,True
1645,539,141,2020-01-27,2021-03-14,False
1646,544,34,2020-10-25,,True
1647,544,71,2021-07-21,,True
1648,544,16,2021-10-02,2022-11-16,False
1649,544,134,2023-02-16,2024-05-28,False
1650,544,100,2020-05-27,,True
1651,545,149,2021-02-17,,True
1652,545,131,2022-10-23,2024-05-22,False
1653,545,52,2021-09-13,,True
1654,545,24,2020-10-17,,True
1655,545,134,2020-08-19,,True
1656,545,135,2022-09-09,2024-09-29,False
1657,546,1,2021-06-10,,True
1658,546,37,2022-06-26,,True
1659,546,127,2020-12-16,,True
1660,546,117,2022-11-22,,True
1661,546,52,2022-05-05,,True
1662,548,90,2023-03-19,2025-07-31,False
1663,548,86,2020-10-21,,True
1664,548,13,2020-07-12,,True
1665,549,84,2021-03-30,,True
1666,549,18,2020-06-09,2022-06-25,False
1667,549,111,2020-08-17,,True
1668,550,101,2022-07-22,2024-10-29,False
1669,550,20,2021-05-07,,True
1670,550,148,2022-02-07,,True
1671,551,65,2020-08-15,,True
1672,551,106,2022-05-18,,True
1673,552,119,2022-04-14,,True
1674,552,134,2023-03-04,,True
1675,552,90,2020-03-24,,True
1676,552,36,2022-12-12,,True
1677,553,22,2021-06-29,2023-10-11,False
1678,553,131,2021-08-04,,True
1679,553,118,2022-04-11,,True
1680,553,136,2020-02-18,,True
1681,555,132,2022-11-30,2024-12-19,False
1682,555,44,2021-10-16,2023-09-15,False
1683,555,127,2023-03-26,2025-01-29,False
1684,555,47,2020-12-30,,True
1685,555,100,2022-04-09,,True
1686,555,78,2022-10-15,,True
1687,557,144,2020-04-19,,True
1688,557,61,2021-03-07,,True
1689,557,54,2022-10-22,,True
1690,558,9,2020-01-22,,True
1691,558,131,2021-02-06,,True
1692,558,28,2022-08-01,,True
1693,559,32,2021-12-22,,True
1694,559,81,2021-04-22,,True
1695,559,4,2020-03-06,,True
1696,563,127,2022-04-22,,True
1697,563,7,2022-04-20,,True
1698,563,12,2021-04-14,,True
1699,564,118,2022-08-13,2024-10-28,False
1700,564,128,2023-03-23,,True
1701,564,22,2023-03-08,2025-03-28,False
1702,564,34,2020-01-11,,True
1703,564,44,2021-07-22,,True
1704,565,25,2022-02-26,,True
1705,565,13,2020-06-02,,True
1706,565,118,2022-03-31,2024-07-29,False
1707,565,71,2021-08-14,,True
1708,565,22,2020-03-26,,True
1709,566,50,2022-03-20,,True
1710,566,67,2022-05-12,,True
1711,566,14,2020-02-12,2021-12-06,False
1712,566,6,2022-01-17,,True
1713,567,25,2021-10-09,,True
1714,567,41,2021-04-11,2024-02-21,False
1715,567,21,2020-03-30,2022-08-14,False
1716,570,22,2021-12-13,,True
1717,570,34,2023-04-03,,True
1718,570,92,2020-08-27,2021-12-17,False
1719,571,102,2021-03-04,,True
1720,571,17,2021-08-28,,True
1721,571,33,2021-02-26,,True
1722,571,44,2022-01-05,,True
1723,571,141,2020-12-24,,True
1724,571,22,2021-01-13,,True
1725,572,136,2022-10-10,,True
1726,572,101,2021-07-11,2023-06-23,False
1727,572,105,2021-11-23,,True
1728,572,142,2021-10-21,,True
1729,577,77,2022-12-11,,True
1730,577,19,2022-12-04,,True
1731,577,63,2020-04-01,,True
1732,577,118,2023-01-25,,True
1733,577,140,2020-06-11,,True
1734,579,109,2021-07-09,,True
1735,579,114,2022-10-23,,True
1736,579,45,2021-04-23,,True
1737,584,107,2023-01-27,,True
1738,584,30,2023-03-09,,True
1739,584,42,2021-04-26,,True
1740,584,21,2022-05-15,,True
1741,585,71,2020-01-29,2022-08-13,False
1742,585,112,2020-05-31,,True
1743,585,130,2021-11-15,,True
1744,585,23,2020-06-02,,True
1745,585,105,2022-07-04,,True
1746,586,54,2020-10-06,,True
1747,586,24,2021-02-10,,True
1748,586,120,2021-10-28,2023-09-08,False
1749,586,10,2021-11-28,2024-05-28,False
1750,588,100,2020-11-13,,True
1751,588,102,2023-03-20,,True
1752,588,37,2020-10-08,,True
1753,588,46,2020-06-24,,True
1754,588,71,2020-10-13,,True
1755,589,62,2021-11-30,,True
1756,589,87,2021-05-13,,True
1757,589,65,2022-12-02,,True
1758,593,102,2021-05-15,,True
1759,593,83,2020-08-26,,True
1760,593,34,2021-06-13,,True
1761,593,118,2021-12-21,,True
1762,594,48,2020-08-20,,True
1763,594,61,2021-03-30,,True
1764,594,44,2022-01-12,2023-03-06,False
1765,595,148,2020-12-22,,True
1766,595,7,2021-02-03,,True
1767,595,61,2020-05-29,,True
1768,595,83,2021-09-09,2024-07-02,False
1769,595,70,2020-07-31,,True
1770,595,76,2020-10-25,,True
1771,600,87,2021-05-21,,True
1772,600,143,2021-02-27,,True
1773,600,68,2022-07-09,,True
1774,601,4,2021-05-31,,True
1775,601,89,2022-09-12,,True
1776,601,31,2022-07-12,2023-10-29,False
1777,601,50,2020-10-22,,True
1778,603,118,2023-03-02,,True
1779,603,44,2023-02-10,,True
1780,603,34,2020-01-25,,True
1781,603,71,2020-03-13,2021-09-19,False
1782,604,97,2022-08-27,,True
1783,604,109,2020-06-12,2022-10-26,False
1784,604,83,2020-08-31,,True
1785,604,1,2023-03-29,,True
1786,605,102,2020-12-03,2023-11-23,False
1787,605,7,2022-06-15,,True
1788,605,22,2020-07-09,,True
1789,605,113,2021-10-23,,True
1790,607,37,2022-02-22,2024-09-30,False
1791,607,76,2022-05-09,,True
1792,607,41,2023-02-21,,True
1793,607,74,2020-11-29,,True
1794,608,42,2020-05-26,,True
1795,608,114,2020-09-13,,True
1796,608,35,2021-05-11,,True
1797,608,105,2021-01-08,,True
1798,608,87,2020-06-07,,True
1799,612,100,2021-11-30,,True
1800,612,44,2021-03-10,,True
1801,612,51,2021-12-23,,True
1802,612,83,2022-11-05,,True
1803,612,71,2022-11-29,,True
1804,612,118,2022-07-08,,True
1805,614,78,2020-07-24,2023-02-11,False
1806,614,117,2020-03-23,,True
1807,614,142,2022-10-25,,True
1808,615,17,2020-06-18,2022-03-28,False
1809,615,116,2023-04-06,,True
1810,615,126,2023-04-10,,True
1811,615,39,2020-12-04,2023-02-06,False
1812,615,25,2021-02-13,,True
1813,616,55,2020-12-19,,True
1814,616,85,2020-06-13,,True
1815,616,53,2020-07-12,,True
1816,618,135,2021-11-13,,True
1817,618,83,2022-02-28,,True
1818,618,44,2022-02-06,,True
1819,620,100,2020-07-24,,True
1820,620,91,2021-04-28,2022-10-05,False
1821,620,84,2021-10-01,,True
1822,620,95,2022-08-10,,True
1823,620,137,2022-06-19,,True
1824,622,150,2020-08-16,,True
1825,622,52,2020-10-07,,True
1826,622,1,2022-07-11,,True
1827,624,88,2021-11-13,,True
1828,624,124,2022-06-24,,True
1829,624,45,2023-03-15,2025-07-17,False
1830,624,101,2020-12-27,,True
1831,624,129,2021-07-13,,True
1832,625,7,2023-02-25,,True
1833,625,64,2023-03-20,,True
1834,625,34,2021-12-22,,True
1835,625,11,2022-07-09,,True
1836,628,112,2022-10-20,2025-04-13,False
1837,628,116,2020-12-07,,True
1838,628,82,2022-06-30,,True
1839,628,104,2022-02-07,,True
1840,630,61,2022-10-16,,True
1841,630,52,2020-12-05,,True
1842,630,50,2021-06-23,,True
1843,630,118,2023-03-24,2024-08-02,False
1844,631,44,2022-09-16,,True
1845,631,102,2020-08-01,2023-05-01,False
1846,631,7,2022-01-29,,True
1847,632,126,2021-11-24,2023-03-18,False
1848,632,99,2021-09-15,2023-11-25,False
1849,632,140,2022-11-26,,True
1850,632,73,2020-12-01,,True
1851,632,25,2021-02-17,,True
1852,633,76,2020-04-10,2023-01-19,False
1853,633,121,2023-04-11,,True
1854,633,34,2022-01-15,2024-04-23,False
1855,633,54,2022-07-09,,True
1856,639,39,2022-08-02,2024-07-21,False
1857,639,25,2021-11-15,,True
1858,639,127,2022-11-13,2024-11-29,False
1859,641,126,2021-09-17,,True
1860,641,99,2022-09-14,,True
1861,641,38,2020-06-30,,True
1862,641,78,2020-05-02,,True
1863,641,33,2020-08-17,,True
1864,647,110,2020-09-03,2022-11-20,False
1865,647,46,2021-04-02,2022-09-22,False
1866,647,41,2020-08-11,2021-11-08,False
1867,648,10,2021-06-22,,True
1868,648,37,2020-12-14,,True
1869,648,80,2020-09-22,,True
1870,651,112,2021-02-18,,True
1871,651,28,2022-10-14,2024-05-03,False
1872,651,128,2022-08-21,,True
1873,651,131,2022-12-02,,True
1874,651,43,2020-10-15,,True
1875,651,149,2020-02-08,,True
1876,654,23,2021-01-28,,True
1877,654,136,2021-10-30,,True
1878,654,107,2020-02-04,,True
1879,654,7,2020-02-10,,True
1880,655,24,2020-09-15,,True
1881,655,28,2020-12-02,,True
1882,655,5,2021-05-16,2022-12-24,False
1883,655,58,2023-03-04,,True
1884,658,29,2022-03-13,,True
1885,658,145,2020-11-04,,True
1886,658,31,2023-02-15,,True
1887,658,68,2020-04-25,2022-05-24,False
1888,660,52,2023-04-12,,True
1889,660,78,2022-05-22,,True
1890,660,47,2020-12-25,,True
1891,660,117,2020-08-01,,True
1892,660,43,2020-10-03,2023-02-08,False
1893,661,105,2020-06-18,,True
1894,661,24,2022-09-07,,True
1895,661,22,2020-02-08,,True
1896,661,73,2020-09-08,,True
1897,661,139,2022-01-03,,True
1898,661,149,2021-05-22,,True
1899,670,113,2022-04-14,,True
1900,670,125,2022-01-23,,True
1901,671,126,2022-03-25,,True
1902,671,19,2020-10-28,,True
1903,671,99,2022-04-17,,True
1904,671,38,2022-08-28,,True
1905,671,1,2022-06-28,,True
1906,674,31,2022-12-13,,True
1907,674,71,2020-04-11,,True
1908,674,120,2021-08-08,,True
1909,674,4,2020-04-03,2022-05-19,False
1910,674,81,2021-08-23,,True
1911,674,51,2020-02-08,,True
1912,683,35,2021-03-23,,True
1913,683,30,2020-08-22,,True
1914,683,42,2022-05-27,,True
1915,683,102,2022-04-04,2024-11-07,False
1916,683,105,2020-05-21,,True
1917,684,107,2021-03-08,,True
1918,684,23,2022-06-07,2023-08-17,False
1919,684,42,2022-05-22,,True
1920,684,138,2020-10-31,,True
1921,685,140,2021-10-30,,True
1922,685,105,2021-06-26,,True
1923,685,30,2021-01-10,,True
1924,686,114,2022-07-08,,True
1925,686,135,2020-06-02,2022-06-12,False
1926,686,92,2020-02-05,2021-05-19,False
1927,688,44,2021-09-20,,True
1928,688,124,2020-05-08,,True
1929,688,102,2020-05-27,,True
1930,696,35,2020-06-27,,True
1931,696,138,2023-01-18,,True
1932,704,138,2020-03-02,,True
1933,704,42,2021-03-28,,True
1934,704,137,2021-07-22,2023-12-04,False
1935,704,135,2023-03-30,,True
1936,704,113,2020-01-24,,True
1937,705,6,2021-10-02,,True
1938,705,13,2022-01-21,,True
1939,705,124,2020-10-31,,True
1940,705,14,2021-02-02,,True
1941,706,133,2021-04-08,2023-01-13,False
1942,706,128,2022-08-02,,True
1943,706,35,2021-01-02,,True
1944,706,23,2020-06-05,,True
1945,707,131,2021-07-25,,True
1946,707,24,2020-02-27,2021-03-01,False
1947,707,145,2020-06-13,2022-04-02,False
1948,708,104,2023-01-15,,True
1949,708,17,2020-02-22,,True
1950,708,143,2021-05-06,,True
1951,708,38,2020-11-08,,True
1952,708,25,2023-01-22,,True
1953,708,81,2021-11-18,,True
1954,709,67,2020-09-18,,True
1955,709,102,2023-03-01,,True
1956,709,61,2021-11-10,,True
1957,709,7,2021-06-05,,True
1958,709,3,2020-11-02,,True
1959,710,107,2022-10-22,,True
1960,710,91,2020-12-14,,True
1961,712,30,2021-07-17,2023-11-28,False
1962,712,95,2020-10-08,,True
1963,712,42,2020-08-04,,True
1964,712,17,2021-03-16,,True
1965,712,47,2020-08-13,,True
1966,717,75,2022-05-18,,True
1967,717,135,2022-09-08,,True
1968,717,89,2020-01-06,,True
1969,717,29,2021-06-04,,True
1970,719,19,2021-01-26,,True
1971,719,60,2021-03-03,,True
1972,719,66,2020-10-30,,True
1973,719,29,2022-04-28,,True
1974,719,128,2023-03-18,,True
1975,719,145,2022-01-13,2023-03-27,False
1976,724,53,2022-07-29,,True
1977,724,58,2021-05-23,,True
1978,724,128,2020-11-12,,True
1979,724,112,2022-05-15,,True
1980,725,44,2022-08-29,,True
1981,725,90,2020-11-20,,True
1982,725,64,2022-07-15,,True
1983,725,129,2020-12-26,,True
1984,725,7,2021-01-08,2022-04-25,False
1985,725,34,2020-08-16,2021-11-21,False
1986,728,34,2022-03-30,,True
1987,728,5,2022-10-21,,True
1988,728,61,2020-11-21,,True
1989,729,143,2022-01-20,,True
1990,729,9,2020-01-19,2022-11-06,False
1991,729,68,2022-10-25,,True
1992,730,66,2020-02-08,,True
1993,730,86,2021-04-26,,True
1994,730,67,2022-12-28,,True
1995,730,33,2022-06-22,2023-08-16,False
1996,730,14,2022-03-09,,True
1997,737,124,2022-12-07,,True
1998,737,11,2020-07-08,,True
1999,737,45,2020-01-19,,True
2000,737,101,2020-07-09,,True
2001,738,35,2021-09-09,,True
2002,738,79,2021-11-14,,True
2003,738,23,2022-12-08,,True
2004,738,74,2021-12-08,,True
2005,738,92,2020-09-12,,True
2006,738,42,2020-08-09,2022-05-21,False
2007,739,4,2021-09-14,,True
2008,739,18,2022-04-16,,True
2009,742,145,2022-05-28,,True
2010,742,122,2020-08-20,,True
2011,742,112,2022-01-11,2023-12-30,False
2012,743,118,2022-12-06,,True
2013,743,22,2023-04-13,,True
2014,743,61,2023-04-04,2024-07-20,False
2015,743,4,2022-07-24,,True
2016,743,56,2020-07-16,,True
2017,746,46,2022-01-16,,True
2018,746,121,2021-08-28,,True
2019,747,46,2022-12-04,,True
2020,747,37,2022-09-26,2024-11-14,False
2021,747,74,2022-12-29,2024-04-08,False
2022,747,121,2020-05-22,2022-12-26,False
2023,747,114,2021-04-30,,True
2024,747,32,2022-10-18,,True
2025,748,118,2020-03-25,2022-02-18,False
2026,748,102,2022-10-02,,True
2027,748,35,2023-03-20,,True
2028,748,141,2021-02-06,,True
2029,752,83,2021-03-12,2023-09-09,False
2030,752,118,2020-02-04,,True
2031,764,83,2022-08-20,,True
2032,764,100,2022-08-25,,True
2033,764,102,2022-03-27,,True
2034,767,44,2021-09-27,,True
2035,767,22,2023-01-27,2025-10-02,False
2036,767,21,2020-05-24,,True
2037,774,77,2021-05-10,2023-03-21,False
2038,774,44,2021-12-14,,True
2039,774,36,2020-03-18,2022-07-09,False
2040,779,44,2020-04-29,,True
2041,779,100,2023-01-29,,True
2042,779,34,2021-08-05,,True
2043,780,43,2021-01-27,,True
2044,780,126,2021-01-06,,True
2045,780,99,2022-05-07,2024-04-04,False
2046,780,61,2022-07-07,2025-01-27,False
2047,780,150,2021-10-07,,True
2048,781,71,2023-01-13,,True
2049,781,100,2022-11-13,2024-12-13,False
2050,781,7,2020-04-16,,True
2051,781,34,2021-07-19,2022-08-23,False
2052,781,48,2022-11-04,,True
2053,787,14,2022-10-02,,True
2054,787,83,2021-05-08,2022-05-22,False
2055,840,22,2020-03-02,,True
2056,840,100,2021-03-08,,True
2057,840,6,2022-07-26,,True
2058,846,112,2022-08-12,,True
2059,846,128,2022-05-31,,True
2060,846,58,2020-04-27,2022-03-12,False
2061,847,102,2022-04-24,,True
2062,847,75,2021-03-31,,True
2063,847,71,2020-07-31,,True
2064,854,102,2022-10-27,2025-10-18,False
2065,854,14,2022-06-28,2023-10-30,False
2066,854,118,2023-04-04,,True
2067,854,71,2020-01-05,,True
2068,854,26,2022-06-02,,True
2069,871,145,2021-07-24,,True
2070,871,128,2021-06-16,,True
2071,871,131,2022-01-07,,True
2072,872,84,2022-05-09,,True
2073,872,17,2021-07-27,2024-06-02,False
2074,872,103,2022-08-03,,True
2075,873,110,2020-11-24,,True
2076,873,60,2021-02-03,,True
2077,873,92,2022-09-09,,True
2078,873,150,2021-05-25,2023-05-29,False
2079,873,50,2022-09-01,,True
2080,874,107,2022-03-29,2024-05-07,False
2081,874,34,2020-09-30,,True
2082,874,61,2022-06-23,2024-06-30,False
2083,874,22,2020-03-28,2022-03-31,False
2084,876,44,2020-07-30,2023-01-27,False
2085,876,83,2020-05-30,,True
2086,876,96,2022-03-28,,True
2087,876,100,2020-08-09,2023-03-19,False
2088,876,34,2021-04-12,,True
2089,877,54,2021-11-11,,True
2090,877,92,2022-04-11,,True
2091,877,56,2021-04-04,2023-09-02,False
2092,877,83,2021-07-01,,True
2093,878,28,2021-01-30,2024-01-29,False
2094,879,102,2021-03-11,2024-02-06,False
2095,879,9,2022-01-21,2024-02-05,False
2096,879,100,2022-11-25,,True
2097,880,34,2021-05-15,,True
2098,880,83,2020-01-07,2021-12-09,False
2099,880,61,2020-11-07,,True
2100,881,8,2020-10-27,,True
2101,881,101,2021-02-24,,True
2102,881,47,2022-05-06,2024-12-18,False
2103,881,97,2021-10-11,,True
2104,881,73,2020-01-04,,True
2105,900,118,2020-02-27,,True
2106,900,34,2021-10-16,,True
2107,903,138,2020-08-13,,True
2108,903,75,2020-10-25,,True
2109,903,13,2020-03-14,,True
2110,903,136,2020-12-09,,True
2111,903,107,2021-04-13,,True
2112,903,105,2021-11-15,,True
2113,904,65,2021-08-30,2023-04-01,False
2114,904,134,2021-01-05,,True
2115,904,80,2023-04-11,,True
2116,921,55,2022-08-14,,True
2117,921,61,2020-04-16,,True
2118,921,118,2022-02-16,,True
2119,921,102,2020-05-01,2023-03-22,False
2120,932,79,2020-03-25,2021-05-03,False
2121,932,44,2021-10-24,,True
2122,932,5,2020-05-03,,True
2123,932,87,2022-05-20,,True
2124,932,58,2021-04-15,2023-09-12,False
2125,941,32,2021-07-26,,True
2126,941,71,2020-11-25,,True
2127,941,44,2021-07-06,,True
2128,941,83,2020-02-05,,True
2129,946,59,2021-03-25,2023-12-25,False
2130,946,79,2021-06-08,,True
2131,946,51,2022-08-14,,True
2132,946,130,2020-11-04,,True
2133,949,61,2023-02-11,,True
2134,949,34,2021-08-05,,True
2135,949,84,2022-06-11,2023-07-02,False
2136,949,118,2021-02-14,2022-06-15,False
2137,949,64,2021-01-03,,True
2138,956,95,2023-02-09,2024-02-22,False
2139,956,9,2022-07-20,,True
2140,956,68,2020-01-28,,True
2141,956,59,2022-04-14,,True
2142,958,7,2020-12-12,,True
2143,958,74,2021-08-07,2024-08-05,False
2144,958,10,2022-05-09,,True
2145,960,68,2022-10-19,,True
2146,960,87,2022-09-10,,True
2147,961,80,2020-01-18,,True
2148,961,65,2021-10-20,,True
2149,961,147,2021-11-27,,True
2150,962,51,2020-12-22,,True
2151,962,74,2022-08-15,,True
2152,962,138,2021-05-18,,True
2153,962,30,2020-07-09,,True
2154,962,107,2022-07-29,2025-01-08,False
2155,1000,139,2021-08-18,,True
2156,1000,90,2021-12-26,,True
2157,1000,5,2020-03-29,,True
2158,1000,48,2022-06-04,,True
2159,1000,143,2023-02-22,2026-01-03,False
2160,1001,16,2020-02-04,,True
2161,1001,95,2022-09-13,,True
2162,1001,143,2023-02-10,,True
2163,1002,48,2021-09-27,,True
2164,1002,41,2022-12-29,,True
2165,1002,56,2021-07-25,,True
2166,1004,131,2021-05-14,,True
2167,1004,143,2020-12-12,,True
2168,1004,9,2022-12-24,,True
2169,1004,48,2021-11-22,,True
2170,1004,68,2021-09-06,,True
2171,1007,91,2022-08-11,,True
2172,1007,96,2020-12-08,,True
2173,1007,16,2020-02-18,,True
2174,1007,48,2022-11-16,,True
2175,1007,137,2021-10-27,2023-05-28,False
2176,1007,5,2022-07-30,2023-11-19,False
2177,1008,68,2021-11-02,,True
2178,1008,13,2021-08-26,,True
2179,1008,16,2021-01-09,,True
2180,1009,62,2021-08-11,,True
2181,1009,1,2021-11-15,,True
2182,1009,65,2020-07-28,,True
2183,1009,76,2021-04-28,,True
2184,1009,9,2023-01-25,2025-11-06,False
2185,1009,48,2022-02-12,,True
2186,1011,91,2022-11-05,,True
2187,1011,72,2021-08-27,2024-08-16,False
2188,1011,48,2021-06-30,2023-02-26,False
2189,1011,9,2021-08-20,,True
2190,1013,87,2021-03-27,,True
2191,1013,91,2022-09-30,,True
2192,1013,68,2020-01-01,,True
2193,1014,109,2021-12-24,,True
2194,1014,137,2020-08-23,,True
2195,1014,5,2022-07-13,,True
2196,1014,91,2022-03-23,,True
2197,1015,68,2022-05-02,2024-01-18,False
2198,1015,95,2021-02-25,,True
2199,1015,16,2021-08-06,,True
2200,1015,9,2021-01-22,,True
2201,1016,16,2022-09-15,,True
2202,1016,14,2022-10-05,,True
2203,1016,68,2022-03-06,,True
2204,1017,16,2021-06-02,,True
2205,1017,87,2020-01-22,,True
2206,1017,95,2021-02-21,,True
2207,1018,112,2020-11-29,,True
2208,1018,91,2022-05-06,,True
2209,1018,137,2021-10-02,,True
2210,1018,95,2021-01-28,,True
2211,1019,91,2022-07-30,,True
2212,1019,25,2023-02-16,,True
2213,1019,95,2022-08-06,,True
2214,1019,5,2020-02-10,,True
2215,1020,68,2020-11-07,2023-10-27,False
2216,1020,137,2021-08-17,2024-04-18,False
2217,1020,48,2023-02-24,,True
2218,1020,87,2021-09-14,2024-06-27,False
2219,1020,94,2021-09-18,,True
2220,1021,56,2020-05-30,,True
2221,1021,113,2021-06-24,,True
2222,1021,46,2020-03-03,,True
2223,1021,16,2021-11-03,,True
2224,1022,31,2021-04-05,2024-01-04,False
2225,1022,10,2021-10-07,2023-12-30,False
2226,1022,99,2020-08-01,,True
2227,1022,68,2021-08-10,,True
2228,1022,87,2020-01-06,2021-04-29,False
2229,1023,56,2023-02-17,,True
2230,1023,106,2020-03-09,2021-11-02,False
2231,1023,29,2023-01-12,,True
2232,1023,10,2020-04-13,2022-04-18,False
2233,1023,95,2022-04-17,,True
2234,1024,95,2022-04-10,,True
2235,1024,9,2021-01-19,2022-07-09,False
2236,1024,82,2020-10-08,,True
2237,1024,5,2020-04-26,,True
2238,1025,143,2020-01-15,,True
2239,1025,9,2021-09-02,,True
2240,1026,48,2022-05-07,,True
2241,1026,143,2020-08-02,,True
2242,1026,137,2021-03-10,,True
2243,1026,100,2022-11-08,2024-01-17,False
2244,1026,102,2021-12-14,,True
2245,1027,134,2022-05-16,,True
2246,1027,143,2021-04-29,2023-09-17,False
2247,1027,137,2021-04-04,,True
2248,1027,36,2022-10-17,,True
2249,1028,16,2021-05-05,,True
2250,1028,137,2020-04-24,2022-01-06,False
2251,1028,55,2021-03-06,2023-02-06,False
2252,1029,91,2023-03-05,,True
2253,1029,113,2021-12-28,,True
2254,1029,87,2021-09-25,,True
2255,1029,56,2020-02-23,,True
2256,1029,16,2022-07-26,2024-10-28,False
2257,1030,73,2022-09-03,,True
2258,1030,16,2021-03-30,,True
2259,1030,56,2023-04-03,,True
2260,1030,48,2021-06-26,,True
2261,1031,5,2022-02-09,,True
2262,1031,59,2022-02-04,2023-06-17,False
2263,1031,16,2020-09-20,,True
2264,1032,56,2021-02-09,,True
2265,1032,68,2021-09-08,,True
2266,1032,137,2022-02-09,,True
2267,1032,102,2022-04-14,2024-03-31,False
2268,1032,91,2020-04-20,,True
2269,1033,91,2021-08-30,,True
2270,1033,67,2020-04-15,,True
2271,1033,52,2022-04-10,,True
2272,1033,38,2021-01-02,,True
2273,1034,5,2021-08-06,,True
2274,1034,56,2022-01-08,,True
2275,1034,104,2022-05-01,,True
2276,1034,4,2020-11-06,,True
2277,1034,16,2022-02-05,2024-05-20,False
2278,1035,56,2022-08-07,,True
2279,1035,16,2021-10-20,,True
2280,1035,87,2022-02-01,,True
2281,1035,15,2021-08-26,,True
2282,1035,95,2020-06-14,,True
2283,1036,82,2022-05-09,,True
2284,1036,84,2020-06-12,,True
2285,1036,87,2021-09-13,,True
2286,1036,5,2020-09-14,,True
2287,1037,68,2021-01-13,,True
2288,1037,5,2021-07-04,,True
2289,1037,73,2020-05-03,,True
2290,1037,135,2023-03-25,,True
2291,1037,124,2022-04-15,,True
2292,1038,9,2021-09-10,,True
2293,1038,4,2021-07-16,,True
2294,1038,95,2022-07-11,2025-04-21,False
2295,1039,133,2022-12-05,2025-08-03,False
2296,1039,143,2020-12-25,,True
2297,1039,56,2020-04-03,,True
2298,1042,110,2021-07-02,,True
2299,1042,73,2020-04-17,,True
2300,1042,95,2023-03-13,,True
2301,1043,137,2020-02-13,,True
2302,1043,56,2023-03-07,,True
2303,1043,68,2020-07-18,,True
2304,1044,62,2022-07-18,,True
2305,1044,95,2021-04-20,,True
2306,1044,87,2020-01-15,,True
2307,1046,87,2021-02-17,,True
2308,1046,56,2022-07-25,,True
2309,1046,18,2021-03-21,2022-06-12,False
2310,1046,5,2022-01-08,,True
2311,1047,25,2020-11-02,,True
2312,1047,137,2020-04-12,,True
2313,1047,7,2021-08-26,,True
2314,1048,60,2022-12-01,2025-10-01,False
2315,1048,16,2020-08-28,,True
2316,1048,9,2021-07-17,,True
2317,1049,56,2021-09-03,,True
2318,1049,91,2020-11-18,,True
2319,1049,125,2021-12-30,,True
2320,1049,48,2022-12-09,,True
2321,1050,16,2020-06-25,2023-01-21,False
2322,1050,95,2021-03-31,,True
2323,1050,87,2021-01-30,,True
2324,1052,5,2020-05-09,,True
2325,1052,9,2022-03-21,,True
2326,1052,137,2021-10-30,2024-04-20,False
2327,1052,117,2020-02-16,2021-05-09,False
2328,1053,5,2022-03-04,,True
2329,1053,95,2023-03-10,,True
2330,1053,68,2021-11-01,,True
2331,1053,9,2020-10-10,,True
2332,1055,137,2021-01-21,,True
2333,1055,64,2020-01-05,,True
2334,1055,132,2020-11-09,,True
2335,1056,21,2020-06-24,,True
2336,1056,9,2020-08-04,,True
2337,1056,106,2021-01-01,2022-02-02,False
2338,1056,5,2020-08-13,,True
2339,1056,56,2020-05-04,,True
2340,1056,71,2021-08-20,,True
2341,1058,91,2021-04-03,2023-12-29,False
2342,1058,5,2021-11-23,2023-03-14,False
2343,1058,48,2022-04-01,,True
2344,1058,144,2022-04-03,,True
2345,1058,143,2021-01-24,,True
2346,1059,68,2021-04-12,,True
2347,1059,143,2022-05-01,,True
2348,1059,87,2022-08-09,2025-03-21,False
2349,1060,137,2022-01-27,,True
2350,1060,91,2021-03-13,2023-08-21,False
2351,1060,92,2022-08-04,,True
2352,1060,126,2020-12-10,,True
2353,1060,143,2022-11-08,,True
2354,1061,86,2021-11-28,,True
2355,1061,65,2022-04-18,,True
2356,1061,16,2020-10-13,,True
2357,1061,5,2023-01-05,,True
2358,1062,16,2022-05-06,,True
2359,1062,56,2022-10-22,,True
2360,1062,95,2020-08-21,,True
2361,1062,9,2022-01-07,,True
2362,1063,143,2020-11-20,,True
2363,1063,148,2021-06-15,,True
2364,1063,41,2022-08-01,,True
2365,1063,100,2023-04-12,,True
2366,1063,9,2020-07-02,,True
2367,1065,91,2022-09-28,,True
2368,1065,137,2022-09-21,,True
2369,1065,95,2023-01-06,2025-08-06,False
2370,1066,9,2020-05-02,2021-09-11,False
2371,1066,91,2022-03-17,,True
2372,1066,143,2023-03-01,,True
2373,1066,39,2023-03-16,,True
2374,1066,16,2022-03-22,,True
2375,1068,143,2021-10-12,,True
2376,1068,137,2020-05-31,,True
2377,1069,87,2021-03-26,,True
2378,1069,5,2022-01-08,,True
2379,1069,67,2022-05-02,,True
2380,1071,56,2021-01-27,,True
2381,1071,143,2020-03-16,,True
2382,1071,44,2020-05-21,2022-03-15,False
2383,1071,9,2020-11-10,,True
2384,1071,87,2020-10-22,,True
2385,1072,143,2020-10-04,,True
2386,1072,68,2020-11-21,,True
2387,1073,68,2023-03-13,,True
2388,1073,16,2020-07-18,,True
2389,1073,100,2022-04-27,2024-10-15,False
2390,1073,129,2022-07-04,,True
2391,1073,5,2020-02-18,,True
2392,1074,61,2023-02-09,,True
2393,1074,120,2023-03-01,2025-04-27,False
2394,1074,22,2020-01-20,2022-02-21,False
2395,1075,2,2022-07-07,,True
2396,1075,56,2022-07-22,,True
2397,1075,57,2022-03-30,2023-11-23,False
2398,1076,68,2020-08-07,,True
2399,1076,56,2021-08-17,,True
2400,1076,16,2022-04-05,,True
2401,1076,86,2022-01-11,,True
2402,1077,68,2021-08-14,,True
2403,1077,137,2022-04-12,2023-08-21,False
2404,1077,65,2023-01-04,2024-09-16,False
2405,1077,69,2022-02-07,,True
2406,1078,9,2020-09-20,,True
2407,1078,68,2020-09-27,,True
2408,1078,7,2021-10-29,2024-05-08,False
2409,1078,137,2020-07-03,,True
2410,1080,48,2021-06-26,,True
2411,1080,9,2021-05-15,,True
2412,1080,137,2021-04-11,,True
2413,1080,87,2022-12-03,,True
2414,1081,70,2021-01-11,,True
2415,1081,68,2022-11-08,,True
2416,1081,137,2022-04-17,,True
2417,1081,95,2022-05-25,,True
2418,1081,147,2022-11-01,,True
2419,1082,56,2021-12-08,,True
2420,1082,137,2021-04-19,,True
2421,1083,33,2022-02-07,,True
2422,1083,56,2022-02-12,,True
2423,1083,112,2022-01-02,,True
2424,1083,95,2022-03-25,,True
2425,1083,9,2022-08-14,,True
2426,1083,48,2020-07-06,2022-12-28,False
2427,1084,91,2021-05-09,,True
2428,1084,56,2022-02-22,,True
2429,1084,60,2022-02-17,,True
2430,1085,109,2021-12-10,,True
2431,1085,9,2022-10-29,,True
2432,1085,68,2021-01-22,,True
2433,1086,56,2022-10-23,,True
2434,1086,9,2020-06-19,,True
2435,1086,110,2020-02-17,,True
2436,1086,26,2020-10-30,,True
2437,1086,143,2020-05-01,2022-10-08,False
2438,1086,16,2022-06-30,,True
2439,1087,137,2022-09-02,,True
2440,1087,32,2021-11-08,,True
2441,1087,127,2020-11-29,,True
2442,1089,17,2021-03-26,2024-02-28,False
2443,1089,68,2022-04-15,,True
2444,1089,83,2021-04-09,,True
2445,1089,91,2021-10-19,,True
2446,1092,129,2022-07-03,,True
2447,1092,9,2022-02-16,,True
2448,1092,137,2021-11-10,2023-09-12,False
2449,1092,95,2020-09-11,,True
2450,1093,25,2022-03-12,,True
2451,1093,91,2021-09-01,,True
2452,1093,123,2020-07-31,,True
2453,1093,48,2021-10-25,2022-12-09,False
2454,1093,56,2021-04-25,,True
2455,1093,108,2022-12-18,2024-08-13,False
2456,1094,91,2022-05-08,2023-09-25,False
2457,1094,87,2023-03-30,,True
2458,1094,143,2021-12-04,,True
2459,1095,50,2023-04-05,2024-07-25,False
2460,1095,37,2022-04-26,,True
2461,1095,120,2020-01-14,,True
2462,1095,74,2021-07-15,,True
2463,1096,44,2022-05-10,,True
2464,1096,16,2023-03-15,,True
2465,1096,5,2023-03-30,,True
2466,1096,91,2022-08-11,,True
2467,1096,95,2022-10-29,,True
2468,1096,9,2020-09-12,,True
2469,1097,87,2020-06-30,,True
2470,1097,82,2021-12-18,,True
2471,1097,52,2020-10-10,,True
2472,1097,51,2021-02-26,,True
2473,1097,43,2020-04-28,,True
2474,1098,144,2022-02-07,,True
2475,1098,68,2020-09-22,,True
2476,1098,87,2021-12-19,,True
2477,1098,95,2021-02-12,2022-05-16,False
2478,1100,9,2021-11-01,,True
2479,1100,70,2020-11-14,,True
2480,1100,144,2022-02-03,,True
2481,1104,118,2022-11-21,,True
2482,1104,5,2021-05-20,,True
2483,1104,56,2020-04-27,,True
2484,1105,91,2021-08-14,,True
2485,1105,64,2020-09-09,,True
2486,1105,9,2020-02-24,,True
2487,1105,128,2023-02-21,,True
2488,1106,105,2020-08-06,,True
2489,1106,44,2020-08-03,,True
2490,1106,83,2022-07-16,,True
2491,1106,61,2020-04-10,,True
2492,1107,100,2023-01-02,,True
2493,1107,102,2021-11-22,,True
2494,1107,22,2022-09-10,2025-05-19,False
2495,1109,137,2020-04-19,,True
2496,1109,87,2020-04-13,2022-09-16,False
2497,1109,19,2022-06-17,,True
2498,1109,56,2022-10-05,2024-07-05,False
2499,1109,38,2023-03-14,,True
2500,1110,5,2020-09-19,,True
2501,1110,9,2021-02-14,2023-10-08,False
2502,1110,93,2022-12-27,,True
2503,1110,137,2022-10-29,,True
2504,1111,9,2022-01-04,,True
2505,1111,50,2022-02-26,,True
2506,1111,28,2022-05-12,,True
2507,1111,91,2023-01-02,,True
2508,1111,117,2020-09-28,,True
2509,1112,9,2022-01-17,,True
2510,1112,68,2020-08-10,,True
2511,1112,16,2020-08-22,,True
2512,1112,131,2021-09-26,,True
2513,1112,45,2020-11-12,,True
2514,1112,137,2022-03-27,2024-01-12,False
2515,1113,137,2021-11-05,,True
2516,1113,91,2022-11-28,2023-12-22,False
2517,1113,5,2020-12-16,,True
2518,1113,115,2022-11-27,,True
2519,1114,68,2020-10-02,,True
2520,1114,56,2021-01-27,,True
2521,1114,9,2022-10-30,,True
2522,1114,95,2021-12-28,,True
2523,1115,7,2022-09-30,,True
2524,1115,55,2022-02-20,,True
2525,1115,34,2020-10-16,2021-12-17,False
2526,1115,44,2022-05-17,,True
2527,1116,137,2020-04-25,,True
2528,1116,16,2022-10-23,2025-07-28,False
2529,1116,48,2020-10-31,2023-06-02,False
2530,1119,95,2022-06-30,,True
2531,1119,87,2022-10-19,2024-07-31,False
2532,1119,143,2021-07-24,,True
2533,1120,48,2022-02-03,,True
2534,1120,143,2022-07-13,,True
2535,1120,87,2022-03-17,2023-05-16,False
2536,1120,29,2020-06-12,,True
2537,1122,79,2021-10-13,,True
2538,1122,102,2021-10-24,,True
2539,1122,68,2022-12-17,,True
2540,1122,95,2021-03-03,,True
2541,1122,77,2022-11-03,,True
2542,1124,91,2021-05-17,,True
2543,1124,19,2021-08-07,,True
2544,1124,56,2022-08-28,2025-07-05,False
2545,1125,137,2020-09-06,,True
2546,1125,9,2022-09-15,,True
2547,1125,95,2021-05-05,,True
2548,1125,16,2023-02-25,,True
2549,1125,20,2020-07-05,,True
2550,1126,100,2021-12-16,2023-05-13,False
2551,1126,34,2022-05-30,,True
2552,1126,102,2021-06-27,,True
2553,1126,76,2021-12-29,,True
2554,1127,87,2022-07-28,2024-06-07,False
2555,1127,95,2022-07-09,,True
2556,1127,5,2021-05-25,,True
2557,1127,70,2020-09-29,2022-01-10,False
2558,1127,63,2022-06-13,,True
2559,1127,48,2021-01-26,2023-05-03,False
2560,1128,87,2022-03-06,,True
2561,1128,56,2021-07-24,,True
2562,1128,22,2022-07-19,,True
2563,1128,11,2020-08-29,,True
2564,1128,147,2020-06-25,2022-03-20,False
2565,1128,37,2022-04-15,,True
2566,1129,68,2021-07-09,,True
2567,1129,9,2022-01-03,,True
2568,1129,143,2020-09-17,,True
2569,1130,143,2021-06-21,,True
2570,1130,68,2020-05-23,2022-04-05,False
2571,1130,65,2023-03-31,,True
2572,1130,16,2022-12-09,,True
2573,1130,46,2020-04-02,,True
2574,1131,16,2021-12-26,2023-07-05,False
2575,1131,48,2020-01-27,,True
2576,1131,68,2022-11-28,,True
2577,1131,9,2020-07-14,2022-06-24,False
2578,1131,56,2020-02-17,,True
2579,1138,137,2021-11-06,,True
2580,1138,59,2021-12-03,,True
2581,1138,56,2021-07-26,2023-10-21,False
2582,1139,99,2022-09-22,,True
2583,1139,124,2020-01-05,,True
2584,1139,39,2021-03-30,2023-02-26,False
2585,1139,38,2022-11-18,,True
2586,1142,29,2023-01-09,2024-11-06,False
2587,1142,33,2021-07-27,2023-08-08,False
2588,1142,94,2021-04-01,,True
2589,1143,52,2023-02-27,,True
2590,1143,95,2020-08-29,,True
2591,1143,127,2021-03-31,,True
2592,1147,91,2021-09-01,,True
2593,1147,53,2021-05-01,,True
2594,1147,16,2021-08-15,,True
2595,1147,105,2021-05-15,,True
2596,1148,89,2022-07-03,2025-03-03,False
2597,1148,111,2022-03-02,,True
2598,1148,54,2020-12-02,,True
2599,1148,3,2021-03-31,,True
2600,1148,15,2022-05-13,,True
2601,1149,8,2021-02-15,,True
2602,1149,88,2020-10-17,,True
2603,1149,124,2022-08-03,,True
2604,1149,101,2022-05-18,,True
2605,1149,55,2021-07-25,,True
2606,1151,99,2022-07-29,,True
2607,1151,105,2022-03-18,,True
2608,1151,149,2022-04-10,,True
2609,1151,64,2020-04-06,,True
2610,1151,150,2022-02-24,,True
2611,1153,75,2021-05-10,,True
2612,1153,141,2022-01-27,,True
2613,1153,20,2021-03-26,,True
2614,1154,27,2020-01-31,,True
2615,1154,68,2022-06-04,,True
2616,1154,9,2021-10-29,,True
2617,1156,71,2021-03-27,,True
2618,1156,61,2022-05-22,,True
2619,1156,83,2022-05-24,2025-01-06,False
2620,1156,7,2020-01-30,,True
2621,1164,135,2020-12-01,,True
2622,1164,34,2020-03-20,,True
2623,1164,74,2022-03-27,,True
2624,1164,100,2022-07-21,,True
2625,1165,58,2023-01-29,2025-09-15,False
2626,1165,123,2022-06-23,2024-01-02,False
2627,1165,149,2023-01-05,,True
2628,1165,145,2023-02-19,,True
2629,1165,112,2021-01-27,2023-01-29,False
2630,1167,51,2021-02-19,,True
2631,1167,10,2020-10-18,,True
2632,1167,65,2020-07-02,2022-04-09,False
2633,1168,35,2021-01-10,,True
2634,1168,138,2020-12-11,,True
2635,1168,136,2021-03-31,,True
2636,1168,114,2021-07-12,,True
2637,1169,103,2021-03-15,,True
2638,1169,21,2020-08-22,2023-01-14,False
2639,1169,150,2020-04-25,,True
2640,1169,112,2023-02-28,,True
2641,1169,75,2020-12-23,2022-02-15,False
2642,1170,19,2021-12-08,,True
2643,1170,149,2022-06-01,2023-07-09,False
2644,1170,112,2020-04-12,2023-04-03,False
2645,1172,81,2020-09-21,,True
2646,1172,31,2021-04-22,,True
2647,1172,57,2021-07-22,,True
2648,1172,120,2021-06-20,,True
2649,1175,9,2021-11-29,,True
2650,1175,1,2020-07-03,,True
2651,1175,87,2020-08-14,,True
2652,1177,61,2021-07-02,,True
2653,1177,36,2022-12-05,,True
2654,1177,33,2021-11-04,,True
2655,1178,130,2023-02-13,,True
2656,1178,5,2021-05-14,,True
2657,1178,2,2022-11-17,,True
2658,1179,82,2022-04-13,,True
2659,1179,127,2023-04-02,,True
2660,1179,78,2021-11-09,,True
2661,1179,52,2021-01-17,,True
2662,1184,42,2020-02-01,,True
2663,1184,147,2022-06-24,2025-06-06,False
2664,1184,116,2021-04-11,,True
2665,1184,65,2020-02-29,,True
2666,1185,28,2022-12-29,,True
2667,1185,29,2021-03-09,,True
2668,1185,131,2021-06-09,2024-05-29,False
2669,1185,13,2020-12-26,,True
2670,1186,21,2021-06-30,,True
2671,1186,39,2022-04-28,2023-06-21,False
2672,1186,140,2022-01-22,,True
2673,1186,73,2021-09-16,,True
2674,1186,38,2020-02-27,2022-05-14,False
2675,1186,122,2020-10-31,,True
2676,1187,112,2023-01-22,,True
2677,1187,98,2022-02-28,,True
2678,1187,24,2022-05-07,,True
2679,1187,29,2021-03-25,,True
2680,1189,82,2020-02-08,,True
2681,1189,50,2022-05-28,,True
2682,1189,33,2021-10-30,,True
2683,1189,127,2023-01-15,,True
2684,1189,135,2022-12-29,,True
2685,1190,68,2022-07-18,,True
2686,1190,111,2020-03-17,,True
2687,1190,118,2022-07-05,,True
2688,1190,71,2022-08-22,,True
2689,1190,143,2022-09-21,,True
2690,1190,34,2020-03-06,,True
2691,1192,54,2021-08-19,,True
2692,1192,115,2020-01-10,,True
2693,1192,122,2021-05-25,,True
2694,1194,118,2022-11-06,,True
2695,1194,7,2021-12-07,,True
2696,1194,22,2022-04-14,,True
2697,1194,56,2020-06-19,,True
2698,1195,82,2023-02-25,2024-07-12,False
2699,1195,50,2020-10-06,,True
2700,1195,117,2021-12-23,,True
2701,1200,70,2021-06-06,,True
2702,1200,102,2022-04-28,,True
2703,1200,44,2022-04-27,,True
2704,1200,22,2022-02-21,,True
2705,1201,107,2020-11-16,,True
2706,1201,128,2022-12-15,,True
2707,1201,38,2020-02-05,,True
2708,1202,118,2022-06-27,,True
2709,1202,34,2022-05-13,,True
2710,1202,100,2021-02-07,2022-04-26,False
2711,1202,102,2020-10-01,,True
2712,1202,61,2020-01-07,,True
2713,1202,149,2021-08-31,,True
2714,1203,102,2023-01-16,2024-07-31,False
2715,1203,118,2021-06-27,,True
2716,1203,61,2021-11-24,,True
2717,1203,44,2023-01-18,2025-03-19,False
2718,1203,75,2021-02-04,,True
2719,1204,118,2020-07-22,,True
2720,1204,22,2022-10-27,,True
2721,1204,68,2021-08-23,2024-08-16,False
2722,1206,126,2020-11-14,,True
2723,1206,67,2021-06-30,,True
2724,1206,118,2020-06-12,,True
2725,1206,7,2020-11-20,2022-12-23,False
2726,1206,121,2020-02-05,,True
2727,1206,102,2021-08-10,,True
2728,1207,112,2020-01-23,,True
2729,1207,22,2020-03-21,,True
2730,1207,34,2022-04-08,,True
2731,1207,27,2020-08-14,,True
2732,1208,73,2021-07-19,2023-05-20,False
2733,1208,104,2020-04-10,2021-11-21,False
2734,1208,118,2022-07-02,,True
2735,1208,92,2020-01-27,,True
2736,1209,83,2021-02-14,,True
2737,1209,45,2021-05-15,,True
2738,1209,61,2020-02-06,,True
2739,1209,102,2020-06-23,,True
2740,1210,22,2020-05-24,2022-11-17,False
2741,1210,95,2020-11-29,,True
2742,1210,7,2022-12-07,,True
2743,1210,61,2021-02-28,,True
2744,1211,61,2022-11-17,,True
2745,1211,118,2023-02-10,,True
2746,1211,44,2020-02-28,,True
2747,1211,105,2022-06-08,2024-06-27,False
2748,1211,133,2020-06-17,2022-08-27,False
2749,1211,33,2022-08-06,,True
2750,1212,61,2022-04-07,,True
2751,1212,118,2021-01-24,,True
2752,1212,102,2020-01-20,,True
2753,1212,83,2021-11-22,,True
2754,1212,34,2022-07-08,,True
2755,1213,150,2021-08-20,,True
2756,1213,22,2022-07-20,,True
2757,1213,100,2021-03-11,2023-07-11,False
2758,1213,104,2020-02-14,,True
2759,1213,61,2022-03-11,2023-06-20,False
2760,1214,61,2022-03-27,,True
2761,1214,117,2020-07-27,,True
2762,1214,125,2021-04-11,,True
2763,1215,34,2020-10-27,,True
2764,1215,129,2020-12-18,2023-08-01,False
2765,1215,83,2021-08-10,,True
2766,1215,22,2020-08-15,,True
2767,1215,61,2021-11-04,,True
2768,1215,71,2021-05-02,,True
2769,1216,71,2022-10-05,2025-07-09,False
2770,1216,131,2022-01-09,,True
2771,1216,100,2021-10-31,,True
2772,1217,47,2022-10-11,,True
2773,1217,83,2022-07-25,,True
2774,1217,44,2020-08-01,,True
2775,1217,118,2020-10-18,,True
2776,1218,22,2021-01-02,,True
2777,1218,44,2020-11-10,,True
2778,1218,118,2021-12-14,,True
2779,1218,7,2023-03-13,,True
2780,1218,61,2023-03-20,,True
2781,1219,142,2021-11-02,,True
2782,1219,18,2022-03-28,,True
2783,1219,71,2020-10-05,,True
2784,1219,144,2022-12-15,,True
2785,1219,102,2021-04-29,2023-04-16,False
2786,1219,44,2022-03-12,,True
2787,1220,118,2023-03-20,,True
2788,1220,44,2021-01-24,,True
2789,1220,22,2020-03-02,,True
2790,1221,83,2021-12-17,,True
2791,1221,7,2022-04-13,,True
2792,1221,71,2022-08-21,,True
2793,1221,32,2022-08-06,,True
2794,1221,127,2022-02-14,,True
2795,1222,22,2021-09-22,,True
2796,1222,102,2022-02-09,2023-09-26,False
2797,1222,100,2023-03-19,2025-03-26,False
2798,1223,149,2020-04-15,,True
2799,1223,142,2022-02-08,,True
2800,1223,102,2023-04-09,,True
2801,1223,145,2022-05-06,,True
2802,1223,94,2021-02-08,,True
2803,1224,68,2020-03-08,,True
2804,1224,60,2022-11-24,,True
2805,1224,138,2020-11-05,,True
2806,1224,44,2020-09-27,2022-09-29,False
2807,1224,61,2022-07-29,,True
2808,1224,34,2022-07-20,,True
2809,1225,100,2021-04-28,,True
2810,1225,43,2020-02-04,,True
2811,1225,7,2020-04-15,,True
2812,1225,71,2020-08-16,,True
2813,1225,118,2020-01-27,,True
2814,1226,21,2022-09-11,,True
2815,1226,102,2020-06-05,,True
2816,1226,6,2023-03-24,,True
2817,1226,29,2021-10-23,,True
2818,1227,102,2020-06-24,,True
2819,1227,110,2020-06-24,,True
2820,1227,34,2020-04-17,2021-12-16,False
2821,1228,34,2021-06-27,,True
2822,1228,83,2023-03-08,,True
2823,1229,147,2021-11-03,,True
2824,1229,100,2023-02-13,,True
2825,1229,44,2022-04-04,2024-06-05,False
2826,1229,141,2021-12-19,,True
2827,1230,71,2021-12-14,2024-09-06,False
2828,1230,22,2022-08-31,,True
2829,1230,24,2022-10-19,,True
2830,1230,34,2022-12-29,,True
2831,1230,54,2021-01-16,,True
2832,1231,14,2020-01-03,,True
2833,1231,83,2021-01-05,2022-02-27,False
2834,1231,44,2022-05-29,,True
2835,1232,71,2020-04-23,2022-02-02,False
2836,1232,34,2022-10-10,,True
2837,1232,100,2023-04-02,,True
2838,1233,102,2021-01-02,,True
2839,1233,93,2021-11-11,,True
2840,1233,60,2022-03-25,,True
2841,1234,44,2020-11-02,,True
2842,1234,83,2023-02-18,2025-09-13,False
2843,1234,118,2021-05-08,,True
2844,1234,93,2021-03-20,,True
2845,1235,83,2020-08-18,2023-01-19,False
2846,1235,44,2020-05-22,,True
2847,1235,47,2020-03-31,,True
2848,1235,21,2021-04-09,,True
2849,1236,118,2022-06-24,,True
2850,1236,34,2022-02-04,,True
2851,1237,102,2022-11-23,,True
2852,1237,59,2020-02-01,2022-06-13,False
2853,1237,127,2021-07-09,,True
2854,1237,139,2021-07-12,,True
2855,1238,102,2022-02-03,2023-09-19,False
2856,1238,83,2020-08-27,2023-08-08,False
2857,1239,129,2022-10-01,,True
2858,1239,71,2022-02-25,,True
2859,1239,44,2023-02-24,,True
2860,1239,7,2023-03-13,2025-01-10,False
2861,1239,118,2020-04-29,,True
2862,1240,116,2022-12-13,,True
2863,1240,40,2020-04-18,,True
2864,1240,22,2020-10-14,,True
2865,1240,26,2020-09-02,2023-01-12,False
2866,1240,44,2021-04-20,,True
2867,1241,71,2021-09-03,,True
2868,1241,149,2022-09-20,,True
2869,1241,100,2022-11-30,,True
2870,1241,65,2022-06-12,,True
2871,1242,44,2021-12-09,,True
2872,1242,143,2020-07-24,,True
2873,1242,120,2021-01-25,,True
2874,1242,22,2020-06-22,,True
2875,1243,134,2020-07-07,,True
2876,1243,100,2021-07-09,,True
2877,1243,57,2022-03-05,2023-03-19,False
2878,1243,44,2020-06-14,2022-09-18,False
2879,1243,71,2021-05-01,2023-06-30,False
2880,1243,55,2022-06-11,,True
2881,1244,45,2023-01-06,,True
2882,1244,61,2021-09-26,,True
2883,1244,44,2021-06-18,,True
2884,1244,83,2022-07-04,2024-08-11,False
2885,1245,14,2020-06-05,,True
2886,1245,121,2023-01-28,,True
2887,1245,77,2021-11-07,,True
2888,1246,83,2021-08-26,,True
2889,1246,102,2020-08-18,2022-11-29,False
2890,1246,22,2021-11-05,2024-10-06,False
2891,1247,7,2021-07-05,,True
2892,1247,83,2021-07-16,,True
2893,1247,60,2020-04-22,,True
2894,1247,102,2022-02-28,2024-12-25,False
2895,1248,79,2022-08-26,,True
2896,1248,7,2022-11-09,,True
2897,1248,72,2023-01-12,,True
2898,1249,44,2021-07-19,,True
2899,1249,107,2020-03-02,,True
2900,1249,127,2020-08-27,,True
2901,1249,115,2020-08-04,,True
2902,1249,38,2020-07-26,,True
2903,1251,34,2020-08-15,,True
2904,1251,76,2022-12-01,,True
2905,1251,22,2021-01-06,,True
2906,1251,100,2022-02-26,,True
2907,1251,7,2022-12-26,,True
2908,1251,102,2020-06-17,,True
2909,1252,118,2021-02-26,2022-03-19,False
2910,1252,22,2022-01-22,,True
2911,1253,27,2022-04-05,,True
2912,1253,71,2021-12-10,,True
2913,1253,61,2022-06-07,,True
2914,1253,118,2022-01-02,,True
2915,1253,100,2022-12-30,,True
2916,1253,102,2022-12-26,,True
2917,1254,102,2020-01-07,,True
2918,1254,71,2022-12-26,,True
2919,1254,7,2020-09-08,,True
2920,1254,22,2020-04-18,,True
2921,1255,100,2020-09-18,,True
2922,1255,118,2022-09-16,2024-01-17,False
2923,1255,7,2023-03-21,,True
2924,1256,7,2022-11-07,,True
2925,1256,34,2020-10-05,,True
2926,1256,22,2022-11-09,,True
2927,1256,139,2020-11-04,2023-04-07,False
2928,1256,83,2021-03-18,,True
2929,1257,135,2020-03-26,2021-05-02,False
2930,1257,61,2020-11-14,,True
2931,1257,22,2022-09-19,,True
2932,1257,7,2021-03-04,,True
2933,1258,61,2020-07-31,,True
2934,1258,100,2023-04-04,,True
2935,1258,56,2022-04-02,,True
2936,1258,16,2021-10-19,,True
2937,1258,118,2023-04-06,,True
2938,1259,7,2021-02-22,,True
2939,1259,46,2022-05-31,2023-08-01,False
2940,1259,58,2021-11-15,2024-10-02,False
2941,1259,44,2022-09-03,,True
2942,1259,71,2021-10-06,,True
2943,1259,61,2021-08-23,,True
2944,1260,34,2021-11-01,,True
2945,1260,118,2022-07-11,2024-05-05,False
2946,1260,64,2022-08-17,,True
2947,1260,144,2021-10-03,,True
2948,1260,49,2021-10-21,2023-08-05,False
2949,1261,118,2020-10-26,,True
2950,1261,71,2022-10-06,,True
2951,1261,100,2020-07-10,,True
2952,1262,62,2020-10-05,,True
2953,1262,89,2022-05-31,,True
2954,1262,100,2022-10-28,2024-08-06,False
2955,1262,42,2020-07-10,,True
2956,1262,71,2022-09-23,,True
2957,1262,118,2020-09-16,,True
2958,1263,25,2022-03-14,2023-04-20,False
2959,1263,44,2020-12-01,2022-02-20,False
2960,1263,102,2021-06-11,,True
2961,1263,132,2020-12-04,,True
2962,1264,44,2022-12-03,2025-02-28,False
2963,1264,22,2020-02-10,,True
2964,1264,29,2021-02-23,,True
2965,1264,91,2022-07-22,2024-06-20,False
2966,1264,34,2020-06-10,,True
2967,1265,61,2020-10-20,,True
2968,1265,102,2020-03-18,2022-09-10,False
2969,1265,44,2022-11-01,2024-08-16,False
2970,1265,71,2021-08-04,,True
2971,1265,118,2021-06-22,,True
2972,1266,83,2022-03-08,,True
2973,1266,22,2022-01-06,,True
2974,1266,71,2022-05-20,,True
2975,1267,34,2021-07-29,,True
2976,1267,71,2022-11-09,,True
2977,1267,61,2022-02-07,,True
2978,1268,57,2023-02-08,,True
2979,1268,7,2020-12-17,,True
2980,1268,41,2021-12-03,,True
2981,1268,44,2022-12-03,,True
2982,1268,54,2020-04-26,,True
2983,1268,118,2023-02-07,,True
2984,1269,34,2021-10-05,,True
2985,1269,149,2020-09-16,,True
2986,1269,118,2023-02-07,,True
2987,1270,71,2020-11-14,2022-02-04,False
2988,1270,7,2022-05-27,,True
2989,1270,76,2020-05-21,,True
2990,1271,22,2022-03-31,,True
2991,1271,71,2022-04-10,,True
2992,1271,63,2021-11-30,,True
2993,1272,7,2022-09-30,,True
2994,1272,3,2022-08-13,,True
2995,1272,102,2021-02-01,,True
2996,1273,89,2021-06-29,,True
2997,1273,34,2020-10-10,2023-07-01,False
2998,1273,37,2023-01-15,,True
2999,1273,61,2021-01-10,,True
3000,1273,115,2020-03-11,,True
3001,1274,118,2020-09-29,,True
3002,1274,77,2021-07-28,,True
3003,1274,100,2023-01-10,,True
3004,1274,44,2020-01-06,2021-09-15,False
3005,1275,100,2020-06-08,,True
3006,1275,52,2021-02-18,,True
3007,1275,118,2020-12-01,,True
3008,1276,102,2023-03-25,,True
3009,1276,21,2021-03-14,,True
3010,1276,37,2020-09-28,,True
3011,1276,22,2022-03-15,2023-09-26,False
3012,1276,71,2022-01-14,,True
3013,1276,100,2022-09-26,,True
3014,1277,84,2021-11-06,,True
3015,1277,18,2022-11-22,,True
3016,1277,44,2021-03-29,,True
3017,1277,83,2022-10-28,,True
3018,1277,118,2020-08-22,2023-01-28,False
3019,1277,102,2021-12-09,,True
3020,1278,87,2021-02-26,,True
3021,1278,70,2022-02-08,2024-01-08,False
3022,1278,102,2020-05-07,,True
3023,1278,76,2023-01-04,,True
3024,1278,26,2023-02-23,,True
3025,1279,127,2022-10-05,,True
3026,1279,125,2023-03-19,2024-07-08,False
3027,1279,61,2023-01-23,,True
3028,1280,118,2021-04-10,,True
3029,1280,22,2022-01-03,,True
3030,1280,72,2023-03-29,,True
3031,1280,61,2022-07-24,,True
3032,1280,34,2021-07-27,,True
3033,1281,34,2020-01-04,,True
3034,1281,7,2022-05-03,,True
3035,1281,83,2022-01-21,,True
3036,1282,118,2021-04-17,2023-05-03,False
3037,1282,22,2020-03-15,,True
3038,1282,21,2022-06-20,,True
3039,1282,139,2021-09-29,,True
3040,1282,83,2021-09-29,,True
3041,1283,71,2020-11-12,2023-08-22,False
3042,1283,7,2021-08-06,,True
3043,1283,138,2022-02-28,,True
3044,1283,61,2022-08-20,,True
3045,1283,118,2022-10-01,,True
3046,1284,100,2020-08-01,,True
3047,1284,61,2020-03-11,,True
3048,1284,7,2021-02-27,,True
3049,1284,44,2021-07-23,,True
3050,1285,83,2020-09-11,,True
3051,1285,22,2022-06-29,,True
3052,1285,61,2020-05-20,,True
3053,1285,60,2023-02-01,,True
3054,1285,38,2022-02-07,,True
3055,1287,34,2020-12-04,,True
3056,1287,102,2020-05-23,,True
3057,1287,22,2020-06-12,,True
3058,1289,22,2022-12-28,,True
3059,1289,7,2020-08-07,2021-12-07,False
3060,1289,106,2021-09-13,,True
3061,1289,71,2020-08-11,,True
3062,1289,44,2022-07-31,2024-03-01,False
3063,1289,84,2020-02-11,,True
3064,1290,7,2021-07-05,,True
3065,1290,61,2022-07-01,,True
3066,1290,66,2022-03-05,,True
3067,1290,100,2022-11-14,,True
3068,1291,17,2022-12-07,,True
3069,1291,118,2022-04-17,,True
3070,1291,102,2022-03-07,2024-01-02,False
3071,1291,40,2022-07-08,,True
3072,1292,7,2022-07-18,2025-02-16,False
3073,1292,61,2021-10-31,,True
3074,1292,34,2020-10-13,2023-07-23,False
3075,1293,38,2022-09-07,,True
3076,1293,44,2021-01-24,,True
3077,1293,118,2020-06-18,,True
3078,1293,34,2022-03-08,,True
3079,1293,61,2021-07-13,,True
3080,1294,50,2020-02-08,,True
3081,1294,71,2022-12-04,,True
3082,1294,100,2021-12-11,,True
3083,1294,34,2020-09-24,2022-03-26,False
3084,1294,63,2020-11-14,2022-03-05,False
3085,1295,7,2022-09-26,,True
3086,1295,22,2021-09-20,,True
3087,1295,34,2021-09-20,,True
3088,1295,71,2022-02-04,2023-07-20,False
3089,1296,22,2021-01-30,,True
3090,1296,51,2021-12-31,,True
3091,1296,118,2021-05-25,2022-07-10,False
3092,1296,2,2021-01-06,,True
3093,1296,84,2022-08-15,,True
3094,1297,81,2020-12-30,2022-01-04,False
3095,1297,78,2020-11-22,,True
3096,1297,100,2021-12-17,,True
3097,1297,25,2022-01-01,,True
3098,1298,7,2020-04-25,,True
3099,1298,24,2022-05-07,,True
3100,1298,44,2021-04-04,,True
3101,1298,83,2020-04-29,,True
3102,1299,34,2021-10-20,2024-08-11,False
3103,1299,48,2020-09-27,2022-10-15,False
3104,1299,71,2023-01-22,2024-02-10,False
3105,1299,61,2020-05-04,,True
3106,1300,128,2022-12-09,,True
3107,1300,22,2021-03-05,,True
3108,1300,71,2022-06-15,,True
3109,1300,75,2021-06-19,,True
3110,1301,22,2023-02-06,,True
3111,1301,62,2020-12-07,2023-05-24,False
3112,1301,34,2021-05-08,,True
3113,1301,83,2022-09-29,,True
3114,1302,22,2020-02-27,,True
3115,1302,12,2023-02-03,2025-11-16,False
3116,1302,100,2021-01-30,,True
3117,1302,83,2021-03-13,,True
3118,1303,140,2020-02-28,2021-12-20,False
3119,1303,103,2022-02-11,2024-11-14,False
3120,1303,38,2020-03-05,,True
3121,1304,79,2023-02-18,2024-08-14,False
3122,1304,34,2020-05-25,2022-01-20,False
3123,1304,74,2020-08-20,2022-11-20,False
3124,1304,95,2022-10-12,,True
3125,1304,44,2023-02-13,2025-05-13,False
3126,1304,100,2022-07-02,,True
3127,1305,80,2022-08-23,2023-12-21,False
3128,1305,40,2020-07-24,2021-09-08,False
3129,1305,23,2020-06-10,,True
3130,1306,100,2020-04-09,,True
3131,1306,7,2021-07-15,,True
3132,1306,102,2020-12-11,2022-08-28,False
3133,1307,71,2022-03-19,2023-08-14,False
3134,1307,3,2020-04-07,,True
3135,1307,100,2021-09-13,,True
3136,1307,33,2021-12-09,,True
3137,1307,7,2020-05-12,,True
3138,1307,17,2020-06-23,,True
3139,1308,17,2023-03-29,,True
3140,1308,125,2022-10-09,,True
3141,1308,118,2023-03-19,2025-12-16,False
3142,1309,83,2021-07-18,,True
3143,1309,2,2022-09-21,,True
3144,1309,61,2021-04-05,,True
3145,1309,7,2021-11-15,,True
3146,1310,7,2022-11-11,,True
3147,1310,83,2020-11-19,2023-03-17,False
3148,1310,61,2020-05-05,,True
3149,1310,89,2021-12-10,2023-10-20,False
3150,1311,100,2020-07-22,,True
3151,1311,98,2022-07-22,,True
3152,1311,102,2021-12-14,,True
3153,1312,118,2020-10-21,,True
3154,1312,81,2020-12-19,,True
3155,1312,22,2021-01-20,2022-11-07,False
3156,1313,113,2020-04-02,2021-12-19,False
3157,1313,22,2022-05-13,,True
3158,1313,83,2022-09-15,,True
3159,1313,44,2022-03-24,,True
3160,1313,61,2020-08-25,2022-04-06,False
3161,1314,7,2021-10-24,2023-08-22,False
3162,1314,70,2022-03-16,,True
3163,1314,34,2020-05-18,2022-01-29,False
3164,1314,44,2020-04-16,,True
3165,1315,71,2020-08-10,2021-09-11,False
3166,1315,48,2022-09-13,,True
3167,1315,63,2020-01-14,,True
3168,1316,42,2021-02-11,,True
3169,1316,44,2022-12-17,,True
3170,1316,61,2020-11-04,,True
3171,1316,34,2020-08-03,,True
3172,1316,7,2021-02-04,,True
3173,1317,7,2021-12-06,,True
3174,1317,22,2020-08-10,,True
3175,1317,61,2020-11-14,2023-02-27,False
3176,1318,83,2022-03-08,,True
3177,1318,71,2021-04-22,,True
3178,1318,112,2022-03-08,,True
3179,1318,98,2022-06-08,,True
3180,1318,22,2021-09-07,2024-02-27,False
3181,1319,49,2020-11-12,,True
3182,1319,71,2023-01-01,,True
3183,1319,102,2021-05-14,,True
3184,1320,7,2022-09-17,,True
3185,1320,86,2021-10-23,,True
3186,1320,102,2021-10-24,,True
3187,1320,15,2020-01-09,,True
3188,1321,100,2020-11-17,,True
3189,1321,83,2020-02-01,,True
3190,1321,49,2021-11-02,,True
3191,1321,44,2021-02-20,,True
3192,1322,83,2020-10-03,,True
3193,1322,111,2022-06-28,,True
3194,1322,102,2023-02-20,,True
3195,1322,118,2021-06-04,,True
3196,1323,126,2022-10-24,2024-03-23,False
3197,1323,83,2021-03-13,,True
3198,1323,117,2020-05-20,2021-10-01,False
3199,1323,19,2022-09-07,,True
3200,1324,61,2021-05-30,,True
3201,1324,8,2021-02-21,,True
3202,1324,34,2020-11-02,,True
3203,1324,83,2021-08-06,,True
3204,1325,103,2022-03-12,,True
3205,1325,22,2022-08-22,2024-08-14,False
3206,1325,83,2023-01-08,,True
3207,1325,71,2020-12-07,2023-08-25,False
3208,1325,102,2023-01-31,,True
3209,1326,132,2020-10-27,,True
3210,1326,100,2023-03-24,,True
3211,1326,61,2020-03-24,,True
3212,1327,22,2020-11-07,2022-08-03,False
3213,1327,100,2021-03-28,,True
3214,1327,83,2021-01-03,,True
3215,1327,127,2023-02-11,,True
3216,1328,88,2020-07-23,,True
3217,1328,34,2022-10-14,2024-06-14,False
3218,1328,99,2021-11-18,,True
3219,1328,61,2021-06-07,,True
3220,1328,149,2021-10-10,,True
3221,1328,7,2023-03-20,,True
3222,1329,61,2022-07-11,,True
3223,1329,83,2020-09-20,,True
3224,1329,71,2021-04-01,,True
3225,1330,22,2022-09-14,2023-09-15,False
3226,1330,118,2020-03-29,,True
3227,1330,100,2021-08-03,,True
3228,1330,83,2022-09-29,2024-08-21,False
3229,1330,102,2020-04-13,,True
3230,1330,71,2022-04-11,,True
3231,1331,6,2020-04-08,2022-04-01,False
3232,1331,141,2023-01-19,,True
3233,1331,118,2020-11-03,,True
3234,1331,44,2022-07-30,2024-03-21,False
3235,1332,61,2023-03-14,,True
3236,1332,118,2022-09-24,2023-10-19,False
3237,1332,21,2023-01-31,,True
3238,1332,42,2021-08-07,,True
3239,1333,34,2020-06-22,,True
3240,1333,102,2021-10-08,,True
3241,1333,118,2020-05-03,,True
3242,1334,83,2022-11-26,2025-06-10,False
3243,1334,34,2022-01-23,2024-05-10,False
3244,1334,89,2020-07-27,,True
3245,1335,45,2022-07-26,,True
3246,1335,22,2022-05-03,,True
3247,1335,106,2020-03-13,,True
3248,1335,150,2021-03-24,,True
3249,1336,118,2021-12-22,2023-02-09,False
3250,1336,7,2021-08-27,,True
3251,1336,22,2023-02-22,2024-12-22,False
3252,1336,108,2022-08-14,,True
3253,1337,100,2020-07-18,,True
3254,1337,91,2020-07-24,,True
3255,1337,44,2022-10-29,,True
3256,1337,34,2023-03-12,,True
3257,1337,22,2021-03-07,,True
3258,1337,71,2022-01-17,2024-05-03,False
3259,1338,7,2021-04-01,,True
3260,1338,44,2021-11-19,,True
3261,1338,64,2022-02-13,,True
3262,1338,100,2020-02-08,,True
3263,1339,65,2020-09-06,,True
3264,1339,118,2021-01-31,,True
3265,1339,83,2021-02-08,,True
3266,1340,61,2022-09-20,,True
3267,1340,127,2023-01-19,,True
3268,1340,34,2020-02-25,,True
3269,1340,16,2022-12-17,,True
3270,1341,118,2020-09-05,,True
3271,1341,61,2023-04-02,,True
3272,1341,83,2022-08-29,,True
3273,1342,100,2023-03-13,,True
3274,1342,54,2022-02-11,,True
3275,1342,130,2021-04-23,,True
3276,1342,11,2022-09-15,,True
3277,1342,61,2021-08-18,,True
3278,1343,34,2021-06-28,,True
3279,1343,22,2021-03-29,,True
3280,1343,118,2022-11-20,2024-08-24,False
3281,1343,148,2020-10-02,,True
3282,1344,140,2021-03-06,,True
3283,1344,25,2023-01-15,,True
3284,1344,19,2023-04-04,2026-03-04,False
3285,1344,21,2022-10-16,,True
3286,1344,99,2021-03-14,,True
3287,1344,36,2020-12-18,,True
3288,1345,150,2020-05-28,,True
3289,1345,38,2022-09-15,2023-10-23,False
3290,1345,39,2021-06-01,,True
3291,1345,135,2020-06-07,2022-08-07,False
3292,1346,34,2020-09-24,,True
3293,1346,83,2021-07-21,,True
3294,1346,118,2022-03-14,,True
3295,1347,22,2022-01-15,,True
3296,1347,100,2020-12-21,,True
3297,1347,80,2022-06-29,2024-10-01,False
3298,1347,34,2021-03-11,,True
3299,1348,61,2023-04-01,,True
3300,1348,26,2021-05-18,,True
3301,1348,100,2023-03-26,,True
3302,1350,44,2022-06-11,,True
3303,1350,8,2021-07-02,,True
3304,1350,66,2022-07-30,,True
3305,1351,118,2021-01-09,,True
3306,1351,34,2021-05-26,,True
3307,1352,44,2021-07-24,,True
3308,1352,24,2021-05-07,,True
3309,1353,22,2020-11-05,,True
3310,1353,71,2021-12-13,,True
3311,1354,102,2021-04-18,,True
3312,1354,44,2020-07-02,,True
3313,1354,100,2021-06-17,2023-01-23,False
3314,1354,71,2020-01-25,2022-07-10,False
3315,1355,81,2023-01-23,2025-05-23,False
3316,1355,100,2022-06-29,,True
3317,1355,44,2022-02-07,2024-12-15,False
3318,1356,149,2020-05-13,2021-09-20,False
3319,1356,7,2021-10-20,2023-05-06,False
3320,1356,44,2022-08-28,,True
3321,1356,118,2021-08-29,,True
3322,1356,71,2021-08-30,,True
3323,1356,22,2020-05-02,2023-03-12,False
3324,1357,118,2021-03-31,2023-11-22,False
3325,1357,149,2021-09-27,,True
3326,1357,21,2020-01-22,,True
3327,1358,126,2022-07-08,,True
3328,1358,17,2022-07-04,2023-07-18,False
3329,1358,38,2020-11-18,,True
3330,1358,25,2020-10-09,,True
3331,1359,34,2020-01-12,2021-09-02,False
3332,1359,22,2020-02-18,,True
3333,1359,7,2022-10-11,2025-07-23,False
3334,1360,7,2020-05-01,,True
3335,1360,102,2020-08-05,2022-01-27,False
3336,1360,100,2021-12-16,,True
3337,1360,34,2022-02-28,,True
3338,1361,83,2022-08-29,,True
3339,1361,71,2021-02-06,,True
3340,1361,7,2021-06-14,,True
3341,1361,22,2020-08-01,,True
3342,1361,102,2022-02-22,,True
3343,1362,22,2020-02-23,,True
3344,1362,61,2020-05-09,,True
3345,1362,7,2022-08-22,,True
3346,1363,118,2021-01-30,,True
3347,1363,61,2021-11-23,,True
3348,1363,93,2022-05-09,,True
3349,1364,50,2022-03-31,,True
3350,1364,71,2021-03-09,2022-11-08,False
3351,1364,102,2021-03-26,,True
3352,1364,148,2020-07-08,,True
3353,1365,61,2022-03-03,,True
3354,1365,115,2020-10-15,,True
3355,1365,124,2023-02-14,,True
3356,1365,147,2022-12-14,,True
3357,1365,22,2022-06-03,,True
3358,1366,118,2021-11-07,,True
3359,1366,83,2022-04-09,,True
3360,1366,30,2022-02-06,,True
3361,1366,22,2020-10-01,,True
3362,1367,136,2022-08-15,2024-10-05,False
3363,1367,10,2020-01-10,,True
3364,1367,102,2020-03-03,,True
3365,1368,100,2021-01-25,,True
3366,1368,34,2021-06-28,,True
3367,1368,118,2023-01-10,,True
3368,1368,71,2020-10-19,,True
3369,1368,102,2021-08-29,,True
3370,1369,44,2020-05-12,,True
3371,1369,118,2022-05-10,,True
3372,1369,142,2021-05-02,,True
3373,1369,22,2021-02-19,,True
3374,1369,61,2020-03-13,,True
3375,1369,16,2021-04-19,,True
3376,1370,118,2021-04-15,2023-07-06,False
3377,1370,7,2022-02-22,2024-08-28,False
3378,1370,85,2020-06-07,,True
3379,1370,111,2022-01-27,,True
3380,1371,26,2022-09-26,,True
3381,1371,7,2020-02-26,,True
3382,1371,34,2020-06-18,2021-12-29,False
3383,1371,22,2022-04-15,2023-07-18,False
3384,1371,3,2022-07-25,,True
3385,1372,33,2022-01-14,,True
3386,1372,150,2021-11-20,,True
3387,1372,103,2021-08-06,2023-03-09,False
3388,1373,21,2022-07-08,,True
3389,1373,103,2021-10-13,,True
3390,1373,39,2020-08-18,2023-06-09,False
3391,1373,38,2020-06-29,,True
3392,1375,102,2022-09-20,,True
3393,1375,83,2022-05-02,,True
3394,1375,31,2020-08-04,2021-10-06,False
3395,1376,100,2020-03-26,2021-12-23,False
3396,1376,118,2021-02-18,,True
3397,1376,61,2020-11-06,,True
3398,1376,102,2021-04-21,,True
3399,1376,44,2020-07-14,,True
3400,1378,118,2020-01-14,,True
3401,1378,7,2022-04-14,,True
3402,1378,106,2022-03-11,,True
3403,1378,44,2020-02-10,2021-11-02,False
3404,1378,22,2021-11-09,,True
3405,1379,22,2022-01-06,,True
3406,1379,52,2022-09-30,,True
3407,1379,100,2020-12-23,,True
3408,1379,26,2021-07-07,2023-09-14,False
3409,1380,83,2021-08-18,,True
3410,1380,22,2022-07-23,,True
3411,1380,118,2021-06-18,2022-10-26,False
3412,1380,61,2021-09-30,,True
3413,1381,35,2022-02-19,,True
3414,1381,90,2020-12-25,,True
3415,1381,118,2020-03-15,2023-03-09,False
3416,1381,22,2022-08-28,,True
3417,1381,71,2022-02-24,,True
3418,1381,38,2022-10-04,,True
3419,1382,44,2020-12-06,,True
3420,1382,34,2020-03-10,,True
3421,1382,132,2021-02-22,,True
3422,1382,22,2020-05-12,,True
3423,1383,71,2020-05-09,,True
3424,1383,34,2021-03-19,2022-04-11,False
3425,1383,45,2020-07-15,,True
3426,1384,71,2021-01-06,2023-05-25,False
3427,1384,61,2023-04-05,,True
3428,1384,83,2021-04-27,2023-07-21,False
3429,1385,44,2023-02-04,,True
3430,1385,38,2020-03-12,,True
3431,1385,15,2023-01-28,2024-04-25,False
3432,1385,34,2020-02-27,,True
3433,1386,100,2022-09-30,,True
3434,1386,26,2022-10-29,2024-07-19,False
3435,1386,7,2022-06-05,,True
3436,1386,44,2021-03-31,,True
3437,1387,112,2021-03-14,,True
3438,1387,108,2023-03-26,,True
3439,1387,26,2021-01-24,,True
3440,1388,83,2022-04-15,,True
3441,1388,34,2021-05-18,,True
3442,1388,7,2022-10-31,,True
3443,1388,102,2022-01-09,,True
3444,1388,44,2023-03-10,2024-09-05,False
3445,1389,102,2021-05-21,,True
3446,1389,34,2023-01-18,,True
3447,1389,61,2020-08-25,,True
3448,1390,118,2020-02-05,,True
3449,1390,7,2021-07-01,,True
3450,1390,102,2020-12-11,,True
3451,1391,10,2020-01-09,2021-07-25,False
3452,1391,61,2020-02-11,,True
3453,1391,7,2022-03-05,,True
3454,1392,83,2020-01-08,,True
3455,1392,44,2021-07-01,,True
3456,1392,42,2022-10-26,,True
3457,1392,73,2021-07-21,,True
3458,1392,11,2021-12-13,,True
3459,1393,61,2022-09-25,,True
3460,1393,100,2023-02-10,2025-05-01,False
3461,1393,7,2022-11-12,,True
3462,1393,22,2021-02-03,2023-10-09,False
3463,1393,71,2021-11-27,2024-02-01,False
3464,1394,44,2020-09-22,,True
3465,1394,102,2021-10-24,,True
3466,1394,71,2022-12-31,,True
3467,1394,67,2020-05-05,,True
3468,1395,71,2020-09-15,2023-07-27,False
3469,1395,61,2022-06-20,,True
3470,1395,102,2022-07-30,,True
3471,1395,118,2020-05-31,,True
3472,1395,53,2020-01-19,,True
3473,1396,145,2022-05-23,,True
3474,1396,34,2021-07-04,,True
3475,1396,44,2021-12-31,2023-11-10,False
3476,1396,103,2022-11-24,,True
3477,1397,71,2021-05-27,,True
3478,1397,61,2022-10-30,2025-07-06,False
3479,1397,118,2022-02-14,,True
3480,1398,7,2021-08-18,,True
3481,1398,75,2022-12-08,,True
3482,1398,61,2022-06-08,2024-04-01,False
3483,1398,71,2020-06-27,2021-11-14,False
3484,1398,83,2020-09-06,,True
3485,1399,100,2023-03-30,,True
3486,1399,22,2021-04-20,,True
3487,1399,44,2022-08-16,2025-03-13,False
3488,1400,61,2023-02-12,,True
3489,1400,83,2020-10-22,,True
3490,1400,44,2020-09-23,,True
3491,1400,107,2021-03-24,,True
3492,1400,68,2022-06-30,,True
3493,1401,61,2020-08-29,,True
3494,1401,71,2020-10-13,,True
3495,1401,34,2022-01-22,,True
3496,1401,83,2022-02-01,,True
3497,1401,22,2022-12-15,,True
3498,1402,71,2020-10-26,2023-06-24,False
3499,1402,49,2021-12-17,,True
3500,1402,22,2022-09-01,,True
3501,1402,100,2020-03-02,2022-06-15,False
3502,1402,7,2020-05-22,2021-08-16,False
3503,1402,141,2021-08-15,,True
3504,1403,100,2022-12-15,,True
3505,1403,138,2021-05-18,,True
3506,1403,136,2021-02-05,,True
3507,1403,142,2021-12-27,,True
3508,1403,82,2020-11-07,,True
3509,1404,109,2021-05-09,,True
3510,1404,99,2022-07-24,,True
3511,1404,22,2023-01-21,,True
3512,1404,93,2021-02-27,,True
3513,1405,61,2023-01-19,,True
3514,1405,66,2020-01-15,2022-02-25,False
3515,1405,44,2020-03-24,,True
3516,1405,3,2022-07-18,2025-02-10,False
3517,1405,22,2022-08-27,,True
3518,1406,102,2020-12-06,,True
3519,1406,71,2021-03-03,,True
3520,1406,26,2020-12-14,2022-07-23,False
3521,1406,118,2021-05-21,2023-09-08,False
3522,1407,61,2020-05-08,,True
3523,1407,102,2022-07-08,,True
3524,1407,83,2021-11-30,,True
3525,1407,22,2021-08-29,,True
3526,1408,135,2021-03-27,2023-12-21,False
3527,1408,78,2021-12-16,,True
3528,1408,7,2021-04-12,,True
3529,1408,112,2021-03-18,2023-05-18,False
3530,1408,102,2021-10-29,2022-11-26,False
3531,1409,112,2020-08-09,2021-10-08,False
3532,1409,78,2021-09-01,,True
3533,1409,71,2022-06-20,,True
3534,1409,58,2020-02-04,,True
3535,1410,39,2020-02-12,,True
3536,1410,99,2022-04-04,,True
3537,1410,17,2023-02-27,,True
3538,1411,70,2022-06-04,,True
3539,1411,7,2021-08-30,,True
3540,1411,119,2020-06-15,,True
3541,1412,122,2021-08-14,,True
3542,1412,102,2020-05-08,,True
3543,1412,71,2020-10-24,2023-08-12,False
3544,1413,102,2022-05-31,,True
3545,1413,83,2022-03-04,2024-01-05,False
3546,1413,71,2020-08-31,,True
3547,1414,7,2022-07-07,,True
3548,1414,118,2022-07-17,,True
3549,1414,53,2021-02-05,,True
3550,1414,22,2022-05-26,2024-02-10,False
3551,1416,45,2021-11-24,2024-05-24,False
3552,1416,118,2021-02-25,2022-03-16,False
3553,1416,110,2020-05-21,,True
3554,1417,7,2022-07-20,,True
3555,1417,118,2022-10-09,,True
3556,1417,54,2020-02-11,,True
3557,1417,100,2021-05-16,,True
3558,1418,112,2021-09-22,,True
3559,1418,100,2021-04-05,2024-03-04,False
3560,1418,7,2022-07-20,,True
3561,1418,61,2020-01-01,,True
3562,1419,22,2021-02-18,,True
3563,1419,34,2020-10-01,,True
3564,1419,71,2020-02-06,2021-09-28,False
3565,1420,61,2021-05-26,,True
3566,1420,113,2021-09-21,,True
3567,1420,100,2020-01-10,,True
3568,1421,141,2023-02-22,,True
3569,1421,118,2020-03-17,,True
3570,1421,7,2021-04-23,,True
3571,1421,99,2020-12-31,,True
3572,1422,77,2022-11-29,,True
3573,1422,61,2022-02-02,,True
3574,1422,22,2021-10-19,,True
3575,1422,102,2020-07-18,,True
3576,1422,118,2021-03-01,,True
3577,1423,34,2022-11-09,,True
3578,1423,22,2023-02-07,,True
3579,1423,100,2023-03-24,,True
3580,1424,22,2021-08-15,2024-03-14,False
3581,1424,122,2020-10-13,2022-05-03,False
3582,1424,34,2022-02-06,,True
3583,1425,118,2023-01-05,,True
3584,1425,25,2022-06-29,2023-08-07,False
3585,1425,44,2022-10-14,,True
3586,1426,102,2022-06-18,,True
3587,1426,118,2021-04-25,2023-05-21,False
3588,1426,7,2022-11-09,,True
3589,1426,61,2022-08-08,,True
3590,1427,88,2021-10-18,,True
3591,1427,22,2021-11-05,,True
3592,1427,83,2020-06-25,,True
3593,1427,34,2021-01-02,2022-10-29,False
3594,1428,61,2022-02-26,,True
3595,1428,102,2022-01-15,,True
3596,1428,9,2022-08-08,,True
3597,1428,22,2020-03-24,,True
3598,1428,20,2020-05-14,2022-10-05,False
3599,1429,100,2022-06-01,,True
3600,1429,22,2021-03-05,2023-06-16,False
3601,1429,7,2021-02-04,2023-11-22,False
3602,1430,100,2020-02-04,,True
3603,1430,71,2021-10-03,,True
3604,1430,45,2021-09-25,,True
3605,1431,68,2020-12-24,,True
3606,1431,148,2022-11-28,,True
3607,1431,8,2021-11-24,,True
3608,1432,102,2020-12-18,,True
3609,1432,34,2020-04-07,,True
3610,1432,24,2021-11-21,,True
3611,1432,7,2022-12-31,,True
3612,1432,61,2020-11-20,,True
3613,1433,136,2021-12-06,2024-10-09,False
3614,1433,56,2023-02-04,,True
3615,1433,100,2020-11-10,,True
3616,1433,46,2021-05-23,,True
3617,1433,22,2021-08-21,,True
3618,1434,22,2021-10-15,,True
3619,1434,7,2021-07-27,,True
3620,1434,1,2022-12-21,,True
3621,1435,44,2021-01-13,2023-06-11,False
3622,1436,57,2022-09-16,,True
3623,1436,34,2022-05-03,,True
3624,1436,44,2021-05-21,,True
3625,1437,22,2022-01-09,,True
3626,1437,74,2022-03-28,,True
3627,1437,13,2020-06-20,,True
3628,1437,56,2022-05-09,,True
3629,1438,44,2022-10-21,,True
3630,1438,102,2020-08-08,,True
3631,1438,83,2022-04-28,2024-06-06,False
3632,1438,7,2020-02-02,,True
3633,1438,123,2020-07-09,,True
3634,1439,7,2020-04-03,,True
3635,1439,83,2021-04-05,,True
3636,1439,111,2020-03-22,2022-08-22,False
3637,1439,102,2020-12-21,,True
3638,1439,77,2023-03-12,,True
3639,1440,22,2020-08-22,,True
3640,1440,100,2021-09-09,,True
3641,1440,44,2021-12-09,,True
3642,1440,64,2022-10-31,,True
3643,1440,57,2020-02-14,,True
3644,1441,51,2022-03-08,,True
3645,1441,7,2021-09-01,,True
3646,1441,98,2023-01-09,,True
3647,1441,71,2020-06-07,,True
3648,1441,61,2021-01-14,,True
3649,1442,99,2020-07-09,,True
3650,1442,126,2021-07-25,,True
3651,1442,38,2023-01-28,,True
3652,1442,74,2023-01-14,2024-08-12,False
3653,1442,150,2020-08-08,2022-05-22,False
3654,1442,13,2023-01-18,,True
3655,1444,71,2022-07-06,2024-02-19,False
3656,1445,100,2020-04-21,,True
3657,1445,118,2021-08-05,,True
3658,1445,102,2021-09-01,,True
3659,1446,61,2022-10-08,,True
3660,1446,71,2021-01-29,,True
3661,1446,136,2022-10-04,,True
3662,1446,118,2020-08-20,,True
3663,1446,34,2020-12-19,,True
3664,1447,71,2020-10-03,,True
3665,1447,44,2021-12-25,,True
3666,1448,34,2020-12-31,,True
3667,1448,44,2020-10-06,,True
3668,1448,144,2020-12-26,,True
3669,1449,17,2020-11-10,,True
3670,1449,21,2021-04-27,,True
3671,1449,38,2021-11-25,,True
3672,1449,126,2020-10-05,,True
3673,1450,22,2022-11-19,,True
3674,1450,61,2022-03-15,,True
3675,1450,118,2021-09-10,,True
3676,1450,129,2022-01-04,2024-05-18,False
3677,1450,100,2022-04-18,,True
3678,1450,140,2020-04-24,,True
3679,1451,61,2023-01-15,,True
3680,1451,76,2021-04-07,,True
3681,1451,65,2023-02-08,,True
3682,1452,71,2023-01-01,,True
3683,1452,19,2022-05-11,,True
3684,1452,63,2020-10-20,,True
3685,1452,77,2020-09-23,,True
3686,1452,22,2022-10-26,,True
3687,1452,36,2022-08-17,2023-10-28,False
3688,1453,61,2021-02-10,,True
3689,1453,118,2020-10-10,,True
3690,1453,125,2021-06-13,,True
3691,1453,71,2020-02-15,,True
3692,1453,83,2023-02-07,,True
3693,1454,103,2020-04-21,,True
3694,1454,52,2020-04-27,,True
3695,1454,126,2022-09-06,,True
3696,1455,48,2023-02-18,,True
3697,1455,83,2023-01-05,,True
3698,1455,34,2020-01-03,,True
3699,1456,7,2023-02-23,2026-01-27,False
3700,1456,71,2022-10-14,,True
3701,1456,118,2022-07-01,2023-07-08,False
3702,1456,104,2021-11-15,2024-03-05,False
3703,1456,127,2023-04-05,,True
3704,1457,44,2021-05-07,,True
3705,1457,102,2022-10-06,,True
3706,1457,12,2020-02-17,,True
3707,1457,5,2020-03-26,,True
3708,1457,92,2020-06-05,,True
3709,1457,34,2022-07-23,,True
3710,1458,109,2022-06-13,2023-12-12,False
3711,1458,7,2021-01-10,,True
3712,1458,71,2022-11-21,,True
3713,1458,118,2021-10-06,,True
3714,1458,61,2021-07-08,,True
3715,1459,7,2021-06-30,,True
3716,1459,118,2021-03-03,,True
3717,1459,83,2021-06-20,,True
3718,1460,83,2022-06-22,2025-02-09,False
3719,1460,100,2020-03-08,,True
3720,1460,7,2023-03-24,,True
3721,1461,100,2021-12-12,,True
3722,1461,81,2022-09-20,,True
3723,1461,139,2021-01-25,,True
3724,1461,22,2023-03-13,,True
3725,1461,8,2020-04-28,,True
3726,1462,22,2020-02-08,,True
3727,1462,118,2021-09-23,,True
3728,1462,44,2021-04-25,2023-03-30,False
3729,1462,112,2022-12-03,,True
3730,1462,100,2022-07-12,,True
3731,1463,34,2021-06-16,2023-03-25,False
3732,1463,148,2022-10-27,,True
3733,1463,131,2022-07-23,,True
3734,1464,44,2020-08-03,,True
3735,1464,71,2020-02-13,,True
3736,1464,145,2020-10-04,,True
3737,1465,130,2022-08-20,,True
3738,1465,61,2020-10-07,,True
3739,1465,118,2022-05-28,,True
3740,1466,22,2022-12-03,,True
3741,1466,44,2020-12-26,,True
3742,1466,61,2021-10-14,,True
3743,1467,83,2021-07-06,2023-05-18,False
3744,1467,100,2021-11-03,,True
3745,1467,22,2021-07-15,,True
3746,1468,14,2021-11-18,,True
3747,1468,83,2023-04-07,2025-07-15,False
3748,1468,44,2023-03-14,2025-09-28,False
3749,1470,22,2022-04-18,,True
3750,1470,102,2020-03-06,,True
3751,1470,76,2020-09-15,,True
3752,1470,78,2021-02-23,,True
3753,1471,86,2023-02-07,,True
3754,1471,118,2021-10-21,,True
3755,1471,7,2020-03-04,2023-01-18,False
3756,1472,118,2020-01-27,,True
3757,1472,44,2022-11-03,,True
3758,1473,50,2020-07-17,,True
3759,1473,61,2020-10-23,,True
3760,1473,92,2023-01-17,2024-08-22,False
3761,1474,118,2022-02-22,,True
3762,1474,61,2022-04-29,2023-11-08,False
3763,1474,144,2020-05-08,,True
3764,1474,7,2022-06-06,,True
3765,1474,137,2023-03-09,,True
3766,1474,22,2022-02-22,,True
3767,1475,83,2020-11-01,,True
3768,1475,69,2020-05-19,2021-05-25,False
3769,1475,9,2021-07-04,,True
3770,1476,118,2020-09-08,,True
3771,1476,7,2021-10-16,,True
3772,1476,103,2020-02-06,,True
3773,1476,44,2021-02-12,,True
3774,1477,102,2020-07-11,2023-04-04,False
3775,1477,83,2020-10-03,,True
3776,1477,87,2022-05-12,,True
3777,1478,46,2020-10-07,,True
3778,1478,34,2021-10-08,2023-12-12,False
3779,1478,48,2021-10-03,,True
3780,1478,83,2022-11-24,,True
3781,1479,61,2022-08-08,,True
3782,1479,51,2020-01-10,,True
3783,1479,118,2021-08-13,,True
3784,1479,22,2020-10-24,2023-07-12,False
3785,1479,71,2023-04-05,,True
3786,1480,22,2023-01-06,,True
3787,1480,44,2020-05-31,2022-07-30,False
3788,1480,61,2021-06-03,,True
3789,1481,118,2023-03-06,,True
3790,1481,22,2022-09-30,,True
3791,1481,7,2021-01-13,2022-03-07,False
3792,1482,31,2021-05-30,,True
3793,1482,34,2021-03-09,,True
3794,1482,22,2021-11-12,,True
3795,1482,71,2020-08-18,,True
3796,1483,142,2021-08-15,,True
3797,1483,7,2020-05-24,2022-03-12,False
3798,1483,22,2021-10-04,2023-01-05,False
3799,1484,100,2021-10-24,,True
3800,1484,22,2020-04-27,,True
3801,1484,7,2020-03-31,,True
3802,1484,118,2020-10-18,,True
3803,1484,34,2022-02-18,,True
3804,1486,96,2023-02-05,,True
3805,1486,34,2021-10-23,,True
3806,1486,61,2021-10-05,,True
3807,1486,83,2021-08-21,,True
3808,1486,22,2021-02-09,,True
3809,1487,7,2022-05-29,,True
3810,1487,44,2020-04-01,,True
3811,1487,131,2021-11-23,,True
3812,1487,1,2022-04-25,,True
3813,1487,5,2021-03-07,2024-01-26,False
3814,1487,100,2022-09-02,,True
3815,1488,102,2020-05-29,2021-06-01,False
3816,1488,22,2022-12-25,,True
3817,1488,92,2022-09-06,2024-12-14,False
3818,1488,100,2021-10-06,2024-09-22,False
3819,1488,104,2020-04-21,,True
3820,1489,7,2021-06-03,,True
3821,1489,100,2022-11-01,,True
3822,1489,102,2021-03-02,,True
3823,1489,122,2021-10-24,,True
3824,1489,44,2021-05-21,,True
3825,1490,115,2021-04-16,,True
3826,1490,44,2022-12-14,2025-02-09,False
3827,1490,22,2022-04-11,,True
3828,1490,61,2020-05-15,,True
3829,1491,7,2021-07-20,2023-04-16,False
3830,1491,100,2021-05-30,,True
3831,1491,44,2022-04-16,,True
3832,1491,34,2021-07-04,,True
3833,1491,102,2022-03-08,,True
3834,1492,7,2021-09-16,,True
3835,1492,71,2021-09-08,2022-10-08,False
3836,1492,53,2020-04-13,,True
3837,1492,44,2022-02-27,,True
3838,1493,71,2021-08-17,,True
3839,1493,60,2020-07-27,,True
3840,1493,44,2021-12-20,2023-06-14,False
3841,1493,83,2023-04-02,2024-05-01,False
3842,1494,143,2021-11-28,,True
3843,1494,105,2022-07-03,,True
3844,1494,34,2021-04-15,,True
3845,1494,102,2021-02-20,,True
3846,1494,61,2022-03-05,2023-03-20,False
3847,1494,71,2020-07-09,,True
3848,1495,14,2021-03-08,,True
3849,1495,118,2021-05-21,,True
3850,1495,100,2022-02-12,2023-05-20,False
3851,1496,100,2022-10-31,,True
3852,1496,118,2020-12-18,,True
3853,1496,128,2022-09-14,,True
3854,1497,102,2020-10-02,,True
3855,1497,34,2021-01-15,,True
3856,1497,71,2022-10-17,,True
3857,1498,22,2022-10-24,,True
3858,1498,34,2022-01-06,,True
3859,1498,7,2021-08-02,,True
3860,1499,12,2020-05-03,,True
3861,1499,44,2020-08-23,,True
3862,1499,71,2021-12-25,,True
3863,1500,83,2020-04-01,,True
3864,1500,7,2020-01-11,2021-03-15,False
3865,1500,61,2021-09-23,,True
3866,1501,52,2022-10-01,,True
3867,1501,61,2021-06-28,2022-08-20,False
3868,1501,44,2020-03-05,,True
3869,1501,22,2021-09-07,2024-05-27,False
3870,1502,83,2022-11-01,,True
3871,1502,8,2021-06-05,,True
3872,1502,100,2020-12-24,,True
3873,1502,4,2021-08-29,,True
3874,1502,101,2021-06-16,,True
3875,1503,118,2020-07-20,,True
3876,1503,71,2021-04-01,,True
3877,1503,61,2022-06-21,,True
3878,1503,100,2022-07-28,,True
3879,1504,83,2023-02-03,,True
3880,1504,68,2022-05-03,2023-08-12,False
3881,1504,70,2020-05-16,,True
3882,1504,142,2020-05-24,,True
3883,1504,102,2020-07-27,,True
3884,1505,34,2023-01-27,,True
3885,1505,21,2020-03-01,,True
3886,1505,100,2022-11-04,,True
3887,1505,118,2020-09-03,,True
3888,1506,6,2022-06-15,,True
3889,1506,68,2022-11-23,2024-07-28,False
3890,1506,102,2020-03-29,,True
3891,1506,44,2020-08-24,,True
3892,1507,102,2021-12-21,2024-03-23,False
3893,1507,118,2021-06-13,,True
3894,1507,83,2021-06-26,,True
3895,1507,71,2021-02-28,,True
3896,1507,61,2022-04-22,,True
3897,1507,100,2023-03-09,,True
3898,1508,22,2022-12-28,,True
3899,1508,93,2022-12-09,,True
3900,1508,83,2020-03-18,,True
3901,1508,149,2021-11-10,,True
3902,1508,143,2020-08-29,,True
3903,1508,61,2020-01-26,,True
3904,1509,34,2021-09-19,,True
3905,1509,93,2022-05-28,,True
3906,1509,9,2020-12-15,,True
3907,1509,61,2021-04-06,,True
3908,1510,43,2022-03-25,,True
3909,1510,71,2022-03-05,,True
3910,1510,118,2021-10-31,,True
3911,1510,110,2020-01-18,,True
3912,1511,83,2023-01-27,,True
3913,1511,71,2021-08-31,,True
3914,1511,34,2023-01-08,2025-10-20,False
3915,1511,55,2022-10-03,,True
3916,1511,49,2021-02-23,2023-05-01,False
3917,1512,132,2022-05-29,,True
3918,1512,137,2021-12-15,,True
3919,1512,100,2022-10-16,,True
3920,1513,147,2021-12-26,,True
3921,1513,117,2020-06-19,,True
3922,1513,83,2022-09-10,,True
3923,1513,118,2020-03-17,,True
3924,1514,118,2020-12-30,,True
3925,1514,137,2020-11-13,,True
3926,1514,44,2022-07-18,,True
3927,1514,143,2022-02-01,,True
3928,1515,100,2021-07-08,,True
3929,1515,118,2021-01-20,,True
3930,1515,102,2020-11-25,,True
3931,1515,46,2022-10-01,2025-05-07,False
3932,1515,71,2022-04-21,,True
3933,1516,61,2021-01-11,,True
3934,1516,109,2023-03-08,,True
3935,1516,118,2023-01-04,,True
3936,1518,44,2020-01-19,2022-08-14,False
3937,1518,34,2021-07-11,,True
3938,1518,75,2021-10-02,2024-02-26,False
3939,1519,61,2021-04-29,,True
3940,1519,71,2020-06-19,2021-11-03,False
3941,1519,4,2021-04-13,,True
3942,1519,100,2021-03-02,,True
3943,1520,8,2021-07-05,,True
3944,1520,61,2022-06-23,,True
3945,1520,11,2020-01-03,,True
3946,1520,22,2021-06-10,,True
3947,1521,41,2021-12-04,,True
3948,1521,95,2020-06-02,,True
3949,1521,53,2021-06-09,,True
3950,1522,22,2022-05-09,,True
3951,1522,61,2021-03-20,,True
3952,1522,118,2020-08-06,,True
3953,1522,100,2020-09-27,,True
3954,1523,22,2021-11-17,,True
3955,1523,71,2020-05-31,,True
3956,1523,7,2020-01-21,,True
3957,1524,61,2021-07-01,2022-07-01,False
3958,1524,43,2021-08-07,,True
3959,1524,2,2021-06-30,,True
3960,1524,83,2020-11-23,2022-06-16,False
3961,1525,100,2020-10-08,2022-01-13,False
3962,1525,124,2020-01-04,,True
3963,1525,83,2022-04-19,,True
3964,1525,71,2021-10-01,,True
3965,1525,102,2021-08-16,,True
3966,1526,12,2020-04-06,,True
3967,1526,71,2021-03-26,,True
3968,1526,22,2022-04-17,,True
3969,1526,147,2020-06-27,,True
3970,1526,95,2020-02-02,,True
3971,1526,7,2020-02-18,,True
3972,1528,100,2021-01-02,,True
3973,1528,102,2020-06-23,,True
3974,1528,61,2020-08-29,2022-10-30,False
3975,1528,118,2020-05-24,,True
3976,1528,22,2022-05-14,2023-08-27,False
3977,1529,69,2020-06-11,,True
3978,1529,100,2020-04-25,,True
3979,1529,150,2021-11-09,,True
3980,1529,118,2020-07-15,,True
3981,1530,23,2021-02-27,,True
3982,1530,102,2020-02-04,,True
3983,1530,34,2020-11-08,,True
3984,1531,118,2021-08-19,,True
3985,1531,102,2021-06-10,,True
3986,1531,100,2021-10-06,,True
3987,1531,35,2021-07-11,,True
3988,1532,83,2020-09-16,,True
3989,1532,61,2020-04-23,,True
3990,1532,7,2022-02-11,2024-03-28,False
3991,1532,79,2020-03-06,,True
3992,1532,46,2021-02-24,,True
3993,1533,25,2022-08-09,,True
3994,1533,99,2022-01-11,,True
3995,1533,46,2022-11-10,2024-03-09,False
3996,1533,19,2022-03-11,2024-08-30,False
3997,1533,38,2020-03-13,,True
3998,1533,17,2020-01-05,,True
3999,1534,82,2022-12-18,2024-02-13,False
4000,1534,102,2022-05-28,,True
4001,1534,71,2021-12-09,2023-07-22,False
4002,1534,7,2021-07-17,,True
4003,1534,100,2021-08-08,,True
4004,1535,74,2022-09-10,,True
4005,1535,7,2020-07-06,,True
4006,1535,22,2021-10-24,,True
4007,1536,61,2020-07-29,,True
4008,1536,95,2021-07-25,,True
4009,1536,34,2020-05-25,,True
4010,1536,133,2022-11-22,2025-06-07,False
4011,1537,71,2022-04-05,,True
4012,1537,104,2022-07-29,,True
4013,1537,78,2021-10-13,,True
4014,1537,118,2020-09-01,,True
4015,1538,83,2022-12-08,,True
4016,1538,34,2022-08-27,,True
4017,1538,7,2021-08-09,,True
4018,1538,145,2021-02-25,,True
4019,1538,44,2021-06-12,,True
4020,1539,106,2020-12-16,,True
4021,1539,126,2020-06-01,,True
4022,1540,118,2021-11-25,,True
4023,1540,102,2022-08-16,2024-02-19,False
4024,1540,22,2022-07-06,,True
4025,1541,118,2023-01-06,,True
4026,1541,62,2023-04-04,,True
4027,1541,83,2021-07-12,,True
4028,1541,49,2021-03-19,,True
4029,1543,118,2021-11-15,,True
4030,1543,66,2020-03-24,,True
4031,1543,44,2022-07-20,,True
4032,1543,101,2021-11-04,,True
4033,1543,22,2020-09-27,,True
4034,1543,83,2021-12-30,,True
4035,1544,78,2022-07-02,,True
4036,1544,15,2020-05-31,,True
4037,1544,91,2020-09-09,,True
4038,1544,22,2022-05-12,,True
4039,1544,7,2020-05-27,,True
4040,1545,102,2022-07-26,,True
4041,1545,41,2020-01-04,2021-06-24,False
4042,1545,22,2022-05-09,,True
4043,1546,142,2022-12-15,,True
4044,1546,61,2021-06-29,,True
4045,1546,43,2020-12-14,,True
4046,1546,118,2020-02-11,,True
4047,1546,102,2021-12-05,,True
4048,1546,128,2021-04-13,2023-04-09,False
4049,1547,118,2023-03-26,,True
4050,1547,102,2021-02-10,,True
4051,1547,83,2022-02-05,,True
4052,1547,100,2021-04-15,,True
4053,1548,90,2020-08-29,,True
4054,1548,34,2023-03-31,,True
4055,1548,7,2021-02-02,2023-01-05,False
4056,1549,107,2021-08-09,,True
4057,1549,7,2022-04-15,,True
4058,1549,118,2022-06-24,,True
4059,1549,97,2021-08-14,,True
4060,1549,34,2021-08-30,2024-05-05,False
4061,1549,21,2022-10-02,,True
4062,1550,102,2020-08-27,2021-12-16,False
4063,1550,37,2021-05-04,,True
4064,1550,71,2020-10-24,,True
4065,1550,44,2020-01-02,,True
4066,1550,34,2021-06-21,,True
4067,1550,7,2021-05-02,,True
4068,1552,7,2022-09-22,2025-05-16,False
4069,1552,95,2022-01-31,,True
4070,1552,34,2020-03-10,2021-10-15,False
4071,1552,54,2022-09-01,,True
4072,1553,102,2021-05-09,,True
4073,1553,61,2021-09-06,,True
4074,1553,89,2021-04-26,2022-08-30,False
4075,1554,22,2020-07-06,,True
4076,1554,71,2020-09-27,,True
4077,1554,83,2022-01-11,,True
4078,1555,9,2020-07-23,,True
4079,1555,55,2022-09-28,,True
4080,1555,102,2020-09-24,,True
4081,1555,118,2023-03-23,2024-07-06,False
4082,1556,61,2021-04-19,,True
4083,1556,44,2020-10-28,,True
4084,1556,15,2022-05-20,2024-06-04,False
4085,1556,5,2020-06-27,,True
4086,1556,100,2021-10-09,,True
4087,1557,5,2021-10-29,,True
4088,1557,102,2021-05-22,,True
4089,1557,61,2021-02-25,2024-01-27,False
4090,1558,83,2020-10-12,,True
4091,1558,49,2020-12-26,,True
4092,1558,93,2020-05-04,,True
4093,1559,22,2022-01-12,,True
4094,1559,40,2021-06-26,2023-04-04,False
4095,1559,71,2021-04-28,,True
4096,1559,149,2020-04-19,2022-01-02,False
4097,1559,50,2020-03-11,,True
4098,1559,84,2020-08-05,,True
4099,1560,83,2022-09-04,,True
4100,1560,38,2021-10-06,,True
4101,1560,71,2022-04-20,,True
4102,1560,61,2020-03-29,,True
4103,1560,22,2022-06-23,,True
4104,1561,118,2023-03-08,,True
4105,1561,92,2022-08-25,,True
4106,1561,100,2021-02-07,2022-05-19,False
4107,1562,18,2021-06-18,,True
4108,1562,100,2020-03-17,,True
4109,1562,11,2021-08-09,,True
4110,1562,134,2022-12-30,,True
4111,1563,118,2021-10-27,,True
4112,1563,102,2021-09-13,,True
4113,1563,66,2021-03-24,,True
4114,1563,95,2022-02-28,,True
4115,1564,118,2022-12-10,,True
4116,1564,100,2022-01-27,,True
4117,1564,10,2022-05-02,,True
4118,1564,34,2020-01-03,,True
4119,1564,18,2022-01-08,,True
4120,1564,109,2022-11-02,,True
4121,1565,83,2022-12-02,,True
4122,1565,93,2021-01-27,,True
4123,1566,106,2020-06-17,,True
4124,1566,71,2021-08-04,2022-10-08,False
4125,1566,44,2020-11-04,,True
4126,1566,102,2022-03-14,,True
4127,1566,74,2021-12-17,,True
4128,1566,34,2023-01-06,,True
4129,1567,87,2021-12-13,,True
4130,1567,7,2022-03-17,,True
4131,1567,44,2022-02-20,,True
4132,1567,102,2020-03-11,,True
4133,1567,61,2020-04-06,2023-02-12,False
4134,1568,7,2022-10-25,2025-07-09,False
4135,1568,102,2021-07-04,,True
4136,1568,58,2023-02-20,2025-02-20,False
4137,1569,100,2020-10-30,,True
4138,1569,44,2022-07-03,2024-11-27,False
4139,1569,102,2023-04-12,2025-09-04,False
4140,1570,44,2021-06-04,,True
4141,1570,61,2023-01-11,,True
4142,1570,34,2023-01-27,2024-10-23,False
4143,1571,46,2023-02-11,,True
4144,1571,44,2020-03-09,,True
4145,1571,5,2021-01-25,,True
4146,1572,34,2020-04-02,,True
4147,1572,52,2022-09-25,2024-10-25,False
4148,1572,7,2020-10-17,2022-08-18,False
4149,1572,61,2022-09-15,,True
4150,1572,71,2021-02-13,,True
4151,1573,42,2021-09-27,,True
4152,1573,34,2023-03-19,2024-07-16,False
4153,1573,150,2022-01-07,,True
4154,1573,61,2020-09-08,,True
4155,1573,71,2021-12-25,,True
4156,1574,7,2021-09-01,,True
4157,1574,70,2021-11-09,,True
4158,1574,57,2020-09-22,,True
4159,1574,34,2021-07-10,,True
4160,1575,100,2021-12-19,2024-06-10,False
4161,1575,34,2020-02-09,2021-07-13,False
4162,1575,7,2021-08-16,,True
4163,1575,22,2022-02-12,,True
4164,1576,110,2021-12-27,,True
4165,1576,44,2022-03-02,,True
4166,1576,71,2020-12-12,,True
4167,1577,141,2020-10-04,,True
4168,1577,130,2021-09-17,,True
4169,1577,100,2020-07-27,,True
4170,1577,71,2020-06-27,,True
4171,1577,118,2020-07-26,2022-11-09,False
4172,1577,129,2021-02-28,,True
4173,1578,60,2023-01-03,,True
4174,1578,89,2021-10-21,,True
4175,1578,92,2020-12-04,,True
4176,1578,44,2021-04-22,,True
4177,1579,45,2021-04-25,,True
4178,1579,22,2021-07-20,,True
4179,1579,61,2022-03-23,,True
4180,1580,44,2022-03-22,,True
4181,1580,7,2023-04-09,,True
4182,1580,52,2022-07-09,2024-01-20,False
4183,1580,22,2023-03-11,,True
4184,1581,44,2021-05-24,,True
4185,1581,71,2021-11-22,,True
4186,1581,37,2021-01-21,,True
4187,1581,120,2020-06-17,2022-08-20,False
4188,1581,83,2022-08-28,,True
4189,1581,93,2022-02-17,2025-01-16,False
4190,1582,23,2020-06-09,,True
4191,1582,142,2020-07-27,,True
4192,1582,136,2022-07-24,,True
4193,1582,35,2020-03-09,,True
4194,1584,61,2022-08-20,,True
4195,1584,102,2022-11-25,,True
4196,1584,98,2020-02-03,,True
4197,1584,22,2020-12-17,,True
4198,1585,51,2020-10-10,,True
4199,1585,134,2021-10-26,,True
4200,1585,12,2021-07-16,,True
4201,1585,31,2020-06-22,,True
4202,1585,78,2020-08-26,,True
4203,1587,66,2020-07-14,,True
4204,1587,93,2021-04-23,,True
4205,1587,26,2020-03-13,2022-02-15,False
4206,1587,106,2022-05-17,2023-10-22,False
4207,1588,143,2021-08-30,,True
4208,1588,91,2021-12-09,,True
4209,1588,137,2020-03-22,,True
4210,1588,9,2022-04-24,,True
4211,1589,150,2022-11-19,,True
4212,1589,95,2021-01-17,,True
4213,1589,17,2021-03-21,,True
4214,1592,105,2021-10-29,2024-05-22,False
4215,1592,7,2021-06-17,,True
4216,1592,100,2021-10-19,,True
4217,1593,83,2020-05-31,,True
4218,1593,118,2021-02-28,,True
4219,1593,102,2022-12-15,,True
4220,1593,111,2022-10-08,,True
4221,1593,7,2020-02-19,,True
4222,1594,68,2020-12-13,,True
4223,1594,137,2021-07-27,,True
4224,1594,89,2022-11-13,,True
4225,1595,83,2020-12-11,,True
4226,1595,100,2020-11-19,,True
4227,1595,43,2020-07-30,,True
4228,1595,146,2021-04-22,,True
4229,1606,43,2020-10-04,,True
4230,1606,118,2020-12-22,,True
4231,1606,16,2020-06-28,2022-05-18,False
4232,1606,102,2021-01-20,,True
4233,1607,150,2021-06-15,,True
4234,1607,126,2020-10-01,,True
4235,1608,6,2020-09-07,,True
4236,1608,77,2021-08-10,2023-04-29,False
4237,1608,13,2020-04-11,,True
4238,1608,60,2020-02-20,,True
4239,1608,67,2022-03-20,2024-07-05,False
4240,1608,91,2020-07-17,,True
4241,1611,107,2022-12-11,,True
4242,1611,135,2020-02-06,,True
4243,1611,30,2023-01-10,,True
4244,1613,1,2021-12-21,,True
4245,1613,52,2022-12-15,,True
4246,1613,117,2020-11-28,,True
4247,1613,12,2021-06-05,2024-05-10,False
4248,1616,41,2021-06-21,,True
4249,1616,50,2022-07-21,,True
4250,1616,57,2021-06-27,2023-05-02,False
4251,1616,33,2022-07-20,,True
4252,1616,75,2020-01-03,,True
4253,1617,51,2023-03-22,2024-06-26,False
4254,1617,81,2021-08-07,2024-03-12,False
4255,1617,123,2021-11-27,2024-11-24,False
4256,1617,57,2023-02-18,,True
4257,1618,136,2021-05-26,,True
4258,1618,35,2020-10-04,,True
4259,1618,23,2021-09-08,,True
4260,1625,87,2020-05-08,,True
4261,1625,139,2021-05-17,,True
4262,1625,90,2022-07-19,2023-12-25,False
4263,1627,95,2020-02-21,,True
4264,1627,47,2021-08-14,2024-06-21,False
4265,1627,104,2020-03-01,,True
4266,1627,102,2021-02-26,2022-09-23,False
4267,1627,142,2021-07-01,,True
4268,1630,78,2021-10-27,,True
4269,1630,117,2021-03-31,,True
4270,1631,107,2023-02-20,,True
4271,1631,136,2022-08-16,,True
4272,1631,35,2020-07-06,2023-02-12,False
4273,1633,7,2020-06-10,2022-06-17,False
4274,1633,100,2022-07-15,,True
4275,1633,73,2021-10-08,,True
4276,1633,76,2022-07-17,,True
4277,1633,61,2022-11-25,,True
4278,1634,69,2022-05-17,,True
4279,1634,14,2021-11-20,,True
4280,1634,82,2020-09-15,,True
4281,1636,28,2021-01-15,,True
4282,1636,145,2020-11-04,,True
4283,1636,82,2021-04-13,2022-12-24,False
4284,1636,75,2022-02-04,2024-02-07,False
4285,1641,76,2021-09-01,2024-04-15,False
4286,1641,104,2020-07-15,,True
4287,1641,101,2022-09-24,,True
4288,1641,41,2020-07-24,2023-03-08,False
4289,1641,95,2022-01-29,,True
4290,1643,22,2021-08-30,,True
4291,1643,36,2022-08-11,,True
4292,1643,123,2020-03-09,2021-03-15,False
4293,1643,34,2021-12-01,,True
4294,1645,133,2021-09-25,,True
4295,1645,136,2022-12-23,,True
4296,1645,24,2023-02-14,,True
4297,1645,131,2020-05-03,,True
4298,1646,137,2022-11-27,,True
4299,1646,42,2023-01-12,,True
4300,1646,1,2022-01-08,,True
4301,1646,120,2022-07-26,,True
4302,1647,12,2020-12-06,2021-12-11,False
4303,1647,82,2023-01-29,,True
4304,1647,131,2021-09-21,,True
4305,1648,56,2021-10-15,,True
4306,1648,87,2022-09-24,,True
4307,1648,55,2020-03-23,,True
4308,1648,5,2021-12-06,2023-06-10,False
4309,1648,95,2022-06-08,2023-10-08,False
4310,1650,12,2020-06-01,,True
4311,1650,36,2021-03-26,2023-12-20,False
4312,1650,90,2020-08-23,,True
4313,1650,149,2021-06-01,,True
4314,1651,78,2020-05-27,,True
4315,1651,81,2021-11-14,,True
4316,1651,117,2021-04-25,2023-11-27,False
4317,1651,25,2023-03-26,,True
4318,1655,71,2020-01-16,,True
4319,1655,7,2022-03-15,2023-10-09,False
4320,1655,59,2022-10-08,,True
4321,1657,33,2021-06-13,,True
4322,1657,131,2021-06-01,,True
4323,1657,76,2020-04-19,2022-11-01,False
4324,1657,41,2021-08-11,,True
4325,1658,25,2022-05-06,,True
4326,1658,21,2023-02-06,,True
4327,1658,144,2021-02-15,2023-02-12,False
4328,1658,39,2021-06-15,,True
4329,1658,4,2022-12-30,2024-02-03,False
4330,1659,127,2021-03-01,,True
4331,1659,1,2020-11-05,,True
4332,1659,78,2022-01-08,2024-04-14,False
4333,1659,102,2021-01-27,2022-06-13,False
4334,1659,52,2021-07-15,,True
4335,1660,1,2021-11-11,,True
4336,1660,13,2023-03-02,,True
4337,1660,38,2021-07-15,,True
4338,1661,36,2022-01-29,,True
4339,1661,6,2022-03-07,,True
4340,1661,52,2020-03-15,,True
4341,1661,82,2023-01-17,2024-06-14,False
4342,1662,57,2022-02-01,2024-10-21,False
4343,1662,32,2020-06-21,2022-11-18,False
4344,1662,90,2021-08-13,,True
4345,1662,130,2021-04-14,,True
4346,1662,122,2020-08-19,2022-07-14,False
4347,1662,49,2021-12-02,2023-04-28,False
4348,1663,118,2022-09-19,,True
4349,1663,38,2022-11-07,,True
4350,1663,94,2021-10-09,,True
4351,1663,71,2021-02-06,2023-05-06,False
4352,1666,16,2020-04-27,,True
4353,1666,5,2022-11-10,,True
4354,1666,68,2022-03-21,,True
4355,1666,56,2022-08-22,,True
4356,1667,137,2020-09-12,,True
4357,1667,143,2023-03-23,2024-05-29,False
4358,1667,91,2022-02-01,,True
4359,1668,118,2020-02-09,,True
4360,1668,33,2022-02-11,,True
4361,1668,67,2020-03-12,,True
4362,1668,66,2021-10-22,,True
4363,1669,23,2021-06-10,,True
4364,1669,66,2022-05-12,,True
4365,1669,14,2022-07-08,,True
4366,1669,60,2021-08-20,2023-05-01,False
4367,1670,117,2022-10-11,,True
4368,1670,52,2021-06-05,,True
4369,1670,36,2020-08-23,,True
4370,1672,101,2022-10-04,,True
4371,1672,88,2020-03-20,2022-07-16,False
4372,1672,20,2020-09-17,,True
4373,1672,124,2022-06-08,,True
4374,1673,137,2022-06-16,2025-02-10,False
4375,1673,118,2020-07-09,,True
4376,1673,45,2020-05-06,,True
4377,1673,38,2020-05-31,,True
4378,1673,141,2021-09-14,,True
4379,1674,60,2022-09-22,,True
4380,1674,6,2021-10-30,2024-07-22,False
4381,1674,21,2022-07-18,,True
4382,1674,136,2021-06-17,,True
4383,1675,4,2020-07-09,,True
4384,1675,6,2021-04-18,,True
4385,1675,107,2021-12-17,,True
4386,1675,28,2022-02-09,,True
4387,1676,6,2020-06-14,,True
4388,1676,94,2020-09-08,,True
4389,1676,56,2022-11-10,,True
4390,1677,63,2022-02-24,,True
4391,1677,105,2022-01-11,,True
4392,1677,34,2020-12-29,,True
4393,1677,23,2020-12-08,,True
4394,1677,100,2022-10-20,,True
4395,1678,121,2021-10-26,2023-05-13,False
4396,1678,66,2020-12-20,,True
4397,1678,97,2020-07-13,2021-10-17,False
4398,1678,95,2022-11-30,,True
4399,1679,29,2020-10-02,,True
4400,1679,62,2021-04-25,,True
4401,1679,80,2023-02-14,,True
4402,1679,71,2022-09-06,,True
4403,1679,16,2020-10-02,,True
4404,1680,21,2021-10-07,,True
4405,1680,19,2022-08-16,2024-03-05,False
4406,1680,17,2020-12-26,,True
4407,1680,72,2022-06-20,,True
4408,1681,29,2021-06-11,,True
4409,1681,105,2022-06-10,,True
4410,1681,74,2021-05-07,,True
4411,1681,54,2021-03-06,,True
4412,1681,75,2021-12-29,,True
4413,1681,58,2020-01-17,,True
4414,1682,49,2022-07-15,,True
4415,1682,17,2020-06-13,,True
4416,1682,39,2021-01-26,,True
4417,1683,28,2021-01-30,2022-05-14,False
4418,1683,131,2021-02-02,,True
4419,1683,112,2022-10-17,,True
4420,1683,39,2021-12-27,,True
4421,1684,112,2020-11-27,2022-07-20,False
4422,1684,58,2022-09-25,2024-06-02,False
4423,1684,109,2022-06-10,2025-01-12,False
4424,1684,138,2020-12-23,,True
4425,1684,128,2022-11-09,,True
4426,1686,54,2021-04-28,,True
4427,1686,71,2023-04-14,,True
4428,1686,128,2022-09-27,,True
4429,1686,131,2022-03-24,,True
4430,1686,29,2022-04-20,,True
4431,1686,149,2020-10-25,,True
4432,1687,17,2020-05-22,,True
4433,1687,21,2020-04-27,,True
4434,1687,73,2021-12-06,,True
4435,1687,140,2020-08-18,,True
4436,1688,25,2020-05-17,2021-09-04,False
4437,1688,17,2022-04-15,,True
4438,1688,39,2022-03-22,,True
4439,1688,126,2022-11-01,2024-03-04,False
4440,1689,131,2020-08-10,,True
4441,1689,24,2020-08-25,,True
4442,1689,149,2020-07-07,2023-02-28,False
4443,1689,13,2020-07-19,,True
4444,1691,58,2022-12-06,,True
4445,1691,56,2022-12-17,2024-10-30,False
4446,1691,24,2022-03-03,2024-04-07,False
4447,1691,59,2021-02-24,,True
4448,1691,128,2022-06-18,,True
4449,1693,89,2020-09-07,,True
4450,1693,38,2022-04-25,,True
4451,1693,19,2022-11-28,,True
4452,1693,148,2022-05-13,,True
4453,1693,39,2021-03-19,2022-12-26,False
4454,1693,130,2021-12-24,,True
4455,1694,126,2022-03-02,,True
4456,1694,131,2023-04-10,,True
4457,1694,28,2020-12-07,,True
4458,1695,126,2022-07-08,,True
4459,1695,13,2022-09-22,,True
4460,1695,113,2023-01-01,2025-12-21,False
4461,1695,17,2022-08-11,,True
4462,1696,107,2021-04-28,,True
4463,1696,20,2023-01-20,,True
4464,1696,138,2022-03-30,,True
4465,1697,29,2022-12-06,,True
4466,1697,24,2021-10-02,,True
4467,1697,36,2020-02-16,2021-09-17,False
4468,1698,12,2021-05-25,,True
4469,1698,38,2021-06-08,,True
4470,1698,103,2022-01-11,,True
4471,1698,17,2022-02-19,,True
4472,1698,108,2021-02-07,,True
4473,1699,145,2023-01-23,,True
4474,1699,128,2020-07-01,,True
4475,1699,24,2023-03-26,,True
4476,1700,38,2020-04-08,,True
4477,1700,99,2023-01-09,2025-08-07,False
4478,1700,83,2020-11-05,2022-06-08,False
4479,1700,34,2021-12-13,,True
4480,1701,94,2021-05-07,,True
4481,1701,140,2021-06-21,,True
4482,1701,21,2020-06-09,,True
4483,1701,11,2021-10-18,,True
4484,1702,140,2020-11-10,,True
4485,1702,126,2020-02-04,2022-11-15,False
4486,1702,94,2022-12-31,,True
4487,1704,38,2022-09-06,,True
4488,1704,25,2022-11-28,,True
4489,1704,112,2020-05-08,,True
4490,1705,38,2021-08-26,,True
4491,1705,19,2020-02-07,,True
4492,1705,2,2022-05-06,,True
4493,1705,20,2022-11-22,,True
4494,1706,19,2022-10-22,,True
4495,1706,146,2021-07-24,2023-07-18,False
4496,1706,25,2022-06-06,,True
4497,1706,103,2020-07-12,2023-01-28,False
4498,1706,1,2022-02-20,,True
4499,1707,103,2022-11-25,,True
4500,1707,60,2022-11-06,,True
4501,1707,25,2023-01-24,,True
4502,1707,140,2021-07-23,,True
4503,1707,19,2022-09-24,2025-01-27,False
4504,1708,139,2023-03-28,,True
4505,1708,38,2022-12-17,,True
4506,1708,103,2022-10-28,,True
4507,1709,103,2020-12-25,,True
4508,1709,99,2020-03-19,,True
4509,1709,135,2021-04-18,,True
4510,1709,17,2020-07-02,,True
4511,1710,150,2020-01-05,,True
4512,1710,126,2021-02-11,2022-03-11,False
4513,1710,99,2023-02-26,,True
4514,1710,147,2020-07-17,,True
4515,1710,21,2022-11-19,,True
4516,1711,28,2020-05-04,,True
4517,1711,75,2022-02-02,,True
4518,1711,34,2022-09-11,2024-10-27,False
4519,1713,19,2021-11-28,,True
4520,1713,38,2020-03-30,,True
4521,1713,41,2020-03-08,2022-09-26,False
4522,1715,21,2020-11-12,,True
4523,1715,93,2020-09-21,2022-08-15,False
4524,1715,109,2022-10-22,,True
4525,1715,140,2020-03-18,,True
4526,1715,35,2021-04-22,,True
4527,1715,19,2022-07-01,2024-08-19,False
4528,1716,126,2020-07-13,,True
4529,1716,26,2020-12-13,,True
4530,1716,99,2023-03-13,,True
4531,1716,39,2022-07-25,,True
4532,1717,24,2022-12-20,,True
4533,1717,75,2020-11-24,,True
4534,1717,29,2021-12-02,,True
4535,1717,28,2021-12-29,,True
4536,1718,103,2020-09-15,2022-08-07,False
4537,1718,87,2021-04-16,,True
4538,1718,52,2022-05-24,,True
4539,1718,110,2021-10-05,2023-01-14,False
4540,1719,11,2021-10-27,,True
4541,1719,21,2021-06-09,,True
4542,1719,51,2022-07-10,,True
4543,1719,94,2021-01-02,,True
4544,1719,103,2023-03-21,,True
4545,1720,150,2021-08-23,,True
4546,1720,146,2021-12-17,,True
4547,1720,128,2020-07-26,,True
4548,1720,17,2020-01-16,,True
4549,1721,23,2020-09-01,,True
4550,1721,19,2021-09-03,,True
4551,1721,38,2021-03-04,,True
4552,1721,39,2020-02-16,,True
4553,1722,112,2020-03-21,2022-12-22,False
4554,1722,117,2022-01-16,2023-10-03,False
4555,1722,29,2022-03-16,2024-05-01,False
4556,1722,75,2022-08-23,,True
4557,1722,24,2022-05-14,,True
4558,1722,129,2021-11-13,,True
4559,1723,102,2021-11-07,2024-07-01,False
4560,1723,76,2020-07-23,,True
4561,1723,140,2020-03-26,,True
4562,1723,62,2023-01-02,,True
4563,1724,107,2021-06-02,,True
4564,1724,145,2021-12-11,,True
4565,1724,29,2021-02-18,,True
4566,1724,112,2023-02-06,,True
4567,1725,140,2021-10-20,,True
4568,1725,126,2021-01-04,2022-10-29,False
4569,1725,21,2022-08-20,,True
4570,1725,99,2022-08-30,,True
4571,1726,125,2020-02-27,,True
4572,1726,103,2021-01-09,,True
4573,1726,126,2020-02-05,,True
4574,1727,150,2022-02-02,,True
4575,1727,126,2022-06-29,,True
4576,1727,65,2020-05-02,2023-01-18,False
4577,1727,12,2020-02-20,,True
4578,1727,38,2020-10-11,,True
4579,1728,140,2021-04-29,2022-11-11,False
4580,1728,39,2022-10-19,2025-01-19,False
4581,1728,1,2022-12-11,2024-06-24,False
4582,1728,150,2021-03-13,,True
4583,1729,75,2020-10-10,,True
4584,1729,65,2021-12-13,,True
4585,1729,29,2020-12-24,,True
4586,1729,128,2020-11-04,,True
4587,1729,58,2021-05-04,2022-06-24,False
4588,1730,58,2020-10-20,2023-02-14,False
4589,1730,75,2023-01-19,2025-12-28,False
4590,1730,24,2021-12-20,,True
4591,1730,149,2022-05-30,,True
4592,1730,105,2022-03-02,2023-12-02,False
4593,1730,101,2021-07-18,2023-10-04,False
4594,1731,134,2022-06-03,,True
4595,1731,21,2023-04-06,,True
4596,1731,103,2021-03-05,,True
4597,1732,17,2020-02-13,,True
4598,1732,38,2021-11-17,,True
4599,1732,150,2021-05-12,,True
4600,1732,37,2021-12-13,,True
4601,1732,99,2021-10-11,,True
4602,1733,39,2020-05-13,,True
4603,1733,103,2022-11-10,,True
4604,1733,140,2022-01-03,2023-02-01,False
4605,1735,126,2021-12-21,,True
4606,1735,147,2020-07-03,,True
4607,1735,140,2022-05-25,2023-06-02,False
4608,1735,47,2022-08-28,,True
4609,1736,25,2021-07-24,,True
4610,1736,19,2021-06-30,,True
4611,1736,39,2020-04-12,,True
4612,1736,138,2021-11-29,,True
4613,1737,24,2022-05-09,,True
4614,1737,99,2023-03-04,2024-07-29,False
4615,1737,140,2020-10-02,,True
4616,1738,19,2022-05-04,,True
4617,1738,135,2020-04-05,2022-03-08,False
4618,1738,99,2020-06-03,,True
4619,1738,39,2021-07-22,,True
4620,1738,126,2023-04-05,2026-01-09,False
4621,1739,21,2020-12-02,,True
4622,1739,146,2020-12-10,2023-03-26,False
4623,1739,49,2023-02-19,2025-07-31,False
4624,1740,121,2022-12-06,,True
4625,1740,150,2021-05-15,,True
4626,1740,12,2021-02-03,,True
4627,1740,140,2021-07-02,,True
4628,1740,19,2023-01-27,,True
4629,1740,125,2022-03-01,2023-11-14,False
4630,1741,17,2021-05-17,,True
4631,1741,126,2020-11-06,,True
4632,1741,39,2020-03-15,,True
4633,1744,136,2023-03-30,2026-01-28,False
4634,1744,43,2020-07-04,,True
4635,1744,39,2022-03-25,2023-11-23,False
4636,1744,25,2022-09-07,,True
4637,1745,39,2023-02-05,,True
4638,1745,126,2020-05-30,,True
4639,1745,150,2021-01-01,,True
4640,1745,50,2023-01-21,,True
4641,1745,21,2022-12-17,,True
4642,1745,103,2021-03-25,,True
4643,1746,39,2020-09-18,,True
4644,1746,140,2021-12-17,,True
4645,1746,19,2021-11-10,,True
4646,1747,17,2020-08-10,,True
4647,1747,15,2020-11-08,,True
4648,1747,38,2021-07-14,,True
4649,1748,112,2020-02-25,,True
4650,1748,75,2021-05-05,,True
4651,1748,131,2022-10-24,2024-09-30,False
4652,1749,17,2022-03-04,2023-07-24,False
4653,1749,34,2021-02-04,,True
4654,1749,49,2022-02-26,,True
4655,1749,103,2021-09-05,,True
4656,1749,148,2020-09-29,2023-04-10,False
4657,1750,17,2020-03-18,,True
4658,1750,21,2020-01-08,2021-05-06,False
4659,1750,19,2021-01-20,,True
4660,1750,150,2022-06-05,,True
4661,1751,99,2020-04-30,,True
4662,1751,103,2020-11-16,,True
4663,1751,61,2021-12-05,,True
4664,1751,39,2020-11-21,,True
4665,1752,132,2022-07-09,,True
4666,1752,19,2020-09-23,,True
4667,1752,38,2022-09-05,,True
4668,1752,54,2022-01-31,,True
4669,1753,21,2020-11-08,,True
4670,1753,19,2022-04-17,,True
4671,1753,126,2020-07-23,,True
4672,1754,58,2020-06-03,,True
4673,1754,112,2021-06-22,,True
4674,1755,75,2022-06-02,,True
4675,1755,28,2020-06-08,,True
4676,1755,138,2020-10-21,,True
4677,1755,58,2020-11-09,,True
4678,1756,76,2021-04-21,,True
4679,1756,28,2022-06-01,,True
4680,1756,58,2022-01-14,,True
4681,1756,75,2021-05-16,2023-01-12,False
4682,1756,131,2022-01-31,,True
4683,1756,149,2020-04-24,2022-06-25,False
4684,1757,130,2020-01-30,,True
4685,1757,99,2022-10-02,,True
4686,1757,103,2022-05-04,,True
4687,1757,126,2020-05-02,2021-08-02,False
4688,1757,39,2021-01-30,,True
4689,1757,38,2020-07-18,,True
4690,1758,128,2021-12-21,,True
4691,1758,28,2022-02-05,,True
4692,1758,107,2022-12-03,2024-07-18,False
4693,1758,75,2022-04-05,2024-09-28,False
4694,1759,143,2020-08-21,,True
4695,1759,27,2020-03-16,,True
4696,1759,128,2022-07-18,,True
4697,1759,28,2021-01-07,2023-07-03,False
4698,1760,140,2022-12-06,,True
4699,1760,103,2021-06-07,2023-12-11,False
4700,1760,25,2022-08-23,,True
4701,1760,38,2020-04-06,2022-03-14,False
4702,1761,9,2020-07-01,2022-09-01,False
4703,1761,58,2022-09-12,,True
4704,1761,113,2022-07-27,2025-01-04,False
4705,1761,96,2021-01-09,,True
4706,1762,131,2020-07-05,,True
4707,1762,29,2020-12-31,2022-06-11,False
4708,1762,75,2020-12-12,,True
4709,1762,58,2020-08-29,,True
4710,1763,103,2020-01-31,,True
4711,1763,141,2023-01-16,,True
4712,1763,99,2021-10-20,,True
4713,1764,62,2021-04-11,,True
4714,1764,30,2022-01-14,,True
4715,1764,99,2022-12-01,,True
4716,1765,75,2022-04-29,,True
4717,1765,3,2020-03-02,,True
4718,1765,15,2022-10-05,,True
4719,1765,24,2021-11-16,2024-04-28,False
4720,1765,112,2022-11-04,,True
4721,1766,3,2022-04-06,2024-11-21,False
4722,1766,145,2020-03-05,,True
4723,1766,60,2021-07-04,,True
4724,1766,131,2023-03-28,,True
4725,1766,112,2020-12-24,,True
4726,1770,102,2023-02-06,,True
4727,1770,116,2020-02-29,,True
4728,1770,24,2023-04-01,2025-02-19,False
4729,1771,64,2020-05-05,,True
4730,1771,41,2020-10-30,,True
4731,1771,67,2021-01-09,,True
4732,1771,19,2022-07-14,2025-04-06,False
4733,1772,45,2022-06-13,,True
4734,1772,132,2020-08-09,2021-10-09,False
4735,1772,24,2021-11-23,2024-03-25,False
4736,1773,110,2022-07-05,,True
4737,1773,28,2021-01-10,,True
4738,1773,39,2022-04-15,,True
4739,1773,21,2022-05-27,2025-03-15,False
4740,1775,140,2020-09-24,,True
4741,1775,30,2020-03-02,,True
4742,1775,133,2020-07-17,2023-05-25,False
4743,1775,103,2023-01-25,,True
4744,1776,103,2021-08-06,,True
4745,1776,98,2022-11-08,,True
4746,1776,99,2020-04-24,,True
4747,1776,38,2021-05-26,,True
4748,1776,37,2020-03-27,,True
4749,1776,15,2021-03-31,,True
4750,1777,25,2020-04-24,,True
4751,1777,140,2020-06-14,,True
4752,1777,21,2022-10-07,,True
4753,1778,103,2020-01-09,,True
4754,1778,21,2021-09-06,,True
4755,1778,3,2023-02-01,,True
4756,1778,25,2023-02-15,,True
4757,1778,140,2021-09-14,,True
4758,1779,21,2020-08-25,,True
4759,1779,35,2021-10-05,,True
4760,1779,132,2021-01-31,2022-08-22,False
4761,1780,150,2022-05-19,,True
4762,1780,99,2021-01-09,2022-03-16,False
4763,1780,39,2022-08-05,2024-02-24,False
4764,1780,124,2022-12-26,,True
4765,1780,126,2022-09-16,2024-05-13,False
4766,1781,150,2020-01-05,2022-03-30,False
4767,1781,19,2022-07-07,,True
4768,1781,58,2020-06-09,,True
4769,1781,34,2023-02-10,,True
4770,1781,50,2021-09-28,,True
4771,1782,17,2022-02-23,,True
4772,1782,115,2020-03-02,,True
4773,1782,140,2020-06-26,,True
4774,1782,93,2020-04-17,,True
4775,1783,19,2021-01-27,2024-01-21,False
4776,1783,17,2020-04-27,2022-09-14,False
4777,1783,21,2021-01-11,,True
4778,1783,140,2023-03-29,2024-10-11,False
4779,1783,150,2020-05-11,,True
4780,1783,50,2022-09-10,,True
4781,1784,150,2021-10-16,,True
4782,1784,49,2020-10-06,,True
4783,1784,127,2020-10-03,,True
4784,1785,21,2020-03-20,,True
4785,1785,58,2020-09-13,,True
4786,1785,140,2020-01-05,,True
4787,1786,28,2020-05-30,,True
4788,1786,148,2022-09-28,,True
4789,1786,94,2023-04-12,,True
4790,1786,24,2020-01-16,2022-11-09,False
4791,1786,145,2021-10-20,,True
4792,1787,128,2020-08-18,,True
4793,1787,149,2021-06-20,,True
4794,1787,29,2021-04-01,,True
4795,1788,112,2020-10-09,,True
4796,1788,92,2022-09-14,,True
4797,1788,20,2022-10-01,,True
4798,1789,132,2022-07-09,,True
4799,1789,140,2022-09-20,,True
4800,1789,39,2022-12-29,,True
4801,1789,21,2022-08-08,2025-01-24,False
4802,1790,29,2020-02-25,,True
4803,1790,126,2020-04-04,,True
4804,1790,17,2021-11-18,,True
4805,1791,131,2023-02-23,,True
4806,1791,112,2021-06-29,,True
4807,1791,145,2023-01-25,,True
4808,1792,19,2021-09-07,2022-12-16,False
4809,1792,111,2021-08-14,2023-10-08,False
4810,1792,39,2021-08-01,,True
4811,1792,5,2020-02-15,2022-07-15,False
4812,1793,17,2021-08-09,2023-03-25,False
4813,1793,103,2021-01-15,,True
4814,1793,140,2020-06-25,,True
4815,1793,25,2020-04-01,,True
4816,1793,21,2021-02-17,,True
4817,1793,19,2022-10-08,,True
4818,1794,83,2020-07-13,,True
4819,1794,36,2020-08-26,2021-09-13,False
4820,1794,120,2021-10-27,,True
4821,1794,112,2020-08-04,,True
4822,1794,131,2021-08-09,,True
4823,1794,149,2021-10-27,,True
4824,1796,13,2021-09-12,,True
4825,1796,55,2021-11-05,,True
4826,1796,28,2020-05-04,,True
4827,1796,145,2021-08-05,,True
4828,1797,24,2022-05-17,,True
4829,1797,109,2020-10-29,,True
4830,1797,110,2022-08-25,,True
4831,1797,145,2021-12-12,,True
4832,1798,39,2021-10-17,,True
4833,1798,126,2020-12-07,,True
4834,1798,42,2020-04-11,,True
4835,1798,41,2020-06-10,,True
4836,1800,126,2021-05-01,,True
4837,1800,106,2022-06-26,,True
4838,1800,99,2022-10-10,,True
4839,1800,149,2023-01-15,,True
4840,1806,75,2023-01-04,,True
4841,1806,95,2023-04-04,,True
4842,1806,29,2021-08-21,,True
4843,1806,28,2022-03-30,,True
4844,1806,131,2022-08-23,,True
4845,1806,112,2022-01-02,,True
4846,1808,103,2020-03-29,,True
4847,1808,126,2021-02-03,,True
4848,1808,25,2020-02-01,,True
4849,1808,21,2023-02-13,2025-10-21,False
4850,1808,39,2020-06-17,,True
4851,1809,122,2023-04-03,,True
4852,1809,44,2021-11-29,,True
4853,1809,88,2022-08-19,,True
4854,1809,58,2020-12-02,,True
4855,1809,121,2022-03-14,,True
4856,1809,149,2022-01-02,,True
4857,1811,24,2021-04-04,2023-01-16,False
4858,1811,58,2020-03-08,,True
4859,1811,114,2023-02-12,,True
4860,1812,39,2023-01-02,,True
4861,1812,19,2022-08-11,,True
4862,1812,17,2022-11-20,,True
4863,1813,21,2020-08-10,2023-01-25,False
4864,1813,99,2020-08-01,,True
4865,1813,25,2021-04-26,2023-06-22,False
4866,1813,103,2020-08-12,,True
4867,1814,17,2022-02-25,,True
4868,1814,53,2020-11-26,2023-03-08,False
4869,1814,21,2022-08-18,,True
4870,1815,112,2020-08-07,,True
4871,1815,145,2022-06-20,,True
4872,1815,58,2022-09-01,,True
4873,1818,112,2020-03-24,,True
4874,1818,75,2022-02-26,,True
4875,1818,28,2022-05-22,,True
4876,1818,131,2021-03-17,,True
4877,1818,56,2020-04-27,,True
4878,1818,24,2022-02-23,,True
4879,1819,38,2022-09-19,,True
4880,1819,25,2021-06-25,,True
4881,1819,17,2021-10-29,,True
4882,1819,119,2020-06-07,2022-11-24,False
4883,1820,47,2020-01-29,,True
4884,1820,128,2022-06-11,2025-02-27,False
4885,1820,28,2022-08-13,,True
4886,1820,75,2021-08-19,,True
4887,1821,131,2022-02-20,,True
4888,1821,28,2021-04-27,,True
4889,1821,128,2020-02-13,,True
4890,1821,100,2020-01-28,,True
4891,1821,24,2020-02-01,,True
4892,1824,17,2020-03-30,,True
4893,1824,19,2023-04-02,,True
4894,1824,140,2022-08-28,2024-05-22,False
4895,1824,21,2022-05-14,,True
4896,1825,149,2020-09-21,,True
4897,1825,16,2021-09-16,2024-07-02,False
4898,1825,137,2022-09-07,,True
4899,1825,24,2022-04-04,2024-08-29,False
4900,1825,112,2023-03-11,,True
4901,1826,19,2022-02-25,2023-05-22,False
4902,1826,99,2020-01-21,,True
4903,1826,39,2023-04-05,,True
4904,1826,30,2020-04-26,,True
4905,1826,150,2023-03-29,,True
4906,1826,147,2022-02-20,,True
4907,1827,150,2022-10-14,,True
4908,1827,38,2023-04-08,,True
4909,1827,103,2020-06-23,,True
4910,1827,99,2020-06-19,,True
4911,1829,126,2020-09-15,,True
4912,1829,39,2022-09-25,2025-03-17,False
4913,1829,65,2022-06-08,,True
4914,1829,20,2021-06-16,,True
4915,1832,29,2022-12-25,,True
4916,1832,128,2020-05-31,2022-08-18,False
4917,1832,58,2022-04-19,,True
4918,1832,145,2021-01-22,,True
4919,1833,17,2022-03-23,,True
4920,1833,150,2020-07-27,2023-03-16,False
4921,1834,38,2022-10-19,,True
4922,1834,103,2022-03-03,,True
4923,1834,17,2020-07-31,,True
4924,1835,23,2022-04-05,,True
4925,1835,11,2020-02-15,,True
4926,1835,54,2020-05-15,,True
4927,1835,19,2022-09-03,,True
4928,1835,99,2022-06-19,,True
4929,1836,19,2020-12-17,2023-10-21,False
4930,1836,142,2020-04-14,,True
4931,1836,84,2021-01-31,,True
4932,1836,123,2021-12-11,,True
4933,1836,97,2021-07-02,,True
4934,1837,58,2021-02-15,,True
4935,1837,29,2022-05-20,,True
4936,1837,75,2022-06-12,,True
4937,1838,131,2020-12-23,,True
4938,1838,128,2022-11-22,,True
4939,1838,112,2022-11-13,,True
4940,1838,28,2021-07-07,2024-05-09,False
4941,1838,82,2021-01-22,,True
4942,1841,61,2020-05-26,,True
4943,1841,17,2021-03-10,,True
4944,1841,150,2020-01-22,,True
4945,1842,17,2021-03-26,,True
4946,1842,150,2022-02-19,2024-01-20,False
4947,1842,25,2022-09-27,,True
4948,1842,103,2022-10-08,2023-12-17,False
4949,1842,15,2022-03-10,,True
4950,1843,21,2020-04-01,,True
4951,1843,70,2022-07-03,,True
4952,1843,126,2022-12-04,,True
4953,1843,38,2020-12-24,,True
4954,1844,25,2023-02-13,,True
4955,1844,69,2022-05-18,2023-06-29,False
4956,1844,61,2020-07-21,,True
4957,1845,51,2022-04-19,,True
4958,1845,92,2022-12-14,,True
4959,1845,32,2020-05-16,2021-06-03,False
4960,1845,122,2023-04-12,,True
4961,1845,73,2021-02-01,2023-12-05,False
4962,1845,31,2020-10-15,2021-11-02,False
4963,1846,19,2022-01-29,2024-12-24,False
4964,1846,147,2022-06-13,,True
4965,1846,39,2021-10-22,,True
4966,1847,18,2023-03-07,,True
4967,1847,56,2022-01-10,,True
4968,1847,92,2021-03-11,,True
4969,1847,77,2022-09-28,,True
4970,1847,51,2021-11-15,,True
4971,1849,84,2020-06-23,,True
4972,1849,8,2020-10-02,,True
4973,1849,25,2022-12-23,,True
4974,1849,34,2020-10-09,,True
4975,1850,150,2021-07-02,,True
4976,1850,21,2020-08-19,,True
4977,1850,140,2020-11-28,,True
4978,1850,38,2023-01-03,,True
4979,1851,39,2020-09-18,2022-03-14,False
4980,1851,140,2020-02-08,,True
4981,1851,60,2020-09-19,,True
4982,1851,38,2022-07-17,,True
4983,1852,148,2023-01-06,2025-05-02,False
4984,1852,75,2022-07-12,2024-10-23,False
4985,1852,112,2022-10-28,,True
4986,1852,28,2022-07-03,,True
4987,1852,103,2022-10-16,,True
4988,1853,38,2022-04-03,,True
4989,1853,25,2020-07-18,,True
4990,1853,19,2020-08-27,,True
4991,1854,149,2022-06-21,,True
4992,1854,24,2020-08-17,,True
4993,1854,120,2020-02-11,,True
4994,1855,38,2022-03-19,,True
4995,1855,21,2021-02-22,,True
4996,1855,115,2023-03-09,,True
4997,1856,52,2023-03-23,,True
4998,1856,126,2021-09-17,2023-11-29,False
4999,1856,68,2020-02-15,,True
5000,1856,38,2021-02-04,,True
5001,1856,21,2022-01-28,,True
5002,1857,149,2022-03-17,,True
5003,1857,67,2021-03-25,,True
5004,1857,112,2022-05-04,,True
5005,1857,86,2022-12-28,,True
5006,1858,59,2022-06-17,,True
5007,1858,141,2020-10-19,,True
5008,1858,33,2021-08-14,2023-01-27,False
5009,1858,19,2020-11-30,,True
5010,1858,140,2020-02-04,,True
5011,1860,24,2022-10-01,,True
5012,1860,128,2021-12-31,,True
5013,1860,112,2020-11-28,2022-12-17,False
5014,1860,131,2022-12-26,,True
5015,1860,53,2021-01-06,,True
5016,1861,29,2022-09-03,,True
5017,1861,149,2022-04-26,2024-01-02,False
5018,1861,101,2021-04-02,,True
5019,1861,131,2021-01-11,,True
5020,1861,75,2022-02-12,,True
5021,1862,75,2023-02-24,,True
5022,1862,106,2021-09-25,,True
5023,1862,29,2021-02-20,,True
5024,1862,24,2022-05-07,,True
5025,1863,145,2023-03-20,,True
5026,1863,112,2022-03-19,,True
5027,1863,21,2022-12-02,,True
5028,1863,28,2022-08-14,,True
5029,1865,115,2020-01-07,,True
5030,1865,103,2022-07-01,,True
5031,1865,25,2022-02-06,,True
5032,1865,17,2022-05-05,2024-01-23,False
5033,1866,6,2021-02-04,,True
5034,1866,131,2020-08-15,,True
5035,1866,112,2020-01-30,,True
5036,1867,126,2022-12-10,,True
5037,1867,63,2020-06-24,,True
5038,1867,103,2020-04-15,2021-07-24,False
5039,1869,22,2021-11-12,2024-04-09,False
5040,1869,38,2021-11-17,,True
5041,1869,19,2022-08-17,,True
5042,1869,150,2021-06-11,,True
5043,1869,21,2021-09-07,,True
5044,1869,25,2022-02-10,2024-07-31,False
5045,1870,149,2022-12-22,2024-11-01,False
5046,1870,128,2020-04-06,,True
5047,1870,131,2021-11-04,,True
5048,1871,8,2021-11-13,,True
5049,1871,58,2022-05-10,,True
5050,1871,76,2020-08-21,,True
5051,1871,112,2020-11-22,,True
5052,1872,144,2023-04-07,,True
5053,1872,75,2022-09-21,2024-12-04,False
5054,1872,149,2020-01-15,2021-04-15,False
5055,1873,131,2022-10-05,,True
5056,1873,58,2023-02-17,2024-10-10,False
5057,1873,128,2023-03-13,,True
5058,1874,39,2023-02-16,,True
5059,1874,1,2020-03-19,,True
5060,1874,126,2022-08-01,,True
5061,1875,112,2021-08-08,,True
5062,1875,28,2020-01-07,,True
5063,1875,128,2021-01-24,,True
5064,1876,15,2020-07-19,,True
5065,1876,52,2021-06-23,,True
5066,1876,39,2021-09-27,,True
5067,1876,150,2020-10-22,,True
5068,1876,60,2022-12-05,,True
5069,1876,25,2022-07-25,,True
5070,1877,18,2021-10-03,,True
5071,1877,55,2020-11-29,,True
5072,1877,91,2021-03-21,2023-10-24,False
5073,1877,28,2022-04-18,,True
5074,1878,22,2022-01-01,2024-01-10,False
5075,1878,29,2023-01-10,,True
5076,1878,98,2022-09-23,2025-01-11,False
5077,1878,117,2022-09-05,,True
5078,1878,107,2021-07-05,,True
5079,1879,24,2022-12-17,,True
5080,1879,149,2021-01-09,,True
5081,1879,131,2021-11-29,,True
5082,1880,25,2021-01-07,,True
5083,1880,140,2022-02-04,2024-04-04,False
5084,1880,48,2021-11-10,,True
5085,1880,148,2022-05-01,,True
5086,1880,19,2020-08-23,,True
5087,1881,149,2021-05-07,2023-02-05,False
5088,1881,58,2021-07-11,2023-02-16,False
5089,1881,75,2023-03-24,,True
5090,1881,79,2020-08-26,,True
5091,1882,86,2020-05-26,,True
5092,1882,128,2020-11-19,,True
5093,1882,131,2022-12-21,,True
5094,1882,58,2020-04-29,2022-01-02,False
5095,1883,92,2021-01-01,2022-10-14,False
5096,1883,10,2021-09-07,,True
5097,1883,129,2022-05-23,,True
5098,1884,24,2020-10-17,,True
5099,1884,51,2022-08-01,,True
5100,1884,1,2022-01-16,2023-12-30,False
5101,1885,29,2021-08-04,,True
5102,1885,149,2020-03-19,2021-11-05,False
5103,1885,46,2021-04-27,,True
5104,1885,58,2023-03-12,,True
5105,1885,73,2023-02-21,,True
5106,1885,115,2020-08-24,,True
5107,1886,126,2020-11-23,,True
5108,1886,39,2023-02-01,,True
5109,1886,106,2020-06-10,,True
5110,1886,17,2021-09-23,2023-08-05,False
5111,1888,128,2022-04-24,,True
5112,1888,58,2022-10-29,,True
5113,1888,122,2020-03-24,2021-11-18,False
5114,1889,76,2022-10-27,,True
5115,1889,25,2021-03-10,2022-05-27,False
5116,1889,140,2020-05-27,,True
5117,1889,99,2020-04-30,,True
5118,1889,123,2020-09-11,2022-08-03,False
5119,1891,119,2020-03-21,,True
5120,1891,103,2022-09-14,,True
5121,1891,99,2022-02-09,2023-12-16,False
5122,1892,103,2022-03-03,,True
5123,1892,99,2022-08-09,,True
5124,1892,25,2023-03-27,2024-09-06,False
5125,1892,49,2022-03-06,,True
5126,1892,17,2022-10-10,,True
5127,1892,126,2022-08-15,,True
5128,1893,74,2020-09-19,,True
5129,1893,21,2021-01-21,,True
5130,1893,103,2022-09-08,,True
5131,1893,150,2020-07-14,,True
5132,1893,17,2022-10-30,,True
5133,1893,140,2022-03-04,,True
5134,1894,75,2020-05-19,2021-10-14,False
5135,1894,131,2021-05-23,,True
5136,1894,29,2020-09-01,,True
5137,1894,12,2021-10-09,,True
5138,1894,58,2020-07-28,2023-03-18,False
5139,1894,14,2023-01-27,,True
5140,1895,21,2022-01-31,,True
5141,1895,148,2021-08-02,2023-12-25,False
5142,1895,110,2020-03-01,,True
5143,1896,39,2020-06-10,,True
5144,1896,99,2022-04-25,2025-03-03,False
5145,1896,2,2023-02-02,,True
5146,1896,17,2020-07-13,,True
5147,1896,38,2020-05-22,,True
5148,1897,140,2022-05-08,,True
5149,1897,108,2020-01-19,,True
5150,1897,103,2022-06-17,,True
5151,1897,19,2023-01-09,2024-02-28,False
5152,1897,38,2022-04-05,,True
5153,1897,92,2022-09-03,,True
5154,1898,103,2021-07-14,2023-03-13,False
5155,1898,90,2020-07-12,2022-05-03,False
5156,1898,67,2020-04-09,,True
5157,1898,38,2021-10-08,2023-02-02,False
5158,1899,81,2022-03-11,,True
5159,1899,128,2021-09-01,,True
5160,1899,131,2023-03-07,,True
5161,1899,46,2022-02-02,2023-02-27,False
5162,1899,24,2021-04-05,,True
5163,1902,17,2020-10-10,,True
5164,1902,38,2021-10-24,,True
5165,1902,103,2021-10-30,,True
5166,1902,39,2022-06-03,,True
5167,1902,115,2021-11-09,,True
5168,1903,19,2021-02-09,2023-11-01,False
5169,1903,38,2020-02-28,,True
5170,1904,75,2022-11-15,2025-08-21,False
5171,1904,112,2022-10-18,,True
5172,1904,28,2022-04-01,2023-06-01,False
5173,1906,103,2021-01-17,,True
5174,1906,99,2022-10-01,2023-10-30,False
5175,1906,39,2021-01-30,,True
5176,1906,19,2023-02-25,,True
5177,1906,126,2020-08-16,,True
5178,1907,23,2021-04-01,,True
5179,1907,39,2020-01-17,,True
5180,1907,68,2020-12-01,,True
5181,1907,131,2021-06-10,2022-10-11,False
5182,1908,38,2021-03-16,,True
5183,1908,21,2022-12-26,,True
5184,1908,99,2020-03-05,,True
5185,1908,25,2021-09-10,,True
5186,1911,8,2023-04-03,2025-01-08,False
5187,1911,19,2021-03-19,,True
5188,1911,39,2021-09-10,,True
5189,1911,103,2021-06-26,2023-01-03,False
5190,1912,19,2022-05-23,,True
5191,1912,38,2021-05-13,2023-08-22,False
5192,1912,126,2022-03-07,,True
5193,1912,21,2022-04-27,,True
5194,1916,29,2022-07-04,,True
5195,1916,67,2021-06-19,2024-05-27,False
5196,1916,54,2022-09-01,,True
5197,1916,146,2020-12-24,,True
5198,1917,38,2021-11-06,,True
5199,1917,25,2022-11-05,,True
5200,1917,103,2022-01-16,,True
5201,1919,150,2022-07-04,,True
5202,1919,126,2022-02-24,2024-10-03,False
5203,1919,46,2021-07-21,,True
5204,1919,9,2022-10-18,,True
5205,1919,21,2020-05-01,,True
5206,1920,24,2022-01-23,,True
5207,1920,53,2021-02-20,,True
5208,1920,21,2020-09-12,2023-09-04,False
5209,1920,150,2023-03-09,,True
5210,1920,126,2020-07-04,,True
5211,1921,75,2020-02-07,,True
5212,1921,145,2021-10-18,,True
5213,1921,5,2021-07-14,,True
5214,1923,126,2021-01-13,,True
5215,1923,21,2020-08-19,,True
5216,1924,38,2022-08-12,,True
5217,1924,17,2022-04-05,,True
5218,1924,36,2020-08-24,2022-04-01,False
5219,1927,17,2023-02-08,,True
5220,1927,126,2020-02-04,2021-05-25,False
5221,1927,140,2020-10-29,,True
5222,1927,53,2022-03-07,,True
5223,1929,28,2023-01-09,,True
5224,1929,128,2021-08-08,,True
5225,1929,131,2022-12-28,,True
5226,1929,29,2021-03-31,2023-04-10,False
5227,1930,150,2020-02-26,,True
5228,1930,132,2021-09-29,,True
5229,1930,21,2020-01-11,,True
5230,1930,126,2022-10-30,,True
5231,1931,75,2020-05-15,,True
5232,1931,24,2022-03-08,2024-11-17,False
5233,1931,131,2020-01-08,,True
5234,1933,112,2022-12-15,,True
5235,1933,140,2022-07-17,,True
5236,1933,76,2020-05-31,2022-06-17,False
5237,1933,29,2020-11-23,,True
5238,1934,46,2020-12-06,2022-07-28,False
5239,1934,28,2021-03-05,,True
5240,1934,112,2021-07-13,2023-01-15,False
5241,1934,29,2020-11-15,,True
5242,1935,102,2023-01-02,,True
5243,1935,143,2020-12-16,,True
5244,1935,118,2021-10-18,,True
5245,1935,34,2022-07-02,2023-11-16,False
5246,1937,103,2020-02-13,2021-11-16,False
5247,1937,17,2021-01-15,,True
5248,1937,99,2020-08-10,2023-05-17,False
5249,1938,21,2021-02-24,2022-05-02,False
5250,1938,38,2023-01-27,,True
5251,1938,99,2022-02-09,,True
5252,1938,132,2022-09-21,,True
5253,1938,58,2022-01-23,2024-09-03,False
5254,1939,13,2023-04-13,,True
5255,1939,128,2022-12-08,,True
5256,1939,133,2022-10-05,,True
5257,1940,136,2020-03-05,2021-10-19,False
5258,1940,21,2023-02-05,2025-10-28,False
5259,1940,19,2021-11-14,,True
5260,1941,126,2020-05-11,2022-09-06,False
5261,1941,140,2020-06-09,,True
5262,1941,70,2020-08-02,,True
5263,1941,92,2021-10-15,,True
5264,1941,103,2021-01-09,,True
5265,1942,74,2020-01-24,,True
5266,1942,140,2022-07-06,,True
5267,1942,25,2021-03-21,,True
5268,1942,39,2020-05-27,,True
5269,1943,9,2022-05-21,,True
5270,1943,140,2020-07-01,,True
5271,1943,39,2022-04-22,2025-01-23,False
5272,1943,19,2022-06-06,,True
5273,1943,115,2020-04-23,,True
5274,1944,25,2023-04-02,,True
5275,1944,118,2020-10-04,,True
5276,1944,38,2022-10-29,,True
5277,1945,25,2021-02-03,,True
5278,1945,19,2020-06-04,2023-03-07,False
5279,1945,21,2020-11-01,,True
5280,1945,99,2022-01-29,,True
5281,1945,17,2021-12-25,,True
5282,1945,7,2022-03-30,,True
5283,1946,140,2020-10-18,2023-10-03,False
5284,1946,17,2022-03-14,,True
5285,1946,99,2023-02-09,,True
5286,1946,103,2020-03-22,,True
5287,1947,19,2020-12-13,2023-11-07,False
5288,1947,150,2022-08-30,,True
5289,1947,21,2022-12-24,2025-01-18,False
5290,1947,148,2021-03-23,,True
5291,1947,38,2022-05-10,2023-06-24,False
5292,1948,24,2021-09-24,,True
5293,1948,29,2022-08-21,2025-05-18,False
5294,1948,145,2022-12-11,,True
5295,1949,21,2021-02-19,,True
5296,1949,89,2020-11-17,,True
5297,1949,140,2022-01-27,,True
5298,1950,128,2021-08-25,,True
5299,1950,100,2023-02-28,,True
5300,1950,112,2021-01-26,,True
5301,1950,107,2021-04-25,2022-11-19,False
5302,1950,145,2020-07-07,,True
5303,1951,34,2020-07-27,2022-12-02,False
5304,1951,131,2022-09-13,,True
5305,1951,2,2020-05-08,2023-02-19,False
5306,1951,66,2021-05-17,,True
5307,1951,150,2020-07-25,,True
5308,1951,19,2022-05-01,,True
5309,1952,19,2022-03-09,,True
5310,1952,39,2022-01-12,,True
5311,1952,147,2022-01-17,,True
5312,1952,140,2021-11-20,,True
5313,1952,103,2020-02-25,2022-02-16,False
5314,1952,38,2020-10-17,,True
5315,1953,22,2022-02-05,,True
5316,1953,140,2021-01-12,,True
5317,1953,150,2022-10-29,,True
5318,1953,126,2022-05-10,,True
5319,1953,19,2021-05-21,,True
5320,1954,17,2021-11-19,,True
5321,1954,38,2022-03-10,,True
5322,1954,114,2020-06-09,,True
5323,1954,150,2022-08-27,,True
5324,1955,149,2020-11-14,,True
5325,1955,112,2021-07-28,,True
5326,1955,58,2022-03-07,,True
5327,1957,39,2020-07-05,,True
5328,1957,17,2021-07-14,,True
5329,1957,103,2021-05-21,,True
5330,1957,25,2020-06-05,,True
5331,1957,38,2020-09-16,2022-11-27,False
5332,1958,75,2020-12-30,,True
5333,1958,100,2020-07-20,,True
5334,1958,112,2021-12-13,,True
5335,1958,99,2022-05-25,,True
5336,1958,131,2022-01-28,,True
5337,1958,128,2020-10-04,,True
5338,1959,149,2022-12-04,,True
5339,1959,75,2022-12-07,,True
5340,1959,145,2020-11-18,,True
5341,1959,24,2020-07-09,,True
5342,1960,65,2022-01-13,,True
5343,1960,28,2021-04-13,2023-09-30,False
5344,1960,145,2021-05-30,,True
5345,1961,51,2021-02-13,,True
5346,1961,64,2020-05-20,2021-06-24,False
5347,1961,122,2021-11-01,,True
5348,1962,103,2021-08-26,,True
5349,1962,140,2023-02-22,,True
5350,1962,90,2022-10-26,2024-07-04,False
5351,1962,37,2022-08-28,,True
5352,1962,21,2020-08-06,2022-04-06,False
5353,1962,99,2022-01-31,,True
5354,1963,26,2022-10-24,,True
5355,1963,150,2022-05-23,,True
5356,1963,25,2020-01-27,,True
5357,1963,91,2021-08-23,2023-04-07,False
5358,1964,17,2021-05-01,2023-10-12,False
5359,1964,126,2021-11-25,,True
5360,1964,25,2021-08-06,,True
5361,1964,140,2021-04-27,,True
5362,1965,103,2022-07-21,2024-10-09,False
5363,1965,150,2021-01-05,,True
5364,1965,99,2020-04-02,2023-01-22,False
5365,1965,92,2020-03-22,2021-08-29,False
5366,1965,21,2021-02-02,2023-09-01,False
5367,1966,25,2022-12-10,2024-12-26,False
5368,1966,138,2020-12-16,,True
5369,1966,103,2022-03-07,,True
5370,1967,26,2020-11-10,,True
5371,1967,45,2020-10-19,,True
5372,1967,93,2020-11-20,,True
5373,1968,140,2021-05-10,,True
5374,1968,92,2020-09-24,,True
5375,1968,21,2022-04-02,,True
5376,1968,103,2020-07-18,,True
5377,1968,99,2020-05-18,,True
5378,1970,31,2021-08-22,,True
5379,1970,131,2021-04-13,,True
5380,1970,49,2021-05-02,,True
5381,1970,145,2020-10-10,2022-12-01,False
5382,1970,58,2021-01-05,2023-06-14,False
5383,1970,75,2021-07-20,,True
5384,1971,17,2020-10-16,,True
5385,1971,103,2022-05-30,,True
5386,1971,99,2020-10-16,,True
5387,1971,138,2022-12-17,2024-03-09,False
5388,1971,80,2022-02-19,,True
5389,1972,150,2021-12-04,,True
5390,1972,83,2021-11-18,2024-01-16,False
5391,1972,31,2021-03-08,,True
5392,1974,39,2021-08-11,,True
5393,1974,150,2022-06-17,,True
5394,1975,19,2021-10-04,2023-09-12,False
5395,1975,99,2021-03-08,2023-01-21,False
5396,1975,24,2021-01-29,2023-11-19,False
5397,1976,17,2022-05-08,,True
5398,1976,150,2021-03-06,,True
5399,1976,38,2022-11-22,,True
5400,1978,86,2022-04-19,,True
5401,1978,128,2021-10-28,,True
5402,1978,145,2022-02-08,,True
5403,1980,126,2020-10-11,2023-06-10,False
5404,1980,17,2023-03-24,,True
5405,1980,92,2021-08-25,,True
5406,1980,19,2021-12-29,,True
5407,1982,106,2020-01-02,,True
5408,1982,122,2021-05-26,,True
5409,1982,57,2020-12-27,2023-02-24,False
5410,1982,81,2021-12-07,,True
5411,1982,4,2020-12-10,2021-12-25,False
5412,1982,123,2020-08-03,,True
5413,1983,99,2020-12-11,,True
5414,1983,21,2020-08-17,,True
5415,1983,50,2022-08-07,,True
5416,1983,14,2021-01-13,,True
5417,1983,7,2021-07-16,,True
5418,1983,28,2020-08-25,,True
5419,1984,126,2021-01-02,2022-02-05,False
5420,1984,19,2020-09-05,2023-02-06,False
5421,1984,25,2021-04-08,,True
5422,1984,150,2022-02-09,,True
5423,1984,140,2020-09-04,,True
5424,1985,17,2021-03-24,,True
5425,1985,103,2022-08-31,,True
5426,1985,25,2022-11-03,,True
5427,1985,96,2023-03-03,2024-07-22,False
5428,1986,31,2021-08-25,,True
5429,1986,82,2020-09-25,,True
5430,1986,118,2023-02-05,,True
5431,1986,1,2021-10-15,,True
5432,1987,39,2021-03-05,,True
5433,1987,19,2021-04-28,2023-01-06,False
5434,1987,83,2022-08-21,,True
5435,1988,139,2022-04-29,,True
5436,1988,126,2020-02-02,,True
5437,1988,128,2021-06-13,,True
5438,1989,17,2020-07-22,2022-05-30,False
5439,1989,99,2020-11-25,,True
5440,1989,19,2020-02-29,,True
5441,1989,38,2022-01-22,,True
5442,1990,128,2021-09-01,,True
5443,1990,82,2021-03-03,,True
5444,1991,75,2020-06-05,,True
5445,1991,145,2021-01-18,,True
5446,1991,10,2021-08-11,,True
5447,1992,128,2020-08-31,,True
5448,1992,30,2021-03-23,,True
5449,1992,43,2022-04-19,,True
5450,1992,149,2020-02-03,2022-09-18,False
5451,1994,145,2021-12-28,,True
5452,1994,128,2020-06-27,,True
5453,1995,136,2020-01-27,,True
5454,1995,150,2021-06-11,,True
5455,1995,103,2022-09-21,2024-11-08,False
5456,1996,145,2022-09-18,,True
5457,1996,132,2021-01-29,,True
5458,1996,58,2021-08-12,,True
5459,1996,128,2020-10-03,,True
5460,1996,32,2022-06-03,,True
5461,1998,19,2022-06-27,,True
5462,1998,140,2021-06-19,2023-06-29,False
5463,1998,75,2022-04-04,,True
5464,1998,7,2022-06-21,,True
5465,1998,51,2022-11-30,,True
5466,1998,132,2021-07-06,,True
5467,1999,118,2020-11-21,,True
5468,1999,25,2021-09-21,,True
5469,1999,140,2020-02-20,,True
5470,2001,77,2020-08-05,,True
5471,2001,150,2020-04-04,,True
5472,2001,117,2023-02-02,,True
5473,2001,128,2021-03-24,,True
5474,2001,99,2020-12-29,,True
5475,2002,19,2020-05-01,2022-12-30,False
5476,2002,83,2021-11-05,,True
5477,2002,38,2022-06-30,,True
5478,2005,25,2021-02-06,,True
5479,2005,126,2022-07-22,,True
5480,2005,97,2021-12-01,,True
5481,2007,39,2020-06-22,2023-06-14,False
5482,2007,150,2022-01-01,,True
5483,2007,19,2020-06-24,,True
5484,2007,140,2020-06-26,2021-09-03,False
5485,2007,99,2022-04-30,2023-12-09,False
5486,2008,17,2020-05-15,,True
5487,2008,51,2021-01-05,2022-02-14,False
5488,2008,40,2022-05-17,,True
5489,2008,99,2020-04-30,,True
5490,2008,66,2020-01-09,,True
5491,2008,94,2021-01-01,,True
5492,2009,145,2021-05-16,2022-10-08,False
5493,2009,112,2022-06-14,,True
5494,2009,58,2022-03-16,2024-11-15,False
5495,2010,150,2022-01-04,2023-03-31,False
5496,2010,19,2022-08-27,2025-01-24,False
5497,2010,103,2023-01-11,,True
5498,2010,89,2023-01-28,,True
5499,2011,91,2022-11-19,,True
5500,2011,145,2020-04-17,2021-06-29,False
5501,2011,131,2021-07-28,,True
5502,2011,28,2021-11-15,,True
5503,2011,112,2021-06-21,2023-01-30,False
5504,2012,41,2020-10-06,2023-03-18,False
5505,2012,25,2020-12-09,,True
5506,2012,137,2021-05-21,,True
5507,2012,35,2020-07-01,,True
5508,2013,126,2023-02-04,2024-02-15,False
5509,2013,24,2021-11-15,2023-03-23,False
5510,2013,148,2021-01-21,,True
5511,2014,143,2022-06-28,,True
5512,2014,38,2022-11-19,,True
5513,2014,117,2022-06-15,,True
5514,2014,86,2022-01-16,,True
5515,2015,118,2022-04-23,,True
5516,2015,64,2020-01-08,,True
5517,2015,58,2022-08-25,,True
5518,2015,75,2023-01-04,2024-10-11,False
5519,2015,84,2021-11-09,,True
5520,2016,31,2021-09-01,2022-10-18,False
5521,2016,58,2021-09-08,2024-03-19,False
5522,2016,128,2022-11-02,,True
5523,2016,24,2021-06-11,,True
5524,2017,112,2020-09-20,,True
5525,2017,81,2020-09-22,2023-06-16,False
5526,2017,54,2020-04-20,,True
5527,2017,75,2022-01-31,,True
5528,2019,75,2020-12-29,,True
5529,2019,58,2021-05-08,,True
5530,2019,24,2020-06-02,,True
5531,2020,33,2022-01-17,2024-05-16,False
5532,2020,21,2022-07-21,,True
5533,2020,99,2020-03-23,,True
5534,2021,21,2023-01-18,,True
5535,2021,150,2020-06-11,,True
5536,2021,38,2022-10-29,2025-06-24,False
5537,2021,22,2022-06-03,,True
5538,2021,25,2020-02-09,,True
5539,2023,15,2022-10-17,,True
5540,2023,58,2021-08-17,,True
5541,2023,131,2020-12-24,,True
5542,2023,42,2022-08-11,,True
5543,2023,29,2020-02-09,,True
5544,2024,50,2021-12-06,2023-09-06,False
5545,2024,129,2022-10-08,,True
5546,2024,39,2021-06-16,,True
5547,2024,126,2022-10-09,2024-06-22,False
5548,2024,140,2021-06-03,,True
5549,2024,25,2023-03-29,2025-04-10,False
5550,2025,99,2022-03-15,,True
5551,2025,140,2021-03-12,,True
5552,2025,31,2022-05-10,,True
5553,2025,84,2020-07-02,,True
5554,2025,117,2021-04-17,,True
5555,2027,150,2022-02-28,,True
5556,2027,25,2022-03-13,,True
5557,2027,24,2022-02-18,2024-08-15,False
5558,2027,22,2020-02-04,,True
5559,2027,21,2022-11-18,,True
5560,2028,29,2020-06-14,,True
5561,2028,145,2020-05-02,2022-02-25,False
5562,2028,128,2023-01-15,,True
5563,2028,133,2022-05-05,,True
5564,2031,103,2020-02-19,2021-08-18,False
5565,2031,126,2020-01-02,,True
5566,2031,33,2022-11-09,,True
5567,2031,140,2021-10-18,,True
5568,2031,25,2020-03-24,,True
5569,2032,45,2020-08-04,,True
5570,2032,17,2022-06-23,,True
5571,2032,39,2022-09-21,,True
5572,2033,51,2021-08-15,,True
5573,2033,39,2022-12-12,,True
5574,2033,46,2022-10-14,2025-02-04,False
5575,2033,99,2023-03-27,,True
5576,2033,40,2021-02-15,,True
5577,2035,66,2020-08-06,,True
5578,2035,25,2021-11-14,2023-03-10,False
5579,2035,150,2022-06-05,,True
5580,2037,150,2023-02-25,,True
5581,2037,103,2020-12-08,,True
5582,2038,99,2021-04-21,,True
5583,2038,39,2022-11-16,,True
5584,2038,17,2023-02-15,,True
5585,2040,64,2021-04-23,,True
5586,2040,77,2020-09-11,,True
5587,2040,92,2022-09-19,2024-12-27,False
5588,2040,49,2021-03-20,2023-11-29,False
5589,2040,37,2023-02-08,,True
5590,2043,99,2021-03-13,,True
5591,2043,30,2022-07-15,,True
5592,2043,19,2023-01-10,,True
5593,2043,25,2021-04-26,,True
5594,2044,25,2020-06-26,,True
5595,2044,17,2022-07-07,,True
5596,2044,126,2021-10-25,,True
5597,2044,27,2020-07-12,,True
5598,2045,126,2023-01-18,,True
5599,2045,150,2020-10-20,,True
5600,2045,140,2022-10-15,,True
5601,2045,17,2022-08-14,,True
5602,2045,21,2021-01-01,,True
5603,2046,25,2022-07-13,,True
5604,2046,104,2023-04-08,2025-02-26,False
5605,2046,17,2023-01-25,,True
5606,2046,39,2020-12-15,,True
5607,2046,140,2020-06-20,,True
5608,2047,25,2020-12-02,,True
5609,2047,127,2020-11-19,,True
5610,2047,99,2020-09-14,2022-01-18,False
5611,2047,19,2022-01-06,2024-11-10,False
5612,2048,104,2022-03-29,,True
5613,2048,25,2022-03-03,2024-01-11,False
5614,2048,29,2020-11-12,2022-09-05,False
5615,2048,74,2021-02-02,2023-03-25,False
5616,2049,19,2021-08-07,2024-07-03,False
5617,2049,68,2020-03-20,,True
5618,2049,25,2020-04-14,,True
5619,2049,140,2020-12-10,,True
5620,2049,39,2023-03-14,,True
5621,2049,27,2022-11-28,,True
5622,2050,110,2020-03-06,,True
5623,2050,38,2022-01-29,2023-10-20,False
5624,2050,150,2021-07-23,,True
5625,2052,140,2021-07-08,,True
5626,2052,41,2021-11-12,,True
5627,2052,110,2020-06-19,2023-02-20,False
5628,2054,55,2021-04-21,,True
5629,2054,21,2021-02-21,,True
5630,2054,16,2020-04-23,2022-08-02,False
5631,2054,144,2020-05-20,2022-06-08,False
5632,2054,150,2020-01-16,,True
5633,2055,99,2022-11-15,2025-05-03,False
5634,2055,19,2020-08-28,2022-09-15,False
5635,2055,142,2021-07-06,,True
5636,2055,21,2022-10-08,,True
5637,2057,28,2022-12-17,2024-12-14,False
5638,2057,149,2021-12-03,,True
5639,2057,23,2020-12-13,2022-05-22,False
5640,2057,75,2021-07-18,,True
5641,2058,25,2020-03-12,,True
5642,2058,82,2021-03-13,2023-01-21,False
5643,2058,103,2020-01-28,,True
5644,2058,17,2022-10-14,2024-12-23,False
5645,2060,126,2023-03-22,,True
5646,2060,38,2021-05-15,,True
5647,2060,140,2022-03-14,2024-04-21,False
5648,2061,145,2020-06-01,,True
5649,2061,136,2022-03-22,,True
5650,2061,47,2021-10-02,,True
5651,2062,24,2021-07-11,2023-04-13,False
5652,2062,28,2023-03-07,,True
5653,2062,75,2022-08-29,,True
5654,2063,8,2021-05-19,2022-10-05,False
5655,2063,128,2023-03-27,,True
5656,2063,145,2022-07-29,,True
5657,2063,28,2020-02-09,,True
5658,2063,75,2021-06-26,2022-07-18,False
5659,2064,19,2022-04-28,,True
5660,2064,126,2022-06-22,,True
5661,2064,10,2023-02-22,,True
5662,2064,145,2021-03-15,,True
5663,2065,17,2022-05-20,2025-05-05,False
5664,2065,59,2020-12-16,,True
5665,2065,25,2022-11-01,,True
5666,2065,39,2021-09-12,,True
5667,2065,99,2021-06-17,,True
5668,2066,93,2020-01-22,,True
5669,2066,103,2020-12-03,,True
5670,2066,150,2022-09-02,,True
5671,2068,99,2023-01-04,,True
5672,2068,69,2020-08-31,,True
5673,2068,17,2021-11-25,,True
5674,2068,76,2020-06-30,2021-09-11,False
5675,2068,19,2020-12-11,,True
5676,2068,103,2022-02-21,2025-01-05,False
5677,2069,17,2020-09-19,2021-09-24,False
5678,2069,21,2021-05-02,,True
5679,2069,19,2021-11-21,,True
5680,2069,99,2021-07-31,,True
5681,2071,39,2021-08-30,,True
5682,2071,43,2021-03-16,2022-09-21,False
5683,2071,140,2021-10-05,,True
5684,2071,134,2021-09-09,,True
5685,2071,17,2020-06-28,,True
5686,2073,150,2020-07-09,,True
5687,2073,99,2021-10-07,,True
5688,2073,33,2020-10-05,,True
5689,2073,38,2022-10-21,,True
5690,2073,16,2021-03-31,,True
5691,2073,40,2021-03-04,,True
5692,2074,126,2022-06-24,2024-07-23,False
5693,2074,20,2023-02-20,,True
5694,2074,19,2020-12-21,2022-01-19,False
5695,2075,38,2021-10-22,,True
5696,2075,126,2021-07-13,,True
5697,2075,16,2021-12-04,,True
5698,2075,66,2021-10-13,,True
5699,2076,29,2021-03-30,,True
5700,2076,128,2021-05-01,,True
5701,2076,34,2021-02-25,,True
5702,2076,24,2023-02-23,,True
5703,2077,146,2022-02-28,,True
5704,2077,58,2022-12-06,,True
5705,2077,24,2021-10-19,,True
5706,2077,131,2022-05-19,,True
5707,2077,112,2020-05-17,,True
5708,2078,149,2021-12-17,2024-08-02,False
5709,2078,29,2022-06-05,,True
5710,2078,128,2022-11-12,,True
5711,2078,21,2021-05-08,,True
5712,2078,131,2020-07-03,2023-03-31,False
5713,2079,28,2020-01-16,2022-02-17,False
5714,2079,145,2021-11-07,,True
5715,2080,71,2021-05-20,,True
5716,2080,19,2021-12-22,,True
5717,2080,103,2022-07-07,,True
5718,2080,140,2022-10-23,,True
5719,2081,58,2020-10-19,,True
5720,2081,131,2022-11-16,,True
5721,2081,74,2020-03-27,,True
5722,2081,29,2020-07-13,2022-04-04,False
5723,2081,23,2022-10-24,,True
5724,2082,149,2022-09-29,2025-06-13,False
5725,2082,131,2021-03-10,,True
5726,2082,72,2021-06-19,,True
5727,2083,149,2021-01-21,,True
5728,2083,124,2022-11-27,,True
5729,2083,128,2021-01-28,,True
5730,2083,145,2023-04-02,,True
5731,2083,112,2022-09-27,,True
5732,2083,131,2021-03-09,,True
5733,2084,58,2022-03-20,,True
5734,2084,143,2022-03-30,2025-03-15,False
5735,2084,76,2021-01-24,,True
5736,2084,36,2020-12-04,,True
5737,2084,117,2021-08-25,,True
5738,2085,118,2021-05-11,,True
5739,2085,102,2021-03-18,2023-06-13,False
5740,2085,7,2021-05-06,,True
5741,2085,83,2020-01-16,,True
5742,2086,38,2021-01-30,,True
5743,2086,126,2020-05-04,,True
5744,2086,6,2020-11-02,,True
5745,2086,124,2020-03-20,,True
5746,2086,32,2021-05-06,2023-08-25,False
5747,2087,25,2021-02-23,2023-09-15,False
5748,2087,21,2021-05-02,,True
5749,2087,38,2021-06-04,,True
5750,2088,140,2021-03-28,,True
5751,2088,103,2020-11-07,,True
5752,2088,116,2022-02-25,,True
5753,2088,39,2021-06-06,,True
5754,2090,25,2021-07-28,,True
5755,2090,103,2021-12-30,,True
5756,2090,11,2023-04-07,,True
5757,2090,137,2023-03-21,,True
5758,2090,39,2022-12-29,,True
5759,2091,86,2022-07-25,,True
5760,2091,103,2021-11-05,,True
5761,2091,39,2021-05-27,,True
5762,2091,38,2020-11-29,,True
5763,2091,17,2020-02-12,,True
5764,2091,141,2022-05-12,,True
5765,2092,24,2022-07-08,2024-01-04,False
5766,2092,131,2022-04-16,,True
5767,2092,27,2020-08-31,,True
5768,2092,58,2021-09-24,,True
5769,2093,38,2021-06-20,,True
5770,2093,140,2021-10-30,,True
5771,2093,126,2021-04-19,,True
5772,2093,150,2021-09-17,2024-05-24,False
5773,2093,32,2022-09-03,,True
5774,2094,99,2022-05-21,,True
5775,2094,39,2022-07-28,2024-12-06,False
5776,2094,8,2021-11-02,,True
5777,2095,65,2021-04-04,,True
5778,2095,147,2020-02-25,,True
5779,2095,135,2020-04-24,,True
5780,2096,150,2021-10-06,,True
5781,2096,136,2021-06-21,,True
5782,2096,39,2022-03-22,,True
5783,2096,21,2021-09-12,,True
5784,2096,38,2021-07-21,2022-10-13,False
5785,2096,19,2022-06-29,,True
5786,2097,25,2022-01-22,,True
5787,2097,80,2022-07-15,,True
5788,2097,62,2022-11-23,2024-05-01,False
5789,2098,80,2022-05-11,,True
5790,2098,147,2022-01-21,2023-04-15,False
5791,2098,27,2022-10-26,,True
5792,2098,89,2021-05-13,,True
5793,2099,78,2023-02-15,2024-07-13,False
5794,2099,127,2020-06-29,2021-08-21,False
5795,2100,82,2022-10-13,,True
5796,2100,52,2020-09-08,,True
5797,2100,117,2020-05-15,,True
5798,2100,31,2020-02-26,,True
5799,2100,78,2023-02-25,,True
5800,2101,48,2021-07-17,,True
5801,2101,37,2021-12-03,,True
5802,2102,137,2021-09-06,,True
5803,2102,143,2020-02-29,,True
5804,2102,9,2020-03-16,,True
5805,2103,68,2020-01-17,,True
5806,2103,9,2020-11-05,,True
5807,2103,1,2022-08-26,,True
5808,2103,48,2022-06-20,,True
5809,2103,87,2020-12-26,,True
5810,2104,91,2022-09-15,2023-10-17,False
5811,2104,56,2021-12-07,,True
5812,2104,16,2021-09-11,,True
5813,2104,95,2020-02-12,,True
5814,2104,68,2021-09-14,,True
5815,2105,108,2021-09-19,,True
5816,2105,98,2020-11-22,,True
5817,2105,73,2022-10-03,,True
5818,2105,132,2020-05-21,,True
5819,2105,133,2022-03-15,,True
5820,2106,70,2022-09-17,,True
5821,2106,98,2022-08-04,,True
5822,2106,93,2022-04-16,,True
5823,2106,43,2022-06-25,2024-05-11,False
5824,2106,128,2022-10-26,,True
5825,2107,79,2020-07-05,,True
5826,2107,37,2020-03-02,,True
5827,2107,42,2020-01-17,,True
5828,2108,52,2020-01-09,,True
5829,2108,136,2020-04-21,,True
5830,2108,66,2021-10-28,2023-03-07,False
5831,2109,100,2021-07-04,,True
5832,2109,79,2020-07-18,,True
5833,2109,135,2020-05-06,,True
5834,2109,45,2021-02-26,,True
5835,2110,30,2020-03-02,,True
5836,2110,90,2022-06-11,2024-09-26,False
5837,2110,114,2020-10-01,,True
5838,2111,59,2022-08-17,,True
5839,2111,136,2021-12-08,2024-07-01,False
5840,2111,30,2021-03-03,,True
5841,2112,32,2020-04-19,,True
5842,2112,42,2021-07-20,,True
5843,2112,138,2021-01-28,,True
5844,2112,107,2020-10-30,,True
5845,2112,93,2023-03-13,,True
5846,2113,105,2020-06-08,,True
5847,2113,37,2020-08-24,,True
5848,2113,30,2020-08-04,,True
5849,2114,23,2022-02-05,,True
5850,2114,128,2022-04-17,2023-06-19,False
5851,2114,53,2021-02-06,,True
5852,2115,105,2022-01-03,,True
5853,2115,119,2021-02-17,,True
5854,2115,78,2022-01-19,,True
5855,2115,64,2020-01-17,,True
5856,2115,97,2022-09-12,,True
5857,2115,114,2021-04-16,,True
5858,2116,139,2020-06-20,,True
5859,2116,134,2021-03-03,,True
5860,2116,86,2022-11-21,2025-08-23,False
5861,2117,81,2022-07-03,,True
5862,2117,119,2022-04-02,,True
5863,2117,80,2021-02-28,,True
5864,2117,12,2022-06-19,,True
5865,2118,12,2022-03-03,,True
5866,2118,32,2020-09-06,2023-02-16,False
5867,2118,36,2021-04-16,,True
5868,2118,90,2022-09-29,,True
5869,2119,119,2021-11-11,,True
5870,2119,43,2022-06-02,2025-04-05,False
5871,2119,12,2020-03-11,,True
5872,2120,90,2021-08-05,,True
5873,2120,134,2021-05-04,,True
5874,2123,102,2022-12-25,2025-01-15,False
5875,2123,108,2021-07-24,,True
5876,2123,110,2020-12-27,2022-12-29,False
5877,2123,143,2020-10-10,,True
5878,2123,98,2020-09-30,,True
5879,2150,62,2023-03-10,2025-04-02,False
5880,2150,140,2020-07-22,2022-06-09,False
5881,2150,65,2021-03-19,,True
5882,2152,62,2021-04-29,2023-12-02,False
5883,2152,147,2021-01-06,,True
5884,2153,65,2020-01-28,,True
5885,2153,147,2022-10-31,,True
5886,2157,147,2020-06-11,,True
5887,2157,62,2021-03-08,,True
5888,2160,65,2022-11-19,,True
5889,2160,80,2020-03-13,,True
5890,2160,86,2022-09-04,,True
5891,2160,147,2022-04-28,,True
5892,2161,65,2020-08-12,,True
5893,2161,147,2020-03-14,,True
5894,2164,80,2022-06-06,2023-06-10,False
5895,2164,65,2020-12-18,,True
5896,2164,62,2020-02-10,,True
5897,2164,147,2022-05-01,2023-09-09,False
5898,2165,80,2020-10-01,,True
5899,2165,147,2021-12-23,,True
5900,2165,96,2022-10-20,2025-05-02,False
5901,2167,62,2020-10-26,,True
5902,2167,80,2021-08-22,,True
5903,2168,147,2022-06-21,,True
5904,2168,48,2023-04-11,,True
5905,2168,62,2022-09-09,,True
5906,2171,62,2021-10-23,,True
5907,2171,80,2022-05-10,,True
5908,2172,62,2020-11-21,2021-12-09,False
5909,2172,65,2022-12-17,,True
5910,2172,147,2020-03-16,2021-08-29,False
5911,2173,100,2021-09-10,,True
5912,2173,47,2020-11-11,2022-01-06,False
5913,2173,62,2022-06-28,2025-03-21,False
5914,2173,65,2021-05-23,,True
5915,2173,147,2022-06-02,,True
5916,2175,147,2020-06-24,,True
5917,2175,62,2020-08-20,,True
5918,2175,65,2021-09-24,,True
5919,2175,59,2022-05-29,,True
5920,2175,40,2020-04-25,,True
5921,2177,62,2020-04-05,,True
5922,2177,80,2021-08-14,,True
5923,2177,21,2020-11-07,2023-10-11,False
5924,2177,130,2021-04-20,,True
5925,2178,65,2021-08-09,2023-03-06,False
5926,2178,62,2020-04-10,2022-05-11,False
5927,2182,65,2021-06-18,2024-02-23,False
5928,2182,62,2023-02-12,,True
5929,2182,9,2020-03-24,,True
5930,2185,147,2022-06-01,,True
5931,2185,54,2020-07-04,,True
5932,2189,142,2021-03-11,,True
5933,2189,147,2022-01-17,2024-12-04,False
5934,2189,80,2022-12-14,,True
5935,2190,96,2021-02-05,,True
5936,2190,62,2022-02-05,,True
5937,2190,147,2020-10-07,,True
5938,2190,53,2020-01-11,2021-05-25,False
5939,2190,65,2020-06-28,,True
5940,2191,9,2020-08-02,,True
5941,2191,49,2020-04-05,,True
5942,2191,51,2020-06-24,,True
5943,2191,42,2020-06-09,,True
5944,2191,96,2020-06-02,,True
5945,2192,103,2021-09-11,2023-06-15,False
5946,2192,65,2022-07-10,,True
5947,2195,4,2021-04-05,,True
5948,2195,132,2022-04-21,,True
5949,2195,18,2020-12-08,,True
5950,2197,65,2022-02-22,,True
5951,2197,136,2022-05-22,,True
5952,2197,62,2022-02-03,,True
5953,2197,102,2022-01-04,,True
5954,2198,147,2021-01-18,2022-10-08,False
5955,2198,65,2022-07-09,2024-04-30,False
5956,2198,99,2021-08-21,,True
5957,2198,19,2022-09-13,,True
5958,2198,66,2020-05-01,2023-03-27,False
5959,2199,80,2021-02-18,,True
5960,2199,147,2021-04-19,,True
5961,2199,10,2020-09-20,,True
5962,2200,21,2021-03-26,2023-05-08,False
5963,2200,116,2022-09-23,,True
5964,2200,25,2020-07-30,,True
5965,2200,99,2022-09-18,2023-12-17,False
5966,2200,101,2022-12-03,,True
5967,2201,147,2021-12-30,2023-02-17,False
5968,2201,56,2021-01-02,2023-08-11,False
5969,2203,113,2022-09-10,,True
5970,2203,147,2021-09-08,,True
5971,2203,128,2022-04-26,,True
5972,2203,14,2023-03-27,,True
5973,2203,65,2021-12-27,2023-02-11,False
5974,2205,147,2021-01-08,,True
5975,2205,111,2022-03-26,,True
5976,2206,65,2021-11-22,,True
5977,2206,62,2021-06-04,,True
5978,2206,16,2020-05-09,,True
5979,2207,144,2020-04-26,,True
5980,2207,84,2020-04-16,,True
5981,2207,106,2021-01-31,2022-04-27,False
5982,2207,80,2020-08-08,,True
5983,2207,97,2020-02-04,,True
5984,2207,66,2020-09-05,,True
5985,2208,80,2022-12-29,,True
5986,2208,65,2022-04-21,,True
5987,2208,62,2023-04-14,2024-06-25,False
5988,2208,3,2020-12-26,,True
5989,2214,61,2020-12-12,,True
5990,2214,65,2021-02-09,,True
5991,2214,62,2022-06-22,,True
5992,2214,147,2021-08-01,2023-03-15,False
5993,2214,98,2020-04-17,,True
5994,2215,122,2020-02-24,2021-08-30,False
5995,2215,31,2021-04-27,,True
5996,2215,88,2021-08-06,,True
5997,2215,92,2020-08-01,,True
5998,2215,108,2021-11-14,,True
5999,2216,65,2021-09-06,,True
6000,2216,140,2023-01-16,,True
6001,2216,62,2023-03-02,,True
6002,2220,65,2020-04-06,,True
6003,2220,147,2021-04-12,,True
6004,2220,137,2020-03-13,,True
6005,2223,65,2021-11-12,,True
6006,2223,30,2022-12-27,,True
6007,2223,108,2021-04-27,2023-11-15,False
6008,2223,80,2023-04-08,,True
6009,2226,65,2022-08-04,,True
6010,2226,80,2022-04-06,2024-02-24,False
6011,2226,147,2020-02-21,,True
6012,2226,27,2020-01-29,,True
6013,2227,101,2020-11-29,,True
6014,2227,67,2020-02-27,2022-09-25,False
6015,2227,62,2022-08-26,,True
6016,2227,50,2022-12-27,2024-06-02,False
6017,2228,62,2020-10-06,,True
6018,2228,65,2021-07-05,,True
6019,2228,80,2022-03-05,2024-11-18,False
6020,2232,62,2021-10-06,,True
6021,2232,147,2020-11-07,,True
6022,2232,86,2021-12-22,,True
6023,2232,80,2023-01-19,,True
6024,2232,65,2020-06-06,,True
6025,2233,65,2020-11-24,,True
6026,2233,80,2020-05-18,,True
6027,2233,147,2023-02-01,,True
6028,2235,62,2023-02-06,,True
6029,2235,147,2023-02-10,,True
6030,2236,62,2022-05-13,,True
6031,2236,65,2021-09-07,,True
6032,2237,62,2021-11-18,,True
6033,2237,49,2020-09-16,,True
6034,2237,50,2022-03-03,,True
6035,2238,62,2021-11-17,2022-11-21,False
6036,2238,80,2023-01-08,,True
6037,2238,147,2021-01-05,,True
6038,2239,80,2020-05-28,2022-09-18,False
6039,2239,65,2021-10-19,,True
6040,2239,130,2022-02-28,,True
6041,2239,147,2023-03-15,,True
6042,2240,35,2022-07-30,,True
6043,2240,62,2021-02-19,,True
6044,2240,80,2020-10-09,,True
6045,2240,147,2022-03-23,,True
6046,2240,65,2020-02-25,,True
6047,2241,147,2021-07-26,,True
6048,2241,62,2022-09-22,,True
6049,2241,40,2020-08-16,2022-04-29,False
6050,2241,17,2022-09-16,,True
6051,2242,62,2020-12-18,,True
6052,2242,80,2020-07-16,,True
6053,2242,65,2020-10-05,,True
6054,2244,89,2022-08-16,,True
6055,2244,57,2021-09-04,,True
6056,2244,132,2022-07-25,,True
6057,2248,147,2022-10-13,,True
6058,2248,62,2022-11-12,,True
6059,2248,74,2022-06-19,,True
6060,2251,68,2020-09-14,,True
6061,2251,80,2020-06-12,2023-03-14,False
6062,2251,16,2022-01-09,,True
6063,2253,31,2022-10-26,,True
6064,2253,92,2023-03-09,,True
6065,2253,4,2022-10-31,,True
6066,2253,12,2023-01-21,2024-07-25,False
6067,2254,111,2023-04-12,,True
6068,2254,80,2020-03-29,,True
6069,2254,65,2021-06-12,,True
6070,2255,80,2021-12-03,,True
6071,2255,120,2020-05-13,,True
6072,2255,65,2021-05-12,2024-01-14,False
6073,2256,62,2021-11-03,,True
6074,2256,65,2021-06-30,,True
6075,2256,80,2020-08-11,,True
6076,2257,62,2021-12-02,,True
6077,2257,133,2020-06-16,2022-08-27,False
6078,2257,123,2022-07-08,,True
6079,2257,59,2022-12-12,2024-11-29,False
6080,2257,65,2020-01-20,,True
6081,2258,65,2021-09-23,,True
6082,2258,147,2022-06-14,2024-01-25,False
6083,2258,80,2021-07-13,,True
6084,2260,52,2022-02-13,,True
6085,2260,147,2020-06-04,,True
6086,2260,62,2021-11-21,,True
6087,2261,32,2022-10-11,,True
6088,2261,147,2022-11-04,,True
6089,2261,100,2022-05-01,,True
6090,2262,80,2021-03-28,2022-10-03,False
6091,2262,45,2021-06-05,,True
6092,2264,62,2020-02-21,,True
6093,2264,147,2022-10-08,,True
6094,2264,53,2022-03-16,,True
6095,2265,101,2022-02-21,,True
6096,2265,147,2023-03-14,,True
6097,2265,150,2021-04-04,,True
6098,2266,65,2020-08-30,2022-12-24,False
6099,2266,78,2023-02-22,2025-03-06,False
6100,2266,147,2021-07-28,,True
6101,2266,64,2020-02-13,,True
6102,2267,103,2023-01-23,,True
6103,2267,53,2021-05-04,,True
6104,2267,25,2022-04-13,,True
6105,2268,147,2021-03-23,2023-02-16,False
6106,2268,80,2021-11-27,,True
6107,2268,65,2021-01-06,,True
6108,2330,120,2020-04-20,2022-11-05,False
6109,2330,77,2023-01-05,2024-09-02,False
6110,2330,92,2022-05-28,,True
6111,2330,123,2020-12-15,,True
6112,2330,18,2020-03-13,2022-12-14,False
6113,2330,84,2022-06-18,,True
6114,2332,70,2022-04-18,,True
6115,2332,35,2020-06-24,2021-09-10,False
6116,2332,51,2022-12-20,,True
6117,2333,4,2020-06-06,,True
6118,2333,3,2021-03-18,,True
6119,2333,22,2021-05-05,2023-06-01,False
6120,2333,36,2020-11-21,,True
6121,2334,81,2020-12-11,,True
6122,2334,92,2021-09-03,,True
6123,2336,77,2021-10-25,2024-02-09,False
6124,2336,23,2020-07-17,2023-07-01,False
6125,2336,53,2023-01-22,,True
6126,2336,49,2020-10-23,2021-11-10,False
6127,2336,18,2021-07-20,2023-04-16,False
6128,2337,81,2022-09-03,,True
6129,2337,51,2021-10-20,,True
6130,2337,16,2022-01-04,2024-07-23,False
6131,2338,18,2021-04-30,,True
6132,2338,120,2022-11-12,,True
6133,2339,64,2021-03-03,,True
6134,2339,77,2021-05-06,,True
6135,2339,122,2022-01-19,,True
6136,2341,34,2021-03-29,2023-09-16,False
6137,2341,31,2022-09-05,,True
6138,2341,122,2021-08-31,2024-03-21,False
6139,2341,57,2021-05-10,,True
6140,2342,43,2020-10-03,,True
6141,2342,32,2022-05-28,,True
6142,2342,120,2020-09-06,2021-11-26,False
6143,2342,102,2020-01-15,,True
6144,2342,103,2021-10-08,,True
6145,2342,92,2020-09-14,,True
6146,2343,49,2021-12-18,,True
6147,2343,51,2021-12-15,,True
6148,2343,109,2020-12-18,2023-11-10,False
6149,2343,92,2022-10-04,,True
6150,2344,81,2021-11-10,,True
6151,2344,5,2023-01-03,,True
6152,2344,49,2020-06-20,2022-03-14,False
6153,2344,124,2021-11-29,,True
6154,2345,49,2022-04-30,,True
6155,2345,122,2021-04-07,2023-02-01,False
6156,2345,142,2020-06-07,2022-12-09,False
6157,2345,123,2021-04-04,,True
6158,2345,31,2020-07-31,,True
6159,2346,108,2020-12-11,,True
6160,2346,31,2021-07-01,,True
6161,2346,137,2020-05-09,,True
6162,2346,77,2020-05-26,,True
6163,2346,120,2021-01-05,,True
6164,2348,81,2020-10-16,,True
6165,2348,120,2021-08-24,,True
6166,2348,77,2022-10-13,2024-02-04,False
6167,2348,18,2021-01-11,2022-12-14,False
6168,2349,82,2020-01-26,,True
6169,2349,31,2022-04-12,,True
6170,2349,84,2022-03-19,2024-03-23,False
6171,2349,92,2021-06-15,,True
6172,2350,32,2021-11-30,,True
6173,2350,64,2021-05-19,,True
6174,2350,123,2020-03-16,,True
6175,2350,92,2022-05-01,,True
6176,2351,106,2020-10-06,,True
6177,2351,121,2022-10-10,,True
6178,2351,54,2022-03-05,,True
6179,2352,107,2022-10-03,,True
6180,2352,92,2020-04-03,,True
6181,2352,78,2022-04-13,,True
6182,2352,32,2023-02-05,,True
6183,2353,103,2020-10-03,,True
6184,2353,136,2022-08-03,,True
6185,2353,117,2021-01-13,,True
6186,2353,57,2021-03-16,,True
6187,2354,4,2023-04-14,,True
6188,2354,27,2022-05-02,,True
6189,2354,92,2021-07-30,,True
6190,2355,4,2023-01-03,,True
6191,2355,17,2022-04-14,,True
6192,2355,10,2022-08-04,2024-07-14,False
6193,2355,120,2020-09-06,,True
6194,2355,123,2022-12-12,2025-01-17,False
6195,2356,81,2022-11-14,,True
6196,2356,130,2021-11-06,,True
6197,2356,60,2022-08-15,,True
6198,2357,57,2022-02-06,,True
6199,2357,77,2020-07-03,,True
6200,2357,62,2022-10-29,,True
6201,2358,123,2022-07-12,,True
6202,2358,57,2022-01-12,,True
6203,2358,81,2021-05-07,2022-09-30,False
6204,2358,61,2020-11-02,,True
6205,2358,122,2023-03-05,,True
6206,2359,123,2020-04-18,,True
6207,2359,92,2021-10-28,2024-10-15,False
6208,2359,4,2021-04-20,2022-05-05,False
6209,2359,57,2021-09-02,,True
6210,2360,64,2022-08-09,,True
6211,2360,92,2020-12-07,,True
6212,2360,75,2022-06-25,,True
6213,2361,122,2021-06-29,,True
6214,2361,118,2023-01-09,,True
6215,2361,57,2022-09-21,,True
6216,2362,81,2020-07-10,,True
6217,2362,31,2023-03-28,,True
6218,2362,18,2021-12-04,,True
6219,2362,123,2022-05-05,,True
6220,2363,57,2023-01-21,,True
6221,2363,79,2020-12-06,,True
6222,2363,64,2021-04-26,,True
6223,2363,51,2022-02-01,,True
6224,2364,51,2020-12-21,,True
6225,2364,81,2020-11-24,,True
6226,2364,77,2021-06-08,,True
6227,2364,18,2022-07-04,2024-05-20,False
6228,2365,94,2022-06-11,2025-06-07,False
6229,2365,123,2022-09-20,,True
6230,2365,120,2021-12-04,,True
6231,2366,17,2021-10-01,,True
6232,2366,92,2020-02-26,2022-10-30,False
6233,2366,97,2023-02-15,,True
6234,2366,77,2022-12-29,,True
6235,2366,61,2020-12-30,2022-06-08,False
6236,2366,3,2023-03-27,,True
6237,2368,57,2022-06-22,,True
6238,2368,81,2020-01-15,,True
6239,2368,123,2021-03-03,,True
6240,2368,31,2022-04-12,,True
6241,2368,4,2022-04-21,2024-08-13,False
6242,2368,77,2021-06-21,,True
6243,2369,94,2021-08-05,,True
6244,2369,64,2021-09-04,2023-01-24,False
6245,2369,92,2022-05-20,,True
6246,2369,5,2023-03-22,,True
6247,2370,49,2022-02-11,,True
6248,2370,4,2020-01-29,,True
6249,2370,57,2021-01-26,,True
6250,2370,31,2020-03-30,,True
6251,2371,59,2022-11-27,,True
6252,2371,4,2022-07-28,,True
6253,2371,64,2020-03-29,,True
6254,2372,77,2022-12-31,,True
6255,2372,32,2020-06-10,,True
6256,2372,92,2021-11-23,,True
6257,2372,81,2020-12-29,,True
6258,2372,122,2022-05-27,,True
6259,2372,120,2020-07-10,2021-12-10,False
6260,2374,62,2020-11-30,2023-05-08,False
6261,2374,65,2023-02-06,,True
6262,2374,147,2021-07-10,,True
6263,2375,145,2022-10-09,,True
6264,2375,57,2021-12-26,,True
6265,2375,123,2022-09-10,,True
6266,2377,124,2023-01-06,,True
6267,2377,57,2021-01-15,,True
6268,2377,120,2022-09-27,,True
6269,2378,29,2022-10-18,,True
6270,2378,1,2020-10-30,2022-09-15,False
6271,2378,46,2023-01-13,,True
6272,2378,116,2021-05-15,,True
6273,2378,18,2020-01-17,,True
6274,2378,93,2021-07-17,,True
6275,2379,51,2022-01-21,,True
6276,2379,139,2022-07-12,,True
6277,2379,10,2020-03-24,,True
6278,2379,31,2020-05-12,,True
6279,2382,120,2022-10-20,,True
6280,2382,92,2021-03-29,,True
6281,2382,76,2021-10-18,2024-07-25,False
6282,2382,129,2022-08-01,,True
6283,2382,32,2023-02-12,,True
6284,2383,119,2022-02-21,2023-10-14,False
6285,2383,9,2021-12-13,2023-01-07,False
6286,2383,75,2022-08-28,,True
6287,2383,67,2021-06-05,2024-04-24,False
6288,2384,123,2021-10-06,,True
6289,2384,18,2022-06-27,,True
6290,2384,8,2022-05-26,,True
6291,2384,77,2020-04-24,2023-03-07,False
6292,2384,49,2022-08-28,,True
6293,2385,49,2021-12-07,,True
6294,2385,18,2021-03-05,2023-09-21,False
6295,2385,57,2022-08-05,2024-02-22,False
6296,2385,32,2020-05-11,,True
6297,2385,9,2022-11-02,,True
6298,2386,49,2022-05-09,2024-11-03,False
6299,2386,18,2021-12-01,2023-05-28,False
6300,2386,91,2020-03-19,,True
6301,2386,123,2021-12-31,,True
6302,2386,77,2022-09-30,,True
6303,2388,120,2022-01-16,,True
6304,2388,92,2020-06-05,,True
6305,2388,31,2020-01-09,,True
6306,2388,77,2022-02-08,,True
6307,2389,49,2021-11-08,,True
6308,2389,14,2020-06-07,,True
6309,2389,20,2022-09-25,2025-09-09,False
6310,2389,77,2021-09-19,,True
6311,2389,120,2021-03-08,,True
6312,2389,4,2020-12-10,,True
6313,2390,77,2022-07-31,,True
6314,2390,64,2022-09-09,2024-12-12,False
6315,2390,120,2021-04-29,,True
6316,2391,120,2021-08-13,,True
6317,2391,68,2020-05-07,,True
6318,2391,122,2023-04-14,,True
6319,2391,4,2021-08-15,,True
6320,2391,72,2022-12-17,2023-12-31,False
6321,2392,22,2022-12-29,,True
6322,2392,18,2022-05-09,,True
6323,2392,150,2021-10-06,2023-08-04,False
6324,2392,85,2022-03-01,,True
6325,2392,73,2022-12-24,,True
6326,2393,59,2020-01-11,,True
6327,2393,46,2022-01-04,,True
6328,2393,4,2023-01-15,2024-05-19,False
6329,2393,64,2020-02-22,,True
6330,2395,57,2022-04-15,,True
6331,2395,122,2021-08-29,,True
6332,2395,18,2023-01-15,,True
6333,2395,119,2022-02-05,,True
6334,2395,120,2020-03-21,2022-04-26,False
6335,2396,4,2020-11-15,,True
6336,2396,31,2021-06-27,,True
6337,2396,49,2022-05-16,,True
6338,2396,18,2022-01-03,,True
6339,2396,16,2023-04-14,,True
6340,2397,31,2022-12-17,,True
6341,2397,121,2020-05-15,,True
6342,2397,64,2020-03-13,,True
6343,2397,123,2022-09-20,,True
6344,2398,51,2021-12-16,,True
6345,2398,54,2020-10-09,,True
6346,2398,4,2020-11-26,,True
6347,2400,2,2022-08-25,,True
6348,2400,149,2020-10-06,,True
6349,2400,123,2022-08-21,2025-05-29,False
6350,2401,64,2022-02-15,2024-05-03,False
6351,2401,6,2021-10-01,,True
6352,2401,4,2020-12-02,,True
6353,2401,18,2023-02-06,,True
6354,2402,78,2023-01-04,2024-10-01,False
6355,2402,120,2020-05-05,2022-12-15,False
6356,2402,17,2021-07-01,2023-01-03,False
6357,2402,77,2022-04-20,,True
6358,2402,49,2020-06-01,,True
6359,2403,49,2021-01-18,,True
6360,2403,31,2021-01-23,,True
6361,2403,81,2021-05-22,,True
6362,2403,57,2023-03-14,,True
6363,2403,93,2020-05-31,,True
6364,2403,123,2021-06-16,,True
6365,2404,64,2020-04-22,,True
6366,2404,77,2022-10-26,,True
6367,2404,7,2022-10-09,,True
6368,2404,92,2022-08-29,,True
6369,2405,31,2022-05-18,,True
6370,2405,122,2021-12-23,,True
6371,2405,87,2020-03-12,2022-03-16,False
6372,2405,133,2022-03-15,,True
6373,2405,83,2021-09-29,,True
6374,2406,123,2021-02-14,,True
6375,2406,81,2021-05-03,,True
6376,2406,135,2020-08-20,,True
6377,2406,64,2021-07-19,,True
6378,2406,32,2021-07-26,,True
6379,2407,4,2020-05-09,,True
6380,2407,80,2022-08-09,,True
6381,2407,147,2021-11-21,,True
6382,2409,123,2020-08-16,2023-06-01,False
6383,2409,64,2020-10-12,,True
6384,2409,81,2021-04-04,,True
6385,2409,122,2022-12-25,,True
6386,2410,32,2020-06-11,,True
6387,2410,77,2020-01-21,,True
6388,2410,4,2022-04-22,,True
6389,2410,64,2022-02-06,,True
6390,2412,103,2020-05-17,,True
6391,2412,56,2022-01-27,,True
6392,2412,48,2021-03-08,,True
6393,2413,81,2020-03-19,2022-06-30,False
6394,2413,49,2020-11-10,,True
6395,2413,57,2021-09-02,,True
6396,2413,120,2020-12-05,,True
6397,2413,65,2020-02-27,,True
6398,2414,49,2020-05-31,,True
6399,2414,122,2022-03-03,,True
6400,2414,120,2023-02-16,,True
6401,2414,57,2020-10-20,,True
6402,2414,92,2020-01-09,,True
6403,2416,127,2022-06-06,,True
6404,2416,30,2020-09-25,2021-10-08,False
6405,2416,32,2021-08-05,,True
6406,2416,4,2020-11-30,,True
6407,2417,38,2022-12-21,2024-05-25,False
6408,2417,120,2021-09-12,,True
6409,2417,51,2021-10-27,,True
6410,2417,21,2021-10-09,,True
6411,2417,90,2023-02-05,,True
6412,2418,96,2021-11-27,2023-08-29,False
6413,2418,49,2022-09-29,,True
6414,2418,2,2021-03-14,,True
6415,2418,55,2023-03-15,2025-08-06,False
6416,2418,32,2021-11-08,,True
6417,2418,123,2022-05-27,2023-08-03,False
6418,2419,106,2021-06-25,,True
6419,2419,120,2020-05-14,,True
6420,2419,49,2023-01-26,,True
6421,2419,122,2020-11-12,2022-03-14,False
6422,2419,77,2022-05-02,,True
6423,2419,81,2020-09-08,,True
6424,2420,20,2020-12-16,,True
6425,2420,56,2020-12-12,2023-10-06,False
6426,2420,4,2021-04-02,,True
6427,2420,92,2020-07-22,,True
6428,2424,122,2020-09-09,,True
6429,2424,31,2020-07-17,,True
6430,2424,32,2021-08-29,2024-08-20,False
6431,2424,57,2022-01-31,2023-03-12,False
6432,2424,13,2022-03-15,,True
6433,2428,18,2022-06-11,,True
6434,2428,4,2021-06-29,,True
6435,2428,57,2021-05-01,,True
6436,2429,64,2021-09-07,,True
6437,2429,31,2020-08-10,2023-08-02,False
6438,2429,51,2023-02-28,,True
6439,2429,18,2021-08-05,2023-07-25,False
6440,2436,122,2021-06-16,,True
6441,2436,73,2022-11-15,,True
6442,2436,32,2021-04-23,,True
6443,2436,92,2022-10-22,,True
6444,2437,80,2020-05-08,,True
6445,2437,62,2020-01-28,,True
6446,2437,57,2021-10-17,,True
6447,2437,120,2022-01-13,,True
6448,2438,77,2022-02-09,,True
6449,2438,122,2022-07-07,,True
6450,2438,9,2020-12-19,,True
6451,2439,122,2020-05-17,,True
6452,2439,123,2020-02-14,,True
6453,2439,64,2020-03-26,,True
6454,2440,92,2021-10-07,,True
6455,2440,26,2021-09-25,,True
6456,2440,64,2020-09-18,2023-06-28,False
6457,2441,64,2020-11-09,,True
6458,2441,92,2021-10-09,,True
6459,2441,4,2021-01-16,,True
6460,2441,51,2021-09-09,,True
6461,2442,122,2022-08-24,,True
6462,2442,123,2023-02-13,,True
6463,2442,92,2021-04-29,,True
6464,2442,31,2020-01-05,2021-10-02,False
6465,2442,57,2020-08-09,,True
6466,2443,44,2021-07-07,2022-07-29,False
6467,2443,51,2021-08-29,,True
6468,2443,140,2022-08-18,2025-06-24,False
6469,2443,4,2021-06-13,,True
6470,2445,33,2020-05-13,,True
6471,2445,50,2022-11-03,,True
6472,2445,2,2020-11-22,,True
6473,2445,63,2022-08-23,,True
6474,2446,81,2020-05-05,,True
6475,2446,64,2022-05-03,,True
6476,2446,77,2021-06-16,,True
6477,2447,57,2021-01-22,,True
6478,2447,51,2020-08-02,,True
6479,2447,109,2020-04-11,2022-07-20,False
6480,2447,49,2020-10-10,,True
6481,2449,120,2023-02-27,,True
6482,2449,64,2020-05-14,,True
6483,2449,125,2020-08-06,,True
6484,2449,77,2021-05-15,,True
6485,2450,64,2021-01-25,,True
6486,2450,122,2021-11-16,,True
6487,2450,131,2022-03-27,,True
6488,2450,120,2022-06-06,,True
6489,2450,76,2022-04-26,,True
6490,2450,18,2022-06-05,,True
6491,2451,15,2022-07-27,,True
6492,2451,123,2020-04-02,,True
6493,2451,49,2022-01-24,,True
6494,2451,141,2020-04-12,,True
6495,2451,51,2021-05-21,,True
6496,2451,82,2022-10-23,,True
6497,2452,79,2022-02-09,2024-02-20,False
6498,2452,62,2021-10-31,,True
6499,2453,85,2022-09-01,,True
6500,2453,32,2020-02-01,2021-04-06,False
6501,2453,123,2021-08-07,2024-05-23,False
6502,2454,70,2022-03-25,,True
6503,2454,64,2022-07-30,,True
6504,2454,28,2022-04-21,,True
6505,2454,101,2021-01-18,,True
6506,2454,60,2020-09-15,,True
6507,2454,32,2022-10-13,,True
6508,2455,57,2020-11-04,,True
6509,2455,100,2022-10-24,,True
6510,2455,31,2023-02-10,,True
6511,2455,143,2020-12-26,2022-02-22,False
6512,2455,91,2021-07-11,,True
6513,2456,147,2022-03-13,,True
6514,2456,81,2021-04-17,,True
6515,2456,83,2020-10-02,2022-03-12,False
6516,2457,54,2022-11-01,,True
6517,2457,39,2020-01-25,,True
6518,2457,64,2020-06-01,,True
6519,2457,81,2021-07-13,,True
6520,2460,51,2022-03-09,,True
6521,2460,133,2020-06-02,,True
6522,2460,49,2020-01-02,,True
6523,2460,32,2021-11-04,,True
6524,2460,73,2022-08-01,,True
6525,2461,51,2023-01-15,,True
6526,2461,64,2022-05-10,,True
6527,2461,120,2023-04-09,,True
6528,2462,32,2021-03-18,2022-07-01,False
6529,2462,57,2022-01-25,,True
6530,2463,18,2021-07-02,2022-12-01,False
6531,2463,140,2021-11-19,,True
6532,2463,49,2022-09-03,2023-10-11,False
6533,2465,64,2020-05-26,,True
6534,2465,141,2020-05-16,2021-05-19,False
6535,2465,58,2020-07-11,,True
6536,2465,140,2021-06-02,2022-07-26,False
6537,2466,96,2020-10-09,,True
6538,2466,14,2022-01-22,,True
6539,2466,32,2020-09-23,,True
6540,2466,122,2020-09-02,,True
6541,2466,123,2021-05-29,,True
6542,2467,122,2020-12-21,,True
6543,2467,60,2020-01-29,,True
6544,2467,64,2021-12-08,,True
6545,2467,14,2020-07-09,,True
6546,2467,51,2022-12-26,,True
6547,2467,113,2021-06-19,2023-03-16,False
6548,2468,122,2021-03-15,,True
6549,2468,123,2021-09-04,,True
6550,2468,92,2023-03-26,,True
6551,2469,77,2022-08-03,,True
6552,2469,31,2023-01-18,,True
6553,2469,14,2021-03-13,,True
6554,2469,45,2022-05-22,,True
6555,2472,32,2020-05-22,,True
6556,2472,4,2022-12-30,,True
6557,2472,18,2023-01-12,,True
6558,2474,18,2021-05-17,,True
6559,2474,65,2022-02-16,,True
6560,2474,147,2022-01-30,,True
6561,2475,92,2022-04-20,,True
6562,2475,18,2022-02-05,,True
6563,2475,4,2021-04-25,,True
6564,2475,51,2021-12-21,,True
6565,2475,32,2022-07-08,,True
6566,2476,56,2022-07-06,,True
6567,2476,32,2021-03-23,,True
6568,2476,49,2022-09-09,,True
6569,2477,92,2020-03-16,,True
6570,2477,4,2021-01-24,,True
6571,2477,26,2021-10-24,,True
6572,2477,95,2022-11-24,,True
6573,2478,72,2022-12-08,2024-12-29,False
6574,2478,65,2020-10-08,,True
6575,2478,147,2020-05-06,,True
6576,2479,49,2022-03-11,,True
6577,2479,139,2020-11-17,,True
6578,2479,120,2021-03-26,2024-01-12,False
6579,2479,32,2022-11-16,2024-06-20,False
6580,2479,57,2021-08-15,,True
6581,2479,114,2022-04-05,,True
6582,2480,31,2020-11-02,,True
6583,2480,120,2021-10-13,,True
6584,2480,49,2020-08-08,,True
6585,2480,92,2020-07-01,2022-06-15,False
6586,2481,55,2020-03-23,2021-09-12,False
6587,2481,112,2022-10-30,,True
6588,2481,18,2020-05-31,,True
6589,2482,82,2021-09-22,,True
6590,2482,18,2022-07-22,,True
6591,2482,120,2021-05-14,,True
6592,2483,85,2020-07-22,,True
6593,2483,133,2020-10-24,,True
6594,2483,26,2021-10-29,,True
6595,2483,65,2022-04-25,,True
6596,2484,64,2020-01-06,2022-04-11,False
6597,2484,57,2022-03-13,2025-01-24,False
6598,2484,31,2020-03-22,,True
6599,2484,122,2021-03-02,,True
6600,2484,49,2021-10-13,2023-12-04,False
6601,2484,77,2022-01-11,,True
6602,2542,94,2022-01-22,,True
6603,2542,66,2022-02-08,2023-09-01,False
6604,2542,63,2023-02-17,2024-07-06,False
6605,2543,13,2023-02-21,,True
6606,2543,67,2021-08-08,2024-03-20,False
6607,2543,60,2022-08-20,,True
6608,2544,88,2020-11-03,,True
6609,2544,52,2021-05-16,,True
6610,2544,8,2020-07-09,,True
6611,2544,20,2020-01-28,2022-12-18,False
6612,2546,13,2023-04-03,,True
6613,2546,17,2022-02-08,2024-12-02,False
6614,2547,94,2020-12-13,,True
6615,2547,126,2020-05-25,,True
6616,2547,6,2021-07-29,,True
6617,2547,118,2022-04-01,2023-11-04,False
6618,2547,63,2021-10-28,,True
6619,2548,33,2022-06-03,,True
6620,2548,67,2023-01-08,,True
6621,2548,50,2020-12-24,,True
6622,2548,66,2020-07-17,,True
6623,2549,67,2020-12-30,,True
6624,2549,6,2021-05-11,,True
6625,2549,50,2023-02-24,,True
6626,2553,51,2020-12-25,2023-12-15,False
6627,2553,57,2021-05-23,2024-05-12,False
6628,2553,81,2020-05-05,2022-03-08,False
6629,2553,18,2021-05-22,2023-03-20,False
6630,2554,14,2021-01-28,,True
6631,2554,67,2020-11-10,,True
6632,2554,94,2023-01-07,,True
6633,2555,124,2020-03-25,2022-05-28,False
6634,2555,8,2021-08-14,2023-05-16,False
6635,2555,101,2021-09-14,2022-10-13,False
6636,2555,88,2021-07-11,,True
6637,2555,20,2022-07-12,,True
6638,2556,63,2020-07-30,,True
6639,2556,60,2020-09-20,,True
6640,2557,92,2020-08-08,,True
6641,2557,59,2021-07-20,,True
6642,2557,89,2021-09-25,2023-10-25,False
6643,2557,67,2022-01-21,,True
6644,2557,33,2020-03-29,,True
6645,2558,66,2020-12-28,,True
6646,2558,49,2022-09-18,,True
6647,2558,67,2022-11-11,2025-06-07,False
6648,2558,116,2020-07-11,,True
6649,2560,67,2021-06-13,,True
6650,2560,6,2021-06-23,,True
6651,2560,14,2023-01-27,,True
6652,2561,63,2020-10-21,,True
6653,2561,50,2020-08-13,2022-01-11,False
6654,2561,67,2020-07-18,,True
6655,2562,102,2021-09-29,2024-08-31,False
6656,2562,83,2021-02-18,,True
6657,2562,94,2020-12-28,,True
6658,2562,13,2021-08-30,,True
6659,2562,141,2023-03-07,,True
6660,2562,60,2023-03-15,2025-08-09,False
6661,2563,66,2022-03-05,2024-08-14,False
6662,2563,28,2020-07-04,,True
6663,2563,71,2021-01-15,,True
6664,2564,148,2021-07-01,2023-04-28,False
6665,2564,20,2021-03-01,,True
6666,2564,143,2022-02-17,,True
6667,2564,88,2021-02-17,,True
6668,2566,55,2020-05-01,,True
6669,2566,79,2022-10-27,2024-12-31,False
6670,2566,88,2021-12-28,,True
6671,2566,101,2020-07-30,,True
6672,2566,8,2020-09-10,,True
6673,2567,33,2021-10-03,,True
6674,2567,39,2022-10-14,,True
6675,2567,6,2021-09-12,,True
6676,2567,14,2021-10-07,,True
6677,2567,63,2020-10-16,,True
6678,2569,63,2023-04-09,,True
6679,2569,60,2020-05-09,,True
6680,2570,33,2021-04-26,,True
6681,2570,75,2023-01-05,,True
6682,2570,6,2020-04-13,2021-07-10,False
6683,2571,63,2022-11-23,,True
6684,2571,66,2023-02-23,2025-04-25,False
6685,2571,50,2020-09-08,2022-04-18,False
6686,2571,94,2022-12-15,,True
6687,2571,14,2021-09-05,,True
6688,2571,1,2022-08-21,,True
6689,2572,98,2021-03-31,,True
6690,2572,14,2023-04-01,,True
6691,2572,67,2020-07-25,,True
6692,2572,33,2021-07-07,,True
6693,2573,33,2020-08-07,,True
6694,2573,94,2022-08-06,,True
6695,2574,67,2022-02-05,,True
6696,2574,94,2020-02-26,,True
6697,2574,14,2022-07-30,,True
6698,2575,50,2022-08-28,,True
6699,2575,66,2020-09-09,2022-04-03,False
6700,2575,13,2021-08-14,,True
6701,2578,67,2021-05-23,,True
6702,2578,111,2020-01-10,,True
6703,2578,45,2020-04-11,,True
6704,2578,148,2021-05-07,,True
6705,2578,88,2022-01-11,,True
6706,2578,66,2021-09-10,,True
6707,2581,55,2023-01-05,,True
6708,2581,141,2020-10-11,,True
6709,2581,45,2022-01-07,,True
6710,2581,8,2021-01-28,,True
6711,2581,148,2021-09-22,2023-05-15,False
6712,2581,124,2022-04-03,,True
6713,2582,94,2021-08-03,,True
6714,2582,63,2020-03-26,2023-03-07,False
6715,2582,114,2021-09-10,2023-06-30,False
6716,2584,148,2020-05-17,,True
6717,2584,146,2020-07-02,,True
6718,2584,103,2021-05-19,,True
6719,2585,66,2020-08-21,2022-07-27,False
6720,2585,6,2021-06-23,2023-04-15,False
6721,2585,22,2020-09-10,,True
6722,2585,33,2021-12-14,,True
6723,2587,6,2022-05-17,,True
6724,2587,2,2022-03-04,,True
6725,2587,67,2021-08-24,,True
6726,2587,126,2021-05-27,,True
6727,2587,14,2022-10-10,,True
6728,2588,105,2023-01-08,,True
6729,2588,130,2021-09-03,,True
6730,2588,67,2022-05-16,,True
6731,2588,94,2020-03-29,,True
6732,2588,50,2022-07-14,,True
6733,2590,6,2021-03-26,2022-06-10,False
6734,2590,44,2023-02-25,,True
6735,2590,50,2023-03-29,,True
6736,2590,14,2021-12-14,,True
6737,2592,57,2023-01-07,2024-08-09,False
6738,2592,50,2020-02-16,,True
6739,2592,79,2023-02-07,2025-04-06,False
6740,2593,88,2021-09-02,2022-10-02,False
6741,2593,124,2023-02-01,,True
6742,2594,101,2022-02-26,,True
6743,2594,124,2020-09-17,,True
6744,2594,45,2023-02-15,,True
6745,2594,148,2020-09-30,,True
6746,2595,55,2022-07-28,,True
6747,2595,88,2020-05-26,2022-06-22,False
6748,2595,40,2021-06-25,,True
6749,2595,148,2023-03-21,,True
6750,2597,45,2020-02-02,,True
6751,2597,88,2020-03-03,2022-12-02,False
6752,2597,8,2020-03-07,,True
6753,2599,82,2022-04-13,,True
6754,2599,13,2022-12-17,2025-02-12,False
6755,2599,94,2020-03-18,,True
6756,2599,63,2023-02-25,,True
6757,2599,47,2022-04-21,,True
6758,2600,124,2022-02-01,,True
6759,2600,47,2020-07-11,,True
6760,2600,8,2021-05-13,,True
6761,2602,8,2022-07-08,,True
6762,2602,115,2021-08-27,2022-12-12,False
6763,2602,147,2022-11-01,,True
6764,2602,101,2022-03-28,,True
6765,2604,94,2020-10-25,,True
6766,2604,60,2022-09-26,,True
6767,2604,116,2020-02-21,,True
6768,2606,66,2022-10-23,,True
6769,2606,8,2022-08-08,,True
6770,2606,14,2020-07-13,,True
6771,2609,124,2021-11-21,,True
6772,2609,138,2021-12-11,,True
6773,2609,79,2021-02-26,2022-11-19,False
6774,2611,55,2020-01-22,,True
6775,2611,45,2023-03-24,,True
6776,2611,101,2022-09-16,,True
6777,2611,148,2022-01-03,,True
6778,2612,6,2021-07-16,,True
6779,2612,134,2020-06-23,,True
6780,2612,33,2020-02-05,,True
6781,2612,63,2021-04-28,,True
6782,2612,13,2020-11-09,,True
6783,2613,94,2021-07-26,,True
6784,2613,63,2020-03-04,,True
6785,2613,118,2021-06-17,,True
6786,2613,13,2021-09-27,,True
6787,2613,6,2022-12-11,,True
6788,2616,148,2022-09-20,,True
6789,2616,124,2020-07-26,,True
6790,2616,61,2021-07-08,,True
6791,2617,101,2022-09-20,,True
6792,2617,8,2022-11-17,,True
6793,2617,88,2022-12-25,,True
6794,2618,123,2021-11-17,,True
6795,2618,6,2021-12-12,2023-12-17,False
6796,2618,66,2021-10-19,,True
6797,2618,145,2023-02-28,,True
6798,2619,60,2021-08-03,,True
6799,2619,9,2021-03-19,,True
6800,2619,50,2021-10-09,,True
6801,2619,6,2022-12-21,,True
6802,2620,6,2021-09-30,,True
6803,2620,62,2020-12-17,,True
6804,2620,63,2021-10-31,,True
6805,2620,25,2022-08-16,,True
6806,2621,75,2021-12-18,,True
6807,2621,55,2020-09-25,2022-02-24,False
6808,2621,88,2021-01-06,2022-10-17,False
6809,2621,124,2022-12-21,,True
6810,2622,122,2021-04-23,,True
6811,2622,18,2020-03-03,,True
6812,2622,77,2020-01-01,,True
6813,2622,64,2020-09-12,,True
6814,2622,123,2021-10-02,,True
6815,2624,67,2021-08-24,,True
6816,2624,6,2022-12-02,,True
6817,2624,72,2020-09-18,,True
6818,2624,63,2021-03-22,2023-04-03,False
6819,2624,71,2022-03-16,,True
6820,2624,94,2022-07-15,,True
6821,2625,14,2022-09-30,,True
6822,2625,74,2022-10-09,,True
6823,2625,50,2022-08-30,,True
6824,2626,63,2021-08-08,,True
6825,2626,6,2021-03-06,,True
6826,2626,66,2021-03-31,,True
6827,2626,33,2021-06-05,,True
6828,2626,14,2021-07-28,,True
6829,2626,8,2022-08-21,,True
6830,2627,60,2020-07-15,,True
6831,2627,73,2020-11-30,,True
6832,2627,62,2021-09-15,,True
6833,2627,63,2021-12-17,2024-11-08,False
6834,2628,63,2021-01-17,,True
6835,2628,67,2020-06-20,,True
6836,2628,33,2022-01-17,,True
6837,2628,100,2020-01-11,,True
6838,2629,55,2021-09-17,,True
6839,2629,67,2020-08-29,,True
6840,2629,73,2020-12-28,2023-10-09,False
6841,2631,20,2022-11-19,,True
6842,2631,61,2020-12-02,,True
6843,2631,148,2023-01-03,,True
6844,2634,97,2020-05-31,2022-12-08,False
6845,2634,60,2021-10-21,,True
6846,2634,67,2021-04-07,,True
6847,2637,63,2022-12-01,,True
6848,2637,66,2020-03-10,2023-02-27,False
6849,2637,60,2022-04-18,,True
6850,2638,82,2020-12-05,,True
6851,2638,14,2021-01-05,,True
6852,2638,33,2020-12-06,,True
6853,2638,60,2021-03-19,,True
6854,2638,99,2020-10-23,,True
6855,2641,24,2021-12-24,,True
6856,2641,33,2021-04-27,,True
6857,2641,100,2021-01-13,,True
6858,2641,6,2022-01-09,,True
6859,2642,33,2020-08-05,,True
6860,2642,14,2022-07-29,,True
6861,2642,50,2023-03-29,,True
6862,2642,57,2023-02-09,2025-07-31,False
6863,2642,63,2023-03-15,,True
6864,2643,45,2023-01-30,,True
6865,2643,20,2020-05-20,,True
6866,2643,88,2021-08-17,,True
6867,2643,138,2020-02-25,,True
6868,2643,8,2020-07-29,,True
6869,2643,124,2021-04-10,,True
6870,2644,81,2023-01-08,,True
6871,2644,60,2023-02-12,,True
6872,2644,67,2022-06-10,,True
6873,2644,50,2021-10-29,2023-03-23,False
6874,2644,129,2020-06-11,,True
6875,2644,33,2021-08-08,,True
6876,2647,58,2020-08-26,,True
6877,2647,24,2021-12-14,2024-07-02,False
6878,2647,33,2021-04-24,,True
6879,2647,94,2022-06-29,,True
6880,2648,14,2023-01-23,,True
6881,2648,66,2021-01-10,,True
6882,2649,124,2020-02-26,2022-12-17,False
6883,2649,1,2022-11-12,,True
6884,2649,8,2020-02-07,2022-07-21,False
6885,2649,101,2020-06-30,,True
6886,2649,45,2023-03-02,,True
6887,2650,14,2020-08-12,,True
6888,2650,2,2020-01-29,,True
6889,2650,63,2022-07-13,,True
6890,2651,51,2022-01-02,,True
6891,2651,47,2020-03-07,,True
6892,2651,67,2022-02-07,2024-10-18,False
6893,2651,41,2022-04-22,,True
6894,2651,7,2022-07-08,2023-07-24,False
6895,2652,67,2020-06-27,2021-10-21,False
6896,2652,66,2022-01-27,,True
6897,2652,60,2021-05-03,,True
6898,2654,13,2022-07-28,,True
6899,2654,50,2021-05-15,,True
6900,2654,66,2023-03-23,,True
6901,2657,66,2023-03-09,,True
6902,2658,50,2021-09-06,,True
6903,2658,33,2022-05-26,,True
6904,2658,13,2020-10-13,,True
6905,2658,80,2020-10-12,2022-08-10,False
6906,2658,63,2021-05-14,,True
6907,2659,148,2022-03-15,,True
6908,2659,42,2020-11-20,2023-01-09,False
6909,2659,55,2022-10-02,,True
6910,2659,20,2020-03-11,,True
6911,2659,101,2020-11-11,,True
6912,2662,46,2023-02-25,2024-11-10,False
6913,2662,6,2020-08-06,,True
6914,2662,129,2020-10-28,,True
6915,2662,4,2022-03-31,2024-07-04,False
6916,2663,67,2022-03-30,,True
6917,2663,63,2021-05-05,2023-08-12,False
6918,2664,55,2021-08-12,,True
6919,2664,24,2022-04-21,,True
6920,2664,61,2022-02-03,,True
6921,2664,148,2022-02-05,,True
6922,2664,8,2022-01-23,,True
6923,2664,88,2022-10-30,,True
6924,2665,117,2021-02-27,,True
6925,2665,51,2023-01-06,,True
6926,2665,148,2020-01-01,,True
6927,2665,60,2021-05-16,,True
6928,2665,67,2020-01-28,,True
6929,2667,20,2022-07-02,,True
6930,2667,105,2022-05-12,,True
6931,2667,45,2022-06-08,,True
6932,2667,148,2021-06-10,,True
6933,2667,55,2020-09-08,,True
6934,2669,57,2020-02-23,,True
6935,2669,92,2022-03-04,,True
6936,2669,41,2020-08-15,,True
6937,2672,14,2021-08-06,2024-06-23,False
6938,2672,66,2023-03-31,,True
6939,2672,13,2020-11-09,2023-10-28,False
6940,2672,60,2021-07-06,,True
6941,2673,14,2021-04-01,,True
6942,2673,90,2021-02-06,2023-11-01,False
6943,2673,79,2023-01-29,2024-03-26,False
6944,2673,13,2020-07-19,2021-10-18,False
6945,2673,102,2021-01-22,,True
6946,2676,83,2021-01-28,,True
6947,2676,125,2023-01-03,,True
6948,2676,51,2021-07-30,,True
6949,2676,58,2021-09-29,,True
6950,2677,67,2021-12-05,,True
6951,2677,6,2021-10-19,,True
6952,2677,140,2023-03-16,2024-10-21,False
6953,2677,14,2023-03-21,2025-05-20,False
6954,2678,67,2023-02-14,,True
6955,2678,33,2021-01-27,,True
6956,2678,6,2020-02-22,,True
6957,2678,27,2022-11-21,,True
6958,2678,94,2022-12-22,,True
6959,2679,135,2021-09-12,,True
6960,2679,14,2022-03-15,2023-11-21,False
6961,2679,13,2020-06-28,,True
6962,2680,55,2020-12-09,2022-10-09,False
6963,2680,150,2021-11-22,,True
6964,2680,20,2022-05-26,2024-07-13,False
6965,2680,97,2022-01-27,,True
6966,2680,101,2022-07-25,,True
6967,2680,88,2020-09-08,,True
6968,2681,60,2020-06-20,,True
6969,2681,67,2020-11-01,2022-01-23,False
6970,2684,33,2021-06-18,,True
6971,2684,63,2022-02-12,2023-05-02,False
6972,2685,33,2021-08-28,,True
6973,2685,63,2021-12-13,,True
6974,2685,14,2021-11-12,,True
6975,2685,50,2022-08-03,,True
6976,2686,94,2020-04-20,,True
6977,2686,50,2021-12-19,,True
6978,2686,60,2020-08-04,,True
6979,2686,63,2021-07-16,2024-02-25,False
6980,2686,145,2020-09-15,,True
6981,2686,67,2020-09-28,,True
6982,2687,33,2021-12-25,,True
6983,2687,64,2020-10-31,,True
6984,2687,63,2022-06-07,,True
6985,2687,85,2022-02-12,,True
6986,2688,127,2022-06-04,2024-04-09,False
6987,2688,6,2022-03-05,2023-10-12,False
6988,2688,14,2022-04-23,2024-04-23,False
6989,2688,50,2022-12-05,,True
6990,2691,6,2022-01-01,,True
6991,2691,94,2021-08-31,,True
6992,2691,66,2021-03-04,,True
6993,2691,131,2022-04-22,2025-03-08,False
6994,2692,69,2022-12-31,,True
6995,2692,106,2021-06-01,,True
6996,2692,126,2023-04-01,,True
6997,2692,136,2022-02-12,,True
6998,2692,50,2022-01-30,,True
6999,2692,148,2020-01-15,,True
7000,2697,6,2020-06-07,,True
7001,2697,32,2023-04-05,,True
7002,2697,67,2021-05-09,,True
7003,2698,126,2021-07-27,,True
7004,2698,60,2021-03-20,,True
7005,2698,137,2021-02-01,2022-07-05,False
7006,2698,33,2021-07-09,,True
7007,2698,63,2022-06-19,2024-12-21,False
7008,2701,121,2020-05-16,,True
7009,2701,45,2023-02-24,,True
7010,2701,68,2023-02-17,,True
7011,2701,101,2022-06-16,,True
7012,2702,63,2023-02-05,,True
7013,2702,67,2021-06-04,,True
7014,2702,6,2021-09-12,,True
7015,2702,49,2022-07-13,,True
7016,2702,120,2021-10-19,,True
7017,2702,43,2020-03-07,,True
7018,2703,9,2020-12-25,,True
7019,2703,55,2021-01-21,,True
7020,2703,101,2020-07-12,,True
7021,2704,6,2020-11-29,,True
7022,2704,100,2021-12-06,,True
7023,2704,63,2023-04-07,,True
7024,2705,63,2021-09-07,,True
7025,2705,101,2022-10-03,,True
7026,2705,88,2022-02-14,,True
7027,2705,148,2021-10-21,,True
7028,2705,20,2022-04-16,2025-03-03,False
7029,2706,101,2023-04-14,,True
7030,2706,20,2021-02-20,,True
7031,2706,148,2021-02-05,,True
7032,2706,45,2020-08-03,,True
7033,2710,67,2021-05-28,,True
7034,2710,60,2022-08-29,,True
7035,2710,94,2023-02-10,,True
7036,2711,94,2021-05-13,,True
7037,2711,133,2021-12-26,,True
7038,2711,50,2021-12-18,2023-06-24,False
7039,2711,60,2022-10-20,,True
7040,2711,33,2020-12-27,,True
7041,2711,52,2020-03-03,,True
7042,2712,106,2020-03-07,,True
7043,2712,45,2020-01-21,,True
7044,2712,88,2020-03-21,,True
7045,2712,124,2022-09-30,,True
7046,2715,20,2022-04-08,,True
7047,2715,124,2022-07-31,,True
7048,2715,8,2023-01-11,,True
7049,2715,76,2022-01-12,,True
7050,2715,142,2020-10-08,,True
7051,2718,63,2023-01-17,,True
7052,2718,81,2021-02-16,,True
7053,2718,60,2020-08-04,,True
7054,2718,67,2021-01-04,,True
7055,2718,14,2020-04-21,2021-12-19,False
7056,2721,124,2022-07-24,,True
7057,2721,131,2021-09-07,,True
7058,2721,20,2023-01-24,,True
7059,2723,66,2022-02-23,,True
7060,2723,33,2020-06-29,,True
7061,2723,116,2023-03-08,,True
7062,2723,14,2023-03-25,,True
7063,2723,10,2020-10-08,,True
7064,2723,102,2020-11-12,,True
7065,2725,33,2022-07-05,,True
7066,2725,40,2021-06-19,,True
7067,2725,32,2022-03-16,,True
7068,2725,66,2021-04-04,2022-08-19,False
7069,2732,125,2020-04-22,,True
7070,2732,77,2020-09-06,,True
7071,2732,23,2022-12-19,,True
7072,2732,51,2020-02-23,,True
7073,2733,94,2020-07-10,,True
7074,2733,33,2020-07-18,,True
7075,2733,63,2022-01-20,,True
7076,2733,66,2022-11-16,,True
7077,2736,45,2020-12-08,,True
7078,2736,8,2023-01-28,,True
7079,2736,124,2022-12-21,2025-01-05,False
7080,2739,99,2021-02-16,2023-09-30,False
7081,2739,60,2022-06-03,2023-10-10,False
7082,2739,55,2021-06-08,,True
7083,2739,61,2023-03-20,2025-08-13,False
7084,2742,28,2021-09-20,,True
7085,2742,49,2021-10-18,,True
7086,2742,120,2020-03-24,,True
7087,2742,21,2023-01-05,2025-03-18,False
7088,2742,64,2020-05-26,,True
7089,2742,18,2021-03-13,,True
7090,2745,94,2021-03-17,,True
7091,2745,67,2020-09-11,,True
7092,2745,82,2020-08-02,,True
7093,2745,63,2023-02-21,,True
7094,2745,21,2022-04-22,,True
7095,2746,108,2020-10-10,,True
7096,2746,63,2020-09-07,,True
7097,2746,14,2020-10-08,,True
7098,2747,6,2020-01-20,,True
7099,2747,67,2022-05-03,,True
7100,2747,29,2021-06-01,,True
7101,2747,33,2021-09-25,,True
7102,2747,94,2022-04-24,,True
7103,2748,114,2023-01-31,,True
7104,2748,136,2020-02-14,,True
7105,2748,24,2020-02-25,,True
7106,2748,138,2022-08-21,2023-12-02,False
7107,2748,107,2022-03-28,2024-08-19,False
7108,2749,55,2021-11-13,,True
7109,2749,101,2020-08-28,,True
7110,2749,103,2021-12-05,,True
7111,2749,124,2022-09-26,,True
7112,2750,78,2022-04-04,2025-02-01,False
7113,2750,127,2020-01-08,,True
7114,2751,131,2022-03-15,,True
7115,2751,149,2020-01-20,2022-02-05,False
7116,2751,58,2022-11-24,,True
7117,2751,93,2021-02-17,,True
7118,2752,78,2022-03-03,,True
7119,2752,52,2022-11-21,,True
7120,2752,117,2023-04-10,2024-11-04,False
7121,2753,119,2020-07-09,,True
7122,2753,24,2020-04-05,,True
7123,2753,28,2022-10-17,,True
7124,2753,145,2020-08-17,,True
7125,2754,147,2022-05-17,,True
7126,2754,65,2021-02-07,,True
7127,2755,127,2020-03-21,,True
7128,2755,98,2022-12-22,,True
7129,2755,78,2023-03-04,,True
7130,2755,82,2020-08-22,2022-07-01,False
7131,2756,57,2020-01-24,,True
7132,2756,51,2020-01-13,,True
7133,2756,110,2020-02-07,,True
7134,2757,64,2022-08-19,,True
7135,2757,91,2021-04-13,2023-12-02,False
7136,2757,95,2020-04-28,,True
7137,2757,96,2022-10-20,,True
7138,2757,9,2020-01-04,,True
7139,2758,28,2022-12-02,,True
7140,2758,145,2022-10-11,,True
7141,2758,149,2020-03-24,,True
7142,2759,103,2022-05-23,2023-06-07,False
7143,2759,3,2021-07-06,,True
7144,2759,21,2020-12-23,,True
7145,2759,17,2020-05-23,,True
7146,2759,12,2021-01-04,,True
7147,2760,34,2021-10-10,,True
7148,2760,118,2020-12-06,,True
7149,2760,22,2021-09-05,,True
7150,2760,61,2021-12-16,,True
7151,2761,105,2022-09-10,,True
7152,2761,114,2023-03-01,,True
7153,2761,42,2022-01-27,,True
7154,2761,82,2021-01-04,,True
7155,2761,135,2023-01-21,2024-04-11,False
7156,2762,125,2020-05-06,,True
7157,2762,100,2022-02-15,,True
7158,2762,22,2023-03-27,,True
7159,2762,102,2022-06-09,,True
7160,2801,31,2022-12-08,,True
7161,2801,125,2021-12-18,2024-06-07,False
7162,2801,123,2020-01-03,,True
7163,2801,64,2020-02-16,,True
7164,2802,1,2022-01-29,2024-04-07,False
7165,2802,127,2021-02-03,2022-03-02,False
7166,2802,143,2020-08-25,2021-12-14,False
7167,2802,91,2021-07-22,,True
7168,2803,117,2023-02-09,,True
7169,2803,52,2020-08-16,,True
7170,2803,127,2021-02-09,,True
7171,2805,18,2021-08-22,,True
7172,2805,4,2020-04-26,,True
7173,2805,112,2020-11-11,,True
7174,2805,98,2021-04-03,,True
7175,2805,57,2021-03-13,,True
7176,2805,31,2023-04-13,,True
7177,2806,52,2021-04-23,,True
7178,2806,117,2023-01-19,,True
7179,2806,134,2021-04-18,,True
7180,2807,25,2020-10-01,,True
7181,2807,62,2020-11-23,,True
7182,2807,101,2021-03-11,,True
7183,2807,78,2022-02-18,,True
7184,2807,19,2021-05-14,,True
7185,2807,97,2021-02-10,2022-06-10,False
7186,2808,52,2021-01-12,,True
7187,2808,146,2022-12-10,,True
7188,2808,115,2022-06-13,,True
7189,2810,78,2021-12-04,,True
7190,2810,52,2020-03-26,,True
7191,2810,1,2023-02-15,2024-07-03,False
7192,2810,117,2020-11-29,,True
7193,2811,129,2022-08-02,,True
7194,2811,134,2020-06-03,,True
7195,2811,116,2020-12-23,,True
7196,2812,116,2022-03-17,,True
7197,2812,12,2020-07-29,,True
7198,2812,135,2022-08-09,,True
7199,2812,19,2022-11-10,2024-04-12,False
7200,2813,126,2021-04-04,,True
7201,2813,90,2021-02-02,2022-08-22,False
7202,2813,43,2022-05-17,,True
7203,2813,78,2020-11-08,,True
7204,2814,78,2022-03-14,,True
7205,2814,13,2021-03-06,,True
7206,2814,130,2021-06-29,,True
7207,2814,117,2021-01-25,2022-12-26,False
7208,2816,52,2021-06-08,,True
7209,2816,78,2022-09-15,2025-04-21,False
7210,2816,1,2021-10-09,,True
7211,2818,78,2021-11-23,,True
7212,2818,84,2022-03-24,,True
7213,2818,121,2021-06-28,,True
7214,2820,126,2022-12-10,,True
7215,2820,117,2023-03-12,,True
7216,2820,144,2020-07-20,,True
7217,2820,127,2021-12-12,,True
7218,2820,52,2020-10-26,,True
7219,2820,132,2021-04-21,,True
7220,2821,78,2022-07-19,,True
7221,2821,6,2022-06-25,,True
7222,2821,117,2021-05-01,,True
7223,2823,78,2020-12-15,2022-11-30,False
7224,2823,117,2023-01-21,,True
7225,2823,119,2020-01-31,,True
7226,2824,82,2022-03-28,,True
7227,2824,132,2021-10-30,,True
7228,2826,30,2022-10-14,,True
7229,2826,50,2020-08-24,,True
7230,2826,127,2020-06-21,2021-09-29,False
7231,2826,117,2023-03-03,,True
7232,2827,149,2021-12-01,,True
7233,2827,1,2020-11-25,,True
7234,2827,117,2021-05-04,,True
7235,2827,74,2022-04-20,,True
7236,2828,60,2021-03-03,,True
7237,2828,82,2020-02-22,,True
7238,2828,78,2021-03-01,,True
7239,2828,52,2023-01-28,,True
7240,2828,127,2021-06-15,,True
7241,2831,1,2022-06-10,,True
7242,2831,8,2021-01-14,2022-07-31,False
7243,2831,78,2020-08-03,,True
7244,2831,117,2020-02-24,2021-06-29,False
7245,2832,82,2021-12-29,,True
7246,2832,78,2021-01-07,,True
7247,2833,82,2020-09-18,,True
7248,2833,1,2020-08-11,,True
7249,2833,15,2022-07-25,2023-07-25,False
7250,2833,22,2022-11-26,,True
7251,2834,127,2021-08-19,,True
7252,2834,36,2020-12-04,,True
7253,2834,117,2022-03-25,,True
7254,2834,78,2021-05-11,,True
7255,2834,82,2021-08-15,2024-07-14,False
7256,2835,66,2022-10-09,,True
7257,2835,120,2022-08-27,2023-12-15,False
7258,2835,51,2023-02-14,,True
7259,2835,13,2020-02-16,,True
7260,2836,128,2020-12-08,2022-10-28,False
7261,2836,93,2020-02-14,,True
7262,2836,82,2020-08-11,,True
7263,2836,69,2022-12-18,,True
7264,2837,1,2021-09-06,,True
7265,2837,52,2023-03-06,,True
7266,2837,120,2021-04-09,2023-03-08,False
7267,2838,4,2020-06-25,2022-08-18,False
7268,2838,123,2021-03-11,,True
7269,2838,81,2020-09-02,,True
7270,2838,96,2020-11-27,,True
7271,2838,103,2022-06-13,,True
7272,2839,27,2021-04-14,,True
7273,2839,72,2021-12-29,,True
7274,2839,129,2021-10-09,,True
7275,2840,33,2020-01-18,,True
7276,2840,1,2022-04-17,,True
7277,2840,57,2022-06-15,2023-06-15,False
7278,2840,127,2020-03-11,,True
7279,2840,130,2020-03-22,,True
7280,2841,82,2020-04-19,,True
7281,2841,42,2021-07-14,2023-09-15,False
7282,2841,1,2022-12-03,2024-03-25,False
7283,2841,52,2023-02-12,2024-07-27,False
7284,2842,127,2020-06-24,,True
7285,2842,12,2022-06-29,,True
7286,2842,94,2022-10-12,2025-01-02,False
7287,2842,15,2021-05-24,,True
7288,2843,117,2021-06-01,,True
7289,2843,52,2020-02-25,2021-11-19,False
7290,2843,127,2022-12-26,2024-08-07,False
7291,2843,78,2023-02-21,,True
7292,2844,83,2022-05-02,,True
7293,2844,1,2021-05-04,,True
7294,2844,52,2020-09-14,,True
7295,2845,82,2020-10-29,2022-06-12,False
7296,2845,118,2021-03-01,,True
7297,2845,1,2020-11-03,,True
7298,2845,14,2022-07-04,,True
7299,2845,52,2022-10-19,2025-09-28,False
7300,2846,82,2021-11-04,,True
7301,2846,76,2021-06-17,2022-11-14,False
7302,2846,52,2020-04-27,,True
7303,2846,142,2021-04-29,,True
7304,2847,103,2022-11-21,,True
7305,2847,117,2020-03-10,,True
7306,2847,50,2022-05-14,,True
7307,2847,43,2021-12-06,,True
7308,2847,52,2020-10-10,,True
7309,2848,82,2022-10-08,2025-04-14,False
7310,2848,52,2020-03-19,2022-11-21,False
7311,2848,78,2020-09-20,,True
7312,2849,1,2022-02-16,,True
7313,2849,82,2020-05-09,,True
7314,2849,81,2021-03-10,,True
7315,2849,146,2021-07-26,,True
7316,2849,52,2021-02-28,,True
7317,2850,78,2020-08-28,,True
7318,2850,82,2020-06-14,2021-07-21,False
7319,2850,81,2020-06-02,,True
7320,2850,67,2020-07-17,,True
7321,2850,117,2023-02-14,,True
7322,2850,127,2023-01-15,,True
7323,2851,32,2021-03-05,,True
7324,2851,72,2023-02-10,,True
7325,2851,129,2022-02-15,,True
7326,2851,116,2021-03-21,,True
7327,2852,80,2021-10-06,,True
7328,2852,127,2020-02-08,,True
7329,2852,90,2022-08-30,,True
7330,2852,6,2022-11-19,,True
7331,2854,16,2022-01-08,2024-04-06,False
7332,2854,10,2020-10-27,,True
7333,2854,78,2022-05-05,2024-10-26,False
7334,2854,127,2021-06-17,,True
7335,2855,120,2022-08-13,2024-12-26,False
7336,2855,72,2021-01-12,2022-08-09,False
7337,2855,129,2020-09-20,,True
7338,2859,127,2022-04-28,,True
7339,2859,82,2022-01-12,,True
7340,2859,1,2020-05-08,,True
7341,2859,117,2023-01-18,,True
7342,2859,78,2021-11-05,,True
7343,2861,78,2022-03-14,,True
7344,2861,52,2022-06-01,,True
7345,2861,24,2020-01-03,,True
7346,2862,117,2022-05-13,2024-08-21,False
7347,2862,127,2021-05-25,2024-01-05,False
7348,2862,147,2020-11-06,,True
7349,2863,52,2021-02-04,,True
7350,2863,47,2021-09-17,2023-08-23,False
7351,2863,117,2020-11-17,,True
7352,2863,92,2022-06-22,2024-12-09,False
7353,2865,36,2021-08-07,,True
7354,2865,52,2022-10-12,,True
7355,2865,1,2020-12-16,,True
7356,2865,103,2021-12-23,,True
7357,2866,117,2022-02-04,,True
7358,2866,99,2022-04-09,,True
7359,2866,108,2021-11-17,,True
7360,2867,67,2020-09-11,,True
7361,2867,127,2021-01-12,,True
7362,2867,1,2020-02-13,,True
7363,2867,52,2020-11-20,,True
7364,2867,32,2020-07-26,,True
7365,2868,14,2020-02-26,,True
7366,2868,117,2021-11-19,,True
7367,2868,54,2022-12-16,2024-01-07,False
7368,2868,127,2023-04-10,,True
7369,2871,82,2021-07-02,,True
7370,2871,111,2020-03-27,,True
7371,2871,117,2021-11-25,2023-01-09,False
7372,2872,102,2021-09-30,,True
7373,2872,1,2022-09-21,,True
7374,2872,62,2020-05-04,,True
7375,2872,130,2022-07-23,,True
7376,2872,127,2020-09-28,,True
7377,2873,39,2022-12-30,,True
7378,2873,117,2021-05-15,,True
7379,2873,93,2022-09-19,,True
7380,2873,127,2020-09-25,2023-07-30,False
7381,2873,82,2021-08-20,,True
7382,2874,1,2021-11-10,,True
7383,2874,117,2020-09-01,,True
7384,2874,82,2021-02-05,,True
7385,2875,52,2020-08-18,2021-12-30,False
7386,2875,117,2022-04-07,,True
7387,2875,146,2022-05-03,2024-12-04,False
7388,2875,1,2022-05-26,,True
7389,2875,82,2020-08-31,,True
7390,2876,78,2020-02-16,,True
7391,2876,106,2021-02-20,,True
7392,2876,12,2020-06-20,,True
7393,2877,117,2020-08-08,2022-07-23,False
7394,2877,82,2020-09-12,,True
7395,2877,78,2022-03-09,2023-08-08,False
7396,2878,114,2021-02-16,,True
7397,2878,70,2021-03-13,2022-11-19,False
7398,2878,127,2020-06-30,,True
7399,2878,1,2023-02-16,2025-03-31,False
7400,2879,117,2022-02-12,2023-02-25,False
7401,2879,1,2022-03-18,,True
7402,2879,78,2023-01-12,,True
7403,2879,137,2022-10-04,2025-09-09,False
7404,2879,127,2021-01-26,,True
7405,2879,52,2020-03-05,,True
7406,2880,70,2022-04-06,,True
7407,2880,82,2021-05-12,2023-01-27,False
7408,2880,127,2021-04-12,,True
7409,2880,119,2021-03-05,,True
7410,2882,123,2020-08-14,,True
7411,2882,64,2023-01-12,,True
7412,2882,51,2021-05-17,2023-05-05,False
7413,2882,60,2022-01-29,2023-11-27,False
7414,2883,127,2020-07-03,,True
7415,2883,52,2020-12-06,,True
7416,2883,78,2021-06-30,,True
7417,2883,132,2023-03-27,,True
7418,2886,17,2021-09-04,,True
7419,2886,49,2020-09-25,,True
7420,2886,32,2021-11-15,2024-10-07,False
7421,2887,49,2020-12-29,,True
7422,2887,122,2020-03-19,,True
7423,2887,108,2022-09-07,2023-10-06,False
7424,2888,95,2020-12-17,,True
7425,2888,146,2021-12-02,,True
7426,2888,81,2020-04-28,,True
7427,2888,51,2023-03-07,,True
7428,2888,4,2020-03-06,,True
7429,2889,101,2022-06-05,2023-12-13,False
7430,2889,136,2021-10-15,,True
7431,2889,18,2020-04-10,,True
7432,2890,122,2022-05-29,,True
7433,2890,78,2023-02-12,,True
7434,2890,1,2020-08-29,2022-03-26,False
7435,2890,52,2020-07-02,,True
7436,2890,74,2020-09-28,,True
7437,2891,37,2022-04-08,2023-11-23,False
7438,2891,127,2021-12-29,,True
7439,2891,27,2022-12-03,,True
7440,2892,58,2021-11-11,,True
7441,2892,36,2022-01-07,,True
7442,2892,9,2021-08-22,,True
7443,2892,127,2020-05-14,,True
7444,2893,52,2023-01-29,,True
7445,2893,1,2022-09-30,,True
7446,2893,123,2020-01-04,,True
7447,2893,13,2020-02-24,,True
7448,2893,117,2022-08-05,,True
7449,2894,1,2021-07-31,,True
7450,2894,117,2022-06-06,,True
7451,2895,4,2021-01-25,,True
7452,2895,51,2021-06-12,,True
7453,2895,18,2022-08-18,2024-01-08,False
7454,2895,123,2023-03-04,2026-01-19,False
7455,2895,57,2022-11-10,,True
7456,2896,33,2021-12-02,,True
7457,2896,31,2023-01-25,,True
7458,2896,102,2020-11-05,2023-07-24,False
7459,2896,51,2021-08-31,,True
7460,2896,93,2022-03-04,2023-12-04,False
7461,2899,78,2021-01-13,,True
7462,2899,41,2020-02-25,2022-11-04,False
7463,2899,65,2022-11-30,,True
7464,2899,11,2021-12-25,,True
7465,2899,127,2020-12-16,2023-02-14,False
7466,2899,1,2022-05-28,,True
7467,2900,92,2021-09-18,,True
7468,2900,51,2020-12-19,2023-11-04,False
7469,2900,43,2023-01-30,,True
7470,2902,1,2021-03-20,,True
7471,2902,13,2020-05-11,2022-02-01,False
7472,2902,56,2020-12-22,,True
7473,2902,52,2021-01-05,,True
7474,2903,29,2020-05-24,2021-08-07,False
7475,2903,114,2021-09-06,,True
7476,2903,75,2023-01-01,,True
7477,2904,1,2020-02-10,2022-10-13,False
7478,2904,117,2021-05-22,,True
7479,2904,78,2020-03-21,,True
7480,2904,92,2022-12-04,,True
7481,2906,1,2020-10-07,,True
7482,2906,82,2022-01-23,,True
7483,2906,117,2021-01-20,,True
7484,2906,26,2022-12-29,,True
7485,2909,117,2021-02-12,,True
7486,2909,82,2022-08-20,2024-01-14,False
7487,2909,41,2021-06-30,,True
7488,2911,47,2020-10-11,,True
7489,2911,52,2021-03-29,,True
7490,2911,39,2021-08-16,,True
7491,2911,117,2023-02-23,,True
7492,2911,101,2021-10-13,,True
7493,2912,32,2022-08-16,2024-10-20,False
7494,2912,33,2021-10-01,,True
7495,2912,72,2022-06-19,,True
7496,2915,37,2021-01-01,,True
7497,2915,88,2021-04-19,,True
7498,2915,35,2022-07-13,,True
7499,2915,78,2022-07-20,,True
7500,2915,127,2021-01-25,,True
7501,2916,78,2020-02-01,,True
7502,2916,117,2021-02-11,,True
7503,2916,52,2022-01-11,,True
7504,2916,82,2020-11-28,2023-09-23,False
7505,2918,1,2020-04-22,2022-12-08,False
7506,2918,81,2022-05-15,,True
7507,2918,82,2022-05-06,,True
7508,2920,117,2020-02-11,,True
7509,2920,46,2020-09-06,,True
7510,2920,1,2021-09-27,2024-07-30,False
7511,2920,127,2021-09-11,2022-11-22,False
7512,2920,78,2021-02-06,2022-07-26,False
7513,2921,123,2020-08-09,,True
7514,2921,127,2022-01-31,,True
7515,2922,111,2022-01-28,2023-06-04,False
7516,2922,117,2021-03-01,,True
7517,2922,82,2022-02-04,,True
7518,2923,116,2021-03-22,,True
7519,2923,142,2021-10-31,,True
7520,2923,78,2022-09-29,,True
7521,2923,117,2021-02-20,,True
7522,2924,117,2020-03-22,2021-12-28,False
7523,2924,127,2020-05-21,,True
7524,2924,52,2021-01-16,2022-02-21,False
7525,2925,82,2022-05-25,2024-03-20,False
7526,2925,112,2021-03-27,,True
7527,2925,117,2020-08-12,,True
7528,2926,136,2021-04-06,,True
7529,2926,92,2022-01-08,,True
7530,2926,78,2022-04-02,,True
7531,2927,52,2022-01-18,,True
7532,2927,1,2022-02-19,,True
7533,2928,127,2020-11-02,,True
7534,2928,141,2020-04-04,,True
7535,2928,78,2021-05-18,,True
7536,2928,82,2020-01-30,,True
7537,2928,1,2021-09-22,2023-06-07,False
7538,2930,127,2021-02-19,,True
7539,2930,134,2022-07-12,,True
7540,2930,137,2022-04-03,,True
7541,2931,127,2020-10-13,,True
7542,2931,117,2022-06-30,,True
7543,2931,82,2022-04-18,,True
7544,2931,52,2020-02-10,,True
7545,2933,109,2022-09-22,,True
7546,2933,4,2022-01-17,,True
7547,2933,81,2022-05-15,,True
7548,2933,92,2020-04-26,,True
7549,2933,120,2022-04-16,,True
7550,2936,48,2022-01-15,,True
7551,2936,117,2022-01-24,,True
7552,2936,1,2022-04-10,2023-11-28,False
7553,2936,78,2023-02-09,,True
7554,2936,118,2020-01-22,,True
7555,2936,52,2022-12-07,2025-10-28,False
7556,2937,11,2022-12-29,,True
7557,2937,23,2022-05-23,,True
7558,2937,124,2021-02-22,,True
7559,2937,42,2022-12-12,,True
7560,2937,4,2020-08-03,,True
7561,2937,32,2022-05-24,,True
7562,2939,52,2021-04-14,,True
7563,2939,117,2021-02-08,,True
7564,2939,82,2022-03-17,,True
7565,2939,80,2021-12-25,,True
7566,2939,127,2021-05-28,,True
7567,2941,1,2022-11-12,,True
7568,2941,78,2022-07-15,,True
7569,2942,15,2021-06-11,,True
7570,2942,127,2020-09-04,,True
7571,2942,82,2021-03-12,,True
7572,2942,78,2022-07-17,,True
7573,2942,57,2022-02-06,,True
7574,2943,127,2022-06-20,2023-07-10,False
7575,2943,126,2023-02-07,,True
7576,2943,87,2022-02-18,,True
7577,2944,52,2023-01-27,,True
7578,2944,78,2021-02-07,,True
7579,2944,123,2023-02-02,,True
7580,2944,55,2020-06-17,,True
7581,2944,1,2020-09-30,,True
7582,2945,18,2022-11-10,,True
7583,2945,120,2020-03-05,,True
7584,2945,51,2020-11-03,2023-07-15,False
7585,2946,128,2022-02-03,,True
7586,2946,77,2021-10-30,,True
7587,2946,1,2021-08-12,,True
7588,2946,78,2022-10-06,2024-04-18,False
7589,2947,117,2023-02-08,,True
7590,2947,78,2022-07-14,,True
7591,2947,24,2020-07-10,,True
7592,2948,115,2021-05-26,,True
7593,2948,52,2023-03-30,,True
7594,2948,82,2020-03-26,2023-01-13,False
7595,2949,47,2022-03-29,2023-07-17,False
7596,2949,109,2021-06-01,2023-07-05,False
7597,2949,67,2022-10-25,,True
7598,2949,1,2020-11-17,,True
7599,2950,82,2021-07-31,2023-10-24,False
7600,2950,70,2022-08-28,,True
7601,2950,121,2022-12-27,,True
7602,2950,127,2023-02-15,,True
7603,2953,82,2021-04-26,2023-02-03,False
7604,2953,117,2022-03-02,,True
7605,2953,49,2020-12-12,,True
7606,2955,82,2020-11-30,,True
7607,2955,117,2022-09-29,,True
7608,2956,132,2020-04-20,2021-06-19,False
7609,2956,72,2021-10-21,2022-12-01,False
7610,2956,129,2021-11-01,2024-10-15,False
7611,2956,27,2020-09-08,,True
7612,2957,78,2020-08-19,,True
7613,2957,28,2022-09-12,2024-05-10,False
7614,2957,117,2021-02-14,,True
7615,2957,127,2021-11-17,,True
7616,2958,48,2022-02-26,,True
7617,2958,82,2023-03-06,,True
7618,2958,101,2020-09-27,,True
7619,2958,52,2020-10-15,,True
7620,2958,117,2023-02-24,,True
7621,2958,1,2021-03-02,,True
7622,2959,82,2021-03-09,,True
7623,2959,78,2020-11-07,,True
7624,2960,52,2022-10-10,,True
7625,2960,82,2021-04-12,2023-01-29,False
7626,2960,127,2023-03-26,,True
7627,2961,117,2022-12-24,,True
7628,2961,132,2021-08-18,,True
7629,2961,127,2020-06-11,,True
7630,2961,78,2021-06-29,,True
7631,2962,102,2023-02-14,,True
7632,2962,4,2021-05-14,2022-08-30,False
7633,2962,77,2021-06-03,,True
7634,2962,1,2021-12-24,,True
7635,2962,122,2020-04-07,,True
7636,2963,1,2023-04-14,,True
7637,2963,138,2021-01-24,,True
7638,2963,127,2020-11-15,2022-06-08,False
7639,2963,116,2020-12-11,2023-09-11,False
7640,2963,52,2020-10-30,,True
7641,2964,89,2020-09-01,,True
7642,2964,117,2020-08-18,,True
7643,2964,78,2022-11-13,,True
7644,2964,82,2020-07-19,,True
7645,2965,64,2022-12-27,,True
7646,2965,11,2020-09-11,,True
7647,2965,31,2022-01-07,,True
7648,2966,117,2020-02-15,,True
7649,2966,78,2022-10-10,,True
7650,2966,22,2020-10-17,,True
7651,2967,78,2022-07-29,,True
7652,2967,135,2021-07-21,2023-09-23,False
7653,2967,7,2020-06-13,,True
7654,2967,82,2022-03-01,,True
7655,2967,117,2020-02-16,,True
7656,2968,82,2021-04-10,,True
7657,2968,78,2020-08-31,2022-10-24,False
7658,2968,1,2020-03-13,2021-05-21,False
7659,2968,127,2021-11-09,,True
7660,2968,117,2022-12-31,,True
7661,2969,82,2023-04-05,,True
7662,2969,127,2023-03-20,2025-12-10,False
7663,2969,1,2020-05-18,2021-05-25,False
7664,2969,78,2022-02-20,,True
7665,2970,78,2022-11-23,,True
7666,2970,82,2023-02-15,2025-10-08,False
7667,2970,39,2020-05-28,,True
7668,2970,1,2021-11-01,,True
7669,2971,64,2020-10-25,,True
7670,2971,99,2021-07-08,,True
7671,2971,104,2022-06-09,,True
7672,2972,78,2020-08-27,,True
7673,2972,87,2022-04-18,,True
7674,2972,117,2020-09-28,2022-04-29,False
7675,2973,35,2021-07-24,,True
7676,2973,103,2021-07-22,,True
7677,2973,117,2021-03-06,,True
7678,2973,91,2020-08-31,,True
7679,2973,1,2022-07-26,,True
7680,2973,82,2023-01-01,,True
7681,2974,122,2020-07-29,,True
7682,2974,80,2023-04-04,,True
7683,2974,127,2021-12-16,2023-03-01,False
7684,2974,32,2020-08-29,,True
7685,2974,13,2022-05-24,,True
7686,2974,1,2020-02-17,,True
7687,2975,78,2020-09-11,,True
7688,2975,117,2022-02-21,,True
7689,2975,1,2021-11-13,,True
7690,2976,4,2022-01-22,,True
7691,2976,78,2021-03-14,2022-06-08,False
7692,2976,47,2022-09-23,,True
7693,2977,129,2022-04-17,2023-08-31,False
7694,2977,73,2022-02-15,2023-05-14,False
7695,2978,97,2023-02-15,2024-11-24,False
7696,2978,72,2022-04-27,2024-11-04,False
7697,2979,144,2022-09-17,,True
7698,2979,78,2021-02-08,,True
7699,2979,111,2021-02-04,2023-11-30,False
7700,2979,117,2021-09-13,,True
7701,2980,117,2020-03-06,2022-10-24,False
7702,2980,82,2020-12-27,,True
7703,2980,127,2020-07-26,,True
7704,2981,143,2021-09-24,2023-11-21,False
7705,2981,112,2023-01-23,,True
7706,2981,97,2022-12-07,,True
7707,2981,27,2020-04-29,,True
7708,2981,116,2020-12-09,,True
7709,2982,127,2022-12-26,,True
7710,2982,82,2021-05-22,2024-05-20,False
7711,2982,117,2020-01-04,2022-07-11,False
7712,2982,28,2021-11-25,,True
7713,2983,82,2020-06-20,2022-03-22,False
7714,2983,1,2021-05-04,,True
7715,2983,117,2021-08-03,,True
7716,2984,143,2022-01-21,,True
7717,2984,52,2020-01-13,,True
7718,2984,125,2020-11-02,,True
7719,2985,96,2020-07-27,,True
7720,2985,52,2020-07-10,,True
7721,2985,140,2022-06-15,,True
7722,2985,127,2022-02-15,,True
7723,2985,57,2020-07-07,2022-01-17,False
7724,2987,82,2022-03-20,,True
7725,2987,78,2023-03-03,,True
7726,2987,52,2022-02-22,,True
7727,2987,109,2022-12-04,2025-04-24,False
7728,2987,96,2023-04-13,,True
7729,2988,121,2021-03-11,,True
7730,2988,27,2021-05-08,,True
7731,2988,105,2021-09-20,,True
7732,2988,97,2021-08-09,,True
7733,2989,136,2021-03-02,,True
7734,2989,18,2020-12-23,,True
7735,2989,32,2020-04-26,,True
7736,2990,127,2021-07-11,,True
7737,2990,1,2022-03-11,2025-01-29,False
7738,2990,78,2022-11-10,,True
7739,2991,82,2021-03-16,,True
7740,2991,146,2020-09-19,2023-03-24,False
7741,2991,52,2020-12-06,,True
7742,2991,127,2020-09-17,,True
7743,2991,117,2020-01-25,,True
7744,2992,94,2021-10-17,2022-10-31,False
7745,2992,52,2021-01-09,,True
7746,2992,1,2022-01-04,2023-01-16,False
7747,2993,83,2020-02-26,2021-05-02,False
7748,2993,78,2021-05-25,,True
7749,2993,1,2021-06-06,,True
7750,2994,127,2021-08-12,,True
7751,2994,1,2022-01-14,2024-02-29,False
7752,2994,52,2022-09-14,,True
7753,2995,11,2022-12-05,,True
7754,2995,129,2022-12-03,2024-05-14,False
7755,2996,27,2020-08-19,,True
7756,2996,129,2020-02-22,,True
7757,2996,72,2020-05-13,2021-06-23,False
7758,2996,44,2023-04-05,,True
7759,2997,127,2021-10-15,,True
7760,2997,117,2020-04-28,2023-03-23,False
7761,2997,78,2021-08-04,,True
7762,2997,1,2020-10-07,,True
7763,2997,37,2023-01-30,,True
7764,2997,7,2020-06-13,,True
7765,2998,41,2022-04-04,2023-04-19,False
7766,2998,77,2022-05-30,2023-12-08,False
7767,2998,51,2021-09-22,,True
7768,2998,102,2021-11-27,2023-05-18,False
7769,2998,18,2020-09-14,,True
7770,2999,82,2020-09-18,,True
7771,2999,6,2022-05-31,,True
7772,3000,78,2021-09-29,2023-07-10,False
7773,3000,82,2020-07-23,,True
7774,3000,115,2022-04-02,,True
7775,3000,127,2021-04-13,2022-11-24,False
7776,3001,117,2020-04-11,,True
7777,3001,127,2020-04-29,,True
7778,3001,10,2020-12-26,,True
7779,3001,1,2021-05-03,,True
7780,3001,52,2021-12-14,,True
7781,3004,82,2021-06-06,,True
7782,3004,127,2021-03-12,,True
7783,3004,52,2022-01-18,2024-09-18,False
7784,3005,127,2021-10-10,2023-06-21,False
7785,3005,54,2021-07-15,,True
7786,3005,117,2022-05-15,,True
7787,3005,1,2021-06-30,,True
7788,3006,127,2021-01-30,2022-04-29,False
7789,3006,52,2021-10-29,,True
7790,3006,1,2021-12-09,,True
7791,3006,39,2020-05-26,2022-09-04,False
7792,3006,117,2022-09-04,2024-01-03,False
7793,3007,1,2022-06-26,,True
7794,3007,78,2022-10-01,,True
7795,3007,87,2021-12-29,,True
7796,3007,108,2022-06-30,2024-01-18,False
7797,3007,82,2022-08-30,,True
7798,3008,122,2021-03-18,2023-12-15,False
7799,3008,32,2023-01-27,2024-03-20,False
7800,3008,55,2021-06-23,,True
7801,3008,123,2021-02-19,,True
7802,3008,50,2022-03-13,,True
7803,3008,25,2021-05-24,,True
7804,3011,52,2022-06-07,,True
7805,3011,78,2021-03-02,,True
7806,3011,82,2022-08-30,,True
7807,3012,27,2022-08-15,,True
7808,3012,18,2020-09-22,,True
7809,3012,72,2021-08-18,,True
7810,3012,129,2022-04-17,2024-01-11,False
7811,3013,79,2022-02-27,,True
7812,3013,52,2022-07-14,,True
7813,3013,108,2021-10-30,,True
7814,3015,82,2021-10-31,,True
7815,3015,52,2022-03-18,,True
7816,3015,127,2023-02-05,,True
7817,3015,148,2021-01-09,,True
7818,3016,82,2022-07-01,2025-03-23,False
7819,3016,117,2022-07-04,,True
7820,3016,3,2020-01-26,,True
7821,3017,134,2021-07-08,,True
7822,3017,52,2022-06-10,2023-11-21,False
7823,3017,1,2021-08-04,2023-08-11,False
7824,3018,37,2022-11-09,,True
7825,3018,117,2022-04-23,,True
7826,3018,52,2021-03-14,,True
7827,3018,1,2021-09-24,2024-03-19,False
7828,3018,84,2022-09-07,,True
7829,3019,111,2022-01-24,,True
7830,3019,1,2020-10-09,2022-08-01,False
7831,3019,78,2021-02-28,,True
7832,3020,1,2022-11-28,,True
7833,3020,78,2022-05-03,2024-11-17,False
7834,3020,99,2021-01-26,,True
7835,3020,3,2020-03-09,,True
7836,3021,78,2020-11-09,2022-02-20,False
7837,3021,32,2021-08-07,,True
7838,3021,1,2020-05-28,,True
7839,3021,127,2022-07-15,,True
7840,3022,88,2022-01-10,,True
7841,3022,137,2023-01-03,,True
7842,3022,127,2023-03-14,,True
7843,3022,82,2021-09-22,,True
7844,3023,82,2021-03-10,,True
7845,3023,136,2022-01-13,,True
7846,3023,117,2021-08-24,,True
7847,3024,82,2021-11-23,,True
7848,3024,127,2021-08-11,,True
7849,3025,127,2021-05-31,,True
7850,3025,1,2021-02-08,,True
7851,3025,4,2023-01-19,,True
7852,3025,78,2020-02-16,,True
7853,3029,83,2020-07-07,,True
7854,3029,52,2022-11-24,,True
7855,3029,15,2020-09-17,,True
7856,3030,52,2021-06-09,,True
7857,3030,22,2022-10-23,,True
7858,3030,19,2023-01-02,,True
7859,3031,127,2020-12-19,,True
7860,3031,82,2021-12-26,,True
7861,3032,57,2021-09-18,2023-10-24,False
7862,3032,51,2021-10-02,,True
7863,3032,37,2020-03-21,,True
7864,3034,1,2020-07-11,,True
7865,3034,117,2021-06-20,,True
7866,3034,127,2020-08-07,2023-06-11,False
7867,3034,47,2021-08-31,,True
7868,3035,78,2022-12-23,,True
7869,3035,1,2022-07-05,,True
7870,3035,117,2021-11-13,,True
7871,3035,82,2021-08-09,2023-09-05,False
7872,3035,27,2020-08-01,,True
7873,3036,117,2020-02-15,2022-10-12,False
7874,3036,24,2022-05-10,,True
7875,3037,117,2021-03-03,,True
7876,3037,26,2020-06-04,,True
7877,3037,78,2022-10-15,,True
7878,3037,127,2021-05-18,,True
7879,3038,52,2020-01-06,,True
7880,3038,1,2021-06-20,,True
7881,3038,70,2021-07-02,2022-08-21,False
7882,3040,127,2021-04-06,,True
7883,3040,149,2021-01-25,,True
7884,3040,87,2021-08-09,,True
7885,3040,78,2020-11-06,,True
7886,3041,63,2020-01-12,,True
7887,3041,45,2022-04-25,,True
7888,3041,82,2022-07-07,,True
7889,3041,56,2021-01-22,,True
7890,3041,78,2021-10-23,,True
7891,3043,1,2023-02-15,,True
7892,3043,69,2020-11-04,,True
7893,3043,52,2020-02-09,,True
7894,3043,20,2022-01-22,,True
7895,3043,117,2021-01-20,,True
7896,3043,82,2021-03-19,,True
7897,3044,52,2021-01-06,,True
7898,3044,96,2022-08-24,,True
7899,3044,82,2022-03-22,2024-12-19,False
7900,3045,117,2023-04-08,,True
7901,3045,109,2020-10-21,,True
7902,3045,78,2021-12-20,,True
7903,3045,127,2021-10-17,,True
7904,3046,49,2020-08-05,,True
7905,3046,122,2021-04-24,2023-01-17,False
7906,3046,43,2022-10-07,,True
7907,3046,81,2020-07-23,,True
7908,3046,142,2020-03-29,,True
7909,3048,131,2022-08-17,,True
7910,3048,80,2021-01-14,2023-10-25,False
7911,3048,127,2020-03-12,,True
7912,3050,99,2022-05-02,,True
7913,3050,129,2021-06-22,,True
7914,3050,98,2023-02-09,,True
7915,3050,97,2022-08-23,,True
7916,3050,95,2022-05-09,,True
7917,3051,78,2022-04-14,,True
7918,3051,126,2022-10-06,,True
7919,3051,17,2023-02-04,,True
7920,3051,82,2020-11-24,2022-01-27,False
7921,3051,127,2023-03-13,,True
7922,3053,52,2023-02-19,,True
7923,3053,67,2021-11-28,,True
7924,3053,76,2021-08-26,,True
7925,3053,82,2021-05-09,,True
7926,3053,1,2022-12-17,,True
7927,3055,115,2020-11-19,2023-01-27,False
7928,3055,82,2020-12-18,,True
7929,3055,1,2022-01-23,,True
7930,3055,117,2021-11-03,,True
7931,3056,52,2022-10-11,2024-02-18,False
7932,3056,117,2022-10-11,,True
7933,3056,78,2023-01-08,,True
7934,3056,82,2022-10-31,,True
7935,3057,72,2020-01-02,,True
7936,3057,27,2021-08-05,2023-10-22,False
7937,3057,116,2022-01-18,,True
7938,3057,53,2021-01-12,2022-04-19,False
7939,3059,52,2022-02-04,,True
7940,3059,127,2022-12-31,2025-06-03,False
7941,3059,117,2022-06-23,,True
7942,3060,52,2021-06-10,,True
7943,3060,82,2020-11-05,,True
7944,3060,40,2020-05-01,,True
7945,3060,117,2021-11-07,,True
7946,3062,114,2021-04-04,2023-08-09,False
7947,3062,72,2020-11-19,,True
7948,3062,116,2020-06-26,,True
7949,3064,116,2021-06-19,2023-09-12,False
7950,3064,129,2022-07-01,,True
7951,3064,72,2021-12-06,,True
7952,3064,138,2022-02-21,,True
7953,3065,8,2020-05-15,,True
7954,3065,117,2022-08-23,,True
7955,3065,16,2021-11-19,2023-12-27,False
7956,3065,82,2022-11-13,,True
7957,3065,1,2020-06-09,,True
7958,3067,27,2022-04-20,,True
7959,3067,123,2020-06-28,,True
7960,3067,129,2022-07-02,2024-05-13,False
7961,3067,97,2021-10-08,,True
7962,3067,72,2020-09-21,,True
7963,3068,22,2021-11-09,,True
7964,3068,78,2021-08-10,,True
7965,3068,124,2020-07-20,2022-11-14,False
7966,3068,117,2020-06-08,,True
7967,3068,150,2020-03-05,,True
7968,3068,1,2021-06-13,,True
7969,3070,117,2020-10-02,,True
7970,3070,1,2022-01-10,,True
7971,3070,82,2021-07-11,,True
7972,3071,72,2021-09-22,,True
7973,3072,78,2020-11-06,2022-10-20,False
7974,3072,127,2022-04-12,,True
7975,3072,117,2020-10-27,,True
7976,3072,21,2020-03-30,,True
7977,3072,52,2020-10-18,,True
7978,3072,1,2021-06-02,,True
7979,3073,82,2022-06-26,,True
7980,3073,127,2022-02-21,,True
7981,3073,100,2020-06-13,,True
7982,3073,90,2022-05-27,,True
7983,3073,76,2022-08-07,,True
7984,3074,1,2020-05-22,,True
7985,3074,127,2021-03-17,,True
7986,3074,89,2021-03-14,,True
7987,3074,19,2020-03-21,2023-01-08,False
7988,3074,52,2022-02-09,2024-07-15,False
7989,3075,116,2022-01-24,2023-08-02,False
7990,3075,129,2023-03-25,,True
7991,3075,80,2021-01-03,,True
7992,3077,35,2021-05-14,,True
7993,3077,113,2021-10-17,,True
7994,3077,82,2020-08-13,,True
7995,3100,75,2021-02-05,,True
7996,3100,25,2021-01-12,,True
7997,3100,103,2022-05-28,,True
7998,3100,35,2021-04-07,,True
7999,3101,82,2020-04-06,,True
8000,3101,1,2021-01-16,,True
8001,3101,127,2022-07-27,,True
8002,3102,61,2022-10-25,,True
8003,3102,34,2021-05-28,,True
8004,3102,44,2023-01-02,,True
8005,3102,102,2021-07-07,,True
8006,3102,7,2021-06-29,,True
8007,3103,112,2020-08-04,,True
8008,3103,128,2020-06-26,,True
8009,3103,63,2023-03-29,2024-07-01,False
8010,3104,34,2022-03-08,,True
8011,3104,83,2021-11-05,,True
8012,3106,143,2020-03-17,,True
8013,3106,137,2020-05-01,,True
8014,3106,48,2022-07-14,,True
8015,3107,6,2020-12-23,,True
8016,3107,38,2020-03-23,,True
8017,3107,67,2021-12-16,2024-07-16,False
8018,3113,71,2023-04-06,2024-11-04,False
8019,3113,14,2023-01-05,,True
8020,3113,22,2021-04-30,2022-09-10,False
8021,3114,87,2020-05-10,,True
8022,3114,16,2021-05-12,,True
8023,3114,11,2022-06-24,,True
8024,3114,68,2023-04-04,,True
8025,3114,9,2021-02-06,2022-07-22,False
8026,3115,25,2021-07-02,2023-06-14,False
8027,3115,140,2021-05-16,,True
8028,3115,38,2021-05-07,,True
8029,3117,22,2022-05-27,,True
8030,3117,56,2022-09-20,,True
8031,3117,100,2022-04-02,,True
8032,3117,9,2020-06-14,2022-10-17,False
8033,3117,143,2022-11-23,,True
8034,3118,129,2022-03-31,,True
8035,3118,86,2020-10-14,,True
8036,3118,92,2021-05-26,,True
8037,3119,20,2023-02-09,,True
8038,3119,114,2022-12-01,,True
8039,3119,96,2020-08-15,,True
8040,3180,79,2023-03-30,2024-04-20,False
8041,3180,142,2022-06-09,,True
8042,3180,53,2022-08-05,2023-10-30,False
8043,3180,130,2020-01-03,2021-02-11,False
8044,3181,126,2020-11-21,2022-07-17,False
8045,3181,15,2020-09-01,2022-01-18,False
8046,3181,144,2020-07-05,,True
8047,3181,84,2021-01-04,2022-01-29,False
8048,3181,111,2020-12-26,,True
8049,3182,141,2022-10-06,2025-06-01,False
8050,3182,134,2021-05-29,,True
8051,3182,3,2020-10-12,,True
8052,3182,12,2020-10-08,,True
8053,3183,40,2021-07-30,,True
8054,3183,130,2020-12-26,,True
8055,3183,53,2021-01-20,2023-01-19,False
8056,3183,104,2022-12-15,2025-11-21,False
8057,3183,106,2021-06-10,,True
8058,3184,3,2021-09-04,,True
8059,3184,113,2021-10-21,,True
8060,3184,26,2021-04-19,,True
8061,3184,58,2020-07-12,,True
8062,3184,111,2022-06-27,,True
8063,3185,2,2021-04-07,,True
8064,3185,59,2021-04-14,,True
8065,3185,40,2022-04-29,,True
8066,3185,130,2020-01-06,,True
8067,3186,63,2020-07-15,2021-11-16,False
8068,3186,129,2020-09-29,,True
8069,3186,116,2020-07-01,,True
8070,3187,84,2020-01-20,2022-05-17,False
8071,3187,141,2022-09-29,,True
8072,3187,69,2022-06-02,,True
8073,3187,109,2020-08-11,2022-01-14,False
8074,3187,113,2023-03-23,,True
8075,3188,149,2021-12-18,,True
8076,3188,66,2022-01-09,,True
8077,3188,104,2021-01-22,,True
8078,3188,53,2020-12-22,,True
8079,3188,47,2020-04-04,,True
8080,3189,31,2022-02-06,,True
8081,3189,33,2021-01-01,,True
8082,3189,125,2020-10-19,2023-05-06,False
8083,3189,113,2020-01-10,,True
8084,3189,57,2020-01-07,2021-09-11,False
8085,3189,9,2020-04-29,,True
8086,3192,73,2020-02-04,,True
8087,3192,66,2022-01-10,,True
8088,3192,14,2020-02-03,2022-10-23,False
8089,3192,108,2022-03-03,,True
8090,3193,113,2022-02-09,,True
8091,3193,43,2022-04-19,,True
8092,3193,144,2022-01-05,,True
8093,3194,40,2020-11-15,,True
8094,3194,79,2022-06-16,2023-06-22,False
8095,3194,125,2021-05-30,,True
8096,3194,146,2021-06-18,2023-10-05,False
8097,3195,144,2022-06-28,2024-04-21,False
8098,3195,141,2022-10-11,,True
8099,3195,109,2020-10-23,2023-10-19,False
8100,3195,16,2020-02-22,,True
8101,3195,103,2021-03-27,2023-05-12,False
8102,3196,72,2022-12-04,,True
8103,3196,40,2021-01-05,,True
8104,3196,138,2023-01-15,,True
8105,3196,146,2022-08-10,2024-03-02,False
8106,3196,134,2021-07-01,,True
8107,3199,146,2020-05-16,,True
8108,3199,47,2022-02-18,,True
8109,3199,53,2020-05-16,,True
8110,3199,41,2022-10-13,,True
8111,3200,47,2021-12-13,,True
8112,3200,129,2022-11-16,,True
8113,3200,104,2022-05-23,,True
8114,3200,71,2021-06-02,,True
8115,3201,59,2021-05-29,,True
8116,3201,136,2021-03-09,,True
8117,3201,40,2020-07-03,,True
8118,3201,130,2022-09-05,,True
8119,3201,2,2021-07-05,,True
8120,3202,109,2022-05-05,,True
8121,3202,69,2022-04-08,2025-02-25,False
8122,3202,58,2021-09-10,,True
8123,3202,129,2020-05-25,,True
8124,3202,141,2022-10-06,,True
8125,3202,3,2022-05-23,2024-03-25,False
8126,3203,104,2021-12-28,,True
8127,3203,142,2022-04-08,2025-02-26,False
8128,3203,40,2020-11-03,,True
8129,3204,55,2020-09-15,,True
8130,3204,26,2022-10-11,,True
8131,3204,70,2022-04-10,,True
8132,3204,73,2022-06-23,,True
8133,3206,2,2022-11-23,,True
8134,3206,59,2022-09-05,,True
8135,3206,146,2021-09-26,,True
8136,3207,79,2021-10-27,2023-10-09,False
8137,3207,144,2021-04-16,,True
8138,3207,40,2020-05-02,,True
8139,3207,59,2022-08-03,,True
8140,3207,142,2020-06-16,,True
8141,3208,89,2020-09-22,,True
8142,3208,141,2021-03-29,,True
8143,3208,125,2021-12-27,,True
8144,3208,114,2021-03-05,,True
8145,3209,15,2022-05-08,2024-08-11,False
8146,3209,111,2022-05-18,,True
8147,3209,60,2021-06-17,,True
8148,3209,66,2021-07-11,,True
8149,3210,125,2020-07-02,2022-02-11,False
8150,3210,111,2021-11-12,2023-04-04,False
8151,3210,141,2021-08-25,,True
8152,3210,144,2020-12-18,,True
8153,3210,77,2021-08-15,,True
8154,3212,142,2022-09-06,2025-06-05,False
8155,3212,59,2021-05-10,,True
8156,3212,2,2020-06-19,,True
8157,3213,47,2022-01-28,,True
8158,3213,40,2020-11-18,,True
8159,3213,30,2021-01-28,,True
8160,3213,104,2020-02-02,,True
8161,3214,142,2021-09-03,,True
8162,3214,53,2022-03-30,2023-12-09,False
8163,3214,40,2022-03-28,,True
8164,3214,115,2021-03-19,,True
8165,3214,47,2023-03-10,2024-10-27,False
8166,3216,2,2022-08-15,,True
8167,3216,42,2020-02-17,,True
8168,3216,142,2020-05-06,2022-01-14,False
8169,3216,67,2021-04-01,,True
8170,3217,142,2023-01-12,,True
8171,3217,148,2020-04-23,2021-07-30,False
8172,3217,146,2022-08-21,,True
8173,3217,150,2022-04-09,,True
8174,3217,130,2022-07-06,2025-05-08,False
8175,3219,95,2021-06-06,,True
8176,3219,43,2022-12-02,,True
8177,3219,132,2021-01-27,,True
8178,3219,110,2020-10-19,,True
8179,3220,50,2020-09-03,,True
8180,3220,104,2023-01-02,,True
8181,3220,133,2020-08-14,,True
8182,3221,109,2020-11-19,2022-10-09,False
8183,3221,62,2021-02-15,2022-04-06,False
8184,3221,113,2022-06-04,,True
8185,3221,111,2022-05-02,,True
8186,3222,51,2021-03-15,,True
8187,3222,2,2020-01-12,,True
8188,3222,29,2020-05-27,,True
8189,3222,47,2022-11-25,,True
8190,3222,140,2021-09-16,,True
8191,3222,130,2021-08-09,,True
8192,3223,3,2022-10-13,,True
8193,3223,15,2020-01-19,,True
8194,3223,72,2020-02-09,,True
8195,3223,69,2021-06-02,,True
8196,3223,133,2021-01-20,,True
8197,3224,113,2022-01-12,2024-01-30,False
8198,3224,15,2021-08-19,2022-10-24,False
8199,3224,111,2022-03-18,,True
8200,3224,109,2020-06-20,,True
8201,3224,125,2020-03-08,,True
8202,3225,142,2022-08-22,2025-01-16,False
8203,3225,130,2023-03-05,,True
8204,3225,104,2022-07-28,,True
8205,3225,146,2020-12-04,,True
8206,3225,47,2020-04-25,,True
8207,3225,113,2023-03-28,2025-10-18,False
8208,3226,53,2021-09-27,,True
8209,3226,128,2022-06-24,2023-08-18,False
8210,3226,25,2021-04-15,2023-05-16,False
8211,3226,7,2021-10-23,2023-07-13,False
8212,3226,123,2021-07-13,,True
8213,3226,59,2021-11-09,2024-01-01,False
8214,3228,47,2021-04-08,,True
8215,3228,59,2021-03-19,,True
8216,3228,95,2021-03-19,,True
8217,3229,130,2021-04-11,,True
8218,3229,30,2022-07-30,2025-07-10,False
8219,3229,79,2022-03-02,,True
8220,3229,53,2023-02-20,,True
8221,3231,144,2021-11-12,,True
8222,3231,111,2020-04-27,,True
8223,3231,26,2020-07-18,,True
8224,3231,141,2021-10-07,,True
8225,3231,137,2021-03-31,,True
8226,3233,47,2022-08-19,,True
8227,3233,128,2021-08-28,,True
8228,3233,12,2021-03-05,2022-09-09,False
8229,3233,142,2022-05-21,,True
8230,3234,79,2020-09-25,,True
8231,3234,104,2021-11-13,2023-05-13,False
8232,3234,142,2020-03-01,2023-02-11,False
8233,3234,107,2020-12-14,,True
8234,3235,70,2021-02-14,,True
8235,3235,132,2021-09-10,,True
8236,3235,15,2020-03-12,,True
8237,3235,133,2022-10-26,,True
8238,3235,106,2021-08-20,,True
8239,3236,101,2022-05-30,,True
8240,3236,106,2021-11-16,,True
8241,3236,117,2020-04-17,,True
8242,3236,26,2022-09-15,,True
8243,3270,114,2020-03-03,,True
8244,3270,135,2022-09-07,2024-04-10,False
8245,3270,136,2022-10-05,,True
8246,3270,100,2023-01-04,,True
8247,3271,107,2021-12-04,,True
8248,3271,30,2020-11-19,2022-08-16,False
8249,3271,64,2022-07-23,,True
8250,3273,82,2021-06-06,2022-08-22,False
8251,3273,114,2021-12-30,2023-02-24,False
8252,3273,143,2020-09-11,,True
8253,3273,105,2023-02-11,,True
8254,3273,102,2021-06-10,,True
8255,3274,29,2022-07-21,,True
8256,3274,136,2022-09-14,,True
8257,3274,128,2022-06-04,,True
8258,3274,13,2021-02-11,,True
8259,3275,136,2022-02-26,2023-08-16,False
8260,3275,105,2020-05-07,,True
8261,3275,30,2020-05-18,,True
8262,3276,135,2021-01-04,,True
8263,3276,23,2020-05-15,,True
8264,3276,42,2021-11-21,,True
8265,3280,45,2020-12-27,,True
8266,3280,72,2020-01-28,,True
8267,3280,135,2023-01-22,,True
8268,3280,42,2022-09-16,,True
8269,3280,23,2020-10-09,,True
8270,3280,114,2022-10-18,,True
8271,3281,35,2021-11-02,2024-05-24,False
8272,3281,135,2020-10-15,,True
8273,3281,86,2021-09-16,,True
8274,3282,23,2020-05-24,,True
8275,3282,135,2023-04-09,,True
8276,3282,138,2021-01-05,,True
8277,3282,30,2022-12-11,,True
8278,3283,25,2021-01-05,,True
8279,3283,35,2021-12-31,,True
8280,3283,42,2021-03-11,,True
8281,3284,42,2022-09-27,2025-05-11,False
8282,3284,5,2020-08-20,,True
8283,3284,23,2022-07-09,,True
8284,3285,97,2021-05-29,,True
8285,3285,16,2020-01-28,,True
8286,3285,135,2021-05-31,,True
8287,3287,109,2023-03-09,,True
8288,3287,114,2020-10-12,2022-10-15,False
8289,3287,23,2022-06-01,,True
8290,3287,30,2022-11-22,2025-08-28,False
8291,3287,42,2022-11-13,,True
8292,3287,105,2021-10-26,2024-10-02,False
8293,3288,35,2021-03-03,2022-11-28,False
8294,3288,135,2020-10-14,2021-11-23,False
8295,3288,42,2022-02-10,,True
8296,3288,131,2022-02-27,,True
8297,3289,114,2021-10-24,,True
8298,3289,138,2022-09-27,2024-10-06,False
8299,3289,42,2021-07-29,,True
8300,3289,99,2022-01-17,,True
8301,3289,135,2021-08-11,,True
8302,3290,132,2021-07-19,,True
8303,3290,96,2020-01-25,2022-05-24,False
8304,3290,70,2022-09-14,2025-06-16,False
8305,3291,138,2020-07-15,,True
8306,3291,105,2020-01-31,2022-03-01,False
8307,3291,114,2022-08-24,,True
8308,3291,18,2020-04-12,,True
8309,3291,81,2021-06-01,,True
8310,3292,101,2021-09-11,,True
8311,3292,135,2020-08-29,,True
8312,3292,138,2022-12-31,,True
8313,3293,35,2021-05-04,,True
8314,3293,138,2022-07-13,,True
8315,3293,65,2020-12-12,,True
8316,3293,23,2021-05-23,,True
8317,3293,135,2022-07-21,2023-12-03,False
8318,3295,43,2020-07-21,,True
8319,3295,5,2022-10-03,,True
8320,3295,108,2020-07-14,2021-08-03,False
8321,3295,106,2020-11-23,,True
8322,3295,110,2023-02-11,,True
8323,3299,65,2022-03-12,,True
8324,3299,138,2022-02-28,2024-02-20,False
8325,3299,44,2022-01-13,2024-10-16,False
8326,3299,30,2022-02-04,,True
8327,3301,30,2020-12-20,,True
8328,3301,125,2022-04-29,,True
8329,3301,135,2020-01-16,,True
8330,3302,133,2021-07-13,,True
8331,3302,142,2022-10-29,,True
8332,3302,30,2022-08-11,,True
8333,3303,125,2021-10-28,,True
8334,3303,39,2023-02-24,2024-12-20,False
8335,3303,42,2020-02-04,,True
8336,3303,136,2020-07-25,,True
8337,3304,138,2021-08-19,2023-01-11,False
8338,3304,135,2022-10-14,2025-07-02,False
8339,3304,42,2022-04-14,,True
8340,3305,145,2022-11-18,,True
8341,3305,75,2020-07-28,2022-01-13,False
8342,3305,35,2022-08-25,,True
8343,3305,150,2020-11-01,,True
8344,3305,67,2022-06-19,,True
8345,3307,105,2020-11-04,,True
8346,3307,135,2021-08-20,,True
8347,3307,136,2021-02-09,,True
8348,3307,20,2020-01-15,,True
8349,3307,138,2022-06-24,2024-04-05,False
8350,3308,138,2020-01-31,,True
8351,3308,150,2022-08-02,,True
8352,3308,136,2022-07-01,,True
8353,3309,114,2020-07-26,,True
8354,3309,66,2022-12-08,,True
8355,3309,42,2022-06-11,,True
8356,3309,107,2021-06-10,,True
8357,3310,42,2021-03-22,,True
8358,3310,114,2023-03-27,,True
8359,3310,106,2022-06-03,,True
8360,3313,83,2023-01-03,2025-12-16,False
8361,3313,135,2021-05-01,,True
8362,3313,136,2021-12-03,,True
8363,3314,98,2023-03-05,,True
8364,3314,135,2021-11-11,,True
8365,3314,23,2021-05-21,2023-03-25,False
8366,3314,136,2021-07-03,,True
8367,3314,7,2021-04-02,,True
8368,3316,23,2020-04-08,,True
8369,3316,35,2020-05-15,2022-10-22,False
8370,3316,135,2022-06-20,,True
8371,3317,30,2021-10-18,,True
8372,3317,35,2021-10-27,,True
8373,3317,135,2021-09-09,,True
8374,3318,135,2022-04-11,,True
8375,3318,42,2020-05-23,,True
8376,3318,88,2022-05-07,,True
8377,3318,35,2021-01-23,,True
8378,3318,136,2022-09-26,,True
8379,3321,68,2020-08-20,,True
8380,3321,114,2020-10-08,,True
8381,3321,105,2020-12-28,2022-09-19,False
8382,3321,126,2020-08-18,,True
8383,3321,30,2023-03-03,2024-08-03,False
8384,3322,7,2022-06-12,,True
8385,3322,98,2020-04-10,,True
8386,3322,110,2020-01-11,2022-04-04,False
8387,3322,108,2020-03-31,,True
8388,3323,23,2023-02-18,,True
8389,3323,105,2021-07-08,,True
8390,3323,135,2020-10-19,,True
8391,3323,59,2020-11-13,,True
8392,3323,42,2021-01-14,,True
8393,3324,136,2020-08-18,,True
8394,3324,23,2022-02-02,,True
8395,3324,114,2020-03-22,,True
8396,3324,30,2020-12-19,,True
8397,3325,30,2022-11-06,,True
8398,3325,42,2021-11-12,,True
8399,3325,14,2022-09-20,,True
8400,3325,136,2022-01-30,,True
8401,3325,135,2020-04-03,,True
8402,3326,35,2021-11-15,,True
8403,3326,105,2022-10-21,2024-02-15,False
8404,3326,88,2021-03-05,2022-07-20,False
8405,3327,138,2022-10-06,,True
8406,3327,42,2020-07-26,,True
8407,3327,135,2022-09-18,2025-07-20,False
8408,3329,42,2020-04-18,,True
8409,3329,145,2022-04-06,,True
8410,3329,107,2022-01-18,,True
8411,3329,136,2022-11-05,,True
8412,3331,105,2020-10-13,,True
8413,3331,138,2020-11-08,,True
8414,3331,136,2020-07-18,,True
8415,3331,48,2023-04-14,,True
8416,3332,42,2021-06-06,,True
8417,3332,30,2020-04-01,,True
8418,3332,135,2021-10-23,,True
8419,3332,1,2020-10-06,,True
8420,3332,138,2021-12-17,2024-05-27,False
8421,3334,42,2021-08-23,,True
8422,3334,30,2021-09-13,,True
8423,3334,35,2023-01-04,,True
8424,3334,107,2023-01-20,,True
8425,3335,136,2020-12-05,,True
8426,3335,85,2020-05-05,2021-11-26,False
8427,3335,4,2020-03-03,,True
8428,3335,42,2022-07-18,,True
8429,3335,35,2023-02-05,2024-05-31,False
8430,3336,105,2020-08-13,,True
8431,3336,119,2021-10-15,,True
8432,3336,114,2021-08-22,,True
8433,3336,23,2021-07-31,,True
8434,3338,136,2022-10-06,2024-03-02,False
8435,3338,107,2023-02-05,,True
8436,3338,105,2020-04-15,2021-06-26,False
8437,3338,30,2020-05-10,,True
8438,3339,146,2020-10-04,,True
8439,3339,23,2020-04-16,,True
8440,3339,102,2020-01-25,2021-04-18,False
8441,3339,116,2021-09-12,,True
8442,3339,25,2023-02-15,,True
8443,3339,30,2021-05-07,,True
8444,3340,114,2022-11-14,,True
8445,3340,30,2022-05-13,,True
8446,3340,105,2022-06-20,,True
8447,3342,12,2021-12-15,,True
8448,3342,73,2020-09-16,,True
8449,3342,98,2023-02-08,,True
8450,3343,26,2020-03-31,,True
8451,3343,96,2021-11-12,,True
8452,3343,122,2021-04-01,2022-09-12,False
8453,3346,23,2020-05-31,,True
8454,3346,44,2023-04-02,,True
8455,3346,30,2020-12-22,,True
8456,3347,105,2020-12-16,,True
8457,3347,103,2020-06-16,2021-08-28,False
8458,3347,35,2022-11-04,,True
8459,3348,42,2023-02-14,2025-04-09,False
8460,3348,30,2021-07-04,,True
8461,3348,138,2021-09-24,,True
8462,3352,105,2021-03-15,,True
8463,3352,114,2022-01-05,2023-09-15,False
8464,3352,135,2022-09-14,2025-06-15,False
8465,3352,107,2023-03-27,2026-01-09,False
8466,3354,30,2023-01-26,,True
8467,3354,23,2022-12-09,,True
8468,3354,90,2022-12-08,,True
8469,3354,35,2021-05-06,,True
8470,3357,80,2021-04-04,,True
8471,3357,30,2022-07-08,,True
8472,3357,136,2023-03-16,2025-10-29,False
8473,3357,50,2022-07-06,,True
8474,3359,107,2020-01-12,,True
8475,3359,138,2021-03-30,,True
8476,3359,135,2021-01-22,,True
8477,3359,111,2020-10-11,,True
8478,3361,36,2021-04-09,,True
8479,3361,73,2020-09-13,2023-03-30,False
8480,3361,26,2022-06-24,2024-06-20,False
8481,3363,133,2020-01-12,,True
8482,3363,43,2021-08-18,2024-07-08,False
8483,3363,7,2020-09-29,,True
8484,3366,146,2022-11-22,,True
8485,3366,138,2020-01-19,,True
8486,3366,114,2022-07-01,,True
8487,3366,121,2020-05-26,2022-05-30,False
8488,3367,105,2022-07-16,,True
8489,3367,114,2021-05-15,,True
8490,3368,42,2020-11-09,,True
8491,3368,30,2022-08-21,,True
8492,3368,31,2022-10-08,,True
8493,3368,138,2021-10-08,,True
8494,3369,83,2021-03-03,,True
8495,3369,107,2021-12-10,,True
8496,3369,30,2021-10-20,,True
8497,3369,73,2022-08-13,,True
8498,3370,30,2020-11-01,,True
8499,3370,42,2020-05-25,,True
8500,3370,22,2020-09-07,,True
8501,3370,5,2020-02-24,,True
8502,3371,114,2020-07-23,,True
8503,3371,23,2020-10-14,,True
8504,3371,64,2021-04-02,,True
8505,3372,129,2023-01-30,,True
8506,3372,35,2022-11-09,,True
8507,3372,42,2022-10-08,,True
8508,3372,136,2022-11-29,,True
8509,3373,80,2021-08-01,,True
8510,3373,42,2020-05-18,,True
8511,3373,105,2021-03-01,,True
8512,3373,43,2023-02-04,,True
8513,3375,136,2021-02-13,,True
8514,3375,35,2020-10-06,,True
8515,3375,138,2020-07-25,2022-07-18,False
8516,3376,134,2022-04-16,,True
8517,3376,2,2022-04-29,,True
8518,3376,43,2021-05-07,,True
8519,3379,87,2022-02-26,,True
8520,3379,139,2022-05-14,2023-10-14,False
8521,3379,135,2022-12-29,,True
8522,3379,100,2021-11-14,,True
8523,3379,35,2022-03-16,,True
8524,3380,23,2022-05-05,,True
8525,3380,135,2021-12-12,,True
8526,3380,108,2020-01-27,,True
8527,3381,9,2020-08-19,,True
8528,3381,41,2021-09-25,,True
8529,3381,138,2022-12-26,,True
8530,3381,53,2022-02-19,2023-12-31,False
8531,3381,105,2020-04-14,,True
8532,3384,107,2020-01-17,,True
8533,3384,23,2020-02-14,,True
8534,3384,30,2020-06-02,2021-07-26,False
8535,3385,30,2022-07-20,,True
8536,3385,126,2020-08-04,,True
8537,3385,23,2023-01-23,,True
8538,3387,147,2022-04-01,2025-01-25,False
8539,3387,63,2020-10-04,,True
8540,3388,136,2023-01-25,,True
8541,3388,82,2020-06-03,2021-06-25,False
8542,3388,107,2022-06-20,,True
8543,3388,138,2020-05-01,,True
8544,3389,42,2023-03-15,,True
8545,3389,104,2020-11-17,,True
8546,3389,136,2020-12-03,,True
8547,3391,42,2023-02-06,2025-08-15,False
8548,3391,30,2020-11-18,2022-09-24,False
8549,3391,138,2022-01-08,,True
8550,3391,105,2020-04-09,,True
8551,3392,118,2023-02-26,,True
8552,3392,42,2020-03-08,,True
8553,3392,105,2021-12-26,,True
8554,3392,30,2021-06-14,,True
8555,3392,35,2022-12-07,,True
8556,3393,26,2022-06-21,,True
8557,3393,110,2021-07-20,,True
8558,3393,98,2021-11-24,,True
8559,3393,70,2023-04-13,,True
8560,3393,96,2021-01-14,2022-08-04,False
8561,3394,132,2022-03-17,,True
8562,3394,73,2023-01-17,,True
8563,3394,110,2020-02-29,,True
8564,3396,135,2022-04-27,,True
8565,3396,67,2022-05-07,,True
8566,3396,107,2022-07-14,,True
8567,3397,33,2020-06-13,,True
8568,3397,143,2020-07-30,2021-10-25,False
8569,3397,48,2020-03-10,,True
8570,3398,70,2021-07-07,,True
8571,3398,133,2020-12-19,2023-12-03,False
8572,3398,26,2022-03-16,2023-10-04,False
8573,3398,96,2021-03-04,,True
8574,3398,43,2022-09-30,2024-09-23,False
8575,3401,108,2021-11-14,2023-03-19,False
8576,3401,110,2021-06-27,,True
8577,3401,96,2021-01-06,,True
8578,3401,6,2020-06-22,,True
8579,3402,107,2022-03-14,2024-12-18,False
8580,3402,83,2021-03-03,,True
8581,3402,135,2021-06-03,,True
8582,3402,105,2020-01-30,2023-01-26,False
8583,3402,64,2022-07-23,,True
8584,3406,27,2020-02-08,2022-04-05,False
8585,3406,105,2021-06-17,,True
8586,3406,138,2022-10-26,,True
8587,3406,23,2020-07-01,,True
8588,3406,135,2023-03-21,,True
8589,3406,42,2020-02-23,,True
8590,3407,142,2021-09-27,2023-08-08,False
8591,3407,35,2021-08-31,,True
8592,3407,107,2020-03-09,,True
8593,3410,23,2021-04-15,,True
8594,3410,135,2020-01-20,,True
8595,3410,114,2023-01-01,,True
8596,3410,76,2020-03-10,,True
8597,3410,138,2022-09-12,2024-03-01,False
8598,3410,42,2020-03-08,,True
8599,3411,30,2022-04-02,2023-10-21,False
8600,3411,125,2020-05-12,2021-08-03,False
8601,3411,138,2020-02-14,,True
8602,3412,142,2022-05-10,,True
8603,3412,107,2020-09-09,,True
8604,3412,105,2022-08-22,,True
8605,3412,30,2022-11-21,,True
8606,3413,24,2020-12-01,,True
8607,3413,65,2022-01-04,,True
8608,3413,114,2020-12-23,,True
8609,3413,138,2020-12-16,,True
8610,3415,105,2021-05-13,,True
8611,3415,101,2021-04-18,,True
8612,3415,35,2022-12-03,,True
8613,3415,93,2022-10-07,2023-11-16,False
8614,3418,35,2022-01-19,,True
8615,3418,23,2022-02-28,,True
8616,3418,138,2022-09-14,,True
8617,3419,35,2021-05-04,,True
8618,3419,127,2020-04-09,,True
8619,3419,107,2020-04-21,,True
8620,3425,30,2020-10-02,2023-03-19,False
8621,3425,93,2022-06-07,,True
8622,3425,35,2020-07-25,2021-08-28,False
8623,3425,24,2021-01-26,2023-04-01,False
8624,3425,138,2020-06-18,,True
8625,3425,105,2020-05-17,2021-06-12,False
8626,3426,38,2022-02-21,,True
8627,3426,101,2021-09-06,,True
8628,3426,144,2021-08-04,,True
8629,3426,17,2020-11-21,,True
8630,3426,138,2022-12-30,,True
8631,3426,135,2022-11-17,,True
8632,3429,67,2021-12-26,2024-09-17,False
8633,3429,30,2022-07-01,2023-08-28,False
8634,3429,79,2022-06-29,,True
8635,3429,119,2021-12-28,2024-09-26,False
8636,3432,38,2021-10-23,,True
8637,3432,33,2020-02-05,,True
8638,3432,51,2020-07-13,,True
8639,3434,108,2020-08-15,,True
8640,3434,42,2020-09-04,,True
8641,3434,136,2021-04-18,,True
8642,3434,35,2021-03-27,,True
8643,3434,114,2023-01-26,,True
8644,3434,105,2020-01-28,,True
8645,3436,121,2022-08-31,,True
8646,3436,114,2023-02-09,,True
8647,3436,105,2022-06-08,,True
8648,3441,86,2022-11-09,2024-11-09,False
8649,3441,135,2020-09-10,,True
8650,3441,107,2022-11-21,,True
8651,3442,114,2021-11-12,,True
8652,3442,138,2020-07-31,,True
8653,3442,119,2022-01-13,,True
8654,3442,140,2023-04-12,2025-11-19,False
8655,3442,23,2022-01-19,2024-03-01,False
8656,3443,35,2023-03-19,,True
8657,3443,39,2022-05-15,,True
8658,3443,30,2023-03-30,,True
8659,3443,56,2022-08-27,,True
8660,3445,124,2020-04-05,,True
8661,3445,114,2022-07-14,,True
8662,3445,107,2020-04-29,,True
8663,3445,30,2023-02-27,,True
8664,3445,35,2021-01-31,,True
8665,3447,99,2021-03-21,2022-06-28,False
8666,3447,107,2021-06-25,2024-04-15,False
8667,3447,118,2021-09-17,,True
8668,3447,87,2022-08-05,2025-02-05,False
8669,3447,138,2022-09-01,,True
8670,3449,91,2020-06-04,,True
8671,3449,68,2021-05-07,,True
8672,3449,135,2020-12-05,,True
8673,3450,135,2023-03-22,,True
8674,3450,35,2021-07-31,,True
8675,3450,4,2021-11-27,,True
8676,3450,106,2021-04-11,,True
8677,3451,107,2022-05-06,,True
8678,3451,138,2022-08-03,2023-12-19,False
8679,3451,135,2020-06-04,,True
8680,3451,42,2020-11-07,,True
8681,3451,146,2020-04-04,,True
8682,3452,136,2020-05-26,,True
8683,3452,138,2022-03-30,,True
8684,3452,102,2020-03-06,,True
8685,3452,42,2020-04-04,2021-07-05,False
8686,3452,135,2023-03-20,,True
8687,3452,105,2020-04-24,,True
8688,3454,136,2022-11-24,2024-05-22,False
8689,3454,114,2020-12-15,,True
8690,3454,135,2022-07-12,,True
8691,3455,135,2022-02-08,,True
8692,3455,35,2020-07-16,,True
8693,3455,23,2023-02-17,,True
8694,3455,142,2020-12-30,,True
8695,3461,35,2023-03-11,2024-11-24,False
8696,3461,138,2020-06-30,,True
8697,3461,20,2023-04-12,2026-01-10,False
8698,3461,107,2021-01-21,,True
8699,3461,101,2020-05-10,,True
8700,3461,105,2022-06-01,,True
8701,3462,35,2023-01-08,,True
8702,3462,114,2020-06-04,,True
8703,3463,35,2020-03-30,2023-03-18,False
8704,3463,138,2020-12-05,,True
8705,3463,13,2020-02-04,,True
8706,3464,107,2022-02-19,,True
8707,3464,105,2020-02-04,,True
8708,3464,136,2020-09-24,,True
8709,3464,112,2022-03-02,,True
8710,3464,35,2020-01-20,,True
8711,3464,119,2023-03-17,,True
8712,3466,136,2021-03-15,2023-04-09,False
8713,3466,42,2021-05-01,,True
8714,3466,123,2021-08-19,2024-06-25,False
8715,3467,65,2023-03-24,2024-07-01,False
8716,3467,115,2020-11-20,2022-10-11,False
8717,3467,42,2020-06-23,,True
8718,3467,114,2021-07-26,,True
8719,3467,145,2021-10-16,2024-03-17,False
8720,3467,135,2023-01-30,,True
8721,3470,114,2022-01-27,,True
8722,3470,30,2022-12-06,,True
8723,3470,105,2020-03-20,,True
8724,3470,42,2020-11-15,,True
8725,3470,23,2020-12-25,,True
8726,3472,96,2023-01-14,2024-12-06,False
8727,3472,45,2020-12-09,2022-07-21,False
8728,3472,93,2022-09-14,,True
8729,3472,68,2020-10-27,,True
8730,3472,111,2022-07-06,,True
8731,3476,25,2022-07-22,,True
8732,3476,125,2021-11-27,,True
8733,3476,101,2023-03-23,,True
8734,3477,135,2020-03-28,2021-08-19,False
8735,3477,136,2022-09-30,,True
8736,3477,35,2022-10-12,,True
8737,3478,42,2021-01-24,2023-05-06,False
8738,3478,23,2020-04-24,2023-03-07,False
8739,3478,136,2022-05-14,,True
8740,3478,1,2021-10-13,,True
8741,3478,107,2022-02-08,,True
8742,3479,136,2021-10-15,,True
8743,3479,138,2020-04-09,,True
8744,3479,123,2020-09-06,,True
8745,3479,105,2022-11-29,,True
8746,3480,119,2021-12-17,,True
8747,3480,114,2022-12-08,2025-09-10,False
8748,3480,34,2023-01-28,,True
8749,3481,23,2022-08-17,,True
8750,3481,120,2022-07-30,,True
8751,3481,107,2023-03-29,,True
8752,3481,114,2020-02-28,,True
8753,3483,96,2022-11-26,,True
8754,3483,36,2023-01-28,,True
8755,3483,114,2021-02-16,2023-10-15,False
8756,3484,35,2022-03-31,,True
8757,3484,135,2020-12-31,,True
8758,3485,35,2020-06-01,,True
8759,3485,136,2021-04-17,,True
8760,3485,66,2021-07-12,,True
8761,3485,121,2021-03-28,,True
8762,3488,86,2021-08-14,,True
8763,3488,135,2021-05-01,,True
8764,3488,35,2022-12-24,,True
8765,3488,23,2022-01-29,,True
8766,3489,110,2021-04-27,,True
8767,3489,146,2020-03-27,,True
8768,3489,133,2020-05-18,,True
8769,3489,26,2021-07-29,2024-01-04,False
8770,3489,43,2021-09-28,2024-07-02,False
8771,3489,75,2021-11-19,,True
8772,3490,107,2020-05-19,,True
8773,3490,134,2022-08-12,,True
8774,3490,42,2022-06-29,,True
8775,3490,135,2020-10-05,,True
8776,3492,107,2022-06-05,2024-08-07,False
8777,3492,42,2020-12-19,,True
8778,3492,35,2021-09-13,,True
8779,3493,114,2020-08-20,,True
8780,3493,30,2020-04-04,,True
8781,3493,136,2021-07-13,,True
8782,3495,73,2021-08-12,,True
8783,3495,93,2022-07-01,,True
8784,3495,43,2020-07-29,,True
8785,3495,118,2020-12-22,,True
8786,3495,115,2021-09-24,2023-01-06,False
8787,3495,86,2021-01-01,,True
8788,3496,130,2022-08-22,,True
8789,3496,136,2020-06-15,,True
8790,3496,125,2020-07-04,,True
8791,3496,13,2022-09-02,,True
8792,3496,138,2021-02-15,2022-02-19,False
8793,3498,138,2021-06-15,,True
8794,3498,35,2022-12-18,,True
8795,3498,80,2022-09-05,2024-09-28,False
8796,3498,105,2022-09-01,,True
8797,3501,133,2020-11-11,,True
8798,3501,69,2022-02-19,,True
8799,3501,138,2022-06-07,2023-11-14,False
8800,3501,30,2021-09-16,2023-04-01,False
8801,3501,79,2020-08-26,,True
8802,3502,128,2023-02-18,,True
8803,3502,26,2022-12-15,2025-06-17,False
8804,3502,119,2022-02-17,2024-11-02,False
8805,3502,113,2020-10-07,,True
8806,3503,35,2021-01-03,,True
8807,3503,136,2021-12-14,,True
8808,3503,138,2020-10-30,,True
8809,3503,115,2023-03-03,2025-11-22,False
8810,3503,107,2022-03-02,,True
8811,3504,35,2020-09-11,,True
8812,3504,66,2021-01-26,,True
8813,3505,133,2020-09-28,,True
8814,3505,130,2022-11-08,,True
8815,3505,114,2021-06-10,,True
8816,3505,138,2022-01-12,,True
8817,3505,54,2020-06-10,,True
8818,3506,30,2020-01-19,,True
8819,3506,135,2023-01-20,2024-03-29,False
8820,3507,105,2020-06-29,,True
8821,3507,42,2021-05-19,,True
8822,3507,114,2022-10-15,,True
8823,3507,30,2022-03-07,,True
8824,3508,3,2022-02-13,,True
8825,3508,92,2021-02-26,,True
8826,3508,23,2020-08-08,,True
8827,3508,55,2020-07-10,,True
8828,3508,107,2022-05-26,,True
8829,3509,30,2022-07-10,,True
8830,3509,28,2020-05-19,,True
8831,3509,21,2021-05-23,,True
8832,3509,31,2022-11-21,,True
8833,3510,135,2020-01-27,,True
8834,3510,30,2022-10-09,,True
8835,3510,23,2023-04-12,,True
8836,3510,35,2020-11-29,,True
8837,3510,4,2022-07-09,,True
8838,3512,136,2020-09-19,,True
8839,3512,135,2020-02-27,,True
8840,3512,28,2022-10-23,,True
8841,3512,114,2022-03-27,2024-01-21,False
8842,3512,107,2020-11-18,,True
8843,3515,135,2023-02-08,,True
8844,3515,114,2021-02-21,,True
8845,3515,150,2020-01-01,,True
8846,3516,35,2021-11-14,,True
8847,3516,135,2021-08-01,,True
8848,3516,52,2020-04-02,,True
8849,3516,30,2020-01-03,2022-02-26,False
8850,3517,99,2020-06-04,2022-06-08,False
8851,3517,86,2022-05-29,,True
8852,3517,105,2021-10-17,2023-06-24,False
8853,3517,23,2020-09-22,2022-07-12,False
8854,3518,44,2021-07-15,2022-11-15,False
8855,3518,136,2020-07-14,2023-02-14,False
8856,3518,114,2021-07-29,,True
8857,3518,107,2020-01-04,,True
8858,3518,122,2022-06-19,,True
8859,3519,73,2021-08-09,,True
8860,3519,30,2021-09-09,,True
8861,3519,23,2022-08-15,,True
8862,3519,22,2022-01-30,,True
8863,3519,105,2021-12-30,,True
8864,3519,42,2021-11-25,,True
8865,3520,42,2021-02-16,,True
8866,3520,107,2022-11-30,,True
8867,3520,114,2022-10-23,,True
8868,3520,23,2020-10-23,,True
8869,3520,103,2020-05-15,,True
8870,3521,47,2021-08-10,,True
8871,3521,137,2020-08-15,2022-10-13,False
8872,3521,29,2021-07-29,,True
8873,3521,114,2020-07-21,,True
8874,3521,25,2020-09-05,,True
8875,3521,80,2021-07-06,2022-11-05,False
8876,3523,35,2022-10-05,,True
8877,3523,105,2021-11-11,,True
8878,3523,107,2022-05-19,2024-02-04,False
8879,3523,136,2022-05-27,,True
8880,3523,94,2021-04-25,,True
8881,3523,138,2023-03-23,,True
8882,3527,147,2021-08-28,,True
8883,3527,95,2022-08-15,,True
8884,3527,33,2022-01-25,,True
8885,3528,150,2022-12-07,,True
8886,3528,138,2020-04-06,,True
8887,3528,135,2022-04-09,2024-07-15,False
8888,3528,114,2021-08-06,,True
8889,3529,42,2023-04-09,,True
8890,3529,72,2021-07-27,,True
8891,3529,30,2021-04-11,,True
8892,3529,35,2021-05-18,,True
8893,3530,113,2022-08-31,,True
8894,3530,42,2021-04-22,,True
8895,3530,36,2020-05-27,,True
8896,3531,104,2020-08-26,,True
8897,3531,114,2020-06-09,2022-10-31,False
8898,3531,105,2021-01-11,,True
8899,3531,23,2020-01-19,,True
8900,3531,41,2022-09-30,2024-06-30,False
8901,3532,87,2022-04-13,,True
8902,3532,114,2020-10-22,,True
8903,3532,136,2021-10-06,,True
8904,3532,135,2021-09-24,,True
8905,3532,103,2020-03-01,,True
8906,3533,30,2023-03-02,,True
8907,3533,42,2020-11-16,,True
8908,3533,135,2022-08-13,,True
8909,3533,35,2021-12-22,,True
8910,3534,35,2020-06-28,,True
8911,3534,138,2021-07-10,,True
8912,3534,107,2021-04-19,,True
8913,3535,28,2021-08-23,,True
8914,3535,98,2022-06-23,,True
8915,3535,144,2020-10-27,,True
8916,3535,135,2022-11-18,,True
8917,3536,67,2021-12-17,2024-02-17,False
8918,3536,28,2022-02-16,,True
8919,3536,52,2021-10-01,,True
8920,3536,119,2021-03-30,,True
8921,3536,43,2021-03-23,,True
8922,3536,96,2022-01-12,,True
8923,3537,107,2020-10-16,,True
8924,3537,42,2020-06-21,2022-03-06,False
8925,3537,23,2022-01-02,2023-07-29,False
8926,3537,136,2023-03-23,,True
8927,3538,106,2021-11-10,,True
8928,3538,98,2021-10-03,,True
8929,3538,96,2020-05-05,2022-02-01,False
8930,3539,135,2020-11-20,,True
8931,3539,23,2023-03-01,,True
8932,3539,107,2020-10-08,,True
8933,3539,35,2021-10-13,,True
8934,3540,107,2021-08-23,,True
8935,3540,42,2023-02-26,,True
8936,3540,85,2021-10-01,,True
8937,3542,82,2020-09-26,,True
8938,3542,105,2020-05-20,2021-07-26,False
8939,3542,14,2021-08-14,2023-08-20,False
8940,3542,116,2021-03-11,,True
8941,3542,135,2022-02-20,,True
8942,3543,107,2022-08-27,,True
8943,3543,39,2022-02-05,,True
8944,3543,136,2022-06-20,2025-04-27,False
8945,3543,138,2021-12-29,,True
8946,3544,30,2021-10-02,,True
8947,3544,114,2022-06-02,,True
8948,3544,3,2020-12-03,,True
8949,3544,107,2021-08-20,2024-06-29,False
8950,3546,135,2022-05-02,2025-03-01,False
8951,3546,107,2020-06-13,2021-12-31,False
8952,3546,76,2021-07-09,,True
8953,3546,1,2022-08-17,,True
8954,3547,42,2021-01-26,,True
8955,3547,107,2020-06-02,,True
8956,3547,29,2021-10-24,2024-06-30,False
8957,3547,90,2021-12-02,,True
8958,3549,107,2023-03-17,,True
8959,3549,124,2020-08-30,,True
8960,3549,23,2022-11-13,2025-09-10,False
8961,3549,96,2022-11-16,,True
8962,3553,10,2020-01-07,,True
8963,3553,78,2021-03-24,,True
8964,3553,13,2021-11-24,,True
8965,3553,90,2020-11-26,,True
8966,3553,20,2021-11-02,,True
8967,3554,136,2021-08-02,,True
8968,3554,35,2022-06-17,,True
8969,3554,25,2020-08-06,,True
8970,3555,138,2020-03-08,,True
8971,3555,108,2022-04-20,2024-05-17,False
8972,3555,32,2021-10-27,,True
8973,3555,83,2022-07-30,,True
8974,3555,23,2022-04-17,,True
8975,3557,114,2021-07-17,,True
8976,3557,100,2020-05-01,,True
8977,3557,105,2020-03-20,,True
8978,3561,110,2021-08-14,2024-07-17,False
8979,3561,138,2022-09-11,,True
8980,3561,107,2021-07-24,2022-08-09,False
8981,3563,138,2020-01-06,2021-10-19,False
8982,3563,114,2020-09-18,,True
8983,3563,6,2022-01-11,,True
8984,3565,114,2023-03-11,2024-05-21,False
8985,3565,107,2020-01-15,,True
8986,3565,30,2023-02-23,2025-04-11,False
8987,3565,42,2020-02-14,2022-04-05,False
8988,3566,105,2020-09-29,,True
8989,3566,107,2021-05-15,,True
8990,3566,30,2020-12-14,,True
8991,3566,124,2022-03-26,2024-03-27,False
8992,3566,118,2020-07-16,,True
8993,3566,120,2020-01-29,,True
8994,3567,42,2020-10-11,,True
8995,3567,95,2020-01-21,,True
8996,3567,114,2021-08-27,,True
8997,3567,136,2023-01-07,,True
8998,3567,58,2021-09-27,,True
8999,3569,42,2020-02-15,,True
9000,3569,70,2020-09-02,,True
9001,3569,125,2022-03-07,,True
9002,3570,138,2022-07-23,,True
9003,3570,85,2021-05-19,2023-08-11,False
9004,3570,136,2020-04-12,2022-06-24,False
9005,3570,107,2022-12-16,,True
9006,3570,135,2021-07-06,,True
9007,3571,105,2022-12-24,2025-01-14,False
9008,3571,43,2020-09-09,,True
9009,3571,23,2021-09-28,2023-06-11,False
9010,3572,57,2021-06-19,2022-10-30,False
9011,3572,35,2021-09-29,,True
9012,3572,23,2020-06-11,,True
9013,3572,88,2020-01-20,,True
9014,3572,5,2022-08-10,,True
9015,3573,142,2020-02-19,2022-06-24,False
9016,3573,35,2020-02-04,2021-02-20,False
9017,3573,105,2021-02-28,,True
9018,3573,23,2021-08-27,,True
9019,3573,54,2021-01-26,,True
9020,3574,139,2022-09-29,2025-04-08,False
9021,3574,136,2021-06-29,2022-06-30,False
9022,3574,138,2022-06-11,,True
9023,3576,136,2021-10-22,,True
9024,3576,105,2020-05-21,,True
9025,3576,110,2022-04-01,,True
9026,3576,43,2020-06-18,,True
9027,3577,135,2020-08-08,,True
9028,3577,71,2020-01-01,,True
9029,3577,5,2022-03-28,,True
9030,3577,105,2023-03-18,2025-11-09,False
9031,3577,114,2021-09-21,,True
9032,3577,138,2023-01-29,,True
9033,3579,137,2020-10-18,,True
9034,3579,23,2022-06-18,,True
9035,3580,80,2021-07-29,,True
9036,3580,136,2023-02-23,,True
9037,3580,135,2020-08-02,,True
9038,3581,101,2022-01-14,,True
9039,3581,57,2022-07-29,,True
9040,3581,42,2022-05-12,,True
9041,3581,136,2022-07-12,,True
9042,3581,23,2021-10-23,,True
9043,3581,9,2020-03-15,,True
9044,3585,30,2021-11-08,,True
9045,3585,138,2021-09-06,,True
9046,3585,46,2022-01-26,,True
9047,3586,30,2022-09-05,,True
9048,3586,58,2021-04-04,,True
9049,3586,135,2022-04-28,,True
9050,3587,107,2021-05-20,,True
9051,3587,112,2020-09-10,,True
9052,3587,138,2020-11-04,,True
9053,3588,42,2022-10-15,,True
9054,3588,14,2021-10-16,,True
9055,3588,135,2021-02-19,,True
9056,3588,114,2021-11-05,,True
9057,3588,88,2020-07-24,,True
9058,3588,51,2020-08-01,,True
9059,3589,107,2020-10-15,,True
9060,3589,105,2022-07-20,,True
9061,3589,80,2021-05-22,,True
9062,3589,135,2022-12-17,2025-11-05,False
9063,3591,30,2020-12-05,,True
9064,3591,66,2021-01-28,,True
9065,3591,105,2020-09-11,,True
9066,3592,108,2021-08-17,,True
9067,3592,96,2023-03-24,,True
9068,3592,113,2021-06-07,,True
9069,3592,45,2021-10-29,,True
9070,3592,26,2020-01-25,,True
9071,3594,23,2020-07-06,2022-03-29,False
9072,3594,114,2021-05-13,2023-06-02,False
9073,3594,42,2021-11-12,2023-03-14,False
9074,3594,30,2020-05-05,2021-07-30,False
9075,3594,35,2021-02-19,,True
9076,3597,62,2021-07-31,2024-02-05,False
9077,3597,33,2022-07-16,,True
9078,3597,124,2021-03-07,,True
9079,3599,8,2022-05-30,,True
9080,3599,30,2022-01-03,,True
9081,3599,35,2021-12-30,,True
9082,3599,136,2020-12-28,,True
9083,3599,105,2022-08-09,,True
9084,3600,138,2021-04-20,2022-09-05,False
9085,3600,35,2021-08-09,,True
9086,3602,93,2020-12-17,2022-03-07,False
9087,3602,30,2022-05-08,,True
9088,3602,135,2022-10-21,,True
9089,3612,24,2022-01-17,,True
9090,3612,39,2021-08-30,,True
9091,3612,19,2020-08-14,2023-02-21,False
9092,3612,143,2020-03-19,,True
9093,3612,38,2020-12-31,,True
9094,3618,123,2020-04-24,,True
9095,3618,51,2022-08-31,,True
9096,3618,122,2021-04-16,,True
9097,3618,89,2022-02-20,,True
9098,3619,68,2022-03-02,,True
9099,3619,50,2020-01-09,,True
9100,3619,43,2022-11-19,,True
9101,3619,95,2021-01-01,,True
9102,3619,125,2020-05-18,,True
9103,3625,85,2021-08-13,,True
9104,3625,119,2020-08-14,,True
9105,3625,35,2021-10-14,,True
9106,3625,12,2021-10-03,2023-02-26,False
9107,3625,86,2022-02-05,,True
9108,3628,42,2020-03-24,2023-01-08,False
9109,3628,22,2020-07-08,,True
9110,3628,45,2022-08-16,,True
9111,3628,7,2020-03-04,,True
9112,3628,48,2020-09-24,,True
9113,3630,55,2021-04-11,,True
9114,3630,7,2022-06-23,,True
9115,3630,118,2022-12-03,2024-11-15,False
9116,3630,59,2023-01-29,2024-09-15,False
9117,3630,123,2022-07-09,2025-03-15,False
9118,3641,35,2021-05-07,,True
9119,3641,78,2020-01-31,,True
9120,3641,1,2020-06-11,,True
9121,3679,39,2020-06-25,2021-09-27,False
9122,3679,61,2020-09-09,,True
9123,3679,30,2022-07-20,,True
9124,3679,22,2021-05-09,,True
9125,3679,44,2021-02-24,2023-08-01,False
9126,3679,70,2021-03-23,2022-04-15,False
9127,3680,56,2022-12-13,,True
9128,3680,136,2021-03-30,,True
9129,3680,114,2021-04-13,,True
9130,3680,42,2021-06-07,,True
9131,3680,30,2021-03-27,,True
9132,3681,30,2021-04-12,,True
9133,3681,99,2020-12-21,,True
9134,3681,34,2023-03-10,,True
9135,3681,22,2021-03-08,,True
9136,3682,34,2021-05-15,,True
9137,3682,91,2022-07-12,,True
9138,3682,146,2022-01-20,,True
9139,3683,137,2020-07-24,,True
9140,3683,9,2020-02-03,,True
9141,3683,143,2020-07-06,2022-09-04,False
9142,3683,135,2021-09-25,,True
9143,3684,35,2020-01-24,,True
9144,3684,30,2020-03-17,,True
9145,3685,146,2021-07-13,,True
9146,3685,75,2020-04-11,,True
9147,3685,102,2020-03-30,,True
9148,3685,83,2022-12-11,,True
9149,3685,71,2021-08-29,,True
9150,3686,71,2022-05-12,2024-08-27,False
9151,3686,62,2022-08-15,,True
9152,3686,22,2021-04-08,,True
9153,3686,118,2022-09-30,,True
9154,3686,61,2021-01-02,,True
9155,3687,83,2021-03-30,,True
9156,3687,20,2020-03-02,,True
9157,3687,7,2021-08-11,,True
9158,3687,61,2022-07-22,,True
9159,3689,44,2021-10-30,2024-06-18,False
9160,3689,45,2022-09-06,2025-07-05,False
9161,3689,61,2022-01-30,2024-11-26,False
9162,3689,100,2020-02-04,,True
9163,3690,18,2020-02-10,,True
9164,3690,27,2020-08-09,,True
9165,3690,129,2022-03-09,,True
9166,3691,20,2020-11-12,,True
9167,3691,48,2023-03-26,,True
9168,3691,143,2022-03-16,2023-11-24,False
9169,3698,100,2020-09-30,,True
9170,3698,19,2020-07-16,,True
9171,3698,61,2021-03-21,,True
9172,3698,7,2022-11-21,,True
9173,3698,34,2020-05-23,2021-07-16,False
9174,3699,44,2022-08-20,,True
9175,3699,34,2021-11-21,,True
9176,3699,24,2020-11-26,,True
9177,3699,61,2022-10-12,2024-03-24,False
9178,3699,7,2020-03-29,,True
9179,3700,10,2022-12-11,,True
9180,3700,76,2021-04-17,,True
9181,3700,46,2022-04-04,2024-08-10,False
9182,3700,79,2022-05-19,,True
9183,3700,41,2022-01-26,,True
9184,3701,41,2022-10-31,,True
9185,3701,145,2020-10-18,,True
9186,3701,89,2020-08-31,,True
9187,3701,115,2021-12-28,,True
9188,3703,145,2020-04-06,,True
9189,3703,115,2022-10-03,,True
9190,3703,37,2020-05-12,,True
9191,3704,10,2022-11-23,,True
9192,3704,38,2021-03-07,,True
9193,3704,41,2022-01-17,,True
9194,3704,54,2022-01-12,,True
9195,3704,115,2021-01-17,2022-10-27,False
9196,3704,72,2020-10-09,,True
9197,3706,115,2021-09-28,,True
9198,3706,74,2022-03-20,2024-05-08,False
9199,3706,111,2021-10-31,,True
9200,3707,46,2021-06-29,,True
9201,3707,74,2021-08-09,2024-05-04,False
9202,3707,121,2021-08-08,2023-10-11,False
9203,3707,10,2022-04-26,,True
9204,3707,41,2020-10-14,,True
9205,3709,46,2021-08-15,2024-02-24,False
9206,3709,54,2020-09-21,,True
9207,3709,37,2020-08-07,,True
9208,3709,10,2022-09-27,,True
9209,3710,76,2021-05-18,,True
9210,3710,97,2021-05-06,,True
9211,3710,54,2022-12-10,,True
9212,3710,74,2021-07-06,,True
9213,3710,37,2020-02-05,,True
9214,3710,115,2021-12-15,,True
9215,3711,54,2020-11-10,,True
9216,3711,76,2021-01-24,,True
9217,3716,73,2022-11-19,2024-09-01,False
9218,3716,41,2020-04-19,,True
9219,3716,58,2023-03-31,2025-09-13,False
9220,3718,74,2022-06-08,,True
9221,3718,76,2021-06-28,,True
9222,3718,54,2022-02-23,,True
9223,3718,41,2020-08-03,,True
9224,3719,29,2022-10-18,,True
9225,3719,46,2021-07-12,,True
9226,3719,41,2022-10-16,,True
9227,3719,121,2020-01-25,2021-08-01,False
9228,3723,121,2021-08-12,,True
9229,3723,10,2022-12-02,,True
9230,3723,46,2021-08-26,,True
9231,3724,46,2021-10-25,,True
9232,3724,41,2020-12-19,2023-12-06,False
9233,3724,54,2022-04-06,,True
9234,3725,76,2023-03-25,2024-06-16,False
9235,3725,121,2020-06-14,2022-06-03,False
9236,3725,77,2020-09-14,2022-06-12,False
9237,3725,37,2021-03-10,,True
9238,3725,54,2021-10-21,,True
9239,3727,54,2021-12-31,,True
9240,3727,6,2022-11-17,2024-07-08,False
9241,3727,89,2022-03-11,2023-07-19,False
9242,3727,41,2022-11-25,2024-07-01,False
9243,3727,121,2020-04-04,,True
9244,3729,37,2021-10-29,,True
9245,3729,54,2022-02-03,,True
9246,3729,76,2021-06-12,,True
9247,3729,74,2021-09-24,2023-10-23,False
9248,3729,115,2021-07-28,2022-10-21,False
9249,3731,115,2023-01-18,2025-08-13,False
9250,3731,124,2021-05-10,,True
9251,3731,54,2020-12-11,,True
9252,3731,76,2022-06-05,,True
9253,3732,23,2021-03-11,2023-07-21,False
9254,3732,138,2021-12-27,,True
9255,3733,27,2020-08-16,,True
9256,3733,46,2022-11-17,2025-03-03,False
9257,3733,115,2020-11-15,,True
9258,3733,70,2020-08-08,,True
9259,3736,76,2022-08-23,,True
9260,3736,28,2022-04-05,,True
9261,3736,121,2021-09-21,,True
9262,3736,99,2020-04-15,,True
9263,3736,37,2021-10-13,2024-02-09,False
9264,3737,76,2020-12-30,,True
9265,3737,43,2021-05-22,,True
9266,3737,53,2020-07-11,,True
9267,3737,41,2022-05-26,,True
9268,3738,26,2021-07-14,2024-03-01,False
9269,3738,37,2020-11-18,,True
9270,3738,10,2022-08-03,2024-02-27,False
9271,3740,146,2021-09-24,2023-02-03,False
9272,3740,121,2021-03-08,2023-05-04,False
9273,3740,128,2022-05-13,,True
9274,3741,118,2021-05-17,2024-04-18,False
9275,3741,121,2020-05-29,2021-06-26,False
9276,3741,41,2020-11-21,,True
9277,3741,100,2022-10-30,,True
9278,3742,46,2022-05-02,,True
9279,3742,130,2022-06-07,,True
9280,3742,54,2020-08-11,,True
9281,3743,10,2021-10-20,,True
9282,3743,46,2022-01-23,,True
9283,3743,76,2020-09-20,,True
9284,3745,54,2023-02-12,,True
9285,3745,10,2020-12-29,,True
9286,3745,91,2022-11-24,,True
9287,3745,16,2021-03-01,2023-05-25,False
9288,3745,72,2022-11-25,2024-01-15,False
9289,3746,10,2021-12-15,,True
9290,3746,121,2023-01-27,,True
9291,3746,64,2021-02-24,,True
9292,3746,37,2020-01-22,2022-04-29,False
9293,3747,41,2020-06-10,,True
9294,3747,46,2022-11-26,2024-05-20,False
9295,3747,117,2020-06-25,,True
9296,3747,10,2021-11-17,,True
9297,3747,54,2023-02-13,2024-10-19,False
9298,3749,46,2022-06-26,,True
9299,3749,66,2021-11-20,,True
9300,3749,27,2022-02-01,,True
9301,3749,10,2022-05-28,2024-08-08,False
9302,3749,33,2020-09-09,2022-04-04,False
9303,3749,115,2020-07-25,,True
9304,3753,10,2023-01-11,,True
9305,3753,37,2021-02-07,,True
9306,3753,140,2021-01-27,,True
9307,3754,37,2021-04-25,,True
9308,3754,46,2021-05-14,,True
9309,3754,113,2020-06-23,2023-01-24,False
9310,3755,9,2020-03-09,,True
9311,3755,54,2020-02-01,,True
9312,3755,37,2021-05-29,,True
9313,3756,143,2021-04-01,2024-02-09,False
9314,3756,54,2020-04-20,,True
9315,3756,41,2021-07-06,,True
9316,3756,74,2023-04-09,,True
9317,3761,72,2020-05-03,,True
9318,3761,149,2021-01-01,,True
9319,3761,26,2022-03-25,,True
9320,3762,54,2022-01-16,,True
9321,3762,74,2021-12-29,,True
9322,3762,115,2021-07-08,,True
9323,3762,121,2020-07-29,,True
9324,3764,74,2023-02-15,,True
9325,3764,46,2020-08-18,2022-01-13,False
9326,3764,16,2022-10-06,2024-07-22,False
9327,3764,76,2022-04-23,,True
9328,3765,10,2022-07-09,,True
9329,3765,39,2020-03-15,2022-12-16,False
9330,3765,115,2021-05-08,,True
9331,3767,41,2023-02-24,,True
9332,3767,10,2022-08-14,,True
9333,3767,37,2020-04-01,,True
9334,3767,115,2021-08-02,2023-12-13,False
9335,3768,121,2022-01-16,,True
9336,3768,74,2021-12-02,,True
9337,3768,67,2020-06-07,,True
9338,3768,10,2021-02-17,,True
9339,3771,41,2020-10-20,,True
9340,3771,131,2021-12-20,,True
9341,3771,10,2022-08-29,,True
9342,3771,105,2020-01-31,2022-02-26,False
9343,3771,37,2022-09-01,,True
9344,3771,115,2022-07-18,,True
9345,3772,16,2021-07-27,,True
9346,3772,5,2021-05-06,,True
9347,3772,74,2021-01-21,2022-11-23,False
9348,3772,109,2020-10-12,,True
9349,3772,46,2020-04-18,,True
9350,3776,115,2020-06-05,2021-06-22,False
9351,3776,132,2020-09-13,,True
9352,3776,46,2021-05-04,,True
9353,3776,79,2021-01-18,2022-03-01,False
9354,3776,76,2020-05-12,,True
9355,3776,143,2020-10-12,2021-11-30,False
9356,3778,74,2021-12-17,,True
9357,3778,115,2021-07-16,,True
9358,3778,41,2020-03-02,,True
9359,3779,54,2022-06-16,,True
9360,3779,76,2022-10-31,,True
9361,3779,141,2022-08-02,,True
9362,3783,76,2020-06-25,,True
9363,3783,10,2021-09-07,,True
9364,3783,46,2022-02-07,,True
9365,3784,41,2022-10-28,,True
9366,3784,61,2021-10-06,,True
9367,3784,76,2022-09-29,,True
9368,3784,74,2022-03-28,,True
9369,3784,77,2022-09-29,,True
9370,3784,108,2023-02-01,,True
9371,3785,76,2022-10-18,,True
9372,3785,53,2020-11-23,2023-06-19,False
9373,3785,143,2020-10-03,,True
9374,3788,37,2020-06-18,2022-11-27,False
9375,3788,78,2021-09-04,,True
9376,3788,115,2022-12-12,,True
9377,3788,54,2023-03-29,2025-08-12,False
9378,3789,136,2020-06-22,2022-06-02,False
9379,3789,23,2021-11-20,,True
9380,3789,26,2021-11-04,,True
9381,3790,46,2020-04-26,,True
9382,3790,41,2022-04-21,,True
9383,3795,115,2021-01-04,,True
9384,3795,46,2022-09-16,,True
9385,3795,74,2022-07-11,2024-05-04,False
9386,3795,15,2022-08-14,,True
9387,3797,121,2022-10-30,,True
9388,3797,29,2022-02-01,,True
9389,3797,76,2020-05-20,2021-08-09,False
9390,3797,27,2021-03-21,,True
9391,3798,46,2022-10-11,2024-12-29,False
9392,3798,74,2020-07-13,,True
9393,3798,150,2021-11-01,,True
9394,3801,33,2022-11-08,,True
9395,3801,54,2020-02-03,,True
9396,3801,45,2021-09-26,,True
9397,3801,37,2020-12-25,,True
9398,3802,121,2021-06-02,,True
9399,3802,115,2022-12-31,,True
9400,3802,24,2020-12-04,,True
9401,3803,99,2020-10-05,,True
9402,3803,10,2021-12-06,,True
9403,3803,37,2022-02-26,,True
9404,3805,41,2021-11-30,,True
9405,3805,76,2021-01-10,,True
9406,3807,80,2021-04-12,,True
9407,3807,10,2021-04-12,,True
9408,3807,37,2021-06-11,2024-01-08,False
9409,3807,48,2022-10-09,,True
9410,3808,100,2022-11-02,,True
9411,3808,115,2020-05-23,2022-02-07,False
9412,3808,121,2021-09-14,,True
9413,3808,10,2021-10-05,,True
9414,3811,54,2021-12-22,,True
9415,3811,31,2023-04-08,,True
9416,3811,37,2021-10-10,,True
9417,3811,116,2021-05-19,,True
9418,3811,27,2020-06-19,,True
9419,3811,115,2020-10-15,2022-04-10,False
9420,3812,121,2022-08-13,2025-05-14,False
9421,3812,77,2021-02-15,,True
9422,3812,40,2021-07-18,,True
9423,3815,48,2023-02-13,2025-12-14,False
9424,3815,121,2020-12-07,,True
9425,3815,63,2020-12-25,,True
9426,3816,121,2023-01-08,,True
9427,3816,41,2020-06-27,2022-04-10,False
9428,3816,111,2020-11-03,,True
9429,3817,121,2021-12-22,,True
9430,3817,10,2023-01-09,,True
9431,3817,106,2020-12-05,,True
9432,3817,74,2022-01-04,,True
9433,3817,42,2020-05-04,2022-08-24,False
9434,3817,82,2020-06-18,2021-12-09,False
9435,3819,115,2020-03-21,2022-02-14,False
9436,3819,110,2021-07-31,,True
9437,3819,75,2021-08-11,,True
9438,3819,12,2021-10-17,2022-11-07,False
9439,3820,115,2020-09-16,2022-03-06,False
9440,3820,121,2020-06-20,,True
9441,3820,76,2021-12-21,2023-10-14,False
9442,3820,41,2021-10-27,,True
9443,3822,54,2023-03-27,,True
9444,3822,41,2021-09-06,,True
9445,3822,96,2020-03-23,,True
9446,3823,115,2021-07-01,,True
9447,3823,118,2021-04-08,2023-07-07,False
9448,3823,46,2022-05-29,,True
9449,3824,63,2023-03-11,,True
9450,3824,121,2021-02-16,,True
9451,3824,37,2020-02-13,2022-06-05,False
9452,3824,54,2022-09-07,,True
9453,3824,74,2022-03-29,2025-02-22,False
9454,3825,10,2023-02-13,,True
9455,3825,121,2021-03-16,,True
9456,3825,117,2021-11-02,,True
9457,3826,10,2021-04-25,,True
9458,3826,76,2023-02-10,,True
9459,3826,41,2022-01-02,2024-08-21,False
9460,3827,76,2021-03-04,,True
9461,3827,147,2022-01-31,,True
9462,3827,80,2022-09-07,,True
9463,3827,41,2023-04-07,,True
9464,3827,16,2023-01-07,2025-09-12,False
9465,3829,21,2022-05-25,,True
9466,3829,121,2022-10-06,,True
9467,3829,10,2020-02-24,,True
9468,3830,94,2020-12-19,2022-02-16,False
9469,3830,37,2023-01-04,,True
9470,3830,74,2022-01-27,,True
9471,3830,41,2022-07-31,,True
9472,3830,104,2023-02-16,,True
9473,3831,121,2020-08-24,,True
9474,3831,54,2022-08-30,,True
9475,3831,8,2020-07-30,,True
9476,3831,46,2020-11-02,,True
9477,3831,106,2022-08-12,,True
9478,3832,41,2023-03-03,,True
9479,3832,121,2021-08-29,,True
9480,3832,10,2022-12-21,,True
9481,3832,39,2020-11-21,,True
9482,3834,133,2020-11-18,2023-11-01,False
9483,3834,74,2020-12-25,,True
9484,3834,37,2022-10-15,,True
9485,3835,115,2022-09-26,,True
9486,3835,41,2022-12-24,,True
9487,3835,74,2021-12-11,,True
9488,3836,23,2021-08-22,,True
9489,3836,17,2022-12-17,2024-07-29,False
9490,3836,28,2020-08-30,2022-11-27,False
9491,3836,37,2020-10-21,,True
9492,3836,41,2020-04-12,,True
9493,3837,117,2021-05-03,,True
9494,3837,10,2023-03-30,,True
9495,3837,41,2022-12-07,,True
9496,3837,121,2023-03-14,2025-02-14,False
9497,3839,10,2022-09-24,,True
9498,3839,115,2021-03-09,,True
9499,3839,103,2022-06-06,2025-02-28,False
9500,3840,74,2021-01-17,,True
9501,3840,76,2020-08-25,,True
9502,3840,54,2022-10-02,,True
9503,3841,115,2020-02-26,,True
9504,3841,121,2021-06-28,2023-04-05,False
9505,3841,54,2022-02-26,2024-01-20,False
9506,3841,76,2021-11-06,,True
9507,3842,26,2022-09-08,,True
9508,3842,37,2020-04-27,,True
9509,3842,54,2022-10-02,,True
9510,3843,16,2020-02-23,,True
9511,3843,22,2023-03-18,,True
9512,3843,74,2022-07-31,,True
9513,3844,49,2021-12-05,2023-06-23,False
9514,3844,10,2021-10-05,,True
9515,3844,111,2021-12-26,,True
9516,3844,142,2021-05-15,,True
9517,3844,41,2022-04-20,,True
9518,3844,74,2020-08-23,,True
9519,3845,10,2020-10-02,2023-01-14,False
9520,3845,47,2021-06-06,,True
9521,3845,61,2021-04-06,,True
9522,3847,54,2021-07-24,,True
9523,3847,50,2020-11-08,,True
9524,3847,121,2020-05-21,,True
9525,3847,76,2022-01-01,,True
9526,3847,74,2023-01-01,,True
9527,3850,147,2021-01-05,,True
9528,3850,27,2021-02-27,,True
9529,3850,93,2020-12-21,,True
9530,3850,10,2020-06-27,,True
9531,3850,46,2020-11-27,,True
9532,3851,9,2020-01-31,,True
9533,3851,74,2021-09-02,,True
9534,3851,86,2021-06-29,2023-01-12,False
9535,3851,46,2023-02-13,2024-06-09,False
9536,3851,142,2021-04-08,2023-07-30,False
9537,3851,31,2023-04-08,,True
9538,3852,76,2023-04-11,,True
9539,3852,10,2021-07-06,2022-10-16,False
9540,3852,41,2022-04-05,,True
9541,3855,60,2021-10-03,,True
9542,3855,121,2022-01-23,,True
9543,3855,78,2020-10-28,2021-12-04,False
9544,3855,106,2022-06-07,,True
9545,3855,10,2022-12-10,,True
9546,3855,3,2023-03-19,2026-03-06,False
9547,3857,74,2021-02-27,,True
9548,3857,115,2020-08-20,,True
9549,3857,10,2022-10-24,,True
9550,3857,135,2023-03-01,,True
9551,3857,54,2022-10-10,,True
9552,3858,46,2022-01-22,2024-05-31,False
9553,3858,74,2021-10-26,,True
9554,3858,10,2020-05-08,,True
9555,3858,69,2021-01-19,,True
9556,3858,41,2020-09-08,,True
9557,3859,115,2020-03-08,,True
9558,3859,41,2020-09-26,2023-03-27,False
9559,3859,10,2020-09-04,,True
9560,3859,58,2022-09-11,2023-12-09,False
9561,3859,37,2022-02-25,,True
9562,3861,122,2022-11-02,2025-05-28,False
9563,3861,54,2023-03-22,,True
9564,3861,41,2022-08-31,,True
9565,3862,68,2022-09-11,2025-07-11,False
9566,3862,115,2021-03-16,,True
9567,3862,46,2021-06-28,,True
9568,3864,54,2021-11-05,,True
9569,3864,10,2020-07-13,2021-08-02,False
9570,3864,61,2023-01-08,,True
9571,3930,41,2021-11-23,,True
9572,3930,10,2022-06-22,,True
9573,3930,141,2022-09-17,,True
9574,3930,61,2022-09-23,,True
9575,3932,139,2021-01-09,,True
9576,3932,11,2022-11-13,,True
9577,3932,140,2021-12-04,,True
9578,3932,119,2020-05-20,,True
9579,3932,36,2020-06-07,,True
9580,3935,11,2020-08-28,2023-04-15,False
9581,3935,64,2021-09-04,,True
9582,3935,85,2021-11-26,,True
9583,3935,36,2021-10-29,2023-04-21,False
9584,3938,12,2020-02-22,,True
9585,3938,139,2023-01-03,,True
9586,3938,11,2020-11-16,,True
9587,3938,90,2020-01-11,2021-02-20,False
9588,3943,36,2021-09-10,,True
9589,3943,79,2022-04-14,,True
9590,3943,52,2020-04-04,,True
9591,3943,30,2020-08-02,,True
9592,3943,11,2023-04-04,,True
9593,3946,86,2022-02-11,,True
9594,3946,139,2022-06-20,,True
9595,3946,11,2022-04-17,,True
9596,3947,60,2022-09-23,,True
9597,3947,24,2022-05-07,,True
9598,3947,71,2020-10-11,,True
9599,3947,90,2022-10-28,,True
9600,3947,12,2022-10-14,,True
9601,3947,86,2020-01-13,,True
9602,3953,119,2022-07-02,,True
9603,3953,86,2023-02-12,,True
9604,3953,11,2022-06-16,,True
9605,3953,12,2021-11-07,,True
9606,3953,139,2022-06-25,2024-05-27,False
9607,3955,46,2021-11-25,2023-08-07,False
9608,3955,37,2020-01-14,,True
9609,3955,149,2021-09-11,,True
9610,3956,11,2022-08-04,2025-06-23,False
9611,3956,90,2022-05-13,2024-02-19,False
9612,3956,131,2021-02-11,,True
9613,3956,119,2022-12-22,,True
9614,3957,12,2021-12-27,2023-11-09,False
9615,3957,130,2021-12-13,,True
9616,3957,139,2022-08-29,,True
9617,3961,64,2020-05-30,,True
9618,3961,90,2020-12-23,2023-03-16,False
9619,3961,119,2020-06-02,,True
9620,3961,80,2020-02-04,,True
9621,3961,139,2021-11-18,,True
9622,3963,86,2021-02-09,,True
9623,3963,12,2021-10-27,,True
9624,3963,134,2020-06-24,,True
9625,3963,31,2022-05-02,2023-10-30,False
9626,3964,12,2022-07-18,,True
9627,3964,86,2020-11-12,,True
9628,3964,139,2021-05-08,,True
9629,3964,11,2021-05-14,2023-07-26,False
9630,3964,135,2020-05-02,,True
9631,3966,11,2021-12-07,,True
9632,3966,13,2021-02-10,2023-08-26,False
9633,3966,133,2021-04-14,,True
9634,3966,126,2021-08-03,,True
9635,3966,119,2021-06-12,,True
9636,3967,11,2022-09-05,,True
9637,3967,85,2022-11-12,2024-07-24,False
9638,3967,134,2022-06-23,2024-07-16,False
9639,3967,90,2020-03-12,,True
9640,3973,12,2022-08-13,2025-06-04,False
9641,3973,119,2021-06-28,,True
9642,3973,128,2022-02-15,,True
9643,3973,134,2020-07-17,,True
9644,3973,127,2020-05-11,,True
9645,3975,85,2022-09-06,2023-12-14,False
9646,3975,134,2021-12-23,,True
9647,3975,143,2020-02-19,,True
9648,3977,12,2021-07-07,,True
9649,3977,126,2021-06-10,,True
9650,3977,139,2023-04-07,,True
9651,3977,134,2020-01-19,,True
9652,3977,119,2023-01-29,,True
9653,3977,131,2020-11-29,,True
9654,3980,86,2020-11-09,,True
9655,3980,59,2020-03-27,2022-03-18,False
9656,3980,22,2021-01-03,,True
9657,3980,119,2022-07-07,,True
9658,3982,134,2022-02-03,,True
9659,3982,85,2020-03-11,2022-03-31,False
9660,3982,12,2023-02-25,,True
9661,3984,85,2023-03-07,2025-05-26,False
9662,3984,90,2021-03-28,,True
9663,3984,86,2020-12-25,,True
9664,3986,45,2021-07-13,,True
9665,3986,46,2020-07-05,2022-03-19,False
9666,3986,134,2021-03-01,2023-11-04,False
9667,3986,11,2022-07-31,,True
9668,3986,20,2020-03-18,,True
9669,3990,102,2021-10-29,,True
9670,3990,12,2020-05-09,,True
9671,3990,36,2022-02-26,,True
9672,3991,11,2022-02-22,,True
9673,3991,85,2020-08-31,,True
9674,3991,12,2021-09-24,,True
9675,3997,134,2022-11-14,,True
9676,3997,11,2022-03-30,,True
9677,3997,36,2020-06-26,,True
9678,4000,119,2020-10-01,2021-10-24,False
9679,4000,134,2020-08-26,,True
9680,4000,11,2020-06-09,2021-11-30,False
9681,4001,12,2021-10-02,2023-05-09,False
9682,4001,36,2021-12-20,,True
9683,4001,130,2020-08-25,,True
9684,4001,115,2021-06-04,,True
9685,4003,86,2020-10-22,,True
9686,4003,135,2023-01-01,,True
9687,4003,139,2022-05-17,,True
9688,4003,40,2022-08-01,2025-03-01,False
9689,4003,36,2021-12-28,,True
9690,4005,76,2020-12-18,,True
9691,4005,54,2021-06-28,,True
9692,4005,12,2020-10-28,2023-04-02,False
9693,4005,3,2020-03-19,,True
9694,4005,115,2020-04-14,,True
9695,4005,46,2022-11-18,,True
9696,4006,15,2020-04-14,,True
9697,4006,61,2022-02-28,,True
9698,4006,134,2022-07-25,,True
9699,4006,149,2020-04-27,,True
9700,4006,147,2021-03-16,2023-03-25,False
9701,4006,12,2022-09-06,,True
9702,4007,86,2022-02-25,2023-11-15,False
9703,4007,139,2021-01-09,,True
9704,4007,132,2021-05-14,2022-11-16,False
9705,4007,140,2022-06-22,2025-03-29,False
9706,4007,42,2022-04-25,,True
9707,4007,11,2021-02-17,,True
9708,4008,119,2022-09-03,2024-09-12,False
9709,4008,30,2021-10-04,,True
9710,4008,74,2020-02-10,,True
9711,4008,87,2021-08-27,,True
9712,4008,86,2020-12-25,,True
9713,4011,12,2020-02-08,,True
9714,4011,119,2021-12-02,2023-08-04,False
9715,4011,11,2020-05-03,,True
9716,4013,139,2021-04-05,,True
9717,4013,134,2020-09-17,,True
9718,4013,86,2021-01-25,,True
9719,4013,80,2022-01-31,,True
9720,4014,12,2022-02-28,,True
9721,4014,97,2022-04-05,,True
9722,4014,17,2020-11-25,,True
9723,4014,139,2021-01-03,,True
9724,4014,11,2020-08-03,,True
9725,4016,115,2021-04-22,,True
9726,4016,121,2022-11-09,,True
9727,4016,10,2021-04-17,,True
9728,4016,77,2021-06-28,,True
9729,4017,139,2020-12-15,,True
9730,4017,119,2020-06-19,,True
9731,4017,55,2021-08-21,2023-07-15,False
9732,4017,12,2022-12-17,2024-05-03,False
9733,4018,85,2021-06-05,,True
9734,4018,118,2022-02-13,,True
9735,4019,121,2020-11-23,,True
9736,4019,11,2021-04-13,,True
9737,4019,86,2021-10-20,,True
9738,4019,56,2022-05-29,,True
9739,4020,90,2021-08-31,,True
9740,4020,65,2020-07-08,,True
9741,4020,12,2020-09-20,,True
9742,4020,106,2020-11-09,,True
9743,4021,134,2021-09-24,2024-02-15,False
9744,4021,18,2020-01-26,2022-12-05,False
9745,4021,70,2023-02-06,2024-10-11,False
9746,4022,86,2022-02-21,,True
9747,4022,90,2021-06-05,2023-02-09,False
9748,4022,25,2021-07-22,,True
9749,4022,139,2021-12-05,,True
9750,4023,11,2020-05-08,,True
9751,4023,17,2021-09-03,,True
9752,4023,36,2021-08-07,,True
9753,4026,136,2020-12-17,,True
9754,4026,11,2020-03-30,,True
9755,4026,114,2021-02-14,,True
9756,4026,119,2021-04-04,,True
9757,4026,139,2021-10-15,,True
9758,4026,62,2020-11-20,,True
9759,4027,119,2021-05-25,,True
9760,4027,86,2022-04-12,2023-08-03,False
9761,4027,61,2022-02-03,2023-04-12,False
9762,4027,70,2021-05-13,2023-02-22,False
9763,4027,12,2022-08-06,,True
9764,4028,90,2021-12-23,2024-10-05,False
9765,4028,86,2021-12-18,2023-11-24,False
9766,4028,119,2022-10-10,,True
9767,4028,12,2020-12-09,,True
9768,4028,14,2020-02-11,,True
9769,4029,138,2020-03-26,,True
9770,4029,11,2020-11-07,,True
9771,4029,36,2022-10-31,,True
9772,4029,119,2022-03-04,,True
9773,4030,50,2020-02-17,2021-10-23,False
9774,4030,31,2021-12-02,,True
9775,4030,86,2021-07-18,,True
9776,4030,36,2020-10-03,,True
9777,4032,64,2023-02-14,,True
9778,4032,139,2023-04-05,2025-09-28,False
9779,4032,86,2020-07-30,,True
9780,4034,84,2022-04-25,,True
9781,4034,11,2022-04-19,,True
9782,4034,119,2023-03-16,,True
9783,4034,139,2021-03-08,,True
9784,4034,117,2020-05-22,,True
9785,4034,85,2020-01-16,,True
9786,4035,85,2022-01-18,,True
9787,4035,119,2023-02-22,2025-06-09,False
9788,4035,129,2020-09-09,,True
9789,4036,119,2020-03-21,,True
9790,4036,63,2020-12-27,,True
9791,4036,36,2020-09-27,,True
9792,4036,85,2022-07-06,2025-03-12,False
9793,4036,139,2023-02-10,,True
9794,4037,86,2020-03-09,2023-03-01,False
9795,4037,134,2022-06-15,2025-02-14,False
9796,4046,119,2023-01-24,,True
9797,4046,95,2020-01-03,,True
9798,4046,36,2021-08-06,,True
9799,4047,46,2020-12-18,,True
9800,4047,112,2020-06-28,,True
9801,4047,86,2020-01-26,,True
9802,4047,81,2022-10-26,2023-12-09,False
9803,4047,88,2021-06-10,,True
9804,4047,36,2023-03-16,,True
9805,4050,146,2021-06-13,,True
9806,4050,28,2021-12-22,2023-08-24,False
9807,4050,72,2022-09-10,,True
9808,4050,139,2021-11-12,,True
9809,4050,90,2021-06-27,2024-06-12,False
9810,4052,86,2022-03-24,,True
9811,4052,75,2022-11-13,2025-09-16,False
9812,4052,6,2021-10-03,,True
9813,4053,12,2020-06-30,,True
9814,4053,134,2020-08-04,,True
9815,4053,36,2021-10-27,,True
9816,4054,139,2020-03-29,,True
9817,4054,141,2021-09-09,,True
9818,4054,109,2023-03-30,,True
9819,4054,86,2021-08-05,,True
9820,4054,10,2022-11-30,,True
9821,4054,90,2023-04-11,,True
9822,4100,61,2021-01-20,,True
9823,4100,138,2020-04-15,,True
9824,4100,102,2021-09-24,,True
9825,4100,44,2020-11-03,2023-01-16,False
9826,4100,71,2020-12-10,,True
9827,4101,81,2021-01-29,,True
9828,4101,39,2021-03-15,,True
9829,4101,123,2020-02-01,,True
9830,4104,117,2022-07-06,,True
9831,4104,136,2020-07-25,,True
9832,4104,111,2020-03-10,,True
9833,4104,90,2020-07-06,,True
9834,4105,25,2022-04-01,,True
9835,4105,80,2022-10-16,,True
9836,4105,150,2021-05-03,2022-07-02,False
9837,4105,30,2020-01-23,,True
9838,4107,50,2020-02-12,,True
9839,4107,81,2022-10-22,,True
9840,4107,6,2020-01-10,,True
9841,4108,14,2020-12-05,,True
9842,4108,67,2020-08-31,,True
9843,4108,33,2022-03-17,,True
9844,4108,25,2022-10-18,,True
9845,4108,94,2022-08-21,,True
9846,4108,50,2021-04-01,,True
9847,4109,60,2022-05-13,2024-12-15,False
9848,4109,40,2020-04-16,,True
9849,4109,12,2021-12-18,,True
9850,4111,51,2021-11-29,2024-04-30,False
9851,4111,18,2021-08-02,,True
9852,4112,90,2021-01-09,,True
9853,4112,88,2021-12-07,,True
9854,4112,12,2023-01-06,,True
9855,4116,18,2022-12-08,,True
9856,4116,34,2020-03-12,,True
9857,4116,102,2020-05-18,,True
9858,4116,13,2020-03-03,,True
9859,4117,67,2020-04-01,,True
9860,4117,149,2020-02-11,,True
9861,4117,3,2022-05-18,,True
9862,4118,35,2021-02-02,,True
9863,4118,135,2020-07-23,,True
9864,4118,114,2020-04-21,,True
9865,4118,136,2020-11-15,,True
9866,4118,42,2021-10-19,,True
9867,4119,6,2020-08-22,,True
9868,4119,145,2020-07-23,,True
9869,4119,82,2023-01-11,,True
9870,4119,146,2020-05-04,,True
9871,4121,15,2020-10-16,,True
9872,4121,64,2020-01-24,,True
9873,4121,111,2022-07-23,,True
9874,4121,38,2021-06-23,2024-03-19,False
9875,4122,89,2023-01-30,,True
9876,4122,18,2020-05-02,2021-10-18,False
9877,4122,7,2022-07-12,,True
9878,4122,141,2021-07-20,2022-08-31,False
9879,4123,65,2020-07-18,,True
9880,4123,122,2022-05-30,2024-09-07,False
9881,4123,80,2021-04-12,,True
9882,4125,21,2022-10-04,2025-07-01,False
9883,4125,17,2021-12-17,,True
9884,4125,150,2022-03-03,,True
9885,4125,38,2021-08-24,2023-10-16,False
9886,4126,81,2022-06-11,,True
9887,4126,51,2020-04-28,2022-05-03,False
9888,4126,27,2023-04-09,2024-11-17,False
9889,4126,49,2022-09-05,,True
9890,4126,57,2020-04-10,,True
9891,4126,138,2021-09-07,,True
9892,4129,44,2021-02-07,,True
9893,4129,112,2022-01-12,2023-11-29,False
9894,4129,149,2021-07-22,,True
9895,4129,131,2023-02-26,2024-07-10,False
9896,4129,29,2022-05-24,,True
9897,4130,150,2020-12-10,,True
9898,4130,81,2020-08-19,,True
9899,4130,4,2021-12-25,,True
9900,4131,36,2020-09-08,,True
9901,4131,134,2022-10-18,2024-06-20,False
9902,4131,139,2021-12-21,2023-08-11,False
9903,4131,90,2020-10-30,,True
9904,4131,73,2022-08-22,2023-12-10,False
9905,4131,11,2022-07-14,,True
9906,4132,42,2023-01-02,,True
9907,4132,30,2020-02-16,,True
9908,4132,50,2022-05-27,,True
9909,4132,36,2021-03-20,,True
9910,4133,61,2022-02-15,,True
9911,4133,140,2022-10-14,,True
9912,4133,22,2022-02-16,,True
9913,4134,117,2021-03-06,,True
9914,4134,44,2020-04-30,,True
9915,4134,62,2022-03-27,,True
9916,4134,17,2022-11-22,,True
9917,4134,98,2022-05-06,,True
9918,4134,148,2022-07-31,,True
9919,4135,135,2023-03-03,,True
9920,4135,23,2021-06-10,,True
9921,4135,35,2022-10-16,,True
9922,4135,33,2021-11-02,,True
9923,4135,107,2023-03-30,,True
9924,4136,35,2020-07-27,,True
9925,4136,105,2021-05-01,,True
9926,4136,119,2021-07-10,2023-08-10,False
9927,4136,136,2022-10-29,,True
9928,4136,23,2020-02-22,,True
9929,4136,107,2020-06-22,,True
9930,4138,47,2022-09-14,2024-04-11,False
9931,4138,78,2020-05-26,,True
9932,4138,108,2020-09-25,2022-07-10,False
9933,4140,127,2020-06-18,,True
9934,4140,71,2020-10-29,,True
9935,4140,130,2020-11-01,,True
9936,4140,118,2022-09-13,2025-05-21,False
9937,4140,44,2022-01-10,,True
9938,4141,99,2021-07-02,,True
9939,4141,103,2020-09-06,,True
9940,4141,150,2022-04-02,,True
9941,4141,21,2021-12-16,,True
9942,4141,39,2022-03-23,,True
9943,4143,114,2021-04-06,,True
9944,4143,42,2022-03-19,2023-12-23,False
9945,4143,136,2022-06-16,,True
9946,4143,135,2020-10-01,,True
9947,4143,107,2022-04-01,,True
9948,4144,92,2022-03-30,,True
9949,4144,75,2021-04-28,,True
9950,4144,149,2020-09-03,,True
9951,4144,29,2022-03-05,,True
9952,4145,36,2021-07-10,,True
9953,4145,65,2020-12-08,2023-03-16,False
9954,4145,101,2020-03-14,2022-01-25,False
9955,4145,147,2020-01-12,,True
9956,4146,31,2023-01-29,,True
9957,4146,69,2022-07-02,,True
9958,4146,118,2022-03-06,,True
9959,4146,22,2022-08-10,,True
9960,4147,35,2021-02-23,,True
9961,4147,42,2021-11-13,,True
9962,4147,135,2022-04-27,,True
9963,4147,138,2021-02-14,,True
9964,4149,78,2022-02-02,,True
9965,4149,1,2021-01-26,,True
9966,4150,1,2023-01-26,,True
9967,4150,60,2022-08-13,,True
9968,4150,52,2020-02-07,,True
9969,4150,117,2022-05-22,,True
9970,4151,102,2020-09-25,,True
9971,4151,71,2020-02-02,,True
9972,4151,69,2021-07-01,,True
9973,4151,81,2022-11-25,,True
9974,4151,118,2021-04-18,,True
9975,4151,19,2021-01-27,,True
9976,4154,107,2023-03-19,,True
9977,4154,145,2021-02-13,,True
9978,4154,9,2021-07-07,2023-06-14,False
9979,4154,91,2021-04-07,,True
9980,4154,95,2022-07-25,,True
9981,4156,7,2021-10-28,,True
9982,4156,71,2020-05-06,,True
9983,4156,87,2021-12-11,,True
9984,4156,102,2021-11-19,,True
9985,4157,102,2021-07-03,,True
9986,4157,100,2022-12-24,,True
9987,4157,71,2021-12-13,,True
9988,4158,106,2021-05-21,,True
9989,4158,78,2023-02-27,,True
9990,4158,52,2021-06-08,,True
9991,4160,120,2022-05-11,2024-01-07,False
9992,4160,31,2021-08-28,,True
9993,4204,83,2020-07-09,,True
9994,4204,22,2021-08-24,2022-11-10,False
9995,4204,71,2023-01-01,,True
9996,4205,7,2020-02-20,,True
9997,4205,27,2021-02-14,,True
9998,4205,118,2022-08-04,,True
9999,4205,100,2021-10-27,2023-11-24,False
10000,4205,44,2020-11-22,,True
10001,4205,83,2021-10-16,2023-08-15,False
10002,4207,79,2022-01-21,,True
10003,4207,44,2021-10-23,,True
10004,4207,114,2021-02-15,,True
10005,4207,100,2022-09-10,,True
10006,4208,71,2020-01-25,,True
10007,4208,35,2023-03-03,,True
10008,4208,40,2022-09-19,,True
10009,4208,118,2020-09-17,,True
10010,4209,123,2022-07-18,,True
10011,4209,28,2021-09-16,,True
10012,4209,34,2020-06-25,,True
10013,4211,137,2022-09-18,,True
10014,4211,78,2020-04-15,2023-01-30,False
10015,4211,76,2021-01-27,,True
10016,4211,117,2022-05-05,,True
10017,4212,135,2020-10-22,,True
10018,4212,15,2021-12-10,,True
10019,4212,23,2021-10-07,,True
10020,4212,42,2021-03-18,,True
10021,4217,134,2021-01-02,,True
10022,4217,12,2021-05-24,,True
10023,4217,119,2020-05-13,,True
10024,4217,71,2020-06-24,2022-06-15,False
10025,4217,11,2023-03-05,,True
10026,4217,2,2021-03-11,2023-02-20,False
10027,4218,13,2022-05-11,,True
10028,4218,20,2020-12-27,,True
10029,4218,31,2023-02-15,,True
10030,4218,8,2022-08-07,,True
10031,4218,148,2022-11-12,,True
10032,4223,80,2022-07-18,2023-12-18,False
10033,4223,62,2020-05-09,,True
10034,4223,147,2020-11-29,,True
10035,4223,128,2021-04-05,,True
10036,4226,131,2022-09-27,,True
10037,4226,92,2022-11-10,,True
10038,4226,34,2021-02-21,,True
10039,4226,122,2021-09-16,2023-01-08,False
10040,4226,64,2022-08-17,,True
10041,4226,81,2023-04-09,2025-12-07,False
10042,4227,49,2021-08-30,,True
10043,4227,56,2020-04-11,,True
10044,4227,86,2023-03-08,,True
10045,4227,138,2021-10-09,,True
10046,4228,33,2021-06-07,2023-03-12,False
10047,4228,83,2021-10-06,,True
10048,4228,80,2022-11-04,,True
10049,4228,19,2021-08-11,,True
10050,4228,107,2020-11-30,,True
10051,4229,100,2022-10-13,,True
10052,4229,54,2022-04-02,,True
10053,4229,71,2022-08-19,,True
10054,4229,118,2020-10-28,,True
10055,4229,61,2020-06-26,,True
10056,4230,38,2022-11-09,,True
10057,4230,24,2022-01-17,,True
10058,4230,99,2021-12-21,,True
10059,4535,88,2023-02-09,,True
10060,4535,55,2022-09-02,,True
10061,4535,101,2020-03-23,2022-06-03,False
10062,4535,8,2020-08-21,,True
10063,4535,134,2023-03-01,,True
10064,4541,56,2020-06-15,2022-04-22,False
10065,4541,14,2023-01-26,2024-02-19,False
10066,4541,8,2021-12-31,,True
10067,4541,42,2023-02-23,2025-06-05,False
10068,4543,118,2023-01-08,2025-04-30,False
10069,4543,94,2020-10-18,,True
10070,4543,44,2022-12-02,,True
10071,4543,16,2022-01-31,,True
10072,4543,89,2021-06-09,,True
10073,4545,127,2021-05-28,,True
10074,4545,52,2020-03-31,,True
10075,4545,68,2021-10-29,,True
10076,4545,82,2022-03-21,,True
10077,4545,18,2020-03-11,,True
10078,4546,118,2022-03-14,2024-01-25,False
10079,4546,7,2021-03-15,2022-05-17,False
10080,4546,66,2021-04-09,,True
10081,4546,75,2022-06-05,,True
10082,4547,66,2020-08-20,2022-09-13,False
10083,4547,60,2021-07-05,,True
10084,4547,9,2022-12-31,2024-11-29,False
10085,4547,14,2020-08-26,,True
10086,4547,141,2022-01-13,2024-04-09,False
10087,4548,22,2021-04-22,,True
10088,4548,118,2023-02-12,,True
10089,4548,102,2020-07-06,,True
10090,4549,105,2022-01-09,2024-06-10,False
10091,4549,82,2022-08-29,,True
10092,4549,73,2022-01-04,2024-06-02,False
10093,4549,78,2020-11-02,,True
10094,4550,48,2020-11-28,,True
10095,4550,7,2022-01-18,,True
10096,4550,45,2022-03-10,2023-09-22,False
10097,4550,124,2022-08-15,2025-07-29,False
10098,4550,30,2020-03-30,,True
10099,4552,9,2020-12-29,,True
10100,4552,34,2021-05-15,,True
10101,4552,68,2021-05-06,,True
10102,4559,146,2022-04-26,2023-10-20,False
10103,4559,110,2022-02-24,,True
10104,4559,94,2022-05-02,,True
10105,4559,14,2021-02-26,2022-12-29,False
10106,4560,141,2022-01-01,,True
10107,4560,24,2020-11-06,,True
10108,4560,28,2023-03-03,,True
10109,4560,58,2023-04-10,,True
10110,4566,100,2020-04-22,,True
10111,4566,147,2022-01-27,,True
10112,4566,61,2022-03-29,,True
10113,4566,35,2022-06-26,2025-01-18,False
10114,4566,83,2021-07-23,,True
10115,4566,135,2020-04-22,,True
10116,4582,143,2020-06-14,,True
10117,4582,3,2020-06-14,,True
10118,4582,59,2022-03-05,,True
10119,6070,131,2022-12-21,2025-06-18,False
10120,6070,55,2022-08-05,,True
10121,6109,71,2023-01-25,2024-09-01,False
10122,6109,34,2020-09-23,,True
10123,6109,115,2021-12-28,,True
10124,6109,102,2022-07-17,,True
10125,6110,131,2022-02-14,,True
10126,6110,15,2022-01-03,,True
10127,6110,28,2020-02-23,,True
10128,6111,134,2022-06-12,,True
10129,6111,15,2021-04-09,,True
10130,6111,90,2023-01-17,,True
10131,6111,139,2021-04-01,,True
10132,6111,12,2022-11-18,,True
10133,6113,7,2022-02-20,,True
10134,6113,126,2022-04-14,,True
10135,6116,115,2020-05-19,,True
10136,6116,46,2022-04-05,,True
10137,6116,37,2022-05-08,2024-10-23,False
10138,6116,114,2022-12-29,,True
10139,6116,121,2022-07-05,,True
10140,6116,76,2020-08-16,,True
10141,6117,7,2021-10-23,,True
10142,6117,78,2023-04-12,2025-12-17,False
10143,6117,127,2023-02-06,,True
10144,6117,82,2021-02-20,,True
10145,6117,117,2022-06-23,,True
10146,6118,49,2020-09-06,2022-09-14,False
10147,6118,51,2020-07-16,,True
10148,6118,122,2020-03-13,2021-08-01,False
10149,6118,31,2020-12-05,,True
10150,6118,81,2020-06-17,2022-08-15,False
10151,6119,15,2021-06-05,,True
10152,6119,85,2022-02-28,2024-08-01,False
10153,6119,6,2020-06-25,2022-01-18,False
10154,6119,33,2020-01-02,2021-07-14,False
10155,6119,38,2020-05-21,2023-02-07,False
10156,6119,50,2020-08-23,,True
10157,6124,13,2020-04-11,,True
10158,6124,124,2020-07-27,,True
10159,6125,67,2021-10-09,,True
10160,6125,20,2021-05-15,2023-03-16,False
10161,6125,124,2022-07-07,,True
10162,6125,101,2021-06-22,,True
10163,6125,55,2021-09-23,,True
10164,6126,59,2021-09-16,,True
10165,6126,147,2022-02-05,,True
10166,6126,78,2022-07-21,2025-05-07,False
10167,6127,82,2022-12-28,,True
10168,6127,78,2023-02-10,,True
10169,6127,127,2021-05-09,,True
10170,6128,107,2023-03-02,,True
10171,6128,95,2020-11-02,,True
10172,6128,78,2020-08-02,,True
10173,6128,127,2021-07-01,,True
10174,6741,71,2022-03-28,,True
10175,6741,81,2020-09-17,,True
10176,6741,83,2020-10-02,,True
10177,6741,22,2020-11-14,,True
10178,6742,112,2020-04-17,,True
10179,6742,149,2023-02-25,,True
10180,6742,24,2021-11-12,,True
10181,6759,118,2022-12-01,2024-06-26,False
10182,6759,34,2020-06-15,,True
10183,6759,13,2020-12-22,2022-02-14,False
10184,6759,44,2020-07-01,,True
10185,6759,102,2022-07-19,,True
10186,6760,61,2020-03-23,,True
10187,6760,83,2020-12-06,2023-03-28,False
10188,6760,34,2022-07-01,,True
10189,6760,118,2022-10-04,,True
10190,6760,92,2021-08-20,,True
10191,6763,98,2021-06-13,,True
10192,6763,61,2022-02-17,,True
10193,6763,100,2020-03-31,,True
10194,6763,57,2021-03-04,,True
10195,6783,74,2022-07-27,,True
10196,6783,115,2022-07-24,,True
10197,6783,121,2021-04-28,,True
10198,6788,44,2021-09-29,,True
10199,6788,83,2020-08-24,,True
10200,6788,97,2022-06-22,2023-10-27,False
10201,6788,79,2020-05-20,,True
10202,6920,34,2022-03-14,,True
10203,6920,32,2022-02-09,,True
10204,6920,61,2021-10-18,,True
10205,6920,102,2021-07-21,,True
10206,6921,83,2021-11-03,,True
10207,6921,7,2022-12-14,,True
10208,6921,27,2021-11-18,,True
10209,6922,44,2020-03-27,,True
10210,6922,7,2021-02-02,,True
10211,6929,7,2021-05-23,,True
10212,6929,83,2022-04-07,,True
10213,6929,118,2021-07-27,,True
10214,6929,22,2020-10-24,,True
10215,6929,147,2023-02-06,2025-12-10,False
10216,6930,83,2021-03-16,,True
10217,6930,7,2022-10-25,,True
10218,6930,110,2023-04-04,,True
10219,6930,34,2021-12-15,2023-06-23,False
10220,6930,44,2022-08-05,,True
10221,6932,91,2020-08-27,2023-07-22,False
10222,6932,61,2022-02-06,,True
10223,6932,83,2022-01-30,,True
10224,6937,100,2023-03-09,2024-11-12,False
10225,6937,10,2021-09-24,,True
10226,6937,40,2021-01-20,2022-04-27,False
10227,6939,44,2022-07-17,,True
10228,6939,34,2022-06-13,,True
10229,6939,7,2023-03-27,,True
10230,6939,56,2021-11-10,,True
10231,6940,128,2020-06-26,,True
10232,6940,24,2022-07-30,,True
10233,6940,58,2022-04-05,,True
10234,6940,26,2021-11-16,,True
10235,6940,136,2020-07-11,,True
10236,6941,17,2022-05-12,,True
10237,6941,40,2023-01-01,,True
10238,6941,140,2021-01-13,2022-09-28,False
10239,6941,21,2021-12-04,,True
10240,6941,19,2020-04-04,,True
10241,6944,22,2022-01-10,,True
10242,6944,83,2021-11-01,,True
10243,6944,137,2023-01-11,,True
10244,6944,44,2022-02-21,,True
10245,6944,26,2020-02-04,,True
10246,6945,62,2020-01-04,,True
10247,6945,52,2022-12-19,,True
10248,6945,7,2021-03-29,,True
10249,6945,40,2023-04-02,,True
10250,6946,50,2021-05-29,,True
10251,6946,44,2020-12-22,,True
10252,6946,83,2021-06-03,,True
10253,6947,24,2022-10-15,2024-07-28,False
10254,6947,22,2021-02-20,,True
10255,6947,7,2022-11-12,,True
10256,6947,77,2020-12-28,,True
10257,6947,61,2023-02-17,,True
10258,6948,137,2021-08-29,2023-05-22,False
10259,6948,34,2022-05-28,,True
10260,6948,82,2022-03-03,,True
10261,6955,47,2021-06-12,2022-07-09,False
10262,6955,34,2020-09-29,2023-04-22,False
10263,6955,53,2023-02-13,2025-05-12,False
10264,6955,71,2020-01-29,,True
10265,6955,135,2021-10-08,,True
10266,6955,83,2022-04-05,2023-08-18,False
10267,6959,121,2022-04-07,,True
10268,6959,86,2021-04-08,,True
10269,6959,83,2021-08-09,,True
10270,6959,71,2022-10-05,,True
10271,6960,61,2020-02-23,,True
10272,6960,102,2022-05-26,,True
10273,6960,104,2021-10-02,2022-12-21,False
10274,6960,118,2022-06-15,,True
10275,6962,145,2020-08-02,,True
10276,6962,131,2022-03-04,2024-02-13,False
10277,6962,112,2021-10-09,,True
10278,6962,149,2021-02-15,2022-04-03,False
10279,6962,54,2021-07-08,,True
10280,6963,106,2021-12-28,,True
10281,6963,131,2022-06-12,,True
10282,6963,29,2022-09-01,,True
10283,6967,42,2020-11-20,2023-10-20,False
10284,6967,94,2022-02-04,,True
10285,6967,136,2022-02-05,,True
10286,6967,114,2021-04-29,2024-04-07,False
10287,6967,11,2021-12-06,,True
10288,6967,138,2021-04-10,,True
10289,6975,89,2020-09-24,,True
10290,6975,48,2022-04-21,2023-12-08,False
10291,6975,113,2021-09-09,,True
10292,6976,118,2022-03-16,2023-03-17,False
10293,6976,68,2022-10-02,2024-07-07,False
10294,6976,103,2021-09-28,2024-02-23,False
10295,6976,99,2022-08-04,,True
10296,6977,71,2021-09-19,,True
10297,6977,118,2021-07-05,,True
10298,6977,7,2021-03-14,2022-05-07,False
10299,6977,102,2022-12-25,,True
10300,6977,22,2021-01-27,,True
10301,6978,134,2022-06-06,2025-05-29,False
10302,6978,45,2021-02-27,,True
10303,6978,44,2022-01-05,,True
10304,6978,93,2021-08-06,,True
10305,6980,135,2020-08-25,,True
10306,6980,23,2020-08-07,,True
10307,6980,107,2020-07-04,,True
10308,6980,30,2021-07-19,2023-07-09,False
